component,description,effective_domain_size,goshv,intersection_size,intersections,name,native,p_value,parents,precision,query,query_size,recall,significant,source,term_size,source_order,group_id
241,"""Any process that modulates the frequency, rate or extent of a biological process. Biological processes are regulated by many means; examples include the control of gene expression, protein modification or interaction with a protein or substrate molecule."" [GOC:ai, GOC:go_curators]",20206,22520,146,"[['IBA'], [], ['IMP', 'ISS', 'TAS', 'IEA'], ['IDA'], [], ['ISS', 'IBA', 'IEA'], ['IBA', 'TAS', 'NAS', 'IEA'], ['IBA', 'TAS', 'NAS', 'IEA'], ['IDA', 'ISS', 'IBA', 'TAS', 'IEA'], ['IDA', 'IMP', 'ISS'], ['IEA'], ['IEA'], ['IBA'], ['IDA', 'IBA', 'IEA'], ['IDA', 'IGI', 'IBA', 'IEA'], [], ['IBA', 'IEA'], ['IMP', 'IBA', 'TAS', 'NAS'], ['IEA'], [], ['TAS', 'IEA'], ['IBA'], [], ['IDA', 'IMP'], ['ISS', 'IEA'], ['ISS'], ['IBA'], [], ['IDA', 'IMP', 'ISS', 'IBA', 'TAS'], ['IDA', 'ISS', 'IBA', 'IEA'], ['IEA'], ['IBA', 'TAS', 'NAS', 'IEA'], ['IMP', 'ISS', 'IBA', 'IEA'], ['IMP', 'IBA', 'TAS', 'IEA'], ['IDA', 'IMP', 'IGI', 'ISS', 'IBA', 'NAS', 'IC', 'IEA'], ['IDA', 'ISS', 'IBA', 'IEA'], ['IMP', 'ISS'], ['TAS'], ['IDA', 'HMP', 'IBA', 'IEA'], ['IDA', 'IMP', 'ISS', 'IBA', 'TAS', 'IEA'], [], ['IDA'], ['IBA', 'IEA'], ['IDA', 'IMP', 'ISS', 'IBA', 'IEA'], ['IDA', 'IBA', 'IEA'], ['IDA', 'IMP', 'IBA', 'IEA'], [], [], [], ['IDA', 'ISS', 'IC', 'IEA'], [], ['IDA', 'IMP', 'IGI', 'ISS', 'TAS'], ['ISS', 'IEA'], [], ['IDA', 'IMP', 'ISS', 'IBA', 'IEA'], ['IBA', 'IEA'], [], ['IBA', 'IEA'], ['IDA', 'ISS', 'IBA', 'TAS', 'NAS', 'IEA'], ['IDA', 'TAS', 'IEA'], ['IBA', 'IEA'], ['IDA', 'IBA', 'IEA'], ['ISS', 'ISO', 'IBA', 'TAS', 'NAS', 'IEA'], ['IDA', 'ISS', 'IBA', 'TAS', 'IEA'], ['IDA', 'ISO', 'IBA', 'NAS', 'IEA'], ['IBA', 'TAS'], ['IDA', 'IBA', 'IEA'], ['IDA', 'ISS', 'IBA', 'IEA'], ['IDA', 'IMP', 'IBA', 'TAS', 'IEA'], ['IDA', 'IBA', 'IEA'], ['IDA', 'IMP', 'ISS', 'IBA', 'IEA'], ['IEA'], ['IDA', 'IBA', 'IEA'], ['IDA', 'IGI', 'ISS', 'IBA', 'IEA'], ['ISS', 'IBA', 'TAS', 'IEA'], ['IMP'], [], ['IDA', 'ISS', 'IBA', 'TAS'], ['ISS', 'IBA', 'IEA'], ['IBA'], [], ['IDA', 'ISS', 'IEA'], ['ISS'], ['IBA', 'IEA'], ['IBA', 'IEA'], ['IMP', 'IBA'], [], ['IBA', 'IEA'], ['ISS', 'IEA'], ['IDA', 'IMP', 'ISS', 'IBA', 'TAS', 'IC', 'IEA'], ['IEA'], ['IDA', 'ISS', 'IBA', 'IEA'], ['IBA', 'IEA'], ['IDA', 'IMP', 'ISS', 'IBA', 'NAS', 'IEA'], ['IDA', 'IBA', 'TAS'], ['IDA', 'IMP', 'IBA', 'IEA'], ['IBA', 'TAS', 'IEA'], ['IDA', 'IMP', 'IGI', 'ISS', 'IBA', 'IEA'], ['IDA', 'IMP', 'ISS', 'IBA', 'TAS', 'NAS', 'IEA'], [], ['IMP'], ['ISS', 'IEA'], ['IBA', 'IEA'], [], ['IBA', 'IEA'], ['IDA', 'ISS', 'IBA', 'IC', 'IEA'], ['ISS', 'IBA', 'TAS', 'IEA'], ['IBA', 'IEA'], ['IDA', 'IMP', 'ISS', 'IBA', 'TAS', 'IEA'], ['IDA', 'ISS', 'IBA', 'IEA'], [], [], ['IDA', 'IMP', 'ISS', 'IBA', 'TAS', 'IEA'], ['IDA', 'TAS'], ['TAS', 'NAS'], ['IDA', 'ISS', 'IBA', 'IEA'], [], [], ['IDA', 'IMP', 'ISS', 'IBA', 'TAS', 'IEA'], ['IEA'], ['IDA', 'IMP', 'IBA', 'TAS'], [], ['IEA'], ['IMP'], ['TAS'], [], ['IEA'], ['IBA', 'TAS', 'IEA'], [], ['IDA', 'NAS', 'IEA'], ['IDA', 'ISS', 'IEA'], ['ISS', 'NAS', 'IEA'], ['IDA', 'IMP', 'IBA', 'NAS'], ['IMP', 'ISS', 'IEA'], ['TAS', 'IEA'], ['IBA', 'TAS', 'IEA'], ['ISS', 'TAS', 'IEA'], ['IBA', 'TAS', 'IEA'], ['IMP', 'IBA', 'IEA'], ['IDA', 'IBA', 'IEA'], ['ISS', 'IBA', 'TAS', 'IEA'], ['IDA', 'IBA', 'NAS', 'IEA'], ['ISS'], ['IMP', 'IBA'], ['IDA', 'IMP', 'IBA', 'IEA'], ['IDA', 'IBA', 'IEA'], [], [], ['IBA', 'TAS', 'IEA'], ['IDA', 'ISS', 'IBA', 'IEA'], ['IBA', 'IEA'], ['ISS', 'IBA'], ['ISS', 'IEA'], ['IEA'], ['ISS', 'IEA'], ['IDA', 'IMP', 'IBA', 'IEA'], ['IBA', 'IEA'], ['IBA', 'IEA'], [], ['IDA', 'ISS', 'TAS', 'IEA'], [], ['IEA'], ['IDA', 'IBA', 'IEA'], ['ISS', 'IBA', 'IEA'], ['IDA', 'IBA', 'IEA'], [], ['TAS'], ['IDA', 'ISS', 'IBA', 'IEA'], ['IDA', 'IMP', 'ISS', 'IBA', 'NAS', 'IEA'], [], ['IDA', 'ISS', 'IBA', 'TAS', 'IEA'], ['IDA', 'IBA', 'TAS', 'IEA'], ['IBA', 'IEA'], [], [], ['IDA', 'IMP', 'ISS', 'IBA', 'NAS', 'IEA'], ['IDA', 'ISS', 'IBA'], ['IDA', 'ISS', 'IBA', 'TAS', 'IEA'], ['IBA']]",regulation of biological process,GO:0050789,3.814187469007342e-17,"['GO:0008150', 'GO:0065007']",0.8156424581005587,query_1,179,0.015056202949365783,True,GO:BP,9697,12397,1
3,"""Any process that mediates the transfer of information from one cell to another. This process includes signal transduction in the receiving cell and, where applicable, release of a ligand and any processes that actively facilitate its transport and presentation to the receiving cell. Examples include signaling via soluble ligands, via cell adhesion molecules and via gap junctions."" [GOC:dos, GOC:mah]",20206,12782,45,"[['IBA'], [], ['IMP', 'ISS', 'IEA'], [], [], [], [], [], ['ISS', 'IBA', 'TAS'], [], [], [], [], [], [], [], ['IEA'], ['IBA', 'TAS', 'NAS'], ['IEA'], [], [], [], [], [], [], [], ['IBA'], [], ['IDA', 'ISS', 'IBA'], ['ISS', 'IEA'], [], ['IBA', 'TAS', 'NAS'], [], ['IBA', 'TAS', 'IEA'], ['ISS', 'IBA', 'NAS', 'IC', 'IEA'], ['IEA'], [], [], [], ['IEA'], [], [], [], [], [], [], [], [], [], [], [], [], [], [], ['ISS', 'IEA'], [], [], [], ['IDA', 'ISS', 'IBA', 'TAS', 'NAS'], [], ['IBA'], [], ['ISS', 'ISO', 'IBA', 'TAS', 'NAS', 'IEA'], ['IBA', 'TAS', 'IEA'], ['ISO'], [], [], ['IBA', 'IEA'], ['IBA', 'TAS', 'IEA'], ['IBA', 'IEA'], [], ['IEA'], [], ['IDA'], ['IEA'], [], [], [], [], [], [], [], [], [], [], [], [], [], [], [], ['IEA'], [], ['IBA', 'IEA'], [], [], [], [], ['ISS'], ['ISS'], [], [], [], [], [], [], ['IDA', 'IC'], ['ISS', 'IEA'], [], [], [], [], [], ['IEA'], [], [], [], [], [], [], [], [], [], [], [], ['TAS'], [], [], [], [], [], [], ['IEA'], [], [], ['IEA'], [], ['ISS'], [], [], [], [], [], [], [], [], [], [], [], [], [], ['IBA'], ['ISS', 'IBA'], [], [], [], [], ['IBA', 'IEA'], [], [], ['IDA', 'ISS', 'TAS', 'IEA'], [], [], [], [], [], [], ['TAS'], ['ISS'], [], [], ['ISS'], [], ['IEA'], [], [], [], [], [], []]",cell-cell signaling,GO:0007267,1.6723043159951275e-14,"['GO:0007154', 'GO:0023052']",0.25139664804469275,query_1,179,0.03862660944206009,True,GO:BP,1165,2659,1
19,"""The internally coordinated responses (actions or inactions) of animals (individuals or groups) to internal or external stimuli, via a mechanism that involves nervous system activity."" [GOC:ems, GOC:jl, ISBN:0395448956, PMID:20160973]",20206,13050,25,"[[], [], [], [], [], [], [], [], [], [], [], [], [], [], [], [], [], [], [], [], ['ISS'], [], [], [], [], [], [], [], ['IMP', 'TAS'], ['ISS', 'IEA'], [], [], [], [], ['ISS', 'IEA'], ['IEA'], [], [], [], ['IEA'], [], ['IEA'], [], [], [], [], [], [], [], [], [], [], [], [], [], [], [], [], [], [], [], [], ['TAS', 'IEA'], ['IEA'], ['IEA'], [], [], ['IEA'], ['IEA'], [], ['ISS'], [], [], [], ['IEA'], [], [], [], [], [], [], [], [], [], [], [], [], [], [], [], [], [], [], [], [], [], ['TAS'], ['ISS'], [], [], [], [], [], [], [], [], ['IEA'], [], [], [], [], [], ['IEA'], [], [], [], [], [], [], ['IEA'], [], [], ['IEA'], [], [], [], [], [], [], [], [], [], [], [], [], [], [], [], [], [], [], [], [], [], [], [], [], [], [], [], [], [], [], [], [], ['IEA'], [], [], [], [], [], ['ISS'], ['IEA'], [], ['IEA'], [], [], [], [], [], [], [], [], [], [], [], [], ['ISS'], []]",behavior,GO:0007610,2.0229459051777327e-08,['GO:0032501'],0.13966480446927373,query_1,179,0.04180602006688963,True,GO:BP,598,2927,1
20,"""Any process that modulates a qualitative or quantitative trait of a biological quality. A biological quality is a measurable attribute of an organism or part of an organism, such as size, mass, shape, color, etc."" [GOC:dph, GOC:isa_complete, GOC:mah, GOC:pr, GOC:vw]",20206,24908,55,"[['IBA'], [], ['IDA', 'IEA'], [], [], [], [], [], ['IBA', 'IEA'], [], [], [], ['IBA'], [], [], [], [], ['IBA', 'TAS', 'NAS'], [], [], [], [], [], [], [], [], [], [], ['IDA', 'IBA'], ['ISS', 'IEA'], [], [], [], [], ['ISS', 'IBA', 'NAS', 'IEA'], ['IDA', 'IBA', 'IEA'], ['IMP'], [], [], ['IMP', 'IBA', 'IEA'], [], ['IDA'], [], [], [], [], [], [], [], ['IC'], [], ['IDA'], ['IEA'], [], ['ISS', 'IEA'], ['IEA'], [], [], [], [], [], [], ['ISS', 'ISO', 'IBA', 'NAS', 'IEA'], ['IEA'], ['IDA', 'IMP', 'IBA', 'NAS', 'IEA'], [], [], ['IEA'], ['IEA'], ['IBA', 'IEA'], ['ISS'], [], [], ['IDA', 'ISS', 'IEA'], ['IEA'], ['IBA'], ['IBA'], [], [], [], [], ['IBA'], ['IBA'], [], [], [], [], [], [], [], ['IEA'], ['IBA', 'IEA'], [], [], [], [], ['TAS', 'IEA'], ['ISS'], ['ISS'], [], [], [], [], [], ['IEA'], ['IDA', 'IC'], ['ISS', 'IEA'], [], ['IDA'], ['IEA'], [], [], ['IEA'], [], [], ['ISS', 'IEA'], [], [], [], [], [], ['IMP'], [], [], ['IBA', 'IEA'], [], [], [], [], ['IEA'], [], ['ISS', 'IEA'], [], [], ['IEA'], [], [], [], [], [], [], [], [], [], [], [], [], [], [], [], ['IBA'], ['ISS'], [], [], [], ['IDA', 'IMP', 'IBA', 'IEA'], [], [], [], ['TAS', 'IEA'], [], [], [], [], ['IEA'], [], [], ['ISS'], [], [], ['ISS', 'TAS'], [], ['IEA'], [], [], [], [], [], []]",regulation of biological quality,GO:0065008,4.109436092044998e-08,['GO:0065007'],0.30726256983240224,query_1,179,0.02119460500963391,True,GO:BP,2595,14785,1
108,"""The directed movement of potassium ions (K+) into, out of or within a cell, or between cells, by means of some agent such as a transporter or pore."" [GOC:ai]",20206,12488,15,"[[], [], [], [], [], [], [], [], [], [], ['ISO', 'IBA', 'IEA'], [], [], [], [], [], [], [], [], [], [], [], [], [], [], [], [], [], [], [], [], [], [], [], ['ISS', 'IBA', 'IEA'], [], [], [], [], [], [], [], [], [], [], [], [], [], [], [], [], [], [], [], [], [], [], ['IEA'], [], [], [], [], [], [], ['IMP', 'ISS', 'IBA', 'NAS', 'IEA'], [], [], [], ['IEA'], [], [], [], [], [], [], ['IDA', 'IBA', 'TAS', 'IEA'], ['IDA', 'IBA', 'IEA'], ['ISS', 'IBA', 'IEA'], ['ISS', 'IBA', 'IEA'], ['IBA', 'TAS', 'IEA'], ['IBA', 'IEA'], ['IDA', 'ISS', 'IBA', 'TAS', 'IEA'], ['ISS', 'IBA', 'TAS', 'IEA'], [], [], [], [], [], [], [], [], [], [], [], [], [], [], [], [], [], [], [], [], [], [], [], [], [], [], [], [], [], [], [], [], [], [], [], [], [], [], [], [], [], [], [], [], [], [], [], [], [], [], [], ['IEA'], [], [], [], [], [], [], [], [], [], [], [], [], [], [], [], ['ISS', 'IEA'], [], [], [], [], [], [], [], [], [], [], [], [], [], [], [], [], [], [], [], [], [], [], [], [], [], [], [], []]",potassium ion transport,GO:0006813,8.547577712065507e-08,['GO:0030001'],0.08379888268156424,query_1,179,0.07177033492822966,True,GO:BP,209,2365,1
275,"""The process in which a signal is secreted or discharged into the extracellular medium from a cellular source."" [GOC:mtg_signal]",20206,16333,20,"[['IBA'], [], ['IMP', 'ISS', 'IEA'], [], [], [], [], [], [], [], [], [], [], [], [], [], ['IEA'], ['NAS'], [], [], [], [], [], [], [], [], [], [], ['IDA', 'IBA'], [], [], [], [], ['IBA', 'IEA'], ['ISS', 'IBA', 'IEA'], [], [], [], [], ['IEA'], [], [], [], [], [], [], [], [], [], [], [], [], [], [], ['ISS', 'IEA'], [], [], [], [], [], [], [], [], ['IEA'], [], [], [], [], ['IEA'], [], [], [], [], ['IDA'], ['IEA'], [], [], [], [], [], [], [], [], [], [], [], [], [], [], [], [], [], [], [], [], [], [], ['ISS'], [], [], [], [], [], [], [], ['IDA', 'IC'], [], [], [], [], [], [], [], [], [], [], [], [], [], [], [], [], [], [], [], [], [], [], [], [], [], ['IEA'], [], [], [], [], [], [], [], [], [], [], [], [], [], [], [], [], [], [], [], ['ISS'], [], [], [], [], [], [], [], ['IDA', 'ISS', 'TAS', 'IEA'], [], [], [], [], [], [], [], [], [], [], ['ISS'], [], ['IEA'], [], [], [], [], [], []]",signal release,GO:0023061,2.223107203138772e-07,"['GO:0007267', 'GO:0032940']",0.11173184357541899,query_1,179,0.04597701149425287,True,GO:BP,435,6210,1
139,"""The vesicular release of glutamate from a presynapse, across a chemical synapse, the subsequent activation of glutamate receptors at the postsynapse of a target cell (neuron, muscle, or secretory cell) and the effects of this activation on the postsynaptic membrane potential and ionic composition of the postsynaptic cytosol. This process encompasses both spontaneous and evoked release of neurotransmitter and all parts of synaptic vesicle exocytosis. Evoked transmission starts with the arrival of an action potential at the presynapse."" [GOC:dos]",20206,18469,10,"[[], [], [], [], [], [], [], [], [], [], [], [], [], [], [], [], [], [], [], [], [], [], [], [], [], [], [], [], [], [], [], [], [], [], ['ISS', 'IBA', 'IEA'], ['IEA'], [], [], [], [], [], [], [], [], [], [], [], [], [], [], [], [], [], [], [], [], [], [], [], [], [], [], ['ISS', 'ISO', 'IBA'], ['IBA'], ['ISO'], [], [], [], ['IEA'], [], [], [], [], [], [], [], [], [], [], [], [], [], [], [], [], [], [], [], [], [], [], [], [], [], [], [], [], ['ISS'], [], [], [], [], [], [], [], [], [], [], [], [], [], [], ['IEA'], [], [], [], [], [], [], [], [], [], [], [], [], [], [], [], [], [], [], [], [], [], [], [], [], [], [], [], [], [], [], [], [], [], [], [], [], [], ['IBA'], [], [], [], [], [], [], [], [], [], [], [], [], [], [], [], [], ['ISS'], [], [], [], [], [], [], [], [], [], [], []]","synaptic transmission, glutamatergic",GO:0035249,1.4562724516233515e-06,['GO:0007268'],0.055865921787709494,query_1,179,0.10101010101010101,True,GO:BP,99,8346,1
43,"""An organ system process carried out by any of the organs or tissues of the neurological system."" [GOC:ai, GOC:mtg_cardio]",20206,22582,28,"[[], [], [], [], [], [], [], [], [], [], [], [], [], [], [], [], [], [], [], [], [], [], [], [], [], [], [], [], ['TAS'], ['IMP', 'ISS', 'IEA'], [], [], [], [], ['ISS', 'NAS', 'IEA'], [], [], [], [], [], [], ['IEA'], [], [], [], [], [], [], [], [], [], [], [], [], [], [], [], [], [], [], [], [], ['ISS', 'ISO', 'IBA', 'TAS', 'IEA'], [], ['IEA'], [], [], ['IEA'], ['IEA'], ['IEA'], [], [], [], [], ['IEA'], [], [], [], [], [], [], [], [], [], [], [], ['IBA'], [], [], [], [], [], [], [], [], [], [], ['ISS'], ['ISS'], [], [], [], [], [], [], [], ['IEA'], [], [], [], [], [], ['IEA'], [], [], [], [], ['IBA', 'IEA'], [], [], [], [], ['IEA'], [], [], [], [], ['TAS'], [], [], [], [], [], [], ['IEA'], [], [], ['IEA'], [], [], ['IEA'], [], [], [], [], [], [], [], [], ['TAS'], [], [], ['TAS'], [], [], [], [], [], [], ['IEA'], [], ['ISS'], ['IEA'], [], ['IEA'], [], [], ['ISS'], [], [], [], [], [], [], [], [], [], [], []]",nervous system process,GO:0050877,3.1341804863107596e-06,['GO:0003008'],0.1564245810055866,query_1,179,0.02854230377166157,True,GO:BP,981,12459,1
46,"""The series of molecular signals initiated by a ligand binding to its receptor, in which the activated receptor promotes the exchange of GDP for GTP on the alpha-subunit of an associated heterotrimeric G-protein complex. The GTP-bound activated alpha-G-protein then dissociates from the beta- and gamma-subunits to further transmit the signal within the cell. The pathway begins with receptor-ligand interaction, and ends with regulation of a downstream cellular process. The pathway can start from the plasma membrane, Golgi or nuclear membrane."" [GOC:bf, GOC:mah, PMID:16902576, PMID:24568158, Wikipedia:G_protein-coupled_receptor]",20206,12732,24,"[[], [], ['IMP'], [], [], ['ISS', 'IBA'], ['TAS', 'IEA'], ['IBA', 'TAS', 'NAS', 'IEA'], ['IBA', 'TAS', 'IEA'], [], [], ['IEA'], [], [], [], [], [], [], [], [], [], [], [], [], [], [], [], [], [], [], [], [], [], [], ['IDA', 'IGI', 'ISS', 'IBA', 'IEA'], [], [], ['TAS'], [], ['IDA', 'IMP', 'IBA', 'TAS', 'IEA'], [], [], [], [], [], [], [], [], [], [], [], [], [], [], [], [], [], [], ['IDA', 'TAS', 'IEA'], [], [], ['IDA', 'IBA', 'IEA'], [], ['IDA', 'IBA', 'IEA'], [], [], [], ['IDA', 'ISS', 'IBA', 'IEA'], ['IDA', 'IMP', 'IBA', 'IEA'], [], [], [], [], [], [], [], [], [], [], [], [], [], [], [], [], [], [], [], [], [], [], [], [], [], [], [], ['IBA', 'TAS', 'IEA'], [], ['IDA'], [], [], [], [], [], [], [], [], [], [], ['IEA'], [], [], [], [], [], [], [], [], [], [], [], [], [], [], [], [], [], [], [], [], [], [], [], [], ['TAS', 'IEA'], ['IBA', 'TAS', 'IEA'], ['ISS', 'TAS'], ['IBA', 'TAS', 'IEA'], [], [], ['IEA'], [], [], [], [], [], [], [], [], [], [], [], [], [], [], [], [], [], [], [], [], [], [], [], [], [], [], [], [], [], ['IDA', 'IBA', 'TAS', 'IEA'], ['IDA', 'IBA', 'TAS', 'IEA'], [], [], [], [], [], [], []]",G protein-coupled receptor signaling pathway,GO:0007186,4.215261524515377e-06,['GO:0007165'],0.1340782122905028,query_1,179,0.031788079470198675,True,GO:BP,755,2609,1
63,"""Any process that modulates the frequency, rate or extent of a system process, a multicellular organismal process carried out by any of the organs or tissues in an organ system."" [GOC:jl]",20206,20319,18,"[[], [], [], [], [], [], [], [], ['IEA'], [], [], [], [], [], [], [], [], ['TAS'], [], [], [], [], [], [], [], [], [], [], ['IDA', 'IBA'], ['ISS', 'IEA'], [], [], [], [], ['ISS', 'IEA'], [], [], [], [], ['IEA'], [], [], [], [], [], [], [], [], [], [], [], [], [], [], ['ISS'], [], [], [], [], [], [], [], ['ISS', 'ISO'], [], ['NAS'], [], [], ['IEA'], ['IEA'], [], [], [], [], ['ISS', 'IEA'], [], [], [], [], [], [], [], [], [], [], [], [], [], [], [], [], [], [], [], [], [], [], [], [], [], [], [], [], [], [], [], ['ISS', 'IEA'], [], [], [], [], [], [], [], [], [], [], [], [], [], [], [], [], ['IEA'], [], [], [], [], [], [], [], [], [], [], [], ['IEA'], [], [], [], [], [], [], [], [], [], [], [], [], [], [], [], [], [], [], [], [], [], [], [], [], ['IEA'], [], [], [], [], ['IEA'], [], [], ['ISS'], [], [], [], [], [], [], [], [], [], [], []]",regulation of system process,GO:0044057,1.915018969468033e-05,"['GO:0003008', 'GO:0051239']",0.1005586592178771,query_1,179,0.036885245901639344,True,GO:BP,488,10196,1
64,"""Any process that modulates the frequency, rate or extent of neuron differentiation."" [GOC:go_curators]",20206,20869,11,"[[], [], [], [], [], [], [], [], [], [], [], [], [], [], [], [], [], [], [], [], [], [], [], [], [], [], [], [], [], [], [], [], ['ISS', 'IEA'], [], [], [], [], [], [], ['ISS', 'IEA'], [], [], [], [], [], ['IEA'], [], [], [], [], [], [], [], [], [], [], [], [], [], [], [], [], [], [], [], [], [], [], [], [], ['ISS'], [], [], ['IEA'], [], [], [], [], [], [], [], [], [], [], [], [], [], [], [], [], [], [], [], [], [], [], [], ['ISS'], [], [], [], [], [], [], [], ['ISS', 'IEA'], ['ISS', 'IEA'], [], [], [], [], [], [], [], [], [], [], [], [], [], [], [], [], ['IMP'], [], [], [], [], [], [], [], [], [], [], [], [], [], [], [], [], [], [], [], [], [], [], [], [], [], ['ISS'], [], [], [], [], [], [], [], [], [], [], [], [], [], [], [], [], [], [], [], [], [], [], [], [], [], [], [], ['IBA', 'IEA'], []]",regulation of neuron differentiation,GO:0045664,1.933234734246163e-05,"['GO:0030182', 'GO:0045595']",0.061452513966480445,query_1,179,0.06432748538011696,True,GO:BP,171,10746,1
176,"""The progression of the neural retina over time from its initial formation to the mature structure. The neural retina is the part of the retina that contains neurons and photoreceptor cells."" [GOC:ascb_2009, GOC:dph, GOC:tb]",20206,11862,8,"[[], [], [], [], [], [], [], [], [], [], [], [], [], [], [], [], [], [], [], [], [], [], [], [], [], [], [], [], [], [], [], [], ['ISS', 'IEA'], [], [], ['ISS'], [], [], [], [], [], [], [], [], [], [], [], [], [], [], [], [], [], [], [], [], [], [], [], [], [], [], [], [], ['IEA'], [], [], [], [], [], [], [], [], [], [], [], [], [], [], [], [], [], [], [], [], [], [], [], [], [], [], [], [], [], [], [], [], [], [], [], [], [], [], [], [], ['ISS', 'IEA'], [], [], [], [], [], [], [], [], [], [], [], [], [], [], [], [], [], [], [], [], [], [], [], [], [], [], [], [], [], [], [], [], [], [], ['ISS', 'IEA'], [], [], [], [], [], [], [], [], ['ISS'], ['IEA'], [], [], [], [], [], [], [], [], [], [], [], [], [], ['IEA'], [], [], [], [], [], [], [], [], [], [], [], [], [], []]",neural retina development,GO:0003407,2.614212985509647e-05,"['GO:0048856', 'GO:0060041']",0.0446927374301676,query_1,179,0.1,True,GO:BP,80,1739,1
89,"""A process that leads to a temporary increase in postsynaptic potential due to the flow of positively charged ions into the postsynaptic cell. The flow of ions that causes an EPSP is an excitatory postsynaptic current (EPSC) and makes it easier for the neuron to fire an action potential."" [GOC:dph, GOC:ef]",20206,23481,8,"[[], [], [], [], [], [], [], [], [], [], [], [], [], [], [], [], [], [], [], [], [], [], [], [], [], [], [], [], [], ['ISS', 'IEA'], [], [], [], [], ['NAS'], [], [], [], [], [], [], [], [], [], [], [], [], [], [], [], [], [], [], [], [], [], [], [], [], [], [], [], ['ISS', 'ISO', 'IBA', 'IEA'], [], [], [], [], [], [], ['IEA'], [], [], [], [], [], [], [], [], [], [], [], [], [], [], [], [], [], [], [], [], [], [], [], [], [], [], [], ['ISS'], ['ISS'], [], [], [], [], [], [], [], [], [], [], [], [], [], [], [], [], [], [], [], [], [], [], [], [], [], [], [], [], [], [], [], [], [], [], [], ['IEA'], [], [], [], [], [], [], [], [], [], [], [], [], [], [], [], [], [], [], [], [], [], [], [], [], ['IEA'], [], [], [], [], [], [], [], [], [], [], [], [], [], [], [], [], [], [], []]",excitatory postsynaptic potential,GO:0060079,0.00010409790518776563,"['GO:0060078', 'GO:0099565']",0.0446927374301676,query_1,179,0.08080808080808081,True,GO:BP,99,13358,1
172,"""Any process that results in a change in state or activity of a cell (in terms of movement, secretion, enzyme production, gene expression, etc.) as a result of a dopamine stimulus."" [GO_REF:0000071, GOC:mr, GOC:TermGenie, PMID:11118945]",20206,31453,6,"[[], [], [], [], [], [], [], [], [], [], [], [], [], [], [], [], [], [], [], [], [], [], [], [], [], [], [], [], [], [], [], [], [], [], ['IDA', 'IGI', 'ISS', 'IBA', 'IEA'], [], [], [], [], [], [], [], [], [], [], [], [], [], [], [], [], [], [], [], [], [], [], [], [], [], [], [], [], [], [], [], [], [], ['IBA', 'TAS'], ['IDA', 'IEA'], [], [], [], [], [], [], [], [], [], [], [], [], [], [], [], [], [], [], [], [], [], [], [], [], [], [], [], [], [], [], [], [], [], [], [], [], [], [], [], [], [], [], [], [], [], [], [], [], [], [], [], [], [], [], [], [], [], [], [], [], [], [], [], [], ['IEA'], [], ['ISS'], ['IBA', 'IEA'], [], [], [], [], [], [], [], [], [], [], [], [], [], [], [], [], [], [], [], [], [], [], [], [], [], [], [], [], [], [], [], [], [], [], [], [], [], [], [], [], []]",cellular response to dopamine,GO:1903351,0.0001384006824844126,"['GO:0071870', 'GO:1903350']",0.0335195530726257,query_1,179,0.125,True,GO:BP,48,21330,1
102,"""Any process that stops, prevents, or reduces the frequency, rate or extent of adenylate cyclase activity."" [GOC:go_curators]",20206,12740,4,"[[], [], [], [], [], [], [], [], [], [], [], [], [], [], [], [], [], [], [], [], [], [], [], [], [], [], [], [], [], [], [], [], [], [], ['IDA'], [], [], [], [], ['TAS'], [], [], [], [], [], [], [], [], [], [], [], [], [], [], [], [], [], [], ['TAS'], [], [], [], [], ['TAS'], [], [], [], [], [], [], [], [], [], [], [], [], [], [], [], [], [], [], [], [], [], [], [], [], [], [], [], [], [], [], [], [], [], [], [], [], [], [], [], [], [], [], [], [], [], [], [], [], [], [], [], [], [], [], [], [], [], [], [], [], [], [], [], [], [], [], [], [], [], [], [], [], [], [], [], [], [], [], [], [], [], [], [], [], [], [], [], [], [], [], [], [], [], [], [], [], [], [], [], [], [], [], [], [], [], [], [], [], [], [], [], [], [], [], []]",negative regulation of adenylate cyclase activity,GO:0007194,0.0001815113590266186,"['GO:0043086', 'GO:0045761']",0.0223463687150838,query_1,179,0.2857142857142857,True,GO:BP,14,2617,1
143,"""The process in which a relatively unspecialized cell acquires specialized features of a neuron whose cell body resides in the central nervous system."" [GO_REF:0000021, GOC:cls, GOC:dgh, GOC:dph, GOC:jid]",20206,16200,10,"[[], [], [], [], [], [], [], [], [], [], [], [], [], [], [], [], [], [], [], [], [], [], [], [], [], [], [], [], [], [], [], [], ['ISS', 'IEA'], [], ['ISS', 'IEA'], [], [], [], [], [], [], ['IEA'], ['IEA'], [], [], [], [], [], [], [], [], [], [], [], [], [], [], [], [], [], [], [], [], [], [], [], [], [], [], [], [], [], [], ['ISS', 'IEA'], [], [], [], [], [], [], [], [], [], [], [], [], [], ['IBA'], ['IEA'], [], [], [], [], [], [], [], [], [], [], [], [], [], [], [], [], ['ISS', 'IEA'], [], [], [], [], [], [], [], [], [], [], [], [], [], [], [], [], [], [], [], [], [], [], [], [], [], [], [], [], [], [], [], [], [], [], ['ISS'], [], [], [], [], [], [], [], [], [], [], [], [], [], [], [], [], [], [], [], [], [], ['IBA', 'IEA'], [], [], [], [], [], [], [], [], [], [], [], [], [], [], [], []]",central nervous system neuron differentiation,GO:0021953,0.0003377472719627155,"['GO:0007417', 'GO:0030182']",0.055865921787709494,query_1,179,0.05,True,GO:BP,200,6077,1
388,"""Behavior in a fully developed and mature organism."" [GOC:mah, ISBN:0877797099]",20206,16516,8,"[[], [], [], [], [], [], [], [], [], [], [], [], [], [], [], [], [], [], [], [], [], [], [], [], [], [], [], [], ['IMP'], [], [], [], [], [], ['ISS', 'IEA'], [], [], [], [], [], [], [], [], [], [], [], [], [], [], [], [], [], [], [], [], [], [], [], [], [], [], [], [], ['IEA'], [], [], [], [], ['IEA'], [], [], [], [], [], ['IEA'], [], [], [], [], [], [], [], [], [], [], [], [], [], [], [], [], [], [], [], [], [], [], [], [], [], [], [], [], [], [], [], [], [], [], [], [], [], [], [], [], [], [], [], [], ['IEA'], [], [], ['IEA'], [], [], [], [], [], [], [], [], [], [], [], [], [], [], [], [], [], [], [], [], [], [], [], [], [], [], [], [], [], [], [], [], ['IEA'], [], [], [], [], [], [], [], [], [], [], [], [], [], [], [], [], [], [], [], [], [], [], []]",adult behavior,GO:0030534,0.0007035807418918587,['GO:0007610'],0.0446927374301676,query_1,179,0.058394160583941604,True,GO:BP,137,6393,1
226,"""Any process that results in a change in state or activity of a cell or an organism (in terms of movement, secretion, enzyme production, gene expression, etc.) as a result of a chemical stimulus."" [GOC:jl]",20206,19523,47,"[[], [], ['NAS', 'IEA'], [], [], ['ISS'], [], [], [], ['IDA'], ['IEA'], [], [], [], [], [], [], [], [], [], [], [], [], ['IDA'], [], [], [], [], ['IDA', 'IMP', 'ISS', 'IBA'], [], [], [], [], [], ['IDA', 'IGI', 'ISS', 'IBA', 'IEA'], ['IDA', 'IBA', 'IEA'], [], [], ['IEA'], ['IMP', 'IEA'], [], [], ['IEA'], ['IMP', 'IEA'], [], ['IDA'], [], [], [], [], [], [], ['IEA'], [], ['IDA', 'ISS', 'IBA', 'IEA'], [], [], [], [], [], [], [], ['IDA', 'IEA'], ['IEA'], ['IDA', 'IMP', 'ISS', 'IEA'], [], [], ['IDA', 'ISS'], ['IDA', 'IBA', 'TAS', 'IEA'], ['IDA', 'IEA'], [], [], [], ['ISS'], [], ['IMP'], [], [], [], [], [], [], [], [], [], [], [], [], [], ['IMP', 'ISS', 'IEA'], [], [], [], [], [], ['IDA'], [], ['IDA', 'ISS'], ['IDA', 'IMP', 'IEA'], [], [], [], [], [], [], ['IMP'], ['ISS', 'IEA'], [], ['IDA'], ['IDA', 'IEA'], [], [], ['IEA'], [], [], [], [], [], [], ['IEA'], ['IDA'], [], [], [], [], [], [], [], [], ['IEA'], [], ['IEP', 'IEA'], ['IDA'], ['IMP'], ['IEA'], [], ['ISS'], ['IBA', 'IEA'], [], [], ['ISS'], [], [], [], [], [], [], [], [], [], [], [], [], ['IBA'], [], [], [], [], [], [], [], [], ['IEA'], [], ['IDA', 'IBA'], [], [], [], ['IMP', 'IEA'], [], [], [], ['IEA'], [], [], [], [], [], []]",response to chemical,GO:0042221,0.0008842696228404049,['GO:0050896'],0.26256983240223464,query_1,179,0.01576652130157665,True,GO:BP,2981,9400,1
159,"""A G protein-coupled receptor signaling pathway in which the signal is transmitted via the activation or inhibition of adenylyl cyclase activity and a subsequent change in the intracellular concentration of cyclic AMP (cAMP)."" [GOC:mah, GOC:signaling, ISBN:0815316194]",20206,12734,10,"[[], [], ['IMP'], [], [], ['ISS', 'IBA'], [], ['IBA'], ['IBA', 'TAS'], [], [], [], [], [], [], [], [], [], [], [], [], [], [], [], [], [], [], [], [], [], [], [], [], [], ['IDA', 'IBA', 'IEA'], [], [], [], [], [], [], [], [], [], [], [], [], [], [], [], [], [], [], [], [], [], [], [], ['IDA'], [], [], [], [], ['IEA'], [], [], [], [], [], [], [], [], [], [], [], [], [], [], [], [], [], [], [], [], [], [], [], [], [], [], [], [], [], [], [], [], ['TAS'], [], [], [], [], [], [], [], [], [], [], [], [], [], [], [], [], [], [], [], [], [], [], [], [], [], [], [], [], [], [], [], [], [], [], [], [], [], [], [], [], [], [], [], [], [], [], [], [], [], [], [], [], [], [], [], [], [], [], [], [], [], [], [], [], [], [], [], [], [], [], [], [], [], ['IDA', 'IBA', 'IEA'], ['IDA', 'IBA'], [], [], [], [], [], [], []]",adenylate cyclase-modulating G protein-coupled receptor signaling pathway,GO:0007188,0.0010167715480325359,['GO:0007186'],0.055865921787709494,query_1,179,0.0425531914893617,True,GO:BP,235,2611,1
245,"""A process that modulates synaptic plasticity, the ability of synapses to change as circumstances require. They may alter function, such as increasing or decreasing their sensitivity, or they may increase or decrease in actual numbers."" [GOC:dph, GOC:jid, GOC:tb, PMID:11891290]",20206,21839,9,"[[], [], [], [], [], [], [], [], [], [], [], [], [], [], [], [], [], ['IBA', 'TAS'], [], [], [], [], [], [], [], [], [], [], [], [], [], [], [], [], ['ISS', 'IEA'], [], [], [], [], [], [], [], [], [], [], [], [], [], [], [], [], [], [], [], [], [], [], [], [], [], [], [], ['ISS', 'IBA', 'NAS', 'IEA'], ['IEA'], [], [], [], ['IEA'], [], [], [], [], [], [], [], [], [], [], [], [], [], [], [], [], [], [], [], [], [], [], [], [], [], [], [], [], [], ['ISS'], [], [], [], [], [], [], [], [], ['ISS', 'IEA'], [], [], [], [], [], [], [], [], [], [], [], [], [], [], [], [], [], [], [], [], [], [], [], [], [], [], [], [], [], [], [], [], [], [], [], [], [], [], [], [], [], [], [], [], ['ISS'], [], [], [], [], [], [], [], [], [], [], [], [], [], [], [], ['ISS'], [], [], [], [], [], [], [], [], [], [], []]",regulation of synaptic plasticity,GO:0048167,0.0018120378336734608,"['GO:0050804', 'GO:0065008']",0.05027932960893855,query_1,179,0.043689320388349516,True,GO:BP,206,11716,1
177,"""The process in which a relatively unspecialized cell acquires specialized features of an amacrine cell, an interneuron generated in the inner nuclear layer (INL) of the vertebrate retina. Amacrine cells integrate, modulate, and interpose a temporal domain in the visual message presented to the retinal ganglion cells, with which they synapse in the inner plexiform layer. Amacrine cells lack large axons."" [CL:0000561, GOC:bf]",20206,18830,3,"[[], [], [], [], [], [], [], [], [], [], [], [], [], [], [], [], [], [], [], [], [], [], [], [], [], [], [], [], [], [], [], [], ['ISS', 'IEA'], [], [], [], [], [], [], [], [], [], [], [], [], [], [], [], [], [], [], [], [], [], [], [], [], [], [], [], [], [], [], [], [], [], [], [], [], [], [], [], [], [], [], [], [], [], [], [], [], [], [], [], [], [], [], [], [], [], [], [], [], [], [], [], [], [], [], [], [], [], [], [], [], ['ISS', 'IEA'], [], [], [], [], [], [], [], [], [], [], [], [], [], [], [], [], [], [], [], [], [], [], [], [], [], [], [], [], [], [], [], [], [], [], ['ISS'], [], [], [], [], [], [], [], [], [], [], [], [], [], [], [], [], [], [], [], [], [], [], [], [], [], [], [], [], [], [], [], [], [], [], [], [], [], []]",amacrine cell differentiation,GO:0035881,0.002016020223189658,"['GO:0003407', 'GO:0021953']",0.01675977653631285,query_1,179,0.2727272727272727,True,GO:BP,11,8707,1
186,"""Any process that modulates the rate or extent of heat generation."" [GOC:dph, GOC:mah, GOC:tb]",20206,16920,3,"[[], [], [], [], [], [], [], [], [], [], [], [], [], [], [], [], [], [], [], [], [], [], [], [], [], [], [], [], [], [], [], [], [], [], [], [], [], [], [], ['IEA'], [], [], [], [], [], [], [], [], [], [], [], [], [], [], [], [], [], [], [], [], [], [], [], [], [], [], [], [], ['IEA'], [], [], [], [], [], [], [], [], [], [], [], [], [], [], [], [], [], [], [], [], [], [], [], [], [], [], [], [], [], [], [], [], [], [], [], [], [], [], [], [], [], [], [], [], [], [], [], [], [], [], [], [], [], [], [], [], [], [], [], [], [], [], ['ISS', 'IEA'], [], [], [], [], [], [], [], [], [], [], [], [], [], [], [], [], [], [], [], [], [], [], [], [], [], [], [], [], [], [], [], [], [], [], [], [], [], [], [], [], [], [], [], [], [], [], []]",regulation of heat generation,GO:0031650,0.0025419929216542554,"['GO:0031649', 'GO:0051239']",0.01675977653631285,query_1,179,0.25,True,GO:BP,12,6797,1
191,"""Any process that increases the frequency, rate or extent of cell communication. Cell communication is the process that mediates interactions between a cell and its surroundings. Encompasses interactions such as signaling or attachment between one cell and another cell, between a cell and an extracellular matrix, or between a cell and any other aspect of its environment."" [GOC:dph, GOC:tb]",20206,14229,29,"[['IBA'], [], [], [], [], [], [], [], ['IDA', 'IBA'], [], [], [], [], [], ['IDA'], [], [], ['TAS'], [], [], [], [], [], ['IDA'], [], [], [], [], [], ['ISS', 'IEA'], [], [], [], [], ['ISS', 'IEA'], [], [], [], ['HMP'], ['IEA'], [], [], [], [], [], [], [], [], [], [], [], ['IDA', 'IMP'], [], [], [], [], [], [], [], [], [], [], ['ISS', 'ISO', 'IBA', 'IEA'], ['ISS', 'IEA'], [], [], [], [], ['IDA', 'IEA'], [], [], [], [], ['IDA'], [], [], [], [], [], [], [], [], [], [], [], [], [], [], [], [], [], [], [], [], [], [], [], ['ISS'], [], [], [], [], [], [], [], [], ['ISS', 'IEA'], [], ['ISS', 'IEA'], ['IDA', 'IEA'], [], [], ['IDA', 'IBA', 'TAS', 'IEA'], [], [], [], [], [], [], [], ['IDA', 'IMP'], [], [], ['IMP'], [], [], [], [], [], [], [], [], [], [], ['IEA'], [], [], [], [], [], [], ['IDA', 'IBA', 'NAS', 'IEA'], [], [], [], [], [], [], [], [], [], ['ISS'], [], [], [], [], [], [], [], ['IEA'], [], [], [], ['ISS', 'IBA', 'IEA'], ['IDA'], [], [], ['ISS'], [], [], [], [], ['IEA'], [], [], [], [], [], []]",positive regulation of cell communication,GO:0010647,0.0028689872547732337,"['GO:0007154', 'GO:0010646', 'GO:0048522']",0.16201117318435754,query_1,179,0.018170426065162906,True,GO:BP,1596,4106,1
194,"""Any process that results in a change in state or activity of a cell or an organism (in terms of movement, secretion, enzyme production, gene expression, etc.) as a result of a stimulus from a xenobiotic, a compound foreign to the organism exposed to it. It may be synthesized by another organism (like ampicilin) or it can be a synthetic chemical."" [GOC:jl, GOC:krc]",20206,13442,11,"[[], [], ['IEA'], [], [], [], [], [], [], [], ['IEA'], [], [], [], [], [], [], [], [], [], [], [], [], [], [], [], [], [], ['ISS'], [], [], [], [], [], ['ISS', 'IEA'], [], [], [], [], [], [], [], ['IEA'], [], [], [], [], [], [], [], [], [], [], [], [], [], [], [], [], [], [], [], ['IEA'], ['IEA'], [], [], [], [], ['IDA', 'IBA', 'IEA'], [], [], [], [], [], [], [], [], [], [], [], [], [], [], [], [], [], [], [], [], [], [], [], [], [], [], [], [], ['ISS'], [], [], [], [], [], [], [], [], [], [], [], [], [], [], ['IEA'], [], [], [], [], [], [], [], [], [], [], [], [], [], [], [], [], ['IEA'], [], [], [], [], [], [], [], [], [], [], [], [], [], [], [], [], [], [], [], [], [], [], [], [], [], [], [], [], [], [], [], [], [], [], [], [], [], [], [], [], [], [], [], [], [], [], [], [], []]",response to xenobiotic stimulus,GO:0009410,0.0031109226351445024,['GO:0042221'],0.061452513966480445,query_1,179,0.03333333333333333,True,GO:BP,330,3319,1
199,"""The process in which the developmental fate of a cell becomes restricted such that it will develop into a neuron."" [GOC:dph]",20206,22195,5,"[[], [], [], [], [], [], [], [], [], [], [], [], [], [], [], [], [], [], [], [], [], [], [], [], [], [], [], [], [], [], [], [], ['IEA'], [], [], [], [], [], [], [], [], [], [], [], [], [], [], [], [], [], [], [], [], [], [], [], [], [], [], [], [], [], [], [], [], [], [], [], [], [], ['ISS'], [], [], ['ISS', 'IBA', 'IEA'], [], [], [], [], [], [], [], [], [], [], [], [], [], [], ['IEA'], [], [], [], [], [], [], [], [], [], [], [], [], [], [], [], [], [], [], [], [], [], [], [], [], [], [], [], [], [], [], [], [], [], [], [], [], [], [], [], [], [], [], [], [], [], [], [], [], [], [], [], [], [], [], [], [], [], [], [], [], [], [], [], [], [], [], [], [], [], [], [], [], [], ['IBA', 'IEA'], [], [], [], [], [], [], [], [], [], [], [], [], [], [], [], []]",neuron fate commitment,GO:0048663,0.0034432169641181514,"['GO:0030182', 'GO:0045165']",0.027932960893854747,query_1,179,0.08196721311475409,True,GO:BP,61,12072,1
201,"""Any process that activates or increases the frequency, rate or extent of adipocyte differentiation."" [GOC:go_curators]",20206,20805,5,"[[], [], [], [], [], [], [], [], [], [], [], [], [], [], [], [], [], [], [], [], [], [], [], [], [], [], [], [], [], [], [], [], [], [], [], [], [], [], [], [], [], [], [], [], [], [], [], [], [], [], [], [], [], [], [], [], [], [], [], [], [], [], [], [], [], [], [], [], ['IEA'], [], ['ISS'], [], [], [], [], [], [], [], [], [], [], [], [], [], [], [], [], [], [], ['IMP'], [], [], [], [], [], [], [], [], [], [], [], [], [], [], [], [], [], [], [], [], [], [], [], [], [], [], [], [], [], [], [], [], [], [], [], [], [], [], [], [], [], ['ISS', 'IEA'], [], [], [], [], [], [], [], [], [], [], [], [], [], [], [], [], [], [], [], [], [], [], [], [], [], [], [], [], [], [], [], [], [], [], [], [], [], [], [], [], [], [], [], ['IMP'], [], [], []]",positive regulation of fat cell differentiation,GO:0045600,0.0036818141327216356,"['GO:0045444', 'GO:0045597', 'GO:0045598']",0.027932960893854747,query_1,179,0.08064516129032258,True,GO:BP,62,10682,1
203,"""The series of molecular signals mediated by the detection of a lipoprotein particle."" [GOC:BHF, GOC:rl]",20206,23393,2,"[[], [], [], [], [], [], [], [], [], [], [], [], [], [], [], [], [], [], [], [], [], [], [], ['IDA'], [], [], [], [], [], [], [], [], [], [], [], [], [], [], [], [], [], [], [], [], [], [], [], [], [], [], [], [], [], [], [], [], [], [], [], [], [], [], [], [], [], [], [], [], [], [], [], [], [], [], [], [], [], [], [], [], [], [], [], [], [], [], [], [], [], ['IMP'], [], [], [], [], [], [], [], [], [], [], [], [], [], [], [], [], [], [], [], [], [], [], [], [], [], [], [], [], [], [], [], [], [], [], [], [], [], [], [], [], [], [], [], [], [], [], [], [], [], [], [], [], [], [], [], [], [], [], [], [], [], [], [], [], [], [], [], [], [], [], [], [], [], [], [], [], [], [], [], [], [], [], [], [], [], [], [], [], []]",lipoprotein particle mediated signaling,GO:0055095,0.003769162378424229,"['GO:0007165', 'GO:0071402']",0.0111731843575419,query_1,179,0.6666666666666666,True,GO:BP,3,13270,1
213,"""Any process that modulates the frequency, rate or extent of a circadian rhythm. A circadian rhythm is a biological process in an organism that recurs with a regularity of approximately 24 hours."" [GOC:dph, GOC:jl, GOC:tb]",20206,19814,6,"[[], [], [], [], [], [], [], [], [], ['ISS'], [], [], [], [], [], [], [], [], [], [], [], [], [], [], [], [], [], [], [], [], [], [], [], [], ['IEA'], [], [], [], [], [], [], [], [], [], [], [], [], [], [], [], [], ['IMP'], [], [], [], [], [], [], [], [], [], [], [], [], [], [], [], [], [], [], ['ISS'], [], [], [], [], [], [], [], [], [], [], [], [], [], [], [], [], [], [], [], [], [], [], [], [], [], [], [], [], [], [], [], [], [], [], [], [], [], [], [], [], [], [], [], [], [], [], [], [], [], [], [], [], [], [], [], [], [], [], [], [], [], [], [], [], [], [], [], [], [], ['ISS', 'IEA'], [], [], [], [], [], [], [], [], [], [], [], [], [], [], [], [], [], [], [], [], [], [], [], [], [], [], [], [], [], [], [], [], [], [], [], [], ['ISS'], []]",regulation of circadian rhythm,GO:0042752,0.004167242282190702,"['GO:0007623', 'GO:0050789']",0.0335195530726257,query_1,179,0.06,True,GO:BP,100,9691,1
220,"""Any process that modulates the rate, frequency or extent of neuron projection development. Neuron projection development is the process whose specific outcome is the progression of a neuron projection over time, from its formation to the mature structure. A neuron projection is any process extending from a neural cell, such as axons or dendrites (collectively called neurites)."" [GOC:dph, GOC:tb]",20206,14460,12,"[[], [], [], [], [], [], [], [], [], [], [], [], [], [], [], [], [], ['IMP', 'IBA'], [], [], [], [], [], [], [], [], [], [], [], ['ISS', 'IEA'], [], [], [], [], [], ['IDA', 'IBA', 'IEA'], [], [], [], [], [], [], [], ['IMP'], [], [], [], [], [], [], [], [], [], [], [], ['IEA'], [], [], [], [], [], [], [], [], [], ['IBA'], [], [], [], [], [], [], [], [], ['IEA'], [], [], [], [], [], [], [], [], [], [], [], [], [], [], [], [], [], [], [], [], [], [], [], [], [], [], [], [], [], [], [], [], [], [], [], [], [], ['IDA'], [], [], [], [], [], [], [], ['IBA'], [], [], [], [], [], [], [], [], [], [], [], [], [], [], [], [], [], [], [], [], [], ['ISS'], [], [], [], [], [], [], [], [], [], [], [], [], ['IMP'], [], [], [], [], [], [], ['IBA', 'IEA'], [], [], [], [], [], [], [], [], [], [], [], [], [], [], [], []]",regulation of neuron projection development,GO:0010975,0.005071512361366807,"['GO:0031175', 'GO:0120035']",0.0670391061452514,query_1,179,0.028985507246376812,True,GO:BP,414,4337,1
225,"""The specific behavior of an organism that is associated with reproduction."" [GOC:jl, GOC:pr]",20206,15388,4,"[[], [], [], [], [], [], [], [], [], [], [], [], [], [], [], [], [], [], [], [], [], [], [], [], [], [], [], [], [], [], [], [], [], [], [], [], [], [], [], ['IEA'], [], [], [], [], [], [], [], [], [], [], [], [], [], [], [], [], [], [], [], [], [], [], [], [], ['IEA'], [], [], [], [], [], [], [], [], [], ['IEA'], [], [], [], [], [], [], [], [], [], [], [], [], [], [], [], [], [], [], [], [], [], [], [], [], [], [], [], [], [], [], [], [], [], [], [], [], [], [], [], [], [], [], [], [], [], [], [], [], [], [], [], [], [], [], [], [], [], [], [], [], [], [], [], [], [], [], [], [], [], [], [], [], [], [], [], [], [], [], [], [], [], [], [], [], [], [], [], [], [], ['IEA'], [], [], [], [], [], [], [], [], [], [], [], [], [], []]",reproductive behavior,GO:0019098,0.006292496728342421,"['GO:0007610', 'GO:0048609']",0.0223463687150838,query_1,179,0.1,True,GO:BP,40,5265,1
227,"""The directed movement of a neurotransmitter into, out of or within a cell, or between cells, by means of some agent such as a transporter or pore. Neurotransmitters are any chemical substance that is capable of transmitting (or inhibiting the transmission of) a nerve impulse from a neuron to another cell."" [GOC:ai]",20206,12501,8,"[[], [], [], [], [], [], [], [], [], [], [], [], [], [], [], [], ['IEA'], [], [], [], [], [], [], [], [], [], ['TAS'], [], [], [], [], [], [], ['IBA', 'IEA'], ['ISS', 'IC', 'IEA'], [], [], [], [], [], [], [], [], [], [], [], [], [], [], [], [], [], [], [], [], [], [], [], [], [], [], [], [], [], [], [], [], [], [], [], [], [], [], [], [], [], [], [], [], [], [], [], [], [], [], [], [], [], [], [], [], [], [], [], [], [], [], ['ISS'], [], [], [], [], [], [], [], [], [], [], [], [], [], [], [], [], [], [], [], [], [], [], [], [], [], [], [], [], [], [], [], [], [], [], [], [], [], [], [], [], [], [], [], [], [], [], [], [], [], [], [], [], ['IBA', 'TAS', 'IEA'], ['IDA', 'ISS', 'TAS', 'IEA'], [], [], [], [], [], [], [], ['IDA', 'IEA'], [], [], [], [], [], [], [], [], [], [], [], [], [], [], [], [], [], [], []]",neurotransmitter transport,GO:0006836,0.006383254479027632,['GO:0006810'],0.0446927374301676,query_1,179,0.03980099502487562,True,GO:BP,201,2378,1
237,"""Any process that stops, prevents or reduces the rate or extent of cell proliferation in response to cell density."" [GOC:dph]",20206,23602,2,"[[], [], [], [], [], [], [], [], [], [], [], [], [], [], [], [], [], [], [], [], [], [], [], [], [], [], [], [], [], [], [], [], [], [], [], [], [], [], [], [], [], [], [], [], [], [], [], [], [], ['ISS', 'IEA'], [], [], [], [], [], [], [], [], [], [], [], [], [], [], [], [], [], [], [], [], [], [], [], [], [], [], [], [], [], [], [], [], [], [], [], [], [], [], [], [], [], [], [], [], [], [], [], [], [], [], [], [], [], [], [], [], [], [], [], [], [], [], [], [], [], [], [], [], [], [], ['IMP'], [], [], [], [], [], [], [], [], [], [], [], [], [], [], [], [], [], [], [], [], [], [], [], [], [], [], [], [], [], [], [], [], [], [], [], [], [], [], [], [], [], [], [], [], [], [], [], [], [], [], [], [], [], [], [], [], [], []]",negative regulation of cell proliferation involved in contact inhibition,GO:0060244,0.0065175336721379805,"['GO:0008285', 'GO:0060242']",0.0111731843575419,query_1,179,0.5,True,GO:BP,4,13479,4
233,"""The self-renewing division of a germline stem cell, to produce a daughter stem cell and a daughter germ cell which will divide to form one or more gametes."" [GOC:dos]",20206,27742,2,"[[], [], [], [], [], [], [], [], [], [], [], [], [], [], [], [], [], [], [], [], [], [], [], [], [], [], [], [], [], [], [], [], [], [], [], [], [], [], [], [], [], [], [], [], [], ['IEA'], [], [], [], [], [], [], [], [], [], [], [], [], [], [], [], [], [], [], [], [], [], [], [], [], [], [], [], [], [], [], [], [], [], [], [], [], [], [], [], [], [], [], [], [], [], [], [], [], [], [], [], [], [], [], [], [], [], [], [], [], [], [], [], [], [], [], [], [], [], [], [], [], [], [], [], [], [], [], [], [], [], [], [], [], [], [], [], [], [], [], [], [], [], [], [], [], [], [], [], [], [], [], [], [], [], [], [], [], [], [], [], [], [], [], [], [], [], [], [], [], [], [], [], [], [], [], [], [], [], ['IEA'], [], [], []]",germline stem cell asymmetric division,GO:0098728,0.0065175336721379805,"['GO:0042078', 'GO:0098722']",0.0111731843575419,query_1,179,0.5,True,GO:BP,4,17619,3
243,"""The attachment of an adhesion molecule in one cell to an identical molecule in an adjacent cell."" [ISBN:0198506732]",20206,12709,6,"[[], [], [], [], [], [], [], [], [], [], [], [], [], [], [], [], [], [], [], [], [], [], ['IEA'], ['IDA', 'IEA'], [], [], [], [], [], [], [], [], [], [], [], ['ISS', 'IBA'], ['IEA'], [], [], [], [], [], [], [], [], [], [], [], [], [], [], [], [], [], [], [], [], [], [], [], [], [], [], [], [], [], [], [], [], [], [], ['IBA'], [], [], [], [], [], [], [], [], [], [], [], [], [], [], [], [], [], [], [], [], [], [], [], [], [], [], [], [], [], [], [], [], [], [], [], [], [], [], [], [], [], [], [], [], [], [], [], [], [], [], [], [], [], [], [], [], [], [], [], [], ['IDA'], [], [], [], [], [], [], [], [], [], [], [], [], [], [], [], [], [], [], [], [], [], [], [], [], [], [], [], [], [], [], [], [], [], [], [], [], [], [], [], [], [], [], [], [], [], []]",homophilic cell-cell adhesion,GO:0007156,0.007384964214104634,['GO:0098609'],0.0335195530726257,query_1,179,0.05263157894736842,True,GO:BP,114,2586,1
246,"""The growth of a cell, where growth contributes to the progression of the cell over time from one condition to another."" [GOC:go_curators, GOC:isa_complete]",20206,22133,8,"[[], [], [], [], [], [], [], [], [], [], [], [], [], [], [], [], [], [], [], [], [], [], [], [], [], [], [], [], [], [], [], [], [], [], [], ['IDA', 'IBA', 'IEA'], [], [], [], [], [], [], ['IEA'], [], [], [], [], [], [], [], [], [], [], [], [], ['IEA'], [], [], [], [], [], [], [], [], [], [], [], [], [], [], [], [], [], [], [], [], [], [], [], [], [], [], [], [], [], [], [], [], [], [], [], [], [], [], [], [], [], [], [], [], [], [], [], [], [], [], [], [], [], [], ['IBA'], [], [], [], [], ['ISS'], [], [], [], [], [], [], [], [], [], [], [], [], [], ['IEA'], [], [], [], [], ['IEA'], [], [], [], [], [], [], [], [], [], [], [], [], [], [], [], [], [], [], [], [], ['IEA'], [], [], [], [], [], [], [], [], [], [], [], [], [], [], [], [], [], [], [], [], [], [], []]",developmental cell growth,GO:0048588,0.008161612218476468,"['GO:0016049', 'GO:0048468', 'GO:0048589']",0.0446927374301676,query_1,179,0.037914691943127965,True,GO:BP,211,12010,1
248,"""Any apoptotic process in a neuron, the basic cellular unit of nervous tissue. Each neuron consists of a body, an axon, and dendrites. Their purpose is to receive, conduct, and transmit impulses in the nervous system."" [CL:0000540, GOC:mtg_apoptosis]",20206,22907,9,"[[], [], [], [], [], [], [], [], [], [], [], [], [], [], [], [], [], [], [], [], [], [], [], [], [], [], [], [], [], [], [], [], ['IEA'], [], [], [], [], [], [], [], [], [], [], [], [], [], [], [], [], [], [], ['IDA'], [], [], [], [], [], [], [], [], [], [], [], [], [], [], [], [], ['IEA'], [], [], [], [], ['ISS', 'IEA'], [], [], [], [], [], [], [], [], [], [], [], [], [], [], [], [], [], [], [], [], [], [], [], ['ISS'], [], [], [], [], [], [], [], [], [], [], [], [], [], [], ['ISS', 'IEA'], [], [], [], [], [], [], ['IEA'], [], [], [], [], [], [], [], [], [], [], [], [], [], [], [], [], [], [], [], [], [], [], [], [], [], [], [], [], [], [], [], [], [], [], [], [], ['IEA'], [], [], [], [], [], [], [], ['IEA'], [], [], [], [], [], [], [], [], [], [], [], [], [], []]",neuron apoptotic process,GO:0051402,0.009674631424274199,['GO:0006915'],0.05027932960893855,query_1,179,0.033210332103321034,True,GO:BP,271,12784,5
253,"""The orderly movement of a neuroblast from one site to another, often during the development of a multicellular organism or multicellular structure. A neuroblast is any cell that will divide and give rise to a neuron."" [CL:0000031, GOC:jc, PMID:15543145]",20206,27547,2,"[[], [], [], [], [], [], [], [], [], [], [], [], [], [], [], [], [], [], [], [], [], [], [], [], [], [], [], [], [], [], [], [], [], [], [], [], [], [], [], ['IEA'], [], [], [], [], [], [], [], [], [], [], [], [], [], [], [], [], [], [], [], [], [], [], [], [], [], [], [], [], [], [], [], [], [], [], [], [], [], [], [], [], [], [], [], [], [], [], [], [], [], [], [], [], [], [], [], [], [], [], [], [], [], [], [], [], [], [], [], [], [], [], [], [], [], [], [], [], [], [], [], [], [], [], [], [], [], [], [], [], [], [], [], [], [], [], [], [], [], [], [], [], [], [], [], [], [], [], [], [], [], ['ISS'], [], [], [], [], [], [], [], [], [], [], [], [], [], [], [], [], [], [], [], [], [], [], [], [], [], [], [], [], []]",neuroblast migration,GO:0097402,0.010051517961884924,['GO:0016477'],0.0111731843575419,query_1,179,0.4,True,GO:BP,5,17424,1
252,"""Cell-cell signaling that mediates the transfer of information from a neuron to a glial cell. This signaling has been shown to be mediated by various molecules released by different types of neurons, e.g. glutamate, gamma-amino butyric acid (GABA), noradrenaline, acetylcholine, dopamine and adenosine."" [GOC:aruk, GOC:bc, PMID:10195197, PMID:10196584, PMID:10377338, PMID:10493741, PMID:11356870, PMID:11399439, PMID:15252819, PMID:27788368]",20206,29007,2,"[[], [], [], [], [], [], [], [], ['ISS'], [], [], [], [], [], [], [], [], [], [], [], [], [], [], [], [], [], [], [], [], [], [], [], [], [], [], [], [], [], [], [], [], [], [], [], [], [], [], [], [], [], [], [], [], [], [], [], [], [], ['ISS'], [], [], [], [], [], [], [], [], [], [], [], [], [], [], [], [], [], [], [], [], [], [], [], [], [], [], [], [], [], [], [], [], [], [], [], [], [], [], [], [], [], [], [], [], [], [], [], [], [], [], [], [], [], [], [], [], [], [], [], [], [], [], [], [], [], [], [], [], [], [], [], [], [], [], [], [], [], [], [], [], [], [], [], [], [], [], [], [], [], [], [], [], [], [], [], [], [], [], [], [], [], [], [], [], [], [], [], [], [], [], [], [], [], [], [], [], [], [], [], []]",neuron-glial cell signaling,GO:0150099,0.010051517961884924,['GO:0007267'],0.0111731843575419,query_1,179,0.4,True,GO:BP,5,18884,1
350,"""Any process that modulates the frequency, rate or extent of a response to an external stimulus."" [GOC:mah]",20206,17010,19,"[[], [], [], [], [], [], [], [], [], [], [], [], [], [], [], [], [], [], [], [], [], ['IBA'], [], ['IDA'], [], [], [], [], [], [], [], [], [], [], ['ISS', 'IEA'], ['IDA', 'IBA', 'IEA'], [], [], [], ['IEA'], [], [], [], [], [], [], [], [], [], ['IC'], [], [], [], [], [], [], [], [], [], [], ['IEA'], [], [], [], [], [], [], [], ['IEA'], [], [], [], [], ['ISS', 'IEA'], [], [], [], [], [], [], [], [], [], [], [], [], [], [], [], ['ISS', 'IC', 'IEA'], [], ['IDA'], [], [], [], ['IMP'], [], [], ['IMP'], [], [], ['ISS', 'IEA'], [], [], [], [], [], [], [], ['IDA', 'ISS', 'IBA', 'IEA'], [], [], [], [], [], [], [], [], [], [], ['TAS'], [], [], [], [], [], [], [], [], [], [], ['ISS', 'NAS', 'IEA'], [], ['IMP'], [], [], [], [], [], [], [], [], [], [], [], [], [], [], [], [], [], [], [], [], [], [], [], [], [], [], [], [], ['IEA'], [], [], [], [], [], [], [], [], [], [], [], [], [], [], [], []]",regulation of response to external stimulus,GO:0032101,0.010077770320302337,"['GO:0009605', 'GO:0048583']",0.10614525139664804,query_1,179,0.020042194092827006,True,GO:BP,948,6887,1
264,"""The series of molecular signals initiated by ephrin binding to its receptor, and ending with the regulation of a downstream cellular process, e.g. transcription."" [GOC:ceb]",20206,21748,5,"[[], [], [], [], [], [], [], [], [], [], [], [], [], [], [], [], [], [], [], [], [], [], [], [], [], [], [], [], [], [], [], [], [], [], [], [], [], [], [], [], [], [], [], ['IDA', 'IBA', 'IEA'], [], [], [], [], [], [], [], [], [], [], [], [], [], [], [], [], [], [], [], [], [], [], [], [], [], [], [], [], [], [], ['TAS'], [], [], [], [], [], [], [], [], [], [], [], [], [], [], [], [], [], [], [], [], [], [], [], ['IEA'], [], [], [], [], [], [], [], [], [], [], [], [], [], ['IEA'], [], [], [], [], [], [], [], ['TAS'], [], [], [], [], [], [], [], [], [], [], [], [], [], [], [], [], [], [], [], [], [], [], [], [], [], [], [], [], [], [], [], [], [], [], [], [], [], [], [], [], [], [], [], [], [], [], [], [], [], [], [], [], [], [], [], [], [], []]",ephrin receptor signaling pathway,GO:0048013,0.011423142659260678,['GO:0007169'],0.027932960893854747,query_1,179,0.05952380952380952,True,GO:BP,84,11625,1
268,"""The chemical reactions and pathways involving a compound containing a pyrocatechol (1,2-benzenediol) nucleus or substituent."" [GOC:sm, ISBN:0198547684]",20206,13574,4,"[[], [], [], [], [], [], [], [], [], [], [], [], [], [], [], [], [], [], [], [], [], [], [], [], [], [], [], [], [], [], [], [], [], [], ['IC', 'IEA'], [], [], [], [], [], [], [], [], [], [], [], [], [], [], [], [], [], [], [], [], [], [], [], [], [], [], [], ['IEA'], [], [], [], [], [], [], [], [], [], [], [], [], [], [], [], [], [], [], [], [], [], [], [], [], [], [], [], [], [], [], [], [], [], [], [], [], [], [], [], [], [], [], [], [], [], [], [], [], [], [], [], [], [], [], [], [], [], [], [], [], [], [], [], [], [], [], [], [], [], [], [], [], [], [], [], [], [], [], [], [], [], [], [], [], [], [], [], [], [], [], [], [], ['IEA'], ['IEA'], [], [], [], [], [], [], [], [], [], [], [], [], [], [], [], [], [], [], [], [], [], []]",catechol-containing compound metabolic process,GO:0009712,0.011477636255228355,['GO:0018958'],0.0223463687150838,query_1,179,0.08163265306122448,True,GO:BP,49,3451,2
270,"""The process whose specific outcome is the progression of the dendrite over time, from its formation to the mature structure."" [GOC:aruk, GOC:bc, GOC:jl, ISBN:0198506732, PMID:22683681]",20206,15091,8,"[[], [], [], [], [], [], [], [], [], [], [], [], [], [], [], [], [], [], [], [], [], [], [], [], [], [], [], [], [], ['ISS', 'IEA'], [], [], [], [], [], ['IEA'], [], [], [], [], [], ['IEA'], [], [], [], [], [], [], [], [], [], [], [], [], [], ['IEA'], [], [], [], [], [], [], [], [], [], ['IBA'], [], [], [], [], [], [], [], [], ['IEA'], [], [], [], [], [], [], [], [], [], [], [], [], [], [], [], [], [], [], [], [], [], [], ['ISS'], [], [], [], [], [], [], [], [], [], [], [], [], [], [], [], [], [], [], [], [], [], [], [], [], [], [], [], [], [], [], [], ['IEA'], [], [], [], [], [], [], [], [], [], [], [], [], [], [], [], [], [], [], [], [], [], [], [], [], [], [], [], [], [], [], [], [], [], [], [], [], [], [], [], [], [], [], [], [], [], [], [], [], []]",dendrite development,GO:0016358,0.011627859715882012,"['GO:0031175', 'GO:0048856']",0.0446927374301676,query_1,179,0.035398230088495575,True,GO:BP,226,4968,1
271,"""The controlled self-propelled movement of a cell from one site to a destination guided by molecular cues."" [GOC:cjm, GOC:dph, GOC:ems, GOC:pf, Wikipedia:Cell_migration]",20206,15100,24,"[[], [], [], [], [], [], [], [], [], [], [], [], [], [], ['IDA'], [], [], [], [], [], ['ISS'], [], ['IBA'], ['IDA', 'IBA'], [], [], [], [], [], [], [], [], [], [], ['ISS', 'IEA'], [], ['IMP'], [], ['IEA'], ['IMP', 'IEA'], [], [], [], ['ISS'], [], [], [], [], [], ['IDA'], [], [], ['IEA'], [], [], [], [], [], [], [], [], [], [], [], [], [], [], [], [], [], [], [], [], ['IEA'], [], [], [], [], [], [], [], [], [], [], [], [], [], [], ['ISS', 'IEA'], [], [], [], [], [], [], [], [], ['IDA', 'IGI', 'ISS'], ['IMP'], [], [], [], [], [], [], [], [], [], [], [], [], [], [], [], [], [], [], [], ['IEA'], [], ['IDA', 'IMP', 'IBA'], [], [], [], [], [], [], [], [], ['IEA'], [], ['ISS'], ['IMP'], [], [], [], [], [], [], [], [], [], [], [], [], ['IEA'], [], [], [], ['ISS'], [], [], [], [], [], [], [], ['IBA'], [], [], [], [], [], [], [], [], [], [], ['IMP', 'IEA'], [], [], [], [], [], [], [], [], [], []]",cell migration,GO:0016477,0.011658202862777465,['GO:0048870'],0.1340782122905028,query_1,179,0.017660044150110375,True,GO:BP,1359,4977,1
371,"""The process in which a relatively unspecialized cell acquires specialized features of a neural crest cell."" [GOC:dh, GOC:ef]",20206,14510,5,"[[], [], [], [], [], [], [], [], [], [], [], [], [], [], [], [], [], [], [], [], [], [], [], [], [], [], [], [], [], [], [], [], [], [], [], [], [], [], [], ['IEA'], [], [], [], [], [], [], [], [], [], [], [], [], [], [], [], [], [], [], [], [], [], [], [], [], [], [], [], [], [], [], [], [], [], ['IEA'], [], [], [], [], [], [], [], [], [], [], [], [], [], [], [], [], [], [], [], [], [], [], [], ['ISS'], [], [], [], [], [], [], [], [], [], [], [], [], [], [], [], [], [], [], [], [], ['IEA'], [], [], [], [], [], [], [], [], [], [], [], [], [], [], [], [], [], [], [], [], [], [], [], [], [], [], [], [], [], [], [], [], [], [], [], [], [], [], [], [], [], [], [], [], [], [], [], [], [], ['IEA'], [], [], [], [], [], [], [], [], [], []]",neural crest cell differentiation,GO:0014033,0.011724141298253303,"['GO:0048762', 'GO:0048863']",0.027932960893854747,query_1,179,0.058823529411764705,True,GO:BP,85,4387,1
277,"""Any process that modulates the activity of an enzyme."" [GOC:ai, GOC:ebc, GOC:vw]",20206,22521,15,"[[], [], [], [], [], [], [], [], [], [], [], [], [], [], [], [], [], [], [], [], [], [], [], [], [], [], [], [], [], [], [], [], [], [], ['IDA'], [], [], [], ['IDA'], ['TAS'], [], [], [], ['IDA'], [], [], [], [], [], [], [], ['IDA'], [], [], [], [], [], [], ['TAS'], [], [], [], [], ['TAS'], [], [], [], [], [], [], [], [], [], [], [], [], [], [], [], [], [], [], [], [], [], [], [], [], ['ISS'], [], [], [], [], [], [], [], [], ['ISS'], ['IDA'], [], [], [], [], [], [], [], [], [], [], [], [], [], ['IDA'], [], [], [], [], [], [], [], ['IMP'], [], [], [], [], [], [], [], [], [], ['ISS'], [], [], [], [], ['IDA'], ['IDA'], [], [], [], [], [], [], [], [], [], [], [], [], [], [], [], [], [], [], [], [], [], [], [], [], [], [], [], [], [], [], [], [], [], [], [], [], [], [], [], [], [], []]",regulation of catalytic activity,GO:0050790,0.012853751094542423,['GO:0065009'],0.08379888268156424,query_1,179,0.022123893805309734,True,GO:BP,678,12398,1
281,"""The series of molecular signals initiated by an extracellular ligand binding to a receptor on the surface of the target cell, where the receptor possesses catalytic activity or is closely associated with an enzyme such as a protein kinase, and ending with the regulation of a downstream cellular process, e.g. transcription."" [GOC:mah, GOC:signaling, ISBN:0815316194]",20206,12720,18,"[[], [], [], [], [], [], [], [], [], [], [], [], [], [], ['IDA', 'IEA'], [], [], [], [], [], [], [], [], ['IMP'], [], [], [], [], [], [], [], [], ['IMP'], [], [], [], [], [], [], [], [], [], [], ['IDA', 'IBA', 'IEA'], [], [], [], [], [], [], [], [], ['ISS', 'IEA'], [], ['ISS', 'IBA', 'IEA'], ['IBA', 'IEA'], [], [], [], ['IDA', 'TAS', 'IEA'], [], [], [], [], [], [], ['IDA'], [], [], [], [], [], [], [], ['TAS'], [], [], [], [], [], [], [], [], [], [], [], [], [], [], [], [], [], [], [], [], [], [], [], ['IBA', 'IEA'], [], [], [], [], [], [], [], [], [], ['IMP'], [], [], [], ['IDA', 'IBA', 'IEA'], [], [], [], [], [], ['ISS', 'IEA'], [], ['IMP', 'TAS'], [], [], [], [], [], [], [], [], ['IEA'], [], [], ['IMP'], [], [], [], [], [], [], [], [], [], [], [], [], [], [], [], ['IBA', 'TAS'], [], [], [], [], [], [], [], [], [], [], [], [], [], [], [], [], [], [], [], [], [], [], [], [], [], [], [], [], [], []]",enzyme-linked receptor protein signaling pathway,GO:0007167,0.013459369808739578,['GO:0007166'],0.1005586592178771,query_1,179,0.019933554817275746,True,GO:BP,903,2597,1
282,"""The attachment of a cell, either to another cell or to an underlying substrate such as the extracellular matrix, via cell adhesion molecules."" [GOC:hb, GOC:pf]",20206,12708,23,"[[], [], [], ['IDA'], [], [], [], [], [], [], [], [], [], [], [], [], [], [], [], [], [], [], ['IBA', 'IEA'], ['IDA', 'IMP', 'IBA', 'IEA'], [], [], [], [], [], [], ['IEA'], [], [], [], [], ['ISS', 'IBA', 'TAS', 'IEA'], ['IBA', 'IEA'], [], [], [], [], [], [], ['IDA', 'IEA'], [], [], [], [], [], ['IEA'], ['IEA'], [], ['ISS', 'IEA'], [], [], [], [], [], [], [], [], [], [], [], [], [], [], [], ['IEA'], [], [], ['IBA'], [], [], [], [], [], [], [], [], [], [], [], [], [], [], [], [], [], [], [], ['IBA', 'IEA'], ['IBA', 'IEA'], [], ['IDA', 'TAS'], [], [], [], [], [], [], [], [], [], [], [], [], [], [], [], [], [], [], ['IDA', 'IEA'], [], [], [], [], [], [], [], [], [], [], [], [], [], [], [], ['IEA'], [], [], ['IDA', 'NAS'], [], [], [], [], [], [], ['IDA'], [], [], [], [], [], [], [], [], [], [], [], [], [], [], [], ['IDA', 'IMP'], [], [], [], [], [], [], [], ['ISS', 'IEA'], [], [], [], [], [], [], [], [], [], [], [], ['IEA'], [], ['ISS'], []]",cell adhesion,GO:0007155,0.013484868967428482,['GO:0009987'],0.12849162011173185,query_1,179,0.017746913580246913,True,GO:BP,1296,2585,1
283,"""Any process that results in a change in state or activity of a cell (in terms of movement, secretion, enzyme production, gene expression, etc.) as a result of a stimulus indicating increased oxygen tension."" [GOC:mah]",20206,25674,2,"[[], [], [], [], [], [], [], [], [], ['IDA'], [], [], [], [], [], [], [], [], [], [], [], [], [], [], [], [], [], [], [], [], [], [], [], [], [], [], [], [], [], [], [], [], [], [], [], [], [], [], [], [], [], [], [], [], ['IDA'], [], [], [], [], [], [], [], [], [], [], [], [], [], [], [], [], [], [], [], [], [], [], [], [], [], [], [], [], [], [], [], [], [], [], [], [], [], [], [], [], [], [], [], [], [], [], [], [], [], [], [], [], [], [], [], [], [], [], [], [], [], [], [], [], [], [], [], [], [], [], [], [], [], [], [], [], [], [], [], [], [], [], [], [], [], [], [], [], [], [], [], [], [], [], [], [], [], [], [], [], [], [], [], [], [], [], [], [], [], [], [], [], [], [], [], [], [], [], [], [], [], [], [], []]",cellular response to hyperoxia,GO:0071455,0.013497266957471646,"['GO:0036295', 'GO:0055093', 'GO:0062197']",0.0111731843575419,query_1,179,0.3333333333333333,True,GO:BP,6,15551,1
289,"""Any process that modulates the frequency, rate or extent of neural precursor cell proliferation."" [GOC:dph, GOC:yaf]",20206,33771,5,"[[], [], [], [], [], [], [], [], [], [], [], [], [], [], [], [], [], [], [], [], [], [], [], [], [], [], [], [], [], [], [], [], [], [], ['ISS', 'IEA'], [], [], [], [], [], [], [], ['IEA'], [], [], [], [], [], [], [], [], [], [], [], ['IEA'], [], [], [], [], [], [], [], [], [], [], [], [], [], [], [], ['ISS'], [], [], [], [], [], [], [], [], [], [], [], [], [], [], [], [], [], [], [], [], [], [], [], [], [], [], [], [], [], [], [], [], [], [], [], [], [], [], [], [], [], [], [], [], [], [], [], [], [], [], [], [], [], [], [], [], [], [], [], [], [], [], [], [], [], [], [], [], [], [], [], [], [], [], [], [], [], [], ['ISS'], [], [], [], [], [], [], [], [], [], [], [], [], [], [], [], [], [], [], [], [], [], [], [], [], [], [], [], [], []]",regulation of neural precursor cell proliferation,GO:2000177,0.014272185236973631,"['GO:0042127', 'GO:0061351']",0.027932960893854747,query_1,179,0.05555555555555555,True,GO:BP,90,23648,1
288,"""Any process that results in a change in state or activity of a multicellular organism (in terms of movement, secretion, enzyme production, gene expression, etc.) as a result of a stimulus indicating the organism is under stress. The stress is usually, but not necessarily, exogenous (e.g. temperature, humidity, ionizing radiation)."" [GOC:mah]",20206,17853,5,"[[], [], [], [], [], [], [], [], [], [], [], [], [], [], [], [], [], [], [], [], [], [], [], [], [], [], [], [], [], [], [], [], [], [], [], [], [], [], [], ['IEA'], [], [], [], [], [], [], [], [], [], [], [], [], [], [], [], [], [], [], [], [], [], [], [], [], ['IEA'], [], [], [], [], [], [], [], [], [], [], [], [], [], [], [], [], [], [], [], [], [], [], [], [], [], [], [], [], [], [], [], [], ['ISS'], [], [], [], [], [], [], [], [], ['IEA'], [], [], [], [], [], ['IEA'], [], [], [], [], [], [], [], [], [], [], [], [], [], [], [], [], [], [], [], [], [], [], [], [], [], [], [], [], [], [], [], [], [], [], [], [], [], [], [], [], [], [], [], [], [], [], [], [], [], [], [], [], [], [], [], [], [], [], [], [], [], [], [], [], [], []]",multicellular organismal response to stress,GO:0033555,0.014272185236973631,"['GO:0006950', 'GO:0032501']",0.027932960893854747,query_1,179,0.05555555555555555,True,GO:BP,90,7730,1
302,"""The process in which a cell becomes capable of differentiating autonomously into a motor neuron in an environment that is neutral with respect to the developmental pathway."" [GO_REF:0000021, GOC:cls, GOC:dgh, GOC:dph, GOC:jid]",20206,15819,2,"[[], [], [], [], [], [], [], [], [], [], [], [], [], [], [], [], [], [], [], [], [], [], [], [], [], [], [], [], [], [], [], [], [], [], [], [], [], [], [], [], [], [], [], [], [], [], [], [], [], [], [], [], [], [], [], [], [], [], [], [], [], [], [], [], [], [], [], [], [], [], [], [], [], ['IEA'], [], [], [], [], [], [], [], [], [], [], [], [], [], [], ['IEA'], [], [], [], [], [], [], [], [], [], [], [], [], [], [], [], [], [], [], [], [], [], [], [], [], [], [], [], [], [], [], [], [], [], [], [], [], [], [], [], [], [], [], [], [], [], [], [], [], [], [], [], [], [], [], [], [], [], [], [], [], [], [], [], [], [], [], [], [], [], [], [], [], [], [], [], [], [], [], [], [], [], [], [], [], [], [], [], [], [], []]",spinal cord motor neuron cell fate specification,GO:0021520,0.017550191510150227,"['GO:0021522', 'GO:0048665']",0.0111731843575419,query_1,179,0.2857142857142857,True,GO:BP,7,5696,10
303,"""The process in which a relatively unspecialized cell acquires specialized features of a neuroblast. There are at least four stages through which the pluripotent cells of epiblast or blastula become neuroblasts."" [GOC:ef, ISBN:0878932585]",20206,14496,2,"[[], [], [], [], [], [], [], [], [], [], [], [], [], [], [], [], [], [], [], [], [], [], [], [], [], [], [], [], [], [], [], [], ['IEA'], [], [], [], [], [], [], [], [], [], [], [], [], [], [], [], [], [], [], [], [], [], [], [], [], [], [], [], [], [], [], [], [], [], [], [], [], [], [], [], [], [], [], [], [], [], [], [], [], [], [], [], [], [], [], [], [], [], [], [], [], [], [], [], [], [], [], [], [], [], [], [], [], [], [], [], [], [], [], [], [], [], [], [], [], [], [], [], [], [], [], [], [], [], [], [], [], [], [], [], [], [], [], [], [], [], [], [], [], [], [], [], [], [], [], [], [], ['ISS'], [], [], [], [], [], [], [], [], [], [], [], [], [], [], [], [], [], [], [], [], [], [], [], [], [], [], [], [], []]",neuroblast differentiation,GO:0014016,0.017550191510150227,"['GO:0030154', 'GO:0048699']",0.0111731843575419,query_1,179,0.2857142857142857,True,GO:BP,7,4373,1
306,"""Any process that activates or increases the frequency, rate or extent of microtubule polymerization."" [GOC:mah]",20206,16716,3,"[[], [], [], [], [], [], [], [], [], [], [], [], [], [], [], [], [], [], [], [], [], [], [], [], [], [], [], [], [], [], [], [], [], [], [], [], [], [], [], [], [], [], [], [], [], [], [], [], [], [], [], [], [], [], [], [], [], [], [], [], [], [], [], [], [], [], [], [], [], [], [], [], [], [], [], [], [], [], [], [], [], [], [], [], [], [], [], [], [], [], [], [], [], [], [], [], [], [], ['IMP'], [], [], [], [], [], [], [], [], [], [], [], [], [], [], [], [], [], [], [], [], [], ['IMP'], [], [], [], [], [], [], [], [], [], ['ISS', 'IEA'], [], [], [], [], [], [], [], [], [], [], [], [], [], [], [], [], [], [], [], [], [], [], [], [], [], [], [], [], [], [], [], [], [], [], [], [], [], [], [], [], [], [], [], [], [], [], [], []]",positive regulation of microtubule polymerization,GO:0031116,0.018549633183001697,"['GO:0031112', 'GO:0031113', 'GO:0032273', 'GO:0046785', 'GO:1902905']",0.01675977653631285,query_1,179,0.1111111111111111,True,GO:BP,27,6593,6
305,"""The process, occurring in the embryo, by which the anatomical structures of the hindlimbs are generated and organized. The hindlimbs are the posterior limbs of an animal."" [ISBN:0198612001]",20206,18364,3,"[[], [], [], [], [], [], [], [], [], [], [], [], [], [], [], [], [], [], [], [], [], [], [], [], [], [], [], [], [], [], [], [], [], [], [], [], [], [], [], [], [], [], [], [], [], [], [], [], [], [], [], [], [], [], [], [], [], [], [], [], [], [], [], [], [], [], [], [], [], [], [], [], [], [], [], [], [], [], [], [], [], [], [], [], [], [], [], [], [], [], [], [], [], [], [], [], [], [], [], [], [], [], [], [], [], [], [], [], [], [], [], [], [], [], [], [], [], [], [], [], [], [], [], [], [], [], [], [], [], [], [], [], [], [], [], [], [], [], [], [], [], ['IEA'], [], [], [], [], [], [], [], [], [], [], [], [], [], [], [], [], [], [], [], [], [], [], [], [], [], [], ['IEA'], [], [], [], [], [], [], ['IEA'], [], [], []]",embryonic hindlimb morphogenesis,GO:0035116,0.018549633183001697,"['GO:0030326', 'GO:0035137']",0.01675977653631285,query_1,179,0.1111111111111111,True,GO:BP,27,8241,7
310,"""The series of events required for an organism to receive a sensory stimulus, convert it to a molecular signal, and recognize and characterize the signal. This is a neurological process."" [GOC:ai, GOC:dph]",20206,13042,12,"[[], [], [], [], [], [], [], [], [], [], [], [], [], [], [], [], [], [], [], [], [], [], [], [], [], [], [], [], [], [], [], [], [], [], ['ISS', 'IEA'], [], [], [], [], [], [], [], [], [], [], [], [], [], [], [], [], [], [], [], [], [], [], [], [], [], [], [], ['IEA'], [], [], [], [], [], ['IEA'], [], [], [], [], [], [], [], [], [], [], [], [], [], [], [], [], [], ['IBA'], [], [], [], [], [], [], [], [], [], [], [], [], [], [], [], [], [], [], [], [], [], [], [], [], [], ['IEA'], [], [], [], [], ['IBA', 'IEA'], [], [], [], [], [], [], [], [], [], ['TAS'], [], [], [], [], [], [], [], [], [], ['IEA'], [], [], ['IEA'], [], [], [], [], [], [], [], [], ['TAS'], [], [], ['TAS'], [], [], [], [], [], [], [], [], [], [], [], ['IEA'], [], [], [], [], [], [], [], [], [], [], [], [], [], []]",sensory perception,GO:0007600,0.019809754998641904,['GO:0050877'],0.0670391061452514,query_1,179,0.023809523809523808,True,GO:BP,504,2919,1
326,"""Any process that results in a change in state or activity of a cell (in terms of movement, secretion, enzyme production, gene expression, etc.) as a result of a retinoic acid stimulus."" [GOC:mah]",20206,25544,4,"[[], [], ['IEA'], [], [], [], [], [], [], [], [], [], [], [], [], [], [], [], [], [], [], [], [], [], [], [], [], [], [], [], [], [], [], [], ['IEA'], [], [], [], [], [], [], [], [], ['IMP'], [], [], [], [], [], [], [], [], [], [], [], [], [], [], [], [], [], [], [], [], [], [], [], [], [], [], [], [], [], [], [], [], [], [], [], [], [], [], [], [], [], [], [], [], [], [], [], [], [], [], [], [], [], [], [], [], [], [], [], [], [], [], [], [], [], [], [], [], [], [], [], [], [], [], [], [], [], [], [], [], [], [], [], [], [], [], [], [], [], [], [], [], [], [], [], [], ['ISS'], [], [], [], [], [], [], [], [], [], [], [], [], [], [], [], [], [], [], [], [], [], [], [], [], [], [], [], [], [], [], [], [], [], [], [], [], [], []]",cellular response to retinoic acid,GO:0071300,0.02282260462597384,"['GO:0032526', 'GO:0071396', 'GO:1901701']",0.0223463687150838,query_1,179,0.06451612903225806,True,GO:BP,62,15421,1
327,"""The multiplication or reproduction of epithelial cells, resulting in the expansion of a cell population. Epithelial cells make up the epithelium, the covering of internal and external surfaces of the body, including the lining of vessels and other small cavities. It consists of cells joined by small amounts of cementing substances."" [ISBN:0721662544]",20206,22471,10,"[[], [], [], [], [], [], [], [], [], [], [], [], [], [], ['IDA'], [], [], [], [], [], [], [], [], ['IDA', 'IMP'], [], [], [], [], [], [], [], [], [], [], ['IEA'], [], [], [], ['IDA'], ['IEA'], [], [], [], [], [], [], [], [], [], ['ISS', 'IEA'], [], ['ISS'], [], [], [], [], [], [], [], [], [], [], [], [], [], [], [], [], [], [], ['ISS'], [], [], [], [], [], [], [], [], [], [], [], [], [], [], [], [], [], [], [], [], [], [], [], [], [], [], ['IGI', 'ISS'], [], [], [], [], [], [], [], [], [], [], [], [], [], [], [], [], [], [], [], [], ['IMP', 'IEA'], [], [], [], [], [], [], [], [], [], [], [], [], [], [], [], [], [], [], [], [], [], [], [], [], [], [], [], [], [], [], [], [], [], [], [], [], [], [], [], [], [], [], [], [], [], [], [], [], [], [], [], [], [], [], [], [], [], [], [], []]",epithelial cell proliferation,GO:0050673,0.02353999718502105,['GO:0008283'],0.055865921787709494,query_1,179,0.026041666666666668,True,GO:BP,384,12348,11
328,"""Any process that activates, maintains or increases the frequency, rate or extent of glutamatergic synaptic transmission, the process of communication from a neuron to another neuron across a synapse using the neurotransmitter glutamate."" [GOC:ai]",20206,23218,3,"[[], [], [], [], [], [], [], [], [], [], [], [], [], [], [], [], [], [], [], [], [], [], [], [], [], [], [], [], [], [], [], [], [], [], [], [], [], [], [], [], [], [], [], [], [], [], [], [], [], [], [], [], [], [], [], [], [], [], [], [], [], [], ['ISS', 'ISO'], [], [], [], [], [], [], [], [], [], [], [], [], [], [], [], [], [], [], [], [], [], [], [], [], [], [], [], [], [], [], [], [], [], [], [], [], [], [], [], [], [], [], [], [], [], [], [], [], [], ['IEA'], [], [], [], [], [], [], [], [], [], [], [], [], [], [], [], [], [], [], [], [], [], [], [], [], [], [], [], [], [], [], [], [], [], [], [], [], [], [], [], [], [], [], [], [], [], [], [], [], [], [], [], [], [], [], ['ISS'], [], [], [], [], [], [], [], [], [], [], []]","positive regulation of synaptic transmission, glutamatergic",GO:0051968,0.02371618501694366,"['GO:0035249', 'GO:0050806', 'GO:0051966']",0.01675977653631285,query_1,179,0.1,True,GO:BP,30,13095,1
330,"""Any intracellular signal transduction in which the signal is passed on within the cell via calcium ions."" [GOC:signaling]",20206,15738,7,"[[], [], [], [], [], [], [], [], [], [], [], [], [], [], [], [], [], [], [], [], [], [], [], ['IDA'], [], [], [], [], [], [], [], [], [], [], [], [], [], [], [], ['IMP'], [], [], [], [], [], [], [], [], [], [], [], [], [], [], [], [], [], [], [], [], [], [], ['IEA'], [], [], [], [], [], [], [], [], [], [], [], [], [], [], [], [], [], [], [], [], [], [], [], [], [], [], [], [], [], [], [], [], [], [], [], [], [], [], [], [], [], ['IBA', 'IEA'], [], ['ISS', 'IEA'], [], [], [], [], [], [], [], ['TAS'], [], [], [], [], [], [], [], [], ['IMP'], [], [], [], [], [], [], [], [], [], [], [], [], [], [], [], [], [], [], [], [], [], [], [], [], [], [], [], [], [], [], [], [], [], [], [], [], [], [], [], [], [], [], [], [], [], [], [], [], [], [], [], [], [], [], []]",calcium-mediated signaling,GO:0019722,0.02418402367198992,['GO:0141124'],0.03910614525139665,query_1,179,0.03414634146341464,True,GO:BP,205,5615,1
332,"""The series of molecular signals initiated by binding of a ligand to the tyrosine kinase receptor EGFR (ERBB1) on the surface of a cell. The pathway ends with regulation of a downstream cellular process, e.g. transcription."" [GOC:ceb]",20206,12725,6,"[[], [], [], [], [], [], [], [], [], [], [], [], [], [], [], [], [], [], [], [], [], [], [], ['IMP'], [], [], [], [], [], [], [], [], [], [], [], [], [], [], [], [], [], [], [], ['IEA'], [], [], [], [], [], [], [], [], [], [], [], [], [], [], [], [], [], [], [], [], [], [], [], [], [], [], [], [], [], [], [], [], [], [], [], [], [], [], [], [], [], [], [], [], [], [], [], [], [], [], [], [], [], [], ['IEA'], [], [], [], [], [], [], [], [], [], [], [], [], [], ['IEA'], [], [], [], [], [], [], [], [], [], [], [], [], [], [], [], [], ['IEA'], [], [], [], [], [], [], [], [], [], [], [], [], [], [], [], [], [], [], ['TAS'], [], [], [], [], [], [], [], [], [], [], [], [], [], [], [], [], [], [], [], [], [], [], [], [], [], [], [], [], [], []]",epidermal growth factor receptor signaling pathway,GO:0007173,0.024673512968915325,['GO:0038127'],0.0335195530726257,query_1,179,0.0392156862745098,True,GO:BP,153,2602,1
333,"""Any process that stops, prevents, or reduces the frequency, rate or extent of an organismal process, the processes pertinent to the function of an organism above the cellular level; includes the integrated processes of tissues and organs."" [GOC:ai]",20206,22816,18,"[[], [], [], [], [], [], [], [], [], [], [], [], [], [], [], [], [], [], [], [], [], [], [], [], [], [], [], [], ['IDA', 'IBA'], [], [], [], ['ISS', 'IEA'], [], ['IEA'], [], [], [], ['IDA'], [], [], [], [], [], [], [], [], [], [], ['IC'], [], ['IMP'], [], [], ['ISS'], ['IEA'], [], [], [], [], [], [], [], [], [], [], [], [], [], [], ['ISS'], [], [], [], [], [], [], [], [], [], [], [], [], [], [], [], [], [], [], [], [], ['ISS', 'IEA'], [], ['ISS', 'IEA'], [], [], [], ['IDA'], [], [], [], [], [], [], [], [], [], [], [], ['IEA'], [], [], [], [], [], [], [], [], ['IMP', 'ISS', 'TAS', 'IEA'], [], [], [], [], [], [], [], [], [], [], ['IDA'], [], [], [], [], ['IEA'], [], [], [], [], [], [], ['IEA'], [], [], [], [], [], [], [], [], [], [], [], [], [], [], [], [], [], [], [], [], [], [], [], [], [], [], ['IEA'], [], [], [], [], [], [], [], [], [], []]",negative regulation of multicellular organismal process,GO:0051241,0.02519776722792374,"['GO:0032501', 'GO:0048519', 'GO:0051239']",0.1005586592178771,query_1,179,0.018537590113285273,True,GO:BP,971,12693,1
336,"""A simple form of learning whereby the repeated presence of a stimulus leads to a change in the probability or strength of the response to that stimulus. There is no association of one type of stimulus with another, rather it is a generalized response to the environment."" [ISBN:0582227089]",20206,21727,2,"[[], [], [], [], [], [], [], [], [], [], [], [], [], [], [], [], [], [], [], [], [], [], [], [], [], [], [], [], [], [], [], [], [], [], [], [], [], [], [], [], [], [], [], [], [], [], [], [], [], [], [], [], [], [], [], [], [], [], [], [], [], [], [], [], [], [], [], [], ['IEA'], [], [], [], [], [], ['IEA'], [], [], [], [], [], [], [], [], [], [], [], [], [], [], [], [], [], [], [], [], [], [], [], [], [], [], [], [], [], [], [], [], [], [], [], [], [], [], [], [], [], [], [], [], [], [], [], [], [], [], [], [], [], [], [], [], [], [], [], [], [], [], [], [], [], [], [], [], [], [], [], [], [], [], [], [], [], [], [], [], [], [], [], [], [], [], [], [], [], [], [], [], [], [], [], [], [], [], [], [], [], [], [], []]",nonassociative learning,GO:0046958,0.026542657711194264,['GO:0007612'],0.0111731843575419,query_1,179,0.2222222222222222,True,GO:BP,9,11604,1
339,"""The developmental process pertaining to the initial formation of the primitive streak from unspecified parts. The primitive streak is a ridge of cells running along the midline of the embryo where the mesoderm ingresses. It defines the anterior-posterior axis."" [GOC:dph, GOC:sdb_2009, GOC:tb]",20206,26882,2,"[[], [], [], [], [], [], [], [], [], [], [], [], [], [], [], [], [], [], [], [], [], [], [], [], [], [], [], [], [], [], [], [], [], [], [], [], [], [], [], [], [], [], [], [], ['IEA'], [], [], [], [], [], [], [], [], [], [], [], [], [], [], [], [], [], [], [], [], [], [], [], [], [], [], [], [], [], [], [], [], [], [], [], [], [], [], [], [], [], [], [], [], [], [], [], [], [], [], [], [], [], [], [], [], [], [], [], [], [], [], [], [], [], [], [], [], [], [], [], [], [], [], [], [], [], [], [], [], [], [], [], [], ['IEA'], [], [], [], [], [], [], [], [], [], [], [], [], [], [], [], [], [], [], [], [], [], [], [], [], [], [], [], [], [], [], [], [], [], [], [], [], [], [], [], [], [], [], [], [], [], [], [], [], []]",primitive streak formation,GO:0090009,0.026542657711194264,"['GO:0001702', 'GO:0009948', 'GO:0048646']",0.0111731843575419,query_1,179,0.2222222222222222,True,GO:BP,9,16759,1
347,"""The directed movement of some substance from inside of a cell, across the plasma membrane and into the extracellular region."" [GOC:pg]",20206,28526,4,"[[], [], ['ISS', 'IEA'], [], [], [], [], [], [], [], ['IBA'], [], [], [], [], [], [], [], [], [], [], [], [], [], [], [], [], [], [], [], [], [], [], [], [], [], [], [], [], [], [], [], [], [], [], [], [], [], [], [], [], [], [], [], [], [], [], ['IBA'], [], [], [], [], [], [], [], [], [], [], [], [], [], [], [], [], [], [], [], [], [], [], [], [], [], [], [], [], [], [], [], [], [], [], [], [], [], [], [], [], [], [], [], [], [], [], [], [], [], [], [], [], [], [], [], [], [], [], [], [], [], [], [], [], [], [], [], [], [], [], [], [], [], [], [], [], [], [], [], ['IEA'], [], [], [], [], [], [], [], [], [], [], [], [], [], [], [], [], [], [], [], [], [], [], [], [], [], [], [], [], [], [], [], [], [], [], [], [], [], [], [], [], []]",export across plasma membrane,GO:0140115,0.02847480071944316,"['GO:0055085', 'GO:0140352']",0.0223463687150838,query_1,179,0.05970149253731343,True,GO:BP,67,18403,1
349,"""The process of gaseous exchange between an organism and its environment. In plants, microorganisms, and many small animals, air or water makes direct contact with the organism's cells or tissue fluids, and the processes of diffusion supply the organism with dioxygen (O2) and remove carbon dioxide (CO2). In larger animals the efficiency of gaseous exchange is improved by specialized respiratory organs, such as lungs and gills, which are ventilated by breathing mechanisms."" [ISBN:0198506732]",20206,13030,4,"[[], [], [], [], [], [], [], [], [], [], [], [], [], [], [], [], [], [], [], [], [], [], [], [], [], [], [], [], [], [], [], [], [], [], [], [], [], ['ISS', 'IEA'], [], [], [], [], [], [], [], [], [], [], [], [], [], [], [], [], [], [], [], [], [], [], [], [], [], [], [], [], [], [], [], [], [], [], [], [], [], [], [], [], [], [], [], [], [], [], [], [], [], [], [], [], [], [], [], ['IEA'], [], [], [], [], [], [], [], [], [], [], [], [], [], [], [], [], [], [], [], [], [], [], [], [], [], [], [], [], ['IEA'], [], [], [], [], [], [], [], [], [], [], [], [], [], [], [], [], [], [], [], [], [], [], [], [], [], [], [], [], [], [], [], [], [], [], [], [], [], [], [], [], [], [], [], [], ['ISS'], [], [], [], [], [], [], [], [], [], [], []]",respiratory gaseous exchange by respiratory system,GO:0007585,0.02987661014063024,['GO:0032501'],0.0223463687150838,query_1,179,0.058823529411764705,True,GO:BP,68,2907,1
352,"""Any process that activates or increases the frequency, rate or extent of programmed cell death, cell death resulting from activation of endogenous cellular processes."" [GOC:jl]",20206,19974,11,"[[], [], [], [], [], [], [], [], [], ['IMP'], [], [], [], [], [], [], [], [], [], [], [], [], [], [], [], [], [], [], [], [], [], [], [], [], [], [], [], [], [], [], [], [], [], [], [], [], [], [], [], ['ISS', 'IEA'], [], ['IDA'], [], [], ['IMP', 'ISS'], [], [], [], [], [], [], [], ['IEA'], [], [], [], [], [], ['IEA'], [], [], [], [], [], [], [], [], [], [], [], [], [], [], [], [], [], [], [], [], [], [], [], [], [], [], [], [], ['ISS'], [], [], [], [], [], [], [], ['ISS', 'IEA'], [], [], [], [], [], [], ['ISS', 'IEA'], [], [], ['IDA'], [], [], [], [], [], [], [], [], [], [], [], [], [], [], [], [], [], [], [], [], [], [], [], [], [], [], [], [], [], [], [], [], [], [], [], [], [], [], [], [], [], [], [], [], [], [], [], [], [], [], [], [], [], [], [], [], [], [], [], ['IEA'], [], [], []]",positive regulation of programmed cell death,GO:0043068,0.030083066463067597,"['GO:0012501', 'GO:0043067', 'GO:0048522']",0.061452513966480445,query_1,179,0.023454157782515993,True,GO:BP,469,9851,1
354,"""Any process that modulates the frequency, rate or extent of cell proliferation."" [GOC:jl]",20206,19463,23,"[[], [], [], [], [], [], [], [], [], [], [], [], [], [], [], [], [], [], [], [], [], [], [], ['IDA', 'IMP'], [], [], [], [], [], [], [], [], [], [], ['ISS', 'IEA'], [], [], [], ['IDA'], ['IEA'], [], [], ['IEA'], [], [], ['IEA'], [], [], [], ['ISS', 'IEA'], [], ['ISS'], [], [], ['IEA'], [], [], [], [], [], [], [], [], [], [], [], [], [], ['IEA'], [], ['ISS'], [], [], ['IEA'], [], ['IMP'], [], [], [], [], [], [], [], [], [], [], [], [], [], [], [], [], [], [], [], [], [], ['IDA', 'IGI', 'ISS'], [], [], [], [], [], [], [], [], [], [], [], [], [], [], ['IDA'], ['TAS'], [], [], [], [], ['IMP', 'IEA'], [], ['IMP'], [], [], [], [], [], [], [], [], [], [], ['IEA'], [], [], [], [], [], [], [], [], [], [], [], [], [], [], [], [], [], ['ISS'], [], [], [], [], [], [], [], [], [], [], [], [], [], [], [], [], [], [], [], [], ['TAS'], ['TAS'], [], [], [], ['IEA'], [], [], []]",regulation of cell population proliferation,GO:0042127,0.030771929575249577,"['GO:0008283', 'GO:0050794']",0.12849162011173185,query_1,179,0.016346837242359632,True,GO:BP,1407,9340,1
355,"""Any process that activates or increases the frequency, rate or extent of transcription regulatory region DNA binding."" [GOC:obol]",20206,34183,2,"[[], [], [], [], [], [], [], [], [], [], [], [], [], [], [], [], [], [], [], [], [], [], [], [], [], [], [], [], [], [], [], [], [], [], [], [], [], [], [], [], [], [], [], [], [], [], [], [], [], [], [], [], [], [], [], [], [], [], [], [], [], [], [], [], [], [], [], [], [], [], [], [], [], [], [], [], [], [], [], [], [], [], [], [], [], [], [], [], [], [], [], [], [], [], [], [], [], [], [], [], [], [], [], [], [], ['IDA'], [], [], [], [], [], [], [], [], [], [], [], [], [], [], [], [], [], [], [], [], [], [], [], [], [], [], [], [], [], [], [], [], [], [], [], [], [], [], [], [], [], [], [], [], [], [], [], [], [], [], [], [], [], [], [], [], [], [], [], [], [], [], ['IMP'], [], [], [], [], [], [], [], [], [], []]",positive regulation of transcription regulatory region DNA binding,GO:2000679,0.03081395391251287,"['GO:0043388', 'GO:2000677']",0.0111731843575419,query_1,179,0.2,True,GO:BP,10,24060,12
363,"""The attachment of presynaptic membrane to postsynaptic membrane via adhesion molecules that are at least partially embedded in the plasma membrane."" [GOC:dos]",20206,28015,3,"[[], [], [], [], [], [], [], [], [], [], [], [], [], [], [], [], [], [], [], [], [], [], [], [], [], [], [], [], [], [], [], [], [], [], [], [], [], [], [], [], [], [], [], [], [], [], [], [], [], [], [], [], [], [], [], [], [], [], [], [], [], [], [], [], [], [], [], [], [], [], [], [], [], [], [], [], [], [], [], [], [], [], [], [], [], [], [], [], [], [], [], ['IBA', 'IEA'], ['IBA', 'IEA'], [], [], [], [], [], [], [], [], [], [], [], [], [], [], [], [], [], [], [], [], [], [], [], [], [], [], [], [], [], [], [], [], [], [], [], [], [], [], [], [], [], [], [], [], [], [], [], [], [], [], [], [], [], [], [], [], [], [], [], [], [], [], ['IDA', 'IMP'], [], [], [], [], [], [], [], [], [], [], [], [], [], [], [], [], [], [], [], [], [], [], []]",synaptic membrane adhesion,GO:0099560,0.03081395391251287,"['GO:0050808', 'GO:0098609']",0.01675977653631285,query_1,179,0.08823529411764706,True,GO:BP,34,17892,1
357,"""Any process that results in a change in state or activity of a cell (in terms of movement, secretion, enzyme production, gene expression, etc.) as a result of a chemical stimulus indicating the organism is under stress."" [PMID:26653712]",20206,24878,8,"[[], [], [], [], [], [], [], [], [], ['IDA'], [], [], [], [], [], [], [], [], [], [], [], [], [], [], [], [], [], [], [], [], [], [], [], [], [], [], [], [], [], [], [], [], [], [], [], ['IDA'], [], [], [], [], [], [], [], [], ['IDA', 'ISS', 'IEA'], [], [], [], [], [], [], [], [], [], [], [], [], [], [], [], [], [], [], [], [], [], [], [], [], [], [], [], [], [], [], [], [], [], [], [], [], [], [], [], [], ['IDA'], [], [], ['IMP'], [], [], [], [], [], [], [], [], [], ['IDA'], [], [], [], [], [], [], [], [], [], [], ['IEA'], [], [], [], [], [], [], [], [], [], [], [], ['IEA'], [], [], [], [], [], [], [], [], [], [], [], [], [], [], [], [], [], [], [], [], [], [], [], [], [], [], [], [], [], [], [], [], [], [], [], [], [], [], [], [], [], [], [], [], [], [], []]",cellular response to chemical stress,GO:0062197,0.03081395391251287,"['GO:0033554', 'GO:0070887']",0.0446927374301676,query_1,179,0.02888086642599278,True,GO:BP,277,14755,1
356,"""Any process that results in a change in the behavior of an organism as a result of an ethanol stimulus."" [GOC:jid]",20206,21828,2,"[[], [], [], [], [], [], [], [], [], [], [], [], [], [], [], [], [], [], [], [], [], [], [], [], [], [], [], [], ['IMP'], [], [], [], [], [], ['ISS', 'IEA'], [], [], [], [], [], [], [], [], [], [], [], [], [], [], [], [], [], [], [], [], [], [], [], [], [], [], [], [], [], [], [], [], [], [], [], [], [], [], [], [], [], [], [], [], [], [], [], [], [], [], [], [], [], [], [], [], [], [], [], [], [], [], [], [], [], [], [], [], [], [], [], [], [], [], [], [], [], [], [], [], [], [], [], [], [], [], [], [], [], [], [], [], [], [], [], [], [], [], [], [], [], [], [], [], [], [], [], [], [], [], [], [], [], [], [], [], [], [], [], [], [], [], [], [], [], [], [], [], [], [], [], [], [], [], [], [], [], [], [], [], [], [], [], []]",behavioral response to ethanol,GO:0048149,0.03081395391251287,"['GO:0030534', 'GO:0045471']",0.0111731843575419,query_1,179,0.2,True,GO:BP,10,11705,1
367,"""Any process that results in a change in state or activity of a cell (in terms of movement, secretion, enzyme production, gene expression, etc.) as a result of a calcium ion stimulus."" [GOC:mah]",20206,25521,4,"[[], [], [], [], [], [], [], [], [], [], [], [], [], [], [], [], [], [], [], [], [], [], [], [], [], [], [], [], ['ISS'], [], [], [], [], [], [], [], [], [], [], [], [], [], [], [], [], [], [], [], [], [], [], [], [], [], [], [], [], [], [], [], [], [], [], [], [], [], [], [], [], [], [], [], [], [], [], ['IMP'], [], [], [], [], [], [], [], [], [], [], [], [], [], [], [], [], [], [], [], [], [], ['ISS'], [], [], [], [], [], [], [], [], ['ISS', 'IEA'], [], [], [], [], [], [], [], [], [], [], [], [], [], [], [], [], [], [], [], [], [], [], [], [], [], [], [], [], [], [], [], [], [], [], [], [], [], [], [], [], [], [], [], [], [], [], [], [], [], [], [], [], [], [], [], [], [], [], [], [], [], [], [], [], [], [], [], [], [], [], [], []]",cellular response to calcium ion,GO:0071277,0.03147214731327441,"['GO:0051592', 'GO:0071248']",0.0223463687150838,query_1,179,0.05714285714285714,True,GO:BP,70,15398,8
368,"""The controlled release of a fluid by a cell or tissue in an animal."" [GOC:ai, GOC:dph, GOC:mah, GOC:tb]",20206,13033,4,"[[], [], [], [], [], [], [], [], [], [], [], [], [], [], [], [], [], [], [], [], [], [], [], [], [], [], [], [], [], [], [], [], [], [], [], [], [], [], [], [], [], [], [], [], [], [], [], [], [], [], [], [], [], [], [], [], [], [], [], [], [], [], [], [], [], [], [], [], [], [], [], [], [], [], ['IEA'], [], [], [], [], [], [], [], [], [], [], [], [], [], [], [], [], [], [], [], [], [], [], [], [], [], [], [], [], [], [], [], [], [], [], ['IEA'], [], [], [], [], [], [], [], [], [], [], [], [], [], [], [], [], [], [], [], ['IEA'], [], [], [], [], [], [], [], [], [], [], [], [], [], [], [], [], [], [], [], [], [], [], [], [], [], [], [], [], [], [], [], [], [], [], [], [], [], [], [], [], ['TAS'], [], [], [], [], [], [], [], []]",body fluid secretion,GO:0007589,0.03147214731327441,"['GO:0046903', 'GO:0050878']",0.0223463687150838,query_1,179,0.05714285714285714,True,GO:BP,70,2910,1
370,"""The directed movement of sodium ions (Na+) into, out of or within a cell, or between cells, by means of some agent such as a transporter or pore."" [GOC:ai]",20206,12489,7,"[[], [], [], [], [], [], [], [], [], [], ['IBA'], [], [], [], [], [], [], [], [], [], [], [], [], [], [], [], [], [], [], [], [], [], [], [], ['ISS', 'IEA'], [], [], [], [], ['IEA'], [], [], [], [], [], [], [], [], [], [], [], [], [], [], [], [], [], ['IBA', 'IEA'], [], [], [], [], ['IDA'], [], ['IMP', 'IBA', 'NAS', 'IEA'], [], [], [], [], [], [], [], [], [], [], [], [], [], [], [], [], [], [], [], [], [], [], [], [], [], [], [], [], [], [], [], [], [], [], [], [], [], [], [], [], [], [], [], [], [], [], [], [], [], [], [], [], [], [], [], [], [], [], [], [], [], [], [], [], [], [], [], [], [], [], [], [], [], [], [], [], [], [], [], [], [], [], [], [], [], ['IEA'], [], [], [], [], [], [], [], [], [], [], [], [], [], [], [], [], [], [], [], [], [], [], [], [], [], [], [], []]",sodium ion transport,GO:0006814,0.0323870698119258,['GO:0030001'],0.03910614525139665,query_1,179,0.03167420814479638,True,GO:BP,221,2366,1
377,"""Any process that results in a change in state or activity of a cell or an organism (in terms of movement, secretion, enzyme production, gene expression, etc.) as a result of an abiotic (not derived from living organisms) stimulus."" [GOC:hb]",20206,13515,18,"[[], [], [], [], [], [], [], [], [], ['IDA'], [], [], [], [], [], [], [], [], [], [], [], [], [], [], [], [], [], [], [], [], [], [], [], [], ['ISS', 'IEA'], [], [], [], [], [], [], [], [], [], [], [], [], [], [], [], [], ['IDA'], [], [], ['IDA', 'ISS'], [], [], [], [], [], [], [], ['IEA'], [], [], [], [], ['IEA'], ['IEA'], [], ['ISS'], [], [], [], [], [], [], [], [], [], [], [], [], [], [], [], [], [], [], [], [], [], [], [], [], ['IDA'], [], [], [], [], [], [], [], [], [], [], ['ISS', 'IEA'], [], ['IDA'], [], [], [], ['IEA'], [], [], [], [], [], [], [], [], [], [], [], [], [], [], [], ['IEP'], ['IEA'], [], ['IEP', 'IEA'], [], [], [], [], [], ['IEA'], [], [], [], [], [], [], [], [], [], [], [], [], [], [], [], [], [], [], [], [], [], [], [], ['ISS'], [], [], [], [], [], [], ['IMP', 'IEA'], [], [], [], [], [], [], [], [], [], []]",response to abiotic stimulus,GO:0009628,0.03372836177741228,['GO:0050896'],0.1005586592178771,query_1,179,0.01782178217821782,True,GO:BP,1010,3392,1
382,"""Any process that stops, prevents, or reduces the frequency, rate or extent of the Notch signaling pathway."" [GOC:go_curators]",20206,20939,3,"[[], [], [], [], [], [], [], [], [], [], [], [], [], [], [], [], [], [], [], [], [], [], [], [], [], [], [], [], [], [], [], [], ['IEA'], [], [], [], [], [], [], [], [], [], [], [], [], [], [], [], [], [], [], ['ISS'], [], [], [], [], [], [], [], [], [], [], [], [], [], [], [], [], [], [], [], [], [], [], [], [], [], [], [], [], [], [], [], [], [], [], [], [], [], [], [], [], [], [], [], [], [], [], [], [], [], [], [], [], [], [], [], [], [], [], [], [], [], [], [], [], [], [], ['IDA'], [], [], [], [], [], [], [], [], [], [], [], [], [], [], [], [], [], [], [], [], [], [], [], [], [], [], [], [], [], [], [], [], [], [], [], [], [], [], [], [], [], [], [], [], [], [], [], [], [], [], [], [], [], [], [], [], [], [], [], []]",negative regulation of Notch signaling pathway,GO:0045746,0.03446195597152515,"['GO:0007219', 'GO:0008593', 'GO:0009968']",0.01675977653631285,query_1,179,0.08333333333333333,True,GO:BP,36,10816,1
396,"""Any process that results in a change in state or activity of a cell or an organism (in terms of movement, secretion, enzyme production, gene expression, etc.) as a result of an electrical stimulus."" [GOC:ai]",20206,23019,3,"[[], [], [], [], [], [], [], [], [], [], [], [], [], [], [], [], [], [], [], [], [], [], [], [], [], [], [], [], [], [], [], [], [], [], [], [], [], [], [], [], [], [], [], [], [], [], [], [], [], [], [], [], [], [], [], [], [], [], [], [], [], [], [], [], [], [], [], [], [], [], [], [], [], [], [], [], [], [], [], [], [], [], [], [], [], [], [], [], [], [], [], [], [], [], [], [], [], [], [], [], [], [], [], [], [], [], ['ISS', 'IEA'], [], [], [], [], [], ['IEA'], [], [], [], [], [], [], [], [], [], [], [], [], [], [], [], [], ['IEA'], [], [], [], [], [], [], [], [], [], [], [], [], [], [], [], [], [], [], [], [], [], [], [], [], [], [], [], [], [], [], [], [], [], [], [], [], [], [], [], [], [], [], [], [], [], [], [], [], []]",response to electrical stimulus,GO:0051602,0.03594701535109767,['GO:0009628'],0.01675977653631285,query_1,179,0.08108108108108109,True,GO:BP,37,12896,1
400,"""Any process that results in a change in state or activity of a cell or an organism (in terms of movement, secretion, enzyme production, gene expression, etc.) as a result of a fluid shear stress stimulus. Fluid shear stress is the force acting on an object in a system where the fluid is moving across a solid surface."" [GOC:sl]",20206,18169,3,"[[], [], ['IDA'], [], [], [], [], [], [], [], [], [], [], [], [], [], [], [], [], [], [], [], [], [], [], [], [], [], [], [], [], [], [], [], [], [], [], [], [], [], [], [], [], [], [], [], [], [], [], [], [], [], [], [], [], [], [], [], [], [], [], [], [], [], [], [], [], [], [], [], [], [], [], [], [], [], [], [], [], [], [], [], [], [], [], [], [], [], [], [], [], [], [], [], [], [], [], ['ISS'], [], [], [], [], [], [], [], [], [], [], [], [], [], [], [], [], [], [], [], [], [], [], [], [], [], [], [], [], [], [], [], [], [], ['IEA'], [], [], [], [], [], [], [], [], [], [], [], [], [], [], [], [], [], [], [], [], [], [], [], [], [], [], [], [], [], [], [], [], [], [], [], [], [], [], [], [], [], [], [], [], [], [], []]",response to fluid shear stress,GO:0034405,0.03829445477007919,['GO:0006950'],0.01675977653631285,query_1,179,0.07894736842105263,True,GO:BP,38,8046,17
408,"""The change in form (cell shape and size) that occurs during the differentiation of an endothelial cell."" [GOC:ascb_2009, GOC:dph, GOC:tb]",20206,10623,2,"[[], [], [], [], [], [], [], [], [], [], [], [], [], [], [], [], [], [], [], [], [], [], [], [], [], [], [], [], [], [], [], [], [], [], [], [], [], [], [], [], [], [], [], [], [], [], [], [], [], [], [], [], [], [], [], [], [], [], [], [], [], [], [], [], [], [], [], [], [], [], [], [], [], [], [], [], [], [], [], [], [], [], [], [], [], [], [], [], [], [], [], [], [], [], ['ISS'], [], [], [], ['IDA'], [], [], [], [], [], [], [], [], [], [], [], [], [], [], [], [], [], [], [], [], [], [], [], [], [], [], [], [], [], [], [], [], [], [], [], [], [], [], [], [], [], [], [], [], [], [], [], [], [], [], [], [], [], [], [], [], [], [], [], [], [], [], [], [], [], [], [], [], [], [], [], [], [], [], [], [], [], [], [], []]",endothelial cell morphogenesis,GO:0001886,0.03981986774808292,"['GO:0001885', 'GO:0003382']",0.0111731843575419,query_1,179,0.16666666666666666,True,GO:BP,12,500,19
410,"""The progression of the pituitary gland over time from its initial formation until its mature state. The pituitary gland is an endocrine gland that secretes hormones that regulate many other glands."" [GO_REF:0000021, GOC:cls, GOC:dgh, GOC:dph, GOC:jid]",20206,16230,3,"[[], [], [], [], [], [], [], [], [], [], [], [], [], [], [], [], [], [], [], [], [], [], [], [], [], [], [], [], [], [], [], [], [], [], ['ISS', 'IEA'], [], [], [], [], [], [], [], [], [], [], [], [], [], [], [], [], [], [], [], [], [], [], [], [], [], [], [], [], [], [], [], [], [], [], [], [], [], [], ['IEA'], [], [], [], [], [], [], [], [], [], [], [], [], [], [], [], [], [], [], [], [], [], [], [], [], [], [], [], [], [], [], [], [], [], [], [], [], [], [], [], [], [], [], [], [], [], [], [], [], [], [], [], [], [], [], [], [], [], [], [], [], [], [], [], [], [], [], [], [], [], [], [], [], [], [], [], ['ISS'], [], [], [], [], [], [], [], [], [], [], [], [], [], [], [], [], [], [], [], [], [], [], [], [], [], [], [], [], []]",pituitary gland development,GO:0021983,0.04002376740172522,"['GO:0021536', 'GO:0035270', 'GO:0048732']",0.01675977653631285,query_1,179,0.07692307692307693,True,GO:BP,39,6107,20
411,"""The directed movement of potassium ions from outside of a cell, across the plasma membrane and into the cytosol."" [PMID:9139127]",20206,33499,3,"[[], [], [], [], [], [], [], [], [], [], ['IBA'], [], [], [], [], [], [], [], [], [], [], [], [], [], [], [], [], [], [], [], [], [], [], [], [], [], [], [], [], [], [], [], [], [], [], [], [], [], [], [], [], [], [], [], [], [], [], [], [], [], [], [], [], [], ['NAS'], [], [], [], [], [], [], [], [], [], [], [], [], [], [], ['IBA'], [], [], [], [], [], [], [], [], [], [], [], [], [], [], [], [], [], [], [], [], [], [], [], [], [], [], [], [], [], [], [], [], [], [], [], [], [], [], [], [], [], [], [], [], [], [], [], [], [], [], [], [], [], [], [], [], [], [], [], [], [], [], [], [], [], [], [], [], [], [], [], [], [], [], [], [], [], [], [], [], [], [], [], [], [], [], [], [], [], [], [], [], [], [], [], [], [], [], []]",potassium ion import across plasma membrane,GO:1990573,0.04002376740172522,"['GO:0071805', 'GO:0098659']",0.01675977653631285,query_1,179,0.07692307692307693,True,GO:BP,39,23376,1
414,"""The characteristic movement of an immature neuron from germinal zones to specific positions where they will reside as they mature."" [CL:0000540, GOC:go_curators]",20206,10540,6,"[[], [], [], [], [], [], [], [], [], [], [], [], [], [], [], [], [], [], [], [], ['ISS'], [], [], [], [], [], [], [], [], [], [], [], [], [], ['ISS', 'IEA'], [], [], [], [], [], [], [], [], [], [], [], [], [], [], [], [], [], ['IEA'], [], [], [], [], [], [], [], [], [], [], [], [], [], [], [], [], [], [], [], [], [], [], [], [], [], [], [], [], [], [], [], [], [], [], [], [], [], [], [], [], [], [], [], [], ['ISS'], [], [], [], [], [], [], [], [], [], [], [], [], [], [], [], [], [], [], [], [], [], [], [], [], [], [], [], [], [], [], [], [], [], [], [], [], [], [], [], [], [], [], [], [], [], [], [], ['IEA'], [], [], [], [], [], [], [], [], [], [], [], [], [], [], [], [], [], [], [], [], [], [], ['IEA'], [], [], [], [], [], [], [], [], [], []]",neuron migration,GO:0001764,0.04046074206264781,"['GO:0016477', 'GO:0048699']",0.0335195530726257,query_1,179,0.03389830508474576,True,GO:BP,177,417,1
419,"""Any process that activates or increases the frequency, rate, or extent of interleukin-6 production."" [GOC:mah]",20206,17426,4,"[[], [], [], [], [], [], [], [], [], [], [], [], [], [], [], [], [], [], [], [], [], [], [], [], [], [], [], [], [], [], [], [], [], [], [], [], [], [], [], [], [], [], [], [], [], [], [], [], [], [], [], [], [], [], [], [], [], [], [], [], [], [], [], [], [], [], [], [], [], [], [], [], [], ['ISS', 'IEA'], [], [], [], [], [], [], [], [], [], [], [], [], [], [], [], ['ISS', 'IEA'], [], [], [], [], [], ['IMP'], [], [], [], [], [], [], [], [], [], [], [], [], [], [], [], [], [], [], [], [], [], [], [], [], [], [], [], [], [], [], [], [], [], [], [], [], [], [], [], [], [], [], [], [], [], [], [], [], [], [], [], [], [], [], [], [], [], [], [], [], [], [], [], [], [], [], [], [], [], [], [], [], ['IMP'], [], [], [], [], [], [], [], [], [], []]",positive regulation of interleukin-6 production,GO:0032755,0.04261152989808255,"['GO:0001819', 'GO:0032635', 'GO:0032675']",0.0223463687150838,query_1,179,0.05063291139240506,True,GO:BP,79,7303,22
425,"""The regionalization process that creates areas within the forebrain that will direct the behavior of cell migration in differentiation as the telencephalon develops."" [GO_REF:0000021, GOC:cls, GOC:dgh, GOC:dph, GOC:jid, GOC:mgi_curators]",20206,16225,2,"[[], [], [], [], [], [], [], [], [], [], [], [], [], [], [], [], [], [], [], [], [], [], [], [], [], [], [], [], [], [], [], [], [], [], [], [], [], [], [], [], [], [], ['IEA'], [], [], [], [], [], [], [], [], [], [], [], [], [], [], [], [], [], [], [], [], [], [], [], [], [], [], [], [], [], [], [], [], [], [], [], [], [], [], [], [], [], [], [], [], [], [], [], [], [], [], [], [], [], [], [], [], [], [], [], [], [], [], [], [], [], [], [], [], [], [], [], [], [], [], [], [], [], [], [], [], [], [], [], [], [], [], [], [], [], [], [], [], [], [], [], [], [], [], [], [], [], [], [], [], [], [], ['ISS'], [], [], [], [], [], [], [], [], [], [], [], [], [], [], [], [], [], [], [], [], [], [], [], [], [], [], [], [], []]",telencephalon regionalization,GO:0021978,0.044501980072962535,"['GO:0003002', 'GO:0021537', 'GO:0021871']",0.0111731843575419,query_1,179,0.15384615384615385,True,GO:BP,13,6102,1
427,"""The series of molecular signals initiated by activation of a ligand-gated ion channel on the surface of a cell. The pathway begins with binding of an extracellular ligand to a ligand-gated ion channel and ends with a molecular function that directly regulates a downstream cellular process, e.g. transcription."" [GOC:bhm, PMID:25869137]",20206,33573,3,"[[], [], [], [], [], [], [], [], [], [], [], [], [], [], [], [], [], [], [], [], [], [], [], [], [], [], [], [], [], [], [], [], [], [], [], [], [], [], [], [], [], [], [], [], [], [], [], [], [], [], [], [], [], [], [], [], [], [], [], [], [], [], ['ISS', 'ISO', 'IEA'], [], [], [], [], [], [], ['IDA', 'IEA'], [], [], [], [], [], [], [], [], [], [], [], [], [], [], [], [], [], [], [], [], [], [], [], [], [], [], [], ['ISS'], [], [], [], [], [], [], [], [], [], [], [], [], [], [], [], [], [], [], [], [], [], [], [], [], [], [], [], [], [], [], [], [], [], [], [], [], [], [], [], [], [], [], [], [], [], [], [], [], [], [], [], [], [], [], [], [], [], [], [], [], [], [], [], [], [], [], [], [], [], [], [], [], [], [], [], [], [], [], [], [], []]",ligand-gated ion channel signaling pathway,GO:1990806,0.044501980072962535,['GO:0007165'],0.01675977653631285,query_1,179,0.07317073170731707,True,GO:BP,41,23450,1
435,"""Any biological process involved in the maintenance of an internal steady state. Homeostasis allows cells and organisms to maintain stable internal conditions despite varying external conditions."" [PMID:26265027]",20206,19721,23,"[[], [], ['IDA', 'IMP', 'TAS'], [], [], [], [], [], [], [], ['IBA', 'IEA'], [], [], [], [], [], [], [], [], [], [], [], [], [], [], [], [], [], [], [], [], [], [], [], ['IDA', 'ISS', 'IEA'], [], [], [], [], ['IEA'], [], [], ['IEA'], [], [], [], [], [], [], [], [], ['ISS', 'IBA'], [], [], ['ISS', 'IEA'], [], [], [], [], [], [], [], [], ['IEA'], [], [], [], [], ['IDA', 'IEA'], [], ['ISS'], [], [], [], [], [], [], [], [], [], [], [], [], [], [], [], [], [], [], ['IMP', 'IGI', 'IBA', 'NAS'], [], [], [], ['IDA'], [], [], [], ['ISS'], [], [], [], [], [], [], [], ['ISS', 'IEA'], [], [], [], ['IEA'], [], [], [], [], [], [], [], [], [], [], [], [], [], [], [], [], [], [], [], ['IEA'], [], ['ISS', 'IEA'], [], [], [], [], [], [], [], [], [], [], [], [], [], [], [], [], [], [], ['IEA'], [], ['ISS', 'IEA'], [], ['IEA'], ['IEA'], [], [], [], [], [], [], [], [], [], [], [], [], ['ISS', 'IEA'], [], [], [], ['IEA'], [], [], [], [], [], []]",homeostatic process,GO:0042592,0.04837166188244801,['GO:0008150'],0.12849162011173185,query_1,179,0.01547779273216689,True,GO:BP,1486,9598,1
440,"""The series of events involved in the perception of pain in which a mechanical stimulus is received and converted into a molecular signal."" [GOC:ai, GOC:dos]",20206,22666,2,"[[], [], [], [], [], [], [], [], [], [], [], [], [], [], [], [], [], [], [], [], [], [], [], [], [], [], [], [], [], [], [], [], [], [], [], [], [], [], [], [], [], [], [], [], [], [], [], [], [], [], [], [], [], [], [], [], [], [], [], [], [], [], [], [], [], [], [], [], ['IEA'], [], [], [], [], [], [], [], [], [], [], [], [], [], [], [], [], [], [], [], [], [], [], [], [], [], [], [], [], [], [], [], [], [], [], [], [], [], [], [], [], [], [], [], ['IEA'], [], [], [], [], [], [], [], [], [], [], [], [], [], [], [], [], [], [], [], [], [], [], [], [], [], [], [], [], [], [], [], [], [], [], [], [], [], [], [], [], [], [], [], [], [], [], [], [], [], [], [], [], [], [], [], [], [], [], [], [], [], [], [], [], [], []]",detection of mechanical stimulus involved in sensory perception of pain,GO:0050966,0.049766319965430815,"['GO:0019233', 'GO:0050974']",0.0111731843575419,query_1,179,0.14285714285714285,True,GO:BP,14,12543,23
442,"""The developmental process pertaining to the initial formation of a heart valve from unspecified parts. This process begins with the specific processes that contribute to the appearance of the discrete structure and ends when the structural rudiment is recognizable."" [GOC:mtg_heart]",20206,11684,2,"[[], [], [], [], [], [], [], [], [], [], [], [], [], [], [], [], [], [], [], [], [], [], [], [], [], [], [], [], [], [], [], [], [], [], [], [], [], [], [], [], [], [], [], [], [], [], [], [], [], [], [], [], [], [], [], [], [], [], [], [], [], [], [], [], [], [], [], [], [], [], [], [], [], [], [], [], [], [], [], [], [], [], [], [], [], [], [], [], [], [], [], [], [], [], [], [], [], [], [], [], [], [], [], [], [], [], [], [], [], [], [], [], [], [], [], ['ISS'], [], [], [], [], [], [], [], [], [], [], [], [], [], [], [], [], [], [], [], [], [], [], [], [], [], [], [], [], [], [], [], [], [], [], [], [], [], [], [], [], [], [], [], [], [], [], [], [], [], [], [], [], ['IEA'], [], [], [], [], [], [], [], [], [], []]",heart valve formation,GO:0003188,0.049766319965430815,"['GO:0003179', 'GO:0048646']",0.0111731843575419,query_1,179,0.14285714285714285,True,GO:BP,14,1561,1
444,"""The series of molecular signals generated as a consequence of a serotonin receptor binding to one of its physiological ligands."" [GOC:mah]",20206,12752,2,"[[], [], [], [], [], [], [], [], [], [], [], [], [], [], [], [], [], [], [], [], [], [], [], [], [], [], [], [], [], [], [], [], [], [], [], [], [], [], [], [], [], [], [], [], [], [], [], [], [], [], [], [], [], [], [], [], [], [], [], [], [], [], [], [], [], [], [], [], ['IBA', 'TAS'], ['IDA', 'IEA'], [], [], [], [], [], [], [], [], [], [], [], [], [], [], [], [], [], [], [], [], [], [], [], [], [], [], [], [], [], [], [], [], [], [], [], [], [], [], [], [], [], [], [], [], [], [], [], [], [], [], [], [], [], [], [], [], [], [], [], [], [], [], [], [], [], [], [], [], [], [], [], [], [], [], [], [], [], [], [], [], [], [], [], [], [], [], [], [], [], [], [], [], [], [], [], [], [], [], [], [], [], [], [], [], [], [], [], [], []]",serotonin receptor signaling pathway,GO:0007210,0.049766319965430815,"['GO:0007165', 'GO:1903351']",0.0111731843575419,query_1,179,0.14285714285714285,True,GO:BP,14,2629,1
445,"""The process in which segments assume individual identities; exemplified in insects by the actions of the products of the homeotic genes."" [http://fly.ebi.ac.uk/allied-data/lk/interactive-fly/aimain/1aahome.htm, ISBN:0879694238]",20206,12866,2,"[[], [], [], [], [], [], [], [], [], [], [], [], [], [], [], [], [], [], [], [], [], [], [], [], [], [], [], [], [], [], [], [], [], [], [], [], [], [], [], [], [], [], [], [], [], [], [], [], [], [], [], [], [], [], [], [], [], [], [], [], [], [], [], [], [], [], [], [], [], [], [], [], ['IEA'], [], [], [], [], [], [], [], [], [], [], [], [], [], [], [], [], [], [], [], [], ['IEA'], [], [], [], [], [], [], [], [], [], [], [], [], [], [], [], [], [], [], [], [], [], [], [], [], [], [], [], [], [], [], [], [], [], [], [], [], [], [], [], [], [], [], [], [], [], [], [], [], [], [], [], [], [], [], [], [], [], [], [], [], [], [], [], [], [], [], [], [], [], [], [], [], [], [], [], [], [], [], [], [], [], [], [], [], []]",segment specification,GO:0007379,0.049766319965430815,"['GO:0007389', 'GO:0035282']",0.0111731843575419,query_1,179,0.14285714285714285,True,GO:BP,14,2743,1
