description,effective_domain_size,goshv,intersection_size,intersections,name,native,p_value,parents,precision,query,query_size,recall,significant,source,term_size,source_order,group_id
"""Any process that mediates the transfer of information from one cell to another. This process includes signal transduction in the receiving cell and, where applicable, release of a ligand and any processes that actively facilitate its transport and presentation to the receiving cell. Examples include signaling via soluble ligands, via cell adhesion molecules and via gap junctions."" [GOC:dos, GOC:mah]",20972,12782,45,"[['IBA'], [], ['IMP', 'ISS', 'IEA'], [], [], [], [], [], ['ISS', 'IBA', 'TAS'], [], [], [], [], [], [], [], ['IEA'], ['IBA', 'TAS', 'NAS'], ['IEA'], [], [], [], [], [], [], [], ['IBA'], [], ['IDA', 'ISS', 'IBA'], ['ISS', 'IEA'], [], ['IBA', 'TAS', 'NAS'], [], ['IBA', 'TAS', 'IEA'], ['ISS', 'IBA', 'NAS', 'IC', 'IEA'], ['IEA'], [], [], [], ['IEA'], [], [], [], [], [], [], [], [], [], [], [], [], [], [], ['ISS', 'IEA'], [], [], [], ['IDA', 'ISS', 'IBA', 'TAS', 'NAS'], [], ['IBA'], [], ['ISS', 'ISO', 'IBA', 'TAS', 'NAS', 'IEA'], ['IBA', 'TAS', 'IEA'], ['ISO'], [], [], ['IBA', 'IEA'], ['IBA', 'TAS', 'IEA'], ['IBA', 'IEA'], [], ['IEA'], [], ['IDA'], ['IEA'], [], [], [], [], [], [], [], [], [], [], [], [], [], [], [], ['IEA'], [], ['IBA', 'IEA'], [], [], [], [], ['ISS'], ['ISS'], [], [], [], [], [], [], ['IDA', 'IC'], ['ISS', 'IEA'], [], [], [], [], [], ['IEA'], [], [], [], [], [], [], [], [], [], [], [], ['TAS'], [], [], [], [], [], [], ['IEA'], [], [], ['IEA'], [], ['ISS'], [], [], [], [], [], [], [], [], [], [], [], [], [], ['IBA'], ['ISS', 'IBA'], [], [], [], [], ['IBA', 'IEA'], [], [], ['IDA', 'ISS', 'TAS', 'IEA'], [], [], [], [], [], [], ['TAS'], ['ISS'], [], [], ['ISS'], [], ['IEA'], [], [], [], [], [], []]",cell-cell signaling,GO:0007267,1.9421443669730043e-13,"['GO:0007154', 'GO:0023052']",0.2647058823529412,query_1,170,0.03419452887537994,True,GO:BP,1316,2659,1
"""The process whose specific outcome is the progression of nervous tissue over time, from its formation to its mature state."" [GOC:dgh]",20972,12885,61,"[[], [], [], [], [], [], [], [], [], [], [], [], [], [], [], ['NAS'], [], ['IMP', 'IBA', 'IEA'], ['ISS', 'IEA'], [], ['ISS'], [], [], [], [], [], [], [], [], ['ISS', 'IEA'], [], [], ['ISS', 'IEA'], ['TAS'], ['ISS', 'IEA'], ['IDA', 'ISS', 'IBA', 'TAS', 'IEA'], [], [], [], ['ISS', 'TAS', 'IEA'], [], ['IEA'], ['IBA', 'IEA'], ['IMP', 'ISS', 'IBA'], [], ['IEA'], [], [], [], [], [], [], ['IEA'], [], [], ['IEA'], [], [], [], ['IBA', 'IEA'], [], [], ['NAS', 'IEA'], [], ['IEA'], ['IBA'], [], [], [], [], ['ISS', 'IBA'], ['ISS', 'IEA'], ['IBA'], ['ISS', 'IBA', 'IEA'], ['ISS', 'IBA', 'IEA'], [], [], [], [], [], [], [], [], [], [], [], [], ['IBA'], ['ISS', 'IEA'], [], [], ['IBA', 'IEA'], ['IBA', 'IEA'], ['ISS', 'IEA'], [], [], [], ['IEP', 'ISS', 'TAS', 'IEA'], ['IBA'], [], [], [], [], [], [], ['ISS', 'IBA', 'TAS', 'IEA'], ['ISS', 'IBA', 'TAS', 'IEA'], ['IBA', 'IEA'], [], [], ['IBA', 'IEA'], [], ['IDA', 'ISS', 'IEA'], [], [], ['ISS', 'TAS'], [], [], ['IEA'], [], ['ISS', 'IBA'], [], ['IBA', 'IEA'], ['IMP'], [], [], [], ['TAS'], [], ['IMP', 'IEA'], [], [], ['IBA'], [], ['IEA'], [], [], ['IEA'], [], ['IDA'], ['ISS', 'IEA'], ['IEA'], ['ISS', 'TAS'], [], [], ['IEA'], [], [], ['TAS'], ['IDA', 'ISS', 'IBA', 'TAS'], [], [], [], [], [], ['IDA', 'IMP', 'IBA', 'IEA'], [], [], [], [], [], [], ['IBA', 'TAS', 'IEA'], [], ['IEA'], [], [], [], ['IEA'], [], [], [], [], ['ISS', 'IBA', 'IEA'], [], ['ISS', 'IEA'], [], ['IBA', 'IEA'], []]",nervous system development,GO:0007399,2.922309144328394e-12,['GO:0048731'],0.3588235294117647,query_1,170,0.023488640739314594,True,GO:BP,2597,2762,1
"""The process in which nerve cells are generated. This includes the production of neuroblasts and their differentiation into neurons."" [GOC:nln]",20972,22229,46,"[[], [], [], [], [], [], [], [], [], [], [], [], [], [], [], [], [], ['IMP', 'IBA'], [], [], ['ISS'], [], [], [], [], [], [], [], [], ['ISS', 'IEA'], [], [], ['ISS', 'IEA'], [], ['ISS', 'IEA'], ['IDA', 'ISS', 'IBA', 'IEA'], [], [], [], ['ISS', 'IEA'], [], ['IEA'], ['IBA', 'IEA'], ['IMP', 'ISS', 'IBA'], [], ['IEA'], [], [], [], [], [], [], ['IEA'], [], [], ['IEA'], [], [], [], [], [], [], [], [], ['IEA'], ['IBA'], [], [], [], [], ['ISS', 'IBA'], [], ['IBA'], ['ISS', 'IBA', 'IEA'], ['IBA', 'IEA'], [], [], [], [], [], [], [], [], [], [], [], [], ['IBA'], ['IEA'], [], [], [], [], [], [], [], [], ['IEP', 'ISS'], ['IBA'], [], [], [], [], [], [], ['ISS', 'IBA', 'IEA'], ['ISS', 'IBA', 'IEA'], ['IBA'], [], [], ['IBA'], [], ['IDA', 'ISS', 'IEA'], [], [], ['ISS'], [], [], [], [], ['ISS', 'IBA'], [], ['IBA', 'IEA'], ['IMP'], [], [], [], [], [], ['IEA'], [], [], ['IBA'], [], [], [], [], [], [], ['IDA'], ['ISS', 'IEA'], ['IEA'], ['ISS', 'TAS'], [], [], ['IEA'], [], [], [], ['ISS'], [], [], [], [], [], ['IMP', 'IBA', 'IEA'], [], [], [], [], [], [], ['IBA', 'IEA'], [], ['IEA'], [], [], [], ['IEA'], [], [], [], [], ['ISS', 'IBA', 'IEA'], [], [], [], ['IBA', 'IEA'], []]",generation of neurons,GO:0048699,2.922309144328394e-12,['GO:0022008'],0.27058823529411763,query_1,170,0.030203545633617858,True,GO:BP,1523,12106,1
"""The process in which a relatively unspecialized cell acquires specialized features of a neuron."" [GOC:mah]",20972,16387,44,"[[], [], [], [], [], [], [], [], [], [], [], [], [], [], [], [], [], ['IMP', 'IBA'], [], [], ['ISS'], [], [], [], [], [], [], [], [], ['ISS', 'IEA'], [], [], ['ISS', 'IEA'], [], ['ISS', 'IEA'], ['IDA', 'ISS', 'IBA', 'IEA'], [], [], [], ['ISS', 'IEA'], [], ['IEA'], ['IBA', 'IEA'], ['IMP', 'ISS', 'IBA'], [], ['IEA'], [], [], [], [], [], [], ['IEA'], [], [], ['IEA'], [], [], [], [], [], [], [], [], ['IEA'], ['IBA'], [], [], [], [], ['ISS', 'IBA'], [], ['IBA'], ['ISS', 'IBA', 'IEA'], ['IBA', 'IEA'], [], [], [], [], [], [], [], [], [], [], [], [], ['IBA'], ['IEA'], [], [], [], [], [], [], [], [], ['IEP', 'ISS'], ['IBA'], [], [], [], [], [], [], ['ISS', 'IBA', 'IEA'], ['ISS', 'IBA', 'IEA'], ['IBA'], [], [], ['IBA'], [], ['IDA', 'ISS', 'IEA'], [], [], ['ISS'], [], [], [], [], ['ISS', 'IBA'], [], ['IBA', 'IEA'], ['IMP'], [], [], [], [], [], ['IEA'], [], [], ['IBA'], [], [], [], [], [], [], ['IDA'], ['ISS', 'IEA'], ['IEA'], ['ISS', 'TAS'], [], [], [], [], [], [], ['ISS'], [], [], [], [], [], ['IMP', 'IBA', 'IEA'], [], [], [], [], [], [], ['IBA', 'IEA'], [], ['IEA'], [], [], [], [], [], [], [], [], ['ISS', 'IBA', 'IEA'], [], [], [], ['IBA', 'IEA'], []]",neuron differentiation,GO:0030182,7.618785919779374e-12,"['GO:0030154', 'GO:0048699']",0.25882352941176473,query_1,170,0.030470914127423823,True,GO:BP,1444,6264,1
"""Any process that modulates the frequency, rate or extent of a biological process. Biological processes are regulated by many means; examples include the control of gene expression, protein modification or interaction with a protein or substrate molecule."" [GOC:ai, GOC:go_curators]",20972,22520,146,"[['IBA'], [], ['IMP', 'ISS', 'TAS', 'IEA'], ['IDA'], [], ['ISS', 'IBA', 'IEA'], ['IBA', 'TAS', 'NAS', 'IEA'], ['IBA', 'TAS', 'NAS', 'IEA'], ['IDA', 'ISS', 'IBA', 'TAS', 'IEA'], ['IDA', 'IMP', 'ISS'], ['IEA'], ['IEA'], ['IBA'], ['IDA', 'IBA', 'IEA'], ['IDA', 'IGI', 'IBA', 'IEA'], [], ['IBA', 'IEA'], ['IMP', 'IBA', 'TAS', 'NAS'], ['IEA'], [], ['TAS', 'IEA'], ['IBA'], [], ['IDA', 'IMP'], ['ISS', 'IEA'], ['ISS'], ['IBA'], [], ['IDA', 'IMP', 'ISS', 'IBA', 'TAS'], ['IDA', 'ISS', 'IBA', 'IEA'], ['IEA'], ['IBA', 'TAS', 'NAS', 'IEA'], ['IMP', 'ISS', 'IBA', 'IEA'], ['IMP', 'IBA', 'TAS', 'IEA'], ['IDA', 'IMP', 'IGI', 'ISS', 'IBA', 'NAS', 'IC', 'IEA'], ['IDA', 'ISS', 'IBA', 'IEA'], ['IMP', 'ISS'], ['TAS'], ['IDA', 'HMP', 'IBA', 'IEA'], ['IDA', 'IMP', 'ISS', 'IBA', 'TAS', 'IEA'], [], ['IDA'], ['IBA', 'IEA'], ['IDA', 'IMP', 'ISS', 'IBA', 'IEA'], ['IDA', 'IBA', 'IEA'], ['IDA', 'IMP', 'IBA', 'IEA'], [], [], [], ['IDA', 'ISS', 'IC', 'IEA'], [], ['IDA', 'IMP', 'IGI', 'ISS', 'TAS'], ['ISS', 'IEA'], [], ['IDA', 'IMP', 'ISS', 'IBA', 'IEA'], ['IBA', 'IEA'], [], ['IBA', 'IEA'], ['IDA', 'ISS', 'IBA', 'TAS', 'NAS', 'IEA'], ['IDA', 'TAS', 'IEA'], ['IBA', 'IEA'], ['IDA', 'IBA', 'IEA'], ['ISS', 'ISO', 'IBA', 'TAS', 'NAS', 'IEA'], ['IDA', 'ISS', 'IBA', 'TAS', 'IEA'], ['IDA', 'ISO', 'IBA', 'NAS', 'IEA'], ['IBA', 'TAS'], ['IDA', 'IBA', 'IEA'], ['IDA', 'ISS', 'IBA', 'IEA'], ['IDA', 'IMP', 'IBA', 'TAS', 'IEA'], ['IDA', 'IBA', 'IEA'], ['IDA', 'IMP', 'ISS', 'IBA', 'IEA'], ['IEA'], ['IDA', 'IBA', 'IEA'], ['IDA', 'IGI', 'ISS', 'IBA', 'IEA'], ['ISS', 'IBA', 'TAS', 'IEA'], ['IMP'], [], ['IDA', 'ISS', 'IBA', 'TAS'], ['ISS', 'IBA', 'IEA'], ['IBA'], [], ['IDA', 'ISS', 'IEA'], ['ISS'], ['IBA', 'IEA'], ['IBA', 'IEA'], ['IMP', 'IBA'], [], ['IBA', 'IEA'], ['ISS', 'IEA'], ['IDA', 'IMP', 'ISS', 'IBA', 'TAS', 'IC', 'IEA'], ['IEA'], ['IDA', 'ISS', 'IBA', 'IEA'], ['IBA', 'IEA'], ['IDA', 'IMP', 'ISS', 'IBA', 'NAS', 'IEA'], ['IDA', 'IBA', 'TAS'], ['IDA', 'IMP', 'IBA', 'IEA'], ['IBA', 'TAS', 'IEA'], ['IDA', 'IMP', 'IGI', 'ISS', 'IBA', 'IEA'], ['IDA', 'IMP', 'ISS', 'IBA', 'TAS', 'NAS', 'IEA'], [], ['IMP'], ['ISS', 'IEA'], ['IBA', 'IEA'], [], ['IBA', 'IEA'], ['IDA', 'ISS', 'IBA', 'IC', 'IEA'], ['ISS', 'IBA', 'TAS', 'IEA'], ['IBA', 'IEA'], ['IDA', 'IMP', 'ISS', 'IBA', 'TAS', 'IEA'], ['IDA', 'ISS', 'IBA', 'IEA'], [], [], ['IDA', 'IMP', 'ISS', 'IBA', 'TAS', 'IEA'], ['IDA', 'TAS'], ['TAS', 'NAS'], ['IDA', 'ISS', 'IBA', 'IEA'], [], [], ['IDA', 'IMP', 'ISS', 'IBA', 'TAS', 'IEA'], ['IEA'], ['IDA', 'IMP', 'IBA', 'TAS'], [], ['IEA'], ['IMP'], ['TAS'], [], ['IEA'], ['IBA', 'TAS', 'IEA'], [], ['IDA', 'NAS', 'IEA'], ['IDA', 'ISS', 'IEA'], ['ISS', 'NAS', 'IEA'], ['IDA', 'IMP', 'IBA', 'NAS'], ['IMP', 'ISS', 'IEA'], ['TAS', 'IEA'], ['IBA', 'TAS', 'IEA'], ['ISS', 'TAS', 'IEA'], ['IBA', 'TAS', 'IEA'], ['IMP', 'IBA', 'IEA'], ['IDA', 'IBA', 'IEA'], ['ISS', 'IBA', 'TAS', 'IEA'], ['IDA', 'IBA', 'NAS', 'IEA'], ['ISS'], ['IMP', 'IBA'], ['IDA', 'IMP', 'IBA', 'IEA'], ['IDA', 'IBA', 'IEA'], [], [], ['IBA', 'TAS', 'IEA'], ['IDA', 'ISS', 'IBA', 'IEA'], ['IBA', 'IEA'], ['ISS', 'IBA'], ['ISS', 'IEA'], ['IEA'], ['ISS', 'IEA'], ['IDA', 'IMP', 'IBA', 'IEA'], ['IBA', 'IEA'], ['IBA', 'IEA'], [], ['IDA', 'ISS', 'TAS', 'IEA'], [], ['IEA'], ['IDA', 'IBA', 'IEA'], ['ISS', 'IBA', 'IEA'], ['IDA', 'IBA', 'IEA'], [], ['TAS'], ['IDA', 'ISS', 'IBA', 'IEA'], ['IDA', 'IMP', 'ISS', 'IBA', 'NAS', 'IEA'], [], ['IDA', 'ISS', 'IBA', 'TAS', 'IEA'], ['IDA', 'IBA', 'TAS', 'IEA'], ['IBA', 'IEA'], [], [], ['IDA', 'IMP', 'ISS', 'IBA', 'NAS', 'IEA'], ['IDA', 'ISS', 'IBA'], ['IDA', 'ISS', 'IBA', 'TAS', 'IEA'], ['IBA']]",regulation of biological process,GO:0050789,1.5605751372038486e-11,"['GO:0008150', 'GO:0065007']",0.8588235294117647,query_1,170,0.011777042832943454,True,GO:BP,12397,12397,1
"""Any process that modulates a measurable attribute of any biological process, quality or function."" [GOC:dph, GOC:isa_complete, GOC:mah, GOC:pr, GOC:vw]",20972,24907,148,"[['IBA'], [], ['IDA', 'IMP', 'ISS', 'TAS', 'IEA'], ['IDA'], [], ['ISS', 'IBA', 'IEA'], ['IBA', 'TAS', 'NAS', 'IEA'], ['IBA', 'TAS', 'NAS', 'IEA'], ['IDA', 'ISS', 'IBA', 'TAS', 'IEA'], ['IDA', 'IMP', 'ISS'], ['IEA'], ['IEA'], ['IBA'], ['IDA', 'IBA', 'IEA'], ['IDA', 'IGI', 'IBA', 'IEA'], [], ['IBA', 'IEA'], ['IMP', 'IBA', 'TAS', 'NAS'], ['IEA'], [], ['TAS', 'IEA'], ['IBA'], [], ['IDA', 'IMP'], ['ISS', 'IEA'], ['ISS'], ['IBA'], [], ['IDA', 'IMP', 'ISS', 'IBA', 'TAS'], ['IDA', 'ISS', 'IBA', 'IEA'], ['IEA'], ['IBA', 'TAS', 'NAS', 'IEA'], ['IMP', 'ISS', 'IBA', 'IEA'], ['IMP', 'IBA', 'TAS', 'IEA'], ['IDA', 'IMP', 'IGI', 'ISS', 'IBA', 'NAS', 'IC', 'IEA'], ['IDA', 'ISS', 'IBA', 'IEA'], ['IMP', 'ISS'], ['TAS'], ['IDA', 'HMP', 'IBA', 'IEA'], ['IDA', 'IMP', 'ISS', 'IBA', 'TAS', 'IEA'], [], ['IDA'], ['IBA', 'IEA'], ['IDA', 'IMP', 'ISS', 'IBA', 'IEA'], ['IDA', 'IBA', 'IEA'], ['IDA', 'IMP', 'IBA', 'IEA'], [], [], [], ['IDA', 'ISS', 'IC', 'IEA'], [], ['IDA', 'IMP', 'IGI', 'ISS', 'TAS'], ['ISS', 'IEA'], [], ['IDA', 'IMP', 'ISS', 'IBA', 'IEA'], ['IBA', 'IEA'], [], ['IBA', 'IEA'], ['IDA', 'ISS', 'IBA', 'TAS', 'NAS', 'IEA'], ['IDA', 'TAS', 'IEA'], ['IBA', 'IEA'], ['IDA', 'IBA', 'IEA'], ['ISS', 'ISO', 'IBA', 'TAS', 'NAS', 'IEA'], ['IDA', 'ISS', 'IBA', 'TAS', 'IEA'], ['IDA', 'IMP', 'ISO', 'IBA', 'NAS', 'IEA'], ['IBA', 'TAS'], ['IDA', 'IBA', 'IEA'], ['IDA', 'ISS', 'IBA', 'IEA'], ['IDA', 'IMP', 'IBA', 'TAS', 'IEA'], ['IDA', 'IBA', 'IEA'], ['IDA', 'IMP', 'ISS', 'IBA', 'IEA'], ['IEA'], ['IDA', 'IBA', 'IEA'], ['IDA', 'IGI', 'ISS', 'IBA', 'IEA'], ['ISS', 'IBA', 'TAS', 'IEA'], ['IMP', 'IBA'], ['IBA'], ['IDA', 'ISS', 'IBA', 'TAS'], ['ISS', 'IBA', 'IEA'], ['IBA'], [], ['IDA', 'ISS', 'IBA', 'IEA'], ['ISS', 'IBA'], ['IBA', 'IEA'], ['IBA', 'IEA'], ['IMP', 'IBA'], [], ['IBA', 'IEA'], ['ISS', 'IEA'], ['IDA', 'IMP', 'ISS', 'IBA', 'TAS', 'IC', 'IEA'], ['IEA'], ['IDA', 'ISS', 'IBA', 'IEA'], ['IBA', 'IEA'], ['IDA', 'IMP', 'ISS', 'IBA', 'NAS', 'IEA'], ['IDA', 'IBA', 'TAS'], ['IDA', 'IMP', 'IBA', 'IEA'], ['IBA', 'TAS', 'IEA'], ['IDA', 'IMP', 'IGI', 'ISS', 'IBA', 'IEA'], ['IDA', 'IMP', 'ISS', 'IBA', 'TAS', 'NAS', 'IEA'], [], ['IMP'], ['ISS', 'IEA'], ['IBA', 'IEA'], [], ['IBA', 'IEA'], ['IDA', 'ISS', 'IBA', 'IC', 'IEA'], ['ISS', 'IBA', 'TAS', 'IEA'], ['IBA', 'IEA'], ['IDA', 'IMP', 'ISS', 'IBA', 'TAS', 'IEA'], ['IDA', 'ISS', 'IBA', 'IEA'], [], [], ['IDA', 'IMP', 'ISS', 'IBA', 'TAS', 'IEA'], ['IDA', 'TAS'], ['TAS', 'NAS'], ['IDA', 'ISS', 'IBA', 'IEA'], [], [], ['IDA', 'IMP', 'ISS', 'IBA', 'TAS', 'IEA'], ['IEA'], ['IDA', 'IMP', 'IBA', 'TAS'], ['IMP'], ['IEA'], ['IMP'], ['IBA', 'TAS', 'IEA'], [], ['IEA'], ['IBA', 'TAS', 'IEA'], [], ['IDA', 'NAS', 'IEA'], ['IDA', 'ISS', 'IEA'], ['ISS', 'NAS', 'IEA'], ['IDA', 'IMP', 'IBA', 'NAS'], ['IMP', 'ISS', 'IEA'], ['TAS', 'IEA'], ['IDA', 'IBA', 'TAS', 'IEA'], ['IDA', 'ISS', 'TAS', 'IEA'], ['IBA', 'TAS', 'IEA'], ['IMP', 'IBA', 'IEA'], ['IDA', 'IBA', 'IEA'], ['ISS', 'IBA', 'TAS', 'IEA'], ['IDA', 'IBA', 'NAS', 'IEA'], ['ISS'], ['IMP', 'IBA'], ['IDA', 'IMP', 'IBA', 'IEA'], ['IDA', 'IBA', 'IEA'], [], [], ['IBA', 'TAS', 'IEA'], ['IDA', 'ISS', 'IBA', 'IEA'], ['IBA', 'IEA'], ['ISS', 'IBA'], ['ISS', 'IEA'], ['IEA'], ['ISS', 'IEA'], ['IDA', 'IMP', 'IBA', 'IEA'], ['IBA', 'IEA'], ['IBA', 'IEA'], [], ['IDA', 'ISS', 'TAS', 'IEA'], [], ['IEA'], ['IDA', 'IBA', 'IEA'], ['ISS', 'IBA', 'IEA'], ['IDA', 'IBA', 'IEA'], [], ['TAS'], ['IDA', 'ISS', 'IBA', 'IEA'], ['IDA', 'IMP', 'ISS', 'IBA', 'NAS', 'IEA'], [], ['IDA', 'ISS', 'IBA', 'TAS', 'IEA'], ['IDA', 'IBA', 'TAS', 'IEA'], ['IBA', 'IEA'], [], [], ['IDA', 'IMP', 'ISS', 'IBA', 'NAS', 'IEA'], ['IDA', 'ISS', 'IBA'], ['IDA', 'ISS', 'IBA', 'TAS', 'IEA'], ['IBA']]",biological regulation,GO:0065007,2.8269314224158073e-11,['GO:0008150'],0.8705882352941177,query_1,170,0.011558887847547642,True,GO:BP,12804,14784,1
"""The entirety of a process in which information is transmitted within a biological system. This process begins with an active signal and ends when a cellular response has been triggered."" [GOC:mtg_signal, GOC:mtg_signaling_feb11, GOC:signaling]",20972,16328,100,"[['IBA'], [], ['IMP', 'ISS', 'IEA'], [], [], ['ISS', 'IBA', 'IEA'], ['IBA', 'TAS', 'NAS', 'IEA'], ['IBA', 'TAS', 'NAS', 'IEA'], ['IDA', 'ISS', 'IBA', 'TAS', 'IEA'], [], [], ['IEA'], [], [], ['IDA', 'IEA'], [], ['IEA'], ['IBA', 'TAS', 'NAS'], ['IEA'], [], ['TAS', 'IEA'], ['IBA'], [], ['IDA', 'IMP'], [], [], ['IBA'], [], ['IDA', 'ISS', 'IBA', 'TAS'], ['ISS', 'IEA'], ['IEA'], ['IBA', 'TAS', 'NAS', 'IEA'], ['IMP', 'IEA'], ['IBA', 'TAS', 'IEA'], ['IDA', 'IGI', 'ISS', 'IBA', 'NAS', 'IC', 'IEA'], ['IEA'], ['IMP'], ['TAS'], ['HMP', 'IEA'], ['IDA', 'IMP', 'IBA', 'TAS', 'IEA'], [], [], [], ['IDA', 'IBA', 'IEA'], [], [], [], [], [], [], [], ['IDA', 'IMP', 'ISS'], ['ISS', 'IEA'], [], ['IDA', 'ISS', 'IBA', 'IEA'], ['IBA', 'IEA'], [], [], ['IDA', 'ISS', 'IBA', 'TAS', 'NAS', 'IEA'], ['IDA', 'TAS', 'IEA'], ['IBA'], ['IDA', 'IBA', 'IEA'], ['ISS', 'ISO', 'IBA', 'TAS', 'NAS', 'IEA'], ['IDA', 'ISS', 'IBA', 'TAS', 'IEA'], ['ISO'], ['TAS'], ['IDA'], ['IDA', 'ISS', 'IBA', 'IEA'], ['IDA', 'IMP', 'IBA', 'TAS', 'IEA'], ['IDA', 'IBA', 'IEA'], [], ['IEA'], [], ['IDA', 'ISS', 'IEA'], ['ISS', 'IBA', 'TAS', 'IEA'], [], [], ['IBA', 'TAS'], ['IBA'], [], [], [], [], [], [], [], [], [], [], ['IMP'], ['IEA'], [], ['IBA', 'IEA'], ['NAS'], ['IBA', 'TAS'], ['IDA', 'IBA', 'IEA'], ['IBA', 'TAS', 'IEA'], ['IDA', 'IMP', 'ISS'], ['IDA', 'ISS', 'IBA', 'TAS', 'NAS', 'IEA'], [], [], ['ISS', 'IEA'], [], [], ['IBA', 'IEA'], ['IDA', 'IC', 'IEA'], ['ISS', 'IEA'], [], ['IDA', 'IMP', 'ISS', 'IBA', 'TAS', 'IEA'], ['IDA', 'IEA'], [], [], ['IDA', 'IMP', 'IBA', 'TAS', 'IEA'], ['TAS'], ['TAS', 'NAS'], ['ISS', 'IBA'], [], [], ['IDA', 'ISS', 'IEA'], [], ['IDA', 'IMP', 'IBA', 'TAS'], [], [], ['IMP'], ['TAS'], [], [], [], [], ['IDA', 'NAS', 'IEA'], [], ['IEA'], ['IDA', 'IMP', 'IBA', 'NAS'], ['IMP', 'ISS', 'IEA'], ['TAS', 'IEA'], ['IBA', 'TAS', 'IEA'], ['ISS', 'TAS', 'IEA'], ['IBA', 'TAS', 'IEA'], ['IMP', 'IBA', 'IEA'], ['IBA', 'IEA'], ['IEA'], ['IDA', 'IBA', 'NAS', 'IEA'], ['ISS'], [], [], [], [], [], ['IBA', 'TAS', 'IEA'], [], ['IBA'], ['ISS', 'IBA'], [], [], [], [], ['IBA', 'IEA'], ['IEA'], [], ['IDA', 'ISS', 'TAS', 'IEA'], [], ['IEA'], [], ['ISS', 'IBA', 'IEA'], ['IDA', 'IBA', 'IEA'], [], ['TAS'], ['ISS'], ['IMP', 'ISS', 'IEA'], [], ['IDA', 'ISS', 'IBA', 'TAS', 'IEA'], ['IDA', 'IBA', 'TAS', 'IEA'], ['IBA', 'IEA'], [], [], [], [], [], []]",signaling,GO:0023052,4.593365992365076e-11,['GO:0050789'],0.5882352941176471,query_1,170,0.015248551387618176,True,GO:BP,6558,6205,1
"""Any process that mediates interactions between a cell and its surroundings. Encompasses interactions such as signaling or attachment between one cell and another cell, between a cell and an extracellular matrix, or between a cell and any other aspect of its environment."" [GOC:mah]",20972,12707,100,"[['IBA'], [], ['IMP', 'ISS', 'IEA'], [], [], ['ISS', 'IBA', 'IEA'], ['IBA', 'TAS', 'NAS', 'IEA'], ['IBA', 'TAS', 'NAS', 'IEA'], ['IDA', 'ISS', 'IBA', 'TAS', 'IEA'], [], [], ['IEA'], [], [], ['IDA', 'IEA'], [], ['IEA'], ['IBA', 'TAS', 'NAS'], ['IEA'], [], ['TAS', 'IEA'], ['IBA'], [], ['IDA', 'IMP'], [], [], ['IBA'], [], ['IDA', 'ISS', 'IBA', 'TAS'], ['ISS', 'IEA'], ['IEA'], ['IBA', 'TAS', 'NAS'], ['IMP', 'IEA'], ['IBA', 'TAS', 'IEA'], ['IDA', 'IGI', 'ISS', 'IBA', 'NAS', 'IC', 'IEA'], ['IEA'], ['IMP'], ['TAS'], ['HMP', 'IEA'], ['IDA', 'IMP', 'IBA', 'TAS', 'IEA'], [], [], [], ['IDA', 'IBA', 'IEA'], [], [], [], [], [], [], [], ['IDA', 'IMP', 'ISS'], ['ISS', 'IEA'], [], ['IDA', 'ISS', 'IBA', 'IEA'], ['IBA', 'IEA'], [], [], ['IDA', 'ISS', 'IBA', 'TAS', 'NAS', 'IEA'], ['IDA', 'TAS', 'IEA'], ['IBA', 'IEA'], ['IDA', 'IBA', 'IEA'], ['ISS', 'ISO', 'IBA', 'TAS', 'NAS', 'IEA'], ['IDA', 'ISS', 'IBA', 'TAS', 'IEA'], ['ISO', 'NAS', 'IEA'], ['TAS'], ['IDA'], ['IDA', 'ISS', 'IBA', 'IEA'], ['IDA', 'IMP', 'IBA', 'TAS', 'IEA'], ['IDA', 'IBA', 'IEA'], [], ['IEA'], [], ['IDA', 'ISS', 'IEA'], ['ISS', 'IBA', 'TAS', 'IEA'], [], [], ['IBA', 'TAS'], ['IBA'], [], [], [], [], [], [], [], [], [], [], ['IMP'], ['IEA'], [], ['IBA', 'IEA'], ['NAS'], ['IBA', 'TAS'], ['IDA', 'IBA', 'IEA'], ['IBA', 'TAS', 'IEA'], ['IDA', 'IMP', 'ISS'], ['IDA', 'ISS', 'IBA', 'TAS', 'NAS', 'IEA'], [], [], ['ISS', 'IEA'], [], [], ['IBA', 'IEA'], ['IDA', 'IC', 'IEA'], ['ISS', 'IEA'], [], ['IDA', 'IMP', 'ISS', 'IBA', 'TAS', 'IEA'], ['IDA', 'IEA'], [], [], ['IDA', 'IMP', 'IBA', 'TAS', 'IEA'], ['TAS'], ['TAS', 'NAS'], ['ISS', 'IBA'], [], [], ['IDA', 'ISS', 'IEA'], [], ['IDA', 'IMP', 'IBA', 'TAS'], [], [], ['IMP'], ['TAS'], [], [], [], [], ['IDA', 'NAS', 'IEA'], [], ['IEA'], ['IDA', 'IMP', 'IBA', 'NAS'], ['IMP', 'ISS', 'IEA'], ['TAS', 'IEA'], ['IBA', 'TAS', 'IEA'], ['ISS', 'TAS', 'IEA'], ['IBA', 'TAS', 'IEA'], ['IMP', 'IBA', 'IEA'], ['IBA', 'IEA'], ['IEA'], ['IDA', 'IBA', 'NAS', 'IEA'], ['ISS'], [], [], [], [], [], ['IBA', 'TAS', 'IEA'], [], ['IBA'], ['ISS', 'IBA'], [], [], [], [], ['IBA', 'IEA'], ['IEA'], [], ['IDA', 'ISS', 'TAS', 'IEA'], [], ['IEA'], [], ['ISS', 'IBA', 'IEA'], ['IDA', 'IBA', 'IEA'], [], ['TAS'], ['ISS'], ['IMP', 'ISS', 'IEA'], [], ['IDA', 'ISS', 'IBA', 'TAS', 'IEA'], ['IDA', 'IBA', 'TAS', 'IEA'], ['IBA', 'IEA'], [], [], [], [], [], []]",cell communication,GO:0007154,5.4465796259826565e-11,['GO:0009987'],0.5882352941176471,query_1,170,0.01515610791148833,True,GO:BP,6598,2584,1
"""Generation of cells within the nervous system."" [GO_REF:0000021, GOC:cls, GOC:curators, GOC:dgh, GOC:dph, GOC:jid]",20972,16253,47,"[[], [], [], [], [], [], [], [], [], [], [], [], [], [], [], [], [], ['IMP', 'IBA'], [], [], ['ISS'], [], [], [], [], [], [], [], [], ['ISS', 'IEA'], [], [], ['ISS', 'IEA'], [], ['ISS', 'IEA'], ['IDA', 'ISS', 'IBA', 'IEA'], [], [], [], ['ISS', 'IEA'], [], ['IEA'], ['IBA', 'IEA'], ['IMP', 'ISS', 'IBA'], [], ['IEA'], [], [], [], [], [], [], ['IEA'], [], [], ['IEA'], [], [], [], [], [], [], ['IEA'], [], ['IEA'], ['IBA'], [], [], [], [], ['ISS', 'IBA'], [], ['IBA'], ['ISS', 'IBA', 'IEA'], ['IBA', 'IEA'], [], [], [], [], [], [], [], [], [], [], [], [], ['IBA'], ['IEA'], [], [], [], [], [], [], [], [], ['IEP', 'ISS'], ['IBA'], [], [], [], [], [], [], ['ISS', 'IBA', 'TAS', 'IEA'], ['ISS', 'IBA', 'IEA'], ['IBA'], [], [], ['IBA'], [], ['IDA', 'ISS', 'IEA'], [], [], ['ISS'], [], [], [], [], ['ISS', 'IBA'], [], ['IBA', 'IEA'], ['IMP'], [], [], [], [], [], ['IEA'], [], [], ['IBA'], [], [], [], [], [], [], ['IDA'], ['ISS', 'IEA'], ['IEA'], ['ISS', 'TAS'], [], [], ['IEA'], [], [], [], ['ISS'], [], [], [], [], [], ['IMP', 'IBA', 'IEA'], [], [], [], [], [], [], ['IBA', 'IEA'], [], ['IEA'], [], [], [], ['IEA'], [], [], [], [], ['ISS', 'IBA', 'IEA'], [], [], [], ['IBA', 'IEA'], []]",neurogenesis,GO:0022008,5.4465796259826565e-11,"['GO:0007399', 'GO:0030154']",0.27647058823529413,query_1,170,0.026568682871678916,True,GO:BP,1769,6130,1
"""Cell-cell signaling to, from or within a synapse."" [GOC:dos]",20972,27992,31,"[[], [], [], [], [], [], [], [], [], [], [], [], [], [], [], [], ['IEA'], ['IBA', 'TAS'], ['IEA'], [], [], [], [], [], [], [], ['IBA'], [], ['ISS'], ['ISS', 'IEA'], [], ['IBA', 'TAS', 'NAS'], [], ['IBA', 'TAS', 'IEA'], ['ISS', 'IBA', 'NAS', 'IC', 'IEA'], ['IEA'], [], [], [], [], [], [], [], [], [], [], [], [], [], [], [], [], [], [], [], [], [], [], ['TAS', 'NAS'], [], [], [], ['ISS', 'ISO', 'IBA', 'TAS', 'NAS', 'IEA'], ['IBA', 'TAS', 'IEA'], ['ISO'], [], [], ['IBA', 'IEA'], ['IBA', 'TAS', 'IEA'], ['IBA', 'IEA'], [], ['IEA'], [], [], [], [], [], [], [], [], [], [], [], [], [], [], [], [], [], [], ['IEA'], [], ['IBA', 'IEA'], [], [], [], [], ['ISS'], ['ISS'], [], [], [], [], [], [], [], ['ISS', 'IEA'], [], [], [], [], [], ['IEA'], [], [], [], [], [], [], [], [], [], [], [], [], [], [], [], [], [], [], [], [], [], ['IEA'], [], ['ISS'], [], [], [], [], [], [], [], [], [], [], [], [], [], ['IBA'], ['ISS', 'IBA'], [], [], [], [], ['IBA', 'IEA'], [], [], ['IDA', 'IEA'], [], [], [], [], [], [], [], ['ISS'], [], [], [], [], [], [], [], [], [], [], []]",synaptic signaling,GO:0099536,1.3245714233520325e-10,['GO:0007267'],0.18235294117647058,query_1,170,0.038605230386052306,True,GO:BP,803,17869,1
"""Any process that modulates the frequency, rate or extent of a cellular process, any of those that are carried out at the cellular level, but are not necessarily restricted to a single cell. For example, cell communication occurs among more than one cell, but occurs at the cellular level."" [GOC:go_curators]",20972,22524,141,"[['IBA'], [], ['IMP', 'ISS', 'TAS', 'IEA'], ['IDA'], [], ['ISS', 'IBA', 'IEA'], ['IBA', 'TAS', 'NAS', 'IEA'], ['IBA', 'TAS', 'NAS', 'IEA'], ['IDA', 'IBA', 'TAS', 'IEA'], ['IDA', 'IMP'], ['IEA'], ['IEA'], ['IBA'], ['IDA', 'IBA', 'IEA'], ['IDA', 'IEA'], [], ['IBA'], ['IMP', 'IBA', 'TAS'], ['IEA'], [], ['TAS', 'IEA'], ['IBA'], [], ['IDA', 'IMP'], ['ISS', 'IEA'], [], [], [], ['IDA', 'IMP', 'ISS', 'IBA', 'TAS'], ['IDA', 'ISS', 'IBA', 'IEA'], ['IEA'], ['IBA'], ['IMP', 'ISS', 'IBA', 'IEA'], ['IMP', 'IBA', 'IEA'], ['IDA', 'IMP', 'IGI', 'ISS', 'IBA', 'NAS', 'IEA'], ['IDA', 'ISS', 'IBA', 'IEA'], ['IMP', 'ISS'], ['TAS'], ['IDA', 'HMP', 'IEA'], ['IDA', 'IMP', 'ISS', 'IBA', 'TAS', 'IEA'], [], ['IDA'], ['IBA', 'IEA'], ['IDA', 'IMP', 'ISS', 'IBA', 'IEA'], ['IDA', 'IBA', 'IEA'], ['IDA', 'IMP', 'IBA', 'IEA'], [], [], [], ['IDA', 'ISS', 'IEA'], [], ['IDA', 'IMP', 'IGI', 'ISS', 'TAS'], ['ISS', 'IEA'], [], ['IDA', 'IMP', 'ISS', 'IBA', 'IEA'], ['IBA', 'IEA'], [], ['IBA'], ['IDA', 'TAS', 'IEA'], ['IDA', 'TAS', 'IEA'], ['IEA'], ['IDA', 'IBA', 'IEA'], ['ISS', 'ISO', 'IBA', 'TAS', 'NAS', 'IEA'], ['IDA', 'ISS', 'IBA', 'IEA'], ['IDA', 'ISO', 'IBA', 'NAS', 'IEA'], ['IBA', 'TAS'], ['IDA', 'IBA', 'IEA'], ['IDA', 'ISS', 'IBA', 'IEA'], ['IDA', 'IMP', 'IBA', 'TAS', 'IEA'], ['IDA', 'IEA'], ['IDA', 'IMP', 'ISS', 'IBA', 'IEA'], ['IEA'], ['IDA', 'IBA', 'IEA'], ['IDA', 'IGI', 'ISS', 'IBA', 'IEA'], ['ISS', 'IBA', 'TAS', 'IEA'], ['IMP'], [], ['IDA', 'ISS', 'IBA', 'TAS'], ['ISS', 'IBA', 'IEA'], ['IBA'], [], ['IDA', 'ISS', 'IEA'], ['ISS'], ['IBA', 'IEA'], ['IBA', 'IEA'], ['IMP', 'IBA'], [], ['IBA', 'IEA'], ['ISS', 'IEA'], ['IMP', 'ISS', 'TAS', 'IEA'], ['IEA'], ['ISS', 'IBA', 'IEA'], ['IBA', 'IEA'], ['IDA', 'IMP', 'ISS', 'IBA', 'NAS', 'IEA'], ['IDA', 'IBA', 'TAS'], ['IDA', 'IMP', 'IBA', 'IEA'], ['IBA', 'TAS', 'IEA'], ['IDA', 'IMP', 'IGI', 'ISS', 'IBA', 'IEA'], ['IDA', 'IMP', 'ISS', 'IBA', 'TAS', 'NAS', 'IEA'], [], ['IMP'], ['ISS', 'IEA'], ['IBA', 'IEA'], [], ['IBA', 'IEA'], ['IDA', 'ISS', 'IBA', 'IC', 'IEA'], ['ISS', 'IBA', 'TAS', 'IEA'], ['IBA', 'IEA'], ['IDA', 'IMP', 'ISS', 'IBA', 'TAS', 'IEA'], ['IDA', 'IEA'], [], [], ['IDA', 'IMP', 'ISS', 'IBA', 'TAS', 'IEA'], ['IDA', 'TAS'], ['TAS', 'NAS'], ['IDA', 'ISS', 'IBA', 'IEA'], [], [], ['IDA', 'IMP', 'ISS', 'IBA', 'TAS', 'IEA'], ['IEA'], ['IDA', 'IMP', 'IBA', 'TAS'], [], ['IEA'], ['IMP'], [], [], ['IEA'], ['IBA', 'TAS', 'IEA'], [], ['IDA', 'NAS', 'IEA'], ['IDA', 'ISS', 'IEA'], ['ISS', 'NAS', 'IEA'], ['IDA', 'IMP', 'IBA', 'NAS'], ['IMP', 'ISS', 'IEA'], ['TAS', 'IEA'], ['IBA', 'TAS', 'IEA'], ['ISS', 'TAS', 'IEA'], ['IBA', 'TAS', 'IEA'], ['IMP', 'IBA', 'IEA'], ['IDA', 'IBA', 'IEA'], ['ISS', 'IBA', 'TAS', 'IEA'], ['IDA', 'IBA', 'NAS', 'IEA'], ['ISS'], ['IMP', 'IBA'], ['IDA', 'IMP', 'IBA', 'IEA'], ['IDA', 'IBA', 'IEA'], [], [], ['IBA', 'TAS', 'IEA'], ['IDA', 'ISS', 'IBA', 'IEA'], ['IEA'], ['ISS'], [], [], ['ISS', 'IEA'], ['IDA', 'IMP', 'IBA', 'IEA'], ['IEA'], ['IBA', 'IEA'], [], ['ISS', 'TAS', 'IEA'], [], ['IEA'], ['IDA', 'IBA', 'IEA'], ['ISS', 'IBA', 'IEA'], ['IDA', 'IBA', 'IEA'], [], ['TAS'], ['IDA', 'ISS', 'IBA', 'IEA'], ['IDA', 'IMP', 'ISS', 'IBA', 'NAS', 'IEA'], [], ['IDA', 'ISS', 'IBA', 'TAS', 'IEA'], ['IDA', 'IBA', 'TAS', 'IEA'], ['IBA', 'IEA'], [], [], ['IDA', 'IMP', 'ISS', 'IBA', 'NAS', 'IEA'], ['IDA', 'ISS', 'IBA'], ['IDA', 'ISS', 'IBA', 'TAS', 'IEA'], ['IBA']]",regulation of cellular process,GO:0050794,1.4157003364208558e-10,"['GO:0009987', 'GO:0050789']",0.8294117647058824,query_1,170,0.01178732653402441,True,GO:BP,11962,12401,1
"""Cell-cell signaling from pre to post-synapse, across the synaptic cleft."" [GOC:dos]",20972,27832,30,"[[], [], [], [], [], [], [], [], [], [], [], [], [], [], [], [], ['IEA'], ['IBA', 'TAS'], ['IEA'], [], [], [], [], [], [], [], ['IBA'], [], ['ISS'], ['ISS', 'IEA'], [], ['IBA', 'TAS', 'NAS'], [], ['IBA', 'TAS', 'IEA'], ['ISS', 'IBA', 'NAS', 'IC', 'IEA'], ['IEA'], [], [], [], [], [], [], [], [], [], [], [], [], [], [], [], [], [], [], [], [], [], [], ['TAS', 'NAS'], [], [], [], ['ISS', 'ISO', 'IBA', 'TAS', 'NAS', 'IEA'], ['IBA', 'TAS', 'IEA'], ['ISO'], [], [], ['IBA', 'IEA'], ['IBA', 'TAS', 'IEA'], ['IBA', 'IEA'], [], ['IEA'], [], [], [], [], [], [], [], [], [], [], [], [], [], [], [], [], [], [], ['IEA'], [], ['IBA', 'IEA'], [], [], [], [], ['ISS'], ['ISS'], [], [], [], [], [], [], [], ['ISS', 'IEA'], [], [], [], [], [], ['IEA'], [], [], [], [], [], [], [], [], [], [], [], [], [], [], [], [], [], [], [], [], [], ['IEA'], [], [], [], [], [], [], [], [], [], [], [], [], [], [], [], ['IBA'], ['ISS', 'IBA'], [], [], [], [], ['IBA', 'IEA'], [], [], ['IDA', 'IEA'], [], [], [], [], [], [], [], ['ISS'], [], [], [], [], [], [], [], [], [], [], []]",anterograde trans-synaptic signaling,GO:0098916,1.726064861051895e-10,['GO:0099537'],0.17647058823529413,query_1,170,0.0392156862745098,True,GO:BP,765,17709,1
"""The vesicular release of classical neurotransmitter molecules from a presynapse, across a chemical synapse, the subsequent activation of neurotransmitter receptors at the postsynapse of a target cell (neuron, muscle, or secretory cell) and the effects of this activation on the postsynaptic membrane potential and ionic composition of the postsynaptic cytosol. This process encompasses both spontaneous and evoked release of neurotransmitter and all parts of synaptic vesicle exocytosis. Evoked transmission starts with the arrival of an action potential at the presynapse."" [GOC:jl, MeSH:D009435]",20972,12783,30,"[[], [], [], [], [], [], [], [], [], [], [], [], [], [], [], [], ['IEA'], ['IBA', 'TAS'], ['IEA'], [], [], [], [], [], [], [], ['IBA'], [], ['ISS'], ['ISS', 'IEA'], [], ['IBA', 'TAS', 'NAS'], [], ['IBA', 'TAS', 'IEA'], ['ISS', 'IBA', 'NAS', 'IC', 'IEA'], ['IEA'], [], [], [], [], [], [], [], [], [], [], [], [], [], [], [], [], [], [], [], [], [], [], ['TAS', 'NAS'], [], [], [], ['ISS', 'ISO', 'IBA', 'TAS', 'NAS', 'IEA'], ['IBA', 'TAS', 'IEA'], ['ISO'], [], [], ['IBA', 'IEA'], ['IBA', 'TAS', 'IEA'], ['IBA', 'IEA'], [], ['IEA'], [], [], [], [], [], [], [], [], [], [], [], [], [], [], [], [], [], [], ['IEA'], [], ['IBA', 'IEA'], [], [], [], [], ['ISS'], ['ISS'], [], [], [], [], [], [], [], ['ISS', 'IEA'], [], [], [], [], [], ['IEA'], [], [], [], [], [], [], [], [], [], [], [], [], [], [], [], [], [], [], [], [], [], ['IEA'], [], [], [], [], [], [], [], [], [], [], [], [], [], [], [], ['IBA'], ['ISS', 'IBA'], [], [], [], [], ['IBA', 'IEA'], [], [], ['IDA', 'IEA'], [], [], [], [], [], [], [], ['ISS'], [], [], [], [], [], [], [], [], [], [], []]",chemical synaptic transmission,GO:0007268,1.726064861051895e-10,['GO:0098916'],0.17647058823529413,query_1,170,0.0392156862745098,True,GO:BP,765,2660,1
"""Cell-cell signaling in either direction across the synaptic cleft."" [GOC:dos]",20972,27993,30,"[[], [], [], [], [], [], [], [], [], [], [], [], [], [], [], [], ['IEA'], ['IBA', 'TAS'], ['IEA'], [], [], [], [], [], [], [], ['IBA'], [], ['ISS'], ['ISS', 'IEA'], [], ['IBA', 'TAS', 'NAS'], [], ['IBA', 'TAS', 'IEA'], ['ISS', 'IBA', 'NAS', 'IC', 'IEA'], ['IEA'], [], [], [], [], [], [], [], [], [], [], [], [], [], [], [], [], [], [], [], [], [], [], ['TAS', 'NAS'], [], [], [], ['ISS', 'ISO', 'IBA', 'TAS', 'NAS', 'IEA'], ['IBA', 'TAS', 'IEA'], ['ISO'], [], [], ['IBA', 'IEA'], ['IBA', 'TAS', 'IEA'], ['IBA', 'IEA'], [], ['IEA'], [], [], [], [], [], [], [], [], [], [], [], [], [], [], [], [], [], [], ['IEA'], [], ['IBA', 'IEA'], [], [], [], [], ['ISS'], ['ISS'], [], [], [], [], [], [], [], ['ISS', 'IEA'], [], [], [], [], [], ['IEA'], [], [], [], [], [], [], [], [], [], [], [], [], [], [], [], [], [], [], [], [], [], ['IEA'], [], [], [], [], [], [], [], [], [], [], [], [], [], [], [], ['IBA'], ['ISS', 'IBA'], [], [], [], [], ['IBA', 'IEA'], [], [], ['IDA', 'IEA'], [], [], [], [], [], [], [], ['ISS'], [], [], [], [], [], [], [], [], [], [], []]",trans-synaptic signaling,GO:0099537,2.0208935509223621e-10,['GO:0099536'],0.17647058823529413,query_1,170,0.038860103626943004,True,GO:BP,772,17870,1
"""The process whose specific outcome is the progression of an organismal system over time, from its formation to the mature structure. A system is a regularly interacting or interdependent group of organs or tissues that work together to carry out a given biological process."" [GOC:dph, GOC:jid]",20972,22261,73,"[[], [], [], [], [], [], [], [], [], [], [], [], [], [], ['IDA', 'IGI', 'IBA', 'IEA'], ['NAS'], [], ['IMP', 'IBA', 'IEA'], ['ISS', 'IEA'], [], ['ISS'], [], [], ['IDA'], [], ['ISS', 'IEA'], [], [], [], ['ISS', 'IEA'], [], [], ['ISS', 'IBA', 'IEA'], ['TAS'], ['ISS', 'IEA'], ['IDA', 'ISS', 'IBA', 'TAS', 'IEA'], [], [], ['IDA', 'IEA'], ['ISS', 'TAS', 'IEA'], [], ['IEA'], ['IBA', 'IEA'], ['IMP', 'ISS', 'IBA'], ['TAS'], ['IEA'], [], [], [], ['IEA'], [], ['IMP', 'TAS'], ['ISS', 'IEA'], [], ['IEA'], ['IEA'], [], [], [], ['IBA', 'IEA'], [], [], ['NAS', 'IEA'], [], ['IEA'], ['IBA'], [], [], [], [], ['ISS', 'IBA'], ['ISS', 'IEA'], ['IBA', 'IEA'], ['IDA', 'IMP', 'ISS', 'IBA', 'IEA'], ['ISS', 'IBA', 'IEA'], [], [], [], [], [], [], [], [], [], [], [], [], ['IBA'], ['ISS', 'IEA'], [], [], ['IBA', 'IEA'], ['IBA', 'IEA'], ['ISS', 'IEA'], [], [], [], ['IDA', 'IEP', 'ISS', 'IBA', 'TAS', 'NAS', 'IEA'], ['IBA'], [], ['ISS'], [], [], [], [], ['ISS', 'IBA', 'TAS', 'IEA'], ['ISS', 'IBA', 'TAS', 'IEA'], ['IBA', 'IEA'], [], [], ['IBA', 'IEA'], [], ['IDA', 'ISS', 'IEA'], [], [], ['ISS', 'TAS'], [], [], ['IEA'], [], ['ISS', 'IBA'], [], ['IBA', 'IEA'], ['IMP'], [], [], [], ['TAS'], [], ['IDA', 'IMP', 'IEA'], [], ['ISS'], ['IBA'], [], ['IEA'], [], [], ['IEA'], [], ['IDA'], ['ISS', 'IEA'], ['IEA'], ['ISS', 'TAS'], ['IDA'], [], ['IEA'], [], [], ['TAS'], ['IDA', 'ISS', 'IBA', 'TAS'], ['IEA'], [], [], [], [], ['IDA', 'IMP', 'IBA', 'IEA'], [], [], [], [], [], [], ['IBA', 'TAS', 'IEA'], [], ['IEA'], [], [], [], ['IMP', 'TAS', 'NAS', 'IEA'], [], [], [], [], ['ISS', 'IBA', 'IEA'], [], ['IDA', 'IMP', 'ISS', 'IEA'], [], ['IBA', 'IEA'], []]",system development,GO:0048731,2.030838853620699e-10,"['GO:0007275', 'GO:0048856']",0.4294117647058823,query_1,170,0.018145662440964456,True,GO:BP,4023,12138,1
"""The process whose specific outcome is the progression of a neuron over time, from initial commitment of the cell to a specific fate, to the fully functional differentiated cell."" [GOC:dph]",20972,22198,34,"[[], [], [], [], [], [], [], [], [], [], [], [], [], [], [], [], [], ['IMP', 'IBA'], [], [], ['ISS'], [], [], [], [], [], [], [], [], ['ISS', 'IEA'], [], [], [], [], ['ISS', 'IEA'], ['IDA', 'ISS', 'IBA', 'IEA'], [], [], [], ['ISS', 'IEA'], [], ['IEA'], ['IEA'], ['IMP', 'ISS', 'IBA'], [], [], [], [], [], [], [], [], ['IEA'], [], [], ['IEA'], [], [], [], [], [], [], [], [], ['IEA'], ['IBA'], [], [], [], [], [], [], [], ['ISS', 'IBA', 'IEA'], ['IBA', 'IEA'], [], [], [], [], [], [], [], [], [], [], [], [], ['IBA'], ['IEA'], [], [], [], [], [], [], [], [], ['ISS'], [], [], [], [], [], [], [], ['IBA'], ['IBA', 'IEA'], ['IBA'], [], [], ['IBA'], [], ['IDA', 'ISS', 'IEA'], [], [], ['ISS'], [], [], [], [], ['ISS', 'IBA'], [], ['IBA', 'IEA'], [], [], [], [], [], [], ['IEA'], [], [], ['IBA'], [], [], [], [], [], [], ['IDA'], ['ISS', 'IEA'], [], ['ISS', 'TAS'], [], [], [], [], [], [], [], [], [], [], [], [], ['IMP', 'IBA', 'IEA'], [], [], [], [], [], [], ['IBA', 'IEA'], [], ['IEA'], [], [], [], [], [], [], [], [], [], [], [], [], [], []]",neuron development,GO:0048666,1.2763121661757246e-08,"['GO:0030182', 'GO:0048468']",0.2,query_1,170,0.02913453299057412,True,GO:BP,1167,12075,1
"""The internally coordinated responses (actions or inactions) of animals (individuals or groups) to internal or external stimuli, via a mechanism that involves nervous system activity."" [GOC:ems, GOC:jl, ISBN:0395448956, PMID:20160973]",20972,13050,25,"[[], [], [], [], [], [], [], [], [], [], [], [], [], [], [], [], [], [], [], [], ['ISS'], [], [], [], [], [], [], [], ['IMP', 'TAS'], ['ISS', 'IEA'], [], [], [], [], ['ISS', 'IEA'], ['IEA'], [], [], [], ['IEA'], [], ['IEA'], [], [], [], [], [], [], [], [], [], [], [], [], [], [], [], [], [], [], [], [], ['TAS', 'IEA'], ['IEA'], ['IEA'], [], [], ['IEA'], ['IEA'], [], ['ISS'], [], [], [], ['IEA'], [], [], [], [], [], [], [], [], [], [], [], [], [], [], [], [], [], [], [], [], [], ['TAS'], ['ISS'], [], [], [], [], [], [], [], [], ['IEA'], [], [], [], [], [], ['IEA'], [], [], [], [], [], [], ['IEA'], [], [], ['IEA'], [], [], [], [], [], [], [], [], [], [], [], [], [], [], [], [], [], [], [], [], [], [], [], [], [], [], [], [], [], [], [], [], ['IEA'], [], [], [], [], [], ['ISS'], ['IEA'], [], ['IEA'], [], [], [], [], [], [], [], [], [], [], [], [], ['ISS'], []]",behavior,GO:0007610,3.307847609987972e-08,['GO:0032501'],0.14705882352941177,query_1,170,0.03759398496240601,True,GO:BP,665,2927,1
"""The biological process whose specific outcome is the progression of a multicellular organism over time from an initial condition (e.g. a zygote or a young adult) to a later condition (e.g. a multicellular animal or an aged adult)."" [GOC:dph, GOC:ems, GOC:isa_complete, GOC:tb]",20972,12789,75,"[[], [], [], [], [], [], [], [], [], [], [], [], [], [], ['IDA', 'IGI', 'IBA', 'IEA'], ['NAS'], [], ['IMP', 'IBA', 'IEA'], ['ISS', 'IEA'], [], ['ISS'], [], [], ['IDA'], [], ['ISS', 'IEA'], [], [], [], ['ISS', 'IEA'], [], [], ['ISS', 'IBA', 'IEA'], ['TAS'], ['ISS', 'IEA'], ['IDA', 'ISS', 'IBA', 'TAS', 'IEA'], [], [], ['IDA', 'IBA', 'IEA'], ['ISS', 'TAS', 'IEA'], [], ['IEA'], ['IBA', 'IEA'], ['IMP', 'ISS', 'IBA'], ['TAS', 'IEA'], ['IEA'], [], [], [], ['IEA'], [], ['IMP', 'TAS'], ['ISS', 'IEA'], [], ['IEA'], ['IEA'], [], [], [], ['IBA', 'IEA'], ['IEA'], [], ['NAS', 'IEA'], [], ['IEA'], ['IBA'], [], [], [], [], ['ISS', 'IBA'], ['ISS', 'IEA'], ['IBA', 'IEA'], ['IDA', 'IMP', 'ISS', 'IBA', 'IEA'], ['ISS', 'IBA', 'IEA'], [], [], [], [], [], [], [], [], [], [], [], [], ['IBA'], ['ISS', 'IEA'], [], [], ['IBA', 'IEA'], ['IBA', 'IEA'], ['IDA', 'ISS', 'IBA', 'IEA'], [], [], [], ['IDA', 'IEP', 'ISS', 'IBA', 'TAS', 'NAS', 'IEA'], ['IMP', 'IBA'], [], ['ISS'], [], [], [], [], ['ISS', 'IBA', 'TAS', 'IEA'], ['ISS', 'IBA', 'TAS', 'IEA'], ['IBA', 'IEA'], [], [], ['IBA', 'IEA'], [], ['IDA', 'ISS', 'IEA'], [], [], ['ISS', 'TAS'], [], [], ['IMP', 'IEA'], [], ['IMP', 'ISS', 'IBA'], [], ['IBA', 'TAS', 'IEA'], ['IMP'], [], [], [], ['TAS'], [], ['IDA', 'IMP', 'IEA'], [], ['ISS', 'IEA'], ['IBA'], [], ['IEA'], [], [], ['IEA'], [], ['IDA'], ['ISS', 'IEA'], ['IMP', 'IEA'], ['ISS', 'TAS'], ['IDA'], [], ['IEA'], [], [], ['TAS'], ['IDA', 'ISS', 'IBA', 'TAS'], ['IEA'], [], [], [], [], ['IDA', 'IMP', 'IBA', 'IEA'], [], [], [], [], [], [], ['IBA', 'TAS', 'IEA'], ['ISS', 'IEA'], ['IEA'], [], [], [], ['IMP', 'TAS', 'NAS', 'IEA'], [], [], [], [], ['ISS', 'IBA', 'IEA'], [], ['IDA', 'IMP', 'ISS', 'IEA'], [], ['IBA', 'IEA'], []]",multicellular organism development,GO:0007275,4.0042181406903613e-08,"['GO:0032501', 'GO:0048856']",0.4411764705882353,query_1,170,0.015991471215351813,True,GO:BP,4690,2666,1
"""The directed movement of potassium ions (K+) into, out of or within a cell, or between cells, by means of some agent such as a transporter or pore."" [GOC:ai]",20972,12488,15,"[[], [], [], [], [], [], [], [], [], [], ['ISO', 'IBA', 'IEA'], [], [], [], [], [], [], [], [], [], [], [], [], [], [], [], [], [], [], [], [], [], [], [], ['ISS', 'IBA', 'IEA'], [], [], [], [], [], [], [], [], [], [], [], [], [], [], [], [], [], [], [], [], [], [], ['IEA'], [], [], [], [], [], [], ['IMP', 'ISS', 'IBA', 'NAS', 'IEA'], [], [], [], ['IEA'], [], [], [], [], [], [], ['IDA', 'IBA', 'TAS', 'IEA'], ['IDA', 'IBA', 'IEA'], ['ISS', 'IBA', 'IEA'], ['ISS', 'IBA', 'IEA'], ['IBA', 'TAS', 'IEA'], ['IBA', 'IEA'], ['IDA', 'ISS', 'IBA', 'TAS', 'IEA'], ['ISS', 'IBA', 'TAS', 'IEA'], [], [], [], [], [], [], [], [], [], [], [], [], [], [], [], [], [], [], [], [], [], [], [], [], [], [], [], [], [], [], [], [], [], [], [], [], [], [], [], [], [], [], [], [], [], [], [], [], [], [], [], ['IEA'], [], [], [], [], [], [], [], [], [], [], [], [], [], [], [], ['ISS', 'IEA'], [], [], [], [], [], [], [], [], [], [], [], [], [], [], [], [], [], [], [], [], [], [], [], [], [], [], [], []]",potassium ion transport,GO:0006813,1.4603006891462697e-07,['GO:0030001'],0.08823529411764706,query_1,170,0.0641025641025641,True,GO:BP,234,2365,1
"""Any process that modulates a qualitative or quantitative trait of a biological quality. A biological quality is a measurable attribute of an organism or part of an organism, such as size, mass, shape, color, etc."" [GOC:dph, GOC:isa_complete, GOC:mah, GOC:pr, GOC:vw]",20972,24908,55,"[['IBA'], [], ['IDA', 'IEA'], [], [], [], [], [], ['IBA', 'IEA'], [], [], [], ['IBA'], [], [], [], [], ['IBA', 'TAS', 'NAS'], [], [], [], [], [], [], [], [], [], [], ['IDA', 'IBA'], ['ISS', 'IEA'], [], [], [], [], ['ISS', 'IBA', 'NAS', 'IEA'], ['IDA', 'IBA', 'IEA'], ['IMP'], [], [], ['IMP', 'IBA', 'IEA'], [], ['IDA'], [], [], [], [], [], [], [], ['IC'], [], ['IDA'], ['IEA'], [], ['ISS', 'IEA'], ['IEA'], [], [], [], [], [], [], ['ISS', 'ISO', 'IBA', 'NAS', 'IEA'], ['IEA'], ['IDA', 'IMP', 'IBA', 'NAS', 'IEA'], [], [], ['IEA'], ['IEA'], ['IBA', 'IEA'], ['ISS'], [], [], ['IDA', 'ISS', 'IEA'], ['IEA'], ['IBA'], ['IBA'], [], [], [], [], ['IBA'], ['IBA'], [], [], [], [], [], [], [], ['IEA'], ['IBA', 'IEA'], [], [], [], [], ['TAS', 'IEA'], ['ISS'], ['ISS'], [], [], [], [], [], ['IEA'], ['IDA', 'IC'], ['ISS', 'IEA'], [], ['IDA'], ['IEA'], [], [], ['IEA'], [], [], ['ISS', 'IEA'], [], [], [], [], [], ['IMP'], [], [], ['IBA', 'IEA'], [], [], [], [], ['IEA'], [], ['ISS', 'IEA'], [], [], ['IEA'], [], [], [], [], [], [], [], [], [], [], [], [], [], [], [], ['IBA'], ['ISS'], [], [], [], ['IDA', 'IMP', 'IBA', 'IEA'], [], [], [], ['TAS', 'IEA'], [], [], [], [], ['IEA'], [], [], ['ISS'], [], [], ['ISS', 'TAS'], [], ['IEA'], [], [], [], [], [], []]",regulation of biological quality,GO:0065008,1.80915614146702e-07,['GO:0065007'],0.3235294117647059,query_1,170,0.018562267971650354,True,GO:BP,2963,14785,1
"""Any biological process, occurring at the level of a multicellular organism, pertinent to its function."" [GOC:curators, GOC:dph, GOC:isa_complete, GOC:tb]",20972,17239,98,"[[], [], ['IMP', 'ISS', 'TAS', 'IEA'], [], [], [], [], [], ['IEA'], [], [], [], [], [], ['IDA', 'IGI', 'IBA', 'IEA'], ['NAS'], [], ['IMP', 'IBA', 'TAS', 'IEA'], ['ISS', 'IEA'], [], ['ISS', 'IBA', 'IEA'], [], [], ['IDA'], [], ['ISS', 'IEA'], [], [], ['IDA', 'IMP', 'IEP', 'IBA', 'TAS'], ['IMP', 'ISS', 'IEA'], [], [], ['ISS', 'IBA', 'IEA'], ['TAS'], ['IDA', 'ISS', 'NAS', 'IEA'], ['IDA', 'ISS', 'IBA', 'TAS', 'IEA'], [], ['ISS', 'IEA'], ['IDA', 'IBA', 'IEA'], ['IMP', 'ISS', 'IBA', 'TAS', 'IEA'], [], ['IEA'], ['IBA', 'IEA'], ['IMP', 'ISS', 'IBA'], ['TAS', 'IEA'], ['IEA'], [], [], [], ['IC', 'IEA'], [], ['IMP', 'TAS'], ['ISS', 'IEA'], [], ['ISS', 'IEA'], ['IEA'], [], [], [], ['IBA', 'IEA'], ['IEA'], [], ['ISS', 'ISO', 'IBA', 'TAS', 'NAS', 'IEA'], ['IEA'], ['NAS', 'IEA'], ['IBA'], [], ['IEA'], ['IEA'], ['IEA'], ['ISS', 'IBA'], ['ISS', 'IEA'], ['IBA', 'IEA'], ['IDA', 'IMP', 'ISS', 'IBA', 'IEA'], ['ISS', 'IBA', 'IEA'], [], [], [], [], [], [], [], [], [], [], [], ['IBA'], ['IBA'], ['ISS', 'IEA'], ['IDA', 'IMP', 'ISS', 'IBA', 'IC', 'IEA'], [], ['ISS', 'IBA', 'IEA'], ['IBA', 'IEA'], ['IDA', 'ISS', 'IBA', 'IEA'], [], ['IMP'], ['TAS'], ['IDA', 'IMP', 'IEP', 'ISS', 'IBA', 'TAS', 'NAS', 'IEA'], ['IMP', 'ISS', 'IBA'], [], ['ISS'], [], [], [], ['IEA'], ['ISS', 'IBA', 'TAS', 'IEA'], ['ISS', 'IBA', 'TAS', 'IEA'], ['IBA', 'IEA'], [], ['IEA'], ['IBA', 'IEA'], [], ['IDA', 'ISS', 'IEA'], [], [], ['ISS', 'TAS'], [], ['IBA', 'IEA'], ['IMP', 'ISS', 'TAS', 'IEA'], ['IEA'], ['IMP', 'ISS', 'IBA'], [], ['IBA', 'TAS', 'IEA'], ['IMP'], [], [], [], ['TAS'], ['IEA'], ['IDA', 'IMP', 'IEA'], [], ['ISS', 'IEA'], ['IBA'], ['ISS', 'IEA'], ['IEA'], [], [], ['IEA'], [], ['IDA'], ['ISS', 'IEA'], ['IMP', 'IEA'], ['ISS', 'TAS'], ['IDA'], [], ['IEA'], [], [], ['TAS'], ['IDA', 'ISS', 'IBA', 'TAS'], ['IEA'], [], ['TAS'], [], ['IEA'], ['IDA', 'IMP', 'IBA', 'IEA'], [], [], [], ['IEA'], [], ['ISS'], ['IBA', 'TAS', 'IEA'], ['ISS', 'IEA'], ['IEA'], [], [], ['ISS'], ['IMP', 'ISS', 'TAS', 'NAS', 'IEA'], [], [], [], [], ['ISS', 'IBA', 'IEA'], [], ['IDA', 'IMP', 'ISS', 'IEA'], [], ['ISS', 'IBA', 'IEA'], []]",multicellular organismal process,GO:0032501,1.9197888151245678e-07,['GO:0008150'],0.5764705882352941,query_1,170,0.013356957884694017,True,GO:BP,7337,7116,1
"""Any process that modulates the frequency, rate or extent of a signaling process."" [GOC:mtg_signal]",20972,16327,60,"[['IBA'], [], ['IMP'], [], [], [], [], [], ['IDA', 'IBA'], [], [], [], [], [], ['IDA', 'IEA'], [], [], ['IBA', 'TAS'], ['IEA'], [], [], [], [], ['IDA', 'IMP'], [], [], [], [], ['IDA', 'ISS', 'IBA'], ['ISS', 'IEA'], ['IEA'], ['IBA'], ['IMP', 'IEA'], [], ['ISS', 'IBA', 'NAS', 'IEA'], [], ['IMP'], [], ['HMP', 'IEA'], ['IEA'], [], [], [], [], [], [], [], [], [], [], [], ['IDA', 'IMP', 'ISS'], [], [], ['IDA', 'ISS', 'IEA'], ['IBA', 'IEA'], [], [], [], [], [], [], ['ISS', 'ISO', 'IBA', 'NAS', 'IEA'], ['ISS', 'IBA', 'IEA'], ['ISO'], ['TAS'], [], ['IEA'], ['IDA', 'IEA'], [], [], ['IEA'], [], ['IDA', 'ISS', 'IEA'], ['TAS', 'IEA'], [], [], ['IBA'], ['IBA'], [], [], [], [], [], [], [], [], [], [], [], ['IEA'], [], ['IBA', 'IEA'], [], [], [], [], ['ISS'], ['IDA'], [], [], ['ISS', 'IEA'], [], [], ['IBA'], ['IC', 'IEA'], ['ISS', 'IEA'], [], ['IDA', 'ISS', 'IEA'], ['IDA', 'IEA'], [], [], ['IDA', 'IBA', 'TAS', 'IEA'], ['TAS'], [], [], [], [], ['IDA', 'ISS', 'IEA'], [], ['IDA', 'IMP', 'IBA'], [], [], ['IMP'], [], [], [], [], [], ['IDA'], [], ['IEA'], ['IDA', 'IMP'], [], ['TAS', 'IEA'], ['TAS', 'IEA'], ['ISS', 'IEA'], ['TAS', 'IEA'], [], [], [], ['IDA', 'IBA', 'NAS', 'IEA'], [], [], [], [], [], [], [], [], [], ['ISS'], [], [], [], [], [], [], [], ['TAS', 'IEA'], [], [], [], ['ISS', 'IBA', 'IEA'], ['IDA'], [], [], ['ISS'], ['IMP', 'ISS', 'IEA'], [], [], [], ['IBA', 'IEA'], [], [], [], [], [], []]",regulation of signaling,GO:0023051,3.39390377705546e-07,"['GO:0023052', 'GO:0050789']",0.35294117647058826,query_1,170,0.017276130146847105,True,GO:BP,3473,6204,1
"""Any process that modulates the frequency, rate or extent of cell communication. Cell communication is the process that mediates interactions between a cell and its surroundings. Encompasses interactions such as signaling or attachment between one cell and another cell, between a cell and an extracellular matrix, or between a cell and any other aspect of its environment."" [GOC:dph, GOC:tb]",20972,14228,60,"[['IBA'], [], ['IMP'], [], [], [], [], [], ['IDA', 'IBA'], [], [], [], [], [], ['IDA', 'IEA'], [], [], ['IBA', 'TAS'], ['IEA'], [], [], [], [], ['IDA', 'IMP'], [], [], [], [], ['IDA', 'ISS', 'IBA'], ['ISS', 'IEA'], ['IEA'], ['IBA'], ['IMP', 'IEA'], [], ['ISS', 'IBA', 'NAS', 'IEA'], [], ['IMP'], [], ['HMP', 'IEA'], ['IEA'], [], [], [], [], [], [], [], [], [], [], [], ['IDA', 'IMP', 'ISS'], [], [], ['IDA', 'ISS', 'IEA'], ['IBA', 'IEA'], [], [], [], [], [], [], ['ISS', 'ISO', 'IBA', 'NAS', 'IEA'], ['ISS', 'IBA', 'IEA'], ['ISO', 'NAS'], ['TAS'], [], ['IEA'], ['IDA', 'IEA'], [], [], ['IEA'], [], ['IDA', 'ISS', 'IEA'], ['TAS', 'IEA'], [], [], ['IBA'], ['IBA'], [], [], [], [], [], [], [], [], [], [], [], ['IEA'], [], ['IBA', 'IEA'], [], [], [], [], ['ISS'], ['IDA'], [], [], ['ISS', 'IEA'], [], [], ['IBA'], ['IC', 'IEA'], ['ISS', 'IEA'], [], ['IDA', 'ISS', 'IEA'], ['IDA', 'IEA'], [], [], ['IDA', 'IBA', 'TAS', 'IEA'], ['TAS'], [], [], [], [], ['IDA', 'ISS', 'IEA'], [], ['IDA', 'IMP', 'IBA'], [], [], ['IMP'], [], [], [], [], [], ['IDA'], [], ['IEA'], ['IDA', 'IMP'], [], ['TAS', 'IEA'], ['TAS', 'IEA'], ['ISS', 'IEA'], ['TAS', 'IEA'], [], [], [], ['IDA', 'IBA', 'NAS', 'IEA'], [], [], [], [], [], [], [], [], [], ['ISS'], [], [], [], [], [], [], [], ['TAS', 'IEA'], [], [], [], ['ISS', 'IBA', 'IEA'], ['IDA'], [], [], ['ISS'], ['IMP', 'ISS', 'IEA'], [], [], [], ['IBA', 'IEA'], [], [], [], [], [], []]",regulation of cell communication,GO:0010646,3.5131779966050873e-07,"['GO:0007154', 'GO:0050794']",0.35294117647058826,query_1,170,0.017241379310344827,True,GO:BP,3480,4105,1
"""The process in which a signal is secreted or discharged into the extracellular medium from a cellular source."" [GOC:mtg_signal]",20972,16333,20,"[['IBA'], [], ['IMP', 'ISS', 'IEA'], [], [], [], [], [], [], [], [], [], [], [], [], [], ['IEA'], ['NAS'], [], [], [], [], [], [], [], [], [], [], ['IDA', 'IBA'], [], [], [], [], ['IBA', 'IEA'], ['ISS', 'IBA', 'IEA'], [], [], [], [], ['IEA'], [], [], [], [], [], [], [], [], [], [], [], [], [], [], ['ISS', 'IEA'], [], [], [], [], [], [], [], [], ['IEA'], [], [], [], [], ['IEA'], [], [], [], [], ['IDA'], ['IEA'], [], [], [], [], [], [], [], [], [], [], [], [], [], [], [], [], [], [], [], [], [], [], ['ISS'], [], [], [], [], [], [], [], ['IDA', 'IC'], [], [], [], [], [], [], [], [], [], [], [], [], [], [], [], [], [], [], [], [], [], [], [], [], [], ['IEA'], [], [], [], [], [], [], [], [], [], [], [], [], [], [], [], [], [], [], [], ['ISS'], [], [], [], [], [], [], [], ['IDA', 'ISS', 'TAS', 'IEA'], [], [], [], [], [], [], [], [], [], [], ['ISS'], [], ['IEA'], [], [], [], [], [], []]",signal release,GO:0023061,4.5858450648834865e-07,"['GO:0007267', 'GO:0032940']",0.11764705882352941,query_1,170,0.04081632653061224,True,GO:BP,490,6210,1
"""Any process that modulates the frequency, rate or extent of any process in which a cell, a substance, or a cellular entity is transported to, or maintained in, a specific location."" [GOC:mah]",20972,17487,41,"[['IBA'], [], ['TAS', 'IEA'], [], [], [], [], [], [], [], ['IEA'], [], [], [], ['IEA'], [], ['IBA'], ['IBA', 'TAS'], [], [], [], [], [], ['IMP'], [], [], [], [], ['IDA', 'ISS', 'IBA'], [], [], [], [], ['IMP', 'IBA', 'IEA'], ['IDA', 'ISS', 'IBA', 'IC', 'IEA'], [], ['IMP'], [], [], [], [], [], [], ['IDA'], [], [], [], [], [], [], [], ['ISS'], [], [], ['ISS', 'IEA'], [], [], ['IBA', 'IEA'], [], [], [], [], ['ISS', 'ISO'], ['IEA'], [], [], [], [], ['IEA'], [], [], [], [], ['IDA'], ['IEA'], [], [], ['ISS', 'IBA'], ['ISS', 'IBA', 'IEA'], ['IBA'], [], ['IDA', 'ISS', 'IEA'], ['ISS'], [], [], [], [], [], [], ['IMP', 'TAS'], [], [], [], [], [], [], ['IEA'], ['ISS'], [], [], [], [], [], [], [], ['IC'], [], [], [], ['IEA'], [], [], [], [], [], ['IEA'], [], [], [], [], [], [], [], [], [], [], [], [], [], [], [], [], [], [], ['IEA'], [], [], ['IEA'], [], [], [], [], [], [], [], [], [], [], [], [], ['IEA'], ['ISS'], ['ISS', 'IEA'], ['IEA'], ['IEA'], [], [], [], [], ['ISS', 'TAS', 'IEA'], [], [], [], [], [], [], [], [], [], [], ['IDA', 'IBA', 'IEA'], [], ['IEA'], [], [], [], [], [], []]",regulation of localization,GO:0032879,6.630790553712806e-07,"['GO:0050789', 'GO:0051179']",0.2411764705882353,query_1,170,0.021421107628004178,True,GO:BP,1914,7364,1
"""Any process that modulates the frequency or amplitude of synaptic transmission, the process of communication from a neuron to a target (neuron, muscle, or secretory cell) across a synapse. Amplitude, in this case, refers to the change in postsynaptic membrane potential due to a single instance of synaptic transmission."" [GOC:ai]",20972,22532,20,"[[], [], [], [], [], [], [], [], [], [], [], [], [], [], [], [], [], ['IBA', 'TAS'], ['IEA'], [], [], [], [], [], [], [], [], [], [], ['ISS', 'IEA'], [], ['IBA'], [], [], ['ISS', 'IBA', 'IEA'], [], [], [], [], [], [], [], [], [], [], [], [], [], [], [], [], [], [], [], [], [], [], [], [], [], [], [], ['ISS', 'ISO', 'IBA', 'NAS', 'IEA'], ['IBA', 'IEA'], ['ISO'], [], [], ['IEA'], ['IEA'], [], [], ['IEA'], [], [], [], [], [], [], [], [], [], [], [], [], [], [], [], [], [], [], ['IEA'], [], ['IBA', 'IEA'], [], [], [], [], ['ISS'], [], [], [], [], [], [], [], [], ['ISS', 'IEA'], [], [], [], [], [], ['IEA'], [], [], [], [], [], [], [], [], [], [], [], [], [], [], [], [], [], [], [], [], [], ['IEA'], [], [], [], [], [], [], [], [], [], [], [], [], [], [], [], [], ['ISS'], [], [], [], [], [], [], [], ['IEA'], [], [], [], [], [], [], [], ['ISS'], [], [], [], [], [], [], [], [], [], [], []]",modulation of chemical synaptic transmission,GO:0050804,6.630790553712806e-07,"['GO:0007268', 'GO:0099177']",0.11764705882352941,query_1,170,0.039761431411530816,True,GO:BP,503,12409,1
"""Any process that modulates the frequency, rate or extent of trans-synaptic signaling."" [GOC:dos]",20972,27963,20,"[[], [], [], [], [], [], [], [], [], [], [], [], [], [], [], [], [], ['IBA', 'TAS'], ['IEA'], [], [], [], [], [], [], [], [], [], [], ['ISS', 'IEA'], [], ['IBA'], [], [], ['ISS', 'IBA', 'IEA'], [], [], [], [], [], [], [], [], [], [], [], [], [], [], [], [], [], [], [], [], [], [], [], [], [], [], [], ['ISS', 'ISO', 'IBA', 'NAS', 'IEA'], ['IBA', 'IEA'], ['ISO'], [], [], ['IEA'], ['IEA'], [], [], ['IEA'], [], [], [], [], [], [], [], [], [], [], [], [], [], [], [], [], [], [], ['IEA'], [], ['IBA', 'IEA'], [], [], [], [], ['ISS'], [], [], [], [], [], [], [], [], ['ISS', 'IEA'], [], [], [], [], [], ['IEA'], [], [], [], [], [], [], [], [], [], [], [], [], [], [], [], [], [], [], [], [], [], ['IEA'], [], [], [], [], [], [], [], [], [], [], [], [], [], [], [], [], ['ISS'], [], [], [], [], [], [], [], ['IEA'], [], [], [], [], [], [], [], ['ISS'], [], [], [], [], [], [], [], [], [], [], []]",regulation of trans-synaptic signaling,GO:0099177,6.630790553712806e-07,"['GO:0010646', 'GO:0023051', 'GO:0099537']",0.11764705882352941,query_1,170,0.03968253968253968,True,GO:BP,504,17840,1
"""Any process that activates or increases the frequency, rate or extent of a biological process. Biological processes are regulated by many means; examples include the control of gene expression, protein modification or interaction with a protein or substrate molecule."" [GOC:jid]",20972,22075,85,"[['IBA'], [], ['ISS', 'IEA'], ['IDA'], [], [], [], [], ['IDA', 'IBA'], ['IDA', 'IMP'], [], [], ['IBA'], [], ['IDA', 'IGI'], [], ['IBA'], ['TAS'], [], [], [], [], [], ['IDA', 'IMP'], [], [], [], [], [], ['ISS', 'IEA'], ['IEA'], [], ['IMP', 'ISS', 'IEA'], ['IBA', 'IEA'], ['IDA', 'IMP', 'ISS', 'IEA'], ['IDA', 'IBA', 'IEA'], ['IMP', 'ISS'], [], ['IDA', 'HMP'], ['IEA'], [], ['IDA'], [], ['IDA', 'IMP'], ['IDA', 'IEA'], ['IMP', 'IEA'], [], [], [], ['ISS', 'IEA'], [], ['IDA', 'IMP'], ['IEA'], [], ['IDA', 'IMP', 'ISS', 'IEA'], [], [], ['IBA'], [], [], [], [], ['ISS', 'ISO', 'IBA', 'IEA'], ['ISS', 'IEA'], ['IEA'], [], ['IDA'], ['IEA'], ['IDA', 'IEA'], [], ['ISS'], [], ['IEA'], ['IDA', 'IGI', 'ISS', 'IBA', 'IEA'], ['IEA'], [], [], [], [], [], [], [], [], [], [], [], [], [], ['ISS', 'IEA'], ['IMP', 'ISS', 'TAS', 'IC', 'IEA'], [], [], [], ['ISS', 'IEA'], ['IDA'], ['IMP'], ['IEA'], ['IDA', 'IMP', 'ISS', 'IBA', 'IEA'], ['IDA', 'IMP'], [], ['IMP'], ['ISS'], [], [], [], ['IDA', 'ISS', 'IBA', 'IEA'], ['ISS', 'IBA', 'IEA'], ['IBA', 'IEA'], ['ISS', 'IEA'], ['IDA', 'IEA'], [], [], ['IDA', 'ISS', 'IBA', 'TAS', 'IEA'], [], [], ['IDA', 'ISS'], [], [], ['ISS', 'IEA'], [], ['IDA', 'IMP', 'TAS'], [], ['IEA'], ['IMP'], [], [], [], [], [], ['IDA'], ['ISS', 'IEA'], ['ISS', 'NAS', 'IEA'], [], ['IMP', 'ISS', 'IEA'], ['IEA'], [], [], [], [], [], ['ISS', 'IEA'], ['IDA', 'IBA', 'NAS', 'IEA'], [], ['IMP'], [], ['IDA', 'IEA'], [], [], [], ['IEA'], [], ['ISS'], [], ['IEA'], ['ISS', 'IEA'], ['IMP', 'IBA', 'IEA'], [], [], [], ['ISS', 'IEA'], [], [], ['IEA'], ['ISS', 'IBA', 'IEA'], ['IDA', 'IBA', 'IEA'], [], [], ['ISS'], ['IDA', 'IMP', 'NAS', 'IEA'], [], ['IDA', 'ISS', 'TAS', 'IEA'], ['TAS'], ['IEA'], [], [], ['IDA', 'IMP', 'IEA'], ['IDA'], ['IDA', 'ISS'], []]",positive regulation of biological process,GO:0048518,1.2721075537782378e-06,"['GO:0008150', 'GO:0050789']",0.5,query_1,170,0.013821138211382113,True,GO:BP,6150,11952,1
"""The biological process whose specific outcome is the progression of an anatomical structure from an initial condition to its mature state. This process begins with the formation of the structure and ends with the mature structure, whatever form that may be including its natural destruction. An anatomical structure is any biological entity that occupies space and is distinguished from its surroundings. Anatomical structures can be macroscopic such as a carpel, or microscopic such as an acrosome."" [GO_REF:0000021]",20972,22370,83,"[[], [], [], ['IEP'], [], [], [], [], [], [], [], [], [], [], ['IDA', 'IGI', 'IBA', 'IEA'], ['NAS'], [], ['IMP', 'IBA', 'IEA'], ['ISS', 'IEA'], [], ['ISS'], [], ['IBA'], ['IDA', 'IBA'], [], ['ISS', 'IEA'], [], [], [], ['ISS', 'IEA'], [], [], ['ISS', 'IBA', 'IEA'], ['TAS'], ['ISS', 'IEA'], ['IDA', 'ISS', 'IBA', 'TAS', 'IEA'], [], [], ['IDA', 'IBA', 'IEA'], ['ISS', 'TAS', 'IEA'], [], ['IEA'], ['IBA', 'IEA'], ['IMP', 'ISS', 'IBA'], ['TAS', 'IEA'], ['IEA'], [], [], [], ['IEA'], [], ['IMP', 'TAS'], ['ISS', 'IEA'], [], ['IEA'], ['IEA'], [], [], [], ['IBA', 'IEA'], ['IEA'], [], ['NAS', 'IEA'], [], ['IEA'], ['IBA'], [], [], [], [], ['ISS', 'IBA'], ['ISS', 'IEA'], ['IBA', 'IEA'], ['IDA', 'IMP', 'ISS', 'IBA', 'IEA'], ['ISS', 'IBA', 'IEA'], ['TAS'], [], [], [], [], [], [], [], [], [], [], [], ['IBA'], ['ISS', 'IEA'], ['IMP'], [], ['IBA', 'IEA'], ['IBA', 'IEA'], ['IDA', 'ISS', 'IBA', 'TAS', 'IEA'], ['ISS'], [], [], ['IDA', 'IMP', 'IEP', 'ISS', 'IBA', 'TAS', 'NAS', 'IEA'], ['IDA', 'IMP', 'IBA'], [], ['ISS'], [], ['ISS', 'IBA'], [], [], ['ISS', 'IBA', 'TAS', 'IEA'], ['ISS', 'IBA', 'TAS', 'IEA'], ['IBA', 'IEA'], [], [], ['IBA', 'IEA'], [], ['IDA', 'ISS', 'IEA'], [], [], ['ISS', 'TAS'], [], [], ['IMP', 'ISS', 'IBA', 'TAS', 'IEA'], [], ['IMP', 'ISS', 'IBA'], [], ['IBA', 'TAS', 'IEA'], ['IMP'], [], [], [], ['TAS'], ['IEA'], ['IDA', 'IMP', 'IEA'], [], ['ISS', 'IEA'], ['IBA'], [], ['IEA'], [], [], ['IEA'], [], ['IDA'], ['ISS', 'IEA'], ['IMP', 'IEA'], ['ISS', 'TAS'], ['IDA'], [], ['IEA'], [], [], ['TAS'], ['IDA', 'ISS', 'IBA', 'TAS'], ['IEA'], [], [], [], [], ['IDA', 'IMP', 'IBA', 'IEA'], [], [], [], [], [], [], ['IBA', 'TAS', 'IEA'], ['ISS', 'IEA'], ['IEA'], [], [], [], ['IMP', 'TAS', 'NAS', 'IEA'], [], [], [], [], ['ISS', 'IBA', 'IEA'], [], ['IDA', 'IMP', 'ISS', 'TAS', 'IEA'], ['ISS'], ['IDA', 'IBA', 'IEA'], []]",anatomical structure development,GO:0048856,1.3824988529495497e-06,['GO:0032502'],0.48823529411764705,query_1,170,0.013954270342972428,True,GO:BP,5948,12247,1
"""Any process that activates or increases the frequency, rate or extent of a cellular process, any of those that are carried out at the cellular level, but are not necessarily restricted to a single cell. For example, cell communication occurs among more than one cell, but occurs at the cellular level."" [GOC:jid]",20972,22079,81,"[['IBA'], [], ['ISS', 'IEA'], ['IDA'], [], [], [], [], ['IDA', 'IBA'], ['IDA', 'IMP'], [], [], ['IBA'], [], ['IDA'], [], ['IBA'], ['TAS'], [], [], [], [], [], ['IDA', 'IMP'], [], [], [], [], [], ['ISS', 'IEA'], ['IEA'], [], ['IMP', 'ISS', 'IEA'], ['IBA', 'IEA'], ['IDA', 'IMP', 'ISS', 'IEA'], ['IDA', 'IBA', 'IEA'], ['IMP', 'ISS'], [], ['IDA', 'HMP'], ['IEA'], [], ['IDA'], [], ['IDA', 'IMP'], ['IDA', 'IEA'], ['IMP', 'IEA'], [], [], [], ['ISS', 'IEA'], [], ['IDA', 'IMP'], ['IEA'], [], ['IDA', 'IMP', 'ISS', 'IEA'], [], [], ['IBA'], [], [], [], [], ['ISS', 'ISO', 'IBA', 'IEA'], ['ISS', 'IEA'], [], [], ['IDA'], [], ['IDA', 'IEA'], [], ['ISS'], [], ['IEA'], ['IDA', 'IGI', 'ISS', 'IBA', 'IEA'], ['IEA'], [], [], [], [], [], [], [], [], [], [], [], [], [], ['ISS', 'IEA'], ['IMP', 'ISS', 'TAS', 'IEA'], [], [], [], ['ISS', 'IEA'], ['IDA'], ['IMP'], [], ['IDA', 'IMP', 'ISS', 'IBA', 'IEA'], ['IDA', 'IMP'], [], ['IMP'], ['ISS'], [], [], [], ['IDA', 'ISS', 'IBA', 'IEA'], ['ISS', 'IBA', 'IEA'], ['IBA', 'IEA'], ['ISS', 'IEA'], ['IDA', 'IEA'], [], [], ['IDA', 'ISS', 'IBA', 'TAS', 'IEA'], [], [], ['IDA', 'ISS'], [], [], ['ISS', 'IEA'], [], ['IDA', 'IMP'], [], ['IEA'], ['IMP'], [], [], [], [], [], ['IDA'], ['ISS', 'IEA'], ['ISS', 'NAS', 'IEA'], [], ['ISS', 'IEA'], ['IEA'], [], [], [], [], [], ['ISS', 'IEA'], ['IDA', 'IBA', 'NAS', 'IEA'], [], ['IMP'], [], ['IDA', 'IEA'], [], [], [], ['IEA'], [], ['ISS'], [], [], ['ISS', 'IEA'], ['IMP', 'IBA', 'IEA'], [], [], [], ['ISS', 'IEA'], [], [], ['IEA'], ['ISS', 'IBA', 'IEA'], ['IDA', 'IBA', 'IEA'], [], [], ['ISS'], ['IDA', 'IMP', 'NAS', 'IEA'], [], ['IDA', 'ISS', 'TAS', 'IEA'], ['TAS'], ['IEA'], [], [], ['IDA', 'IMP', 'IEA'], ['IDA'], ['IDA', 'ISS'], []]",positive regulation of cellular process,GO:0048522,1.3945179575977894e-06,"['GO:0009987', 'GO:0048518', 'GO:0050794']",0.4764705882352941,query_1,170,0.014113957135389441,True,GO:BP,5739,11956,1
"""The vesicular release of glutamate from a presynapse, across a chemical synapse, the subsequent activation of glutamate receptors at the postsynapse of a target cell (neuron, muscle, or secretory cell) and the effects of this activation on the postsynaptic membrane potential and ionic composition of the postsynaptic cytosol. This process encompasses both spontaneous and evoked release of neurotransmitter and all parts of synaptic vesicle exocytosis. Evoked transmission starts with the arrival of an action potential at the presynapse."" [GOC:dos]",20972,18469,10,"[[], [], [], [], [], [], [], [], [], [], [], [], [], [], [], [], [], [], [], [], [], [], [], [], [], [], [], [], [], [], [], [], [], [], ['ISS', 'IBA', 'IEA'], ['IEA'], [], [], [], [], [], [], [], [], [], [], [], [], [], [], [], [], [], [], [], [], [], [], [], [], [], [], ['ISS', 'ISO', 'IBA'], ['IBA'], ['ISO'], [], [], [], ['IEA'], [], [], [], [], [], [], [], [], [], [], [], [], [], [], [], [], [], [], [], [], [], [], [], [], [], [], [], [], ['ISS'], [], [], [], [], [], [], [], [], [], [], [], [], [], [], ['IEA'], [], [], [], [], [], [], [], [], [], [], [], [], [], [], [], [], [], [], [], [], [], [], [], [], [], [], [], [], [], [], [], [], [], [], [], [], [], ['IBA'], [], [], [], [], [], [], [], [], [], [], [], [], [], [], [], [], ['ISS'], [], [], [], [], [], [], [], [], [], [], []]","synaptic transmission, glutamatergic",GO:0035249,1.8133155129144905e-06,['GO:0007268'],0.058823529411764705,query_1,170,0.09345794392523364,True,GO:BP,107,8346,1
"""The cellular developmental process in which a specific cell progresses from an immature to a mature state. Cell development start once cell commitment has taken place."" [GOC:go_curators]",20972,22043,51,"[[], [], [], [], [], [], [], [], [], [], [], [], [], [], [], [], [], ['IMP', 'IBA'], [], [], ['ISS'], [], [], [], [], [], [], [], [], ['ISS', 'IEA'], [], [], ['IEA'], [], ['ISS', 'IEA'], ['IDA', 'ISS', 'IBA', 'IEA'], [], [], ['IEA'], ['ISS', 'IEA'], [], ['IEA'], ['IEA'], ['IMP', 'ISS', 'IBA'], [], ['IEA'], [], [], [], [], [], ['IMP'], ['IEA'], [], [], ['IEA'], [], [], [], [], [], [], [], [], ['IEA'], ['IBA'], [], [], [], [], ['ISS'], [], ['IBA'], ['ISS', 'IBA', 'IEA'], ['IBA', 'IEA'], [], [], [], [], [], [], [], [], [], [], [], [], ['IBA'], ['IEA'], [], [], [], [], ['IDA', 'ISS', 'IBA', 'IEA'], ['ISS'], [], [], ['ISS'], ['IDA'], [], [], [], ['IBA'], [], [], ['IBA'], ['IBA', 'IEA'], ['IBA'], [], [], ['IBA'], [], ['IDA', 'ISS', 'IEA'], [], [], ['ISS'], [], [], ['IEA'], [], ['ISS', 'IBA'], [], ['IBA', 'IEA'], [], [], [], [], [], [], ['IEA'], [], [], ['IBA'], [], ['IEA'], [], [], [], [], ['IDA'], ['ISS', 'IEA'], [], ['ISS', 'TAS'], [], [], ['IEA'], [], [], [], ['ISS'], [], [], [], [], [], ['IMP', 'IBA', 'IEA'], [], [], [], [], [], [], ['IBA', 'IEA'], ['ISS', 'IEA'], ['IEA'], [], [], [], ['IEA'], [], [], [], [], [], [], ['IDA', 'ISS', 'TAS', 'IEA'], [], [], []]",cell development,GO:0048468,1.8620438821768832e-06,"['GO:0030154', 'GO:0048856', 'GO:0048869']",0.3,query_1,170,0.017945109078114006,True,GO:BP,2842,11920,1
"""The directed movement of some substance from a cell, into the extracellular region. This may occur via transport across the plasma membrane or via exocytosis."" [GOC:pg]",20972,28625,26,"[['IBA'], [], ['IMP', 'ISS', 'IEA'], [], [], [], [], [], [], [], ['IBA'], [], [], [], [], [], ['IBA', 'IEA'], ['NAS'], ['IEA'], [], [], [], [], [], [], [], [], [], ['IDA', 'IBA'], [], [], [], [], ['IMP', 'IBA', 'IEA'], ['IDA', 'ISS', 'IBA', 'IEA'], [], [], [], [], ['IEA'], [], [], [], [], [], [], [], [], [], [], [], [], [], [], ['ISS', 'IEA'], [], [], ['IBA'], [], [], [], [], [], ['IEA'], [], [], [], [], ['IEA'], [], [], [], [], ['IDA'], ['IEA'], [], [], [], [], [], [], [], [], [], [], [], [], [], [], [], [], [], [], [], [], [], [], ['ISS'], [], [], [], [], [], [], [], ['IDA', 'IC'], [], [], [], [], [], [], [], [], [], [], [], [], [], [], ['IEA'], [], [], [], [], [], [], [], [], ['IEA'], [], ['IEA'], [], [], [], [], [], ['IEA'], [], [], [], [], [], [], [], [], [], [], [], [], [], ['ISS'], [], [], [], [], [], [], [], ['IDA', 'ISS', 'IBA', 'TAS', 'IEA'], [], [], [], [], [], [], [], [], [], [], ['ISS', 'IBA'], [], ['IEA'], [], [], [], [], [], []]",export from cell,GO:0140352,2.4434917219616995e-06,"['GO:0006810', 'GO:0009987']",0.15294117647058825,query_1,170,0.028446389496717725,True,GO:BP,914,18502,1
"""The cellular process in which a signal is conveyed to trigger a change in the activity or state of a cell. Signal transduction begins with reception of a signal (e.g. a ligand binding to a receptor or receptor activation by a stimulus such as light), or for signal transduction in the absence of ligand, signal-withdrawal or the activity of a constitutively active receptor. Signal transduction ends with regulation of a downstream cellular process, e.g. regulation of transcription or regulation of a metabolic process. Signal transduction covers signaling from receptors located on the surface of the cell and signaling via molecules located within the cell. For signaling between cells, signal transduction is restricted to events at and within the receiving cell."" [GOC:go_curators, GOC:mtg_signaling_feb11]",20972,12718,83,"[[], [], ['IMP', 'IEA'], [], [], ['ISS', 'IBA', 'IEA'], ['IBA', 'TAS', 'NAS', 'IEA'], ['IBA', 'TAS', 'NAS', 'IEA'], ['IDA', 'IBA', 'TAS', 'IEA'], [], [], ['IEA'], [], [], ['IDA', 'IEA'], [], [], [], [], [], ['TAS', 'IEA'], ['IBA'], [], ['IDA', 'IMP'], [], [], [], [], ['IDA', 'ISS', 'IBA', 'TAS'], ['ISS', 'IEA'], ['IEA'], [], ['IMP', 'IEA'], [], ['IDA', 'IGI', 'ISS', 'IBA', 'NAS', 'IEA'], ['IEA'], ['IMP'], ['TAS'], ['HMP', 'IEA'], ['IDA', 'IMP', 'IBA', 'TAS', 'IEA'], [], [], [], ['IDA', 'IBA', 'IEA'], [], [], [], [], [], [], [], ['IDA', 'IMP', 'ISS'], ['ISS', 'IEA'], [], ['IDA', 'ISS', 'IBA', 'IEA'], ['IBA', 'IEA'], [], [], ['IDA', 'TAS', 'IEA'], ['IDA', 'TAS', 'IEA'], [], ['IDA', 'IBA', 'IEA'], ['ISS', 'ISO', 'IBA', 'TAS', 'IEA'], ['IDA', 'ISS', 'IBA', 'IEA'], [], ['TAS'], ['IDA'], ['IDA', 'ISS', 'IBA', 'IEA'], ['IDA', 'IMP', 'IBA', 'TAS', 'IEA'], ['IDA', 'IEA'], [], [], [], ['ISS', 'IEA'], ['ISS', 'IBA', 'TAS'], [], [], ['IBA', 'TAS'], ['IBA'], [], [], [], [], [], [], [], [], [], [], ['IMP'], [], [], [], ['NAS'], ['IBA', 'TAS'], ['IDA', 'IBA', 'IEA'], ['IBA', 'TAS', 'IEA'], ['IDA', 'IMP', 'ISS'], ['IDA', 'ISS', 'IBA', 'TAS', 'NAS', 'IEA'], [], [], ['ISS', 'IEA'], [], [], ['IBA', 'IEA'], ['IEA'], ['ISS', 'IEA'], [], ['IDA', 'IMP', 'ISS', 'IBA', 'TAS', 'IEA'], ['IDA', 'IEA'], [], [], ['IDA', 'IMP', 'IBA', 'TAS', 'IEA'], ['TAS'], ['TAS', 'NAS'], ['ISS', 'IBA'], [], [], ['IDA', 'ISS', 'IEA'], [], ['IDA', 'IMP', 'IBA', 'TAS'], [], [], ['IMP'], [], [], [], [], [], ['IDA', 'NAS', 'IEA'], [], ['IEA'], ['IDA', 'IMP', 'IBA', 'NAS'], ['IMP', 'ISS', 'IEA'], ['TAS', 'IEA'], ['IBA', 'TAS', 'IEA'], ['ISS', 'TAS', 'IEA'], ['IBA', 'TAS', 'IEA'], ['IMP', 'IBA', 'IEA'], ['IBA', 'IEA'], ['IEA'], ['IDA', 'IBA', 'NAS', 'IEA'], ['ISS'], [], [], [], [], [], ['IBA', 'TAS', 'IEA'], [], [], [], [], [], [], [], [], ['IEA'], [], ['IEA'], [], ['IEA'], [], ['ISS', 'IBA', 'IEA'], ['IDA', 'IBA', 'IEA'], [], ['TAS'], [], ['IMP', 'ISS', 'IEA'], [], ['IDA', 'IBA', 'TAS', 'IEA'], ['IDA', 'IBA', 'TAS', 'IEA'], ['IBA'], [], [], [], [], [], []]",signal transduction,GO:0007165,3.043098501947128e-06,"['GO:0007154', 'GO:0009987', 'GO:0023052', 'GO:0050794', 'GO:0051716']",0.48823529411764705,query_1,170,0.013689592610918688,True,GO:BP,6063,2595,1
"""A biological process whose specific outcome is the progression of an integrated living unit: an anatomical structure (which may be a subcellular structure, cell, tissue, or organ), or organism over time from an initial condition to a later condition."" [GOC:isa_complete]",20972,17240,87,"[[], [], ['TAS'], ['IEP'], [], [], [], [], [], [], [], [], [], [], ['IDA', 'IGI', 'IBA', 'IEA'], ['NAS'], [], ['IMP', 'IBA', 'IEA'], ['ISS', 'IEA'], [], ['ISS'], [], ['IBA'], ['IDA', 'IBA'], [], ['ISS', 'IEA'], [], [], [], ['ISS', 'IEA'], [], [], ['ISS', 'IBA', 'IEA'], ['TAS'], ['ISS', 'IEA'], ['IDA', 'ISS', 'IBA', 'TAS', 'IEA'], [], [], ['IDA', 'IBA', 'IEA'], ['ISS', 'TAS', 'IEA'], [], ['IEA'], ['IBA', 'IEA'], ['IMP', 'ISS', 'IBA'], ['IBA', 'TAS', 'IEA'], ['IBA', 'IEA'], [], [], [], ['IEA'], [], ['IMP', 'TAS'], ['ISS', 'IEA'], [], ['ISS', 'IEA'], ['IBA', 'IEA'], [], [], [], ['IBA', 'IEA'], ['IEA'], [], ['NAS', 'IEA'], [], ['IEA'], ['IBA'], [], [], ['IEA'], [], ['ISS', 'IBA'], ['ISS', 'IEA'], ['IBA', 'IEA'], ['IDA', 'IMP', 'ISS', 'IBA', 'IEA'], ['ISS', 'IBA', 'IEA'], ['TAS'], [], [], [], [], [], [], [], [], [], [], [], ['IBA'], ['ISS', 'IEA'], ['IMP', 'IEA'], [], ['IBA', 'IEA'], ['IBA', 'IEA'], ['IDA', 'ISS', 'IBA', 'TAS', 'IEA'], ['ISS'], [], [], ['IDA', 'IMP', 'IEP', 'ISS', 'IBA', 'TAS', 'NAS', 'IEA'], ['IDA', 'IMP', 'IBA'], [], ['ISS'], ['IEA'], ['ISS', 'IBA'], [], [], ['ISS', 'IBA', 'TAS', 'IEA'], ['ISS', 'IBA', 'TAS', 'IEA'], ['IBA', 'IEA'], [], [], ['IBA', 'IEA'], [], ['IDA', 'ISS', 'IEA'], [], [], ['ISS', 'TAS'], [], [], ['IMP', 'ISS', 'IBA', 'TAS', 'IEA'], [], ['IMP', 'ISS', 'IBA'], [], ['IBA', 'TAS', 'IEA'], ['IMP'], [], [], [], ['TAS'], ['IEA'], ['IDA', 'IMP', 'IEA'], [], ['ISS', 'IEA'], ['IBA'], [], ['IEA'], [], [], ['IEA'], [], ['IDA'], ['ISS', 'IEA'], ['IMP', 'IEA'], ['ISS', 'TAS'], ['IDA'], [], ['IEA'], ['IEA'], [], ['TAS'], ['IDA', 'ISS', 'IBA', 'TAS'], ['IEA'], [], [], [], [], ['IDA', 'IMP', 'IBA', 'IEA'], [], [], [], [], [], [], ['IBA', 'TAS', 'IEA'], ['ISS', 'IEA'], ['IBA', 'IEA'], [], [], [], ['IMP', 'IBA', 'TAS', 'NAS', 'IEA'], [], [], [], [], ['ISS', 'IBA', 'IEA'], [], ['IDA', 'IMP', 'ISS', 'TAS', 'IEA'], ['ISS'], ['IDA', 'IBA', 'IEA'], []]",developmental process,GO:0032502,3.7520169167130245e-06,['GO:0008150'],0.5117647058823529,query_1,170,0.013312930374904362,True,GO:BP,6535,7117,1
"""The progression of an axon over time. Covers axonogenesis (de novo generation of an axon) and axon regeneration (regrowth), as well as processes pertaining to the progression of the axon over time (fasciculation and defasciculation)."" [GOC:dph, GOC:pg, GOC:pr]",20972,24594,19,"[[], [], [], [], [], [], [], [], [], [], [], [], [], [], [], [], [], [], [], [], ['ISS'], [], [], [], [], [], [], [], [], [], [], [], [], [], ['ISS', 'IEA'], ['IDA', 'ISS', 'IBA', 'IEA'], [], [], [], [], [], [], [], ['ISS', 'IBA'], [], [], [], [], [], [], [], [], ['IEA'], [], [], ['IEA'], [], [], [], [], [], [], [], [], [], [], [], [], [], [], [], [], [], ['ISS', 'IBA', 'IEA'], ['IBA'], [], [], [], [], [], [], [], [], [], [], [], [], [], ['IEA'], [], [], [], [], [], [], [], [], [], [], [], [], [], [], [], [], ['IBA'], ['IBA'], ['IBA'], [], [], [], [], ['ISS', 'IEA'], [], [], ['ISS'], [], [], [], [], ['IBA'], [], [], [], [], [], [], [], [], ['IEA'], [], [], [], [], [], [], [], [], [], [], [], [], ['TAS'], [], [], [], [], [], [], [], [], [], [], [], [], ['IMP', 'IBA', 'IEA'], [], [], [], [], [], [], ['IEA'], [], [], [], [], [], [], [], [], [], [], [], [], [], [], [], []]",axon development,GO:0061564,3.7520169167130245e-06,['GO:0031175'],0.11176470588235295,query_1,170,0.037037037037037035,True,GO:BP,513,14471,1
"""The cellular developmental process in which a relatively unspecialized cell, e.g. embryonic or regenerative cell, acquires specialized structural and/or functional features that characterize a specific cell. Differentiation includes the processes involved in commitment of a cell to a specific fate and its subsequent development to the mature state."" [ISBN:0198506732]",20972,16375,67,"[[], [], ['TAS'], [], [], [], [], [], [], [], [], [], [], [], [], [], [], ['IMP', 'IBA', 'IEA'], [], [], ['ISS'], [], [], [], [], [], [], [], [], ['ISS', 'IEA'], [], [], ['ISS', 'IBA', 'IEA'], [], ['ISS', 'IEA'], ['IDA', 'ISS', 'IBA', 'IEA'], [], [], ['IEA'], ['ISS', 'IEA'], [], ['IEA'], ['IBA', 'IEA'], ['IMP', 'ISS', 'IBA'], ['IBA', 'IEA'], ['IBA', 'IEA'], [], [], [], [], [], ['IMP'], ['IEA'], [], ['ISS', 'IEA'], ['IBA', 'IEA'], [], [], [], [], [], [], ['IEA'], [], ['IEA'], ['IBA'], [], [], ['IEA'], [], ['ISS', 'IBA'], [], ['IBA'], ['IDA', 'ISS', 'IBA', 'IEA'], ['IBA', 'IEA'], ['TAS'], [], [], [], [], [], [], [], [], [], [], [], ['IBA'], ['IEA'], ['IMP', 'IEA'], [], [], [], ['IDA', 'ISS', 'IBA', 'IEA'], ['ISS'], [], [], ['IDA', 'IMP', 'IEP', 'ISS', 'IBA', 'IEA'], ['IDA', 'IBA'], [], [], ['IEA'], ['IBA'], [], [], ['ISS', 'IBA', 'TAS', 'IEA'], ['ISS', 'IBA', 'IEA'], ['IBA', 'IEA'], [], [], ['IBA'], [], ['IDA', 'ISS', 'IEA'], [], [], ['ISS'], [], [], ['IMP', 'ISS', 'IBA', 'TAS', 'IEA'], [], ['ISS', 'IBA'], [], ['IBA', 'IEA'], ['IMP'], [], [], [], ['TAS'], ['IEA'], ['IDA', 'IEA'], [], ['ISS', 'IEA'], ['IBA'], [], ['IEA'], [], [], [], [], ['IDA'], ['ISS', 'IEA'], ['IEA'], ['ISS', 'TAS'], [], [], ['IEA'], ['IEA'], [], [], ['ISS'], [], [], [], [], [], ['IMP', 'IBA', 'IEA'], [], [], [], [], [], [], ['IBA', 'IEA'], ['ISS', 'IEA'], ['IBA', 'IEA'], [], [], [], ['IMP', 'IEA'], [], [], [], [], ['ISS', 'IBA', 'IEA'], [], ['IDA', 'IMP', 'ISS', 'TAS', 'IEA'], [], ['IDA', 'IBA', 'IEA'], []]",cell differentiation,GO:0030154,3.871443478962395e-06,['GO:0048869'],0.3941176470588235,query_1,170,0.01507990096781454,True,GO:BP,4443,6252,1
"""Any process that modulates the frequency, rate or extent of a multicellular organismal process, the processes pertinent to the function of a multicellular organism above the cellular level; includes the integrated processes of tissues and organs."" [GOC:ai, GOC:dph, GOC:tb]",20972,22814,51,"[[], [], ['ISS', 'TAS', 'IEA'], [], [], [], [], [], ['IEA'], [], [], [], [], [], ['IGI', 'IBA'], [], [], ['TAS'], [], [], [], [], [], [], [], ['ISS'], [], [], ['IDA', 'IBA'], ['ISS', 'IEA'], [], [], ['ISS', 'IEA'], [], ['IDA', 'ISS', 'IEA'], ['IDA', 'IBA', 'IEA'], [], [], ['IDA', 'IBA', 'IEA'], ['IEA'], [], [], [], [], [], ['IEA'], [], [], [], ['IC'], [], ['IMP'], ['IEA'], [], ['ISS'], ['IEA'], [], [], [], [], ['IEA'], [], ['ISS', 'ISO'], [], ['NAS'], [], [], ['IEA'], ['IEA'], [], ['ISS'], [], [], ['ISS', 'IEA'], ['IEA'], [], [], [], [], [], [], [], [], [], [], [], [], [], ['IEA'], ['IMP', 'ISS', 'IEA'], [], ['ISS', 'IEA'], [], ['IDA', 'ISS', 'IBA', 'IEA'], [], ['IMP'], [], ['IDA', 'IMP', 'ISS'], [], [], [], [], [], [], [], ['ISS', 'IEA'], [], [], [], ['IEA'], [], [], ['IEA'], [], [], ['ISS'], [], [], ['IMP', 'ISS', 'TAS', 'IEA'], [], [], [], ['IEA'], [], [], [], [], [], [], ['IDA'], [], ['ISS', 'IEA'], [], ['ISS', 'IEA'], ['IEA'], [], [], [], [], [], [], ['IEA'], [], [], [], [], [], [], [], [], [], [], [], [], [], ['IMP', 'IBA', 'IEA'], [], [], [], ['IEA'], [], [], [], ['ISS', 'IEA'], ['IEA'], [], [], ['ISS'], ['IMP', 'NAS', 'IEA'], [], [], [], [], [], [], ['IDA', 'IMP', 'ISS', 'IEA'], [], ['ISS'], []]",regulation of multicellular organismal process,GO:0051239,3.871443478962395e-06,"['GO:0032501', 'GO:0050789']",0.3,query_1,170,0.017447827574409852,True,GO:BP,2923,12691,1
"""A biological process whose specific outcome is the progression of a cell over time from an initial condition to a later condition."" [GOC:isa_complete]",20972,22382,67,"[[], [], ['TAS'], [], [], [], [], [], [], [], [], [], [], [], [], [], [], ['IMP', 'IBA', 'IEA'], [], [], ['ISS'], [], [], [], [], [], [], [], [], ['ISS', 'IEA'], [], [], ['ISS', 'IBA', 'IEA'], [], ['ISS', 'IEA'], ['IDA', 'ISS', 'IBA', 'IEA'], [], [], ['IEA'], ['ISS', 'IEA'], [], ['IEA'], ['IBA', 'IEA'], ['IMP', 'ISS', 'IBA'], ['IBA', 'IEA'], ['IBA', 'IEA'], [], [], [], [], [], ['IMP'], ['IEA'], [], ['ISS', 'IEA'], ['IBA', 'IEA'], [], [], [], [], [], [], ['IEA'], [], ['IEA'], ['IBA'], [], [], ['IEA'], [], ['ISS', 'IBA'], [], ['IBA'], ['IDA', 'ISS', 'IBA', 'IEA'], ['IBA', 'IEA'], ['TAS'], [], [], [], [], [], [], [], [], [], [], [], ['IBA'], ['IEA'], ['IMP', 'IEA'], [], [], [], ['IDA', 'ISS', 'IBA', 'IEA'], ['ISS'], [], [], ['IDA', 'IMP', 'IEP', 'ISS', 'IBA', 'IEA'], ['IDA', 'IBA'], [], [], ['IEA'], ['IBA'], [], [], ['ISS', 'IBA', 'TAS', 'IEA'], ['ISS', 'IBA', 'IEA'], ['IBA', 'IEA'], [], [], ['IBA'], [], ['IDA', 'ISS', 'IEA'], [], [], ['ISS'], [], [], ['IMP', 'ISS', 'IBA', 'TAS', 'IEA'], [], ['ISS', 'IBA'], [], ['IBA', 'IEA'], ['IMP'], [], [], [], ['TAS'], ['IEA'], ['IDA', 'IEA'], [], ['ISS', 'IEA'], ['IBA'], [], ['IEA'], [], [], [], [], ['IDA'], ['ISS', 'IEA'], ['IEA'], ['ISS', 'TAS'], [], [], ['IEA'], ['IEA'], [], [], ['ISS'], [], [], [], [], [], ['IMP', 'IBA', 'IEA'], [], [], [], [], [], [], ['IBA', 'IEA'], ['ISS', 'IEA'], ['IBA', 'IEA'], [], [], [], ['IMP', 'IEA'], [], [], [], [], ['ISS', 'IBA', 'IEA'], [], ['IDA', 'IMP', 'ISS', 'TAS', 'IEA'], [], ['IDA', 'IBA', 'IEA'], []]",cellular developmental process,GO:0048869,3.871443478962395e-06,"['GO:0009987', 'GO:0032502']",0.3941176470588235,query_1,170,0.015076507650765077,True,GO:BP,4444,12259,1
"""The process whose specific outcome is the progression of a neuron projection over time, from its formation to the mature structure. A neuron projection is any process extending from a neural cell, such as axons or dendrites (collectively called neurites)."" [GOC:mah]",20972,16759,27,"[[], [], [], [], [], [], [], [], [], [], [], [], [], [], [], [], [], ['IMP', 'IBA'], [], [], ['ISS'], [], [], [], [], [], [], [], [], ['ISS', 'IEA'], [], [], [], [], ['ISS', 'IEA'], ['IDA', 'ISS', 'IBA', 'IEA'], [], [], [], [], [], ['IEA'], ['IEA'], ['IMP', 'ISS', 'IBA'], [], [], [], [], [], [], [], [], ['IEA'], [], [], ['IEA'], [], [], [], [], [], [], [], [], [], ['IBA'], [], [], [], [], [], [], [], ['ISS', 'IBA', 'IEA'], ['IBA', 'IEA'], [], [], [], [], [], [], [], [], [], [], [], [], [], ['IEA'], [], [], [], [], [], [], [], [], ['ISS'], [], [], [], [], [], [], [], ['IBA'], ['IBA'], ['IBA'], [], [], ['IBA'], [], ['IDA', 'ISS', 'IEA'], [], [], ['ISS'], [], [], [], [], ['ISS', 'IBA'], [], [], [], [], [], [], [], [], ['IEA'], [], [], ['IBA'], [], [], [], [], [], [], [], [], [], ['ISS', 'TAS'], [], [], [], [], [], [], [], [], [], [], [], [], ['IMP', 'IBA', 'IEA'], [], [], [], [], [], [], ['IBA', 'IEA'], [], [], [], [], [], [], [], [], [], [], [], [], [], [], [], []]",neuron projection development,GO:0031175,3.871443478962395e-06,"['GO:0048666', 'GO:0120036']",0.1588235294117647,query_1,170,0.026732673267326732,True,GO:BP,1010,6636,1
"""The process in which anatomical structures are generated and organized. Morphogenesis pertains to the creation of form."" [GOC:go_curators, ISBN:0521436125]",20972,13537,48,"[[], [], [], [], [], [], [], [], [], [], [], [], [], [], ['IDA', 'IGI', 'IBA'], [], [], [], [], [], ['ISS'], [], ['IBA'], ['IDA', 'IBA'], [], ['ISS', 'IEA'], [], [], [], ['ISS', 'IEA'], [], [], ['IEA'], [], ['ISS', 'IEA'], ['IDA', 'ISS', 'IBA', 'IEA'], [], [], ['IDA', 'IEA'], [], [], ['IEA'], ['IEA'], ['IBA'], ['IEA'], [], [], [], [], ['IEA'], [], [], ['ISS', 'IEA'], [], [], ['IEA'], [], [], [], [], [], [], [], [], ['IEA'], ['IBA'], [], [], [], [], ['ISS'], [], ['IEA'], ['IMP', 'ISS', 'IBA', 'IEA'], ['IBA', 'IEA'], ['TAS'], [], [], [], [], [], [], [], [], [], [], [], [], ['ISS', 'IEA'], [], [], [], [], ['ISS', 'IEA'], ['ISS'], [], [], ['ISS'], ['IDA', 'IMP'], [], ['ISS'], [], [], [], [], ['ISS', 'IEA'], [], [], [], [], ['IBA'], [], ['ISS', 'IEA'], [], [], ['ISS'], [], [], ['IEA'], [], ['IMP', 'ISS', 'IBA'], [], ['IBA'], [], [], [], [], [], [], ['IMP', 'IEA'], [], ['ISS'], [], [], [], [], [], [], [], [], ['ISS', 'IEA'], ['IEA'], [], [], [], ['IEA'], [], [], [], ['ISS'], [], [], [], [], [], ['IMP', 'IBA', 'IEA'], [], [], [], [], [], [], ['IEA'], [], ['IEA'], [], [], [], ['IMP', 'TAS', 'NAS', 'IEA'], [], [], [], [], [], [], ['IEA'], [], [], []]",anatomical structure morphogenesis,GO:0009653,5.9845487684169485e-06,"['GO:0032502', 'GO:0048856']",0.2823529411764706,query_1,170,0.01778436457947388,True,GO:BP,2699,3414,1
"""A process in which a potassium ion is transported from one side of a membrane to the other."" [GOC:mah]",20972,25898,12,"[[], [], [], [], [], [], [], [], [], [], ['ISO', 'IBA', 'IEA'], [], [], [], [], [], [], [], [], [], [], [], [], [], [], [], [], [], [], [], [], [], [], [], [], [], [], [], [], [], [], [], [], [], [], [], [], [], [], [], [], [], [], [], [], [], [], [], [], [], [], [], [], [], ['IMP', 'ISS', 'IBA', 'NAS', 'IEA'], [], [], [], [], [], [], [], [], [], [], ['IDA', 'IBA', 'IEA'], ['IBA', 'IEA'], ['ISS', 'IBA', 'IEA'], ['ISS', 'IBA', 'IEA'], ['IBA'], ['IBA', 'IEA'], ['IDA', 'ISS', 'IBA', 'IEA'], ['ISS', 'IBA', 'IEA'], [], [], [], [], [], [], [], [], [], [], [], [], [], [], [], [], [], [], [], [], [], [], [], [], [], [], [], [], [], [], [], [], [], [], [], [], [], [], [], [], [], [], [], [], [], [], [], [], [], [], [], ['IEA'], [], [], [], [], [], [], [], [], [], [], [], [], [], [], [], ['IEA'], [], [], [], [], [], [], [], [], [], [], [], [], [], [], [], [], [], [], [], [], [], [], [], [], [], [], [], []]",potassium ion transmembrane transport,GO:0071805,6.7378477313919735e-06,"['GO:0006813', 'GO:0098655']",0.07058823529411765,query_1,170,0.06030150753768844,True,GO:BP,199,15775,1
"""Any process that modulates the frequency, rate or extent of the directed movement of substances (such as macromolecules, small molecules, ions) into, out of or within a cell, or between cells, by means of some agent such as a transporter or pore."" [GOC:ai]",20972,22711,34,"[['IBA'], [], ['IEA'], [], [], [], [], [], [], [], ['IEA'], [], [], [], [], [], ['IBA'], ['TAS'], [], [], [], [], [], ['IMP'], [], [], [], [], ['IDA', 'ISS', 'IBA'], [], [], [], [], ['IMP', 'IBA', 'IEA'], ['IDA', 'ISS', 'IBA', 'IC', 'IEA'], [], [], [], [], [], [], [], [], ['IDA'], [], [], [], [], [], [], [], [], [], [], ['ISS', 'IEA'], [], [], ['IBA', 'IEA'], [], [], [], [], ['ISS', 'ISO'], ['IEA'], [], [], [], [], ['IEA'], [], [], [], [], ['IDA'], ['IEA'], [], [], ['ISS', 'IBA'], ['ISS', 'IBA', 'IEA'], ['IBA'], [], ['IDA', 'ISS', 'IEA'], ['ISS'], [], [], [], [], [], [], [], [], [], [], [], [], [], ['IEA'], ['ISS'], [], [], [], [], [], [], [], ['IC'], [], [], [], ['IEA'], [], [], [], [], [], [], [], [], [], [], [], [], [], [], [], [], [], [], [], [], [], [], [], [], ['IEA'], [], [], ['IEA'], [], [], [], [], [], [], [], [], [], [], [], [], ['IEA'], ['ISS'], [], ['IEA'], ['IEA'], [], [], [], [], ['ISS', 'TAS', 'IEA'], [], [], [], [], [], [], [], [], [], [], [], [], ['IEA'], [], [], [], [], [], []]",regulation of transport,GO:0051049,8.236798934994722e-06,"['GO:0006810', 'GO:0032879']",0.2,query_1,170,0.021711366538952746,True,GO:BP,1566,12588,1
"""Any process that modulates the frequency, rate or extent of glutamatergic synaptic transmission, the process of communication from a neuron to another neuron across a synapse using the neurotransmitter glutamate."" [GOC:ai]",20972,23216,8,"[[], [], [], [], [], [], [], [], [], [], [], [], [], [], [], [], [], [], [], [], [], [], [], [], [], [], [], [], [], [], [], [], [], [], ['ISS', 'IBA', 'IEA'], [], [], [], [], [], [], [], [], [], [], [], [], [], [], [], [], [], [], [], [], [], [], [], [], [], [], [], ['ISS', 'ISO'], ['IBA'], ['ISO'], [], [], [], ['IEA'], [], [], [], [], [], [], [], [], [], [], [], [], [], [], [], [], [], [], [], [], [], [], [], [], [], [], [], [], ['ISS'], [], [], [], [], [], [], [], [], [], [], [], [], [], [], ['IEA'], [], [], [], [], [], [], [], [], [], [], [], [], [], [], [], [], [], [], [], [], [], [], [], [], [], [], [], [], [], [], [], [], [], [], [], [], [], [], [], [], [], [], [], [], [], [], [], [], [], [], [], [], [], [], ['ISS'], [], [], [], [], [], [], [], [], [], [], []]","regulation of synaptic transmission, glutamatergic",GO:0051966,9.269463008822153e-06,"['GO:0035249', 'GO:0050804']",0.047058823529411764,query_1,170,0.1111111111111111,True,GO:BP,72,13093,1
"""Any process that activates or increases the frequency, rate or extent of transcription from an RNA polymerase II promoter."" [GOC:go_curators, GOC:txnOH]",20972,21081,29,"[[], [], [], [], [], [], [], [], [], [], [], [], [], [], [], [], [], [], [], [], [], [], [], ['IMP'], [], [], [], [], [], [], [], [], ['IMP', 'ISS', 'IEA'], [], ['IEA'], [], [], [], [], [], [], [], [], [], ['IDA', 'IEA'], ['IMP'], [], [], [], [], [], [], [], [], ['IDA', 'IMP', 'IEA'], [], [], [], [], [], [], [], [], [], [], [], ['IDA'], [], [], [], [], [], [], ['IGI', 'ISS', 'IBA', 'IEA'], [], [], [], [], [], [], [], [], [], [], [], [], [], [], ['IEA'], [], [], [], [], ['IEA'], [], [], [], ['IDA', 'IMP', 'IBA', 'IEA'], ['IDA'], [], ['IMP'], ['ISS'], [], [], [], ['IDA', 'IBA', 'IEA'], ['IBA', 'IEA'], ['IBA', 'IEA'], [], [], [], [], [], [], [], [], [], [], ['IEA'], [], [], [], ['IEA'], [], [], [], [], [], [], [], [], [], [], [], [], [], [], [], [], [], ['ISS', 'IEA'], [], [], ['IMP'], [], ['IDA', 'IEA'], [], [], [], ['IEA'], [], [], [], [], [], [], [], [], [], [], [], [], ['IEA'], [], ['IDA', 'IBA', 'IEA'], [], [], [], ['IDA', 'IMP', 'IEA'], [], [], [], [], [], [], ['IEA'], ['IDA'], ['ISS'], []]",positive regulation of transcription by RNA polymerase II,GO:0045944,1.6564818154447063e-05,"['GO:0006357', 'GO:0006366', 'GO:0045893']",0.17058823529411765,query_1,170,0.023443815683104285,True,GO:BP,1237,10958,1
"""Any process that modulates the frequency, rate or extent of cell differentiation, the process in which relatively unspecialized cells acquire specialized structural and functional features."" [GOC:go_curators]",20972,20800,33,"[[], [], ['TAS'], [], [], [], [], [], [], [], [], [], [], [], [], [], [], [], [], [], [], [], [], [], [], [], [], [], [], ['ISS', 'IEA'], [], [], ['ISS', 'IEA'], [], ['ISS', 'IEA'], ['IDA', 'IBA', 'IEA'], [], [], [], ['ISS', 'IEA'], [], [], [], ['ISS'], [], ['IEA'], [], [], [], [], [], ['IMP'], [], [], ['ISS', 'IEA'], ['IEA'], [], [], [], [], [], [], [], [], [], [], [], [], ['IEA'], [], ['ISS'], [], [], ['ISS', 'IEA'], ['IEA'], [], [], [], [], [], [], [], [], [], [], [], [], [], [], ['IMP', 'IEA'], [], [], [], ['IDA', 'ISS', 'IBA', 'IEA'], [], [], [], ['IDA', 'IMP', 'ISS'], [], [], [], [], [], [], [], ['ISS', 'IEA'], ['ISS', 'IEA'], [], [], [], [], [], [], [], [], ['ISS'], [], [], ['IMP', 'ISS', 'TAS', 'IEA'], [], [], [], [], ['IMP'], [], [], [], [], [], ['IDA'], [], ['ISS', 'IEA'], [], [], ['IEA'], [], [], [], [], [], ['ISS', 'IEA'], [], [], [], [], [], [], [], [], ['ISS'], [], [], [], [], [], ['IMP'], [], [], [], [], [], [], [], ['ISS', 'IEA'], [], [], [], [], ['IMP', 'IEA'], [], [], [], [], [], [], ['IMP', 'ISS', 'IEA'], [], ['IDA', 'IBA', 'IEA'], []]",regulation of cell differentiation,GO:0045595,1.9030856161623547e-05,"['GO:0030154', 'GO:0050793', 'GO:0050794']",0.19411764705882353,query_1,170,0.02130406714009038,True,GO:BP,1549,10677,1
"""The process in which the structures of a neuron are generated and organized. This process occurs while the initially relatively unspecialized cell is acquiring the specialized features of a neuron."" [GOC:dph, GOC:tb]",20972,22199,19,"[[], [], [], [], [], [], [], [], [], [], [], [], [], [], [], [], [], [], [], [], ['ISS'], [], [], [], [], [], [], [], [], ['ISS', 'IEA'], [], [], [], [], ['ISS', 'IEA'], ['IDA', 'ISS', 'IBA', 'IEA'], [], [], [], [], [], ['IEA'], [], ['IBA'], [], [], [], [], [], [], [], [], ['IEA'], [], [], ['IEA'], [], [], [], [], [], [], [], [], [], ['IBA'], [], [], [], [], [], [], [], ['ISS', 'IBA', 'IEA'], ['IBA', 'IEA'], [], [], [], [], [], [], [], [], [], [], [], [], [], ['IEA'], [], [], [], [], [], [], [], [], ['ISS'], [], [], [], [], [], [], [], [], [], [], [], [], [], [], ['ISS', 'IEA'], [], [], ['ISS'], [], [], [], [], ['IBA'], [], [], [], [], [], [], [], [], ['IEA'], [], [], [], [], [], [], [], [], [], [], [], [], [], [], [], [], [], [], [], [], [], [], [], [], [], ['IMP', 'IBA', 'IEA'], [], [], [], [], [], [], ['IEA'], [], [], [], [], [], [], [], [], [], [], [], [], [], [], [], []]",cell morphogenesis involved in neuron differentiation,GO:0048667,2.0721482589768613e-05,"['GO:0000902', 'GO:0048666']",0.11176470588235295,query_1,170,0.032534246575342464,True,GO:BP,584,12076,1
"""The acquisition and processing of information and/or the storage and retrieval of this information over time."" [GOC:jid, PMID:8938125]",20972,13051,13,"[[], [], [], [], [], [], [], [], [], [], [], [], [], [], [], [], [], [], [], [], [], [], [], [], [], [], [], [], ['TAS'], ['ISS', 'IEA'], [], [], [], [], ['ISS', 'IEA'], [], [], [], [], [], [], ['IEA'], [], [], [], [], [], [], [], [], [], [], [], [], [], [], [], [], [], [], [], [], ['TAS', 'IEA'], [], [], [], [], ['IEA'], ['IEA'], [], [], [], [], [], ['IEA'], [], [], [], [], [], [], [], [], [], [], [], [], [], [], [], [], [], [], [], [], [], [], ['ISS'], [], [], [], [], [], [], [], [], ['IEA'], [], [], [], [], [], ['IEA'], [], [], [], [], [], [], [], [], [], [], [], [], [], [], [], [], [], [], [], [], [], [], [], [], [], [], [], [], [], [], [], [], [], [], [], [], [], [], [], [], [], [], [], [], [], [], [], [], ['ISS'], ['IEA'], [], [], [], [], [], [], [], [], [], [], [], [], [], [], [], []]",learning or memory,GO:0007611,2.0721482589768613e-05,"['GO:0007610', 'GO:0050890']",0.07647058823529412,query_1,170,0.048507462686567165,True,GO:BP,268,2928,1
"""The controlled release of a substance by a cell."" [GOC:mah]",20972,17537,23,"[['IBA'], [], ['IMP', 'ISS', 'IEA'], [], [], [], [], [], [], [], [], [], [], [], [], [], ['IBA', 'IEA'], ['NAS'], ['IEA'], [], [], [], [], [], [], [], [], [], ['IDA', 'IBA'], [], [], [], [], ['IMP', 'IBA', 'IEA'], ['IDA', 'ISS', 'IBA', 'IEA'], [], [], [], [], ['IEA'], [], [], [], [], [], [], [], [], [], [], [], [], [], [], ['ISS', 'IEA'], [], [], [], [], [], [], [], [], ['IEA'], [], [], [], [], ['IEA'], [], [], [], [], ['IDA'], ['IEA'], [], [], [], [], [], [], [], [], [], [], [], [], [], [], [], [], [], [], [], [], [], [], ['ISS'], [], [], [], [], [], [], [], ['IDA', 'IC'], [], [], [], [], [], [], [], [], [], [], [], [], [], [], ['IEA'], [], [], [], [], [], [], [], [], ['IEA'], [], ['IEA'], [], [], [], [], [], [], [], [], [], [], [], [], [], [], [], [], [], [], [], ['ISS'], [], [], [], [], [], [], [], ['IDA', 'ISS', 'IBA', 'TAS', 'IEA'], [], [], [], [], [], [], [], [], [], [], ['ISS', 'IBA'], [], ['IEA'], [], [], [], [], [], []]",secretion by cell,GO:0032940,2.0721482589768613e-05,"['GO:0046903', 'GO:0140352']",0.13529411764705881,query_1,170,0.027544910179640718,True,GO:BP,835,7414,1
"""The process in which the anatomical structures of a neuron projection are generated and organized. A neuron projection is any process extending from a neural cell, such as axons or dendrites."" [GOC:mah]",20972,22330,20,"[[], [], [], [], [], [], [], [], [], [], [], [], [], [], [], [], [], [], [], [], ['ISS'], [], [], [], [], [], [], [], [], ['ISS', 'IEA'], [], [], [], [], ['ISS', 'IEA'], ['IDA', 'ISS', 'IBA', 'IEA'], [], [], [], [], [], ['IEA'], ['IEA'], ['IBA'], [], [], [], [], [], [], [], [], ['IEA'], [], [], ['IEA'], [], [], [], [], [], [], [], [], [], ['IBA'], [], [], [], [], [], [], [], ['ISS', 'IBA', 'IEA'], ['IBA', 'IEA'], [], [], [], [], [], [], [], [], [], [], [], [], [], ['IEA'], [], [], [], [], [], [], [], [], [], [], [], [], [], [], [], [], [], [], [], [], [], ['IBA'], [], ['ISS', 'IEA'], [], [], ['ISS'], [], [], [], [], ['ISS', 'IBA'], [], [], [], [], [], [], [], [], ['IEA'], [], [], [], [], [], [], [], [], [], [], [], [], [], [], [], [], [], [], [], [], [], [], [], [], [], ['IMP', 'IBA', 'IEA'], [], [], [], [], [], [], ['IEA'], [], [], [], [], [], [], [], [], [], [], [], [], [], [], [], []]",neuron projection morphogenesis,GO:0048812,2.166122112930493e-05,"['GO:0031175', 'GO:0120039']",0.11764705882352941,query_1,170,0.030864197530864196,True,GO:BP,648,12207,1
"""Development of a tissue or tissues that work together to perform a specific function or functions. Development pertains to the process whose specific outcome is the progression of a structure over time, from its formation to the mature structure. Organs are commonly observed as visibly distinct structures, but may also exist as loosely associated clusters of cells that work together to perform a specific function or functions."" [GOC:dph, GOC:jid]",20972,22072,50,"[[], [], [], ['IEP'], [], [], [], [], [], [], [], [], [], [], ['IEA'], ['NAS'], [], [], [], [], [], [], [], [], [], [], [], [], [], [], [], [], ['ISS', 'IEA'], [], ['ISS', 'IEA'], ['ISS', 'IEA'], [], [], ['IDA', 'IBA', 'IEA'], ['IEA'], [], ['IEA'], ['IBA', 'IEA'], ['ISS'], [], [], [], [], [], [], [], ['IMP'], ['ISS', 'IEA'], [], [], [], [], [], [], [], [], [], ['NAS'], [], ['IEA'], [], [], [], [], [], ['ISS'], [], ['IEA'], ['IDA', 'IMP', 'ISS', 'IEA'], ['IEA'], [], [], [], [], [], [], [], [], [], [], [], [], ['IBA'], ['IEA'], ['IMP'], [], [], [], ['TAS', 'IEA'], [], [], [], ['IDA', 'IMP', 'IEP', 'ISS', 'IBA', 'TAS', 'NAS', 'IEA'], ['IMP', 'IBA'], [], ['ISS'], [], ['ISS', 'IBA'], [], [], ['ISS', 'IBA', 'IEA'], ['ISS', 'IBA', 'IEA'], ['IBA', 'IEA'], [], [], [], [], ['IEA'], [], [], ['ISS'], [], [], ['IMP', 'ISS', 'TAS', 'IEA'], [], [], [], ['IBA'], [], [], [], [], [], ['IEA'], ['IDA', 'IEA'], [], ['IEA'], [], [], ['IEA'], [], [], [], [], [], ['ISS', 'IEA'], ['IEA'], [], ['IDA'], [], ['IEA'], [], [], [], ['IDA', 'ISS', 'IBA', 'TAS'], ['IEA'], [], [], [], [], [], [], [], [], [], [], [], ['IBA', 'TAS', 'IEA'], [], ['IEA'], [], [], [], ['IMP', 'TAS', 'IEA'], [], [], [], [], [], [], ['IDA', 'IMP', 'ISS', 'IEA'], ['ISS'], ['IEA'], []]",animal organ development,GO:0048513,2.166122112930493e-05,['GO:0048856'],0.29411764705882354,query_1,170,0.01656726308813784,True,GO:BP,3018,11949,1
"""Any process that modulates the frequency, rate or extent of a response to a stimulus. Response to stimulus is a change in state or activity of a cell or an organism (in terms of movement, secretion, enzyme production, gene expression, etc.) as a result of a stimulus."" [GOC:jid]",20972,22128,60,"[[], [], ['IMP'], [], [], [], [], [], ['IDA', 'IBA'], [], [], [], [], [], ['IDA', 'IEA'], [], [], ['TAS'], [], [], [], ['IBA'], [], ['IDA', 'IMP'], [], [], [], [], ['IDA', 'IMP', 'ISS'], ['ISS', 'IEA'], ['IEA'], [], ['IMP', 'IEA'], [], ['ISS', 'NAS', 'IEA'], ['IDA', 'IBA', 'IEA'], ['IMP'], [], ['HMP', 'IEA'], ['IEA'], [], [], [], [], [], [], [], [], [], ['IC'], [], ['IDA', 'IMP', 'ISS'], [], [], ['IDA', 'ISS', 'IEA'], ['IBA', 'IEA'], [], [], [], [], ['IEA'], [], ['ISS', 'ISO'], ['ISS', 'IEA'], [], ['TAS'], [], [], ['IDA', 'IEA'], [], [], [], [], ['ISS', 'IEA'], ['TAS'], [], [], ['IBA'], ['IBA'], [], [], [], [], [], [], [], [], [], [], ['ISS', 'IC', 'IEA'], [], ['IDA'], [], [], [], ['IMP'], [], ['ISS'], ['IDA', 'IMP'], [], [], ['ISS', 'IEA'], [], [], ['IBA'], ['IEA'], ['ISS', 'IEA'], [], ['IDA', 'ISS', 'IEA'], ['IDA', 'ISS', 'IBA', 'IEA'], [], [], ['IDA', 'IBA', 'TAS'], ['TAS'], [], [], [], [], ['IDA', 'ISS', 'IEA'], ['IEA'], ['IDA', 'IMP', 'IBA', 'TAS'], [], [], ['IMP'], [], [], [], [], [], ['IDA'], [], ['ISS', 'NAS', 'IEA'], ['IDA', 'IMP'], ['IMP', 'ISS', 'IEA'], ['TAS', 'IEA'], ['TAS', 'IEA'], ['ISS', 'IEA'], ['TAS', 'IEA'], [], [], [], ['IDA', 'IBA', 'NAS', 'IEA'], [], [], [], [], [], [], [], [], [], [], [], [], [], [], [], [], [], ['IEA'], [], [], ['IEA'], ['ISS', 'IBA', 'IEA'], ['IDA'], [], [], [], ['IMP', 'ISS', 'IEA'], [], [], [], ['IBA'], [], [], [], [], [], []]",regulation of response to stimulus,GO:0048583,2.6374256704901844e-05,"['GO:0050789', 'GO:0050896']",0.35294117647058826,query_1,170,0.015026296018031555,True,GO:BP,3993,12005,1
"""Any process that modulates the frequency, rate or extent of neuron differentiation."" [GOC:go_curators]",20972,20869,11,"[[], [], [], [], [], [], [], [], [], [], [], [], [], [], [], [], [], [], [], [], [], [], [], [], [], [], [], [], [], [], [], [], ['ISS', 'IEA'], [], [], [], [], [], [], ['ISS', 'IEA'], [], [], [], [], [], ['IEA'], [], [], [], [], [], [], [], [], [], [], [], [], [], [], [], [], [], [], [], [], [], [], [], [], ['ISS'], [], [], ['IEA'], [], [], [], [], [], [], [], [], [], [], [], [], [], [], [], [], [], [], [], [], [], [], [], ['ISS'], [], [], [], [], [], [], [], ['ISS', 'IEA'], ['ISS', 'IEA'], [], [], [], [], [], [], [], [], [], [], [], [], [], [], [], [], ['IMP'], [], [], [], [], [], [], [], [], [], [], [], [], [], [], [], [], [], [], [], [], [], [], [], [], [], ['ISS'], [], [], [], [], [], [], [], [], [], [], [], [], [], [], [], [], [], [], [], [], [], [], [], [], [], [], [], ['IBA', 'IEA'], []]",regulation of neuron differentiation,GO:0045664,2.8221126890648328e-05,"['GO:0030182', 'GO:0045595']",0.06470588235294118,query_1,170,0.05789473684210526,True,GO:BP,190,10746,1
Neuroactive ligand signaling,8716,39010,12,"[[], [], [], [], [], ['KEGG'], [], [], ['KEGG'], [], [], [], [], [], [], [], [], [], [], [], [], [], [], [], [], [], ['KEGG'], [], [], [], [], [], [], [], ['KEGG'], [], [], [], [], [], [], [], [], [], [], [], [], [], [], [], [], [], [], [], [], [], [], [], ['KEGG'], [], [], [], ['KEGG'], ['KEGG'], [], [], [], ['KEGG'], ['KEGG'], ['KEGG'], [], [], [], [], [], [], [], [], [], [], [], [], [], [], [], [], [], [], [], [], [], [], [], [], [], [], [], [], [], [], [], [], [], [], [], [], [], [], [], [], [], [], [], [], [], [], [], [], [], [], [], [], [], [], [], [], [], [], [], [], [], [], [], [], [], [], [], [], [], [], [], [], [], [], [], [], [], [], [], [], ['KEGG'], ['KEGG'], [], [], [], [], [], [], [], [], [], [], [], [], [], [], [], [], [], [], [], [], [], [], [], [], [], [], []]",Neuroactive ligand signaling,KEGG:04082,2.8698860359762548e-05,['KEGG:00000'],0.15584415584415584,query_1,77,0.06030150753768844,True,KEGG,199,272,26
"""The process in which the anatomical structures of a plasma membrane bounded cell projection are generated and organized."" [GOC:krc]",20972,28329,20,"[[], [], [], [], [], [], [], [], [], [], [], [], [], [], [], [], [], [], [], [], ['ISS'], [], [], [], [], [], [], [], [], ['ISS', 'IEA'], [], [], [], [], ['ISS', 'IEA'], ['IDA', 'ISS', 'IBA', 'IEA'], [], [], [], [], [], ['IEA'], ['IEA'], ['IBA'], [], [], [], [], [], [], [], [], ['IEA'], [], [], ['IEA'], [], [], [], [], [], [], [], [], [], ['IBA'], [], [], [], [], [], [], [], ['ISS', 'IBA', 'IEA'], ['IBA', 'IEA'], [], [], [], [], [], [], [], [], [], [], [], [], [], ['IEA'], [], [], [], [], [], [], [], [], [], [], [], [], [], [], [], [], [], [], [], [], [], ['IBA'], [], ['ISS', 'IEA'], [], [], ['ISS'], [], [], [], [], ['ISS', 'IBA'], [], [], [], [], [], [], [], [], ['IEA'], [], [], [], [], [], [], [], [], [], [], [], [], [], [], [], [], [], [], [], [], [], [], [], [], [], ['IMP', 'IBA', 'IEA'], [], [], [], [], [], [], ['IEA'], [], [], [], [], [], [], [], [], [], [], [], [], [], [], [], []]",plasma membrane bounded cell projection morphogenesis,GO:0120039,2.8917070970101538e-05,['GO:0048858'],0.11764705882352941,query_1,170,0.030120481927710843,True,GO:BP,664,18206,1
"""Any process that modulates the frequency, rate or extent of a system process, a multicellular organismal process carried out by any of the organs or tissues in an organ system."" [GOC:jl]",20972,20319,18,"[[], [], [], [], [], [], [], [], ['IEA'], [], [], [], [], [], [], [], [], ['TAS'], [], [], [], [], [], [], [], [], [], [], ['IDA', 'IBA'], ['ISS', 'IEA'], [], [], [], [], ['ISS', 'IEA'], [], [], [], [], ['IEA'], [], [], [], [], [], [], [], [], [], [], [], [], [], [], ['ISS'], [], [], [], [], [], [], [], ['ISS', 'ISO'], [], ['NAS'], [], [], ['IEA'], ['IEA'], [], [], [], [], ['ISS', 'IEA'], [], [], [], [], [], [], [], [], [], [], [], [], [], [], [], [], [], [], [], [], [], [], [], [], [], [], [], [], [], [], [], ['ISS', 'IEA'], [], [], [], [], [], [], [], [], [], [], [], [], [], [], [], [], ['IEA'], [], [], [], [], [], [], [], [], [], [], [], ['IEA'], [], [], [], [], [], [], [], [], [], [], [], [], [], [], [], [], [], [], [], [], [], [], [], [], ['IEA'], [], [], [], [], ['IEA'], [], [], ['ISS'], [], [], [], [], [], [], [], [], [], [], []]",regulation of system process,GO:0044057,2.8917070970101538e-05,"['GO:0003008', 'GO:0051239']",0.10588235294117647,query_1,170,0.03314917127071823,True,GO:BP,543,10196,1
"""The progression of the neural retina over time from its initial formation to the mature structure. The neural retina is the part of the retina that contains neurons and photoreceptor cells."" [GOC:ascb_2009, GOC:dph, GOC:tb]",20972,11862,8,"[[], [], [], [], [], [], [], [], [], [], [], [], [], [], [], [], [], [], [], [], [], [], [], [], [], [], [], [], [], [], [], [], ['ISS', 'IEA'], [], [], ['ISS'], [], [], [], [], [], [], [], [], [], [], [], [], [], [], [], [], [], [], [], [], [], [], [], [], [], [], [], [], ['IEA'], [], [], [], [], [], [], [], [], [], [], [], [], [], [], [], [], [], [], [], [], [], [], [], [], [], [], [], [], [], [], [], [], [], [], [], [], [], [], [], [], ['ISS', 'IEA'], [], [], [], [], [], [], [], [], [], [], [], [], [], [], [], [], [], [], [], [], [], [], [], [], [], [], [], [], [], [], [], [], [], [], ['ISS', 'IEA'], [], [], [], [], [], [], [], [], ['ISS'], ['IEA'], [], [], [], [], [], [], [], [], [], [], [], [], [], ['IEA'], [], [], [], [], [], [], [], [], [], [], [], [], [], []]",neural retina development,GO:0003407,2.932675823726196e-05,"['GO:0048856', 'GO:0060041']",0.047058823529411764,query_1,170,0.09302325581395349,True,GO:BP,86,1739,1
"""The developmental process in which the size or shape of a cell is generated and organized."" [GOC:clt, GOC:dph, GOC:go_curators, GOC:tb]",20972,10353,25,"[[], [], [], [], [], [], [], [], [], [], [], [], [], [], [], [], [], [], [], [], ['ISS'], [], ['IBA'], ['IBA'], [], [], [], [], [], ['ISS', 'IEA'], [], [], [], [], ['ISS', 'IEA'], ['IDA', 'ISS', 'IBA', 'IEA'], [], [], [], [], [], ['IEA'], ['IEA'], ['IBA'], [], [], [], [], [], [], [], [], ['IEA'], [], [], ['IEA'], [], [], [], [], [], [], [], [], [], ['IBA'], [], [], [], [], [], [], [], ['ISS', 'IBA', 'IEA'], ['IBA', 'IEA'], [], [], [], [], [], [], [], [], [], [], [], [], [], ['IEA'], [], [], [], [], [], ['ISS'], [], [], ['ISS'], ['IDA'], [], [], [], [], [], [], [], [], [], [], [], ['IBA'], [], ['ISS', 'IEA'], [], [], ['ISS'], [], [], [], [], ['ISS', 'IBA'], [], [], [], [], [], [], [], [], ['IEA'], [], [], [], [], [], [], [], [], [], [], [], [], [], [], [], [], [], [], [], [], [], [], [], [], [], ['IMP', 'IBA', 'IEA'], [], [], [], [], [], [], ['IEA'], [], [], [], [], [], [], [], [], [], [], [], [], [], [], [], []]",cell morphogenesis,GO:0000902,2.9709535197697022e-05,['GO:0009653'],0.14705882352941177,query_1,170,0.025050100200400802,True,GO:BP,998,230,1
"""Any process that modulates the frequency, rate or extent of development, the biological process whose specific outcome is the progression of a multicellular organism over time from an initial condition (e.g. a zygote, or a young adult) to a later condition (e.g. a multicellular animal or an aged adult)."" [GOC:go_curators]",20972,22523,43,"[[], [], ['TAS'], [], [], [], [], [], [], [], [], [], [], [], ['IGI', 'IBA'], [], [], [], [], [], [], [], [], [], [], ['ISS'], [], [], [], ['ISS', 'IEA'], [], [], ['ISS', 'IEA'], [], ['ISS', 'IEA'], ['IDA', 'IBA', 'IEA'], [], [], ['IDA', 'IBA', 'IEA'], ['ISS', 'IEA'], [], [], [], ['ISS'], [], ['IEA'], [], [], [], [], [], ['IMP'], ['IEA'], [], ['ISS', 'IEA'], ['IEA'], [], [], [], [], ['IEA'], [], [], [], [], ['IBA'], [], [], ['IEA'], [], ['ISS'], [], [], ['ISS', 'IEA'], ['IEA'], [], [], [], [], [], [], [], [], [], [], [], [], [], ['IEA'], ['IMP', 'IEA'], [], [], [], ['IDA', 'ISS', 'IBA', 'IEA'], [], [], [], ['IDA', 'IMP', 'ISS'], [], [], [], [], [], [], [], ['ISS', 'IEA'], ['ISS', 'IEA'], [], [], [], [], [], ['IEA'], [], [], ['ISS'], [], [], ['IMP', 'ISS', 'TAS', 'IEA'], [], ['IBA'], [], [], ['IMP'], [], [], [], [], [], ['IDA'], [], ['ISS', 'IEA'], [], [], ['IEA'], [], [], [], [], [], ['ISS', 'IEA'], ['IEA'], [], [], [], [], [], [], [], ['ISS'], [], [], [], [], [], ['IMP', 'IBA', 'IEA'], [], [], [], [], [], [], [], ['ISS', 'IEA'], [], [], [], [], ['IMP', 'NAS', 'IEA'], [], [], [], [], [], [], ['IDA', 'IMP', 'ISS', 'IEA'], [], ['IDA', 'IBA', 'IEA'], []]",regulation of developmental process,GO:0050793,2.9709535197697022e-05,"['GO:0032502', 'GO:0050789']",0.2529411764705882,query_1,170,0.017688194158782394,True,GO:BP,2431,12400,1
"""The process in which the anatomical structures of a cell projection are generated and organized."" [GO_REF:0000021]",20972,22372,20,"[[], [], [], [], [], [], [], [], [], [], [], [], [], [], [], [], [], [], [], [], ['ISS'], [], [], [], [], [], [], [], [], ['ISS', 'IEA'], [], [], [], [], ['ISS', 'IEA'], ['IDA', 'ISS', 'IBA', 'IEA'], [], [], [], [], [], ['IEA'], ['IEA'], ['IBA'], [], [], [], [], [], [], [], [], ['IEA'], [], [], ['IEA'], [], [], [], [], [], [], [], [], [], ['IBA'], [], [], [], [], [], [], [], ['ISS', 'IBA', 'IEA'], ['IBA', 'IEA'], [], [], [], [], [], [], [], [], [], [], [], [], [], ['IEA'], [], [], [], [], [], [], [], [], [], [], [], [], [], [], [], [], [], [], [], [], [], ['IBA'], [], ['ISS', 'IEA'], [], [], ['ISS'], [], [], [], [], ['ISS', 'IBA'], [], [], [], [], [], [], [], [], ['IEA'], [], [], [], [], [], [], [], [], [], [], [], [], [], [], [], [], [], [], [], [], [], [], [], [], [], ['IMP', 'IBA', 'IEA'], [], [], [], [], [], [], ['IEA'], [], [], [], [], [], [], [], [], [], [], [], [], [], [], [], []]",cell projection morphogenesis,GO:0048858,3.0315523015458264e-05,"['GO:0000902', 'GO:0009653', 'GO:0030030']",0.11764705882352941,query_1,170,0.029895366218236172,True,GO:BP,669,12249,1
"""Any process that stops, prevents, or reduces the frequency, rate or extent of the chemical reactions and pathways involving RNA."" [GOC:ai]",20972,22825,30,"[[], [], [], [], [], [], [], [], [], [], [], [], [], ['IDA', 'IBA', 'IEA'], [], [], [], [], [], [], [], [], [], [], [], [], [], [], [], ['IDA', 'IEA'], [], [], ['IMP', 'IEA'], [], [], [], [], [], [], ['IMP', 'ISS', 'IEA'], [], ['IDA'], [], [], ['IDA'], ['IDA'], [], [], [], [], [], [], [], [], ['ISS', 'IEA'], [], [], [], [], [], [], [], [], [], [], [], ['IDA', 'IEA'], [], [], [], ['IDA', 'ISS', 'IBA', 'IEA'], [], ['IDA'], ['ISS', 'IEA'], [], [], [], ['IDA', 'IBA'], [], [], [], [], [], [], [], [], [], [], ['IEA'], [], [], [], [], ['NAS'], [], [], [], ['IMP'], [], [], [], [], [], [], [], [], [], [], [], [], [], [], [], [], [], [], [], [], ['IDA', 'IEA'], [], [], [], [], [], [], [], [], [], [], ['IDA'], [], [], [], [], [], [], [], [], [], [], ['ISS'], [], [], [], ['IDA', 'IMP'], ['IEA'], [], [], [], ['IDA'], [], [], [], [], [], [], [], [], [], [], [], [], ['IDA'], [], ['IBA', 'IEA'], [], [], ['IDA'], ['IDA', 'IMP', 'ISS', 'IEA'], [], ['ISS'], [], [], [], [], ['IDA', 'NAS'], ['IDA', 'ISS'], ['IDA'], []]",negative regulation of RNA metabolic process,GO:0051253,4.166337002826934e-05,"['GO:0010605', 'GO:0016070', 'GO:0045934', 'GO:0051252']",0.17647058823529413,query_1,170,0.02159827213822894,True,GO:BP,1389,12702,1
"""A process that is carried out at the cellular level which results in the assembly, arrangement of constituent parts, or disassembly of a synapse, the junction between a neuron and a target (neuron, muscle, or secretory cell)."" [GOC:ai, GOC:pr]",20972,22536,18,"[[], [], [], [], [], [], [], [], [], [], [], [], [], [], [], [], [], [], ['ISS', 'IEA'], [], [], [], [], [], [], [], [], [], [], ['ISS', 'IEA'], [], [], [], [], ['ISS', 'IEA'], ['ISS'], [], [], [], [], [], [], [], [], [], [], [], [], [], [], [], [], ['IEA'], [], [], [], [], [], [], [], [], [], [], [], [], [], [], [], [], [], [], ['ISS', 'IEA'], [], [], ['IEA'], [], [], [], [], [], [], [], [], [], [], [], [], [], [], [], ['IEA'], ['IBA', 'IEA'], ['IBA', 'IEA'], [], [], [], [], ['ISS'], [], [], [], [], [], [], [], [], ['ISS', 'IEA'], [], [], [], [], [], ['IEA'], [], [], [], [], [], [], [], [], [], [], [], [], ['IBA', 'IEA'], [], [], [], ['IEA'], [], [], [], [], [], [], [], [], [], [], [], [], [], [], [], [], [], [], [], [], [], ['ISS'], [], [], [], ['IDA', 'IMP', 'IBA', 'IEA'], ['IBA', 'IEA'], [], [], [], [], [], [], [], [], [], [], [], [], [], [], [], [], [], [], [], [], [], []]",synapse organization,GO:0050808,4.166337002826934e-05,['GO:0034330'],0.10588235294117647,query_1,170,0.03208556149732621,True,GO:BP,561,12413,1
"""Any process that modulates the frequency, rate or extent of signal transduction."" [GOC:sm]",20972,13766,49,"[[], [], ['IMP'], [], [], [], [], [], ['IDA', 'IBA'], [], [], [], [], [], ['IDA', 'IEA'], [], [], [], [], [], [], [], [], ['IDA', 'IMP'], [], [], [], [], ['IDA', 'ISS'], ['ISS', 'IEA'], ['IEA'], [], ['IMP', 'IEA'], [], ['ISS', 'NAS', 'IEA'], [], ['IMP'], [], ['HMP', 'IEA'], ['IEA'], [], [], [], [], [], [], [], [], [], [], [], ['IDA', 'IMP', 'ISS'], [], [], ['IDA', 'IEA'], ['IBA', 'IEA'], [], [], [], [], [], [], ['ISS', 'ISO'], ['ISS', 'IEA'], [], ['TAS'], [], [], ['IDA', 'IEA'], [], [], [], [], ['ISS', 'IEA'], ['TAS'], [], [], ['IBA'], ['IBA'], [], [], [], [], [], [], [], [], [], [], [], [], [], [], [], [], [], [], ['ISS'], ['IDA'], [], [], ['ISS', 'IEA'], [], [], ['IBA'], ['IEA'], ['ISS', 'IEA'], [], ['IDA', 'ISS', 'IEA'], ['IDA', 'IEA'], [], [], ['IDA', 'IBA', 'TAS'], ['TAS'], [], [], [], [], ['IDA', 'ISS', 'IEA'], [], ['IDA', 'IMP', 'IBA'], [], [], ['IMP'], [], [], [], [], [], ['IDA'], [], ['IEA'], ['IDA', 'IMP'], [], ['TAS', 'IEA'], ['TAS', 'IEA'], ['ISS', 'IEA'], ['TAS', 'IEA'], [], [], [], ['IDA', 'IBA', 'NAS', 'IEA'], [], [], [], [], [], [], [], [], [], [], [], [], [], [], [], [], [], ['IEA'], [], [], [], ['ISS', 'IBA', 'IEA'], ['IDA'], [], [], [], ['IMP', 'ISS', 'IEA'], [], [], [], ['IBA'], [], [], [], [], [], []]",regulation of signal transduction,GO:0009966,5.114256776312528e-05,"['GO:0007165', 'GO:0010646', 'GO:0023051', 'GO:0048583']",0.28823529411764703,query_1,170,0.016166281755196306,True,GO:BP,3031,3643,1
"""A process that is carried out at the cellular level which results in the assembly, arrangement of constituent parts, or disassembly of a cell junction. A cell junction is a specialized region of connection between two cells or between a cell and the extracellular matrix."" [GOC:dph, GOC:jl, GOC:mah]",20972,18122,22,"[[], [], [], [], [], [], [], [], [], [], [], [], [], [], [], [], [], [], ['ISS', 'IEA'], [], [], [], ['IBA'], ['IBA'], [], [], [], [], [], ['ISS', 'IEA'], [], [], [], [], ['ISS', 'IEA'], ['ISS'], ['IMP', 'ISS'], [], [], [], [], [], [], ['IDA'], [], [], [], [], [], [], [], [], ['IEA'], [], [], [], [], [], [], [], [], [], [], [], [], [], [], [], [], [], [], ['ISS', 'IEA'], [], [], ['IEA'], [], [], [], [], [], [], [], [], [], [], [], [], [], [], [], ['IEA'], ['IBA', 'IEA'], ['IBA', 'IEA'], [], [], [], [], ['ISS'], [], [], [], [], [], [], [], [], ['ISS', 'IEA'], [], [], [], [], [], ['IEA'], [], [], [], [], [], [], [], [], [], [], [], [], ['IBA', 'IEA'], [], [], [], ['IEA'], [], [], [], [], [], [], [], [], [], [], [], [], [], [], [], [], [], [], [], [], [], ['ISS'], [], [], [], ['IDA', 'IMP', 'IBA', 'IEA'], ['IBA', 'IEA'], [], [], [], [], [], [], [], [], [], [], [], [], [], [], [], [], [], [], [], [], [], []]",cell junction organization,GO:0034330,5.4624304137408764e-05,['GO:0016043'],0.12941176470588237,query_1,170,0.026537997587454766,True,GO:BP,829,7999,1
"""The controlled release of a substance by a cell or a tissue."" [GOC:ai]",20972,21712,24,"[['IBA'], [], ['IMP', 'ISS', 'IEA'], [], [], [], [], [], [], [], [], [], [], [], [], [], ['IBA', 'IEA'], ['NAS'], ['IEA'], [], [], [], [], [], [], [], [], [], ['IDA', 'IBA'], [], [], [], [], ['IMP', 'IBA', 'IEA'], ['IDA', 'ISS', 'IBA', 'IEA'], [], [], [], [], ['IEA'], [], [], [], [], [], [], [], [], [], [], [], [], [], [], ['ISS', 'IEA'], [], [], [], [], [], [], [], [], ['IEA'], [], [], [], [], ['IEA'], [], [], [], [], ['IDA'], ['IEA'], [], [], [], [], [], [], [], [], [], [], [], [], [], [], [], [], [], [], [], [], [], [], ['ISS'], [], [], [], [], [], [], [], ['IDA', 'IC'], [], [], [], ['IEA'], [], [], [], [], [], [], [], [], [], [], ['IEA'], [], [], [], [], [], [], [], [], ['IEA'], [], ['IEA'], [], [], [], [], [], [], [], [], [], [], [], [], [], [], [], [], [], [], [], ['ISS'], [], [], [], [], [], [], [], ['IDA', 'ISS', 'IBA', 'TAS', 'IEA'], [], [], [], [], [], [], [], [], [], [], ['ISS', 'IBA', 'TAS'], [], ['IEA'], [], [], [], [], [], []]",secretion,GO:0046903,5.8564656590677225e-05,['GO:0006810'],0.1411764705882353,query_1,170,0.024716786817713696,True,GO:BP,971,11589,1
"""The controlled release of a peptide from a cell or a tissue."" [GOC:add]",20972,11378,12,"[['IBA'], [], ['IEA'], [], [], [], [], [], [], [], [], [], [], [], [], [], [], ['NAS'], [], [], [], [], [], [], [], [], [], [], ['IDA', 'IBA'], [], [], [], [], [], ['ISS', 'IEA'], [], [], [], [], [], [], [], [], [], [], [], [], [], [], [], [], [], [], [], ['ISS', 'IEA'], [], [], [], [], [], [], [], [], [], [], [], [], [], [], [], [], [], [], ['IDA'], ['IEA'], [], [], [], [], [], [], [], [], [], [], [], [], [], [], [], [], [], [], [], [], [], [], [], [], [], [], [], [], [], [], ['IDA', 'IC'], [], [], [], [], [], [], [], [], [], [], [], [], [], [], [], [], [], [], [], [], [], [], [], [], [], [], [], [], [], [], [], [], [], [], [], [], [], [], [], [], [], [], [], [], [], [], [], [], [], [], [], [], [], ['TAS', 'IEA'], [], [], [], [], [], [], [], [], [], [], ['ISS'], [], ['IEA'], [], [], [], [], [], []]",peptide secretion,GO:0002790,6.48560396235869e-05,"['GO:0015833', 'GO:0046903']",0.07058823529411765,query_1,170,0.046875,True,GO:BP,256,1255,1
"""Any process that modulates the physical form or the activity of a synapse, the junction between a neuron and a target (neuron, muscle, or secretory cell)."" [GOC:ai]",20972,22531,13,"[[], [], [], [], [], [], [], [], [], [], [], [], [], [], [], [], [], [], [], [], [], [], [], [], [], [], [], [], [], ['ISS', 'IEA'], [], [], [], [], ['IEA'], [], [], [], [], [], [], [], [], [], [], [], [], [], [], [], [], [], ['IEA'], [], [], [], [], [], [], [], [], [], [], [], [], [], [], [], [], [], [], [], [], [], ['IEA'], [], [], [], [], [], [], [], [], [], [], [], [], [], [], [], ['IEA'], ['IBA', 'IEA'], [], [], [], [], [], ['ISS'], [], [], [], [], [], [], [], [], ['ISS', 'IEA'], [], [], [], [], [], ['IEA'], [], [], [], [], [], [], [], [], [], [], [], [], [], [], [], [], ['IEA'], [], [], [], [], [], [], [], [], [], [], [], [], [], [], [], [], [], [], [], [], ['IBA'], ['ISS'], [], [], [], ['IDA', 'IMP', 'IBA', 'IEA'], [], [], [], [], [], [], [], [], [], [], [], [], [], [], [], [], [], [], [], [], [], [], []]",regulation of synapse structure or activity,GO:0050803,6.618369454174169e-05,['GO:0065008'],0.07647058823529412,query_1,170,0.04262295081967213,True,GO:BP,305,12408,1
"""Any process that stops, prevents, or reduces the frequency, rate or extent of cellular DNA-templated transcription."" [GOC:go_curators, GOC:txnOH]",20972,21038,28,"[[], [], [], [], [], [], [], [], [], [], [], [], [], ['IDA', 'IBA', 'IEA'], [], [], [], [], [], [], [], [], [], [], [], [], [], [], [], ['IDA', 'IEA'], [], [], ['IMP', 'IEA'], [], [], [], [], [], [], ['IMP', 'ISS', 'IEA'], [], [], [], [], ['IDA'], ['IDA'], [], [], [], [], [], [], [], [], ['ISS', 'IEA'], [], [], [], [], [], [], [], [], [], [], [], ['IDA', 'IEA'], [], [], [], ['IDA', 'ISS', 'IBA', 'IEA'], [], ['IDA'], ['ISS', 'IEA'], [], [], [], ['IDA', 'IBA'], [], [], [], [], [], [], [], [], [], [], ['IEA'], [], [], [], [], ['NAS'], [], [], [], ['IMP'], [], [], [], [], [], [], [], [], [], [], [], [], [], [], [], [], [], [], [], [], ['IDA', 'IEA'], [], [], [], [], [], [], [], [], [], [], ['IDA'], [], [], [], [], [], [], [], [], [], [], ['ISS'], [], [], [], ['IDA', 'IMP'], ['IEA'], [], [], [], ['IDA'], [], [], [], [], [], [], [], [], [], [], [], [], ['IDA'], [], ['IBA', 'IEA'], [], [], ['IDA'], ['IDA', 'IMP', 'ISS', 'IEA'], [], [], [], [], [], [], ['IDA', 'NAS'], ['IDA', 'ISS'], ['IDA'], []]",negative regulation of DNA-templated transcription,GO:0045892,6.793144591448029e-05,"['GO:0006351', 'GO:0006355', 'GO:1902679']",0.16470588235294117,query_1,170,0.02196078431372549,True,GO:BP,1275,10915,1
"""Any developmental process that results in the creation of defined areas or spaces within an organism to which cells respond and eventually are instructed to differentiate."" [GOC:go_curators, GOC:isa_complete, ISBN:0521436125]",20972,12876,16,"[[], [], [], [], [], [], [], [], [], [], [], [], [], [], [], [], [], [], [], [], [], [], [], [], [], [], [], [], [], [], [], [], ['IEA'], [], [], [], [], [], [], [], [], [], ['IEA'], [], ['IEA'], [], [], [], [], [], [], [], [], [], [], [], [], [], [], [], [], [], [], [], [], [], [], [], [], [], [], [], ['IEA'], ['IMP'], [], [], [], [], [], [], [], [], [], [], [], [], [], [], [], [], [], [], [], ['IEA'], [], [], [], ['ISS'], [], [], ['ISS'], [], [], [], [], ['IEA'], [], [], [], [], [], [], [], [], [], [], [], [], ['IEA'], [], [], [], ['TAS'], [], [], [], [], [], [], ['IEA'], [], [], [], [], [], [], [], [], [], [], [], [], [], [], [], ['IEA'], [], [], [], ['IDA', 'ISS'], [], [], [], [], [], [], [], [], [], [], [], [], ['IEA'], [], [], [], [], [], [], [], [], [], [], [], [], ['IEA'], [], [], []]",pattern specification process,GO:0007389,6.962362503582168e-05,"['GO:0007275', 'GO:0032501']",0.09411764705882353,query_1,170,0.03418803418803419,True,GO:BP,468,2753,1
"""Any process that stops, prevents or reduces the frequency, rate or extent of RNA biosynthetic process."" [GO:jl, GO_REF:0000058, GOC:TermGenie]",20972,31017,28,"[[], [], [], [], [], [], [], [], [], [], [], [], [], ['IDA', 'IBA', 'IEA'], [], [], [], [], [], [], [], [], [], [], [], [], [], [], [], ['IDA', 'IEA'], [], [], ['IMP', 'IEA'], [], [], [], [], [], [], ['IMP', 'ISS', 'IEA'], [], [], [], [], ['IDA'], ['IDA'], [], [], [], [], [], [], [], [], ['ISS', 'IEA'], [], [], [], [], [], [], [], [], [], [], [], ['IDA', 'IEA'], [], [], [], ['IDA', 'ISS', 'IBA', 'IEA'], [], ['IDA'], ['ISS', 'IEA'], [], [], [], ['IDA', 'IBA'], [], [], [], [], [], [], [], [], [], [], ['IEA'], [], [], [], [], ['NAS'], [], [], [], ['IMP'], [], [], [], [], [], [], [], [], [], [], [], [], [], [], [], [], [], [], [], [], ['IDA', 'IEA'], [], [], [], [], [], [], [], [], [], [], ['IDA'], [], [], [], [], [], [], [], [], [], [], ['ISS'], [], [], [], ['IDA', 'IMP'], ['IEA'], [], [], [], ['IDA'], [], [], [], [], [], [], [], [], [], [], [], [], ['IDA'], [], ['IBA', 'IEA'], [], [], ['IDA'], ['IDA', 'IMP', 'ISS', 'IEA'], [], [], [], [], [], [], ['IDA', 'NAS'], ['IDA', 'ISS'], ['IDA'], []]",negative regulation of RNA biosynthetic process,GO:1902679,7.566692247005262e-05,"['GO:0010558', 'GO:0032774', 'GO:0051253', 'GO:2001141']",0.16470588235294117,query_1,170,0.021806853582554516,True,GO:BP,1284,20894,1
"""Any process that activates or increases the frequency, rate or extent of cell differentiation."" [GOC:go_curators]",20972,20802,22,"[[], [], [], [], [], [], [], [], [], [], [], [], [], [], [], [], [], [], [], [], [], [], [], [], [], [], [], [], [], ['ISS', 'IEA'], [], [], ['ISS', 'IEA'], [], ['ISS', 'IEA'], ['IDA', 'IBA', 'IEA'], [], [], [], [], [], [], [], [], [], ['IEA'], [], [], [], [], [], [], [], [], [], [], [], [], [], [], [], [], [], [], [], [], [], [], ['IEA'], [], ['ISS'], [], [], ['ISS', 'IEA'], ['IEA'], [], [], [], [], [], [], [], [], [], [], [], [], [], [], ['IMP', 'IEA'], [], [], [], [], [], [], [], ['IDA', 'IMP', 'ISS'], [], [], [], [], [], [], [], ['ISS', 'IEA'], ['ISS', 'IEA'], [], [], [], [], [], [], [], [], ['ISS'], [], [], ['IEA'], [], [], [], [], ['IMP'], [], [], [], [], [], [], [], ['ISS', 'IEA'], [], [], [], [], [], [], [], [], [], [], [], [], [], [], [], [], [], [], [], [], [], [], [], ['IMP'], [], [], [], [], [], [], [], ['ISS', 'IEA'], [], [], [], [], ['IMP', 'IEA'], [], [], [], [], [], [], ['IMP', 'IEA'], [], ['IDA'], []]",positive regulation of cell differentiation,GO:0045597,7.710326809537358e-05,"['GO:0030154', 'GO:0045595', 'GO:0048522', 'GO:0051094']",0.12941176470588237,query_1,170,0.025821596244131457,True,GO:BP,852,10679,1
"""Any process that stops, prevents, or reduces the frequency, rate or extent of a signaling process."" [GOC:mtg_signal]",20972,16330,30,"[[], [], [], [], [], [], [], [], [], [], [], [], [], [], ['IEA'], [], [], [], [], [], [], [], [], [], [], [], [], [], ['IDA', 'IBA'], [], [], [], ['IMP', 'IEA'], [], ['ISS', 'IBA', 'NAS', 'IEA'], [], ['IMP'], [], ['IEA'], [], [], [], [], [], [], [], [], [], [], [], [], ['ISS'], [], [], ['IDA', 'ISS', 'IEA'], ['IEA'], [], [], [], [], [], [], [], ['IEA'], ['ISO'], ['TAS'], [], [], ['IEA'], [], [], [], [], ['ISS', 'IEA'], ['IEA'], [], [], [], [], [], [], [], [], [], [], [], [], [], [], [], [], [], [], [], [], [], [], [], ['IDA'], [], [], ['ISS', 'IEA'], [], [], [], ['IEA'], [], [], ['IDA', 'ISS', 'IEA'], ['IEA'], [], [], [], [], [], [], [], [], ['IDA', 'ISS', 'IEA'], [], [], [], [], [], [], [], [], [], [], ['IDA'], [], ['IEA'], ['IDA', 'IMP'], [], ['IEA'], ['IEA'], ['IEA'], ['IEA'], [], [], [], [], [], [], [], [], [], [], [], [], [], [], [], [], [], [], [], [], [], [], [], [], [], [], [], [], [], [], ['IMP', 'ISS', 'IEA'], [], [], [], ['IEA'], [], [], [], [], [], []]",negative regulation of signaling,GO:0023057,8.439972057902804e-05,"['GO:0023051', 'GO:0023052', 'GO:0048519']",0.17647058823529413,query_1,170,0.020703933747412008,True,GO:BP,1449,6207,1
"""Any process that decreases the frequency, rate or extent of cell communication. Cell communication is the process that mediates interactions between a cell and its surroundings. Encompasses interactions such as signaling or attachment between one cell and another cell, between a cell and an extracellular matrix, or between a cell and any other aspect of its environment."" [GOC:dph, GOC:tb]",20972,14230,30,"[[], [], [], [], [], [], [], [], [], [], [], [], [], [], ['IEA'], [], [], [], [], [], [], [], [], [], [], [], [], [], ['IDA', 'IBA'], [], [], [], ['IMP', 'IEA'], [], ['ISS', 'IBA', 'NAS', 'IEA'], [], ['IMP'], [], ['IEA'], [], [], [], [], [], [], [], [], [], [], [], [], ['ISS'], [], [], ['IDA', 'ISS', 'IEA'], ['IEA'], [], [], [], [], [], [], [], ['IEA'], ['ISO'], ['TAS'], [], [], ['IEA'], [], [], [], [], ['ISS', 'IEA'], ['IEA'], [], [], [], [], [], [], [], [], [], [], [], [], [], [], [], [], [], [], [], [], [], [], [], ['IDA'], [], [], ['ISS', 'IEA'], [], [], [], ['IEA'], [], [], ['IDA', 'ISS', 'IEA'], ['IEA'], [], [], [], [], [], [], [], [], ['IDA', 'ISS', 'IEA'], [], [], [], [], [], [], [], [], [], [], ['IDA'], [], ['IEA'], ['IDA', 'IMP'], [], ['IEA'], ['IEA'], ['IEA'], ['IEA'], [], [], [], [], [], [], [], [], [], [], [], [], [], [], [], [], [], [], [], [], [], [], [], [], [], [], [], [], [], [], ['IMP', 'ISS', 'IEA'], [], [], [], ['IEA'], [], [], [], [], [], []]",negative regulation of cell communication,GO:0010648,8.439972057902804e-05,"['GO:0007154', 'GO:0010646', 'GO:0048523']",0.17647058823529413,query_1,170,0.020703933747412008,True,GO:BP,1449,4107,1
"""The operation of the mind by which an organism becomes aware of objects of thought or perception; it includes the mental activities associated with thinking, learning, and memory."" [ISBN:0721619908]",20972,22594,13,"[[], [], [], [], [], [], [], [], [], [], [], [], [], [], [], [], [], [], [], [], [], [], [], [], [], [], [], [], ['TAS'], ['IMP', 'ISS', 'IEA'], [], [], [], [], ['ISS', 'IEA'], [], [], [], [], [], [], ['IEA'], [], [], [], [], [], [], [], [], [], [], [], [], [], [], [], [], [], [], [], [], ['TAS', 'IEA'], [], [], [], [], ['IEA'], ['IEA'], [], [], [], [], [], ['IEA'], [], [], [], [], [], [], [], [], [], [], [], [], [], [], [], [], [], [], [], [], [], [], ['ISS'], [], [], [], [], [], [], [], [], ['IEA'], [], [], [], [], [], ['IEA'], [], [], [], [], [], [], [], [], [], [], [], [], [], [], [], [], [], [], [], [], [], [], [], [], [], [], [], [], [], [], [], [], [], [], [], [], [], [], [], [], [], [], [], [], [], [], [], [], ['ISS'], ['IEA'], [], [], [], [], [], [], [], [], [], [], [], [], [], [], [], []]",cognition,GO:0050890,8.558457520302472e-05,['GO:0050877'],0.07647058823529412,query_1,170,0.04126984126984127,True,GO:BP,315,12471,1
"""The pattern specification process that results in the subdivision of an axis or axes in space to define an area or volume in which specific patterns of cell differentiation will take place or in which cells interpret a specific environment."" [GOC:dph, GOC:isa_complete]",20972,11530,15,"[[], [], [], [], [], [], [], [], [], [], [], [], [], [], [], [], [], [], [], [], [], [], [], [], [], [], [], [], [], [], [], [], ['IEA'], [], [], [], [], [], [], [], [], [], ['IEA'], [], ['IEA'], [], [], [], [], [], [], [], [], [], [], [], [], [], [], [], [], [], [], [], [], [], [], [], [], [], [], [], ['IEA'], ['IMP'], [], [], [], [], [], [], [], [], [], [], [], [], [], [], [], [], [], [], [], ['IEA'], [], [], [], ['ISS'], [], [], ['ISS'], [], [], [], [], ['IEA'], [], [], [], [], [], [], [], [], [], [], [], [], ['IEA'], [], [], [], ['TAS'], [], [], [], [], [], [], ['IEA'], [], [], [], [], [], [], [], [], [], [], [], [], [], [], [], [], [], [], [], ['IDA', 'ISS'], [], [], [], [], [], [], [], [], [], [], [], [], ['IEA'], [], [], [], [], [], [], [], [], [], [], [], [], ['IEA'], [], [], []]",regionalization,GO:0003002,8.603169308220781e-05,['GO:0007389'],0.08823529411764706,query_1,170,0.035545023696682464,True,GO:BP,422,1407,1
"""Any process that results in a change in state or activity of a cell (in terms of movement, secretion, enzyme production, gene expression, etc.) as a result of a stimulus. The process begins with detection of the stimulus by a cell and ends with a change in state or activity or the cell."" [GOC:bf, GOC:jl]",20972,23106,90,"[[], [], ['IMP', 'NAS', 'IEA'], [], [], ['ISS', 'IBA', 'IEA'], ['IBA', 'TAS', 'NAS', 'IEA'], ['IBA', 'TAS', 'NAS', 'IEA'], ['IDA', 'IBA', 'TAS', 'IEA'], ['IDA', 'IBA'], [], ['IEA'], [], [], ['IDA', 'IEA'], [], [], [], [], [], ['TAS', 'IEA'], ['IBA'], [], ['IDA', 'IMP'], [], [], [], [], ['IDA', 'IMP', 'ISS', 'IBA', 'TAS'], ['ISS', 'IEA'], ['IEA'], [], ['IMP', 'IEA'], [], ['IDA', 'IGI', 'ISS', 'IBA', 'NAS', 'IEA'], ['IEA'], ['IMP'], ['TAS'], ['HMP', 'IEA'], ['IDA', 'IMP', 'IBA', 'TAS', 'IEA'], [], [], [], ['IDA', 'IMP', 'IBA', 'IEA'], [], ['IDA'], [], [], [], [], [], ['IDA', 'IMP', 'ISS', 'IEA'], ['ISS', 'IEA'], [], ['IDA', 'ISS', 'IBA', 'IEA'], ['IBA', 'IEA'], [], [], ['IDA', 'TAS', 'IEA'], ['IDA', 'TAS', 'IEA'], [], ['IDA', 'IBA', 'IEA'], ['ISS', 'ISO', 'IBA', 'TAS', 'IEA'], ['IDA', 'ISS', 'IBA', 'IEA'], ['IDA', 'IMP', 'ISS', 'IEA'], ['TAS'], ['IDA'], ['IDA', 'ISS', 'IBA', 'IEA'], ['IDA', 'IMP', 'IBA', 'TAS', 'IEA'], ['IDA', 'IEA'], ['ISS'], [], [], ['ISS', 'IEA'], ['ISS', 'IBA', 'TAS'], ['IMP'], [], ['IBA', 'TAS'], ['IBA'], [], [], [], [], [], [], [], [], [], [], ['IMP', 'ISS', 'IEA'], [], [], [], ['NAS'], ['IBA', 'TAS'], ['IDA', 'IBA', 'IEA'], ['IBA', 'TAS', 'IEA'], ['IDA', 'IMP', 'ISS'], ['IDA', 'IMP', 'ISS', 'IBA', 'TAS', 'NAS', 'IEA'], [], [], ['ISS', 'IEA'], [], [], ['IBA', 'IEA'], ['IEA'], ['ISS', 'IEA'], [], ['IDA', 'IMP', 'ISS', 'IBA', 'TAS', 'IEA'], ['IDA', 'IEA'], [], [], ['IDA', 'IMP', 'IBA', 'TAS', 'IEA'], ['IDA', 'TAS', 'IEA'], ['TAS', 'NAS'], ['ISS', 'IBA'], [], [], ['IDA', 'ISS', 'IEA'], ['IEA'], ['IDA', 'IMP', 'IBA', 'TAS'], [], [], ['IMP'], [], [], [], [], [], ['IDA', 'NAS', 'IEA'], [], ['IEP', 'IEA'], ['IDA', 'IMP', 'IBA', 'NAS'], ['IMP', 'ISS', 'IEA'], ['TAS', 'IEA'], ['IBA', 'TAS', 'IEA'], ['ISS', 'TAS', 'IEA'], ['IBA', 'TAS', 'IEA'], ['IMP', 'IBA', 'IEA'], ['IBA', 'IEA'], ['ISS', 'IEA'], ['IDA', 'IBA', 'NAS', 'IEA'], ['ISS', 'TAS'], [], [], [], [], [], ['IBA', 'TAS', 'IEA'], [], [], [], [], [], [], [], [], ['IEA'], [], ['IEA'], [], ['IEA'], [], ['ISS', 'IBA', 'IEA'], ['IDA', 'IBA', 'IEA'], [], ['TAS'], [], ['IMP', 'ISS', 'IEA'], ['TAS'], ['IDA', 'IBA', 'TAS', 'IEA'], ['IDA', 'IBA', 'TAS', 'IEA'], ['IBA', 'IEA'], [], [], [], [], [], []]",cellular response to stimulus,GO:0051716,8.963901361237108e-05,"['GO:0009987', 'GO:0050896']",0.5294117647058824,query_1,170,0.012121212121212121,True,GO:BP,7425,12983,1
"""A process that leads to a temporary increase in postsynaptic potential due to the flow of positively charged ions into the postsynaptic cell. The flow of ions that causes an EPSP is an excitatory postsynaptic current (EPSC) and makes it easier for the neuron to fire an action potential."" [GOC:dph, GOC:ef]",20972,23481,8,"[[], [], [], [], [], [], [], [], [], [], [], [], [], [], [], [], [], [], [], [], [], [], [], [], [], [], [], [], [], ['ISS', 'IEA'], [], [], [], [], ['NAS'], [], [], [], [], [], [], [], [], [], [], [], [], [], [], [], [], [], [], [], [], [], [], [], [], [], [], [], ['ISS', 'ISO', 'IBA', 'IEA'], [], [], [], [], [], [], ['IEA'], [], [], [], [], [], [], [], [], [], [], [], [], [], [], [], [], [], [], [], [], [], [], [], [], [], [], [], ['ISS'], ['ISS'], [], [], [], [], [], [], [], [], [], [], [], [], [], [], [], [], [], [], [], [], [], [], [], [], [], [], [], [], [], [], [], [], [], [], [], ['IEA'], [], [], [], [], [], [], [], [], [], [], [], [], [], [], [], [], [], [], [], [], [], [], [], [], ['IEA'], [], [], [], [], [], [], [], [], [], [], [], [], [], [], [], [], [], [], []]",excitatory postsynaptic potential,GO:0060079,0.00011492829103260289,"['GO:0060078', 'GO:0099565']",0.047058823529411764,query_1,170,0.07476635514018691,True,GO:BP,107,13358,1
"""Any process that modulates the potential difference across a post-synaptic membrane."" [GOC:dph, GOC:ef]",20972,23480,9,"[[], [], [], [], [], [], [], [], [], [], [], [], [], [], [], [], [], [], [], [], [], [], [], [], [], [], [], [], [], ['ISS', 'IEA'], [], [], [], [], ['NAS'], [], [], [], [], [], [], [], [], [], [], [], [], [], [], [], [], [], [], [], [], [], [], [], [], [], [], [], ['ISS', 'ISO', 'IBA', 'IEA'], [], ['IEA'], [], [], [], [], ['IEA'], [], [], [], [], [], [], [], [], [], [], [], [], [], [], [], [], [], [], [], [], [], [], [], [], [], [], [], ['ISS'], ['ISS'], [], [], [], [], [], [], [], [], [], [], [], [], [], [], [], [], [], [], [], [], [], [], [], [], [], [], [], [], [], [], [], [], [], [], [], ['IEA'], [], [], [], [], [], [], [], [], [], [], [], [], [], [], [], [], [], [], [], [], [], [], [], [], ['IEA'], [], [], [], [], [], [], [], [], [], [], [], [], [], [], [], [], [], [], []]",regulation of postsynaptic membrane potential,GO:0060078,0.00012561294289113107,['GO:0042391'],0.052941176470588235,query_1,170,0.06206896551724138,True,GO:BP,145,13357,1
"""The directed movement of peptides, compounds of two or more amino acids where the alpha carboxyl group of one is bound to the alpha amino group of another, into, out of or within a cell, or between cells, by means of some agent such as a transporter or pore."" [GOC:ai]",20972,14827,12,"[['IBA'], [], ['IEA'], [], [], [], [], [], [], [], [], [], [], [], [], [], [], ['NAS'], [], [], [], [], [], [], [], [], [], [], ['IDA', 'IBA'], [], [], [], [], [], ['ISS', 'IEA'], [], [], [], [], [], [], [], [], [], [], [], [], [], [], [], [], [], [], [], ['ISS', 'IEA'], [], [], [], [], [], [], [], [], [], [], [], [], [], [], [], [], [], [], ['IDA'], ['IEA'], [], [], [], [], [], [], [], [], [], [], [], [], [], [], [], [], [], [], [], [], [], [], [], [], [], [], [], [], [], [], ['IDA', 'IC'], [], [], [], [], [], [], [], [], [], [], [], [], [], [], [], [], [], [], [], [], [], [], [], [], [], [], [], [], [], [], [], [], [], [], [], [], [], [], [], [], [], [], [], [], [], [], [], [], [], [], [], [], [], ['TAS', 'IEA'], [], [], [], [], [], [], [], [], [], [], ['ISS'], [], ['IEA'], [], [], [], [], [], []]",peptide transport,GO:0015833,0.00014747969860487713,['GO:0006810'],0.07058823529411765,query_1,170,0.0425531914893617,True,GO:BP,282,4704,1
"""Any cellular process that stops, prevents, or reduces the frequency, rate or extent of the chemical reactions and pathways involving nucleobases, nucleosides, nucleotides and nucleic acids."" [GOC:go_curators]",20972,21073,30,"[[], [], [], [], [], [], [], [], [], [], [], [], [], ['IDA', 'IBA', 'IEA'], [], [], [], [], [], [], [], [], [], [], [], [], [], [], [], ['IDA', 'IEA'], [], [], ['IMP', 'IEA'], [], [], [], [], [], [], ['IMP', 'ISS', 'IEA'], [], ['IDA'], [], [], ['IDA'], ['IDA'], [], [], [], [], [], [], [], [], ['ISS', 'IEA'], [], [], [], [], [], [], [], [], [], [], [], ['IDA', 'IEA'], [], [], [], ['IDA', 'ISS', 'IBA', 'IEA'], [], ['IDA'], ['ISS', 'IEA'], [], [], [], ['IDA', 'IBA'], [], [], [], [], [], [], [], [], [], [], ['IEA'], [], [], [], [], ['NAS'], [], [], [], ['IMP'], [], [], [], [], [], [], [], [], [], [], [], [], [], [], [], [], [], [], [], [], ['IDA', 'IEA'], [], [], [], [], [], [], [], [], [], [], ['IDA'], [], [], [], [], [], [], [], [], [], [], ['ISS'], [], [], [], ['IDA', 'IMP'], ['IEA'], [], [], [], ['IDA'], [], [], [], [], [], [], [], [], [], [], [], [], ['IDA'], [], ['IBA', 'IEA'], [], [], ['IDA'], ['IDA', 'IMP', 'ISS', 'IEA'], [], ['ISS'], [], [], [], [], ['IDA', 'NAS'], ['IDA', 'ISS'], ['IDA'], []]",negative regulation of nucleobase-containing compound metabolic process,GO:0045934,0.00017447863735070172,"['GO:0006139', 'GO:0009892', 'GO:0019219']",0.17647058823529413,query_1,170,0.019867549668874173,True,GO:BP,1510,10950,1
"""Any process that increases the rate, frequency or extent of the chemical reactions and pathways resulting in the formation of a macromolecule, any molecule of high relative molecular mass, the structure of which essentially comprises the multiple repetition of units derived, actually or conceptually, from molecules of low relative molecular mass."" [GOC:dph, GOC:tb]",20972,14147,42,"[[], [], [], ['IDA'], [], [], [], [], [], [], [], [], [], [], [], [], [], [], [], [], [], [], [], ['IMP'], [], [], [], [], [], ['ISS', 'IEA'], [], [], ['IMP', 'ISS', 'IEA'], [], ['IDA', 'IEA'], [], [], [], [], [], [], ['IDA'], [], [], ['IDA', 'IEA'], ['IMP', 'IEA'], [], [], [], [], [], [], [], [], ['IDA', 'IMP', 'IEA'], [], [], [], [], [], [], [], [], [], [], [], ['IDA'], [], ['IEA'], [], ['ISS'], [], ['IEA'], ['IGI', 'ISS', 'IBA', 'IEA'], [], [], [], [], [], [], [], [], [], [], [], [], [], [], ['IEA'], ['IMP', 'ISS', 'IEA'], [], [], [], ['ISS', 'IEA'], [], ['IMP'], [], ['IDA', 'IMP', 'IBA', 'IEA'], ['IDA'], [], ['IMP'], ['ISS'], [], [], [], ['IDA', 'ISS', 'IBA', 'IEA'], ['IBA', 'IEA'], ['IBA', 'IEA'], [], [], [], [], [], [], [], ['ISS'], [], [], ['ISS', 'IEA'], [], [], [], ['IEA'], [], [], [], [], [], [], [], ['ISS', 'IEA'], ['ISS'], [], ['ISS', 'IEA'], [], [], [], [], [], [], ['ISS', 'IEA'], [], [], ['IMP'], [], ['IDA', 'IEA'], [], [], [], ['IEA'], [], [], [], [], [], [], [], [], [], [], [], [], ['IEA'], [], ['IDA', 'IBA', 'IEA'], [], [], [], ['IDA', 'IMP', 'IEA'], [], ['ISS'], [], [], [], [], ['IDA', 'IEA'], ['IDA'], ['IDA', 'ISS'], []]",positive regulation of macromolecule biosynthetic process,GO:0010557,0.00017447863735070172,"['GO:0009059', 'GO:0009891', 'GO:0010556', 'GO:0010604']",0.24705882352941178,query_1,170,0.016548463356973995,True,GO:BP,2538,4024,1
"""Any process that modulates the frequency, rate or extent of the directed movement of potassium ions (K+) into, out of or within a cell, or between cells, by means of some agent such as a transporter or pore."" [GOC:jl]",20972,20045,7,"[[], [], [], [], [], [], [], [], [], [], [], [], [], [], [], [], [], [], [], [], [], [], [], [], [], [], [], [], [], [], [], [], [], [], ['ISS', 'IBA', 'IEA'], [], [], [], [], [], [], [], [], [], [], [], [], [], [], [], [], [], [], [], [], [], [], [], [], [], [], [], [], [], [], [], [], [], ['IEA'], [], [], [], [], [], [], [], [], ['ISS', 'IBA'], ['ISS', 'IBA', 'IEA'], [], [], ['IDA', 'ISS', 'IEA'], ['ISS'], [], [], [], [], [], [], [], [], [], [], [], [], [], [], [], [], [], [], [], [], [], [], [], [], [], [], [], [], [], [], [], [], [], [], [], [], [], [], [], [], [], [], [], [], [], [], [], [], [], [], [], ['IEA'], [], [], [], [], [], [], [], [], [], [], [], [], [], [], [], [], [], [], [], [], [], [], [], [], [], [], [], [], [], [], [], [], [], [], [], [], [], [], [], [], [], [], [], []]",regulation of potassium ion transport,GO:0043266,0.00017659809721130623,"['GO:0006813', 'GO:0010959']",0.041176470588235294,query_1,170,0.08641975308641975,True,GO:BP,81,9922,1
"""De novo generation of a long process of a neuron, including the terminal branched region. Refers to the morphogenesis or creation of shape or form of the developing axon, which carries efferent (outgoing) action potentials from the cell body towards target cells."" [GOC:dph, GOC:jid, GOC:pg, GOC:pr, ISBN:0198506732]",20972,12892,15,"[[], [], [], [], [], [], [], [], [], [], [], [], [], [], [], [], [], [], [], [], ['ISS'], [], [], [], [], [], [], [], [], [], [], [], [], [], ['ISS', 'IEA'], ['IDA', 'ISS', 'IBA', 'IEA'], [], [], [], [], [], [], [], ['IBA'], [], [], [], [], [], [], [], [], ['IEA'], [], [], ['IEA'], [], [], [], [], [], [], [], [], [], [], [], [], [], [], [], [], [], ['ISS', 'IBA', 'IEA'], ['IBA'], [], [], [], [], [], [], [], [], [], [], [], [], [], ['IEA'], [], [], [], [], [], [], [], [], [], [], [], [], [], [], [], [], [], [], [], [], [], [], [], ['ISS', 'IEA'], [], [], ['ISS'], [], [], [], [], ['IBA'], [], [], [], [], [], [], [], [], ['IEA'], [], [], [], [], [], [], [], [], [], [], [], [], [], [], [], [], [], [], [], [], [], [], [], [], [], ['IMP', 'IBA', 'IEA'], [], [], [], [], [], [], ['IEA'], [], [], [], [], [], [], [], [], [], [], [], [], [], [], [], []]",axonogenesis,GO:0007409,0.00017934826181022773,"['GO:0048667', 'GO:0048812', 'GO:0061564']",0.08823529411764706,query_1,170,0.033185840707964605,True,GO:BP,452,2769,1
"""The part of synaptic transmission occurring in the post-synapse: a signal transduction pathway consisting of neurotransmitter receptor activation and its effects on postsynaptic membrane potential and the ionic composition of the postsynaptic cytosol."" [GOC:dos]",20972,28020,8,"[[], [], [], [], [], [], [], [], [], [], [], [], [], [], [], [], [], [], [], [], [], [], [], [], [], [], [], [], [], ['ISS', 'IEA'], [], [], [], [], ['NAS'], [], [], [], [], [], [], [], [], [], [], [], [], [], [], [], [], [], [], [], [], [], [], [], [], [], [], [], ['ISS', 'ISO', 'IBA', 'IEA'], [], [], [], [], [], [], ['IEA'], [], [], [], [], [], [], [], [], [], [], [], [], [], [], [], [], [], [], [], [], [], [], [], [], [], [], [], ['ISS'], ['ISS'], [], [], [], [], [], [], [], [], [], [], [], [], [], [], [], [], [], [], [], [], [], [], [], [], [], [], [], [], [], [], [], [], [], [], [], ['IEA'], [], [], [], [], [], [], [], [], [], [], [], [], [], [], [], [], [], [], [], [], [], [], [], [], ['IEA'], [], [], [], [], [], [], [], [], [], [], [], [], [], [], [], [], [], [], []]","chemical synaptic transmission, postsynaptic",GO:0099565,0.00019283587309936367,"['GO:0007166', 'GO:0007268', 'GO:0050877']",0.047058823529411764,query_1,170,0.06896551724137931,True,GO:BP,116,17897,1
"""Any process in an organism in which a relatively long-lasting adaptive behavioral change occurs as the result of experience."" [ISBN:0582227089, ISBN:0721662544]",20972,13052,9,"[[], [], [], [], [], [], [], [], [], [], [], [], [], [], [], [], [], [], [], [], [], [], [], [], [], [], [], [], [], [], [], [], [], [], ['ISS', 'IEA'], [], [], [], [], [], [], ['IEA'], [], [], [], [], [], [], [], [], [], [], [], [], [], [], [], [], [], [], [], [], ['IEA'], [], [], [], [], ['IEA'], ['IEA'], [], [], [], [], [], ['IEA'], [], [], [], [], [], [], [], [], [], [], [], [], [], [], [], [], [], [], [], [], [], [], [], [], [], [], [], [], [], [], [], ['IEA'], [], [], [], [], [], [], [], [], [], [], [], [], [], [], [], [], [], [], [], [], [], [], [], [], [], [], [], [], [], [], [], [], [], [], [], [], [], [], [], [], [], [], [], [], [], [], [], [], [], [], [], [], [], [], ['ISS'], ['IEA'], [], [], [], [], [], [], [], [], [], [], [], [], [], [], [], []]",learning,GO:0007612,0.00019914458811384322,['GO:0007611'],0.052941176470588235,query_1,170,0.05806451612903226,True,GO:BP,155,2929,1
"""Any process that results in a change in state or activity of a cell (in terms of movement, secretion, enzyme production, gene expression, etc.) as a result of a dopamine stimulus."" [GO_REF:0000071, GOC:mr, GOC:TermGenie, PMID:11118945]",20972,31453,6,"[[], [], [], [], [], [], [], [], [], [], [], [], [], [], [], [], [], [], [], [], [], [], [], [], [], [], [], [], [], [], [], [], [], [], ['IDA', 'IGI', 'ISS', 'IBA', 'IEA'], [], [], [], [], [], [], [], [], [], [], [], [], [], [], [], [], [], [], [], [], [], [], [], [], [], [], [], [], [], [], [], [], [], ['IBA', 'TAS'], ['IDA', 'IEA'], [], [], [], [], [], [], [], [], [], [], [], [], [], [], [], [], [], [], [], [], [], [], [], [], [], [], [], [], [], [], [], [], [], [], [], [], [], [], [], [], [], [], [], [], [], [], [], [], [], [], [], [], [], [], [], [], [], [], [], [], [], [], [], [], ['IEA'], [], ['ISS'], ['IBA', 'IEA'], [], [], [], [], [], [], [], [], [], [], [], [], [], [], [], [], [], [], [], [], [], [], [], [], [], [], [], [], [], [], [], [], [], [], [], [], [], [], [], [], []]",cellular response to dopamine,GO:1903351,0.00021367099758812482,"['GO:0071870', 'GO:1903350']",0.03529411764705882,query_1,170,0.10909090909090909,True,GO:BP,55,21330,1
"""Any process that results in a change in state or activity of a cell or an organism (in terms of movement, secretion, enzyme production, gene expression, etc.) as a result of a dopamine stimulus."" [GO_REF:0000071, GOC:mr, GOC:TermGenie, PMID:11118945]",20972,31452,6,"[[], [], [], [], [], [], [], [], [], [], [], [], [], [], [], [], [], [], [], [], [], [], [], [], [], [], [], [], [], [], [], [], [], [], ['IDA', 'IGI', 'ISS', 'IBA', 'IEA'], [], [], [], [], [], [], [], [], [], [], [], [], [], [], [], [], [], [], [], [], [], [], [], [], [], [], [], [], [], [], [], [], [], ['IBA', 'TAS'], ['IDA', 'IEA'], [], [], [], [], [], [], [], [], [], [], [], [], [], [], [], [], [], [], [], [], [], [], [], [], [], [], [], [], [], [], [], [], [], [], [], [], [], [], [], [], [], [], [], [], [], [], [], [], [], [], [], [], [], [], [], [], [], [], [], [], [], [], [], [], ['IEA'], [], ['ISS'], ['IBA', 'IEA'], [], [], [], [], [], [], [], [], [], [], [], [], [], [], [], [], [], [], [], [], [], [], [], [], [], [], [], [], [], [], [], [], [], [], [], [], [], [], [], [], []]",response to dopamine,GO:1903350,0.0002323026433427642,['GO:0071869'],0.03529411764705882,query_1,170,0.10714285714285714,True,GO:BP,56,21329,1
"""Any process that modulates the physical form of a synapse, the junction between a neuron and a target (neuron, muscle, or secretory cell)."" [GOC:ai, GOC:dph, GOC:tb]",20972,22535,12,"[[], [], [], [], [], [], [], [], [], [], [], [], [], [], [], [], [], [], [], [], [], [], [], [], [], [], [], [], [], ['ISS', 'IEA'], [], [], [], [], ['IEA'], [], [], [], [], [], [], [], [], [], [], [], [], [], [], [], [], [], ['IEA'], [], [], [], [], [], [], [], [], [], [], [], [], [], [], [], [], [], [], [], [], [], ['IEA'], [], [], [], [], [], [], [], [], [], [], [], [], [], [], [], ['IEA'], ['IBA', 'IEA'], [], [], [], [], [], ['ISS'], [], [], [], [], [], [], [], [], ['ISS', 'IEA'], [], [], [], [], [], ['IEA'], [], [], [], [], [], [], [], [], [], [], [], [], [], [], [], [], ['IEA'], [], [], [], [], [], [], [], [], [], [], [], [], [], [], [], [], [], [], [], [], [], ['ISS'], [], [], [], ['IDA', 'IMP', 'IBA', 'IEA'], [], [], [], [], [], [], [], [], [], [], [], [], [], [], [], [], [], [], [], [], [], [], []]",regulation of synapse organization,GO:0050807,0.0002323026433427642,"['GO:0050803', 'GO:0050808', 'GO:0051128']",0.07058823529411765,query_1,170,0.040268456375838924,True,GO:BP,298,12412,1
"""The regulated release of a peptide hormone from a cell."" [GOC:mah]",20972,16360,11,"[['IBA'], [], [], [], [], [], [], [], [], [], [], [], [], [], [], [], [], ['NAS'], [], [], [], [], [], [], [], [], [], [], ['IDA', 'IBA'], [], [], [], [], [], ['ISS', 'IEA'], [], [], [], [], [], [], [], [], [], [], [], [], [], [], [], [], [], [], [], ['ISS', 'IEA'], [], [], [], [], [], [], [], [], [], [], [], [], [], [], [], [], [], [], ['IDA'], ['IEA'], [], [], [], [], [], [], [], [], [], [], [], [], [], [], [], [], [], [], [], [], [], [], [], [], [], [], [], [], [], [], ['IDA', 'IC'], [], [], [], [], [], [], [], [], [], [], [], [], [], [], [], [], [], [], [], [], [], [], [], [], [], [], [], [], [], [], [], [], [], [], [], [], [], [], [], [], [], [], [], [], [], [], [], [], [], [], [], [], [], ['TAS', 'IEA'], [], [], [], [], [], [], [], [], [], [], ['ISS'], [], ['IEA'], [], [], [], [], [], []]",peptide hormone secretion,GO:0030072,0.00023696412535755858,"['GO:0002790', 'GO:0046879', 'GO:0071705']",0.06470588235294118,query_1,170,0.04417670682730924,True,GO:BP,249,6237,1
"""Morphogenesis of an animal organ. An organ is defined as a tissue or set of tissues that work together to perform a specific function or functions. Morphogenesis is the process in which anatomical structures are generated and organized. Organs are commonly observed as visibly distinct structures, but may also exist as loosely associated clusters of cells that work together to perform a specific function or functions."" [GOC:dgh, GOC:go_curators, ISBN:0471245208, ISBN:0721662544]",20972,13709,23,"[[], [], [], [], [], [], [], [], [], [], [], [], [], [], [], [], [], [], [], [], [], [], [], [], [], [], [], [], [], [], [], [], ['IEA'], [], [], ['ISS', 'IEA'], [], [], [], [], [], [], ['IEA'], [], [], [], [], [], [], [], [], [], ['ISS', 'IEA'], [], [], [], [], [], [], [], [], [], [], [], ['IEA'], [], [], [], [], [], ['ISS'], [], ['IEA'], ['IMP', 'ISS', 'IEA'], [], [], [], [], [], [], [], [], [], [], [], [], [], [], [], [], [], [], [], ['IEA'], [], [], [], ['ISS'], [], [], ['ISS'], [], [], [], [], ['ISS', 'IEA'], [], [], [], [], [], [], [], [], [], ['ISS'], [], [], ['IEA'], [], [], [], ['IBA'], [], [], [], [], [], [], ['IEA'], [], [], [], [], [], [], [], [], [], [], ['ISS', 'IEA'], ['IEA'], [], [], [], ['IEA'], [], [], [], ['ISS'], [], [], [], [], [], [], [], [], [], [], [], [], ['IEA'], [], ['IEA'], [], [], [], ['IMP', 'TAS', 'IEA'], [], [], [], [], [], [], [], [], [], []]",animal organ morphogenesis,GO:0009887,0.00023778658822636096,"['GO:0009653', 'GO:0048513']",0.13529411764705881,query_1,170,0.023,True,GO:BP,1000,3586,1
"""The directed movement of metal ions, any metal ion with an electric charge, into, out of or within a cell, or between cells, by means of some agent such as a transporter or pore."" [GOC:ai]",20972,16334,21,"[[], [], [], [], [], [], [], [], [], [], ['ISO', 'IBA', 'IEA'], [], [], [], [], [], [], ['TAS'], [], [], [], [], [], [], [], [], [], [], [], [], [], [], [], [], ['ISS', 'IBA', 'IEA'], [], [], [], [], ['IEA'], [], [], [], [], [], [], [], [], [], [], [], [], [], [], [], [], [], ['IBA', 'IEA'], [], [], [], [], ['IDA', 'IMP', 'IEA'], [], ['IMP', 'ISS', 'IBA', 'NAS', 'IEA'], [], [], [], ['IDA', 'IMP', 'IBA', 'IEA'], [], [], [], [], [], [], ['IDA', 'IBA', 'TAS', 'IEA'], ['IDA', 'IBA', 'IEA'], ['ISS', 'IBA', 'IEA'], ['ISS', 'IBA', 'IEA'], ['IBA', 'TAS', 'IEA'], ['IBA', 'IEA'], ['IDA', 'ISS', 'IBA', 'TAS', 'IEA'], ['ISS', 'IBA', 'TAS', 'IEA'], [], [], [], [], [], [], [], [], [], [], [], [], [], ['IEA'], [], [], [], [], [], [], [], [], [], [], [], [], [], [], [], [], [], [], [], [], [], [], [], [], [], [], [], [], [], [], [], [], [], [], [], [], [], ['IEA'], [], [], ['IEA'], [], [], [], [], [], [], [], [], [], [], [], [], ['ISS', 'IEA'], [], [], ['IDA', 'IMP', 'IBA', 'IEA'], [], [], [], [], [], [], [], [], [], [], [], [], [], [], [], [], [], [], [], [], [], [], [], [], []]",metal ion transport,GO:0030001,0.0002501253762618925,['GO:0006812'],0.12352941176470589,query_1,170,0.02441860465116279,True,GO:BP,860,6211,1
"""Any process that stops, prevents, or reduces the frequency, rate or extent of transcription mediated by RNA polymerase II."" [GOC:go_curators, GOC:txnOH]",20972,10170,22,"[[], [], [], [], [], [], [], [], [], [], [], [], [], [], [], [], [], [], [], [], [], [], [], [], [], [], [], [], [], ['IDA', 'IEA'], [], [], ['IMP', 'IEA'], [], [], [], [], [], [], ['IMP', 'ISS', 'IEA'], [], [], [], [], ['IDA'], ['IDA'], [], [], [], [], [], [], [], [], ['IEA'], [], [], [], [], [], [], [], [], [], [], [], ['IDA', 'IEA'], [], [], [], ['ISS', 'IBA', 'IEA'], [], ['IDA'], ['ISS', 'IEA'], [], [], [], ['IDA', 'IBA'], [], [], [], [], [], [], [], [], [], [], ['IEA'], [], [], [], [], ['NAS'], [], [], [], ['IMP'], [], [], [], [], [], [], [], [], [], [], [], [], [], [], [], [], [], [], [], [], ['IEA'], [], [], [], [], [], [], [], [], [], [], [], [], [], [], [], [], [], [], [], [], [], [], [], [], [], ['IDA', 'IMP'], ['IEA'], [], [], [], [], [], [], [], [], [], [], [], [], [], [], [], [], [], [], ['IBA', 'IEA'], [], [], [], ['IMP', 'ISS', 'IEA'], [], [], [], [], [], [], ['IDA'], ['IDA', 'ISS'], ['IDA'], []]",negative regulation of transcription by RNA polymerase II,GO:0000122,0.00025510377146939923,"['GO:0006357', 'GO:0006366', 'GO:0045892']",0.12941176470588237,query_1,170,0.023579849946409433,True,GO:BP,933,47,1
"""Any process that stops, prevents, or reduces the frequency, rate or extent of adenylate cyclase activity."" [GOC:go_curators]",20972,12740,4,"[[], [], [], [], [], [], [], [], [], [], [], [], [], [], [], [], [], [], [], [], [], [], [], [], [], [], [], [], [], [], [], [], [], [], ['IDA'], [], [], [], [], ['TAS'], [], [], [], [], [], [], [], [], [], [], [], [], [], [], [], [], [], [], ['TAS'], [], [], [], [], ['TAS'], [], [], [], [], [], [], [], [], [], [], [], [], [], [], [], [], [], [], [], [], [], [], [], [], [], [], [], [], [], [], [], [], [], [], [], [], [], [], [], [], [], [], [], [], [], [], [], [], [], [], [], [], [], [], [], [], [], [], [], [], [], [], [], [], [], [], [], [], [], [], [], [], [], [], [], [], [], [], [], [], [], [], [], [], [], [], [], [], [], [], [], [], [], [], [], [], [], [], [], [], [], [], [], [], [], [], [], [], [], [], [], [], [], [], []]",negative regulation of adenylate cyclase activity,GO:0007194,0.0002561198982777698,"['GO:0043086', 'GO:0045761']",0.023529411764705882,query_1,170,0.25,True,GO:BP,16,2617,1
"""Any process that results in a change in state or activity of a cell (in terms of movement, secretion, enzyme production, gene expression, etc.) as a result of a monoamine stimulus. A monoamine is any of a group of molecular messengers that contain one amino group that is connected to an aromatic ring by ethylene group (-CH2-CH2-). Monoamines are derived from the aromatic amino acids phenylalanine, tyrosine, histidine and tryptophan."" [GOC:mah]",20972,25928,6,"[[], [], [], [], [], [], [], [], [], [], [], [], [], [], [], [], [], [], [], [], [], [], [], [], [], [], [], [], [], [], [], [], [], [], ['IDA', 'IGI', 'ISS', 'IBA', 'IEA'], [], [], [], [], [], [], [], [], [], [], [], [], [], [], [], [], [], [], [], [], [], [], [], [], [], [], [], [], [], [], [], [], [], ['IBA', 'TAS'], ['IDA', 'IEA'], [], [], [], [], [], [], [], [], [], [], [], [], [], [], [], [], [], [], [], [], [], [], [], [], [], [], [], [], [], [], [], [], [], [], [], [], [], [], [], [], [], [], [], [], [], [], [], [], [], [], [], [], [], [], [], [], [], [], [], [], [], [], [], [], ['IEA'], [], ['ISS'], ['IBA', 'IEA'], [], [], [], [], [], [], [], [], [], [], [], [], [], [], [], [], [], [], [], [], [], [], [], [], [], [], [], [], [], [], [], [], [], [], [], [], [], [], [], [], []]",cellular response to monoamine stimulus,GO:0071868,0.0002616188875379946,"['GO:0071867', 'GO:1901699']",0.03529411764705882,query_1,170,0.10344827586206896,True,GO:BP,58,15805,1
"""Any process that results in a change in state or activity of a cell (in terms of movement, secretion, enzyme production, gene expression, etc.) as a result of a catecholamine stimulus. A catecholamine is any of a group of biogenic amines that includes 4-(2-aminoethyl)pyrocatechol [4-(2-aminoethyl)benzene-1,2-diol] and derivatives formed by substitution."" [GOC:BHF, GOC:mah]",20972,25930,6,"[[], [], [], [], [], [], [], [], [], [], [], [], [], [], [], [], [], [], [], [], [], [], [], [], [], [], [], [], [], [], [], [], [], [], ['IDA', 'IGI', 'ISS', 'IBA', 'IEA'], [], [], [], [], [], [], [], [], [], [], [], [], [], [], [], [], [], [], [], [], [], [], [], [], [], [], [], [], [], [], [], [], [], ['IBA', 'TAS'], ['IDA', 'IEA'], [], [], [], [], [], [], [], [], [], [], [], [], [], [], [], [], [], [], [], [], [], [], [], [], [], [], [], [], [], [], [], [], [], [], [], [], [], [], [], [], [], [], [], [], [], [], [], [], [], [], [], [], [], [], [], [], [], [], [], [], [], [], [], [], ['IEA'], [], ['ISS'], ['IBA', 'IEA'], [], [], [], [], [], [], [], [], [], [], [], [], [], [], [], [], [], [], [], [], [], [], [], [], [], [], [], [], [], [], [], [], [], [], [], [], [], [], [], [], []]",cellular response to catecholamine stimulus,GO:0071870,0.0002616188875379946,"['GO:0071868', 'GO:0071869', 'GO:1901701']",0.03529411764705882,query_1,170,0.10344827586206896,True,GO:BP,58,15807,1
"""Any process that modulates the frequency, rate or extent of transcription mediated by RNA polymerase II."" [GOC:go_curators, GOC:txnOH]",20972,12149,43,"[[], [], [], [], [], [], [], [], [], [], [], [], [], [], [], [], [], [], [], [], [], [], [], ['IMP'], [], [], [], [], [], ['IDA', 'IBA', 'IEA'], [], [], ['IMP', 'ISS', 'IBA', 'IEA'], [], ['IEA'], [], [], [], ['IEA'], ['IMP', 'ISS', 'IEA'], [], [], ['IBA'], [], ['IDA', 'IBA', 'IEA'], ['IDA', 'IMP', 'IBA', 'IEA'], [], [], [], [], [], [], [], [], ['IDA', 'IMP', 'ISS', 'IBA', 'IEA'], [], [], [], [], [], [], [], [], [], [], [], ['IDA', 'IBA', 'IEA'], [], [], [], ['IMP', 'ISS', 'IBA', 'IEA'], [], ['IDA', 'IBA'], ['IGI', 'ISS', 'IBA', 'IEA'], [], [], [], ['IDA', 'IBA'], [], [], [], [], [], [], [], [], [], ['IBA', 'IEA'], ['IEA'], [], [], [], [], ['IBA', 'NAS', 'IEA'], [], [], [], ['IDA', 'IMP', 'IBA', 'IEA'], ['IDA'], [], ['IMP'], ['ISS'], ['IBA', 'IEA'], [], [], ['IDA', 'IBA', 'IEA'], ['IBA', 'TAS', 'IEA'], ['IBA', 'IEA'], [], [], [], [], [], [], [], [], [], [], ['IBA', 'IEA'], [], [], [], ['IEA'], [], [], [], ['IEA'], ['IBA'], [], [], [], [], [], [], [], [], [], [], [], [], ['ISS', 'IBA', 'IEA'], [], [], ['IMP', 'IBA'], ['IDA', 'IMP', 'IBA', 'IEA'], ['IDA', 'IBA', 'IEA'], [], [], [], ['IBA', 'IEA'], [], [], [], [], [], [], [], [], [], [], [], [], ['IBA', 'IEA'], [], ['IDA', 'IBA', 'IEA'], [], [], ['IBA'], ['IDA', 'IMP', 'ISS', 'IBA', 'IEA'], [], [], [], [], [], [], ['IDA', 'IBA', 'IEA'], ['IDA', 'ISS', 'IBA'], ['IDA', 'ISS', 'IBA'], ['IBA']]",regulation of transcription by RNA polymerase II,GO:0006357,0.0002616188875379946,"['GO:0006355', 'GO:0006366']",0.2529411764705882,query_1,170,0.015997023809523808,True,GO:BP,2688,2026,1
"""Any process that stops, prevents, or reduces the frequency, rate or extent of a cellular process, any of those that are carried out at the cellular level, but are not necessarily restricted to a single cell. For example, cell communication occurs among more than one cell, but occurs at the cellular level."" [GOC:jid]",20972,22080,71,"[[], [], ['TAS'], [], [], [], [], [], [], [], [], [], [], ['IDA', 'IBA', 'IEA'], ['IEA'], [], [], [], [], [], [], [], [], ['IDA'], [], [], [], [], ['IDA', 'IBA'], ['IDA', 'IEA'], [], [], ['IMP', 'ISS', 'IEA'], [], ['IDA', 'ISS', 'IBA', 'NAS', 'IEA'], ['ISS', 'IEA'], ['IMP'], [], ['IDA', 'IEA'], ['IMP', 'ISS', 'IEA'], [], ['IDA'], [], ['IDA'], ['IDA'], ['IDA'], [], [], [], ['IDA', 'ISS', 'IEA'], [], ['IMP', 'IGI', 'ISS'], [], [], ['IDA', 'ISS', 'IEA'], ['IEA'], [], [], [], [], [], [], ['IEA'], ['IEA'], ['ISO'], ['TAS'], ['IDA', 'IEA'], [], ['IEA'], [], ['IDA', 'ISS', 'IBA', 'IEA'], [], ['IDA'], ['ISS', 'IEA'], ['IEA'], [], [], ['IDA', 'IBA'], [], [], [], [], [], [], [], [], [], [], ['IEA'], [], [], ['ISS', 'IEA'], [], ['IDA', 'ISS', 'NAS', 'IEA'], [], [], [], ['IDA', 'IMP', 'IGI', 'ISS'], ['IDA', 'IMP', 'NAS'], [], [], ['ISS', 'IEA'], [], [], [], ['ISS', 'IEA'], ['ISS', 'IEA'], [], ['IDA', 'ISS', 'IEA'], ['IEA'], [], [], ['IDA', 'ISS', 'TAS', 'IEA'], [], [], ['ISS'], [], [], ['IDA', 'IMP', 'ISS', 'TAS', 'IEA'], ['IEA'], ['IMP'], [], [], [], [], [], [], [], [], ['IDA'], ['ISS', 'IEA'], ['IEA'], ['IDA', 'IMP'], [], ['IEA'], ['IEA'], ['IEA'], ['IEA'], [], ['IDA'], ['ISS', 'IEA'], [], ['ISS'], [], ['IDA', 'IMP'], ['IEA'], [], [], [], ['IDA', 'ISS'], [], [], [], [], [], [], ['IEA'], ['IBA'], [], [], [], [], ['IDA'], [], ['IBA', 'IEA'], [], [], ['IDA'], ['IDA', 'IMP', 'ISS', 'IEA'], [], ['ISS'], [], ['IEA'], [], [], ['IDA', 'ISS', 'NAS', 'IEA'], ['IDA', 'ISS'], ['IDA'], []]",negative regulation of cellular process,GO:0048523,0.00026962978683962597,"['GO:0009987', 'GO:0048519', 'GO:0050794']",0.4176470588235294,query_1,170,0.012885662431941924,True,GO:BP,5510,11957,1
"""Any process that results in a change in state or activity of a cell or an organism (in terms of movement, secretion, enzyme production, gene expression, etc.) as a result of a monoamine stimulus. A monoamine is any of a group of molecular messengers that contain one amino group that is connected to an aromatic ring by ethylene group (-CH2-CH2-). Monoamines are derived from the aromatic amino acids phenylalanine, tyrosine, histidine and tryptophan."" [GOC:mah]",20972,25927,6,"[[], [], [], [], [], [], [], [], [], [], [], [], [], [], [], [], [], [], [], [], [], [], [], [], [], [], [], [], [], [], [], [], [], [], ['IDA', 'IGI', 'ISS', 'IBA', 'IEA'], [], [], [], [], [], [], [], [], [], [], [], [], [], [], [], [], [], [], [], [], [], [], [], [], [], [], [], [], [], [], [], [], [], ['IBA', 'TAS'], ['IDA', 'IEA'], [], [], [], [], [], [], [], [], [], [], [], [], [], [], [], [], [], [], [], [], [], [], [], [], [], [], [], [], [], [], [], [], [], [], [], [], [], [], [], [], [], [], [], [], [], [], [], [], [], [], [], [], [], [], [], [], [], [], [], [], [], [], [], [], ['IEA'], [], ['ISS'], ['IBA', 'IEA'], [], [], [], [], [], [], [], [], [], [], [], [], [], [], [], [], [], [], [], [], [], [], [], [], [], [], [], [], [], [], [], [], [], [], [], [], [], [], [], [], []]",response to monoamine,GO:0071867,0.0003063938007851084,['GO:1901698'],0.03529411764705882,query_1,170,0.1,True,GO:BP,60,15804,1
"""Any process that modulates the frequency, rate or extent of the directed movement of charged atoms or small charged molecules into, out of or within a cell, or between cells, by means of some agent such as a transporter or pore."" [GOC:jl]",20972,20048,14,"[[], [], [], [], [], [], [], [], [], [], ['IEA'], [], [], [], [], [], [], ['TAS'], [], [], [], [], [], [], [], [], [], [], [], [], [], [], [], [], ['ISS', 'IBA', 'IEA'], [], [], [], [], [], [], [], [], [], [], [], [], [], [], [], [], [], [], [], [], [], [], ['IBA', 'IEA'], [], [], [], [], ['ISS', 'ISO'], [], [], [], [], [], ['IEA'], [], [], [], [], [], [], [], [], ['ISS', 'IBA'], ['ISS', 'IBA', 'IEA'], ['IBA'], [], ['IDA', 'ISS', 'IEA'], ['ISS'], [], [], [], [], [], [], [], [], [], [], [], [], [], ['IEA'], [], [], [], [], [], [], [], [], [], [], [], [], [], [], [], [], [], [], [], [], [], [], [], [], [], [], [], [], [], [], [], [], [], [], [], [], [], ['IEA'], [], [], ['IEA'], [], [], [], [], [], [], [], [], [], [], [], [], [], [], [], [], [], [], [], [], [], [], [], [], [], [], [], [], [], [], [], [], [], [], [], [], [], [], [], [], []]",regulation of monoatomic ion transport,GO:0043269,0.0003063938007851084,"['GO:0006811', 'GO:0051049']",0.08235294117647059,query_1,170,0.0332541567695962,True,GO:BP,421,9925,1
"""Any process that results in a change in state or activity of a cell or an organism (in terms of movement, secretion, enzyme production, gene expression, etc.) as a result of a catecholamine stimulus. A catecholamine is any of a group of biogenic amines that includes 4-(2-aminoethyl)pyrocatechol [4-(2-aminoethyl)benzene-1,2-diol] and derivatives formed by substitution."" [GOC:BHF, GOC:mah]",20972,25929,6,"[[], [], [], [], [], [], [], [], [], [], [], [], [], [], [], [], [], [], [], [], [], [], [], [], [], [], [], [], [], [], [], [], [], [], ['IDA', 'IGI', 'ISS', 'IBA', 'IEA'], [], [], [], [], [], [], [], [], [], [], [], [], [], [], [], [], [], [], [], [], [], [], [], [], [], [], [], [], [], [], [], [], [], ['IBA', 'TAS'], ['IDA', 'IEA'], [], [], [], [], [], [], [], [], [], [], [], [], [], [], [], [], [], [], [], [], [], [], [], [], [], [], [], [], [], [], [], [], [], [], [], [], [], [], [], [], [], [], [], [], [], [], [], [], [], [], [], [], [], [], [], [], [], [], [], [], [], [], [], [], ['IEA'], [], ['ISS'], ['IBA', 'IEA'], [], [], [], [], [], [], [], [], [], [], [], [], [], [], [], [], [], [], [], [], [], [], [], [], [], [], [], [], [], [], [], [], [], [], [], [], [], [], [], [], []]",response to catecholamine,GO:0071869,0.0003063938007851084,"['GO:0071867', 'GO:1901700']",0.03529411764705882,query_1,170,0.1,True,GO:BP,60,15806,1
"""Any process that activates or increases the frequency, rate or extent of the chemical reactions and pathways resulting in the formation of substances."" [GOC:go_curators]",20972,13713,42,"[[], [], [], ['IDA'], [], [], [], [], [], [], [], [], [], [], [], [], [], [], [], [], [], [], [], ['IMP'], [], [], [], [], [], ['ISS', 'IEA'], [], [], ['IMP', 'ISS', 'IEA'], [], ['IDA', 'IEA'], [], [], [], [], [], [], ['IDA'], [], [], ['IDA', 'IEA'], ['IMP', 'IEA'], [], [], [], [], [], [], [], [], ['IDA', 'IMP', 'IEA'], [], [], [], [], [], [], [], [], [], [], [], ['IDA'], [], ['IDA', 'IEA'], [], ['ISS'], [], ['IEA'], ['IGI', 'ISS', 'IBA', 'IEA'], [], [], [], [], [], [], [], [], [], [], [], [], [], [], ['IEA'], ['IMP', 'ISS', 'IEA'], [], [], [], ['ISS', 'IEA'], [], ['IMP'], [], ['IDA', 'IMP', 'IBA', 'IEA'], ['IDA'], [], ['IMP'], ['ISS'], [], [], [], ['IDA', 'ISS', 'IBA', 'IEA'], ['IBA', 'IEA'], ['IBA', 'IEA'], [], [], [], [], [], [], [], ['ISS'], [], [], ['ISS', 'IEA'], [], [], [], ['IEA'], [], [], [], [], [], [], [], ['ISS', 'IEA'], ['ISS', 'NAS', 'IEA'], [], ['ISS', 'IEA'], [], [], [], [], [], [], ['ISS', 'IEA'], [], [], ['IMP'], [], ['IDA', 'IEA'], [], [], [], ['IEA'], [], [], [], [], [], [], [], [], [], [], [], [], ['IEA'], [], ['IDA', 'IBA', 'IEA'], [], [], [], ['IDA', 'IMP', 'IEA'], [], ['ISS'], [], [], [], [], ['IDA', 'IEA'], ['IDA'], ['IDA', 'ISS'], []]",positive regulation of biosynthetic process,GO:0009891,0.0003737479887155003,"['GO:0009058', 'GO:0009889', 'GO:0009893']",0.24705882352941178,query_1,170,0.015879017013232515,True,GO:BP,2645,3590,1
"""Any process that activates or increases the frequency, rate or extent of cellular DNA-templated transcription."" [GOC:go_curators, GOC:txnOH]",20972,21039,31,"[[], [], [], [], [], [], [], [], [], [], [], [], [], [], [], [], [], [], [], [], [], [], [], ['IMP'], [], [], [], [], [], [], [], [], ['IMP', 'ISS', 'IEA'], [], ['IEA'], [], [], [], [], [], [], [], [], [], ['IDA', 'IEA'], ['IMP', 'IEA'], [], [], [], [], [], [], [], [], ['IDA', 'IMP', 'IEA'], [], [], [], [], [], [], [], [], [], [], [], ['IDA'], [], [], [], ['ISS'], [], [], ['IGI', 'ISS', 'IBA', 'IEA'], [], [], [], [], [], [], [], [], [], [], [], [], [], [], ['IEA'], [], [], [], [], ['ISS', 'IEA'], [], [], [], ['IDA', 'IMP', 'IBA', 'IEA'], ['IDA'], [], ['IMP'], ['ISS'], [], [], [], ['IDA', 'ISS', 'IBA', 'IEA'], ['IBA', 'IEA'], ['IBA', 'IEA'], [], [], [], [], [], [], [], [], [], [], ['IEA'], [], [], [], ['IEA'], [], [], [], [], [], [], [], ['ISS', 'IEA'], [], [], [], [], [], [], [], [], [], ['ISS', 'IEA'], [], [], ['IMP'], [], ['IDA', 'IEA'], [], [], [], ['IEA'], [], [], [], [], [], [], [], [], [], [], [], [], ['IEA'], [], ['IDA', 'IBA', 'IEA'], [], [], [], ['IDA', 'IMP', 'IEA'], [], [], [], [], [], [], ['IDA', 'IEA'], ['IDA'], ['IDA', 'ISS'], []]",positive regulation of DNA-templated transcription,GO:0045893,0.0003737479887155003,"['GO:0006351', 'GO:0006355', 'GO:1902680']",0.18235294117647058,query_1,170,0.01854066985645933,True,GO:BP,1672,10916,1
"""The process whose specific outcome is the progression of a sensory system over time from its formation to the mature structure."" [GOC:dgh]",20972,22390,14,"[[], [], [], [], [], [], [], [], [], [], [], [], [], [], [], [], [], [], [], [], [], [], [], [], [], [], [], [], [], [], [], [], ['ISS', 'IEA'], [], ['ISS', 'IEA'], ['ISS', 'IEA'], [], [], [], [], [], [], [], [], [], [], [], [], [], [], [], [], [], [], [], [], [], [], [], [], [], [], [], [], ['IEA'], [], [], [], [], [], [], [], [], ['ISS', 'IEA'], [], [], [], [], [], [], [], [], [], [], [], [], [], [], [], [], [], [], [], [], [], [], [], [], [], [], [], [], [], [], [], ['ISS', 'IEA'], [], [], [], [], [], [], [], [], [], [], [], [], [], [], [], [], ['IBA'], [], [], [], [], [], [], ['IEA'], [], [], [], [], [], [], [], [], [], [], ['ISS', 'IEA'], [], [], ['IDA'], [], [], [], [], [], ['IDA', 'ISS', 'IBA'], ['IEA'], [], [], [], [], [], [], [], [], [], [], [], [], [], ['IEA'], [], [], [], ['IMP'], [], [], [], [], [], [], [], [], [], []]",sensory system development,GO:0048880,0.0003737479887155003,['GO:0048731'],0.08235294117647059,query_1,170,0.03263403263403263,True,GO:BP,429,12267,1
"""The aggregation, arrangement and bonding together of a set of components to form a synapse. This process ends when the synapse is mature (functional)."" [GOC:mah]",20972,12898,11,"[[], [], [], [], [], [], [], [], [], [], [], [], [], [], [], [], [], [], ['ISS', 'IEA'], [], [], [], [], [], [], [], [], [], [], ['ISS', 'IEA'], [], [], [], [], ['ISS', 'IEA'], ['ISS'], [], [], [], [], [], [], [], [], [], [], [], [], [], [], [], [], ['IEA'], [], [], [], [], [], [], [], [], [], [], [], [], [], [], [], [], [], [], [], [], [], [], [], [], [], [], [], [], [], [], [], [], [], [], [], [], [], [], ['IBA', 'IEA'], ['IBA', 'IEA'], [], [], [], [], ['ISS'], [], [], [], [], [], [], [], [], [], [], [], [], [], [], ['IEA'], [], [], [], [], [], [], [], [], [], [], [], [], [], [], [], [], ['IEA'], [], [], [], [], [], [], [], [], [], [], [], [], [], [], [], [], [], [], [], [], [], [], [], [], [], ['IDA', 'IMP', 'IBA', 'IEA'], [], [], [], [], [], [], [], [], [], [], [], [], [], [], [], [], [], [], [], [], [], [], []]",synapse assembly,GO:0007416,0.0003737479887155003,"['GO:0007399', 'GO:0034329', 'GO:0050808']",0.06470588235294118,query_1,170,0.041353383458646614,True,GO:BP,266,2775,1
"""Any process that activates or increases the frequency, rate or extent of RNA biosynthetic process."" [GO:jl, GO_REF:0000058, GOC:TermGenie]",20972,31018,31,"[[], [], [], [], [], [], [], [], [], [], [], [], [], [], [], [], [], [], [], [], [], [], [], ['IMP'], [], [], [], [], [], [], [], [], ['IMP', 'ISS', 'IEA'], [], ['IEA'], [], [], [], [], [], [], [], [], [], ['IDA', 'IEA'], ['IMP', 'IEA'], [], [], [], [], [], [], [], [], ['IDA', 'IMP', 'IEA'], [], [], [], [], [], [], [], [], [], [], [], ['IDA'], [], [], [], ['ISS'], [], [], ['IGI', 'ISS', 'IBA', 'IEA'], [], [], [], [], [], [], [], [], [], [], [], [], [], [], ['IEA'], [], [], [], [], ['ISS', 'IEA'], [], [], [], ['IDA', 'IMP', 'IBA', 'IEA'], ['IDA'], [], ['IMP'], ['ISS'], [], [], [], ['IDA', 'ISS', 'IBA', 'IEA'], ['IBA', 'IEA'], ['IBA', 'IEA'], [], [], [], [], [], [], [], [], [], [], ['IEA'], [], [], [], ['IEA'], [], [], [], [], [], [], [], ['ISS', 'IEA'], [], [], [], [], [], [], [], [], [], ['ISS', 'IEA'], [], [], ['IMP'], [], ['IDA', 'IEA'], [], [], [], ['IEA'], [], [], [], [], [], [], [], [], [], [], [], [], ['IEA'], [], ['IDA', 'IBA', 'IEA'], [], [], [], ['IDA', 'IMP', 'IEA'], [], [], [], [], [], [], ['IDA', 'IEA'], ['IDA'], ['IDA', 'ISS'], []]",positive regulation of RNA biosynthetic process,GO:1902680,0.0003737479887155003,"['GO:0010557', 'GO:0032774', 'GO:0051254', 'GO:2001141']",0.18235294117647058,query_1,170,0.018518518518518517,True,GO:BP,1674,20895,1
"""The series of molecular signals initiated by an extracellular ligand binding to a receptor located on the cell surface. The pathway ends with regulation of a downstream cellular process, e.g. transcription."" [GOC:signaling]",20972,12719,44,"[[], [], ['IEA'], [], [], [], ['IBA', 'IEA'], ['IEA'], [], [], [], [], [], [], ['IDA', 'IEA'], [], [], [], [], [], [], [], [], ['IMP'], [], [], [], [], [], ['ISS', 'IEA'], [], [], ['IMP', 'IEA'], [], ['NAS', 'IEA'], ['IEA'], [], [], ['IEA'], ['TAS', 'IEA'], [], [], [], ['IDA', 'IBA', 'IEA'], [], [], [], [], [], [], [], ['ISS'], ['ISS', 'IEA'], [], ['ISS', 'IBA', 'IEA'], ['IBA', 'IEA'], [], [], [], ['IDA', 'TAS', 'IEA'], [], [], ['ISS', 'ISO', 'IBA', 'TAS', 'IEA'], ['IDA', 'IBA', 'IEA'], [], ['TAS'], ['IDA'], [], [], ['IEA'], [], [], [], ['IEA'], ['TAS'], [], [], [], [], [], [], [], [], [], [], [], [], [], [], [], [], [], [], [], ['TAS'], [], ['IEA'], ['ISS'], ['IDA', 'ISS', 'IBA', 'NAS', 'IEA'], [], [], [], [], [], [], ['IEA'], [], [], ['IMP', 'ISS', 'TAS', 'IEA'], ['IDA', 'IEA'], [], [], ['IDA', 'IMP', 'IBA', 'IEA'], [], [], [], [], [], ['IDA', 'ISS', 'IEA'], [], ['IMP', 'TAS'], [], [], [], [], [], [], [], [], ['IDA', 'NAS', 'IEA'], [], [], ['IDA', 'IMP'], ['IMP', 'ISS', 'IEA'], ['IEA'], [], [], [], [], [], [], ['IDA', 'IBA', 'NAS', 'IEA'], ['ISS'], [], [], [], [], [], ['IBA', 'TAS'], [], [], [], [], [], [], [], [], [], [], ['IEA'], [], [], [], ['ISS', 'IBA', 'IEA'], [], [], [], [], [], [], [], ['IEA'], [], [], [], [], [], [], []]",cell surface receptor signaling pathway,GO:0007166,0.0003783511125819665,['GO:0007165'],0.25882352941176473,query_1,170,0.015525758645024701,True,GO:BP,2834,2596,1
"""The process in which a relatively unspecialized cell acquires specialized features of a neuron whose cell body resides in the central nervous system."" [GO_REF:0000021, GOC:cls, GOC:dgh, GOC:dph, GOC:jid]",20972,16200,10,"[[], [], [], [], [], [], [], [], [], [], [], [], [], [], [], [], [], [], [], [], [], [], [], [], [], [], [], [], [], [], [], [], ['ISS', 'IEA'], [], ['ISS', 'IEA'], [], [], [], [], [], [], ['IEA'], ['IEA'], [], [], [], [], [], [], [], [], [], [], [], [], [], [], [], [], [], [], [], [], [], [], [], [], [], [], [], [], [], [], ['ISS', 'IEA'], [], [], [], [], [], [], [], [], [], [], [], [], [], ['IBA'], ['IEA'], [], [], [], [], [], [], [], [], [], [], [], [], [], [], [], [], ['ISS', 'IEA'], [], [], [], [], [], [], [], [], [], [], [], [], [], [], [], [], [], [], [], [], [], [], [], [], [], [], [], [], [], [], [], [], [], [], ['ISS'], [], [], [], [], [], [], [], [], [], [], [], [], [], [], [], [], [], [], [], [], [], ['IBA', 'IEA'], [], [], [], [], [], [], [], [], [], [], [], [], [], [], [], []]",central nervous system neuron differentiation,GO:0021953,0.00037839620113675897,"['GO:0007417', 'GO:0030182']",0.058823529411764705,query_1,170,0.045871559633027525,True,GO:BP,218,6077,1
"""A multicellular organismal process carried out by any of the organs or tissues in an organ system. An organ system is a regularly interacting or interdependent group of organs or tissues that work together to carry out a biological objective."" [GOC:mtg_cardio]",20972,11533,38,"[[], [], [], [], [], [], [], [], ['IEA'], [], [], [], [], [], [], [], [], ['TAS'], [], [], [], [], [], [], [], [], [], [], ['IDA', 'IBA', 'TAS'], ['IMP', 'ISS', 'IEA'], [], [], [], [], ['ISS', 'NAS', 'IEA'], [], [], ['ISS', 'IEA'], [], ['IMP', 'IBA', 'IEA'], [], ['IEA'], [], [], [], [], [], [], [], [], [], [], [], [], ['ISS'], [], [], [], [], [], [], [], ['ISS', 'ISO', 'IBA', 'TAS', 'IEA'], [], ['NAS', 'IEA'], [], [], ['IEA'], ['IEA'], ['IEA'], ['ISS'], [], [], ['ISS', 'IEA'], ['IEA'], [], [], [], [], [], [], [], [], [], [], [], ['IBA'], [], [], [], [], [], [], [], [], [], [], ['ISS'], ['ISS'], [], [], [], [], [], ['IEA'], ['ISS', 'IEA'], ['IEA'], [], [], [], [], [], ['IEA'], [], [], [], [], ['IBA', 'IEA'], [], [], [], [], ['IEA'], [], [], [], [], ['TAS'], [], [], [], ['ISS', 'IEA'], [], [], ['IEA'], [], [], ['IEA'], [], [], ['IEA'], [], [], [], [], [], [], [], [], ['TAS'], [], [], ['TAS'], [], [], [], [], [], [], ['IEA'], [], ['ISS'], ['IEA'], [], ['IEA'], [], [], ['ISS'], [], [], [], [], [], [], [], [], [], [], []]",system process,GO:0003008,0.00039700579699116336,['GO:0032501'],0.2235294117647059,query_1,170,0.016593886462882096,True,GO:BP,2290,1410,1
"""The process whose specific outcome is the progression of sensory organs over time, from its formation to the mature structure."" [GOC:go_curators]",20972,12905,17,"[[], [], [], [], [], [], [], [], [], [], [], [], [], [], ['IEA'], [], [], [], [], [], [], [], [], [], [], [], [], [], [], [], [], [], ['ISS', 'IEA'], [], ['ISS', 'IEA'], ['ISS', 'IEA'], [], [], [], [], [], [], [], [], [], [], [], [], [], [], [], [], [], [], [], [], [], [], [], [], [], [], [], [], ['IEA'], [], [], [], [], [], [], [], [], [], [], [], [], [], [], [], [], [], [], [], [], [], [], [], [], [], [], [], [], ['TAS', 'IEA'], [], [], [], [], [], [], [], [], [], [], [], ['ISS', 'IBA', 'IEA'], ['IBA'], ['IBA'], [], [], [], [], [], [], [], [], [], [], [], [], [], [], ['IBA'], [], [], [], [], [], [], ['IEA'], [], [], [], [], [], [], [], [], [], [], ['ISS', 'IEA'], [], [], ['IDA'], [], [], [], [], [], ['IDA', 'ISS', 'IBA'], ['IEA'], [], [], [], [], [], [], [], [], [], [], [], [], [], ['IEA'], [], [], [], ['IMP', 'TAS'], [], [], [], [], [], [], [], [], [], []]",sensory organ development,GO:0007423,0.0004271366639706217,['GO:0048513'],0.1,query_1,170,0.0272,True,GO:BP,625,2782,1
"""A cellular process that results in the aggregation, arrangement and bonding together of a set of components to form a cell junction."" [GOC:mah]",20972,18121,15,"[[], [], [], [], [], [], [], [], [], [], [], [], [], [], [], [], [], [], ['ISS', 'IEA'], [], [], [], ['IBA'], ['IBA'], [], [], [], [], [], ['ISS', 'IEA'], [], [], [], [], ['ISS', 'IEA'], ['ISS'], ['IMP', 'ISS'], [], [], [], [], [], [], ['IDA'], [], [], [], [], [], [], [], [], ['IEA'], [], [], [], [], [], [], [], [], [], [], [], [], [], [], [], [], [], [], [], [], [], [], [], [], [], [], [], [], [], [], [], [], [], [], [], [], [], [], ['IBA', 'IEA'], ['IBA', 'IEA'], [], [], [], [], ['ISS'], [], [], [], [], [], [], [], [], [], [], [], [], [], [], ['IEA'], [], [], [], [], [], [], [], [], [], [], [], [], [], [], [], [], ['IEA'], [], [], [], [], [], [], [], [], [], [], [], [], [], [], [], [], [], [], [], [], [], [], [], [], [], ['IDA', 'IMP', 'IBA', 'IEA'], [], [], [], [], [], [], [], [], [], [], [], [], [], [], [], [], [], [], [], [], [], [], []]",cell junction assembly,GO:0034329,0.0005523061784532032,"['GO:0022607', 'GO:0034330']",0.08823529411764706,query_1,170,0.029469548133595286,True,GO:BP,509,7998,1
"""Any process that stops, prevents, or reduces the frequency, rate or extent of a biological process. Biological processes are regulated by many means; examples include the control of gene expression, protein modification or interaction with a protein or substrate molecule."" [GOC:jid]",20972,22076,72,"[[], [], ['TAS'], [], [], [], [], [], [], [], [], [], [], ['IDA', 'IBA', 'IEA'], ['IEA'], [], [], [], [], [], [], [], [], ['IDA'], [], [], [], [], ['IDA', 'IBA'], ['IDA', 'IEA'], [], [], ['IMP', 'ISS', 'IEA'], [], ['IDA', 'ISS', 'IBA', 'NAS', 'IEA'], ['ISS', 'IEA'], ['IMP'], [], ['IDA', 'IEA'], ['IMP', 'ISS', 'IEA'], [], ['IDA'], [], ['IDA'], ['IDA'], ['IDA'], [], [], [], ['IDA', 'ISS', 'IC', 'IEA'], [], ['IMP', 'IGI', 'ISS'], [], [], ['IDA', 'ISS', 'IEA'], ['IEA'], [], [], [], [], [], [], ['IEA'], ['IEA'], ['ISO', 'IEA'], ['TAS'], ['IDA', 'IEA'], [], ['IEA'], [], ['IDA', 'ISS', 'IBA', 'IEA'], [], ['IDA'], ['ISS', 'IEA'], ['IEA'], [], [], ['IDA', 'IBA'], [], [], [], [], [], [], [], [], [], [], ['IEA'], [], [], ['IDA', 'ISS', 'IEA'], [], ['IDA', 'ISS', 'NAS', 'IEA'], [], [], [], ['IDA', 'IMP', 'IGI', 'ISS'], ['IDA', 'IMP', 'NAS'], [], [], ['ISS', 'IEA'], [], [], [], ['ISS', 'IEA'], ['ISS', 'IEA'], [], ['IDA', 'ISS', 'IEA'], ['IEA'], [], [], ['IDA', 'ISS', 'TAS', 'IEA'], [], [], ['ISS'], [], [], ['IDA', 'IMP', 'ISS', 'TAS', 'IEA'], ['IEA'], ['IMP'], [], [], [], [], [], [], [], [], ['IDA'], ['ISS', 'IEA'], ['IEA'], ['IDA', 'IMP'], [], ['IEA'], ['IEA'], ['IEA'], ['IEA'], [], ['IDA'], ['ISS', 'IEA'], ['IEA'], ['ISS'], [], ['IDA', 'IMP'], ['IEA'], [], [], [], ['IDA', 'ISS'], [], [], [], [], [], [], ['IEA'], ['IBA'], [], [], [], [], ['IDA'], [], ['IBA', 'IEA'], [], [], ['IDA'], ['IDA', 'IMP', 'ISS', 'IEA'], [], ['ISS'], [], ['IEA'], [], [], ['IDA', 'ISS', 'NAS', 'IEA'], ['IDA', 'ISS'], ['IDA'], []]",negative regulation of biological process,GO:0048519,0.0005684334429099364,"['GO:0008150', 'GO:0050789']",0.4235294117647059,query_1,170,0.012515209455936033,True,GO:BP,5753,11953,1
"""Any process that activates or increases the rate or extent of development, the biological process whose specific outcome is the progression of an organism over time from an initial condition (e.g. a zygote, or a young adult) to a later condition (e.g. a multicellular animal or an aged adult)."" [GOC:ai]",20972,22735,26,"[[], [], [], [], [], [], [], [], [], [], [], [], [], [], ['IGI'], [], [], [], [], [], [], [], [], [], [], [], [], [], [], ['ISS', 'IEA'], [], [], ['ISS', 'IEA'], [], ['ISS', 'IEA'], ['IDA', 'IBA', 'IEA'], [], [], ['IDA'], [], [], [], [], [], [], ['IEA'], [], [], [], [], [], [], ['IEA'], [], [], [], [], [], [], [], [], [], [], [], [], [], [], [], ['IEA'], [], ['ISS'], [], [], ['ISS', 'IEA'], ['IEA'], [], [], [], [], [], [], [], [], [], [], [], [], [], [], ['IMP', 'IEA'], [], [], [], [], [], [], [], ['IDA', 'IMP', 'ISS'], [], [], [], [], [], [], [], ['ISS', 'IEA'], ['ISS', 'IEA'], [], [], [], [], [], ['IEA'], [], [], ['ISS'], [], [], ['IEA'], [], [], [], [], ['IMP'], [], [], [], [], [], [], [], ['ISS', 'IEA'], [], [], [], [], [], [], [], [], [], [], [], [], [], [], [], [], [], [], [], [], [], [], [], ['IMP', 'IBA', 'IEA'], [], [], [], [], [], [], [], ['ISS', 'IEA'], [], [], [], [], ['IMP', 'NAS', 'IEA'], [], [], [], [], [], [], ['IDA', 'IMP', 'IEA'], [], ['IDA'], []]",positive regulation of developmental process,GO:0051094,0.0005747605029744788,"['GO:0032502', 'GO:0048518', 'GO:0050793']",0.15294117647058825,query_1,170,0.01992337164750958,True,GO:BP,1305,12612,1
"""The process in which a monoatomic cation is transported across a membrane. Monatomic cations (also called simple cations) are positively charged ions consisting of exactly one atom."" [GOC:dos, GOC:vw]",20972,27699,20,"[[], [], [], [], [], [], [], [], [], [], ['ISO', 'IBA', 'IEA'], [], [], [], [], [], [], [], [], [], [], [], [], [], [], [], [], [], [], [], [], [], [], [], ['ISS'], [], [], [], [], ['IEA'], [], [], [], [], [], [], [], [], [], [], [], [], [], [], [], [], [], ['IBA'], [], [], [], [], ['IDA', 'IMP', 'ISS', 'ISO', 'IEA'], [], ['IMP', 'ISS', 'IBA', 'NAS', 'IEA'], [], [], [], ['IDA', 'IMP', 'IBA'], [], [], [], [], [], [], ['IDA', 'IBA', 'IEA'], ['IBA', 'IEA'], ['ISS', 'IBA', 'IEA'], ['ISS', 'IBA', 'IEA'], ['IBA'], ['IBA', 'IEA'], ['IDA', 'ISS', 'IBA', 'IEA'], ['ISS', 'IBA', 'IEA'], [], [], [], [], [], [], [], [], [], [], [], [], [], [], [], [], [], [], [], [], [], [], [], [], [], [], [], [], [], [], [], [], [], [], [], [], [], [], [], [], [], [], [], [], [], [], [], [], [], [], [], ['IEA'], [], [], ['IEA'], [], [], [], [], [], [], [], [], [], [], [], [], ['IEA'], ['IEA'], [], ['IDA', 'IMP', 'IBA', 'IEA'], [], [], [], [], [], [], [], [], [], [], [], [], [], [], [], [], [], [], [], [], [], [], [], [], []]",monoatomic cation transmembrane transport,GO:0098655,0.0006717549376693972,"['GO:0006812', 'GO:0034220']",0.11764705882352941,query_1,170,0.023282887077997673,True,GO:BP,859,17576,1
"""The directed movement of monoamines, organic compounds that contain one amino group that is connected to an aromatic ring by an ethylene group (-CH2-CH2-), into, out of or within a cell, or between cells, by means of some agent such as a transporter or pore."" [GOC:mah]",20972,14838,6,"[[], [], [], [], [], [], [], [], [], [], [], [], [], [], [], [], [], [], [], [], [], [], [], [], [], [], [], [], [], [], [], [], [], [], ['ISS', 'IBA', 'IC', 'IEA'], [], [], [], [], [], [], [], [], [], [], [], [], [], [], [], [], [], [], [], [], [], [], [], [], [], [], [], [], ['IEA'], [], [], [], [], ['IEA'], [], [], [], [], [], [], [], [], [], [], [], [], [], [], [], [], [], [], [], [], [], [], [], [], [], [], [], [], [], [], [], [], [], [], [], [], [], [], [], [], [], [], [], [], [], [], [], [], [], [], [], [], [], [], [], [], [], [], [], [], [], [], [], [], [], [], [], [], [], [], [], [], [], [], [], [], [], [], [], [], [], [], ['IDA'], [], [], [], [], [], [], [], ['ISS'], [], [], [], [], [], [], [], [], [], [], ['IBA'], [], [], [], [], [], [], [], []]",monoamine transport,GO:0015844,0.000713468568681554,['GO:0071705'],0.03529411764705882,query_1,170,0.08450704225352113,True,GO:BP,71,4715,1
"""Any process that results in a change in state or activity of a cell or an organism (in terms of movement, secretion, enzyme production, gene expression, etc.) as a result of a cocaine stimulus. Cocaine is a crystalline alkaloid obtained from the leaves of the coca plant."" [GOC:ef, GOC:jl]",20972,19522,5,"[[], [], [], [], [], [], [], [], [], [], [], [], [], [], [], [], [], [], [], [], [], [], [], [], [], [], [], [], ['ISS'], [], [], [], [], [], ['ISS', 'IEA'], [], [], [], [], [], [], [], [], [], [], [], [], [], [], [], [], [], [], [], [], [], [], [], [], [], [], [], [], ['IEA'], [], [], [], [], ['IEA'], [], [], [], [], [], [], [], [], [], [], [], [], [], [], [], [], [], [], [], [], [], [], [], [], [], [], [], [], [], [], [], [], [], [], [], [], [], [], [], [], [], [], [], [], [], [], [], [], [], [], [], [], [], [], [], [], [], [], [], [], [], [], [], [], [], ['IEA'], [], [], [], [], [], [], [], [], [], [], [], [], [], [], [], [], [], [], [], [], [], [], [], [], [], [], [], [], [], [], [], [], [], [], [], [], [], [], [], [], [], [], [], []]",response to cocaine,GO:0042220,0.0007278521165773458,"['GO:0043279', 'GO:1901700']",0.029411764705882353,query_1,170,0.11627906976744186,True,GO:BP,43,9399,1
"""The synthesis of RNA from a DNA template by RNA polymerase II (RNAP II), originating at an RNA polymerase II promoter. Includes transcription of messenger RNA (mRNA) and certain small nuclear RNAs (snRNAs)."" [GOC:jl, GOC:txnOH, ISBN:0321000382]",20972,12156,43,"[[], [], [], [], [], [], [], [], [], [], [], [], [], [], [], [], [], [], [], [], [], [], [], ['IMP'], [], [], [], [], [], ['IDA', 'IBA', 'IEA'], [], [], ['IMP', 'ISS', 'IBA', 'IEA'], [], ['IEA'], [], [], [], ['IEA'], ['IMP', 'ISS', 'IEA'], [], [], ['IBA'], [], ['IDA', 'IBA', 'IEA'], ['IDA', 'IMP', 'IBA', 'IEA'], [], [], [], [], [], [], [], [], ['IDA', 'IMP', 'ISS', 'IBA', 'IEA'], [], [], [], [], [], [], [], [], [], [], [], ['IDA', 'IBA', 'IEA'], [], [], [], ['IMP', 'ISS', 'IBA', 'IEA'], [], ['IDA', 'IBA'], ['IGI', 'ISS', 'IBA', 'IEA'], [], [], [], ['IDA', 'IBA'], [], [], [], [], [], [], [], [], [], ['IBA', 'IEA'], ['IEA'], [], [], [], [], ['IBA', 'NAS', 'IEA'], [], [], [], ['IDA', 'IMP', 'IBA', 'IEA'], ['IDA'], [], ['IMP'], ['ISS'], ['IBA', 'IEA'], [], [], ['IDA', 'IBA', 'IEA'], ['IBA', 'TAS', 'IEA'], ['IBA', 'IEA'], [], [], [], [], [], [], [], [], [], [], ['IBA', 'IEA'], [], [], [], ['IEA'], [], [], [], ['IEA'], ['IBA'], [], [], [], [], [], [], [], [], [], [], [], [], ['ISS', 'IBA', 'IEA'], [], [], ['IMP', 'IBA'], ['IDA', 'IMP', 'IBA', 'IEA'], ['IDA', 'IBA', 'IEA'], [], [], [], ['IBA', 'IEA'], [], [], [], [], [], [], [], [], [], [], [], [], ['IBA', 'IEA'], [], ['IDA', 'IBA', 'IEA'], [], [], ['IBA'], ['IDA', 'IMP', 'ISS', 'IBA', 'IEA'], [], [], [], [], [], [], ['IDA', 'IBA', 'IEA'], ['IDA', 'ISS', 'IBA'], ['IDA', 'ISS', 'IBA'], ['IBA']]",transcription by RNA polymerase II,GO:0006366,0.0007437265734948793,['GO:0006351'],0.2529411764705882,query_1,170,0.015210470463388751,True,GO:BP,2827,2033,1
"""Any process that results in a change in state or activity of a cell or an organism (in terms of movement, secretion, enzyme production, gene expression, etc.) as a result of a stimulus. The process begins with detection of the stimulus and ends with a change in state or activity or the cell or organism."" [GOC:ai, GOC:bf]",20972,22599,100,"[[], [], ['IDA', 'IMP', 'NAS', 'IEA'], [], [], ['ISS', 'IBA', 'IEA'], ['IBA', 'TAS', 'NAS', 'IEA'], ['IBA', 'TAS', 'NAS', 'IEA'], ['IDA', 'IBA', 'TAS', 'IEA'], ['IDA', 'IMP', 'IBA'], ['IEA'], ['IEA'], [], [], ['IDA', 'IEA'], [], [], ['TAS'], [], [], ['TAS', 'IEA'], ['IBA'], [], ['IDA', 'IMP'], [], [], [], [], ['IDA', 'IMP', 'ISS', 'IBA', 'TAS'], ['ISS', 'IEA'], ['IEA'], [], ['IMP', 'IEA'], [], ['IDA', 'IGI', 'ISS', 'IBA', 'NAS', 'IEA'], ['IDA', 'IBA', 'IEA'], ['IMP'], ['TAS'], ['HMP', 'IEA'], ['IDA', 'IMP', 'IBA', 'TAS', 'IEA'], [], [], ['IEA'], ['IDA', 'IMP', 'IBA', 'IEA'], [], ['IDA'], [], [], [], ['ISS', 'IC', 'IEA'], [], ['IDA', 'IMP', 'ISS', 'IEA'], ['ISS', 'IEA'], [], ['IDA', 'ISS', 'IBA', 'IEA'], ['IBA', 'IEA'], [], [], ['IDA', 'TAS', 'IEA'], ['IDA', 'TAS', 'IEA'], ['IEA'], ['IDA', 'IBA', 'IEA'], ['IDA', 'ISS', 'ISO', 'IBA', 'TAS', 'IEA'], ['IDA', 'ISS', 'IBA', 'IEA'], ['IDA', 'IMP', 'ISS', 'IEA'], ['TAS'], ['IDA'], ['IDA', 'ISS', 'IBA', 'IEA'], ['IDA', 'IMP', 'IBA', 'TAS', 'IEA'], ['IDA', 'IEA'], ['ISS'], [], [], ['ISS', 'IEA'], ['ISS', 'IBA', 'TAS'], ['IMP'], [], ['IBA', 'TAS'], ['IBA'], [], [], [], [], [], [], [], [], [], [], ['IMP', 'ISS', 'IC', 'IEA'], [], ['IDA'], [], ['NAS'], ['IBA', 'TAS'], ['IDA', 'IMP', 'IBA', 'IEA'], ['IBA', 'TAS', 'IEA'], ['IDA', 'IMP', 'ISS'], ['IDA', 'IMP', 'ISS', 'IBA', 'TAS', 'NAS', 'IEA'], [], [], ['ISS', 'IEA'], [], [], ['IBA', 'IEA'], ['IMP', 'IEA'], ['ISS', 'IEA'], [], ['IDA', 'IMP', 'ISS', 'IBA', 'TAS', 'IEA'], ['IDA', 'ISS', 'IBA', 'IEA'], [], [], ['IDA', 'IMP', 'ISS', 'IBA', 'TAS', 'IEA'], ['IDA', 'TAS', 'IEA'], ['TAS', 'NAS'], ['ISS', 'IBA'], [], [], ['IDA', 'ISS', 'IEA'], ['IBA', 'NAS', 'IEA'], ['IDA', 'IMP', 'IBA', 'TAS'], [], [], ['IMP'], [], [], [], [], ['IEP', 'IBA'], ['IDA', 'NAS', 'IEA'], [], ['IEP', 'ISS', 'NAS', 'IEA'], ['IDA', 'IMP', 'IBA', 'NAS'], ['IMP', 'ISS', 'IEA'], ['TAS', 'IEA'], ['IBA', 'TAS', 'IEA'], ['ISS', 'TAS', 'IEA'], ['IBA', 'TAS', 'IEA'], ['IMP', 'IBA', 'IEA'], ['IBA', 'IEA'], ['ISS', 'IEA'], ['IDA', 'IBA', 'NAS', 'IEA'], ['ISS', 'TAS'], [], [], [], [], [], ['IBA', 'TAS', 'IEA'], [], [], [], [], ['IBA'], [], [], [], ['IEA'], [], ['IEA'], [], ['ISS', 'IEA'], ['IEA'], ['ISS', 'IBA', 'IEA'], ['IDA', 'IBA', 'IEA'], [], ['TAS'], [], ['IMP', 'ISS', 'IEA'], ['TAS'], ['IDA', 'IBA', 'TAS', 'IEA'], ['IDA', 'IBA', 'TAS', 'IEA'], ['IBA', 'IEA'], [], [], [], [], ['IDA'], []]",response to stimulus,GO:0050896,0.0007711544220136919,['GO:0008150'],0.5882352941176471,query_1,170,0.011048502927853275,True,GO:BP,9051,12476,1
"""The directed movement of nitrogen-containing compounds into, out of or within a cell, or between cells, by means of some agent such as a transporter or pore."" [GOC:mah]",20972,25851,19,"[['IBA'], [], ['IEA'], [], [], [], [], [], [], [], [], [], [], [], [], [], [], ['NAS'], [], [], [], [], [], [], [], [], [], [], ['IDA', 'IBA'], [], [], [], [], [], ['ISS', 'IBA', 'IC', 'IEA'], [], [], [], [], [], [], [], [], [], [], [], [], [], [], [], [], [], [], [], ['ISS', 'IEA'], [], [], [], [], [], [], [], [], ['IEA'], [], [], [], [], ['IEA'], [], [], [], [], ['IDA'], ['IEA'], [], [], [], [], [], [], [], [], [], [], [], [], [], [], [], [], [], [], [], [], [], [], [], [], [], [], [], [], [], [], ['IDA', 'IC'], [], [], [], [], [], [], [], [], [], [], [], [], [], [], [], [], [], [], [], [], [], [], [], [], [], [], [], ['IMP'], ['IEA'], [], [], [], [], [], [], [], [], [], [], [], [], [], [], [], ['ISS', 'IEA'], ['IDA', 'ISS'], [], [], ['IDA', 'IEA'], [], [], [], [], ['ISS', 'TAS', 'IEA'], [], [], [], [], [], [], [], [], [], [], ['ISS', 'IBA'], [], ['IEA'], [], [], [], [], [], []]",nitrogen compound transport,GO:0071705,0.0007711544220136919,['GO:0006810'],0.11176470588235295,query_1,170,0.023809523809523808,True,GO:BP,798,15728,1
"""Any process that modulates the frequency, rate or extent of the directed movement of amines into, out of or within a cell, or between cells, by means of some agent such as a transporter or pore."" [GOC:ai]",20972,23203,6,"[[], [], [], [], [], [], [], [], [], [], [], [], [], [], [], [], [], [], [], [], [], [], [], [], [], [], [], [], [], [], [], [], [], [], ['IBA', 'IEA'], [], [], [], [], [], [], [], [], [], [], [], [], [], [], [], [], [], [], [], [], [], [], [], [], [], [], [], [], ['IEA'], [], [], [], [], ['IEA'], [], [], [], [], [], [], [], [], [], [], [], [], [], [], [], [], [], [], [], [], [], [], [], [], [], [], [], [], [], [], [], [], [], [], [], [], [], [], [], [], [], [], [], [], [], [], [], [], [], [], [], [], [], [], [], [], [], [], [], [], [], [], [], [], [], ['IEA'], [], [], [], [], [], [], [], [], [], [], [], [], [], [], [], [], ['ISS'], [], [], [], [], [], [], [], ['ISS'], [], [], [], [], [], [], [], [], [], [], [], [], [], [], [], [], [], [], []]",regulation of amine transport,GO:0051952,0.0007879421090462084,"['GO:0015837', 'GO:0051049']",0.03529411764705882,query_1,170,0.0821917808219178,True,GO:BP,73,13080,1
"""The regulated release of catecholamines by a cell. The catecholamines are a group of physiologically important biogenic amines that possess a catechol (3,4-dihydroxyphenyl) nucleus and are derivatives of 3,4-dihydroxyphenylethylamine."" [GOC:ai, GOC:ef]",20972,22455,5,"[[], [], [], [], [], [], [], [], [], [], [], [], [], [], [], [], [], [], [], [], [], [], [], [], [], [], [], [], [], [], [], [], [], [], ['IBA', 'IEA'], [], [], [], [], [], [], [], [], [], [], [], [], [], [], [], [], [], [], [], [], [], [], [], [], [], [], [], [], ['IEA'], [], [], [], [], ['IEA'], [], [], [], [], [], [], [], [], [], [], [], [], [], [], [], [], [], [], [], [], [], [], [], [], [], [], [], [], [], [], [], [], [], [], [], [], [], [], [], [], [], [], [], [], [], [], [], [], [], [], [], [], [], [], [], [], [], [], [], [], [], [], [], [], [], [], [], [], [], [], [], [], [], [], [], [], [], [], [], [], [], [], [], [], [], [], [], [], [], [], ['ISS'], [], [], [], [], [], [], [], [], [], [], ['IBA'], [], [], [], [], [], [], [], []]",catecholamine secretion,GO:0050432,0.0007879421090462084,"['GO:0032940', 'GO:0051937']",0.029411764705882353,query_1,170,0.11363636363636363,True,GO:BP,44,12332,1
"""A process that is carried out at the cellular level which results in the assembly, arrangement of constituent parts, or disassembly of a plasma membrane bounded prolongation or process extending from a cell, e.g. a cilium or axon."" [GOC:krc]",20972,28328,29,"[[], [], [], [], [], [], [], [], [], [], [], [], [], [], [], [], [], ['IMP', 'IBA'], [], [], ['ISS'], [], [], ['IDA'], ['ISS'], [], [], [], [], ['ISS', 'IEA'], [], [], [], [], ['ISS', 'IEA'], ['IDA', 'ISS', 'IBA', 'IEA'], [], [], [], [], [], ['IEA'], ['IEA'], ['IMP', 'ISS', 'IBA'], [], [], [], [], [], [], [], [], ['IEA'], [], [], ['IEA'], [], [], [], [], [], [], [], [], [], ['IBA'], [], [], [], [], [], [], [], ['ISS', 'IBA', 'IEA'], ['IBA', 'IEA'], [], [], [], [], [], [], [], [], [], [], [], [], [], ['IEA'], [], [], [], [], [], [], [], [], ['ISS'], [], [], [], [], [], [], [], ['IBA'], ['IBA'], ['IBA'], [], [], ['IBA'], [], ['IDA', 'ISS', 'IEA'], [], [], ['ISS'], [], [], [], [], ['ISS', 'IBA'], [], [], [], [], [], [], [], [], ['IEA'], [], [], ['IBA'], [], [], [], [], [], [], [], [], [], ['ISS', 'TAS'], [], [], [], [], [], [], [], [], [], [], [], [], ['IMP', 'IBA', 'IEA'], [], [], [], [], [], [], ['IBA', 'IEA'], [], [], [], [], [], [], [], [], [], [], [], [], [], [], [], []]",plasma membrane bounded cell projection organization,GO:0120036,0.0007879421090462084,['GO:0030030'],0.17058823529411765,query_1,170,0.018331226295828066,True,GO:BP,1582,18205,1
"""Any process that stops, prevents, or reduces the frequency, rate or extent of glutamatergic synaptic transmission, the process of communication from a neuron to another neuron across a synapse using the neurotransmitter glutamate."" [GOC:ai]",20972,23217,3,"[[], [], [], [], [], [], [], [], [], [], [], [], [], [], [], [], [], [], [], [], [], [], [], [], [], [], [], [], [], [], [], [], [], [], ['ISS', 'IBA', 'IEA'], [], [], [], [], [], [], [], [], [], [], [], [], [], [], [], [], [], [], [], [], [], [], [], [], [], [], [], [], [], ['ISO'], [], [], [], ['IEA'], [], [], [], [], [], [], [], [], [], [], [], [], [], [], [], [], [], [], [], [], [], [], [], [], [], [], [], [], [], [], [], [], [], [], [], [], [], [], [], [], [], [], [], [], [], [], [], [], [], [], [], [], [], [], [], [], [], [], [], [], [], [], [], [], [], [], [], [], [], [], [], [], [], [], [], [], [], [], [], [], [], [], [], [], [], [], [], [], [], [], [], [], [], [], [], [], [], [], [], [], [], [], [], [], [], [], [], [], [], []]","negative regulation of synaptic transmission, glutamatergic",GO:0051967,0.0007879421090462084,"['GO:0035249', 'GO:0050805', 'GO:0051966']",0.01764705882352941,query_1,170,0.375,True,GO:BP,8,13094,1
"""A process in which a monoatomic ion is transported across a membrane. Monatomic ions (also called simple ions) are ions consisting of exactly one atom."" [GOC:mah]",20972,18067,22,"[[], [], [], [], [], [], [], [], [], [], ['ISO', 'IBA', 'TAS', 'IEA'], [], [], [], [], [], [], [], [], [], [], [], [], [], [], [], [], [], [], [], [], [], [], [], ['ISS'], [], [], [], [], ['IEA'], [], [], [], [], [], [], [], [], [], [], [], [], [], [], [], [], [], ['IBA'], [], [], [], [], ['IDA', 'IMP', 'ISS', 'ISO', 'IEA'], [], ['IMP', 'ISS', 'IBA', 'NAS', 'IEA'], [], [], [], ['IDA', 'IMP', 'IBA'], ['IBA', 'IEA'], [], [], [], [], [], ['IDA', 'IBA', 'IEA'], ['IBA', 'IEA'], ['ISS', 'IBA', 'IEA'], ['ISS', 'IBA', 'IEA'], ['IBA', 'IEA'], ['IBA', 'IEA'], ['IDA', 'ISS', 'IBA', 'IEA'], ['ISS', 'IBA', 'IEA'], [], [], [], [], [], [], [], [], [], [], [], [], [], [], [], [], [], [], [], [], [], [], [], [], [], [], [], [], [], [], [], [], [], [], [], [], [], [], [], [], [], [], [], [], [], [], [], [], [], [], [], ['IEA'], [], [], ['IEA'], [], [], [], [], [], [], [], [], [], [], [], [], ['IEA'], ['IEA'], ['IBA'], ['IDA', 'IMP', 'IBA', 'IEA'], [], [], [], [], [], [], [], [], [], [], [], [], [], [], [], [], [], [], [], [], [], [], [], [], []]",monoatomic ion transmembrane transport,GO:0034220,0.0008060257235119928,"['GO:0006811', 'GO:0055085']",0.12941176470588237,query_1,170,0.021463414634146343,True,GO:BP,1025,7944,1
"""An organ system process carried out by any of the organs or tissues of the neurological system."" [GOC:ai, GOC:mtg_cardio]",20972,22582,28,"[[], [], [], [], [], [], [], [], [], [], [], [], [], [], [], [], [], [], [], [], [], [], [], [], [], [], [], [], ['TAS'], ['IMP', 'ISS', 'IEA'], [], [], [], [], ['ISS', 'NAS', 'IEA'], [], [], [], [], [], [], ['IEA'], [], [], [], [], [], [], [], [], [], [], [], [], [], [], [], [], [], [], [], [], ['ISS', 'ISO', 'IBA', 'TAS', 'IEA'], [], ['IEA'], [], [], ['IEA'], ['IEA'], ['IEA'], [], [], [], [], ['IEA'], [], [], [], [], [], [], [], [], [], [], [], ['IBA'], [], [], [], [], [], [], [], [], [], [], ['ISS'], ['ISS'], [], [], [], [], [], [], [], ['IEA'], [], [], [], [], [], ['IEA'], [], [], [], [], ['IBA', 'IEA'], [], [], [], [], ['IEA'], [], [], [], [], ['TAS'], [], [], [], [], [], [], ['IEA'], [], [], ['IEA'], [], [], ['IEA'], [], [], [], [], [], [], [], [], ['TAS'], [], [], ['TAS'], [], [], [], [], [], [], ['IEA'], [], ['ISS'], ['IEA'], [], ['IEA'], [], [], ['ISS'], [], [], [], [], [], [], [], [], [], [], []]",nervous system process,GO:0050877,0.0008060257235119928,['GO:0003008'],0.16470588235294117,query_1,170,0.018629407850964737,True,GO:BP,1503,12459,1
"""Any process that stops, prevents, or reduces the frequency, rate or extent of cell differentiation."" [GOC:go_curators]",20972,20801,17,"[[], [], ['TAS'], [], [], [], [], [], [], [], [], [], [], [], [], [], [], [], [], [], [], [], [], [], [], [], [], [], [], [], [], [], ['ISS', 'IEA'], [], [], [], [], [], [], ['ISS', 'IEA'], [], [], [], [], [], [], [], [], [], [], [], ['IMP'], [], [], ['ISS', 'IEA'], ['IEA'], [], [], [], [], [], [], [], [], [], [], [], [], [], [], ['ISS'], [], [], ['IEA'], [], [], [], [], [], [], [], [], [], [], [], [], [], [], [], [], [], [], [], ['IDA', 'ISS', 'IEA'], [], [], [], [], [], [], [], [], [], [], [], [], [], [], [], [], [], [], [], [], [], [], [], [], ['IMP', 'ISS', 'TAS', 'IEA'], [], [], [], [], [], [], [], [], [], [], ['IDA'], [], [], [], [], ['IEA'], [], [], [], [], [], ['ISS', 'IEA'], [], [], [], [], [], [], [], [], ['ISS'], [], [], [], [], [], [], [], [], [], [], [], [], [], [], [], [], [], [], ['IMP', 'IEA'], [], [], [], [], [], [], ['ISS', 'IEA'], [], ['IDA'], []]",negative regulation of cell differentiation,GO:0045596,0.0008181815066579758,"['GO:0030154', 'GO:0045595', 'GO:0048523', 'GO:0051093']",0.1,query_1,170,0.02556390977443609,True,GO:BP,665,10678,1
"""The process whose specific outcome is the progression of the central nervous system over time, from its formation to the mature structure. The central nervous system is the core nervous system that serves an integrating and coordinating function. In vertebrates it consists of the brain and spinal cord. In those invertebrates with a central nervous system it typically consists of a brain, cerebral ganglia and a nerve cord."" [GOC:bf, GOC:jid, ISBN:0582227089]",20972,12899,22,"[[], [], [], [], [], [], [], [], [], [], [], [], [], [], [], ['NAS'], [], [], [], [], [], [], [], [], [], [], [], [], [], [], [], [], ['ISS', 'IEA'], [], ['ISS', 'IEA'], ['IBA'], [], [], [], [], [], ['IEA'], ['IBA', 'IEA'], [], [], [], [], [], [], [], [], [], [], [], [], [], [], [], [], [], [], [], ['NAS'], [], [], [], [], [], [], [], ['ISS'], [], [], ['ISS', 'IEA'], [], [], [], [], [], [], [], [], [], [], [], [], [], ['IBA'], ['IEA'], [], [], [], [], ['IEA'], [], [], [], [], [], [], [], [], [], [], [], ['ISS', 'IEA'], ['ISS', 'IEA'], ['IEA'], [], [], [], [], [], [], [], [], [], [], [], [], [], [], ['IBA', 'IEA'], [], [], [], [], ['TAS'], [], [], [], [], [], [], [], [], [], [], [], [], ['ISS'], [], [], [], [], [], [], [], ['TAS'], ['IDA', 'ISS', 'IBA', 'TAS'], [], [], [], [], [], [], [], [], [], [], [], [], ['IBA', 'TAS', 'IEA'], [], [], [], [], [], [], [], [], [], [], [], [], ['ISS', 'IEA'], [], [], []]",central nervous system development,GO:0007417,0.000916975546155956,"['GO:0007399', 'GO:0048731']",0.12941176470588237,query_1,170,0.021256038647342997,True,GO:BP,1035,2776,1
"""Any process that increases the frequency, rate or extent of the chemical reactions and pathways involving macromolecules, any molecule of high relative molecular mass, the structure of which essentially comprises the multiple repetition of units derived, actually or conceptually, from molecules of low relative molecular mass."" [GOC:dph, GOC:tb]",20972,14188,46,"[[], [], [], ['IDA'], [], [], [], [], [], ['IDA', 'IMP'], [], [], [], [], [], [], [], [], [], [], [], [], [], ['IMP'], [], [], [], [], [], ['ISS', 'IEA'], [], [], ['IMP', 'ISS', 'IEA'], [], ['IDA', 'IEA'], [], [], [], [], [], [], ['IDA'], [], [], ['IDA', 'IEA'], ['IMP', 'IEA'], [], [], [], [], [], ['IDA', 'IMP'], [], [], ['IDA', 'IMP', 'IEA'], [], [], [], [], [], [], [], [], [], [], [], ['IDA'], [], ['IEA'], [], ['ISS'], [], ['IEA'], ['IGI', 'ISS', 'IBA', 'IEA'], [], [], [], [], [], [], [], [], [], [], [], [], [], [], ['IEA'], ['IMP', 'ISS', 'IEA'], [], [], [], ['ISS', 'IEA'], [], ['IMP'], [], ['IDA', 'IMP', 'IBA', 'IEA'], ['IDA'], [], ['IMP'], ['ISS'], [], [], [], ['IDA', 'ISS', 'IBA', 'IEA'], ['IBA', 'IEA'], ['IBA', 'IEA'], [], [], [], [], [], [], [], ['ISS'], [], [], ['ISS', 'IEA'], [], ['IDA', 'IMP'], [], ['IEA'], [], [], [], [], [], [], ['IDA'], ['ISS', 'IEA'], ['ISS'], [], ['ISS', 'IEA'], [], [], [], [], [], [], ['ISS', 'IEA'], [], [], ['IMP'], [], ['IDA', 'IEA'], [], [], [], ['IEA'], [], [], [], [], [], [], [], [], [], [], [], [], ['IEA'], [], ['IDA', 'IBA', 'IEA'], [], [], [], ['IDA', 'IMP', 'IEA'], [], ['IDA', 'ISS', 'IEA'], [], [], [], [], ['IDA', 'IEA'], ['IDA'], ['IDA', 'ISS'], []]",positive regulation of macromolecule metabolic process,GO:0010604,0.0009256444781539888,"['GO:0009893', 'GO:0043170', 'GO:0060255']",0.27058823529411763,query_1,170,0.014593908629441625,True,GO:BP,3152,4065,1
"""Any process that modulates the frequency, rate or extent of the controlled release of a substance from a cell or a tissue."" [GOC:ai]",20972,22708,16,"[['IBA'], [], [], [], [], [], [], [], [], [], [], [], [], [], [], [], ['IBA'], [], [], [], [], [], [], [], [], [], [], [], ['IDA', 'IBA'], [], [], [], [], ['IMP', 'IBA', 'IEA'], ['IDA', 'ISS', 'IBA', 'IEA'], [], [], [], [], [], [], [], [], [], [], [], [], [], [], [], [], [], [], [], ['ISS', 'IEA'], [], [], [], [], [], [], [], [], ['IEA'], [], [], [], [], ['IEA'], [], [], [], [], ['IDA'], ['IEA'], [], [], [], [], [], [], [], [], [], [], [], [], [], [], [], [], [], [], [], [], [], [], ['ISS'], [], [], [], [], [], [], [], ['IC'], [], [], [], ['IEA'], [], [], [], [], [], [], [], [], [], [], [], [], [], [], [], [], [], [], [], [], [], [], [], [], [], [], [], [], [], [], [], [], [], [], [], [], [], [], [], [], [], ['ISS'], [], [], [], [], [], [], [], ['ISS', 'TAS', 'IEA'], [], [], [], [], [], [], [], [], [], [], [], [], ['IEA'], [], [], [], [], [], []]",regulation of secretion,GO:0051046,0.0009767115238943156,"['GO:0046903', 'GO:0051049']",0.09411764705882353,query_1,170,0.02631578947368421,True,GO:BP,608,12585,1
"""Any process that modulates the frequency, rate or extent of the chemical reactions and pathways involving RNA."" [GOC:ai]",20972,22824,51,"[[], [], [], [], [], [], [], [], [], [], [], [], [], ['IDA', 'IBA', 'IEA'], [], [], [], [], [], [], [], [], [], ['IMP'], [], [], [], [], [], ['IDA', 'IBA', 'IEA'], [], [], ['IMP', 'ISS', 'IBA', 'IEA'], [], ['IEA'], [], [], [], ['IEA'], ['IMP', 'ISS', 'IEA'], [], ['IDA'], ['IBA', 'IEA'], [], ['IDA', 'IBA', 'IEA'], ['IDA', 'IMP', 'IBA', 'IEA'], [], [], [], [], [], [], [], [], ['IDA', 'IMP', 'ISS', 'IBA', 'IEA'], [], [], [], [], [], [], [], [], [], [], [], ['IDA', 'IBA', 'IEA'], [], [], [], ['IDA', 'IMP', 'ISS', 'IBA', 'IEA'], [], ['IDA', 'IBA', 'IEA'], ['IGI', 'ISS', 'IBA', 'IEA'], [], [], [], ['IDA', 'IBA'], [], [], [], [], [], ['IBA', 'IEA'], ['IBA', 'IEA'], [], [], ['IBA', 'IEA'], ['IEA'], [], [], [], [], ['IMP', 'ISS', 'IBA', 'NAS', 'IEA'], [], [], [], ['IDA', 'IMP', 'IBA', 'IEA'], ['IDA'], [], ['IMP'], ['ISS'], ['IBA', 'IEA'], [], [], ['IDA', 'ISS', 'IBA', 'IEA'], ['IBA', 'TAS', 'IEA'], ['IBA', 'IEA'], ['ISS', 'IEA'], [], [], [], [], [], [], [], [], [], ['IDA', 'IBA', 'IEA'], [], [], [], ['IEA'], [], [], [], ['IEA'], ['IBA', 'TAS', 'IEA'], [], ['IDA'], ['ISS', 'IEA'], [], [], [], [], [], [], [], [], [], ['ISS', 'IBA', 'TAS', 'IEA'], [], [], ['IMP', 'IBA'], ['IDA', 'IMP', 'IBA', 'IEA'], ['IDA', 'IBA', 'IEA'], [], [], [], ['IDA', 'IBA', 'IEA'], [], [], [], [], [], [], [], [], [], [], [], [], ['IDA', 'IBA', 'IEA'], [], ['IDA', 'IBA', 'IEA'], [], [], ['IDA', 'IBA'], ['IDA', 'IMP', 'ISS', 'IBA', 'IEA'], [], ['ISS'], [], [], [], [], ['IDA', 'IBA', 'NAS', 'IEA'], ['IDA', 'ISS', 'IBA'], ['IDA', 'ISS', 'IBA', 'TAS', 'IEA'], ['IBA']]",regulation of RNA metabolic process,GO:0051252,0.0009767115238943156,"['GO:0016070', 'GO:0019219', 'GO:0060255']",0.3,query_1,170,0.013957307060755337,True,GO:BP,3654,12701,1
"""An intracellular signaling module that is part of larger signaling pathways that can be initiated either intracellularly or by cell surface receptors. Intracellular signaling cassettes are discrete signaling units that are often shared by multiple signaling pathways."" [GOC:ha, GOC:pg]",20972,28906,32,"[[], [], ['IMP'], [], [], [], [], [], ['IDA', 'IBA'], [], [], [], [], [], ['IDA', 'IEA'], [], [], [], [], [], [], [], [], ['IDA', 'IMP'], [], [], [], [], [], [], ['IEA'], [], [], [], ['ISS', 'NAS', 'IEA'], [], ['IMP'], [], ['HMP'], ['IMP', 'IEA'], [], [], [], [], [], [], [], [], [], [], [], ['IMP'], [], [], ['IDA'], [], [], [], [], [], [], [], ['IEA'], ['ISS', 'IEA'], [], [], [], [], ['IDA', 'IEA'], [], [], [], [], [], ['TAS'], [], [], [], [], [], [], [], [], [], [], [], [], [], [], [], [], [], [], ['NAS'], [], ['IDA', 'IEA'], [], ['IDA', 'IMP', 'ISS'], ['IDA'], [], [], ['ISS', 'IEA'], [], [], ['IBA', 'IEA'], [], ['ISS', 'IEA'], [], ['IEA'], ['IEA'], [], [], ['IDA', 'IBA', 'TAS'], [], ['TAS'], [], [], [], ['ISS', 'IEA'], [], ['IMP', 'IBA'], [], [], ['IMP'], [], [], [], [], [], [], [], [], [], [], [], [], [], [], ['IBA'], ['IEA'], [], [], [], [], [], [], [], [], [], [], [], [], [], [], [], [], [], [], [], [], [], [], [], [], [], [], [], [], ['IMP'], [], [], [], [], [], [], [], [], [], []]",intracellular signaling cassette,GO:0141124,0.0009825287183293444,['GO:0035556'],0.18823529411764706,query_1,170,0.01714898177920686,True,GO:BP,1866,18783,1
"""The process whose specific outcome is the progression of the eye over time, from its formation to the mature structure. The eye is the organ of sight."" [GOC:jid, GOC:jl]",20972,10478,13,"[[], [], [], [], [], [], [], [], [], [], [], [], [], [], [], [], [], [], [], [], [], [], [], [], [], [], [], [], [], [], [], [], ['ISS', 'IEA'], [], ['ISS', 'IEA'], ['ISS', 'IEA'], [], [], [], [], [], [], [], [], [], [], [], [], [], [], [], [], [], [], [], [], [], [], [], [], [], [], [], [], ['IEA'], [], [], [], [], [], [], [], [], [], [], [], [], [], [], [], [], [], [], [], [], [], [], [], [], [], [], [], [], [], [], [], [], [], [], [], [], [], [], [], [], ['ISS', 'IEA'], [], [], [], [], [], [], [], [], [], [], [], [], [], [], [], [], ['IBA'], [], [], [], [], [], [], ['IEA'], [], [], [], [], [], [], [], [], [], [], ['ISS', 'IEA'], [], [], ['IDA'], [], [], [], [], [], ['IDA', 'ISS', 'IBA'], ['IEA'], [], [], [], [], [], [], [], [], [], [], [], [], [], ['IEA'], [], [], [], ['IMP'], [], [], [], [], [], [], [], [], [], []]",eye development,GO:0001654,0.0009857402226930297,"['GO:0007423', 'GO:0150063']",0.07647058823529412,query_1,170,0.03110047846889952,True,GO:BP,418,355,1
"""Behavior in a fully developed and mature organism."" [GOC:mah, ISBN:0877797099]",20972,16516,8,"[[], [], [], [], [], [], [], [], [], [], [], [], [], [], [], [], [], [], [], [], [], [], [], [], [], [], [], [], ['IMP'], [], [], [], [], [], ['ISS', 'IEA'], [], [], [], [], [], [], [], [], [], [], [], [], [], [], [], [], [], [], [], [], [], [], [], [], [], [], [], [], ['IEA'], [], [], [], [], ['IEA'], [], [], [], [], [], ['IEA'], [], [], [], [], [], [], [], [], [], [], [], [], [], [], [], [], [], [], [], [], [], [], [], [], [], [], [], [], [], [], [], [], [], [], [], [], [], [], [], [], [], [], [], [], ['IEA'], [], [], ['IEA'], [], [], [], [], [], [], [], [], [], [], [], [], [], [], [], [], [], [], [], [], [], [], [], [], [], [], [], [], [], [], [], [], ['IEA'], [], [], [], [], [], [], [], [], [], [], [], [], [], [], [], [], [], [], [], [], [], [], []]",adult behavior,GO:0030534,0.0010125479526421658,['GO:0007610'],0.047058823529411764,query_1,170,0.05161290322580645,True,GO:BP,155,6393,1
"""The process whose specific outcome is the progression of the visual system over time, from its formation to the mature structure, including the eye, parts of the central nervous system (CNS) involved in processing of visual inputs, and connecting nerve pathways."" [GOC:aruk, GOC:bc, GOC:krc, PMID:15004427, PMID:20647017, PMID:22632727]",20972,28992,13,"[[], [], [], [], [], [], [], [], [], [], [], [], [], [], [], [], [], [], [], [], [], [], [], [], [], [], [], [], [], [], [], [], ['ISS', 'IEA'], [], ['ISS', 'IEA'], ['ISS', 'IEA'], [], [], [], [], [], [], [], [], [], [], [], [], [], [], [], [], [], [], [], [], [], [], [], [], [], [], [], [], ['IEA'], [], [], [], [], [], [], [], [], [], [], [], [], [], [], [], [], [], [], [], [], [], [], [], [], [], [], [], [], [], [], [], [], [], [], [], [], [], [], [], [], ['ISS', 'IEA'], [], [], [], [], [], [], [], [], [], [], [], [], [], [], [], [], ['IBA'], [], [], [], [], [], [], ['IEA'], [], [], [], [], [], [], [], [], [], [], ['ISS', 'IEA'], [], [], ['IDA'], [], [], [], [], [], ['IDA', 'ISS', 'IBA'], ['IEA'], [], [], [], [], [], [], [], [], [], [], [], [], [], ['IEA'], [], [], [], ['IMP'], [], [], [], [], [], [], [], [], [], []]",visual system development,GO:0150063,0.0010704317066173442,['GO:0048880'],0.07647058823529412,query_1,170,0.030805687203791468,True,GO:BP,422,18869,1
"""The controlled release of proteins from a cell."" [GOC:ai]",20972,13419,12,"[['IBA'], [], ['IMP', 'ISS', 'IEA'], [], [], [], [], [], [], [], [], [], [], [], [], [], [], ['NAS'], ['IEA'], [], [], [], [], [], [], [], [], [], [], [], [], [], [], [], ['IDA', 'IEA'], [], [], [], [], ['IEA'], [], [], [], [], [], [], [], [], [], [], [], [], [], [], ['ISS', 'IEA'], [], [], [], [], [], [], [], [], [], [], [], [], [], [], [], [], [], [], ['IDA'], [], [], [], [], [], [], [], [], [], [], [], [], [], [], [], [], [], [], [], [], [], [], [], [], [], [], [], [], [], [], [], ['IDA', 'IC'], [], [], [], [], [], [], [], [], [], [], [], [], [], [], [], [], [], [], [], [], [], [], [], [], [], [], [], [], [], [], [], [], [], [], [], [], [], [], [], [], [], [], [], [], [], [], [], [], [], [], [], [], [], ['TAS', 'IEA'], [], [], [], [], [], [], [], [], [], [], ['ISS'], [], ['IEA'], [], [], [], [], [], []]",protein secretion,GO:0009306,0.001094302523623362,"['GO:0015031', 'GO:0032940', 'GO:0035592', 'GO:0071692']",0.07058823529411765,query_1,170,0.03296703296703297,True,GO:BP,364,3296,1
"""The directed movement of a monoatomic cation, into, out of or within a cell, or between cells, by means of some agent such as a transporter or pore. Monatomic cations (also called simple cations) are positively charged ions consisting of exactly one atom."" [GOC:ai]",20972,12487,22,"[[], [], [], [], [], [], [], [], [], [], ['ISO', 'IBA', 'IEA'], [], [], [], [], [], [], ['TAS'], [], [], [], [], [], [], [], [], [], [], [], [], [], [], [], [], ['ISS', 'IBA', 'IEA'], [], [], [], [], ['IEA'], [], [], [], [], [], [], [], [], [], [], [], [], [], [], [], [], [], ['IBA', 'IEA'], [], [], [], [], ['IDA', 'IMP', 'ISS', 'ISO', 'IEA'], [], ['IMP', 'ISS', 'IBA', 'NAS', 'IEA'], [], [], [], ['IDA', 'IMP', 'IBA', 'IEA'], [], [], [], [], [], [], ['IDA', 'IBA', 'TAS', 'IEA'], ['IDA', 'IBA', 'IEA'], ['ISS', 'IBA', 'IEA'], ['ISS', 'IBA', 'IEA'], ['IBA', 'TAS', 'IEA'], ['IBA', 'IEA'], ['IDA', 'ISS', 'IBA', 'TAS', 'IEA'], ['ISS', 'IBA', 'TAS', 'IEA'], [], [], [], [], [], [], [], [], [], [], [], [], [], ['IEA'], [], [], [], [], [], [], [], [], [], [], [], [], [], [], [], [], [], [], [], [], [], [], [], [], [], [], [], [], [], [], [], [], [], [], [], [], [], ['IEA'], [], [], ['IEA'], [], [], [], [], [], [], [], [], [], [], [], [], ['ISS', 'IEA'], ['IEA'], [], ['IDA', 'IMP', 'IBA', 'IEA'], [], [], [], [], [], [], [], [], [], [], [], [], [], [], [], [], [], [], [], [], [], [], [], [], []]",monoatomic cation transport,GO:0006812,0.001094302523623362,['GO:0006811'],0.12941176470588237,query_1,170,0.02091254752851711,True,GO:BP,1052,2364,1
"""Any process that modulates the rate, frequency, or extent of the regulated release of a peptide hormone from secretory granules."" [GOC:tb]",20972,27083,9,"[['IBA'], [], [], [], [], [], [], [], [], [], [], [], [], [], [], [], [], [], [], [], [], [], [], [], [], [], [], [], ['IDA', 'IBA'], [], [], [], [], [], ['ISS', 'IEA'], [], [], [], [], [], [], [], [], [], [], [], [], [], [], [], [], [], [], [], ['ISS', 'IEA'], [], [], [], [], [], [], [], [], [], [], [], [], [], [], [], [], [], [], ['IDA'], ['IEA'], [], [], [], [], [], [], [], [], [], [], [], [], [], [], [], [], [], [], [], [], [], [], [], [], [], [], [], [], [], [], ['IC'], [], [], [], [], [], [], [], [], [], [], [], [], [], [], [], [], [], [], [], [], [], [], [], [], [], [], [], [], [], [], [], [], [], [], [], [], [], [], [], [], [], [], [], [], [], [], [], [], [], [], [], [], [], ['TAS'], [], [], [], [], [], [], [], [], [], [], [], [], ['IEA'], [], [], [], [], [], []]",regulation of peptide hormone secretion,GO:0090276,0.0011094568856850086,"['GO:0002791', 'GO:0030072', 'GO:0046883']",0.052941176470588235,query_1,170,0.04411764705882353,True,GO:BP,204,16960,1
"""Any process in which a protein is transported from one specific location in the extracellular region to another, or maintained in a specific extracellular location."" [GOC:mah]",20972,25842,12,"[['IBA'], [], ['IMP', 'ISS', 'IEA'], [], [], [], [], [], [], [], [], [], [], [], [], [], [], ['NAS'], ['IEA'], [], [], [], [], [], [], [], [], [], [], [], [], [], [], [], ['IDA', 'IEA'], [], [], [], [], ['IEA'], [], [], [], [], [], [], [], [], [], [], [], [], [], [], ['ISS', 'IEA'], [], [], [], [], [], [], [], [], [], [], [], [], [], [], [], [], [], [], ['IDA'], [], [], [], [], [], [], [], [], [], [], [], [], [], [], [], [], [], [], [], [], [], [], [], [], [], [], [], [], [], [], [], ['IDA', 'IC'], [], [], [], [], [], [], [], [], [], [], [], [], [], [], [], [], [], [], [], [], [], [], [], [], [], [], [], [], [], [], [], [], [], [], [], [], [], [], [], [], [], [], [], [], [], [], [], [], [], [], [], [], [], ['TAS', 'IEA'], [], [], [], [], [], [], [], [], [], [], ['ISS'], [], ['IEA'], [], [], [], [], [], []]",protein localization to extracellular region,GO:0071692,0.001136704167369187,['GO:0033036'],0.07058823529411765,query_1,170,0.03278688524590164,True,GO:BP,366,15719,1
"""A process that is carried out at the cellular level which results in the assembly, arrangement of constituent parts, or disassembly of a prolongation or process extending from a cell, e.g. a flagellum or axon."" [GOC:jl, GOC:mah, PMID:16318917]",20972,16342,29,"[[], [], [], [], [], [], [], [], [], [], [], [], [], [], [], [], [], ['IMP', 'IBA'], [], [], ['ISS'], [], [], ['IDA'], ['ISS'], [], [], [], [], ['ISS', 'IEA'], [], [], [], [], ['ISS', 'IEA'], ['IDA', 'ISS', 'IBA', 'IEA'], [], [], [], [], [], ['IEA'], ['IEA'], ['IMP', 'ISS', 'IBA'], [], [], [], [], [], [], [], [], ['IEA'], [], [], ['IEA'], [], [], [], [], [], [], [], [], [], ['IBA'], [], [], [], [], [], [], [], ['ISS', 'IBA', 'IEA'], ['IBA', 'IEA'], [], [], [], [], [], [], [], [], [], [], [], [], [], ['IEA'], [], [], [], [], [], [], [], [], ['ISS'], [], [], [], [], [], [], [], ['IBA'], ['IBA'], ['IBA'], [], [], ['IBA'], [], ['IDA', 'ISS', 'IEA'], [], [], ['ISS'], [], [], [], [], ['ISS', 'IBA'], [], [], [], [], [], [], [], [], ['IEA'], [], [], ['IBA'], [], [], [], [], [], [], [], [], [], ['ISS', 'TAS'], [], [], [], [], [], [], [], [], [], [], [], [], ['IMP', 'IBA', 'IEA'], [], [], [], [], [], [], ['IBA', 'IEA'], [], [], [], [], [], [], [], [], [], [], [], [], [], [], [], []]",cell projection organization,GO:0030030,0.0011378048965350195,['GO:0016043'],0.17058823529411765,query_1,170,0.017813267813267815,True,GO:BP,1628,6219,1
"""Any process that decreases the rate, frequency, or extent of the regulated release of a peptide hormone from secretory granules."" [GOC:tb]",20972,27085,5,"[[], [], [], [], [], [], [], [], [], [], [], [], [], [], [], [], [], [], [], [], [], [], [], [], [], [], [], [], ['IDA', 'IBA'], [], [], [], [], [], ['IEA'], [], [], [], [], [], [], [], [], [], [], [], [], [], [], [], [], [], [], [], ['ISS', 'IEA'], [], [], [], [], [], [], [], [], [], [], [], [], [], [], [], [], [], [], [], ['IEA'], [], [], [], [], [], [], [], [], [], [], [], [], [], [], [], [], [], [], [], [], [], [], [], [], [], [], [], [], [], [], [], [], [], [], [], [], [], [], [], [], [], [], [], [], [], [], [], [], [], [], [], [], [], [], [], [], [], [], [], [], [], [], [], [], [], [], [], [], [], [], [], [], [], [], [], [], [], [], [], [], [], [], [], [], [], [], [], [], [], [], [], [], [], [], [], [], [], ['IEA'], [], [], [], [], [], []]",negative regulation of peptide hormone secretion,GO:0090278,0.0011378048965350195,"['GO:0002792', 'GO:0030072', 'GO:0046888', 'GO:0090276']",0.029411764705882353,query_1,170,0.10204081632653061,True,GO:BP,49,16962,1
"""The process in which a relatively unspecialized cell acquires specialized features of a neuron that will reside in the forebrain."" [GO_REF:0000021, GOC:cls, GOC:dgh, GOC:dph, GOC:jid, PMID:16226447]",20972,16146,6,"[[], [], [], [], [], [], [], [], [], [], [], [], [], [], [], [], [], [], [], [], [], [], [], [], [], [], [], [], [], [], [], [], ['IEA'], [], ['ISS', 'IEA'], [], [], [], [], [], [], ['IEA'], ['IEA'], [], [], [], [], [], [], [], [], [], [], [], [], [], [], [], [], [], [], [], [], [], [], [], [], [], [], [], [], [], [], [], [], [], [], [], [], [], [], [], [], [], [], [], [], ['IBA'], [], [], [], [], [], [], [], [], [], [], [], [], [], [], [], [], [], [], [], [], [], [], [], [], [], [], [], [], [], [], [], [], [], [], [], [], [], [], [], [], [], [], [], [], [], [], [], [], [], [], [], [], [], [], [], [], [], [], [], [], [], [], [], [], [], [], [], [], [], [], [], [], [], [], ['IBA', 'IEA'], [], [], [], [], [], [], [], [], [], [], [], [], [], [], [], []]",forebrain neuron differentiation,GO:0021879,0.0011378048965350195,"['GO:0021872', 'GO:0021953']",0.03529411764705882,query_1,170,0.075,True,GO:BP,80,6023,1
"""The directed movement of a protein to a specific location within the extracellular region."" [GOC:bf, GOC:BHF]",20972,18642,12,"[['IBA'], [], ['IMP', 'ISS', 'IEA'], [], [], [], [], [], [], [], [], [], [], [], [], [], [], ['NAS'], ['IEA'], [], [], [], [], [], [], [], [], [], [], [], [], [], [], [], ['IDA', 'IEA'], [], [], [], [], ['IEA'], [], [], [], [], [], [], [], [], [], [], [], [], [], [], ['ISS', 'IEA'], [], [], [], [], [], [], [], [], [], [], [], [], [], [], [], [], [], [], ['IDA'], [], [], [], [], [], [], [], [], [], [], [], [], [], [], [], [], [], [], [], [], [], [], [], [], [], [], [], [], [], [], [], ['IDA', 'IC'], [], [], [], [], [], [], [], [], [], [], [], [], [], [], [], [], [], [], [], [], [], [], [], [], [], [], [], [], [], [], [], [], [], [], [], [], [], [], [], [], [], [], [], [], [], [], [], [], [], [], [], [], [], ['TAS', 'IEA'], [], [], [], [], [], [], [], [], [], [], ['ISS'], [], ['IEA'], [], [], [], [], [], []]",establishment of protein localization to extracellular region,GO:0035592,0.0011378048965350195,['GO:0045184'],0.07058823529411765,query_1,170,0.0326975476839237,True,GO:BP,367,8519,1
"""Any process that activates or increases the frequency, rate or extent of the chemical reactions and pathways involving RNA."" [GOC:ai]",20972,22826,31,"[[], [], [], [], [], [], [], [], [], [], [], [], [], [], [], [], [], [], [], [], [], [], [], ['IMP'], [], [], [], [], [], [], [], [], ['IMP', 'ISS', 'IEA'], [], ['IEA'], [], [], [], [], [], [], [], [], [], ['IDA', 'IEA'], ['IMP', 'IEA'], [], [], [], [], [], [], [], [], ['IDA', 'IMP', 'IEA'], [], [], [], [], [], [], [], [], [], [], [], ['IDA'], [], [], [], ['ISS'], [], [], ['IGI', 'ISS', 'IBA', 'IEA'], [], [], [], [], [], [], [], [], [], [], [], [], [], [], ['IEA'], [], [], [], [], ['ISS', 'IEA'], [], [], [], ['IDA', 'IMP', 'IBA', 'IEA'], ['IDA'], [], ['IMP'], ['ISS'], [], [], [], ['IDA', 'ISS', 'IBA', 'IEA'], ['IBA', 'IEA'], ['IBA', 'IEA'], [], [], [], [], [], [], [], [], [], [], ['IEA'], [], [], [], ['IEA'], [], [], [], [], [], [], [], ['ISS', 'IEA'], [], [], [], [], [], [], [], [], [], ['ISS', 'IEA'], [], [], ['IMP'], [], ['IDA', 'IEA'], [], [], [], ['IEA'], [], [], [], [], [], [], [], [], [], [], [], [], ['IEA'], [], ['IDA', 'IBA', 'IEA'], [], [], [], ['IDA', 'IMP', 'IEA'], [], [], [], [], [], [], ['IDA', 'IEA'], ['IDA'], ['IDA', 'ISS'], []]",positive regulation of RNA metabolic process,GO:0051254,0.0011684754952304385,"['GO:0010604', 'GO:0016070', 'GO:0051252']",0.18235294117647058,query_1,170,0.017184035476718405,True,GO:BP,1804,12703,1
"""Any process that modulates the frequency, rate or extent of secretion by cell."" [GO_REF:0000058, GOC:pm, GOC:TermGenie, PMID:12130530]",20972,31596,15,"[['IBA'], [], [], [], [], [], [], [], [], [], [], [], [], [], [], [], ['IBA'], [], [], [], [], [], [], [], [], [], [], [], ['IDA', 'IBA'], [], [], [], [], ['IMP', 'IBA', 'IEA'], ['IDA', 'ISS', 'IBA', 'IEA'], [], [], [], [], [], [], [], [], [], [], [], [], [], [], [], [], [], [], [], ['ISS', 'IEA'], [], [], [], [], [], [], [], [], ['IEA'], [], [], [], [], ['IEA'], [], [], [], [], ['IDA'], ['IEA'], [], [], [], [], [], [], [], [], [], [], [], [], [], [], [], [], [], [], [], [], [], [], ['ISS'], [], [], [], [], [], [], [], ['IC'], [], [], [], [], [], [], [], [], [], [], [], [], [], [], [], [], [], [], [], [], [], [], [], [], [], [], [], [], [], [], [], [], [], [], [], [], [], [], [], [], [], [], [], [], [], ['ISS'], [], [], [], [], [], [], [], ['ISS', 'TAS', 'IEA'], [], [], [], [], [], [], [], [], [], [], [], [], ['IEA'], [], [], [], [], [], []]",regulation of secretion by cell,GO:1903530,0.0011684754952304385,"['GO:0032940', 'GO:0050794', 'GO:0051046']",0.08823529411764706,query_1,170,0.02697841726618705,True,GO:BP,556,21473,1
"""Any process that modulates the frequency, rate, or extent of peptide secretion."" [GOC:add]",20972,11379,9,"[['IBA'], [], [], [], [], [], [], [], [], [], [], [], [], [], [], [], [], [], [], [], [], [], [], [], [], [], [], [], ['IDA', 'IBA'], [], [], [], [], [], ['ISS', 'IEA'], [], [], [], [], [], [], [], [], [], [], [], [], [], [], [], [], [], [], [], ['ISS', 'IEA'], [], [], [], [], [], [], [], [], [], [], [], [], [], [], [], [], [], [], ['IDA'], ['IEA'], [], [], [], [], [], [], [], [], [], [], [], [], [], [], [], [], [], [], [], [], [], [], [], [], [], [], [], [], [], [], ['IC'], [], [], [], [], [], [], [], [], [], [], [], [], [], [], [], [], [], [], [], [], [], [], [], [], [], [], [], [], [], [], [], [], [], [], [], [], [], [], [], [], [], [], [], [], [], [], [], [], [], [], [], [], [], ['TAS'], [], [], [], [], [], [], [], [], [], [], [], [], ['IEA'], [], [], [], [], [], []]",regulation of peptide secretion,GO:0002791,0.0011731114737069915,"['GO:0002790', 'GO:0051046', 'GO:0090087']",0.052941176470588235,query_1,170,0.043478260869565216,True,GO:BP,207,1256,1
"""Any process that stops, prevents, or reduces the frequency, rate, or extent of peptide secretion."" [GOC:add]",20972,11380,5,"[[], [], [], [], [], [], [], [], [], [], [], [], [], [], [], [], [], [], [], [], [], [], [], [], [], [], [], [], ['IDA', 'IBA'], [], [], [], [], [], ['IEA'], [], [], [], [], [], [], [], [], [], [], [], [], [], [], [], [], [], [], [], ['ISS', 'IEA'], [], [], [], [], [], [], [], [], [], [], [], [], [], [], [], [], [], [], [], ['IEA'], [], [], [], [], [], [], [], [], [], [], [], [], [], [], [], [], [], [], [], [], [], [], [], [], [], [], [], [], [], [], [], [], [], [], [], [], [], [], [], [], [], [], [], [], [], [], [], [], [], [], [], [], [], [], [], [], [], [], [], [], [], [], [], [], [], [], [], [], [], [], [], [], [], [], [], [], [], [], [], [], [], [], [], [], [], [], [], [], [], [], [], [], [], [], [], [], [], ['IEA'], [], [], [], [], [], []]",negative regulation of peptide secretion,GO:0002792,0.0012115645327487985,"['GO:0002790', 'GO:0002791', 'GO:0051048']",0.029411764705882353,query_1,170,0.1,True,GO:BP,50,1257,1
"""Any process that modulates the frequency, rate or extent of the directed movement of peptides, compounds of two or more amino acids where the alpha carboxyl group of one is bound to the alpha amino group of another, into, out of or within a cell, or between cells, by means of some agent such as a transporter or pore."" [GOC:dph, GOC:tb]",20972,26938,9,"[['IBA'], [], [], [], [], [], [], [], [], [], [], [], [], [], [], [], [], [], [], [], [], [], [], [], [], [], [], [], ['IDA', 'IBA'], [], [], [], [], [], ['ISS', 'IEA'], [], [], [], [], [], [], [], [], [], [], [], [], [], [], [], [], [], [], [], ['ISS', 'IEA'], [], [], [], [], [], [], [], [], [], [], [], [], [], [], [], [], [], [], ['IDA'], ['IEA'], [], [], [], [], [], [], [], [], [], [], [], [], [], [], [], [], [], [], [], [], [], [], [], [], [], [], [], [], [], [], ['IC'], [], [], [], [], [], [], [], [], [], [], [], [], [], [], [], [], [], [], [], [], [], [], [], [], [], [], [], [], [], [], [], [], [], [], [], [], [], [], [], [], [], [], [], [], [], [], [], [], [], [], [], [], [], ['TAS'], [], [], [], [], [], [], [], [], [], [], [], [], ['IEA'], [], [], [], [], [], []]",regulation of peptide transport,GO:0090087,0.0012386768355385964,"['GO:0015833', 'GO:0051049']",0.052941176470588235,query_1,170,0.0430622009569378,True,GO:BP,209,16815,1
"""The process in which a solute is transported across a lipid bilayer, from one side of a membrane to the other."" [GOC:dph, GOC:jid]",20972,23384,28,"[[], [], ['ISS', 'IEA'], [], [], [], [], [], [], [], ['ISO', 'IBA', 'TAS', 'IEA'], [], [], [], [], [], [], [], [], [], [], [], [], [], [], [], [], [], ['ISS'], [], [], [], [], [], ['ISS'], [], [], [], [], ['IEA'], [], [], [], [], [], [], [], [], [], [], [], [], [], [], [], [], [], ['IBA'], [], [], ['IEA'], [], ['IDA', 'IMP', 'ISS', 'ISO', 'IEA'], [], ['IMP', 'ISS', 'IBA', 'NAS', 'IEA'], [], [], [], ['IDA', 'IMP', 'IBA'], ['IBA', 'IEA'], [], [], [], [], [], ['IDA', 'IBA', 'IEA'], ['IBA', 'IEA'], ['ISS', 'IBA', 'IEA'], ['ISS', 'IBA', 'IEA'], ['IBA', 'IEA'], ['IBA', 'IEA'], ['IDA', 'ISS', 'IBA', 'IEA'], ['ISS', 'IBA', 'IEA'], [], [], [], [], [], [], [], [], [], [], [], [], [], [], [], [], ['IEA'], [], [], [], [], [], [], [], [], [], [], [], [], [], [], [], [], [], [], [], [], [], [], [], [], [], [], [], [], [], [], [], [], [], [], ['IEA'], [], [], ['IEA'], [], [], [], [], [], [], [], [], [], [], [], [], ['ISS', 'IEA'], ['IEA'], ['IBA', 'TAS', 'IEA'], ['IDA', 'IMP', 'IBA', 'IEA'], ['IDA', 'IBA', 'IEA'], [], [], [], [], [], [], [], [], [], [], ['IEA'], [], [], [], [], [], [], [], [], [], [], [], [], []]",transmembrane transport,GO:0055085,0.0012386768355385964,"['GO:0006810', 'GO:0009987']",0.16470588235294117,query_1,170,0.0180064308681672,True,GO:BP,1555,13261,1
"""Any process that stops, prevents or reduces the rate or extent of development, the biological process whose specific outcome is the progression of an organism over time from an initial condition (e.g. a zygote, or a young adult) to a later condition (e.g. a multicellular animal or an aged adult)."" [GOC:ai]",20972,22734,20,"[[], [], ['TAS'], [], [], [], [], [], [], [], [], [], [], [], [], [], [], [], [], [], [], [], [], [], [], [], [], [], [], [], [], [], ['ISS', 'IEA'], [], [], [], [], [], ['IDA'], ['ISS', 'IEA'], [], [], [], [], [], [], [], [], [], [], [], ['IMP'], [], [], ['ISS', 'IEA'], ['IEA'], [], [], [], [], [], [], [], [], [], [], [], [], [], [], ['ISS'], [], [], ['IEA'], [], [], [], [], [], [], [], [], [], [], [], [], [], [], [], [], [], [], [], ['IDA', 'ISS', 'IEA'], [], [], [], [], [], [], [], [], [], [], [], [], ['ISS', 'IEA'], [], [], [], [], [], [], [], [], [], [], [], ['IMP', 'ISS', 'TAS', 'IEA'], [], [], [], [], [], [], [], [], [], [], ['IDA'], [], [], [], [], ['IEA'], [], [], [], [], [], ['ISS', 'IEA'], ['IEA'], [], [], [], [], [], [], [], ['ISS'], [], [], [], [], [], [], [], [], [], [], [], [], [], [], [], [], [], [], ['IMP', 'IEA'], [], [], [], [], [], [], ['ISS', 'IEA'], [], ['IDA'], []]",negative regulation of developmental process,GO:0051093,0.0012597784115598494,"['GO:0032502', 'GO:0048519', 'GO:0050793']",0.11764705882352941,query_1,170,0.021834061135371178,True,GO:BP,916,12611,1
"""Any process that activates or increases the frequency, rate or extent of the chemical reactions and pathways within a cell or an organism."" [GOC:go_curators]",20972,13715,48,"[[], [], [], ['IDA'], [], [], [], [], [], ['IDA', 'IMP'], [], [], [], [], [], [], [], [], [], [], [], [], [], ['IMP'], [], [], [], [], [], ['ISS', 'IEA'], [], [], ['IMP', 'ISS', 'IEA'], [], ['IDA', 'IEA'], ['IDA'], [], [], [], [], [], ['IDA'], [], [], ['IDA', 'IEA'], ['IMP', 'IEA'], [], [], [], [], [], ['IDA', 'IMP'], [], [], ['IDA', 'IMP', 'IEA'], [], [], [], [], [], [], [], [], [], [], [], ['IDA'], [], ['IDA', 'IEA'], [], ['ISS'], [], ['IEA'], ['IGI', 'ISS', 'IBA', 'IEA'], [], [], [], [], [], [], [], [], [], [], [], [], [], [], ['ISS', 'IEA'], ['IMP', 'ISS', 'IEA'], [], [], [], ['ISS', 'IEA'], [], ['IMP'], [], ['IDA', 'IMP', 'ISS', 'IBA', 'IEA'], ['IDA'], [], ['IMP'], ['ISS'], [], [], [], ['IDA', 'ISS', 'IBA', 'IEA'], ['IBA', 'IEA'], ['IBA', 'IEA'], [], [], [], [], [], [], [], ['ISS'], [], [], ['ISS', 'IEA'], [], ['IDA', 'IMP'], [], ['IEA'], [], [], [], [], [], [], ['IDA'], ['ISS', 'IEA'], ['ISS', 'NAS', 'IEA'], [], ['ISS', 'IEA'], [], [], [], [], [], [], ['ISS', 'IEA'], [], [], ['IMP'], [], ['IDA', 'IEA'], [], [], [], ['IEA'], [], [], [], [], ['ISS', 'IEA'], [], [], [], [], [], [], [], ['IEA'], [], ['IDA', 'IBA', 'IEA'], [], [], [], ['IDA', 'IMP', 'IEA'], [], ['IDA', 'ISS', 'IEA'], [], [], [], [], ['IDA', 'IEA'], ['IDA'], ['IDA', 'ISS'], []]",positive regulation of metabolic process,GO:0009893,0.0012721314384723627,"['GO:0008152', 'GO:0019222', 'GO:0048522']",0.2823529411764706,query_1,170,0.01407624633431085,True,GO:BP,3410,3592,1
"""The activities involved in the mental information processing system that receives (registers), modifies, stores, and retrieves informational stimuli. The main stages involved in the formation and retrieval of memory are encoding (processing of received information by acquisition), storage (building a permanent record of received information as a result of consolidation) and retrieval (calling back the stored information and use it in a suitable way to execute a given task)."" [GOC:curators, ISBN:0582227089]",20972,13053,7,"[[], [], [], [], [], [], [], [], [], [], [], [], [], [], [], [], [], [], [], [], [], [], [], [], [], [], [], [], [], ['ISS', 'IEA'], [], [], [], [], ['IEA'], [], [], [], [], [], [], [], [], [], [], [], [], [], [], [], [], [], [], [], [], [], [], [], [], [], [], [], ['IEA'], [], [], [], [], ['IEA'], ['IEA'], [], [], [], [], [], ['IEA'], [], [], [], [], [], [], [], [], [], [], [], [], [], [], [], [], [], [], [], [], [], [], [], [], [], [], [], [], [], [], [], [], [], [], [], [], [], [], [], [], [], [], [], [], [], [], [], [], [], [], [], [], [], [], [], [], [], [], [], [], [], [], [], [], [], [], [], [], [], [], [], [], [], [], [], [], [], [], [], [], [], [], [], [], [], [], ['ISS'], [], [], [], [], [], [], [], [], [], [], [], [], [], [], [], [], []]",memory,GO:0007613,0.0013292155069816155,['GO:0007611'],0.041176470588235294,query_1,170,0.05785123966942149,True,GO:BP,121,2930,1
"""The regulated release of hormones, substances with a specific regulatory effect on a particular organ or group of cells."" [ISBN:0198506732]",20972,21696,11,"[['IBA'], [], [], [], [], [], [], [], [], [], [], [], [], [], [], [], [], ['NAS'], [], [], [], [], [], [], [], [], [], [], ['IDA', 'IBA'], [], [], [], [], [], ['ISS', 'IEA'], [], [], [], [], [], [], [], [], [], [], [], [], [], [], [], [], [], [], [], ['ISS', 'IEA'], [], [], [], [], [], [], [], [], [], [], [], [], [], [], [], [], [], [], ['IDA'], ['IEA'], [], [], [], [], [], [], [], [], [], [], [], [], [], [], [], [], [], [], [], [], [], [], [], [], [], [], [], [], [], [], ['IDA', 'IC'], [], [], [], [], [], [], [], [], [], [], [], [], [], [], [], [], [], [], [], [], [], [], [], [], [], [], [], [], [], [], [], [], [], [], [], [], [], [], [], [], [], [], [], [], [], [], [], [], [], [], [], [], [], ['TAS', 'IEA'], [], [], [], [], [], [], [], [], [], [], ['ISS'], [], ['IEA'], [], [], [], [], [], []]",hormone secretion,GO:0046879,0.0013702737078774756,"['GO:0009914', 'GO:0023061']",0.06470588235294118,query_1,170,0.034482758620689655,True,GO:BP,319,11573,1
"""The process in which a relatively unspecialized cell acquires specialized features of a neuron residing in the cerebral cortex."" [GO_REF:0000021, GOC:cls, GOC:dgh, GOC:dph, GOC:jid]",20972,16158,4,"[[], [], [], [], [], [], [], [], [], [], [], [], [], [], [], [], [], [], [], [], [], [], [], [], [], [], [], [], [], [], [], [], ['IEA'], [], ['ISS', 'IEA'], [], [], [], [], [], [], ['IEA'], ['IEA'], [], [], [], [], [], [], [], [], [], [], [], [], [], [], [], [], [], [], [], [], [], [], [], [], [], [], [], [], [], [], [], [], [], [], [], [], [], [], [], [], [], [], [], [], [], [], [], [], [], [], [], [], [], [], [], [], [], [], [], [], [], [], [], [], [], [], [], [], [], [], [], [], [], [], [], [], [], [], [], [], [], [], [], [], [], [], [], [], [], [], [], [], [], [], [], [], [], [], [], [], [], [], [], [], [], [], [], [], [], [], [], [], [], [], [], [], [], [], [], [], [], [], [], [], [], [], [], [], [], [], [], [], [], [], [], []]",cerebral cortex neuron differentiation,GO:0021895,0.0013943099596014428,['GO:0021879'],0.023529411764705882,query_1,170,0.14814814814814814,True,GO:BP,27,6035,1
"""Any process that results in a change in state or activity of a cell or an organism (in terms of movement, secretion, enzyme production, gene expression, etc.) as a result of an amphetamine stimulus. Amphetamines consist of a group of compounds related to alpha-methylphenethylamine."" [GOC:dph, GOC:ef]",20972,10690,4,"[[], [], [], [], [], [], [], [], [], [], [], [], [], [], [], [], [], [], [], [], [], [], [], [], [], [], [], [], [], [], [], [], [], [], ['ISS', 'IEA'], [], [], [], [], [], [], [], [], [], [], [], [], [], [], [], [], [], [], [], [], [], [], [], [], [], [], [], ['IEA'], [], [], [], [], [], [], [], [], [], [], [], [], [], [], [], [], [], [], [], [], [], [], [], [], [], [], [], [], [], [], [], [], [], [], [], [], [], [], [], [], [], [], [], [], [], [], [], [], [], [], [], [], [], [], [], [], [], [], [], [], [], [], [], [], [], [], [], [], [], [], [], ['IEA'], [], [], ['IEA'], [], [], [], [], [], [], [], [], [], [], [], [], [], [], [], [], [], [], [], [], [], [], [], [], [], [], [], [], [], [], [], [], [], [], [], [], [], [], [], [], []]",response to amphetamine,GO:0001975,0.0013943099596014428,['GO:0014075'],0.023529411764705882,query_1,170,0.14814814814814814,True,GO:BP,27,567,1
"""The directed movement of amines, including polyamines, organic compounds containing one or more amino groups, into, out of or within a cell, or between cells, by means of some agent such as a transporter or pore."" [GOC:ai, ISBN:0198506732]",20972,14831,6,"[[], [], [], [], [], [], [], [], [], [], [], [], [], [], [], [], [], [], [], [], [], [], [], [], [], [], [], [], [], [], [], [], [], [], ['IBA', 'IEA'], [], [], [], [], [], [], [], [], [], [], [], [], [], [], [], [], [], [], [], [], [], [], [], [], [], [], [], [], ['IEA'], [], [], [], [], ['IEA'], [], [], [], [], [], [], [], [], [], [], [], [], [], [], [], [], [], [], [], [], [], [], [], [], [], [], [], [], [], [], [], [], [], [], [], [], [], [], [], [], [], [], [], [], [], [], [], [], [], [], [], [], [], [], [], [], [], [], [], [], [], [], [], [], [], ['IEA'], [], [], [], [], [], [], [], [], [], [], [], [], [], [], [], [], ['ISS'], [], [], [], [], [], [], [], ['ISS'], [], [], [], [], [], [], [], [], [], [], [], [], [], [], [], [], [], [], []]",amine transport,GO:0015837,0.0014655584556607262,['GO:0071705'],0.03529411764705882,query_1,170,0.07058823529411765,True,GO:BP,85,4708,1
"""Any process that modulates the establishment or extent of a membrane potential, the electric potential existing across any membrane arising from charges in the membrane itself and from the charges present in the media on either side of the membrane."" [GOC:jl, GOC:mtg_cardio, GOC:tb, ISBN:0198506732]",20972,19613,13,"[[], [], [], [], [], [], [], [], [], [], [], [], [], [], [], [], [], [], [], [], [], [], [], [], [], [], [], [], [], ['ISS', 'IEA'], [], [], [], [], ['NAS'], [], [], [], [], [], [], [], [], [], [], [], [], [], [], [], [], [], [], [], [], [], [], [], [], [], [], [], ['ISS', 'ISO', 'IBA', 'IEA'], [], ['IDA', 'IMP', 'IBA', 'NAS', 'IEA'], [], [], [], [], ['IBA', 'IEA'], [], [], [], [], [], ['IBA'], ['IBA'], [], [], [], [], ['IBA'], ['IBA'], [], [], [], [], [], [], [], [], [], [], [], [], [], [], ['ISS'], ['ISS'], [], [], [], [], [], [], [], [], [], [], [], [], [], [], [], [], [], [], [], [], [], [], [], [], [], [], [], [], [], [], [], [], [], [], [], ['IEA'], [], [], [], [], [], [], [], [], [], [], [], [], [], [], [], [], [], [], [], [], [], [], [], [], ['IEA'], [], [], [], [], [], [], [], [], [], [], [], [], [], [], [], [], [], [], []]",regulation of membrane potential,GO:0042391,0.0015032146044571932,['GO:0065008'],0.07647058823529412,query_1,170,0.029345372460496615,True,GO:BP,443,9490,1
"""A G protein-coupled receptor signaling pathway in which the signal is transmitted via the activation or inhibition of adenylyl cyclase activity and a subsequent change in the intracellular concentration of cyclic AMP (cAMP)."" [GOC:mah, GOC:signaling, ISBN:0815316194]",20972,12734,10,"[[], [], ['IMP'], [], [], ['ISS', 'IBA'], [], ['IBA'], ['IBA', 'TAS'], [], [], [], [], [], [], [], [], [], [], [], [], [], [], [], [], [], [], [], [], [], [], [], [], [], ['IDA', 'IBA', 'IEA'], [], [], [], [], [], [], [], [], [], [], [], [], [], [], [], [], [], [], [], [], [], [], [], ['IDA'], [], [], [], [], ['IEA'], [], [], [], [], [], [], [], [], [], [], [], [], [], [], [], [], [], [], [], [], [], [], [], [], [], [], [], [], [], [], [], [], ['TAS'], [], [], [], [], [], [], [], [], [], [], [], [], [], [], [], [], [], [], [], [], [], [], [], [], [], [], [], [], [], [], [], [], [], [], [], [], [], [], [], [], [], [], [], [], [], [], [], [], [], [], [], [], [], [], [], [], [], [], [], [], [], [], [], [], [], [], [], [], [], [], [], [], [], ['IDA', 'IBA', 'IEA'], ['IDA', 'IBA'], [], [], [], [], [], [], []]",adenylate cyclase-modulating G protein-coupled receptor signaling pathway,GO:0007188,0.0015970960057956217,['GO:0007186'],0.058823529411764705,query_1,170,0.037037037037037035,True,GO:BP,270,2611,1
"""The directed movement of substances (such as macromolecules, small molecules, ions) or cellular components (such as complexes and organelles) into, out of or within a cell, or between cells, or within a multicellular organism by means of some agent such as a transporter or a transporter complex, a pore or a motor protein."" [GOC:dos, GOC:dph, GOC:jl, GOC:mah]",20972,12485,57,"[['IBA'], [], ['IDA', 'IMP', 'IGI', 'ISS', 'IBA', 'IEA'], [], [], [], [], [], [], ['IEA'], ['ISO', 'IBA', 'TAS', 'IEA'], [], [], [], [], [], ['IBA', 'IEA'], ['TAS', 'NAS'], ['IEA'], [], [], [], [], ['IMP'], [], [], ['TAS'], [], ['IDA', 'ISS', 'IBA'], [], ['IMP'], [], [], ['IMP', 'IBA', 'IEA'], ['IDA', 'ISS', 'IBA', 'IC', 'IEA'], [], [], [], [], ['IEA'], [], [], [], ['IDA'], [], [], [], [], [], [], [], [], [], [], ['ISS', 'IEA'], [], [], ['IBA', 'IEA'], [], [], ['IEA'], [], ['IDA', 'IMP', 'ISS', 'ISO', 'IEA'], ['IEA'], ['IMP', 'ISS', 'IBA', 'NAS', 'IEA'], [], [], [], ['IDA', 'IMP', 'IBA', 'IEA'], ['IBA', 'IEA'], [], [], [], ['IDA'], ['TAS', 'IEA'], ['IDA', 'IBA', 'TAS', 'IEA'], ['IDA', 'IBA', 'IEA'], ['ISS', 'IBA', 'IEA'], ['ISS', 'IBA', 'IEA'], ['IBA', 'TAS', 'IEA'], ['IBA', 'IEA'], ['IDA', 'ISS', 'IBA', 'TAS', 'IEA'], ['ISS', 'IBA', 'TAS', 'IEA'], [], [], [], [], [], [], [], [], [], [], [], [], [], ['IEA'], ['ISS'], [], ['IEA'], [], [], [], [], ['NAS'], ['IDA', 'IC'], [], [], [], ['IEA'], [], [], [], [], [], [], ['IEA'], [], [], [], ['TAS', 'IEA'], [], [], [], [], [], [], [], [], ['IDA', 'IMP', 'IEA'], [], ['IEA'], [], ['IMP', 'ISS', 'IEA'], ['IEA'], [], [], ['IEA'], [], [], [], [], [], [], [], [], [], [], [], [], ['ISS', 'IBA', 'TAS', 'IEA'], ['IDA', 'ISS', 'TAS', 'IEA'], ['IMP', 'IBA', 'TAS', 'IEA'], ['IDA', 'IMP', 'IBA', 'IEA'], ['IDA', 'IBA', 'IEA'], ['IEA'], ['IBA', 'IEA'], [], [], ['IDA', 'ISS', 'IBA', 'TAS', 'IEA'], [], [], [], [], [], ['IEA'], [], [], [], [], ['ISS', 'IBA', 'TAS'], [], ['IEA'], [], [], [], [], [], []]",transport,GO:0006810,0.0016313748752563514,['GO:0051234'],0.3352941176470588,query_1,170,0.013043478260869565,True,GO:BP,4370,2362,1
"""Learning by associating a stimulus (the cause) with a particular outcome (the effect)."" [ISBN:0582227089]",20972,13145,6,"[[], [], [], [], [], [], [], [], [], [], [], [], [], [], [], [], [], [], [], [], [], [], [], [], [], [], [], [], [], [], [], [], [], [], ['ISS', 'IEA'], [], [], [], [], [], [], [], [], [], [], [], [], [], [], [], [], [], [], [], [], [], [], [], [], [], [], [], ['IEA'], [], [], [], [], ['IEA'], [], [], [], [], [], [], [], [], [], [], [], [], [], [], [], [], [], [], [], [], [], [], [], [], [], [], [], [], [], [], [], [], [], [], [], [], [], [], ['IEA'], [], [], [], [], [], [], [], [], [], [], [], [], [], [], [], [], [], [], [], [], [], [], [], [], [], [], [], [], [], [], [], [], [], [], [], [], [], [], [], [], [], [], [], [], [], [], [], [], [], [], [], [], [], [], ['ISS'], ['IEA'], [], [], [], [], [], [], [], [], [], [], [], [], [], [], [], []]",associative learning,GO:0008306,0.0016313748752563514,['GO:0007612'],0.03529411764705882,query_1,170,0.06896551724137931,True,GO:BP,87,3022,1
Neuroactive ligand-receptor interaction,8716,39008,13,"[[], [], [], [], [], [], [], [], ['KEGG'], [], [], [], [], [], [], [], [], [], [], [], ['KEGG'], [], [], [], [], [], [], [], [], [], [], [], [], [], ['KEGG'], [], [], [], [], ['KEGG'], [], [], [], [], [], [], [], [], [], [], [], [], [], [], [], [], [], [], ['KEGG'], [], [], [], ['KEGG'], ['KEGG'], [], [], [], ['KEGG'], ['KEGG'], [], [], [], [], [], [], [], [], [], [], [], [], [], [], [], [], [], [], [], [], [], [], [], [], [], [], [], ['KEGG'], [], [], [], [], [], [], [], [], [], [], [], [], [], [], [], [], [], [], [], [], [], [], [], [], [], [], [], [], [], [], [], [], [], [], [], [], [], [], [], [], [], [], [], [], [], [], [], [], [], [], [], [], [], [], [], [], [], [], [], [], [], [], [], [], [], [], [], ['KEGG'], [], [], [], [], [], ['KEGG'], ['KEGG'], [], [], [], [], [], [], []]",Neuroactive ligand-receptor interaction,KEGG:04080,0.0016709895495190309,['KEGG:00000'],0.16883116883116883,query_1,77,0.035422343324250684,True,KEGG,367,270,27
"""Any process that stops, prevents, or reduces the frequency, rate or extent of signal transduction."" [GOC:sm]",20972,13768,25,"[[], [], [], [], [], [], [], [], [], [], [], [], [], [], ['IEA'], [], [], [], [], [], [], [], [], [], [], [], [], [], ['IDA'], [], [], [], ['IMP', 'IEA'], [], ['ISS', 'NAS', 'IEA'], [], ['IMP'], [], ['IEA'], [], [], [], [], [], [], [], [], [], [], [], [], ['ISS'], [], [], ['IDA', 'IEA'], ['IEA'], [], [], [], [], [], [], [], [], [], ['TAS'], [], [], [], [], [], [], [], ['ISS', 'IEA'], [], [], [], [], [], [], [], [], [], [], [], [], [], [], [], [], [], [], [], [], [], [], [], [], ['IDA'], [], [], ['ISS', 'IEA'], [], [], [], ['IEA'], [], [], ['IDA', 'ISS', 'IEA'], ['IEA'], [], [], [], [], [], [], [], [], ['IDA', 'ISS', 'IEA'], [], [], [], [], [], [], [], [], [], [], ['IDA'], [], ['IEA'], ['IDA', 'IMP'], [], ['IEA'], ['IEA'], ['IEA'], ['IEA'], [], [], [], [], [], [], [], [], [], [], [], [], [], [], [], [], [], [], [], [], [], [], [], [], [], [], [], [], [], [], ['IMP', 'ISS', 'IEA'], [], [], [], [], [], [], [], [], [], []]",negative regulation of signal transduction,GO:0009968,0.0017267704466023073,"['GO:0007165', 'GO:0009966', 'GO:0010648', 'GO:0023057', 'GO:0048585']",0.14705882352941177,query_1,170,0.018642803877703208,True,GO:BP,1341,3645,1
"""The directed movement of a monoatomic ion into, out of or within a cell, or between cells, by means of some agent such as a transporter or pore. Monatomic ions (also called simple ions) are ions consisting of exactly one atom."" [GOC:ai]",20972,12486,24,"[[], [], [], [], [], [], [], [], [], [], ['ISO', 'IBA', 'TAS', 'IEA'], [], [], [], [], [], [], ['TAS'], [], [], [], [], [], [], [], [], [], [], [], [], [], [], [], [], ['ISS', 'IBA', 'IEA'], [], [], [], [], ['IEA'], [], [], [], [], [], [], [], [], [], [], [], [], [], [], [], [], [], ['IBA', 'IEA'], [], [], [], [], ['IDA', 'IMP', 'ISS', 'ISO', 'IEA'], [], ['IMP', 'ISS', 'IBA', 'NAS', 'IEA'], [], [], [], ['IDA', 'IMP', 'IBA', 'IEA'], ['IBA', 'IEA'], [], [], [], [], [], ['IDA', 'IBA', 'TAS', 'IEA'], ['IDA', 'IBA', 'IEA'], ['ISS', 'IBA', 'IEA'], ['ISS', 'IBA', 'IEA'], ['IBA', 'TAS', 'IEA'], ['IBA', 'IEA'], ['IDA', 'ISS', 'IBA', 'TAS', 'IEA'], ['ISS', 'IBA', 'TAS', 'IEA'], [], [], [], [], [], [], [], [], [], [], [], [], [], ['IEA'], [], [], [], [], [], [], [], [], [], [], [], [], [], [], [], [], [], [], [], [], [], [], [], [], [], [], [], [], [], [], [], [], [], [], [], [], [], ['IEA'], [], [], ['IEA'], [], [], [], [], [], [], [], [], [], [], [], [], ['ISS', 'TAS', 'IEA'], ['IEA'], ['IMP', 'IBA', 'TAS'], ['IDA', 'IMP', 'IBA', 'IEA'], [], [], [], [], [], [], [], [], [], [], [], [], [], [], [], [], [], [], [], [], [], [], [], [], []]",monoatomic ion transport,GO:0006811,0.0017267704466023073,['GO:0006810'],0.1411764705882353,query_1,170,0.01904761904761905,True,GO:BP,1260,2363,1
"""Any process that modulates the frequency, rate or extent of a dopamine receptor signaling pathway activity. A dopamine receptor signaling pathway is the series of molecular signals generated as a consequence of a dopamine receptor binding to one of its physiological ligands."" [GOC:dph]",20972,23540,3,"[[], [], [], [], [], [], [], [], [], [], [], [], [], [], [], [], [], [], [], [], [], [], [], [], [], [], [], [], [], [], [], [], [], [], ['ISS', 'IEA'], [], [], [], [], [], [], [], [], [], [], [], [], [], [], [], [], [], [], [], [], [], [], [], [], [], [], [], [], [], [], [], [], [], [], [], [], [], [], [], [], [], [], [], [], [], [], [], [], [], [], [], [], [], [], [], [], [], [], [], [], [], [], [], [], [], [], [], [], [], [], [], [], [], [], [], [], [], [], [], [], [], [], [], [], [], [], [], [], [], [], [], [], [], [], [], [], [], [], [], ['IEA'], [], ['ISS'], [], [], [], [], [], [], [], [], [], [], [], [], [], [], [], [], [], [], [], [], [], [], [], [], [], [], [], [], [], [], [], [], [], [], [], [], [], [], [], [], [], []]",regulation of dopamine receptor signaling pathway,GO:0060159,0.0017267704466023073,"['GO:0007212', 'GO:0008277']",0.01764705882352941,query_1,170,0.2727272727272727,True,GO:BP,11,13417,1
"""A process that modulates synaptic plasticity, the ability of synapses to change as circumstances require. They may alter function, such as increasing or decreasing their sensitivity, or they may increase or decrease in actual numbers."" [GOC:dph, GOC:jid, GOC:tb, PMID:11891290]",20972,21839,9,"[[], [], [], [], [], [], [], [], [], [], [], [], [], [], [], [], [], ['IBA', 'TAS'], [], [], [], [], [], [], [], [], [], [], [], [], [], [], [], [], ['ISS', 'IEA'], [], [], [], [], [], [], [], [], [], [], [], [], [], [], [], [], [], [], [], [], [], [], [], [], [], [], [], ['ISS', 'IBA', 'NAS', 'IEA'], ['IEA'], [], [], [], ['IEA'], [], [], [], [], [], [], [], [], [], [], [], [], [], [], [], [], [], [], [], [], [], [], [], [], [], [], [], [], [], ['ISS'], [], [], [], [], [], [], [], [], ['ISS', 'IEA'], [], [], [], [], [], [], [], [], [], [], [], [], [], [], [], [], [], [], [], [], [], [], [], [], [], [], [], [], [], [], [], [], [], [], [], [], [], [], [], [], [], [], [], [], ['ISS'], [], [], [], [], [], [], [], [], [], [], [], [], [], [], [], ['ISS'], [], [], [], [], [], [], [], [], [], [], []]",regulation of synaptic plasticity,GO:0048167,0.0017267704466023073,"['GO:0050804', 'GO:0065008']",0.052941176470588235,query_1,170,0.04072398190045249,True,GO:BP,221,11716,1
"""The directed movement of hormones into, out of or within a cell, or between cells, by means of some agent such as a transporter or pore."" [GOC:tb]",20972,13732,11,"[['IBA'], [], [], [], [], [], [], [], [], [], [], [], [], [], [], [], [], ['NAS'], [], [], [], [], [], [], [], [], [], [], ['IDA', 'IBA'], [], [], [], [], [], ['ISS', 'IEA'], [], [], [], [], [], [], [], [], [], [], [], [], [], [], [], [], [], [], [], ['ISS', 'IEA'], [], [], [], [], [], [], [], [], [], [], [], [], [], [], [], [], [], [], ['IDA'], ['IEA'], [], [], [], [], [], [], [], [], [], [], [], [], [], [], [], [], [], [], [], [], [], [], [], [], [], [], [], [], [], [], ['IDA', 'IC'], [], [], [], [], [], [], [], [], [], [], [], [], [], [], [], [], [], [], [], [], [], [], [], [], [], [], [], [], [], [], [], [], [], [], [], [], [], [], [], [], [], [], [], [], [], [], [], [], [], [], [], [], [], ['TAS', 'IEA'], [], [], [], [], [], [], [], [], [], [], ['ISS'], [], ['IEA'], [], [], [], [], [], []]",hormone transport,GO:0009914,0.0017267704466023073,"['GO:0006810', 'GO:0010817']",0.06470588235294118,query_1,170,0.03333333333333333,True,GO:BP,330,3609,1
"""The process in which nerve cells are generated in the forebrain. This includes the production of neuroblasts from and their differentiation into neurons."" [GO_REF:0000021, GOC:cls, GOC:dgh, GOC:dph, GOC:jid]",20972,16141,6,"[[], [], [], [], [], [], [], [], [], [], [], [], [], [], [], [], [], [], [], [], [], [], [], [], [], [], [], [], [], [], [], [], ['IEA'], [], ['ISS', 'IEA'], [], [], [], [], [], [], ['IEA'], ['IEA'], [], [], [], [], [], [], [], [], [], [], [], [], [], [], [], [], [], [], [], [], [], [], [], [], [], [], [], [], [], [], [], [], [], [], [], [], [], [], [], [], [], [], [], [], ['IBA'], [], [], [], [], [], [], [], [], [], [], [], [], [], [], [], [], [], [], [], [], [], [], [], [], [], [], [], [], [], [], [], [], [], [], [], [], [], [], [], [], [], [], [], [], [], [], [], [], [], [], [], [], [], [], [], [], [], [], [], [], [], [], [], [], [], [], [], [], [], [], [], [], [], [], ['IBA', 'IEA'], [], [], [], [], [], [], [], [], [], [], [], [], [], [], [], []]",forebrain generation of neurons,GO:0021872,0.0017796933491267708,"['GO:0030900', 'GO:0048699']",0.03529411764705882,query_1,170,0.06741573033707865,True,GO:BP,89,6018,1
"""Any process that activates or increases the frequency, rate or extent of neuron differentiation."" [GOC:go_curators]",20972,20871,6,"[[], [], [], [], [], [], [], [], [], [], [], [], [], [], [], [], [], [], [], [], [], [], [], [], [], [], [], [], [], [], [], [], ['ISS', 'IEA'], [], [], [], [], [], [], [], [], [], [], [], [], ['IEA'], [], [], [], [], [], [], [], [], [], [], [], [], [], [], [], [], [], [], [], [], [], [], [], [], [], [], [], [], [], [], [], [], [], [], [], [], [], [], [], [], [], [], [], [], [], [], [], [], [], [], [], ['ISS'], [], [], [], [], [], [], [], ['ISS', 'IEA'], ['ISS', 'IEA'], [], [], [], [], [], [], [], [], [], [], [], [], [], [], [], [], ['IMP'], [], [], [], [], [], [], [], [], [], [], [], [], [], [], [], [], [], [], [], [], [], [], [], [], [], [], [], [], [], [], [], [], [], [], [], [], [], [], [], [], [], [], [], [], [], [], [], [], [], [], [], [], [], [], []]",positive regulation of neuron differentiation,GO:0045666,0.0018825941435803544,"['GO:0030182', 'GO:0045597', 'GO:0045664']",0.03529411764705882,query_1,170,0.06666666666666667,True,GO:BP,90,10748,1
"""The process whose specific outcome is the progression of the retina over time, from its formation to the mature structure. The retina is the innermost layer or coating at the back of the eyeball, which is sensitive to light and in which the optic nerve terminates."" [GOC:bf, GOC:dph, ISBN:0815340729]",20972,23450,8,"[[], [], [], [], [], [], [], [], [], [], [], [], [], [], [], [], [], [], [], [], [], [], [], [], [], [], [], [], [], [], [], [], ['ISS', 'IEA'], [], [], ['ISS', 'IEA'], [], [], [], [], [], [], [], [], [], [], [], [], [], [], [], [], [], [], [], [], [], [], [], [], [], [], [], [], ['IEA'], [], [], [], [], [], [], [], [], [], [], [], [], [], [], [], [], [], [], [], [], [], [], [], [], [], [], [], [], [], [], [], [], [], [], [], [], [], [], [], [], ['ISS', 'IEA'], [], [], [], [], [], [], [], [], [], [], [], [], [], [], [], [], [], [], [], [], [], [], [], [], [], [], [], [], [], [], [], [], [], [], ['ISS', 'IEA'], [], [], [], [], [], [], [], [], ['ISS'], ['IEA'], [], [], [], [], [], [], [], [], [], [], [], [], [], ['IEA'], [], [], [], [], [], [], [], [], [], [], [], [], [], []]",retina development in camera-type eye,GO:0060041,0.0018911733713017445,"['GO:0043010', 'GO:0048856']",0.047058823529411764,query_1,170,0.045714285714285714,True,GO:BP,175,13327,1
"""Any process that modulates the frequency, rate or extent of cellular DNA-templated transcription."" [GOC:go_curators, GOC:txnOH]",20972,12147,47,"[[], [], [], [], [], [], [], [], [], [], [], [], [], ['IDA', 'IBA', 'IEA'], [], [], [], [], [], [], [], [], [], ['IMP'], [], [], [], [], [], ['IDA', 'IBA', 'IEA'], [], [], ['IMP', 'ISS', 'IBA', 'IEA'], [], ['IEA'], [], [], [], ['IEA'], ['IMP', 'ISS', 'IEA'], [], [], ['IBA', 'IEA'], [], ['IDA', 'IBA', 'IEA'], ['IDA', 'IMP', 'IBA', 'IEA'], [], [], [], [], [], [], [], [], ['IDA', 'IMP', 'ISS', 'IBA', 'IEA'], [], [], [], [], [], [], [], [], [], [], [], ['IDA', 'IBA', 'IEA'], [], [], [], ['IDA', 'IMP', 'ISS', 'IBA', 'IEA'], [], ['IDA', 'IBA', 'IEA'], ['IGI', 'ISS', 'IBA', 'IEA'], [], [], [], ['IDA', 'IBA'], [], [], [], [], [], [], [], [], [], ['IBA', 'IEA'], ['IEA'], [], [], [], [], ['IMP', 'ISS', 'IBA', 'NAS', 'IEA'], [], [], [], ['IDA', 'IMP', 'IBA', 'IEA'], ['IDA'], [], ['IMP'], ['ISS'], ['IBA', 'IEA'], [], [], ['IDA', 'ISS', 'IBA', 'IEA'], ['IBA', 'TAS', 'IEA'], ['IBA', 'IEA'], ['ISS', 'IEA'], [], [], [], [], [], [], [], [], [], ['IDA', 'IBA', 'IEA'], [], [], [], ['IEA'], [], [], [], ['IEA'], ['IBA', 'TAS', 'IEA'], [], ['IDA'], ['ISS', 'IEA'], [], [], [], [], [], [], [], [], [], ['ISS', 'IBA', 'TAS', 'IEA'], [], [], ['IMP', 'IBA'], ['IDA', 'IMP', 'IBA', 'IEA'], ['IDA', 'IBA', 'IEA'], [], [], [], ['IDA', 'IBA', 'IEA'], [], [], [], [], [], [], [], [], [], [], [], [], ['IDA', 'IBA', 'IEA'], [], ['IDA', 'IBA', 'IEA'], [], [], ['IDA', 'IBA'], ['IDA', 'IMP', 'ISS', 'IBA', 'IEA'], [], [], [], [], [], [], ['IDA', 'IBA', 'NAS', 'IEA'], ['IDA', 'ISS', 'IBA'], ['IDA', 'ISS', 'IBA', 'TAS', 'IEA'], ['IBA']]",regulation of DNA-templated transcription,GO:0006355,0.0019649249467366663,"['GO:0006351', 'GO:0010468', 'GO:2001141']",0.27647058823529413,query_1,170,0.013884785819793206,True,GO:BP,3385,2024,1
"""Any process that modulates the frequency, rate or extent of RNA biosynthetic process."" [GOC:dph]",20972,34540,47,"[[], [], [], [], [], [], [], [], [], [], [], [], [], ['IDA', 'IBA', 'IEA'], [], [], [], [], [], [], [], [], [], ['IMP'], [], [], [], [], [], ['IDA', 'IBA', 'IEA'], [], [], ['IMP', 'ISS', 'IBA', 'IEA'], [], ['IEA'], [], [], [], ['IEA'], ['IMP', 'ISS', 'IEA'], [], [], ['IBA', 'IEA'], [], ['IDA', 'IBA', 'IEA'], ['IDA', 'IMP', 'IBA', 'IEA'], [], [], [], [], [], [], [], [], ['IDA', 'IMP', 'ISS', 'IBA', 'IEA'], [], [], [], [], [], [], [], [], [], [], [], ['IDA', 'IBA', 'IEA'], [], [], [], ['IDA', 'IMP', 'ISS', 'IBA', 'IEA'], [], ['IDA', 'IBA', 'IEA'], ['IGI', 'ISS', 'IBA', 'IEA'], [], [], [], ['IDA', 'IBA'], [], [], [], [], [], [], [], [], [], ['IBA', 'IEA'], ['IEA'], [], [], [], [], ['IMP', 'ISS', 'IBA', 'NAS', 'IEA'], [], [], [], ['IDA', 'IMP', 'IBA', 'IEA'], ['IDA'], [], ['IMP'], ['ISS'], ['IBA', 'IEA'], [], [], ['IDA', 'ISS', 'IBA', 'IEA'], ['IBA', 'TAS', 'IEA'], ['IBA', 'IEA'], ['ISS', 'IEA'], [], [], [], [], [], [], [], [], [], ['IDA', 'IBA', 'IEA'], [], [], [], ['IEA'], [], [], [], ['IEA'], ['IBA', 'TAS', 'IEA'], [], ['IDA'], ['ISS', 'IEA'], [], [], [], [], [], [], [], [], [], ['ISS', 'IBA', 'TAS', 'IEA'], [], [], ['IMP', 'IBA'], ['IDA', 'IMP', 'IBA', 'IEA'], ['IDA', 'IBA', 'IEA'], [], [], [], ['IDA', 'IBA', 'IEA'], [], [], [], [], [], [], [], [], [], [], [], [], ['IDA', 'IBA', 'IEA'], [], ['IDA', 'IBA', 'IEA'], [], [], ['IDA', 'IBA'], ['IDA', 'IMP', 'ISS', 'IBA', 'IEA'], [], [], [], [], [], [], ['IDA', 'IBA', 'NAS', 'IEA'], ['IDA', 'ISS', 'IBA'], ['IDA', 'ISS', 'IBA', 'TAS', 'IEA'], ['IBA']]",regulation of RNA biosynthetic process,GO:2001141,0.002130645449776703,"['GO:0010556', 'GO:0032774', 'GO:0051252']",0.27647058823529413,query_1,170,0.0138357374153665,True,GO:BP,3397,24417,1
"""Any process in which a cell, a substance, or a cellular entity, such as a protein complex or organelle, is transported, tethered to or otherwise maintained in a specific location. In the case of substances, localization may also be achieved via selective degradation."" [GOC:ai, GOC:dos]",20972,22788,67,"[['IBA'], [], ['IDA', 'IMP', 'IGI', 'ISS', 'IBA', 'TAS', 'IEA'], [], [], [], [], [], [], ['IEA'], ['ISO', 'IBA', 'TAS', 'IEA'], [], [], [], ['IEA'], [], ['IBA', 'IEA'], ['IBA', 'TAS', 'NAS'], ['IEA'], [], [], [], [], ['IMP'], [], [], ['TAS'], [], ['IDA', 'ISS', 'IBA'], [], ['IMP'], [], [], ['IMP', 'IBA', 'IEA'], ['IDA', 'ISS', 'IBA', 'IC', 'IEA'], [], ['IMP'], [], [], ['IEA'], [], [], [], ['IDA'], [], [], [], [], [], [], [], ['ISS'], [], [], ['ISS', 'IEA'], [], [], ['IBA', 'IEA'], [], [], ['IEA'], [], ['IDA', 'IMP', 'ISS', 'ISO', 'IEA'], ['IEA'], ['IMP', 'ISS', 'IBA', 'NAS', 'IEA'], [], [], [], ['IDA', 'IMP', 'IBA', 'IEA'], ['IBA', 'IEA'], [], [], [], ['IDA'], ['TAS', 'IEA'], ['IDA', 'IBA', 'TAS', 'IEA'], ['IDA', 'IBA', 'IEA'], ['ISS', 'IBA', 'IEA'], ['ISS', 'IBA', 'IEA'], ['IBA', 'TAS', 'IEA'], ['IBA', 'IEA'], ['IDA', 'ISS', 'IBA', 'TAS', 'IEA'], ['ISS', 'IBA', 'TAS', 'IEA'], [], [], [], [], [], [], ['IMP', 'TAS'], [], [], ['IBA', 'IEA'], [], [], [], ['IEA'], ['ISS'], [], ['IEA'], [], [], [], [], ['NAS'], ['IDA', 'IC'], [], [], [], ['IEA'], [], [], [], [], [], ['IEA'], ['IEA'], [], [], [], ['IDA', 'TAS', 'IEA'], [], [], [], [], [], [], [], [], ['IDA', 'IMP', 'IEA'], ['IDA', 'IBA'], ['IEA'], [], ['IMP', 'ISS', 'IEA'], ['IEA'], [], [], ['IEA'], [], [], [], [], [], [], [], [], ['IBA'], [], [], [], ['ISS', 'IBA', 'TAS', 'IEA'], ['IDA', 'ISS', 'TAS', 'IEA'], ['IMP', 'ISS', 'IBA', 'TAS', 'IEA'], ['IDA', 'IMP', 'IBA', 'IEA'], ['IDA', 'IBA', 'IEA'], ['IEA'], ['IBA', 'IEA'], [], [], ['IDA', 'ISS', 'IBA', 'TAS', 'IEA'], [], [], [], ['IEA'], [], ['IEA'], [], [], [], [], ['IDA', 'ISS', 'IBA', 'TAS', 'IEA'], [], ['IEA'], [], [], ['IEA'], [], [], []]",localization,GO:0051179,0.0021383617966819935,['GO:0008150'],0.3941176470588235,query_1,170,0.012197342071727653,True,GO:BP,5493,12665,1
"""The process in which a relatively unspecialized cell acquires specialized features of an amacrine cell, an interneuron generated in the inner nuclear layer (INL) of the vertebrate retina. Amacrine cells integrate, modulate, and interpose a temporal domain in the visual message presented to the retinal ganglion cells, with which they synapse in the inner plexiform layer. Amacrine cells lack large axons."" [CL:0000561, GOC:bf]",20972,18830,3,"[[], [], [], [], [], [], [], [], [], [], [], [], [], [], [], [], [], [], [], [], [], [], [], [], [], [], [], [], [], [], [], [], ['ISS', 'IEA'], [], [], [], [], [], [], [], [], [], [], [], [], [], [], [], [], [], [], [], [], [], [], [], [], [], [], [], [], [], [], [], [], [], [], [], [], [], [], [], [], [], [], [], [], [], [], [], [], [], [], [], [], [], [], [], [], [], [], [], [], [], [], [], [], [], [], [], [], [], [], [], [], ['ISS', 'IEA'], [], [], [], [], [], [], [], [], [], [], [], [], [], [], [], [], [], [], [], [], [], [], [], [], [], [], [], [], [], [], [], [], [], [], ['ISS'], [], [], [], [], [], [], [], [], [], [], [], [], [], [], [], [], [], [], [], [], [], [], [], [], [], [], [], [], [], [], [], [], [], [], [], [], [], []]",amacrine cell differentiation,GO:0035881,0.0021386291530812256,"['GO:0003407', 'GO:0021953']",0.01764705882352941,query_1,170,0.25,True,GO:BP,12,8707,1
"""Development of a cone cell, one of the sensory cells in the eye that reacts to the presence of light. Cone cells contain the photopigment iodopsin or cyanopsin and are responsible for photopic (daylight) vision."" [ISBN:0198506732]",20972,21519,3,"[[], [], [], [], [], [], [], [], [], [], [], [], [], [], [], [], [], [], [], [], [], [], [], [], [], [], [], [], [], [], [], [], [], [], [], [], [], [], [], [], [], [], [], [], [], [], [], [], [], [], [], [], [], [], [], [], [], [], [], [], [], [], [], [], ['IEA'], [], [], [], [], [], [], [], [], [], [], [], [], [], [], [], [], [], [], [], [], [], [], [], [], [], [], [], [], [], [], [], [], [], [], [], [], [], [], [], [], [], [], [], [], [], [], [], [], [], [], [], [], [], [], [], [], [], [], [], [], [], [], [], [], [], [], [], [], [], [], [], [], [], [], [], ['ISS', 'IEA'], [], [], [], [], [], [], [], [], [], [], [], [], [], [], [], [], [], [], [], [], [], [], [], ['IEA'], [], [], [], [], [], [], [], [], [], [], [], [], [], []]",retinal cone cell development,GO:0046549,0.0021386291530812256,"['GO:0042462', 'GO:0042670']",0.01764705882352941,query_1,170,0.25,True,GO:BP,12,11396,1
"""Any process that modulates the rate or extent of heat generation."" [GOC:dph, GOC:mah, GOC:tb]",20972,16920,3,"[[], [], [], [], [], [], [], [], [], [], [], [], [], [], [], [], [], [], [], [], [], [], [], [], [], [], [], [], [], [], [], [], [], [], [], [], [], [], [], ['IEA'], [], [], [], [], [], [], [], [], [], [], [], [], [], [], [], [], [], [], [], [], [], [], [], [], [], [], [], [], ['IEA'], [], [], [], [], [], [], [], [], [], [], [], [], [], [], [], [], [], [], [], [], [], [], [], [], [], [], [], [], [], [], [], [], [], [], [], [], [], [], [], [], [], [], [], [], [], [], [], [], [], [], [], [], [], [], [], [], [], [], [], [], [], [], ['ISS', 'IEA'], [], [], [], [], [], [], [], [], [], [], [], [], [], [], [], [], [], [], [], [], [], [], [], [], [], [], [], [], [], [], [], [], [], [], [], [], [], [], [], [], [], [], [], [], [], [], []]",regulation of heat generation,GO:0031650,0.0021386291530812256,"['GO:0031649', 'GO:0051239']",0.01764705882352941,query_1,170,0.25,True,GO:BP,12,6797,1
"""Any process that modulates the frequency, rate, or extent of metal ion transport. Metal ion transport is the directed movement of metal ions, any metal ion with an electric charge, into, out of or within a cell, or between cells, by means of some agent such as a transporter or pore."" [GOC:dph, GOC:tb]",20972,14445,11,"[[], [], [], [], [], [], [], [], [], [], [], [], [], [], [], [], [], ['TAS'], [], [], [], [], [], [], [], [], [], [], [], [], [], [], [], [], ['ISS', 'IBA', 'IEA'], [], [], [], [], [], [], [], [], [], [], [], [], [], [], [], [], [], [], [], [], [], [], ['IBA'], [], [], [], [], [], [], [], [], [], [], ['IEA'], [], [], [], [], [], [], [], [], ['ISS', 'IBA'], ['ISS', 'IBA', 'IEA'], [], [], ['IDA', 'ISS', 'IEA'], ['ISS'], [], [], [], [], [], [], [], [], [], [], [], [], [], ['IEA'], [], [], [], [], [], [], [], [], [], [], [], [], [], [], [], [], [], [], [], [], [], [], [], [], [], [], [], [], [], [], [], [], [], [], [], [], [], ['IEA'], [], [], ['IEA'], [], [], [], [], [], [], [], [], [], [], [], [], [], [], [], [], [], [], [], [], [], [], [], [], [], [], [], [], [], [], [], [], [], [], [], [], [], [], [], [], []]",regulation of metal ion transport,GO:0010959,0.0022168396030579846,"['GO:0030001', 'GO:0043269']",0.06470588235294118,query_1,170,0.03216374269005848,True,GO:BP,342,4322,1
"""The directed movement of catecholamines, a group of physiologically important biogenic amines that possess a catechol (3,4-dihydroxyphenyl) nucleus and are derivatives of 3,4-dihydroxyphenylethylamine."" [GOC:ai, ISBN:0198506732]",20972,23197,5,"[[], [], [], [], [], [], [], [], [], [], [], [], [], [], [], [], [], [], [], [], [], [], [], [], [], [], [], [], [], [], [], [], [], [], ['ISS', 'IBA', 'IC', 'IEA'], [], [], [], [], [], [], [], [], [], [], [], [], [], [], [], [], [], [], [], [], [], [], [], [], [], [], [], [], ['IEA'], [], [], [], [], ['IEA'], [], [], [], [], [], [], [], [], [], [], [], [], [], [], [], [], [], [], [], [], [], [], [], [], [], [], [], [], [], [], [], [], [], [], [], [], [], [], [], [], [], [], [], [], [], [], [], [], [], [], [], [], [], [], [], [], [], [], [], [], [], [], [], [], [], [], [], [], [], [], [], [], [], [], [], [], [], [], [], [], [], [], [], [], [], [], [], [], [], [], ['ISS'], [], [], [], [], [], [], [], [], [], [], ['IBA'], [], [], [], [], [], [], [], []]",catecholamine transport,GO:0051937,0.0024073952701125154,"['GO:0015844', 'GO:0015850']",0.029411764705882353,query_1,170,0.08333333333333333,True,GO:BP,60,13074,1
"""Any process that enhances the establishment or increases the extent of the excitatory postsynaptic potential (EPSP) which is a temporary increase in postsynaptic potential due to the flow of positively charged ions into the postsynaptic cell. The flow of ions that causes an EPSP is an excitatory postsynaptic current (EPSC) and makes it easier for the neuron to fire an action potential."" [GOC:bf, GOC:BHF]",20972,34018,4,"[[], [], [], [], [], [], [], [], [], [], [], [], [], [], [], [], [], [], [], [], [], [], [], [], [], [], [], [], [], ['ISS', 'IEA'], [], [], [], [], [], [], [], [], [], [], [], [], [], [], [], [], [], [], [], [], [], [], [], [], [], [], [], [], [], [], [], [], ['ISS', 'ISO'], [], [], [], [], [], [], [], [], [], [], [], [], [], [], [], [], [], [], [], [], [], [], [], [], [], [], [], [], [], [], [], [], [], [], [], [], [], [], [], [], [], [], [], [], [], [], [], [], [], [], [], [], [], [], [], [], [], [], [], [], [], [], [], [], [], [], [], [], [], [], [], ['IEA'], [], [], [], [], [], [], [], [], [], [], [], [], [], [], [], [], [], [], [], [], [], [], [], [], ['IEA'], [], [], [], [], [], [], [], [], [], [], [], [], [], [], [], [], [], [], []]",positive regulation of excitatory postsynaptic potential,GO:2000463,0.0024073952701125154,"['GO:0009967', 'GO:0060079', 'GO:0098815']",0.023529411764705882,query_1,170,0.125,True,GO:BP,32,23895,1
"""Any process that modulates the frequency, rate or extent of potassium ion transmembrane transport."" [GOC:BHF, GOC:TermGenie]",20972,30159,5,"[[], [], [], [], [], [], [], [], [], [], [], [], [], [], [], [], [], [], [], [], [], [], [], [], [], [], [], [], [], [], [], [], [], [], [], [], [], [], [], [], [], [], [], [], [], [], [], [], [], [], [], [], [], [], [], [], [], [], [], [], [], [], [], [], [], [], [], [], [], [], [], [], [], [], [], [], [], ['ISS', 'IBA'], ['ISS', 'IBA', 'IEA'], [], [], ['IDA', 'ISS', 'IEA'], ['ISS'], [], [], [], [], [], [], [], [], [], [], [], [], [], [], [], [], [], [], [], [], [], [], [], [], [], [], [], [], [], [], [], [], [], [], [], [], [], [], [], [], [], [], [], [], [], [], [], [], [], [], [], ['IEA'], [], [], [], [], [], [], [], [], [], [], [], [], [], [], [], [], [], [], [], [], [], [], [], [], [], [], [], [], [], [], [], [], [], [], [], [], [], [], [], [], [], [], [], []]",regulation of potassium ion transmembrane transport,GO:1901379,0.0024073952701125154,"['GO:0043266', 'GO:0071805', 'GO:1904062']",0.029411764705882353,query_1,170,0.08333333333333333,True,GO:BP,60,20036,1
"""The series of molecular signals initiated by a ligand binding to its receptor, in which the activated receptor promotes the exchange of GDP for GTP on the alpha-subunit of an associated heterotrimeric G-protein complex. The GTP-bound activated alpha-G-protein then dissociates from the beta- and gamma-subunits to further transmit the signal within the cell. The pathway begins with receptor-ligand interaction, and ends with regulation of a downstream cellular process. The pathway can start from the plasma membrane, Golgi or nuclear membrane."" [GOC:bf, GOC:mah, PMID:16902576, PMID:24568158, Wikipedia:G_protein-coupled_receptor]",20972,12732,24,"[[], [], ['IMP'], [], [], ['ISS', 'IBA'], ['TAS', 'IEA'], ['IBA', 'TAS', 'NAS', 'IEA'], ['IBA', 'TAS', 'IEA'], [], [], ['IEA'], [], [], [], [], [], [], [], [], [], [], [], [], [], [], [], [], [], [], [], [], [], [], ['IDA', 'IGI', 'ISS', 'IBA', 'IEA'], [], [], ['TAS'], [], ['IDA', 'IMP', 'IBA', 'TAS', 'IEA'], [], [], [], [], [], [], [], [], [], [], [], [], [], [], [], [], [], [], ['IDA', 'TAS', 'IEA'], [], [], ['IDA', 'IBA', 'IEA'], [], ['IDA', 'IBA', 'IEA'], [], [], [], ['IDA', 'ISS', 'IBA', 'IEA'], ['IDA', 'IMP', 'IBA', 'IEA'], [], [], [], [], [], [], [], [], [], [], [], [], [], [], [], [], [], [], [], [], [], [], [], [], [], [], [], ['IBA', 'TAS', 'IEA'], [], ['IDA'], [], [], [], [], [], [], [], [], [], [], ['IEA'], [], [], [], [], [], [], [], [], [], [], [], [], [], [], [], [], [], [], [], [], [], [], [], [], ['TAS', 'IEA'], ['IBA', 'TAS', 'IEA'], ['ISS', 'TAS'], ['IBA', 'TAS', 'IEA'], [], [], ['IEA'], [], [], [], [], [], [], [], [], [], [], [], [], [], [], [], [], [], [], [], [], [], [], [], [], [], [], [], [], [], ['IDA', 'IBA', 'TAS', 'IEA'], ['IDA', 'IBA', 'TAS', 'IEA'], [], [], [], [], [], [], []]",G protein-coupled receptor signaling pathway,GO:0007186,0.002534013159156872,['GO:0007165'],0.1411764705882353,query_1,170,0.018475750577367205,True,GO:BP,1299,2609,1
"""Any process that modulates the frequency, rate or extent of the directed movement of ions from one side of a membrane to the other."" [GOC:mah]",20972,18281,10,"[[], [], [], [], [], [], [], [], [], [], ['IEA'], [], [], [], [], [], [], [], [], [], [], [], [], [], [], [], [], [], [], [], [], [], [], [], [], [], [], [], [], [], [], [], [], [], [], [], [], [], [], [], [], [], [], [], [], [], [], ['IBA'], [], [], [], [], ['ISS', 'ISO'], [], [], [], [], [], [], [], [], [], [], [], [], [], [], ['ISS', 'IBA'], ['ISS', 'IBA', 'IEA'], ['IBA'], [], ['IDA', 'ISS', 'IEA'], ['ISS'], [], [], [], [], [], [], [], [], [], [], [], [], [], [], [], [], [], [], [], [], [], [], [], [], [], [], [], [], [], [], [], [], [], [], [], [], [], [], [], [], [], [], [], [], [], [], [], [], [], [], [], ['IEA'], [], [], ['IEA'], [], [], [], [], [], [], [], [], [], [], [], [], [], [], [], [], [], [], [], [], [], [], [], [], [], [], [], [], [], [], [], [], [], [], [], [], [], [], [], [], []]",regulation of monoatomic ion transmembrane transport,GO:0034765,0.0026630403531415973,"['GO:0034220', 'GO:0034762', 'GO:0043269']",0.058823529411764705,query_1,170,0.03424657534246575,True,GO:BP,292,8158,1
"""The process in which a relatively unspecialized cell acquires the specialized features of a photoreceptor cell in a camera-type eye."" [GOC:ascb_2009, GOC:dph, GOC:tb]",20972,23585,4,"[[], [], [], [], [], [], [], [], [], [], [], [], [], [], [], [], [], [], [], [], [], [], [], [], [], [], [], [], [], [], [], [], [], [], [], ['ISS'], [], [], [], [], [], [], [], [], [], [], [], [], [], [], [], [], [], [], [], [], [], [], [], [], [], [], [], [], ['IEA'], [], [], [], [], [], [], [], [], [], [], [], [], [], [], [], [], [], [], [], [], [], [], [], [], [], [], [], [], [], [], [], [], [], [], [], [], [], [], [], [], [], [], [], [], [], [], [], [], [], [], [], [], [], [], [], [], [], [], [], [], [], [], [], [], [], [], [], [], [], [], [], [], [], [], [], ['ISS', 'IEA'], [], [], [], [], [], [], [], [], [], [], [], [], [], [], [], [], [], [], [], [], [], [], [], ['IEA'], [], [], [], [], [], [], [], [], [], [], [], [], [], []]",camera-type eye photoreceptor cell differentiation,GO:0060219,0.0026729033438609795,"['GO:0001754', 'GO:0003407', 'GO:0060042']",0.023529411764705882,query_1,170,0.12121212121212122,True,GO:BP,33,13462,1
"""Any cellular process that modulates the frequency, rate or extent of the chemical reactions and pathways involving nucleobases, nucleosides, nucleotides and nucleic acids."" [GOC:go_curators]",20972,15397,52,"[[], [], [], [], [], [], [], [], [], [], [], [], [], ['IDA', 'IBA', 'IEA'], [], [], [], [], [], [], [], [], [], ['IMP'], [], [], [], [], [], ['IDA', 'IBA', 'IEA'], [], [], ['IMP', 'ISS', 'IBA', 'IEA'], [], ['IEA'], [], [], [], ['IEA'], ['IMP', 'ISS', 'IEA'], [], ['IDA'], ['IBA', 'IEA'], [], ['IDA', 'IBA', 'IEA'], ['IDA', 'IMP', 'IBA', 'IEA'], [], [], [], [], [], [], [], [], ['IDA', 'IMP', 'ISS', 'IBA', 'IEA'], [], [], [], [], [], [], [], [], [], [], [], ['IDA', 'IBA', 'IEA'], [], ['IEA'], [], ['IDA', 'IMP', 'ISS', 'IBA', 'IEA'], [], ['IDA', 'IBA', 'IEA'], ['IGI', 'ISS', 'IBA', 'IEA'], [], [], [], ['IDA', 'IBA'], [], [], [], [], [], ['IBA', 'IEA'], ['IBA', 'IEA'], [], [], ['IBA', 'IEA'], ['IEA'], [], [], [], [], ['IMP', 'ISS', 'IBA', 'NAS', 'IEA'], [], [], [], ['IDA', 'IMP', 'IBA', 'IEA'], ['IDA'], [], ['IMP'], ['ISS'], ['IBA', 'IEA'], [], [], ['IDA', 'ISS', 'IBA', 'IEA'], ['IBA', 'TAS', 'IEA'], ['IBA', 'IEA'], ['ISS', 'IEA'], [], [], [], [], [], [], [], [], [], ['IDA', 'IBA', 'IEA'], [], [], [], ['IEA'], [], [], [], ['IEA'], ['IBA', 'TAS', 'IEA'], [], ['IDA'], ['ISS', 'IEA'], [], [], [], [], [], [], [], [], [], ['ISS', 'IBA', 'TAS', 'IEA'], [], [], ['IMP', 'IBA'], ['IDA', 'IMP', 'IBA', 'IEA'], ['IDA', 'IBA', 'IEA'], [], [], [], ['IDA', 'IBA', 'IEA'], [], [], [], [], [], [], [], [], [], [], [], [], ['IDA', 'IBA', 'IEA'], [], ['IDA', 'IBA', 'IEA'], [], [], ['IDA', 'IBA'], ['IDA', 'IMP', 'ISS', 'IBA', 'IEA'], [], ['ISS'], [], [], [], [], ['IDA', 'IBA', 'NAS', 'IEA'], ['IDA', 'ISS', 'IBA'], ['IDA', 'ISS', 'IBA', 'TAS', 'IEA'], ['IBA']]",regulation of nucleobase-containing compound metabolic process,GO:0019219,0.0028030710072956223,"['GO:0006139', 'GO:0080090']",0.3058823529411765,query_1,170,0.013151239251390997,True,GO:BP,3954,5274,1
"""Any process that modulates the levels of hormone within an organism or a tissue. A hormone is any substance formed in very small amounts in one specialized organ or group of cells and carried (sometimes in the bloodstream) to another organ or group of cells in the same organism, upon which it has a specific regulatory action."" [GOC:BHF, GOC:dph, GOC:tb]",20972,14346,14,"[['IBA'], [], [], [], [], [], [], [], [], [], [], [], [], [], [], [], [], ['NAS'], [], [], [], [], [], [], [], [], [], [], ['IDA', 'IBA'], [], [], [], [], [], ['ISS', 'IEA'], [], [], [], [], ['IEA'], [], [], [], [], [], [], [], [], [], [], [], [], [], [], ['ISS', 'IEA'], [], [], [], [], [], [], [], [], [], [], [], [], [], [], [], [], [], [], ['IDA'], ['IEA'], [], [], [], [], [], [], [], [], [], [], [], [], [], [], [], [], [], [], [], [], [], [], [], [], [], [], [], [], [], [], ['IDA', 'IC'], [], [], [], [], [], [], [], [], [], [], [], [], [], [], [], ['IMP'], [], [], ['IBA', 'IEA'], [], [], [], [], [], [], [], [], [], [], [], [], [], [], [], [], [], [], [], [], [], [], [], [], [], [], [], [], [], [], [], [], [], [], ['TAS', 'IEA'], [], [], [], [], [], [], [], [], [], [], ['ISS'], [], ['IEA'], [], [], [], [], [], []]",regulation of hormone levels,GO:0010817,0.0028701625183049488,['GO:0065008'],0.08235294117647059,query_1,170,0.025594149908592323,True,GO:BP,547,4223,1
"""The process whose specific outcome is the progression of a tissue over time, from its formation to the mature structure."" [ISBN:0471245208]",20972,13710,32,"[[], [], [], [], [], [], [], [], [], [], [], [], [], [], ['IEA'], [], [], [], [], [], [], [], [], [], [], [], [], [], [], [], [], [], [], [], [], [], [], [], ['IDA', 'IBA', 'IEA'], ['IEA'], [], [], ['IEA'], ['ISS'], ['IEA'], [], [], [], [], [], [], [], [], [], [], [], [], [], [], [], [], [], [], [], [], [], [], [], [], [], ['ISS'], [], ['IEA'], ['ISS', 'IEA'], [], [], [], [], [], [], [], [], [], [], [], [], [], [], ['ISS', 'IEA'], ['IMP'], [], [], [], ['IEA'], ['ISS'], [], [], ['IDA', 'IMP', 'ISS'], ['IDA', 'IMP'], [], ['ISS'], [], [], [], [], ['ISS', 'IEA'], [], [], [], [], [], [], ['IEA'], [], [], ['ISS'], [], [], ['IMP', 'ISS', 'IBA', 'TAS', 'IEA'], [], ['IMP'], [], [], [], [], [], [], [], ['IEA'], ['IMP', 'IEA'], [], ['IEA'], [], [], ['IEA'], [], [], [], [], [], [], ['IEA'], [], [], [], ['IEA'], [], [], [], ['ISS'], [], [], [], [], [], [], [], [], [], [], [], [], [], [], ['IEA'], [], [], [], ['IMP', 'IEA'], [], [], [], [], [], [], ['IDA', 'IMP'], ['ISS'], [], []]",tissue development,GO:0009888,0.002963855038655941,['GO:0048856'],0.18823529411764706,query_1,170,0.015888778550148957,True,GO:BP,2014,3587,1
"""The process in which a signal is passed on to downstream components within the cell, which become activated themselves to further propagate the signal and finally trigger a change in the function or state of the cell."" [GOC:bf, GOC:jl, GOC:signaling, ISBN:3527303782]",20972,18628,42,"[[], [], ['IMP'], [], [], ['IEA'], [], [], ['IDA', 'IBA', 'TAS'], [], [], [], [], [], ['IDA', 'IEA'], [], [], [], [], [], [], [], [], ['IDA', 'IMP'], [], [], [], [], [], [], ['IEA'], [], [], [], ['IDA', 'ISS', 'NAS', 'IEA'], [], ['IMP'], [], ['HMP'], ['IMP', 'IEA'], [], [], [], [], [], [], [], [], [], [], [], ['IDA', 'IMP', 'ISS'], [], [], ['IDA'], [], [], [], [], [], [], [], ['IEA'], ['ISS', 'IEA'], [], [], [], [], ['IDA', 'IEA'], [], [], [], [], ['ISS'], ['ISS', 'IBA', 'TAS'], [], [], [], [], [], [], [], [], [], [], [], [], [], [], [], [], [], [], ['NAS'], [], ['IDA', 'IBA', 'IEA'], [], ['IDA', 'IMP', 'ISS'], ['IDA'], [], [], ['ISS', 'IEA'], [], [], ['IBA', 'IEA'], [], ['ISS', 'IEA'], [], ['IDA', 'ISS', 'IBA', 'IEA'], ['IDA', 'IEA'], [], [], ['IDA', 'IBA', 'TAS'], ['TAS'], ['TAS', 'NAS'], [], [], [], ['ISS', 'IEA'], [], ['IDA', 'IMP', 'IBA'], [], [], ['IMP'], [], [], [], [], [], [], [], ['IEA'], [], ['IMP'], [], ['IEA'], [], ['IEA'], ['IMP', 'IBA'], ['IEA'], ['IEA'], [], [], [], [], [], [], [], ['IEA'], [], [], [], [], [], [], [], [], [], [], [], [], [], [], [], ['IDA', 'IBA', 'IEA'], [], [], [], ['IMP', 'ISS', 'IEA'], [], [], [], [], [], [], [], [], [], []]",intracellular signal transduction,GO:0035556,0.0030385402944645055,['GO:0007165'],0.24705882352941178,query_1,170,0.014174822814714817,True,GO:BP,2963,8505,1
"""The process in which anatomical structures are generated and organized during the embryonic phase. The embryonic phase begins with zygote formation. The end of the embryonic phase is organism-specific. For example, it would be at birth for mammals, larval hatching for insects and seed dormancy in plants."" [GOC:jid, GOC:mtg_sensu]",20972,22139,15,"[[], [], [], [], [], [], [], [], [], [], [], [], [], [], [], [], [], [], [], [], [], [], [], [], [], [], [], [], [], [], [], [], [], [], [], [], [], [], [], [], [], [], [], [], ['IEA'], [], [], [], [], [], [], [], [], [], [], [], [], [], [], [], [], [], [], [], [], [], [], [], [], [], ['ISS'], [], ['IEA'], [], [], [], [], [], [], [], [], [], [], [], [], [], [], [], ['ISS', 'IEA'], [], [], [], [], ['IEA'], [], [], [], ['ISS'], [], [], ['ISS'], [], [], [], [], ['ISS', 'IEA'], [], [], [], [], [], [], [], [], [], [], [], [], ['IEA'], [], [], [], [], [], [], [], [], [], [], ['IMP', 'IEA'], [], [], [], [], [], [], [], [], [], [], [], ['IEA'], [], [], [], ['IEA'], [], [], [], ['ISS'], [], [], [], [], [], [], [], [], [], [], [], [], [], [], [], [], [], [], ['IMP', 'TAS', 'IEA'], [], [], [], [], [], [], ['IEA'], [], [], []]",embryonic morphogenesis,GO:0048598,0.003192355877190915,"['GO:0009653', 'GO:0009790']",0.08823529411764706,query_1,170,0.024077046548956663,True,GO:BP,623,12016,1
"""A G protein-coupled receptor signaling pathway initiated by a dopamine binding to its receptor on the surface of a target cell, and ending with the regulation of a downstream cellular process."" [PMID:36757901]",20972,12754,4,"[[], [], [], [], [], [], [], [], [], [], [], [], [], [], [], [], [], [], [], [], [], [], [], [], [], [], [], [], [], [], [], [], [], [], ['IDA', 'IGI', 'ISS', 'IBA', 'IEA'], [], [], [], [], [], [], [], [], [], [], [], [], [], [], [], [], [], [], [], [], [], [], [], [], [], [], [], [], [], [], [], [], [], [], [], [], [], [], [], [], [], [], [], [], [], [], [], [], [], [], [], [], [], [], [], [], [], [], [], [], [], [], [], [], [], [], [], [], [], [], [], [], [], [], [], [], [], [], [], [], [], [], [], [], [], [], [], [], [], [], [], [], [], [], [], [], [], [], [], ['IEA'], [], ['ISS'], ['IBA', 'IEA'], [], [], [], [], [], [], [], [], [], [], [], [], [], [], [], [], [], [], [], [], [], [], [], [], [], [], [], [], [], [], [], [], [], [], [], [], [], [], [], [], []]",G protein-coupled dopamine receptor signaling pathway,GO:0007212,0.0032671467408372256,"['GO:0007186', 'GO:1903351']",0.023529411764705882,query_1,170,0.11428571428571428,True,GO:BP,35,2631,1
"""Any process that stops, prevents, or reduces the frequency, rate or extent of dopamine receptor protein signaling pathway activity. A dopamine receptor signaling pathway is the series of molecular signals generated as a consequence of a dopamine receptor binding to one of its physiological ligands."" [GOC:dph]",20972,23541,2,"[[], [], [], [], [], [], [], [], [], [], [], [], [], [], [], [], [], [], [], [], [], [], [], [], [], [], [], [], [], [], [], [], [], [], ['ISS', 'IEA'], [], [], [], [], [], [], [], [], [], [], [], [], [], [], [], [], [], [], [], [], [], [], [], [], [], [], [], [], [], [], [], [], [], [], [], [], [], [], [], [], [], [], [], [], [], [], [], [], [], [], [], [], [], [], [], [], [], [], [], [], [], [], [], [], [], [], [], [], [], [], [], [], [], [], [], [], [], [], [], [], [], [], [], [], [], [], [], [], [], [], [], [], [], [], [], [], [], [], [], ['IEA'], [], [], [], [], [], [], [], [], [], [], [], [], [], [], [], [], [], [], [], [], [], [], [], [], [], [], [], [], [], [], [], [], [], [], [], [], [], [], [], [], [], [], [], []]",negative regulation of dopamine receptor signaling pathway,GO:0060160,0.003472337504872294,"['GO:0007212', 'GO:0045744', 'GO:0060159']",0.011764705882352941,query_1,170,0.6666666666666666,True,GO:BP,3,13418,1
"""Any process that modulates the rate, frequency or extent of neuron projection development. Neuron projection development is the process whose specific outcome is the progression of a neuron projection over time, from its formation to the mature structure. A neuron projection is any process extending from a neural cell, such as axons or dendrites (collectively called neurites)."" [GOC:dph, GOC:tb]",20972,14460,12,"[[], [], [], [], [], [], [], [], [], [], [], [], [], [], [], [], [], ['IMP', 'IBA'], [], [], [], [], [], [], [], [], [], [], [], ['ISS', 'IEA'], [], [], [], [], [], ['IDA', 'IBA', 'IEA'], [], [], [], [], [], [], [], ['IMP'], [], [], [], [], [], [], [], [], [], [], [], ['IEA'], [], [], [], [], [], [], [], [], [], ['IBA'], [], [], [], [], [], [], [], [], ['IEA'], [], [], [], [], [], [], [], [], [], [], [], [], [], [], [], [], [], [], [], [], [], [], [], [], [], [], [], [], [], [], [], [], [], [], [], [], [], ['IDA'], [], [], [], [], [], [], [], ['IBA'], [], [], [], [], [], [], [], [], [], [], [], [], [], [], [], [], [], [], [], [], [], ['ISS'], [], [], [], [], [], [], [], [], [], [], [], [], ['IMP'], [], [], [], [], [], [], ['IBA', 'IEA'], [], [], [], [], [], [], [], [], [], [], [], [], [], [], [], []]",regulation of neuron projection development,GO:0010975,0.003472337504872294,"['GO:0031175', 'GO:0120035']",0.07058823529411765,query_1,170,0.028169014084507043,True,GO:BP,426,4337,1
"""The series of molecular signals mediated by the detection of low-density lipoprotein particle."" [GOC:BHF, GOC:rl, PMID:16013438]",20972,23394,2,"[[], [], [], [], [], [], [], [], [], [], [], [], [], [], [], [], [], [], [], [], [], [], [], ['IDA'], [], [], [], [], [], [], [], [], [], [], [], [], [], [], [], [], [], [], [], [], [], [], [], [], [], [], [], [], [], [], [], [], [], [], [], [], [], [], [], [], [], [], [], [], [], [], [], [], [], [], [], [], [], [], [], [], [], [], [], [], [], [], [], [], [], ['IMP'], [], [], [], [], [], [], [], [], [], [], [], [], [], [], [], [], [], [], [], [], [], [], [], [], [], [], [], [], [], [], [], [], [], [], [], [], [], [], [], [], [], [], [], [], [], [], [], [], [], [], [], [], [], [], [], [], [], [], [], [], [], [], [], [], [], [], [], [], [], [], [], [], [], [], [], [], [], [], [], [], [], [], [], [], [], [], [], [], []]",low-density lipoprotein particle mediated signaling,GO:0055096,0.003472337504872294,"['GO:0055095', 'GO:0071404']",0.011764705882352941,query_1,170,0.6666666666666666,True,GO:BP,3,13271,1
"""The series of molecular signals mediated by the detection of a lipoprotein particle."" [GOC:BHF, GOC:rl]",20972,23393,2,"[[], [], [], [], [], [], [], [], [], [], [], [], [], [], [], [], [], [], [], [], [], [], [], ['IDA'], [], [], [], [], [], [], [], [], [], [], [], [], [], [], [], [], [], [], [], [], [], [], [], [], [], [], [], [], [], [], [], [], [], [], [], [], [], [], [], [], [], [], [], [], [], [], [], [], [], [], [], [], [], [], [], [], [], [], [], [], [], [], [], [], [], ['IMP'], [], [], [], [], [], [], [], [], [], [], [], [], [], [], [], [], [], [], [], [], [], [], [], [], [], [], [], [], [], [], [], [], [], [], [], [], [], [], [], [], [], [], [], [], [], [], [], [], [], [], [], [], [], [], [], [], [], [], [], [], [], [], [], [], [], [], [], [], [], [], [], [], [], [], [], [], [], [], [], [], [], [], [], [], [], [], [], [], []]",lipoprotein particle mediated signaling,GO:0055095,0.003472337504872294,"['GO:0007165', 'GO:0071402']",0.011764705882352941,query_1,170,0.6666666666666666,True,GO:BP,3,13270,1
"""The process whose specific outcome is the progression of the camera-type eye over time, from its formation to the mature structure. The camera-type eye is an organ of sight that receives light through an aperture and focuses it through a lens, projecting it on a photoreceptor field."" [GOC:go_curators, GOC:mtg_sensu]",20972,19940,11,"[[], [], [], [], [], [], [], [], [], [], [], [], [], [], [], [], [], [], [], [], [], [], [], [], [], [], [], [], [], [], [], [], ['ISS', 'IEA'], [], ['ISS', 'IEA'], ['ISS', 'IEA'], [], [], [], [], [], [], [], [], [], [], [], [], [], [], [], [], [], [], [], [], [], [], [], [], [], [], [], [], ['IEA'], [], [], [], [], [], [], [], [], [], [], [], [], [], [], [], [], [], [], [], [], [], [], [], [], [], [], [], [], [], [], [], [], [], [], [], [], [], [], [], [], ['ISS', 'IEA'], [], [], [], [], [], [], [], [], [], [], [], [], [], [], [], [], [], [], [], [], [], [], [], ['IEA'], [], [], [], [], [], [], [], [], [], [], ['ISS', 'IEA'], [], [], [], [], [], [], [], [], ['ISS'], ['IEA'], [], [], [], [], [], [], [], [], [], [], [], [], [], ['IEA'], [], [], [], ['IMP'], [], [], [], [], [], [], [], [], [], []]",camera-type eye development,GO:0043010,0.003472337504872294,['GO:0001654'],0.06470588235294118,query_1,170,0.03021978021978022,True,GO:BP,364,9817,1
"""Any process that activates or increases the frequency, rate or extent of adipocyte differentiation."" [GOC:go_curators]",20972,20805,5,"[[], [], [], [], [], [], [], [], [], [], [], [], [], [], [], [], [], [], [], [], [], [], [], [], [], [], [], [], [], [], [], [], [], [], [], [], [], [], [], [], [], [], [], [], [], [], [], [], [], [], [], [], [], [], [], [], [], [], [], [], [], [], [], [], [], [], [], [], ['IEA'], [], ['ISS'], [], [], [], [], [], [], [], [], [], [], [], [], [], [], [], [], [], [], ['IMP'], [], [], [], [], [], [], [], [], [], [], [], [], [], [], [], [], [], [], [], [], [], [], [], [], [], [], [], [], [], [], [], [], [], [], [], [], [], [], [], [], [], ['ISS', 'IEA'], [], [], [], [], [], [], [], [], [], [], [], [], [], [], [], [], [], [], [], [], [], [], [], [], [], [], [], [], [], [], [], [], [], [], [], [], [], [], [], [], [], [], [], ['IMP'], [], [], []]",positive regulation of fat cell differentiation,GO:0045600,0.003746018403438655,"['GO:0045444', 'GO:0045597', 'GO:0045598']",0.029411764705882353,query_1,170,0.07462686567164178,True,GO:BP,67,10682,1
"""Any process that activates, maintains or increases the frequency, rate or extent of a signaling process."" [GOC:mtg_signal]",20972,16329,29,"[['IBA'], [], [], [], [], [], [], [], ['IDA', 'IBA'], [], [], [], [], [], ['IDA'], [], [], ['TAS'], [], [], [], [], [], ['IDA'], [], [], [], [], [], ['ISS', 'IEA'], [], [], [], [], ['ISS', 'IEA'], [], [], [], ['HMP'], ['IEA'], [], [], [], [], [], [], [], [], [], [], [], ['IDA', 'IMP'], [], [], [], [], [], [], [], [], [], [], ['ISS', 'ISO', 'IBA', 'IEA'], ['ISS', 'IEA'], [], [], [], [], ['IDA', 'IEA'], [], [], [], [], ['IDA'], [], [], [], [], [], [], [], [], [], [], [], [], [], [], [], [], [], [], [], [], [], [], [], ['ISS'], [], [], [], [], [], [], [], [], ['ISS', 'IEA'], [], ['ISS', 'IEA'], ['IDA', 'IEA'], [], [], ['IDA', 'IBA', 'TAS', 'IEA'], [], [], [], [], [], [], [], ['IDA', 'IMP'], [], [], ['IMP'], [], [], [], [], [], [], [], [], [], [], ['IEA'], [], [], [], [], [], [], ['IDA', 'IBA', 'NAS', 'IEA'], [], [], [], [], [], [], [], [], [], ['ISS'], [], [], [], [], [], [], [], ['IEA'], [], [], [], ['ISS', 'IBA', 'IEA'], ['IDA'], [], [], ['ISS'], [], [], [], [], ['IEA'], [], [], [], [], [], []]",positive regulation of signaling,GO:0023056,0.0038596406816987974,"['GO:0023051', 'GO:0023052', 'GO:0048518']",0.17058823529411765,query_1,170,0.016301292861157952,True,GO:BP,1779,6206,1
"""Any process that increases the frequency, rate or extent of cell communication. Cell communication is the process that mediates interactions between a cell and its surroundings. Encompasses interactions such as signaling or attachment between one cell and another cell, between a cell and an extracellular matrix, or between a cell and any other aspect of its environment."" [GOC:dph, GOC:tb]",20972,14229,29,"[['IBA'], [], [], [], [], [], [], [], ['IDA', 'IBA'], [], [], [], [], [], ['IDA'], [], [], ['TAS'], [], [], [], [], [], ['IDA'], [], [], [], [], [], ['ISS', 'IEA'], [], [], [], [], ['ISS', 'IEA'], [], [], [], ['HMP'], ['IEA'], [], [], [], [], [], [], [], [], [], [], [], ['IDA', 'IMP'], [], [], [], [], [], [], [], [], [], [], ['ISS', 'ISO', 'IBA', 'IEA'], ['ISS', 'IEA'], [], [], [], [], ['IDA', 'IEA'], [], [], [], [], ['IDA'], [], [], [], [], [], [], [], [], [], [], [], [], [], [], [], [], [], [], [], [], [], [], [], ['ISS'], [], [], [], [], [], [], [], [], ['ISS', 'IEA'], [], ['ISS', 'IEA'], ['IDA', 'IEA'], [], [], ['IDA', 'IBA', 'TAS', 'IEA'], [], [], [], [], [], [], [], ['IDA', 'IMP'], [], [], ['IMP'], [], [], [], [], [], [], [], [], [], [], ['IEA'], [], [], [], [], [], [], ['IDA', 'IBA', 'NAS', 'IEA'], [], [], [], [], [], [], [], [], [], ['ISS'], [], [], [], [], [], [], [], ['IEA'], [], [], [], ['ISS', 'IBA', 'IEA'], ['IDA'], [], [], ['ISS'], [], [], [], [], ['IEA'], [], [], [], [], [], []]",positive regulation of cell communication,GO:0010647,0.0038596406816987974,"['GO:0007154', 'GO:0010646', 'GO:0048522']",0.17058823529411765,query_1,170,0.016310461192350956,True,GO:BP,1778,4106,1
"""Any process that modulates the frequency, rate or extent of the regulated release of catecholamines."" [GOC:ai]",20972,22456,4,"[[], [], [], [], [], [], [], [], [], [], [], [], [], [], [], [], [], [], [], [], [], [], [], [], [], [], [], [], [], [], [], [], [], [], ['IBA', 'IEA'], [], [], [], [], [], [], [], [], [], [], [], [], [], [], [], [], [], [], [], [], [], [], [], [], [], [], [], [], ['IEA'], [], [], [], [], ['IEA'], [], [], [], [], [], [], [], [], [], [], [], [], [], [], [], [], [], [], [], [], [], [], [], [], [], [], [], [], [], [], [], [], [], [], [], [], [], [], [], [], [], [], [], [], [], [], [], [], [], [], [], [], [], [], [], [], [], [], [], [], [], [], [], [], [], [], [], [], [], [], [], [], [], [], [], [], [], [], [], [], [], [], [], [], [], [], [], [], [], [], ['ISS'], [], [], [], [], [], [], [], [], [], [], [], [], [], [], [], [], [], [], []]",regulation of catecholamine secretion,GO:0050433,0.0038596406816987974,"['GO:0050432', 'GO:0051952', 'GO:1903530']",0.023529411764705882,query_1,170,0.10810810810810811,True,GO:BP,37,12333,1
"""The process in which a relatively unspecialized cell acquires the specialized features of a retinal cone cell."" [GOC:go_curators]",20972,19754,3,"[[], [], [], [], [], [], [], [], [], [], [], [], [], [], [], [], [], [], [], [], [], [], [], [], [], [], [], [], [], [], [], [], [], [], [], [], [], [], [], [], [], [], [], [], [], [], [], [], [], [], [], [], [], [], [], [], [], [], [], [], [], [], [], [], ['IEA'], [], [], [], [], [], [], [], [], [], [], [], [], [], [], [], [], [], [], [], [], [], [], [], [], [], [], [], [], [], [], [], [], [], [], [], [], [], [], [], [], [], [], [], [], [], [], [], [], [], [], [], [], [], [], [], [], [], [], [], [], [], [], [], [], [], [], [], [], [], [], [], [], [], [], [], ['ISS', 'IEA'], [], [], [], [], [], [], [], [], [], [], [], [], [], [], [], [], [], [], [], [], [], [], [], ['IEA'], [], [], [], [], [], [], [], [], [], [], [], [], [], []]",retinal cone cell differentiation,GO:0042670,0.0038596406816987974,['GO:0060219'],0.01764705882352941,query_1,170,0.2,True,GO:BP,15,9631,1
"""Any process that modulates the frequency, rate or extent of a process involved in the formation, arrangement of constituent parts, or disassembly of cell structures, including the plasma membrane and any external encapsulating structures such as the cell wall and cell envelope."" [GOC:ai]",20972,22750,36,"[[], [], ['ISS', 'TAS', 'IEA'], [], [], [], [], [], [], [], [], [], ['IBA'], [], [], [], [], ['IMP', 'IBA'], [], [], [], [], [], ['IMP'], ['ISS'], [], [], [], [], ['ISS', 'IEA'], [], [], [], ['IBA', 'IEA'], ['IEA'], ['IDA', 'IBA', 'IEA'], ['ISS'], [], [], [], [], [], [], ['IDA', 'IMP'], [], [], [], [], [], ['IDA'], [], [], ['IEA'], [], [], ['IEA'], [], [], [], [], [], [], [], [], [], ['IBA'], [], [], [], [], [], [], [], ['ISS'], ['IEA'], [], [], [], [], [], [], [], [], [], [], [], [], [], ['IEA'], [], ['IEA'], ['IBA', 'IEA'], [], [], [], [], [], ['ISS'], ['IDA', 'IMP'], [], [], [], [], [], [], [], ['ISS', 'IEA'], [], [], [], [], [], ['IDA', 'IEA'], [], [], ['ISS'], [], [], [], [], ['IMP', 'IBA'], [], [], [], [], [], [], [], [], ['IEA'], ['IDA', 'ISS', 'IEA'], [], [], [], ['IEA'], [], [], [], [], ['IBA'], [], [], ['ISS'], [], [], [], [], [], [], [], ['IEA'], ['ISS'], [], [], [], ['IDA', 'IMP', 'IBA', 'IEA'], [], [], [], ['IEA'], [], [], ['IBA', 'IEA'], [], [], [], [], [], [], [], [], [], [], [], [], [], [], [], []]",regulation of cellular component organization,GO:0051128,0.003908311506800809,"['GO:0016043', 'GO:0050794']",0.21176470588235294,query_1,170,0.014833127317676144,True,GO:BP,2427,12627,1
"""Any process that stops, prevents, or reduces the frequency, rate or extent of a response to a stimulus. Response to stimulus is a change in state or activity of a cell or an organism (in terms of movement, secretion, enzyme production, gene expression, etc.) as a result of a stimulus."" [GOC:jid]",20972,22130,28,"[[], [], [], [], [], [], [], [], [], [], [], [], [], [], ['IEA'], [], [], [], [], [], [], [], [], [], [], [], [], [], ['IDA'], [], [], [], ['IMP', 'IEA'], [], ['ISS', 'NAS', 'IEA'], [], ['IMP'], [], ['IEA'], [], [], [], [], [], [], [], [], [], [], ['IC'], [], ['ISS'], [], [], ['IDA', 'ISS', 'IEA'], ['IEA'], [], [], [], [], [], [], [], [], [], ['TAS'], [], [], [], [], [], [], [], ['ISS', 'IEA'], [], [], [], [], [], [], [], [], [], [], [], [], [], [], [], [], [], ['IDA'], [], [], [], [], [], [], ['IDA'], [], [], ['ISS', 'IEA'], [], [], [], ['IEA'], [], [], ['IDA', 'ISS', 'IEA'], ['IEA'], [], [], [], [], [], [], [], [], ['IDA', 'ISS', 'IEA'], ['IEA'], [], [], [], [], [], [], [], [], [], ['IDA'], [], ['IEA'], ['IDA', 'IMP'], [], ['IEA'], ['IEA'], ['IEA'], ['IEA'], [], [], [], [], [], [], [], [], [], [], [], [], [], [], [], [], [], [], [], [], [], [], [], [], [], [], [], [], [], [], ['IMP', 'ISS', 'IEA'], [], [], [], [], [], [], [], [], [], []]",negative regulation of response to stimulus,GO:0048585,0.003908311506800809,"['GO:0048519', 'GO:0048583', 'GO:0050896']",0.16470588235294117,query_1,170,0.016538688718251624,True,GO:BP,1693,12007,1
"""The biological process whose specific outcome is the progression of a head from an initial condition to its mature state. The head is the anterior-most division of the body."" [GOC:dph]",20972,23667,17,"[[], [], [], [], [], [], [], [], [], [], [], [], [], [], [], ['NAS'], [], [], [], [], [], [], [], [], [], [], [], [], [], [], [], [], ['IEA'], [], ['ISS', 'IEA'], [], [], [], [], [], [], ['IEA'], ['IBA', 'IEA'], [], [], [], [], [], [], [], [], [], [], [], [], [], [], [], [], [], [], [], ['NAS'], [], [], [], [], [], [], [], ['ISS'], [], [], ['IEA'], [], [], [], [], [], [], [], [], [], [], [], [], [], ['IBA'], [], [], [], [], [], ['IEA'], [], [], [], [], [], [], [], [], [], [], [], ['ISS', 'IEA'], ['ISS', 'IEA'], ['IEA'], [], [], [], [], [], [], [], [], [], [], [], [], [], [], ['IBA'], [], [], [], [], [], [], ['IEA'], [], [], [], [], [], [], [], [], [], [], [], [], [], [], [], [], [], [], [], ['IDA', 'ISS', 'IBA', 'TAS'], [], [], [], [], [], [], [], [], [], [], [], [], ['IBA', 'TAS', 'IEA'], [], [], [], [], [], [], [], [], [], [], [], [], [], [], [], []]",head development,GO:0060322,0.003968005212219219,['GO:0048856'],0.1,query_1,170,0.021601016518424398,True,GO:BP,787,13544,1
"""Any process that modulates the frequency, rate or extent of blood circulation."" [GO_REF:0000058, GOC:mr, GOC:TermGenie, PMID:10659969]",20972,31588,9,"[[], [], [], [], [], [], [], [], ['IEA'], [], [], [], [], [], [], [], [], [], [], [], [], [], [], [], [], [], [], [], [], [], [], [], [], [], ['ISS', 'IEA'], [], [], [], [], ['IEA'], [], [], [], [], [], [], [], [], [], [], [], [], [], [], [], [], [], [], [], [], [], [], [], [], ['NAS'], [], [], ['IEA'], ['IEA'], [], [], [], [], ['ISS', 'IEA'], [], [], [], [], [], [], [], [], [], [], [], [], [], [], [], [], [], [], [], [], [], [], [], [], [], [], [], [], [], [], [], [], [], [], [], [], [], [], [], [], [], [], [], [], [], [], [], [], [], [], [], [], [], [], [], [], [], [], [], [], ['IEA'], [], [], [], [], [], [], [], [], [], [], [], [], [], [], [], [], [], [], [], [], [], [], [], [], [], [], [], [], [], ['IEA'], [], [], [], [], [], [], [], [], [], [], [], [], [], []]",regulation of blood circulation,GO:1903522,0.003996779291964821,"['GO:0008015', 'GO:0044057']",0.052941176470588235,query_1,170,0.03543307086614173,True,GO:BP,254,21465,1
"""The synthesis of an RNA transcript from a DNA template."" [GOC:jl, GOC:txnOH]",20972,12143,47,"[[], [], [], [], [], [], [], [], [], [], [], [], [], ['IDA', 'IBA', 'IEA'], [], [], [], [], [], [], [], [], [], ['IMP'], [], [], [], [], [], ['IDA', 'IBA', 'IEA'], [], [], ['IMP', 'ISS', 'IBA', 'IEA'], [], ['IEA'], [], [], [], ['IEA'], ['IMP', 'ISS', 'IEA'], [], [], ['IBA', 'IEA'], [], ['IDA', 'IBA', 'IEA'], ['IDA', 'IMP', 'IBA', 'IEA'], [], [], [], [], [], [], [], [], ['IDA', 'IMP', 'ISS', 'IBA', 'IEA'], [], [], [], [], [], [], [], [], [], [], [], ['IDA', 'IBA', 'IEA'], [], [], [], ['IDA', 'IMP', 'ISS', 'IBA', 'IEA'], [], ['IDA', 'IBA', 'IEA'], ['IGI', 'ISS', 'IBA', 'IEA'], [], [], [], ['IDA', 'IBA'], [], [], [], [], [], [], [], [], [], ['IBA', 'IEA'], ['IEA'], [], [], [], [], ['IMP', 'ISS', 'IBA', 'NAS', 'IEA'], [], [], [], ['IDA', 'IMP', 'IBA', 'IEA'], ['IDA'], [], ['IMP'], ['ISS'], ['IBA', 'IEA'], [], [], ['IDA', 'ISS', 'IBA', 'IEA'], ['IBA', 'TAS', 'IEA'], ['IBA', 'IEA'], ['ISS', 'IEA'], [], [], [], [], [], [], [], [], [], ['IDA', 'IBA', 'IEA'], [], [], [], ['IEA'], [], [], [], ['IEA'], ['IBA', 'TAS', 'IEA'], [], ['IDA'], ['ISS', 'IEA'], [], [], [], [], [], [], [], [], [], ['ISS', 'IBA', 'TAS', 'IEA'], [], [], ['IMP', 'IBA'], ['IDA', 'IMP', 'IBA', 'IEA'], ['IDA', 'IBA', 'IEA'], [], [], [], ['IDA', 'IBA', 'IEA'], [], [], [], [], [], [], [], [], [], [], [], [], ['IDA', 'IBA', 'IEA'], [], ['IDA', 'IBA', 'TAS', 'IEA'], [], [], ['IDA', 'IBA'], ['IDA', 'IMP', 'ISS', 'IBA', 'IEA'], [], [], [], [], [], [], ['IDA', 'IBA', 'NAS', 'IEA'], ['IDA', 'ISS', 'IBA'], ['IDA', 'ISS', 'IBA', 'TAS', 'IEA'], ['IBA']]",DNA-templated transcription,GO:0006351,0.004292268061159657,"['GO:0010467', 'GO:0032774']",0.27647058823529413,query_1,170,0.013340902639795628,True,GO:BP,3523,2020,1
"""Any process that modulates the frequency, rate or extent of cation transmembrane transport."" [GO_REF:0000058, GOC:TermGenie, PMID:15304482]",20972,31968,9,"[[], [], [], [], [], [], [], [], [], [], ['IEA'], [], [], [], [], [], [], [], [], [], [], [], [], [], [], [], [], [], [], [], [], [], [], [], [], [], [], [], [], [], [], [], [], [], [], [], [], [], [], [], [], [], [], [], [], [], [], ['IBA'], [], [], [], [], ['ISS', 'ISO'], [], [], [], [], [], [], [], [], [], [], [], [], [], [], ['ISS', 'IBA'], ['ISS', 'IBA', 'IEA'], [], [], ['IDA', 'ISS', 'IEA'], ['ISS'], [], [], [], [], [], [], [], [], [], [], [], [], [], [], [], [], [], [], [], [], [], [], [], [], [], [], [], [], [], [], [], [], [], [], [], [], [], [], [], [], [], [], [], [], [], [], [], [], [], [], [], ['IEA'], [], [], ['IEA'], [], [], [], [], [], [], [], [], [], [], [], [], [], [], [], [], [], [], [], [], [], [], [], [], [], [], [], [], [], [], [], [], [], [], [], [], [], [], [], [], []]",regulation of monoatomic cation transmembrane transport,GO:1904062,0.004418709228613562,"['GO:0034765', 'GO:0098655']",0.052941176470588235,query_1,170,0.03488372093023256,True,GO:BP,258,21845,1
"""Any process that modulates the frequency, rate or extent of cell junction assembly."" [GOC:TermGenie]",20972,30500,9,"[[], [], [], [], [], [], [], [], [], [], [], [], [], [], [], [], [], [], [], [], [], [], [], [], [], [], [], [], [], ['ISS', 'IEA'], [], [], [], [], [], [], ['ISS'], [], [], [], [], [], [], ['IDA'], [], [], [], [], [], [], [], [], ['IEA'], [], [], [], [], [], [], [], [], [], [], [], [], [], [], [], [], [], [], [], [], [], [], [], [], [], [], [], [], [], [], [], [], [], [], [], [], [], [], ['IBA', 'IEA'], [], [], [], [], [], ['ISS'], [], [], [], [], [], [], [], [], [], [], [], [], [], [], ['IEA'], [], [], [], [], [], [], [], [], [], [], [], [], [], [], [], [], ['IEA'], [], [], [], [], [], [], [], [], [], [], [], [], [], [], [], [], [], [], [], [], [], [], [], [], [], ['IDA', 'IMP', 'IBA', 'IEA'], [], [], [], [], [], [], [], [], [], [], [], [], [], [], [], [], [], [], [], [], [], [], []]",regulation of cell junction assembly,GO:1901888,0.004418709228613562,"['GO:0034329', 'GO:0044087', 'GO:0051128']",0.052941176470588235,query_1,170,0.03488372093023256,True,GO:BP,258,20377,1
"""Any process that modulates the frequency, rate or extent of adenylate cyclase activity."" [GOC:go_curators]",20972,20948,4,"[[], [], [], [], [], [], [], [], [], [], [], [], [], [], [], [], [], [], [], [], [], [], [], [], [], [], [], [], [], [], [], [], [], [], ['IDA'], [], [], [], [], ['TAS'], [], [], [], [], [], [], [], [], [], [], [], [], [], [], [], [], [], [], ['TAS'], [], [], [], [], ['TAS'], [], [], [], [], [], [], [], [], [], [], [], [], [], [], [], [], [], [], [], [], [], [], [], [], [], [], [], [], [], [], [], [], [], [], [], [], [], [], [], [], [], [], [], [], [], [], [], [], [], [], [], [], [], [], [], [], [], [], [], [], [], [], [], [], [], [], [], [], [], [], [], [], [], [], [], [], [], [], [], [], [], [], [], [], [], [], [], [], [], [], [], [], [], [], [], [], [], [], [], [], [], [], [], [], [], [], [], [], [], [], [], [], [], [], []]",regulation of adenylate cyclase activity,GO:0045761,0.004558510533421713,['GO:0050790'],0.023529411764705882,query_1,170,0.10256410256410256,True,GO:BP,39,10825,1
"""The process in which the developmental fate of a cell becomes restricted such that it will develop into a neuron."" [GOC:dph]",20972,22195,5,"[[], [], [], [], [], [], [], [], [], [], [], [], [], [], [], [], [], [], [], [], [], [], [], [], [], [], [], [], [], [], [], [], ['IEA'], [], [], [], [], [], [], [], [], [], [], [], [], [], [], [], [], [], [], [], [], [], [], [], [], [], [], [], [], [], [], [], [], [], [], [], [], [], ['ISS'], [], [], ['ISS', 'IBA', 'IEA'], [], [], [], [], [], [], [], [], [], [], [], [], [], [], ['IEA'], [], [], [], [], [], [], [], [], [], [], [], [], [], [], [], [], [], [], [], [], [], [], [], [], [], [], [], [], [], [], [], [], [], [], [], [], [], [], [], [], [], [], [], [], [], [], [], [], [], [], [], [], [], [], [], [], [], [], [], [], [], [], [], [], [], [], [], [], [], [], [], [], [], ['IBA', 'IEA'], [], [], [], [], [], [], [], [], [], [], [], [], [], [], [], []]",neuron fate commitment,GO:0048663,0.00460520039437027,"['GO:0030182', 'GO:0045165']",0.029411764705882353,query_1,170,0.07042253521126761,True,GO:BP,71,12072,1
"""The process in which the anatomical structures of a tube are generated and organized. Epithelial and endothelial tubes transport gases, liquids and cells from one site to another and form the basic structure of many organs and tissues, with tube shape and organization varying from the single-celled excretory organ in Caenorhabditis elegans to the branching trees of the mammalian kidney and insect tracheal system."" [GOC:bf, PMID:14624839]",20972,18466,18,"[[], [], [], [], [], [], [], [], [], [], [], [], [], [], ['IDA', 'IGI', 'IBA'], [], [], [], [], [], [], [], [], ['IDA'], [], ['ISS', 'IEA'], [], [], [], [], [], [], [], [], [], [], [], [], ['IDA', 'IEA'], [], [], [], [], [], [], [], [], [], [], ['IEA'], [], [], [], [], [], [], [], [], [], [], [], [], [], [], [], [], [], [], [], [], ['ISS'], [], ['IEA'], ['ISS', 'IEA'], [], [], [], [], [], [], [], [], [], [], [], [], [], [], ['ISS', 'IEA'], [], [], [], [], [], [], [], [], ['ISS'], ['IMP'], [], ['ISS'], [], [], [], [], [], [], [], [], [], [], [], [], [], [], [], [], [], ['IEA'], [], ['IMP'], [], [], [], [], [], [], [], [], ['IMP', 'IEA'], [], ['ISS'], [], [], [], [], [], [], [], [], [], ['IEA'], [], [], [], [], [], [], [], [], [], [], [], [], [], [], [], [], [], [], [], [], [], [], [], [], [], [], ['NAS', 'IEA'], [], [], [], [], [], [], [], [], [], []]",tube morphogenesis,GO:0035239,0.004653195086850355,"['GO:0009653', 'GO:0035295']",0.10588235294117647,query_1,170,0.020524515393386546,True,GO:BP,877,8343,1
"""Any process that modulates the frequency, rate or extent of the regulated release of a hormone from a cell."" [GOC:ai]",20972,21700,9,"[['IBA'], [], [], [], [], [], [], [], [], [], [], [], [], [], [], [], [], [], [], [], [], [], [], [], [], [], [], [], ['IDA', 'IBA'], [], [], [], [], [], ['ISS', 'IEA'], [], [], [], [], [], [], [], [], [], [], [], [], [], [], [], [], [], [], [], ['ISS', 'IEA'], [], [], [], [], [], [], [], [], [], [], [], [], [], [], [], [], [], [], ['IDA'], ['IEA'], [], [], [], [], [], [], [], [], [], [], [], [], [], [], [], [], [], [], [], [], [], [], [], [], [], [], [], [], [], [], ['IC'], [], [], [], [], [], [], [], [], [], [], [], [], [], [], [], [], [], [], [], [], [], [], [], [], [], [], [], [], [], [], [], [], [], [], [], [], [], [], [], [], [], [], [], [], [], [], [], [], [], [], [], [], [], ['TAS'], [], [], [], [], [], [], [], [], [], [], [], [], ['IEA'], [], [], [], [], [], []]",regulation of hormone secretion,GO:0046883,0.004845151505835966,"['GO:0010646', 'GO:0010817', 'GO:0023051', 'GO:0046879', 'GO:1903530']",0.052941176470588235,query_1,170,0.03435114503816794,True,GO:BP,262,11577,1
"""Any process that stops, prevents, or reduces the frequency, rate or extent of the regulated release of a hormone from a cell."" [GOC:ai]",20972,21705,5,"[[], [], [], [], [], [], [], [], [], [], [], [], [], [], [], [], [], [], [], [], [], [], [], [], [], [], [], [], ['IDA', 'IBA'], [], [], [], [], [], ['IEA'], [], [], [], [], [], [], [], [], [], [], [], [], [], [], [], [], [], [], [], ['ISS', 'IEA'], [], [], [], [], [], [], [], [], [], [], [], [], [], [], [], [], [], [], [], ['IEA'], [], [], [], [], [], [], [], [], [], [], [], [], [], [], [], [], [], [], [], [], [], [], [], [], [], [], [], [], [], [], [], [], [], [], [], [], [], [], [], [], [], [], [], [], [], [], [], [], [], [], [], [], [], [], [], [], [], [], [], [], [], [], [], [], [], [], [], [], [], [], [], [], [], [], [], [], [], [], [], [], [], [], [], [], [], [], [], [], [], [], [], [], [], [], [], [], [], ['IEA'], [], [], [], [], [], []]",negative regulation of hormone secretion,GO:0046888,0.004845151505835966,"['GO:0010648', 'GO:0023057', 'GO:0046879', 'GO:0046883', 'GO:1903531']",0.029411764705882353,query_1,170,0.06944444444444445,True,GO:BP,72,11582,1
"""Any process that modulates the frequency, rate or extent of a circadian rhythm. A circadian rhythm is a biological process in an organism that recurs with a regularity of approximately 24 hours."" [GOC:dph, GOC:jl, GOC:tb]",20972,19814,6,"[[], [], [], [], [], [], [], [], [], ['ISS'], [], [], [], [], [], [], [], [], [], [], [], [], [], [], [], [], [], [], [], [], [], [], [], [], ['IEA'], [], [], [], [], [], [], [], [], [], [], [], [], [], [], [], [], ['IMP'], [], [], [], [], [], [], [], [], [], [], [], [], [], [], [], [], [], [], ['ISS'], [], [], [], [], [], [], [], [], [], [], [], [], [], [], [], [], [], [], [], [], [], [], [], [], [], [], [], [], [], [], [], [], [], [], [], [], [], [], [], [], [], [], [], [], [], [], [], [], [], [], [], [], [], [], [], [], [], [], [], [], [], [], [], [], [], [], [], [], [], ['ISS', 'IEA'], [], [], [], [], [], [], [], [], [], [], [], [], [], [], [], [], [], [], [], [], [], [], [], [], [], [], [], [], [], [], [], [], [], [], [], [], ['ISS'], []]",regulation of circadian rhythm,GO:0042752,0.004950327736263738,"['GO:0007623', 'GO:0050789']",0.03529411764705882,query_1,170,0.05357142857142857,True,GO:BP,112,9691,1
"""The regulated release of proinsulin from secretory granules accompanied by cleavage of proinsulin to form mature insulin. In vertebrates, insulin is secreted from B granules in the B cells of the vertebrate pancreas and from insulin-producing cells in insects."" [GOC:mah, ISBN:0198506732]",20972,16361,8,"[['IBA'], [], [], [], [], [], [], [], [], [], [], [], [], [], [], [], [], ['NAS'], [], [], [], [], [], [], [], [], [], [], [], [], [], [], [], [], ['IEA'], [], [], [], [], [], [], [], [], [], [], [], [], [], [], [], [], [], [], [], ['ISS', 'IEA'], [], [], [], [], [], [], [], [], [], [], [], [], [], [], [], [], [], [], ['IDA'], [], [], [], [], [], [], [], [], [], [], [], [], [], [], [], [], [], [], [], [], [], [], [], [], [], [], [], [], [], [], [], ['IDA', 'IC'], [], [], [], [], [], [], [], [], [], [], [], [], [], [], [], [], [], [], [], [], [], [], [], [], [], [], [], [], [], [], [], [], [], [], [], [], [], [], [], [], [], [], [], [], [], [], [], [], [], [], [], [], [], ['TAS', 'IEA'], [], [], [], [], [], [], [], [], [], [], [], [], ['IEA'], [], [], [], [], [], []]",insulin secretion,GO:0030073,0.005056812814054117,"['GO:0009306', 'GO:0030072']",0.047058823529411764,query_1,170,0.03827751196172249,True,GO:BP,209,6238,1
"""Any process that activates or increases the frequency, rate or extent of an organismal process, any of the processes pertinent to the function of an organism above the cellular level; includes the integrated processes of tissues and organs."" [GOC:ai]",20972,22815,27,"[[], [], ['ISS', 'IEA'], [], [], [], [], [], [], [], [], [], [], [], ['IGI'], [], [], [], [], [], [], [], [], [], [], [], [], [], [], ['ISS', 'IEA'], [], [], [], [], ['IDA', 'ISS', 'IEA'], ['IDA', 'IBA', 'IEA'], [], [], ['IDA'], ['IEA'], [], [], [], [], [], ['IEA'], [], [], [], [], [], [], ['IEA'], [], [], [], [], [], [], [], [], [], [], [], [], [], [], ['IEA'], ['IEA'], [], ['ISS'], [], [], ['ISS', 'IEA'], ['IEA'], [], [], [], [], [], [], [], [], [], [], [], [], [], [], ['IMP', 'ISS', 'IEA'], [], [], [], [], [], ['IMP'], [], ['IDA', 'IMP', 'ISS'], [], [], [], [], [], [], [], [], [], [], [], [], [], [], ['IEA'], [], [], ['ISS'], [], [], ['IEA'], [], [], [], [], [], [], [], [], [], [], [], [], ['ISS', 'IEA'], [], ['ISS', 'IEA'], ['IEA'], [], [], [], [], [], [], [], [], [], [], [], [], [], [], [], [], [], [], [], [], ['IMP', 'IBA', 'IEA'], [], [], [], [], [], [], [], ['ISS', 'IEA'], [], [], [], [], ['IMP', 'NAS', 'IEA'], [], [], [], [], [], [], ['IDA', 'IMP', 'IEA'], [], [], []]",positive regulation of multicellular organismal process,GO:0051240,0.0051195753502447745,"['GO:0032501', 'GO:0048518', 'GO:0051239']",0.1588235294117647,query_1,170,0.01647345942647956,True,GO:BP,1639,12692,1
"""Any homeostatic process in which an organism produces heat, thereby raising its internal temperature."" [GOC:mah]",20972,16919,3,"[[], [], [], [], [], [], [], [], [], [], [], [], [], [], [], [], [], [], [], [], [], [], [], [], [], [], [], [], [], [], [], [], [], [], [], [], [], [], [], ['IEA'], [], [], [], [], [], [], [], [], [], [], [], [], [], [], [], [], [], [], [], [], [], [], [], [], [], [], [], [], ['IEA'], [], [], [], [], [], [], [], [], [], [], [], [], [], [], [], [], [], [], [], [], [], [], [], [], [], [], [], [], [], [], [], [], [], [], [], [], [], [], [], [], [], [], [], [], [], [], [], [], [], [], [], [], [], [], [], [], [], [], [], [], [], [], ['ISS', 'IEA'], [], [], [], [], [], [], [], [], [], [], [], [], [], [], [], [], [], [], [], [], [], [], [], [], [], [], [], [], [], [], [], [], [], [], [], [], [], [], [], [], [], [], [], [], [], [], []]",heat generation,GO:0031649,0.005224463345489691,['GO:0001659'],0.01764705882352941,query_1,170,0.17647058823529413,True,GO:BP,17,6796,1
"""The process whose specific outcome is the progression of the brain over time, from its formation to the mature structure. Brain development begins with patterning events in the neural tube and ends with the mature structure that is the center of thought and emotion. The brain is responsible for the coordination and control of bodily activities and the interpretation of information from the senses (sight, hearing, smell, etc.)."" [GOC:dph, GOC:jid, GOC:tb, UBERON:0000955]",20972,12902,16,"[[], [], [], [], [], [], [], [], [], [], [], [], [], [], [], ['NAS'], [], [], [], [], [], [], [], [], [], [], [], [], [], [], [], [], ['IEA'], [], ['ISS', 'IEA'], [], [], [], [], [], [], ['IEA'], ['IBA', 'IEA'], [], [], [], [], [], [], [], [], [], [], [], [], [], [], [], [], [], [], [], ['NAS'], [], [], [], [], [], [], [], ['ISS'], [], [], ['IEA'], [], [], [], [], [], [], [], [], [], [], [], [], [], ['IBA'], [], [], [], [], [], ['IEA'], [], [], [], [], [], [], [], [], [], [], [], ['ISS', 'IEA'], ['ISS', 'IEA'], ['IEA'], [], [], [], [], [], [], [], [], [], [], [], [], [], [], ['IBA'], [], [], [], [], [], [], [], [], [], [], [], [], [], [], [], [], [], [], [], [], [], [], [], [], [], [], ['IDA', 'ISS', 'IBA', 'TAS'], [], [], [], [], [], [], [], [], [], [], [], [], ['IBA', 'TAS', 'IEA'], [], [], [], [], [], [], [], [], [], [], [], [], [], [], [], []]",brain development,GO:0007420,0.005288585233249797,"['GO:0007417', 'GO:0048513', 'GO:0060322']",0.09411764705882353,query_1,170,0.021739130434782608,True,GO:BP,736,2779,1
"""The directed movement of a neurotransmitter into, out of or within a cell, or between cells, by means of some agent such as a transporter or pore. Neurotransmitters are any chemical substance that is capable of transmitting (or inhibiting the transmission of) a nerve impulse from a neuron to another cell."" [GOC:ai]",20972,12501,8,"[[], [], [], [], [], [], [], [], [], [], [], [], [], [], [], [], ['IEA'], [], [], [], [], [], [], [], [], [], ['TAS'], [], [], [], [], [], [], ['IBA', 'IEA'], ['ISS', 'IC', 'IEA'], [], [], [], [], [], [], [], [], [], [], [], [], [], [], [], [], [], [], [], [], [], [], [], [], [], [], [], [], [], [], [], [], [], [], [], [], [], [], [], [], [], [], [], [], [], [], [], [], [], [], [], [], [], [], [], [], [], [], [], [], [], [], ['ISS'], [], [], [], [], [], [], [], [], [], [], [], [], [], [], [], [], [], [], [], [], [], [], [], [], [], [], [], [], [], [], [], [], [], [], [], [], [], [], [], [], [], [], [], [], [], [], [], [], [], [], [], [], ['IBA', 'TAS', 'IEA'], ['IDA', 'ISS', 'TAS', 'IEA'], [], [], [], [], [], [], [], ['IDA', 'IEA'], [], [], [], [], [], [], [], [], [], [], [], [], [], [], [], [], [], [], []]",neurotransmitter transport,GO:0006836,0.005288585233249797,['GO:0006810'],0.047058823529411764,query_1,170,0.037914691943127965,True,GO:BP,211,2378,1
"""Any process that results in a change in state or activity of a cell or an organism (in terms of movement, secretion, enzyme production, gene expression, etc.) as a result of an amine stimulus. An amine is a compound formally derived from ammonia by replacing one, two or three hydrogen atoms by hydrocarbyl groups."" [GOC:ef]",20972,14546,4,"[[], [], [], [], [], [], [], [], [], [], [], [], [], [], [], [], [], [], [], [], [], [], [], [], [], [], [], [], [], [], [], [], [], [], ['ISS', 'IEA'], [], [], [], [], [], [], [], [], [], [], [], [], [], [], [], [], [], [], [], [], [], [], [], [], [], [], [], ['IEA'], [], [], [], [], [], [], [], [], [], [], [], [], [], [], [], [], [], [], [], [], [], [], [], [], [], [], [], [], [], [], [], [], [], [], [], [], [], [], [], [], [], [], [], [], [], [], [], [], [], [], [], [], [], [], [], [], [], [], [], [], [], [], [], [], [], [], [], [], [], [], [], ['IEA'], [], [], ['IEA'], [], [], [], [], [], [], [], [], [], [], [], [], [], [], [], [], [], [], [], [], [], [], [], [], [], [], [], [], [], [], [], [], [], [], [], [], [], [], [], [], []]",response to amine,GO:0014075,0.005772869786629635,['GO:1901698'],0.023529411764705882,query_1,170,0.09523809523809523,True,GO:BP,42,4423,1
"""Any process that modulates the frequency, rate or extent of multicellular organismal development."" [GOC:obol]",20972,33661,24,"[[], [], [], [], [], [], [], [], [], [], [], [], [], [], ['IGI', 'IBA'], [], [], [], [], [], [], [], [], [], [], ['ISS'], [], [], [], ['ISS', 'IEA'], [], [], ['IEA'], [], ['ISS', 'IEA'], ['IDA', 'IBA', 'IEA'], [], [], ['IDA', 'IBA', 'IEA'], [], [], [], [], [], [], ['IEA'], [], [], [], [], [], ['IMP'], ['IEA'], [], [], ['IEA'], [], [], [], [], ['IEA'], [], [], [], [], [], [], [], [], [], ['ISS'], [], [], ['ISS', 'IEA'], ['IEA'], [], [], [], [], [], [], [], [], [], [], [], [], [], [], [], [], [], [], ['IDA', 'ISS', 'IBA', 'IEA'], [], [], [], ['ISS'], [], [], [], [], [], [], [], [], [], [], [], [], [], [], ['IEA'], [], [], [], [], [], ['IMP', 'IEA'], [], [], [], [], [], [], [], [], [], [], [], [], [], [], [], ['IEA'], [], [], [], [], [], [], [], [], [], [], [], [], [], [], [], [], [], [], [], [], ['IMP', 'IBA', 'IEA'], [], [], [], [], [], [], [], ['ISS', 'IEA'], [], [], [], [], ['IMP', 'NAS'], [], [], [], [], [], [], ['IDA', 'IMP', 'ISS', 'IEA'], [], [], []]",regulation of multicellular organismal development,GO:2000026,0.005807525273525151,"['GO:0007275', 'GO:0050793', 'GO:0051239']",0.1411764705882353,query_1,170,0.017241379310344827,True,GO:BP,1392,23538,1
"""Any process that modulates the frequency, rate or extent of synapse assembly, the aggregation, arrangement and bonding together of a set of components to form a synapse."" [GOC:ai, GOC:pr]",20972,23213,7,"[[], [], [], [], [], [], [], [], [], [], [], [], [], [], [], [], [], [], [], [], [], [], [], [], [], [], [], [], [], ['ISS', 'IEA'], [], [], [], [], [], [], [], [], [], [], [], [], [], [], [], [], [], [], [], [], [], [], ['IEA'], [], [], [], [], [], [], [], [], [], [], [], [], [], [], [], [], [], [], [], [], [], [], [], [], [], [], [], [], [], [], [], [], [], [], [], [], [], [], ['IBA', 'IEA'], [], [], [], [], [], ['ISS'], [], [], [], [], [], [], [], [], [], [], [], [], [], [], ['IEA'], [], [], [], [], [], [], [], [], [], [], [], [], [], [], [], [], ['IEA'], [], [], [], [], [], [], [], [], [], [], [], [], [], [], [], [], [], [], [], [], [], [], [], [], [], ['IDA', 'IMP', 'IBA', 'IEA'], [], [], [], [], [], [], [], [], [], [], [], [], [], [], [], [], [], [], [], [], [], [], []]",regulation of synapse assembly,GO:0051963,0.005847764273322653,"['GO:0007416', 'GO:0050807', 'GO:1901888']",0.041176470588235294,query_1,170,0.04294478527607362,True,GO:BP,163,13090,1
"""Any process that activates, maintains or increases the frequency, rate or extent of nervous system development, the origin and formation of nervous tissue."" [GOC:ai]",20972,23212,9,"[[], [], [], [], [], [], [], [], [], [], [], [], [], [], [], [], [], [], [], [], [], [], [], [], [], [], [], [], [], ['ISS', 'IEA'], [], [], [], [], ['ISS', 'IEA'], ['IDA', 'IBA', 'IEA'], [], [], [], [], [], [], [], [], [], ['IEA'], [], [], [], [], [], [], ['IEA'], [], [], [], [], [], [], [], [], [], [], [], [], [], [], [], [], [], ['ISS'], [], [], [], ['IEA'], [], [], [], [], [], [], [], [], [], [], [], [], [], [], [], [], [], [], [], [], [], [], [], [], [], [], [], [], [], [], [], [], [], [], [], [], [], ['IEA'], [], [], [], [], [], [], [], [], [], [], [], [], [], [], [], [], [], [], [], [], [], [], [], [], [], [], [], [], [], [], [], [], [], [], [], [], [], [], [], [], [], [], ['IMP', 'IBA', 'IEA'], [], [], [], [], [], [], [], [], [], [], [], [], [], [], [], [], [], [], [], [], [], [], []]",positive regulation of nervous system development,GO:0051962,0.00589369557147637,"['GO:0007399', 'GO:0051094', 'GO:0051240', 'GO:0051960']",0.052941176470588235,query_1,170,0.033210332103321034,True,GO:BP,271,13089,1
"""The self-renewing division of a germline stem cell in the male gonad, to produce a daughter stem cell and a daughter germ cell, which will divide to form the male gametes."" [GOC:jid]",20972,21813,2,"[[], [], [], [], [], [], [], [], [], [], [], [], [], [], [], [], [], [], [], [], [], [], [], [], [], [], [], [], [], [], [], [], [], [], [], [], [], [], [], [], [], [], [], [], [], ['IEA'], [], [], [], [], [], [], [], [], [], [], [], [], [], [], [], [], [], [], [], [], [], [], [], [], [], [], [], [], [], [], [], [], [], [], [], [], [], [], [], [], [], [], [], [], [], [], [], [], [], [], [], [], [], [], [], [], [], [], [], [], [], [], [], [], [], [], [], [], [], [], [], [], [], [], [], [], [], [], [], [], [], [], [], [], [], [], [], [], [], [], [], [], [], [], [], [], [], [], [], [], [], [], [], [], [], [], [], [], [], [], [], [], [], [], [], [], [], [], [], [], [], [], [], [], [], [], [], [], [], ['IEA'], [], [], []]",male germ-line stem cell asymmetric division,GO:0048133,0.005908254080755537,"['GO:0007283', 'GO:0098728']",0.011764705882352941,query_1,170,0.5,True,GO:BP,4,11690,2
"""Any process that stops, prevents or reduces the rate or extent of cell proliferation in response to cell density."" [GOC:dph]",20972,23602,2,"[[], [], [], [], [], [], [], [], [], [], [], [], [], [], [], [], [], [], [], [], [], [], [], [], [], [], [], [], [], [], [], [], [], [], [], [], [], [], [], [], [], [], [], [], [], [], [], [], [], ['ISS', 'IEA'], [], [], [], [], [], [], [], [], [], [], [], [], [], [], [], [], [], [], [], [], [], [], [], [], [], [], [], [], [], [], [], [], [], [], [], [], [], [], [], [], [], [], [], [], [], [], [], [], [], [], [], [], [], [], [], [], [], [], [], [], [], [], [], [], [], [], [], [], [], [], ['IMP'], [], [], [], [], [], [], [], [], [], [], [], [], [], [], [], [], [], [], [], [], [], [], [], [], [], [], [], [], [], [], [], [], [], [], [], [], [], [], [], [], [], [], [], [], [], [], [], [], [], [], [], [], [], [], [], [], [], []]",negative regulation of cell proliferation involved in contact inhibition,GO:0060244,0.005908254080755537,"['GO:0008285', 'GO:0060242']",0.011764705882352941,query_1,170,0.5,True,GO:BP,4,13479,4
"""The self-renewing division of a germline stem cell, to produce a daughter stem cell and a daughter germ cell which will divide to form one or more gametes."" [GOC:dos]",20972,27742,2,"[[], [], [], [], [], [], [], [], [], [], [], [], [], [], [], [], [], [], [], [], [], [], [], [], [], [], [], [], [], [], [], [], [], [], [], [], [], [], [], [], [], [], [], [], [], ['IEA'], [], [], [], [], [], [], [], [], [], [], [], [], [], [], [], [], [], [], [], [], [], [], [], [], [], [], [], [], [], [], [], [], [], [], [], [], [], [], [], [], [], [], [], [], [], [], [], [], [], [], [], [], [], [], [], [], [], [], [], [], [], [], [], [], [], [], [], [], [], [], [], [], [], [], [], [], [], [], [], [], [], [], [], [], [], [], [], [], [], [], [], [], [], [], [], [], [], [], [], [], [], [], [], [], [], [], [], [], [], [], [], [], [], [], [], [], [], [], [], [], [], [], [], [], [], [], [], [], [], ['IEA'], [], [], []]",germline stem cell asymmetric division,GO:0098728,0.005908254080755537,"['GO:0042078', 'GO:0098722']",0.011764705882352941,query_1,170,0.5,True,GO:BP,4,17619,2
"""Division of a stem cell during which it retains its identity and buds off a daughter cell with a new identity."" [GOC:dos, PMID:18513950]",20972,27737,2,"[[], [], [], [], [], [], [], [], [], [], [], [], [], [], [], [], [], [], [], [], [], [], [], [], [], [], [], [], [], [], [], [], [], [], [], [], [], [], [], [], [], [], [], [], [], ['IEA'], [], [], [], [], [], [], [], [], [], [], [], [], [], [], [], [], [], [], [], [], [], [], [], [], [], [], [], [], [], [], [], [], [], [], [], [], [], [], [], [], [], [], [], [], [], [], [], [], [], [], [], [], [], [], [], [], [], [], [], [], [], [], [], [], [], [], [], [], [], [], [], [], [], [], [], [], [], [], [], [], [], [], [], [], [], [], [], [], [], [], [], [], [], [], [], [], [], [], [], [], [], [], [], [], [], [], [], [], [], [], [], [], [], [], [], [], [], [], [], [], [], [], [], [], [], [], [], [], [], ['IEA'], [], [], []]",asymmetric stem cell division,GO:0098722,0.005908254080755537,"['GO:0008356', 'GO:0017145']",0.011764705882352941,query_1,170,0.5,True,GO:BP,4,17614,2
"""The specific movement from place to place of an organism in response to external or internal stimuli. Locomotion of a whole organism in a manner dependent upon some combination of that organism's internal state and external conditions."" [GOC:dph]",20972,13066,8,"[[], [], [], [], [], [], [], [], [], [], [], [], [], [], [], [], [], [], [], [], [], [], [], [], [], [], [], [], [], [], [], [], [], [], ['ISS', 'IEA'], ['IEA'], [], [], [], [], [], ['IEA'], [], [], [], [], [], [], [], [], [], [], [], [], [], [], [], [], [], [], [], [], [], [], [], [], [], [], [], [], ['ISS'], [], [], [], ['IEA'], [], [], [], [], [], [], [], [], [], [], [], [], [], [], [], [], [], [], [], [], [], [], [], [], [], [], [], [], [], [], [], [], [], [], [], [], [], [], [], [], [], [], [], [], ['IEA'], [], [], ['IEA'], [], [], [], [], [], [], [], [], [], [], [], [], [], [], [], [], [], [], [], [], [], [], [], [], [], [], [], [], [], [], [], [], [], [], [], [], [], [], [], [], [], [], [], [], [], [], [], [], [], [], [], [], [], [], ['ISS'], []]",locomotory behavior,GO:0007626,0.0059323302303626,['GO:0007610'],0.047058823529411764,query_1,170,0.037037037037037035,True,GO:BP,216,2943,1
"""Any process that results in a change in state or activity of a cell or an organism (in terms of movement, secretion, enzyme production, gene expression, etc.) as a result of a stimulus from a xenobiotic, a compound foreign to the organism exposed to it. It may be synthesized by another organism (like ampicilin) or it can be a synthetic chemical."" [GOC:jl, GOC:krc]",20972,13442,11,"[[], [], ['IEA'], [], [], [], [], [], [], [], ['IEA'], [], [], [], [], [], [], [], [], [], [], [], [], [], [], [], [], [], ['ISS'], [], [], [], [], [], ['ISS', 'IEA'], [], [], [], [], [], [], [], ['IEA'], [], [], [], [], [], [], [], [], [], [], [], [], [], [], [], [], [], [], [], ['IEA'], ['IEA'], [], [], [], [], ['IDA', 'IBA', 'IEA'], [], [], [], [], [], [], [], [], [], [], [], [], [], [], [], [], [], [], [], [], [], [], [], [], [], [], [], [], ['ISS'], [], [], [], [], [], [], [], [], [], [], [], [], [], [], ['IEA'], [], [], [], [], [], [], [], [], [], [], [], [], [], [], [], [], ['IEA'], [], [], [], [], [], [], [], [], [], [], [], [], [], [], [], [], [], [], [], [], [], [], [], [], [], [], [], [], [], [], [], [], [], [], [], [], [], [], [], [], [], [], [], [], [], [], [], [], []]",response to xenobiotic stimulus,GO:0009410,0.006014401764031768,['GO:0042221'],0.06470588235294118,query_1,170,0.027777777777777776,True,GO:BP,396,3319,1
"""The specific behavior of an organism that is associated with reproduction."" [GOC:jl, GOC:pr]",20972,15388,4,"[[], [], [], [], [], [], [], [], [], [], [], [], [], [], [], [], [], [], [], [], [], [], [], [], [], [], [], [], [], [], [], [], [], [], [], [], [], [], [], ['IEA'], [], [], [], [], [], [], [], [], [], [], [], [], [], [], [], [], [], [], [], [], [], [], [], [], ['IEA'], [], [], [], [], [], [], [], [], [], ['IEA'], [], [], [], [], [], [], [], [], [], [], [], [], [], [], [], [], [], [], [], [], [], [], [], [], [], [], [], [], [], [], [], [], [], [], [], [], [], [], [], [], [], [], [], [], [], [], [], [], [], [], [], [], [], [], [], [], [], [], [], [], [], [], [], [], [], [], [], [], [], [], [], [], [], [], [], [], [], [], [], [], [], [], [], [], [], [], [], [], [], ['IEA'], [], [], [], [], [], [], [], [], [], [], [], [], [], []]",reproductive behavior,GO:0019098,0.006014401764031768,"['GO:0007610', 'GO:0048609']",0.023529411764705882,query_1,170,0.09302325581395349,True,GO:BP,43,5265,1
"""The process in which the anatomical structures of a tube are generated and organized from an epithelium. Epithelial tubes transport gases, liquids and cells from one site to another and form the basic structure of many organs and tissues, with tube shape and organization varying from the single-celled excretory organ in Caenorhabditis elegans to the branching trees of the mammalian kidney and insect tracheal system."" [GOC:dph]",20972,23859,10,"[[], [], [], [], [], [], [], [], [], [], [], [], [], [], [], [], [], [], [], [], [], [], [], [], [], [], [], [], [], [], [], [], [], [], [], [], [], [], [], [], [], [], [], [], [], [], [], [], [], [], [], [], [], [], [], [], [], [], [], [], [], [], [], [], [], [], [], [], [], [], [], [], ['IEA'], [], [], [], [], [], [], [], [], [], [], [], [], [], [], [], ['ISS', 'IEA'], [], [], [], [], [], [], [], [], ['ISS'], ['IMP'], [], ['ISS'], [], [], [], [], [], [], [], [], [], [], [], [], [], [], [], [], [], ['IEA'], [], ['IMP'], [], [], [], [], [], [], [], [], ['IMP', 'IEA'], [], [], [], [], [], [], [], [], [], [], [], ['IEA'], [], [], [], [], [], [], [], [], [], [], [], [], [], [], [], [], [], [], [], [], [], [], [], [], [], [], ['IEA'], [], [], [], [], [], [], [], [], [], []]",epithelial tube morphogenesis,GO:0060562,0.006014401764031768,"['GO:0002009', 'GO:0035239']",0.058823529411764705,query_1,170,0.03003003003003003,True,GO:BP,333,13736,1
"""The specialization of organization of a photoreceptor, a cell that responds to incident electromagnetic radiation, particularly visible light. An example of this process is found in Drosophila melanogaster."" [GOC:ai, ISBN:0198506732]",20972,21509,5,"[[], [], [], [], [], [], [], [], [], [], [], [], [], [], [], [], [], [], [], [], [], [], [], [], [], [], [], [], [], [], [], [], ['ISS', 'IEA'], [], [], ['ISS'], [], [], [], [], [], [], [], [], [], [], [], [], [], [], [], [], [], [], [], [], [], [], [], [], [], [], [], [], ['IEA'], [], [], [], [], [], [], [], [], [], [], [], [], [], [], [], [], [], [], [], [], [], [], [], [], [], [], [], [], [], [], [], [], [], [], [], [], [], [], [], [], [], [], [], [], [], [], [], [], [], [], [], [], [], [], [], [], [], [], [], [], [], [], [], [], [], [], [], [], [], [], [], [], [], [], [], ['ISS', 'IEA'], [], [], [], [], [], [], [], [], [], [], [], [], [], [], [], [], [], [], [], [], [], [], [], ['IEA'], [], [], [], [], [], [], [], [], [], [], [], [], [], []]",photoreceptor cell differentiation,GO:0046530,0.006063650217679817,['GO:0030182'],0.029411764705882353,query_1,170,0.06493506493506493,True,GO:BP,77,11386,1
"""The growth of a cell, where growth contributes to the progression of the cell over time from one condition to another."" [GOC:go_curators, GOC:isa_complete]",20972,22133,8,"[[], [], [], [], [], [], [], [], [], [], [], [], [], [], [], [], [], [], [], [], [], [], [], [], [], [], [], [], [], [], [], [], [], [], [], ['IDA', 'IBA', 'IEA'], [], [], [], [], [], [], ['IEA'], [], [], [], [], [], [], [], [], [], [], [], [], ['IEA'], [], [], [], [], [], [], [], [], [], [], [], [], [], [], [], [], [], [], [], [], [], [], [], [], [], [], [], [], [], [], [], [], [], [], [], [], [], [], [], [], [], [], [], [], [], [], [], [], [], [], [], [], [], [], ['IBA'], [], [], [], [], ['ISS'], [], [], [], [], [], [], [], [], [], [], [], [], [], ['IEA'], [], [], [], [], ['IEA'], [], [], [], [], [], [], [], [], [], [], [], [], [], [], [], [], [], [], [], [], ['IEA'], [], [], [], [], [], [], [], [], [], [], [], [], [], [], [], [], [], [], [], [], [], [], []]",developmental cell growth,GO:0048588,0.006753547220528523,"['GO:0016049', 'GO:0048468', 'GO:0048589']",0.047058823529411764,query_1,170,0.03619909502262444,True,GO:BP,221,12010,1
"""The process whose specific outcome is the progression of the forebrain over time, from its formation to the mature structure. The forebrain is the anterior of the three primary divisions of the developing chordate brain or the corresponding part of the adult brain (in vertebrates, includes especially the cerebral hemispheres, the thalamus, and the hypothalamus and especially in higher vertebrates is the main control center for sensory and associative information processing, visceral functions, and voluntary motor functions)."" [PMID:4975589, PMID:4992177]",20972,16632,11,"[[], [], [], [], [], [], [], [], [], [], [], [], [], [], [], [], [], [], [], [], [], [], [], [], [], [], [], [], [], [], [], [], ['IEA'], [], ['ISS', 'IEA'], [], [], [], [], [], [], ['IEA'], ['IEA'], [], [], [], [], [], [], [], [], [], [], [], [], [], [], [], [], [], [], [], [], [], [], [], [], [], [], [], ['ISS'], [], [], ['IEA'], [], [], [], [], [], [], [], [], [], [], [], [], [], ['IBA'], [], [], [], [], [], [], [], [], [], [], [], [], [], [], [], [], [], ['ISS', 'IEA'], [], ['IEA'], [], [], [], [], [], [], [], [], [], [], [], [], [], [], [], [], [], [], [], [], [], [], [], [], [], [], [], [], [], [], [], [], [], [], [], [], [], [], [], [], [], ['IDA', 'ISS'], [], [], [], [], [], [], [], [], [], [], [], [], ['IBA', 'IEA'], [], [], [], [], [], [], [], [], [], [], [], [], [], [], [], []]",forebrain development,GO:0030900,0.006859878995381283,"['GO:0007420', 'GO:0048856']",0.06470588235294118,query_1,170,0.02729528535980149,True,GO:BP,403,6509,1
"""Any process that modulates the frequency, rate or extent of the directed movement of a solute from one side of a membrane to the other."" [GOC:mah]",20972,18278,11,"[[], [], [], [], [], [], [], [], [], [], ['IEA'], [], [], [], [], [], [], [], [], [], [], [], [], [], [], [], [], [], ['ISS'], [], [], [], [], [], [], [], [], [], [], [], [], [], [], [], [], [], [], [], [], [], [], [], [], [], [], [], [], ['IBA'], [], [], [], [], ['ISS', 'ISO'], [], [], [], [], [], [], [], [], [], [], [], [], [], [], ['ISS', 'IBA'], ['ISS', 'IBA', 'IEA'], ['IBA'], [], ['IDA', 'ISS', 'IEA'], ['ISS'], [], [], [], [], [], [], [], [], [], [], [], [], [], [], [], [], [], [], [], [], [], [], [], [], [], [], [], [], [], [], [], [], [], [], [], [], [], [], [], [], [], [], [], [], [], [], [], [], [], [], [], ['IEA'], [], [], ['IEA'], [], [], [], [], [], [], [], [], [], [], [], [], [], [], [], [], [], [], [], [], [], [], [], [], [], [], [], [], [], [], [], [], [], [], [], [], [], [], [], [], []]",regulation of transmembrane transport,GO:0034762,0.007882036881284445,"['GO:0050794', 'GO:0051049', 'GO:0055085']",0.06470588235294118,query_1,170,0.026829268292682926,True,GO:BP,410,8155,1
"""Any process that activates or increases the frequency, rate or extent of synaptic transmission, the process of communication from a neuron to a target (neuron, muscle, or secretory cell) across a synapse."" [GOC:ai]",20972,22534,7,"[[], [], [], [], [], [], [], [], [], [], [], [], [], [], [], [], [], ['TAS'], [], [], [], [], [], [], [], [], [], [], [], [], [], [], [], [], ['IEA'], [], [], [], [], [], [], [], [], [], [], [], [], [], [], [], [], [], [], [], [], [], [], [], [], [], [], [], ['ISS', 'ISO', 'IBA', 'IEA'], [], [], [], [], [], [], [], [], [], [], [], [], [], [], [], [], [], [], [], [], [], [], [], [], [], [], [], [], [], [], [], [], [], [], [], [], [], [], [], [], [], [], [], [], [], [], [], [], [], ['IEA'], [], [], [], [], [], [], [], [], [], [], [], [], [], [], [], [], [], [], [], [], [], [], [], [], [], [], [], [], [], [], [], [], [], [], [], [], [], [], ['ISS'], [], [], [], [], [], [], [], ['IEA'], [], [], [], [], [], [], [], ['ISS'], [], [], [], [], [], [], [], [], [], [], []]",positive regulation of synaptic transmission,GO:0050806,0.008120113504571232,"['GO:0007268', 'GO:0010647', 'GO:0023056', 'GO:0050804']",0.041176470588235294,query_1,170,0.040229885057471264,True,GO:BP,174,12411,1
"""Any process that modulates the frequency, rate or extent of excitatory postsynaptic potential (EPSP). EPSP is a process that leads to a temporary increase in postsynaptic potential due to the flow of positively charged ions into the postsynaptic cell. The flow of ions that causes an EPSP is an excitatory postsynaptic current (EPSC) and makes it easier for the neuron to fire an action potential."" [GOC:dos]",20972,27785,4,"[[], [], [], [], [], [], [], [], [], [], [], [], [], [], [], [], [], [], [], [], [], [], [], [], [], [], [], [], [], ['ISS', 'IEA'], [], [], [], [], [], [], [], [], [], [], [], [], [], [], [], [], [], [], [], [], [], [], [], [], [], [], [], [], [], [], [], [], ['ISS', 'ISO'], [], [], [], [], [], [], [], [], [], [], [], [], [], [], [], [], [], [], [], [], [], [], [], [], [], [], [], [], [], [], [], [], [], [], [], [], [], [], [], [], [], [], [], [], [], [], [], [], [], [], [], [], [], [], [], [], [], [], [], [], [], [], [], [], [], [], [], [], [], [], [], ['IEA'], [], [], [], [], [], [], [], [], [], [], [], [], [], [], [], [], [], [], [], [], [], [], [], [], ['IEA'], [], [], [], [], [], [], [], [], [], [], [], [], [], [], [], [], [], [], []]",modulation of excitatory postsynaptic potential,GO:0098815,0.008255427603162549,"['GO:0009966', 'GO:0031644', 'GO:0042391', 'GO:0050804', 'GO:0060079']",0.023529411764705882,query_1,170,0.0851063829787234,True,GO:BP,47,17662,1
"""Any process that results in a change in state or activity of a cell or an organism (in terms of movement, secretion, enzyme production, gene expression, etc.) as a result of an alkaloid stimulus. Alkaloids are a large group of nitrogenous substances found in naturally in plants, many of which have extracts that are pharmacologically active."" [GOC:jl]",20972,20054,5,"[[], [], [], [], [], [], [], [], [], [], [], [], [], [], [], [], [], [], [], [], [], [], [], [], [], [], [], [], ['ISS'], [], [], [], [], [], ['ISS', 'IEA'], [], [], [], [], [], [], [], [], [], [], [], [], [], [], [], [], [], [], [], [], [], [], [], [], [], [], [], [], ['IEA'], [], [], [], [], ['IEA'], [], [], [], [], [], [], [], [], [], [], [], [], [], [], [], [], [], [], [], [], [], [], [], [], [], [], [], [], [], [], [], [], [], [], [], [], [], [], [], [], [], [], [], [], [], [], [], [], [], [], [], [], [], [], [], [], [], [], [], [], [], [], [], [], [], ['IEA'], [], [], [], [], [], [], [], [], [], [], [], [], [], [], [], [], [], [], [], [], [], [], [], [], [], [], [], [], [], [], [], [], [], [], [], [], [], [], [], [], [], [], [], []]",response to alkaloid,GO:0043279,0.008311149972881333,['GO:1901698'],0.029411764705882353,query_1,170,0.060240963855421686,True,GO:BP,83,9931,1
"""The process whose specific outcome is the progression of a tube over time, from its initial formation to a mature structure. Epithelial and endothelial tubes transport gases, liquids and cells from one site to another and form the basic structure of many organs and tissues including lung and trachea, kidney, the mammary gland, the vascular system and the gastrointestinal and urinary-genital tracts."" [PMID:12526790]",20972,18497,20,"[[], [], [], [], [], [], [], [], [], [], [], [], [], [], ['IDA', 'IGI', 'IBA', 'IEA'], [], [], [], [], [], [], [], [], ['IDA'], [], ['ISS', 'IEA'], [], [], [], [], [], [], [], [], [], [], [], [], ['IDA', 'IEA'], ['ISS', 'IEA'], [], [], [], [], [], [], [], [], [], ['IEA'], [], [], [], [], [], [], [], [], [], [], [], [], [], [], [], [], [], [], [], [], ['ISS'], [], ['IEA'], ['ISS', 'IEA'], [], [], [], [], [], [], [], [], [], [], [], [], [], [], ['ISS', 'IEA'], [], [], [], [], [], [], [], [], ['ISS'], ['IMP'], [], ['ISS'], [], [], [], [], [], [], [], [], [], [], [], [], [], [], [], [], [], ['IEA'], [], ['IMP'], [], [], [], [], [], [], [], [], ['IMP', 'IEA'], [], ['ISS'], [], [], [], [], [], [], [], [], [], ['IEA'], [], [], [], [], [], [], [], [], [], [], [], [], [], [], [], [], [], [], [], [], [], [], ['IEA'], [], [], [], ['NAS', 'IEA'], [], [], [], [], [], [], [], [], [], []]",tube development,GO:0035295,0.008311149972881333,"['GO:0007275', 'GO:0048856']",0.11764705882352941,query_1,170,0.018281535648994516,True,GO:BP,1094,8374,1
"""Any process that modulates the frequency, rate or extent of the regulated release of insulin."" [GOC:ai]",20972,22526,7,"[['IBA'], [], [], [], [], [], [], [], [], [], [], [], [], [], [], [], [], [], [], [], [], [], [], [], [], [], [], [], [], [], [], [], [], [], ['IEA'], [], [], [], [], [], [], [], [], [], [], [], [], [], [], [], [], [], [], [], ['ISS', 'IEA'], [], [], [], [], [], [], [], [], [], [], [], [], [], [], [], [], [], [], ['IDA'], [], [], [], [], [], [], [], [], [], [], [], [], [], [], [], [], [], [], [], [], [], [], [], [], [], [], [], [], [], [], [], ['IC'], [], [], [], [], [], [], [], [], [], [], [], [], [], [], [], [], [], [], [], [], [], [], [], [], [], [], [], [], [], [], [], [], [], [], [], [], [], [], [], [], [], [], [], [], [], [], [], [], [], [], [], [], [], ['TAS'], [], [], [], [], [], [], [], [], [], [], [], [], ['IEA'], [], [], [], [], [], []]",regulation of insulin secretion,GO:0050796,0.008541746958391624,"['GO:0030073', 'GO:0050708', 'GO:0090276']",0.041176470588235294,query_1,170,0.03977272727272727,True,GO:BP,176,12403,1
"""Any process that modulates the frequency, rate or extent of the regulated release of dopamine."" [GOC:ef]",20972,14536,3,"[[], [], [], [], [], [], [], [], [], [], [], [], [], [], [], [], [], [], [], [], [], [], [], [], [], [], [], [], [], [], [], [], [], [], ['IBA', 'IEA'], [], [], [], [], [], [], [], [], [], [], [], [], [], [], [], [], [], [], [], [], [], [], [], [], [], [], [], [], ['IEA'], [], [], [], [], ['IEA'], [], [], [], [], [], [], [], [], [], [], [], [], [], [], [], [], [], [], [], [], [], [], [], [], [], [], [], [], [], [], [], [], [], [], [], [], [], [], [], [], [], [], [], [], [], [], [], [], [], [], [], [], [], [], [], [], [], [], [], [], [], [], [], [], [], [], [], [], [], [], [], [], [], [], [], [], [], [], [], [], [], [], [], [], [], [], [], [], [], [], [], [], [], [], [], [], [], [], [], [], [], [], [], [], [], [], [], [], [], []]",regulation of dopamine secretion,GO:0014059,0.008954467564174286,"['GO:0014046', 'GO:0050433']",0.01764705882352941,query_1,170,0.14285714285714285,True,GO:BP,21,4413,1
"""The self-renewing division of a germline stem cell to produce a daughter stem cell and a daughter germ cell, which will divide to form the gametes."" [GOC:jid, PMID:2279698]",20972,19445,2,"[[], [], [], [], [], [], [], [], [], [], [], [], [], [], [], [], [], [], [], [], [], [], [], [], [], [], [], [], [], [], [], [], [], [], [], [], [], [], [], [], [], [], [], [], [], ['IEA'], [], [], [], [], [], [], [], [], [], [], [], [], [], [], [], [], [], [], [], [], [], [], [], [], [], [], [], [], [], [], [], [], [], [], [], [], [], [], [], [], [], [], [], [], [], [], [], [], [], [], [], [], [], [], [], [], [], [], [], [], [], [], [], [], [], [], [], [], [], [], [], [], [], [], [], [], [], [], [], [], [], [], [], [], [], [], [], [], [], [], [], [], [], [], [], [], [], [], [], [], [], [], [], [], [], [], [], [], [], [], [], [], [], [], [], [], [], [], [], [], [], [], [], [], [], [], [], [], [], ['IEA'], [], [], []]",germ-line stem cell division,GO:0042078,0.009130525837830214,"['GO:0007281', 'GO:0017145']",0.011764705882352941,query_1,170,0.4,True,GO:BP,5,9322,2
"""Cell-cell signaling that mediates the transfer of information from a neuron to a glial cell. This signaling has been shown to be mediated by various molecules released by different types of neurons, e.g. glutamate, gamma-amino butyric acid (GABA), noradrenaline, acetylcholine, dopamine and adenosine."" [GOC:aruk, GOC:bc, PMID:10195197, PMID:10196584, PMID:10377338, PMID:10493741, PMID:11356870, PMID:11399439, PMID:15252819, PMID:27788368]",20972,29007,2,"[[], [], [], [], [], [], [], [], ['ISS'], [], [], [], [], [], [], [], [], [], [], [], [], [], [], [], [], [], [], [], [], [], [], [], [], [], [], [], [], [], [], [], [], [], [], [], [], [], [], [], [], [], [], [], [], [], [], [], [], [], ['ISS'], [], [], [], [], [], [], [], [], [], [], [], [], [], [], [], [], [], [], [], [], [], [], [], [], [], [], [], [], [], [], [], [], [], [], [], [], [], [], [], [], [], [], [], [], [], [], [], [], [], [], [], [], [], [], [], [], [], [], [], [], [], [], [], [], [], [], [], [], [], [], [], [], [], [], [], [], [], [], [], [], [], [], [], [], [], [], [], [], [], [], [], [], [], [], [], [], [], [], [], [], [], [], [], [], [], [], [], [], [], [], [], [], [], [], [], [], [], [], [], []]",neuron-glial cell signaling,GO:0150099,0.009130525837830214,['GO:0007267'],0.011764705882352941,query_1,170,0.4,True,GO:BP,5,18884,1
"""Any process that results in a change in state or activity of a cell or an organism (in terms of movement, secretion, enzyme production, gene expression, etc.) as a result of a nitrogen compound stimulus."" [GOC:pr, GOC:TermGenie]",20972,30358,18,"[[], [], [], [], [], [], [], [], [], [], [], [], [], [], [], [], [], [], [], [], [], [], [], [], [], [], [], [], ['ISS'], [], [], [], [], [], ['IDA', 'IGI', 'ISS', 'IBA', 'IEA'], [], [], [], [], ['IEA'], [], [], [], ['IEA'], [], [], [], [], [], [], [], [], [], [], ['ISS', 'IBA', 'IEA'], [], [], [], [], [], [], [], ['IEA'], ['IEA'], ['IDA', 'IMP', 'ISS', 'IEA'], [], [], ['IDA', 'ISS'], ['IBA', 'TAS', 'IEA'], ['IDA', 'IEA'], [], [], [], [], [], [], [], [], [], [], [], [], [], [], [], [], [], [], [], [], [], [], [], [], [], [], [], ['ISS'], ['IEA'], [], [], [], [], [], [], [], [], [], [], [], [], [], ['IEA'], [], [], [], [], [], [], [], [], [], [], [], [], [], [], [], [], [], [], [], [], ['IMP'], ['IEA'], [], ['ISS'], ['IBA', 'IEA'], [], [], [], [], [], [], [], [], [], [], [], [], [], [], [], [], [], [], [], [], [], [], [], [], [], [], [], [], [], [], [], [], [], [], [], [], [], [], [], [], []]",response to nitrogen compound,GO:1901698,0.009200584549293955,['GO:0042221'],0.10588235294117647,query_1,170,0.019128586609989374,True,GO:BP,941,20235,1
"""The process whose specific outcome is the progression of the dendrite over time, from its formation to the mature structure."" [GOC:aruk, GOC:bc, GOC:jl, ISBN:0198506732, PMID:22683681]",20972,15091,8,"[[], [], [], [], [], [], [], [], [], [], [], [], [], [], [], [], [], [], [], [], [], [], [], [], [], [], [], [], [], ['ISS', 'IEA'], [], [], [], [], [], ['IEA'], [], [], [], [], [], ['IEA'], [], [], [], [], [], [], [], [], [], [], [], [], [], ['IEA'], [], [], [], [], [], [], [], [], [], ['IBA'], [], [], [], [], [], [], [], [], ['IEA'], [], [], [], [], [], [], [], [], [], [], [], [], [], [], [], [], [], [], [], [], [], [], ['ISS'], [], [], [], [], [], [], [], [], [], [], [], [], [], [], [], [], [], [], [], [], [], [], [], [], [], [], [], [], [], [], [], ['IEA'], [], [], [], [], [], [], [], [], [], [], [], [], [], [], [], [], [], [], [], [], [], [], [], [], [], [], [], [], [], [], [], [], [], [], [], [], [], [], [], [], [], [], [], [], [], [], [], [], []]",dendrite development,GO:0016358,0.009301022432928557,"['GO:0031175', 'GO:0048856']",0.047058823529411764,query_1,170,0.03418803418803419,True,GO:BP,234,4968,1
"""The chemotaxis process that directs the migration of an axon growth cone to a specific target site in response to a combination of attractive and repulsive cues."" [ISBN:0878932437]",20972,12893,8,"[[], [], [], [], [], [], [], [], [], [], [], [], [], [], [], [], [], [], [], [], [], [], [], [], [], [], [], [], [], [], [], [], [], [], [], ['IDA', 'ISS', 'IBA', 'IEA'], [], [], [], [], [], [], [], ['IBA'], [], [], [], [], [], [], [], [], ['IEA'], [], [], [], [], [], [], [], [], [], [], [], [], [], [], [], [], [], [], [], [], ['IEA'], ['IBA'], [], [], [], [], [], [], [], [], [], [], [], [], [], ['IEA'], [], [], [], [], [], [], [], [], [], [], [], [], [], [], [], [], [], [], [], [], [], [], [], ['IEA'], [], [], [], [], [], [], [], [], [], [], [], [], [], [], [], [], [], [], [], [], [], [], [], [], [], [], [], [], [], [], [], [], [], [], [], [], [], [], [], [], [], [], [], [], [], [], [], [], [], ['IEA'], [], [], [], [], [], [], [], [], [], [], [], [], [], [], [], []]",axon guidance,GO:0007411,0.009301022432928557,"['GO:0007409', 'GO:0097485']",0.047058823529411764,query_1,170,0.03418803418803419,True,GO:BP,234,2770,1
"""Any apoptotic process in a neuron, the basic cellular unit of nervous tissue. Each neuron consists of a body, an axon, and dendrites. Their purpose is to receive, conduct, and transmit impulses in the nervous system."" [CL:0000540, GOC:mtg_apoptosis]",20972,22907,9,"[[], [], [], [], [], [], [], [], [], [], [], [], [], [], [], [], [], [], [], [], [], [], [], [], [], [], [], [], [], [], [], [], ['IEA'], [], [], [], [], [], [], [], [], [], [], [], [], [], [], [], [], [], [], ['IDA'], [], [], [], [], [], [], [], [], [], [], [], [], [], [], [], [], ['IEA'], [], [], [], [], ['ISS', 'IEA'], [], [], [], [], [], [], [], [], [], [], [], [], [], [], [], [], [], [], [], [], [], [], [], ['ISS'], [], [], [], [], [], [], [], [], [], [], [], [], [], [], ['ISS', 'IEA'], [], [], [], [], [], [], ['IEA'], [], [], [], [], [], [], [], [], [], [], [], [], [], [], [], [], [], [], [], [], [], [], [], [], [], [], [], [], [], [], [], [], [], [], [], [], ['IEA'], [], [], [], [], [], [], [], ['IEA'], [], [], [], [], [], [], [], [], [], [], [], [], [], []]",neuron apoptotic process,GO:0051402,0.009302367671110161,['GO:0006915'],0.052941176470588235,query_1,170,0.030716723549488054,True,GO:BP,293,12784,5
"""The process in which the migration of a neuron projection is directed to a specific target site in response to a combination of attractive and repulsive cues."" [GOC:BHF, GOC:rl, PMID:22790009]",20972,27570,8,"[[], [], [], [], [], [], [], [], [], [], [], [], [], [], [], [], [], [], [], [], [], [], [], [], [], [], [], [], [], [], [], [], [], [], [], ['IDA', 'ISS', 'IBA', 'IEA'], [], [], [], [], [], [], [], ['IBA'], [], [], [], [], [], [], [], [], ['IEA'], [], [], [], [], [], [], [], [], [], [], [], [], [], [], [], [], [], [], [], [], ['IEA'], ['IBA'], [], [], [], [], [], [], [], [], [], [], [], [], [], ['IEA'], [], [], [], [], [], [], [], [], [], [], [], [], [], [], [], [], [], [], [], [], [], [], [], ['IEA'], [], [], [], [], [], [], [], [], [], [], [], [], [], [], [], [], [], [], [], [], [], [], [], [], [], [], [], [], [], [], [], [], [], [], [], [], [], [], [], [], [], [], [], [], [], [], [], [], [], ['IEA'], [], [], [], [], [], [], [], [], [], [], [], [], [], [], [], []]",neuron projection guidance,GO:0097485,0.009484167449473786,"['GO:0031175', 'GO:0048812']",0.047058823529411764,query_1,170,0.03404255319148936,True,GO:BP,235,17447,1
"""Any process that results in a change in state or activity of a cell (in terms of movement, secretion, enzyme production, gene expression, etc.) as a result of an oxygen-containing compound stimulus."" [GOC:pr, GOC:TermGenie]",20972,30361,21,"[[], [], ['IEA'], [], [], ['ISS'], [], [], [], [], [], [], [], [], [], [], [], [], [], [], [], [], [], [], [], [], [], [], ['IDA', 'ISS'], [], [], [], [], [], ['IDA', 'IGI', 'ISS', 'IBA', 'IEA'], [], [], [], [], ['IEA'], [], [], [], ['IMP', 'IEA'], [], [], [], [], [], [], [], [], [], [], ['ISS', 'IBA', 'IEA'], [], [], [], [], [], [], [], [], [], ['IDA', 'IMP', 'ISS', 'IEA'], [], [], [], ['IBA', 'TAS'], ['IDA', 'IEA'], [], [], [], [], [], [], [], [], [], [], [], [], [], [], [], [], [], [], [], ['ISS', 'IEA'], [], [], [], [], [], ['IDA'], [], ['ISS'], ['IMP', 'IEA'], [], [], [], [], [], [], [], [], [], [], [], [], [], ['IEA'], [], [], [], [], [], [], ['IEA'], [], [], [], [], [], [], [], [], [], [], [], [], [], [], ['IEA'], [], ['ISS'], ['IBA', 'IEA'], [], [], ['ISS'], [], [], [], [], [], [], [], [], [], [], [], [], [], [], [], [], [], [], [], [], [], [], [], [], [], [], [], [], [], [], [], ['IEA'], [], [], [], [], [], []]",cellular response to oxygen-containing compound,GO:1901701,0.00950281327304034,"['GO:0070887', 'GO:1901700']",0.12352941176470589,query_1,170,0.017587939698492462,True,GO:BP,1194,20238,1
"""The series of molecular signals initiated by ephrin binding to its receptor, and ending with the regulation of a downstream cellular process, e.g. transcription."" [GOC:ceb]",20972,21748,5,"[[], [], [], [], [], [], [], [], [], [], [], [], [], [], [], [], [], [], [], [], [], [], [], [], [], [], [], [], [], [], [], [], [], [], [], [], [], [], [], [], [], [], [], ['IDA', 'IBA', 'IEA'], [], [], [], [], [], [], [], [], [], [], [], [], [], [], [], [], [], [], [], [], [], [], [], [], [], [], [], [], [], [], ['TAS'], [], [], [], [], [], [], [], [], [], [], [], [], [], [], [], [], [], [], [], [], [], [], [], ['IEA'], [], [], [], [], [], [], [], [], [], [], [], [], [], ['IEA'], [], [], [], [], [], [], [], ['TAS'], [], [], [], [], [], [], [], [], [], [], [], [], [], [], [], [], [], [], [], [], [], [], [], [], [], [], [], [], [], [], [], [], [], [], [], [], [], [], [], [], [], [], [], [], [], [], [], [], [], [], [], [], [], [], [], [], [], []]",ephrin receptor signaling pathway,GO:0048013,0.009839166073937606,['GO:0007169'],0.029411764705882353,query_1,170,0.05747126436781609,True,GO:BP,87,11625,1
"""Any process in an organism in which a change in behavior of an individual occurs in response to repeated exposure to a visual cue."" [GOC:jid, ISBN:0582227089]",20972,13173,4,"[[], [], [], [], [], [], [], [], [], [], [], [], [], [], [], [], [], [], [], [], [], [], [], [], [], [], [], [], [], [], [], [], [], [], ['ISS', 'IEA'], [], [], [], [], [], [], [], [], [], [], [], [], [], [], [], [], [], [], [], [], [], [], [], [], [], [], [], ['IEA'], [], [], [], [], ['IEA'], [], [], [], [], [], [], [], [], [], [], [], [], [], [], [], [], [], [], [], [], [], [], [], [], [], [], [], [], [], [], [], [], [], [], [], [], [], [], [], [], [], [], [], [], [], [], [], [], [], [], [], [], [], [], [], [], [], [], [], [], [], [], [], [], [], [], [], [], [], [], [], [], [], [], [], [], [], [], [], [], [], [], [], [], [], [], [], [], [], [], [], [], [], ['ISS'], [], [], [], [], [], [], [], [], [], [], [], [], [], [], [], [], []]",visual learning,GO:0008542,0.009859836437830932,"['GO:0007632', 'GO:0008306']",0.023529411764705882,query_1,170,0.08,True,GO:BP,50,3050,1
"""The cellular developmental process by which a cell establishes the intrinsic character of a cell or tissue region irreversibly committing it to a particular fate."" [ISBN:0716731185]",20972,20669,9,"[[], [], [], [], [], [], [], [], [], [], [], [], [], [], [], [], [], [], [], [], [], [], [], [], [], [], [], [], [], [], [], [], ['IEA'], [], [], [], [], [], [], [], [], [], [], [], ['IEA'], [], [], [], [], [], [], [], [], [], [], [], [], [], [], [], [], [], [], [], [], [], [], [], [], [], ['ISS'], [], [], ['IDA', 'ISS', 'IBA', 'IEA'], [], [], [], [], [], [], [], [], [], [], [], [], [], [], ['IEA'], [], [], [], [], [], [], [], [], ['ISS'], [], [], [], [], [], [], [], ['IEA'], [], [], [], [], [], [], [], [], [], [], [], [], [], [], [], [], [], [], [], [], [], ['TAS'], [], [], [], [], [], [], [], [], [], [], [], [], [], [], [], [], [], [], [], [], [], [], [], [], [], [], [], [], [], [], [], [], [], [], ['IBA', 'IEA'], [], [], [], [], [], [], [], [], [], [], [], [], [], [], [], []]",cell fate commitment,GO:0045165,0.010033739462551278,"['GO:0030154', 'GO:0048869']",0.052941176470588235,query_1,170,0.030303030303030304,True,GO:BP,297,10546,1
"""Any process that results in a change in state or activity of a cell (in terms of movement, secretion, enzyme production, gene expression, etc.) as a result of a chemical stimulus."" [GOC:mah]",20972,25354,32,"[[], [], ['IEA'], [], [], ['ISS'], [], [], [], ['IDA'], [], [], [], [], [], [], [], [], [], [], [], [], [], [], [], [], [], [], ['IDA', 'ISS', 'IBA'], [], [], [], [], [], ['IDA', 'IGI', 'ISS', 'IBA', 'IEA'], [], [], [], [], ['IMP', 'IEA'], [], [], [], ['IMP', 'IEA'], [], ['IDA'], [], [], [], [], [], [], [], [], ['IDA', 'ISS', 'IBA', 'IEA'], [], [], [], [], [], [], [], [], [], ['IDA', 'IMP', 'ISS', 'IEA'], [], [], ['IDA', 'ISS'], ['IBA', 'TAS'], ['IDA', 'IEA'], [], [], [], ['ISS'], [], ['IMP'], [], [], [], [], [], [], [], [], [], [], [], [], [], ['ISS', 'IEA'], [], [], [], [], [], ['IDA'], [], ['IDA', 'ISS'], ['IMP', 'IEA'], [], [], [], [], [], [], [], ['ISS', 'IEA'], [], ['IDA'], [], [], [], ['IEA'], [], [], [], [], [], [], ['IEA'], ['IDA'], [], [], [], [], [], [], [], [], [], [], ['IEP', 'IEA'], [], [], ['IEA'], [], ['ISS'], ['IBA', 'IEA'], [], [], ['ISS'], [], [], [], [], [], [], [], [], [], [], [], [], [], [], [], [], [], [], [], [], [], [], [], ['IDA', 'IBA'], [], [], [], ['IMP', 'IEA'], [], [], [], ['IEA'], [], [], [], [], [], []]",cellular response to chemical stimulus,GO:0070887,0.010299344713503003,"['GO:0042221', 'GO:0051716']",0.18823529411764706,query_1,170,0.01455206912232833,True,GO:BP,2199,15231,1
"""Any process that modulates the frequency, rate or extent of adipocyte differentiation."" [GOC:go_curators]",20972,20803,6,"[[], [], [], [], [], [], [], [], [], [], [], [], [], [], [], [], [], [], [], [], [], [], [], [], [], [], [], [], [], [], [], [], [], [], [], [], [], [], [], [], [], [], [], [], [], [], [], [], [], [], [], [], [], [], ['ISS', 'IEA'], [], [], [], [], [], [], [], [], [], [], [], [], [], ['IEA'], [], ['ISS'], [], [], [], [], [], [], [], [], [], [], [], [], [], [], [], [], [], [], ['IMP'], [], [], [], [], [], [], [], [], [], [], [], [], [], [], [], [], [], [], [], [], [], [], [], [], [], [], [], [], [], [], [], [], [], [], [], [], [], [], [], [], [], ['ISS', 'IEA'], [], [], [], [], [], [], [], [], [], [], [], [], [], [], [], [], [], [], [], [], [], [], [], [], [], [], [], [], [], [], [], [], [], [], [], [], [], [], [], [], [], [], [], ['IMP'], [], [], []]",regulation of fat cell differentiation,GO:0045598,0.010342370565347038,"['GO:0045444', 'GO:0045595']",0.03529411764705882,query_1,170,0.045112781954887216,True,GO:BP,133,10680,1
"""Any process that modulates the occurrence or rate of cell death by apoptotic process in neurons."" [GOC:go_curators, GOC:mtg_apoptosis]",20972,20195,8,"[[], [], [], [], [], [], [], [], [], [], [], [], [], [], [], [], [], [], [], [], [], [], [], [], [], [], [], [], [], [], [], [], ['IEA'], [], [], [], [], [], [], [], [], [], [], [], [], [], [], [], [], [], [], ['IDA'], [], [], [], [], [], [], [], [], [], [], [], [], [], [], [], [], ['IEA'], [], [], [], [], ['ISS', 'IEA'], [], [], [], [], [], [], [], [], [], [], [], [], [], [], [], [], [], [], [], [], [], [], [], ['ISS'], [], [], [], [], [], [], [], [], [], [], [], [], [], [], ['ISS', 'IEA'], [], [], [], [], [], [], ['IEA'], [], [], [], [], [], [], [], [], [], [], [], [], [], [], [], [], [], [], [], [], [], [], [], [], [], [], [], [], [], [], [], [], [], [], [], [], ['IEA'], [], [], [], [], [], [], [], [], [], [], [], [], [], [], [], [], [], [], [], [], [], []]",regulation of neuron apoptotic process,GO:0043523,0.010569257866876094,"['GO:0042981', 'GO:0051402']",0.047058823529411764,query_1,170,0.03333333333333333,True,GO:BP,240,10072,5
"""Any process that modulates the frequency, rate or extent of nervous system development, the origin and formation of nervous tissue."" [GOC:ai]",20972,23210,11,"[[], [], [], [], [], [], [], [], [], [], [], [], [], [], [], [], [], [], [], [], [], [], [], [], [], [], [], [], [], ['ISS', 'IEA'], [], [], ['IEA'], [], ['ISS', 'IEA'], ['IDA', 'IBA', 'IEA'], [], [], [], [], [], [], [], [], [], ['IEA'], [], [], [], [], [], [], ['IEA'], [], [], ['IEA'], [], [], [], [], [], [], [], [], [], [], [], [], [], [], ['ISS'], [], [], [], ['IEA'], [], [], [], [], [], [], [], [], [], [], [], [], [], [], [], [], [], [], [], [], [], [], [], [], [], [], [], [], [], [], [], [], [], [], [], [], [], ['IEA'], [], [], [], [], [], [], [], [], [], [], [], [], [], [], [], [], [], [], [], [], [], [], [], [], [], [], [], [], [], [], [], [], [], [], [], [], [], [], [], [], [], [], ['IMP', 'IBA', 'IEA'], [], [], [], [], [], [], [], [], [], [], [], [], [], [], [], [], [], [], [], [], [], [], []]",regulation of nervous system development,GO:0051960,0.010678249065773473,"['GO:0007399', 'GO:2000026']",0.06470588235294118,query_1,170,0.02558139534883721,True,GO:BP,430,13087,1
"""The process in which the anatomical structures of the eye are generated and organized. The camera-type eye is an organ of sight that receives light through an aperture and focuses it through a lens, projecting it on a photoreceptor field."" [GOC:jid, GOC:mtg_sensu]",20972,22136,6,"[[], [], [], [], [], [], [], [], [], [], [], [], [], [], [], [], [], [], [], [], [], [], [], [], [], [], [], [], [], [], [], [], [], [], [], ['ISS', 'IEA'], [], [], [], [], [], [], [], [], [], [], [], [], [], [], [], [], [], [], [], [], [], [], [], [], [], [], [], [], ['IEA'], [], [], [], [], [], [], [], [], [], [], [], [], [], [], [], [], [], [], [], [], [], [], [], [], [], [], [], [], [], [], [], [], [], [], [], [], [], [], [], [], [], [], [], [], [], [], [], [], [], [], [], [], [], [], [], [], [], [], [], [], [], [], [], [], [], [], [], [], [], [], [], [], [], [], [], ['ISS', 'IEA'], [], [], [], [], [], [], [], [], ['ISS'], [], [], [], [], [], [], [], [], [], [], [], [], [], [], ['IEA'], [], [], [], ['IMP'], [], [], [], [], [], [], [], [], [], []]",camera-type eye morphogenesis,GO:0048593,0.011480832339215624,"['GO:0043010', 'GO:0048592']",0.03529411764705882,query_1,170,0.04411764705882353,True,GO:BP,136,12013,1
"""Morphogenesis, during the embryonic phase, of a tissue or tissues that work together to perform a specific function or functions. Morphogenesis is the process in which anatomical structures are generated and organized. Organs are commonly observed as visibly distinct structures, but may also exist as loosely associated clusters of cells that work together to perform a specific function or functions."" [GOC:jid]",20972,22109,9,"[[], [], [], [], [], [], [], [], [], [], [], [], [], [], [], [], [], [], [], [], [], [], [], [], [], [], [], [], [], [], [], [], [], [], [], [], [], [], [], [], [], [], [], [], [], [], [], [], [], [], [], [], [], [], [], [], [], [], [], [], [], [], [], [], [], [], [], [], [], [], ['ISS'], [], [], [], [], [], [], [], [], [], [], [], [], [], [], [], [], [], [], [], [], [], [], ['IEA'], [], [], [], ['ISS'], [], [], ['ISS'], [], [], [], [], ['ISS', 'IEA'], [], [], [], [], [], [], [], [], [], [], [], [], ['IEA'], [], [], [], [], [], [], [], [], [], [], [], [], [], [], [], [], [], [], [], [], [], [], [], [], [], [], ['IEA'], [], [], [], ['ISS'], [], [], [], [], [], [], [], [], [], [], [], [], [], [], [], [], [], [], ['IMP', 'TAS', 'IEA'], [], [], [], [], [], [], [], [], [], []]",embryonic organ morphogenesis,GO:0048562,0.011815312352254118,"['GO:0009887', 'GO:0048568', 'GO:0048598']",0.052941176470588235,query_1,170,0.029508196721311476,True,GO:BP,305,11986,1
"""Any process that stops, prevents, or reduces the frequency, rate or extent of synaptic transmission, the process of communication from a neuron to a target (neuron, muscle, or secretory cell) across a synapse."" [GOC:ai]",20972,22533,4,"[[], [], [], [], [], [], [], [], [], [], [], [], [], [], [], [], [], [], [], [], [], [], [], [], [], [], [], [], [], [], [], [], [], [], ['ISS', 'IBA', 'IEA'], [], [], [], [], [], [], [], [], [], [], [], [], [], [], [], [], [], [], [], [], [], [], [], [], [], [], [], [], ['IEA'], ['ISO'], [], [], [], ['IEA'], [], [], [], [], [], [], [], [], [], [], [], [], [], [], [], [], [], [], [], [], [], [], [], [], [], [], [], [], [], [], [], [], [], [], [], [], [], [], [], [], [], [], [], [], [], [], [], [], [], [], [], [], [], [], [], [], [], [], [], [], [], [], [], [], [], [], [], [], [], [], [], [], [], [], [], [], [], [], [], [], [], [], [], [], [], [], [], [], [], [], [], [], [], [], [], [], [], [], [], [], [], [], [], [], [], [], [], [], [], []]",negative regulation of synaptic transmission,GO:0050805,0.01191206731808615,"['GO:0007268', 'GO:0010648', 'GO:0023057', 'GO:0050804']",0.023529411764705882,query_1,170,0.07547169811320754,True,GO:BP,53,12410,1
"""Any process that modulates the rate, frequency, or extent of dendritic spine development, the process whose specific outcome is the progression of the dendritic spine over time, from its formation to the mature structure."" [GOC:dph]",20972,24192,4,"[[], [], [], [], [], [], [], [], [], [], [], [], [], [], [], [], [], [], [], [], [], [], [], [], [], [], [], [], [], ['ISS', 'IEA'], [], [], [], [], [], [], [], [], [], [], [], [], [], [], [], [], [], [], [], [], [], [], [], [], [], ['IEA'], [], [], [], [], [], [], [], [], [], [], [], [], [], [], [], [], [], [], ['IEA'], [], [], [], [], [], [], [], [], [], [], [], [], [], [], [], [], [], [], [], [], [], [], ['ISS'], [], [], [], [], [], [], [], [], [], [], [], [], [], [], [], [], [], [], [], [], [], [], [], [], [], [], [], [], [], [], [], [], [], [], [], [], [], [], [], [], [], [], [], [], [], [], [], [], [], [], [], [], [], [], [], [], [], [], [], [], [], [], [], [], [], [], [], [], [], [], [], [], [], [], [], [], [], [], [], [], []]",regulation of dendritic spine development,GO:0060998,0.012536710562338882,"['GO:0050793', 'GO:0060996']",0.023529411764705882,query_1,170,0.07407407407407407,True,GO:BP,54,14069,1
"""Any process that results in a change in state or activity of a cell (in terms of movement, secretion, enzyme production, gene expression, etc.) as a result of a stimulus indicating increased oxygen tension."" [GOC:mah]",20972,25674,2,"[[], [], [], [], [], [], [], [], [], ['IDA'], [], [], [], [], [], [], [], [], [], [], [], [], [], [], [], [], [], [], [], [], [], [], [], [], [], [], [], [], [], [], [], [], [], [], [], [], [], [], [], [], [], [], [], [], ['IDA'], [], [], [], [], [], [], [], [], [], [], [], [], [], [], [], [], [], [], [], [], [], [], [], [], [], [], [], [], [], [], [], [], [], [], [], [], [], [], [], [], [], [], [], [], [], [], [], [], [], [], [], [], [], [], [], [], [], [], [], [], [], [], [], [], [], [], [], [], [], [], [], [], [], [], [], [], [], [], [], [], [], [], [], [], [], [], [], [], [], [], [], [], [], [], [], [], [], [], [], [], [], [], [], [], [], [], [], [], [], [], [], [], [], [], [], [], [], [], [], [], [], [], [], []]",cellular response to hyperoxia,GO:0071455,0.012536710562338882,"['GO:0036295', 'GO:0055093', 'GO:0062197']",0.011764705882352941,query_1,170,0.3333333333333333,True,GO:BP,6,15551,1
"""The process in which a relatively unspecialized cell acquires specialized features of a neural crest cell."" [GOC:dh, GOC:ef]",20972,14510,5,"[[], [], [], [], [], [], [], [], [], [], [], [], [], [], [], [], [], [], [], [], [], [], [], [], [], [], [], [], [], [], [], [], [], [], [], [], [], [], [], ['IEA'], [], [], [], [], [], [], [], [], [], [], [], [], [], [], [], [], [], [], [], [], [], [], [], [], [], [], [], [], [], [], [], [], [], ['IEA'], [], [], [], [], [], [], [], [], [], [], [], [], [], [], [], [], [], [], [], [], [], [], [], ['ISS'], [], [], [], [], [], [], [], [], [], [], [], [], [], [], [], [], [], [], [], [], ['IEA'], [], [], [], [], [], [], [], [], [], [], [], [], [], [], [], [], [], [], [], [], [], [], [], [], [], [], [], [], [], [], [], [], [], [], [], [], [], [], [], [], [], [], [], [], [], [], [], [], [], ['IEA'], [], [], [], [], [], [], [], [], [], []]",neural crest cell differentiation,GO:0014033,0.012536710562338882,"['GO:0048762', 'GO:0048863']",0.029411764705882353,query_1,170,0.053763440860215055,True,GO:BP,93,4387,1
"""The orderly movement of a neuroblast from one site to another, often during the development of a multicellular organism or multicellular structure. A neuroblast is any cell that will divide and give rise to a neuron."" [CL:0000031, GOC:jc, PMID:15543145]",20972,27547,2,"[[], [], [], [], [], [], [], [], [], [], [], [], [], [], [], [], [], [], [], [], [], [], [], [], [], [], [], [], [], [], [], [], [], [], [], [], [], [], [], ['IEA'], [], [], [], [], [], [], [], [], [], [], [], [], [], [], [], [], [], [], [], [], [], [], [], [], [], [], [], [], [], [], [], [], [], [], [], [], [], [], [], [], [], [], [], [], [], [], [], [], [], [], [], [], [], [], [], [], [], [], [], [], [], [], [], [], [], [], [], [], [], [], [], [], [], [], [], [], [], [], [], [], [], [], [], [], [], [], [], [], [], [], [], [], [], [], [], [], [], [], [], [], [], [], [], [], [], [], [], [], [], ['ISS'], [], [], [], [], [], [], [], [], [], [], [], [], [], [], [], [], [], [], [], [], [], [], [], [], [], [], [], [], []]",neuroblast migration,GO:0097402,0.012536710562338882,['GO:0016477'],0.011764705882352941,query_1,170,0.3333333333333333,True,GO:BP,6,17424,1
"""Any process that modulates the frequency, rate or extent of neural precursor cell proliferation."" [GOC:dph, GOC:yaf]",20972,33771,5,"[[], [], [], [], [], [], [], [], [], [], [], [], [], [], [], [], [], [], [], [], [], [], [], [], [], [], [], [], [], [], [], [], [], [], ['ISS', 'IEA'], [], [], [], [], [], [], [], ['IEA'], [], [], [], [], [], [], [], [], [], [], [], ['IEA'], [], [], [], [], [], [], [], [], [], [], [], [], [], [], [], ['ISS'], [], [], [], [], [], [], [], [], [], [], [], [], [], [], [], [], [], [], [], [], [], [], [], [], [], [], [], [], [], [], [], [], [], [], [], [], [], [], [], [], [], [], [], [], [], [], [], [], [], [], [], [], [], [], [], [], [], [], [], [], [], [], [], [], [], [], [], [], [], [], [], [], [], [], [], [], [], [], ['ISS'], [], [], [], [], [], [], [], [], [], [], [], [], [], [], [], [], [], [], [], [], [], [], [], [], [], [], [], [], []]",regulation of neural precursor cell proliferation,GO:2000177,0.012536710562338882,"['GO:0042127', 'GO:0061351']",0.029411764705882353,query_1,170,0.053763440860215055,True,GO:BP,93,23648,9
"""Any process that modulates the frequency, rate or extent of intracellular signal transduction."" [GOC:dph, GOC:signaling, GOC:tb, GOC:TermGenie]",20972,30937,29,"[[], [], ['IMP'], [], [], [], [], [], ['IDA', 'IBA'], [], [], [], [], [], ['IDA'], [], [], [], [], [], [], [], [], ['IDA'], [], [], [], [], [], [], ['IEA'], [], [], [], ['ISS', 'NAS', 'IEA'], [], ['IMP'], [], ['HMP'], ['IEA'], [], [], [], [], [], [], [], [], [], [], [], ['IDA', 'IMP', 'ISS'], [], [], ['IDA'], [], [], [], [], [], [], [], [], ['ISS', 'IEA'], [], [], [], [], ['IDA', 'IEA'], [], [], [], [], ['ISS'], ['TAS'], [], [], [], [], [], [], [], [], [], [], [], [], [], [], [], [], [], [], [], [], [], [], ['ISS'], ['IDA'], [], [], ['ISS', 'IEA'], [], [], [], [], ['ISS', 'IEA'], [], ['IDA'], ['IEA'], [], [], ['IDA', 'IBA', 'TAS'], ['TAS'], [], [], [], [], ['ISS', 'IEA'], [], ['IDA', 'IMP', 'IBA'], [], [], ['IMP'], [], [], [], [], [], [], [], ['IEA'], [], [], [], [], [], [], [], [], [], [], [], [], [], [], [], [], [], [], [], [], [], [], [], [], [], [], [], [], [], [], [], [], ['IDA'], [], [], [], ['IMP', 'ISS', 'IEA'], [], [], [], [], [], [], [], [], [], []]",regulation of intracellular signal transduction,GO:1902531,0.012536710562338882,"['GO:0009966', 'GO:0035556']",0.17058823529411765,query_1,170,0.014910025706940874,True,GO:BP,1945,20814,1
"""The flow of blood through the body of an animal, enabling the transport of nutrients to the tissues and the removal of waste products."" [GOC:mtg_heart, ISBN:0192800825]",20972,13079,12,"[[], [], [], [], [], [], [], [], ['IEA'], [], [], [], [], [], [], [], [], [], [], [], [], [], [], [], [], [], [], [], [], [], [], [], [], [], ['ISS', 'IEA'], [], [], [], [], ['IMP', 'IBA', 'IEA'], [], [], [], [], [], [], [], [], [], [], [], [], [], [], [], [], [], [], [], [], [], [], [], [], ['NAS'], [], [], ['IEA'], ['IEA'], [], ['ISS'], [], [], ['ISS', 'IEA'], [], [], [], [], [], [], [], [], [], [], [], [], [], [], [], [], [], [], [], [], [], [], [], [], [], [], [], [], [], [], ['IEA'], [], [], [], [], [], [], [], [], [], [], [], [], [], [], [], [], [], [], [], [], [], [], [], [], [], [], ['ISS', 'IEA'], [], [], ['IEA'], [], [], [], [], [], [], [], [], [], [], [], [], [], [], [], [], [], [], [], [], [], [], [], [], [], [], [], [], [], ['IEA'], [], [], [], [], [], [], [], [], [], [], [], [], [], []]",blood circulation,GO:0008015,0.012580036050355193,['GO:0003013'],0.07058823529411765,query_1,170,0.023483365949119372,True,GO:BP,511,2956,1
"""Any process that localizes a substance or cellular component. This may occur via movement, tethering or selective degradation."" [GOC:ai, GOC:dos]",20972,22810,57,"[['IBA'], [], ['IDA', 'IMP', 'IGI', 'ISS', 'IBA', 'IEA'], [], [], [], [], [], [], ['IEA'], ['ISO', 'IBA', 'TAS', 'IEA'], [], [], [], [], [], ['IBA', 'IEA'], ['TAS', 'NAS'], ['IEA'], [], [], [], [], ['IMP'], [], [], ['TAS'], [], ['IDA', 'ISS', 'IBA'], [], ['IMP'], [], [], ['IMP', 'IBA', 'IEA'], ['IDA', 'ISS', 'IBA', 'IC', 'IEA'], [], [], [], [], ['IEA'], [], [], [], ['IDA'], [], [], [], [], [], [], [], [], [], [], ['ISS', 'IEA'], [], [], ['IBA', 'IEA'], [], [], ['IEA'], [], ['IDA', 'IMP', 'ISS', 'ISO', 'IEA'], ['IEA'], ['IMP', 'ISS', 'IBA', 'NAS', 'IEA'], [], [], [], ['IDA', 'IMP', 'IBA', 'IEA'], ['IBA', 'IEA'], [], [], [], ['IDA'], ['TAS', 'IEA'], ['IDA', 'IBA', 'TAS', 'IEA'], ['IDA', 'IBA', 'IEA'], ['ISS', 'IBA', 'IEA'], ['ISS', 'IBA', 'IEA'], ['IBA', 'TAS', 'IEA'], ['IBA', 'IEA'], ['IDA', 'ISS', 'IBA', 'TAS', 'IEA'], ['ISS', 'IBA', 'TAS', 'IEA'], [], [], [], [], [], [], [], [], [], [], [], [], [], ['IEA'], ['ISS'], [], ['IEA'], [], [], [], [], ['NAS'], ['IDA', 'IC'], [], [], [], ['IEA'], [], [], [], [], [], [], ['IEA'], [], [], [], ['TAS', 'IEA'], [], [], [], [], [], [], [], [], ['IDA', 'IMP', 'IEA'], [], ['IEA'], [], ['IMP', 'ISS', 'IEA'], ['IEA'], [], [], ['IEA'], [], [], [], [], [], [], [], [], [], [], [], [], ['ISS', 'IBA', 'TAS', 'IEA'], ['IDA', 'ISS', 'TAS', 'IEA'], ['IMP', 'IBA', 'TAS', 'IEA'], ['IDA', 'IMP', 'IBA', 'IEA'], ['IDA', 'IBA', 'IEA'], ['IEA'], ['IBA', 'IEA'], [], [], ['IDA', 'ISS', 'IBA', 'TAS', 'IEA'], [], [], [], [], [], ['IEA'], [], [], [], [], ['ISS', 'IBA', 'TAS'], [], ['IEA'], [], [], [], [], [], []]",establishment of localization,GO:0051234,0.012706750692410337,['GO:0051179'],0.3352941176470588,query_1,170,0.01186511240632806,True,GO:BP,4804,12687,1
"""A G protein-coupled receptor signaling pathway in which the signal is transmitted via the activation of phospholipase C (PLC) and a subsequent increase in the intracellular concentration of inositol trisphosphate (IP3) and diacylglycerol (DAG). IP3 regulates the opening of calcium channels in intracellular calcium store, leading to the release of calcium into the cytosol. Calcium and DAG activate protein kinase C (PKC), which in turn activates downstream effectors."" [GOC:dph, GOC:mah, GOC:signaling, GOC:tb, ISBN:0815316194]",20972,12746,6,"[[], [], [], [], [], [], [], [], ['IBA'], [], [], [], [], [], [], [], [], [], [], [], [], [], [], [], [], [], [], [], [], [], [], [], [], [], ['IDA', 'IGI', 'IBA', 'IEA'], [], [], [], [], ['TAS', 'IEA'], [], [], [], [], [], [], [], [], [], [], [], [], [], [], [], [], [], [], [], [], [], ['IBA', 'IEA'], [], [], [], [], [], ['ISS'], ['IDA', 'IBA', 'IEA'], [], [], [], [], [], [], [], [], [], [], [], [], [], [], [], [], [], [], [], [], [], [], [], [], [], [], [], [], [], [], [], [], [], [], [], [], [], [], [], [], [], [], [], [], [], [], [], [], [], [], [], [], [], [], [], [], [], [], [], [], [], [], [], [], [], [], [], [], [], [], [], [], [], [], [], [], [], [], [], [], [], [], [], [], [], [], [], [], [], [], [], [], [], [], [], [], [], [], [], [], [], [], [], [], [], [], [], [], [], []]",phospholipase C-activating G protein-coupled receptor signaling pathway,GO:0007200,0.012785021540120043,['GO:0007186'],0.03529411764705882,query_1,170,0.04285714285714286,True,GO:BP,140,2623,1
"""The process whose specific outcome is the progression of the dendritic spine over time, from its formation to the mature structure. A dendritic spine is a protrusion from a dendrite and a specialized subcellular compartment involved in synaptic transmission."" [GOC:dph]",20972,24190,5,"[[], [], [], [], [], [], [], [], [], [], [], [], [], [], [], [], [], [], [], [], [], [], [], [], [], [], [], [], [], ['ISS', 'IEA'], [], [], [], [], [], ['IEA'], [], [], [], [], [], [], [], [], [], [], [], [], [], [], [], [], [], [], [], ['IEA'], [], [], [], [], [], [], [], [], [], [], [], [], [], [], [], [], [], [], ['IEA'], [], [], [], [], [], [], [], [], [], [], [], [], [], [], [], [], [], [], [], [], [], [], ['ISS'], [], [], [], [], [], [], [], [], [], [], [], [], [], [], [], [], [], [], [], [], [], [], [], [], [], [], [], [], [], [], [], [], [], [], [], [], [], [], [], [], [], [], [], [], [], [], [], [], [], [], [], [], [], [], [], [], [], [], [], [], [], [], [], [], [], [], [], [], [], [], [], [], [], [], [], [], [], [], [], [], []]",dendritic spine development,GO:0060996,0.012954568326132065,"['GO:0016358', 'GO:0048856']",0.029411764705882353,query_1,170,0.05319148936170213,True,GO:BP,94,14067,1
"""The process whose specific outcome is the progression of an epithelium over time, from its formation to the mature structure. An epithelium is a tissue that covers the internal or external surfaces of an anatomical structure."" [GOC:dph, GOC:mtg_lung]",20972,23755,21,"[[], [], [], [], [], [], [], [], [], [], [], [], [], [], ['IEA'], [], [], [], [], [], [], [], [], [], [], [], [], [], [], [], [], [], [], [], [], [], [], [], [], ['IEA'], [], [], ['IEA'], [], [], [], [], [], [], [], [], [], [], [], [], [], [], [], [], [], [], [], [], [], [], [], [], [], [], [], ['ISS'], [], ['IEA'], [], [], [], [], [], [], [], [], [], [], [], [], [], [], [], ['ISS', 'IEA'], [], [], [], [], ['IEA'], ['ISS'], [], [], ['ISS'], ['IDA', 'IMP'], [], ['ISS'], [], [], [], [], ['ISS', 'IEA'], [], [], [], [], [], [], ['IEA'], [], [], [], [], [], ['IMP', 'IBA', 'IEA'], [], ['IMP'], [], [], [], [], [], [], [], ['IEA'], ['IMP', 'IEA'], [], [], [], [], [], [], [], [], [], [], [], ['IEA'], [], [], [], [], [], [], [], ['ISS'], [], [], [], [], [], [], [], [], [], [], [], [], [], [], ['IEA'], [], [], [], ['IEA'], [], [], [], [], [], [], [], [], [], []]",epithelium development,GO:0060429,0.013275533606750803,['GO:0009888'],0.12352941176470589,query_1,170,0.017017828200972446,True,GO:BP,1234,13632,1
"""Any process that results in a change in state or activity of a multicellular organism (in terms of movement, secretion, enzyme production, gene expression, etc.) as a result of a stimulus indicating the organism is under stress. The stress is usually, but not necessarily, exogenous (e.g. temperature, humidity, ionizing radiation)."" [GOC:mah]",20972,17853,5,"[[], [], [], [], [], [], [], [], [], [], [], [], [], [], [], [], [], [], [], [], [], [], [], [], [], [], [], [], [], [], [], [], [], [], [], [], [], [], [], ['IEA'], [], [], [], [], [], [], [], [], [], [], [], [], [], [], [], [], [], [], [], [], [], [], [], [], ['IEA'], [], [], [], [], [], [], [], [], [], [], [], [], [], [], [], [], [], [], [], [], [], [], [], [], [], [], [], [], [], [], [], [], ['ISS'], [], [], [], [], [], [], [], [], ['IEA'], [], [], [], [], [], ['IEA'], [], [], [], [], [], [], [], [], [], [], [], [], [], [], [], [], [], [], [], [], [], [], [], [], [], [], [], [], [], [], [], [], [], [], [], [], [], [], [], [], [], [], [], [], [], [], [], [], [], [], [], [], [], [], [], [], [], [], [], [], [], [], [], [], [], []]",multicellular organismal response to stress,GO:0033555,0.013482952083456283,"['GO:0006950', 'GO:0032501']",0.029411764705882353,query_1,170,0.05263157894736842,True,GO:BP,95,7730,1
Transcriptional misregulation in cancer,8716,39208,8,"[[], [], [], [], [], [], [], [], [], [], [], [], [], [], [], [], [], [], [], [], [], [], [], [], [], [], [], [], [], [], [], [], [], [], [], [], [], [], [], [], [], [], [], [], [], ['KEGG'], [], [], [], [], [], [], [], [], ['KEGG'], [], [], [], [], [], [], [], [], [], [], [], [], [], [], [], ['KEGG'], [], [], [], [], [], [], [], [], [], [], [], [], [], [], [], [], [], [], [], [], [], [], [], [], [], [], ['KEGG'], ['KEGG'], [], [], [], [], [], [], [], [], [], [], [], [], [], ['KEGG'], [], [], [], [], [], [], [], [], [], ['KEGG'], [], [], [], [], [], [], [], [], [], [], [], [], [], [], [], [], [], [], [], [], [], [], [], [], [], [], [], [], [], [], [], [], [], [], [], [], [], [], [], [], [], [], [], [], [], [], [], [], [], [], [], [], ['KEGG'], [], [], []]",Transcriptional misregulation in cancer,KEGG:05202,0.01371079945589568,['KEGG:00000'],0.1038961038961039,query_1,77,0.04040404040404041,True,KEGG,198,470,28
Calcium signaling pathway,8716,38995,9,"[[], [], [], [], [], ['KEGG'], [], [], ['KEGG'], [], [], [], [], [], [], [], [], ['KEGG'], [], [], [], [], [], [], [], [], [], [], [], [], [], [], [], [], [], [], [], [], [], ['KEGG'], [], [], [], [], [], [], [], [], [], [], [], [], [], [], [], [], [], [], [], [], [], [], ['KEGG'], [], [], [], [], ['KEGG'], ['KEGG'], [], [], [], [], [], [], [], [], [], [], [], [], [], [], [], [], [], [], [], [], [], [], [], [], [], [], [], [], [], ['KEGG'], [], [], [], [], [], [], [], [], [], [], [], [], [], ['KEGG'], [], [], [], [], [], [], [], [], [], [], [], [], [], [], [], [], [], [], [], [], [], [], [], [], [], [], [], [], [], [], [], [], [], [], [], [], [], [], [], [], [], [], [], [], [], [], [], [], [], [], [], [], [], [], [], [], [], [], [], [], [], [], [], [], [], []]",Calcium signaling pathway,KEGG:04020,0.01371079945589568,['KEGG:00000'],0.11688311688311688,query_1,77,0.035856573705179286,True,KEGG,251,257,29
Inflammatory mediator regulation of TRP channels,8716,39115,6,"[[], [], [], [], [], ['KEGG'], [], [], [], [], [], [], [], [], [], [], [], ['KEGG'], [], [], [], [], [], [], [], [], [], [], [], [], [], [], [], [], [], [], [], [], [], [], [], [], [], [], [], [], [], [], [], [], [], [], [], [], [], [], [], [], [], [], [], [], [], [], [], [], [], ['KEGG'], ['KEGG'], [], [], [], [], [], [], [], [], [], [], [], [], [], [], [], [], [], [], [], [], [], [], [], [], [], [], ['KEGG'], [], [], [], [], [], [], [], [], [], [], [], [], [], [], [], [], ['KEGG'], [], [], [], [], [], [], [], [], [], [], [], [], [], [], [], [], [], [], [], [], [], [], [], [], [], [], [], [], [], [], [], [], [], [], [], [], [], [], [], [], [], [], [], [], [], [], [], [], [], [], [], [], [], [], [], [], [], [], [], [], [], [], [], [], [], []]",Inflammatory mediator regulation of TRP channels,KEGG:04750,0.01371079945589568,['KEGG:00000'],0.07792207792207792,query_1,77,0.06060606060606061,True,KEGG,99,377,30
"""The series of molecular signals initiated by an extracellular ligand binding to a receptor on the surface of the target cell, where the receptor possesses catalytic activity or is closely associated with an enzyme such as a protein kinase, and ending with the regulation of a downstream cellular process, e.g. transcription."" [GOC:mah, GOC:signaling, ISBN:0815316194]",20972,12720,18,"[[], [], [], [], [], [], [], [], [], [], [], [], [], [], ['IDA', 'IEA'], [], [], [], [], [], [], [], [], ['IMP'], [], [], [], [], [], [], [], [], ['IMP'], [], [], [], [], [], [], [], [], [], [], ['IDA', 'IBA', 'IEA'], [], [], [], [], [], [], [], [], ['ISS', 'IEA'], [], ['ISS', 'IBA', 'IEA'], ['IBA', 'IEA'], [], [], [], ['IDA', 'TAS', 'IEA'], [], [], [], [], [], [], ['IDA'], [], [], [], [], [], [], [], ['TAS'], [], [], [], [], [], [], [], [], [], [], [], [], [], [], [], [], [], [], [], [], [], [], [], ['IBA', 'IEA'], [], [], [], [], [], [], [], [], [], ['IMP'], [], [], [], ['IDA', 'IBA', 'IEA'], [], [], [], [], [], ['ISS', 'IEA'], [], ['IMP', 'TAS'], [], [], [], [], [], [], [], [], ['IEA'], [], [], ['IMP'], [], [], [], [], [], [], [], [], [], [], [], [], [], [], [], ['IBA', 'TAS'], [], [], [], [], [], [], [], [], [], [], [], [], [], [], [], [], [], [], [], [], [], [], [], [], [], [], [], [], [], []]",enzyme-linked receptor protein signaling pathway,GO:0007167,0.014346556637797306,['GO:0007166'],0.10588235294117647,query_1,170,0.018218623481781375,True,GO:BP,988,2597,1
"""Any process that activates or increases the frequency, rate or extent of the directed movement of a neurotransmitter into, out of or within a cell, or between cells, by means of some agent such as a transporter or pore."" [GOC:ai]",20972,23007,3,"[[], [], [], [], [], [], [], [], [], [], [], [], [], [], [], [], [], [], [], [], [], [], [], [], [], [], [], [], [], [], [], [], [], [], ['ISS', 'IEA'], [], [], [], [], [], [], [], [], [], [], [], [], [], [], [], [], [], [], [], [], [], [], [], [], [], [], [], [], [], [], [], [], [], [], [], [], [], [], [], [], [], [], [], [], [], [], [], [], [], [], [], [], [], [], [], [], [], [], [], [], [], [], [], [], [], [], [], [], [], [], [], [], [], [], [], [], [], [], [], [], [], [], [], [], [], [], [], [], [], [], [], [], [], [], [], [], [], [], [], [], [], [], [], [], [], [], [], [], [], [], [], [], [], [], [], [], ['ISS'], [], [], [], [], [], [], [], ['IEA'], [], [], [], [], [], [], [], [], [], [], [], [], [], [], [], [], [], [], []]",positive regulation of neurotransmitter transport,GO:0051590,0.01472652799360939,"['GO:0006836', 'GO:0051050', 'GO:0051588']",0.01764705882352941,query_1,170,0.11538461538461539,True,GO:BP,26,12884,1
"""The behavior of an organism in response to a visual stimulus."" [GOC:jid, GOC:pr]",20972,13071,4,"[[], [], [], [], [], [], [], [], [], [], [], [], [], [], [], [], [], [], [], [], [], [], [], [], [], [], [], [], [], [], [], [], [], [], ['ISS', 'IEA'], [], [], [], [], [], [], [], [], [], [], [], [], [], [], [], [], [], [], [], [], [], [], [], [], [], [], [], ['IEA'], [], [], [], [], ['IEA'], [], [], [], [], [], [], [], [], [], [], [], [], [], [], [], [], [], [], [], [], [], [], [], [], [], [], [], [], [], [], [], [], [], [], [], [], [], [], [], [], [], [], [], [], [], [], [], [], [], [], [], [], [], [], [], [], [], [], [], [], [], [], [], [], [], [], [], [], [], [], [], [], [], [], [], [], [], [], [], [], [], [], [], [], [], [], [], [], [], [], [], [], [], ['ISS'], [], [], [], [], [], [], [], [], [], [], [], [], [], [], [], [], []]",visual behavior,GO:0007632,0.01472652799360939,"['GO:0007610', 'GO:0009416']",0.023529411764705882,query_1,170,0.07017543859649122,True,GO:BP,57,2948,1
"""The series of molecular signals generated as a consequence of a brain-derived neurotrophic factor receptor binding to one of its physiological ligands."" [GOC:mah]",20972,16872,4,"[[], [], [], [], [], [], [], [], [], [], [], [], [], [], [], [], [], [], [], [], [], [], [], [], [], [], [], [], [], [], [], [], [], [], [], [], [], [], [], [], [], [], [], ['IEA'], [], [], [], [], [], [], [], [], [], [], [], ['IEA'], [], [], [], [], [], [], [], [], [], [], [], [], [], [], [], [], [], [], [], [], [], [], [], [], [], [], [], [], [], [], [], [], [], [], [], [], [], [], [], [], [], [], ['IEA'], [], [], [], [], [], [], [], [], [], [], [], [], [], ['IEA'], [], [], [], [], [], [], [], [], [], [], [], [], [], [], [], [], [], [], [], [], [], [], [], [], [], [], [], [], [], [], [], [], [], [], [], [], [], [], [], [], [], [], [], [], [], [], [], [], [], [], [], [], [], [], [], [], [], [], [], [], [], [], [], [], [], []]",brain-derived neurotrophic factor receptor signaling pathway,GO:0031547,0.01472652799360939,['GO:0007169'],0.023529411764705882,query_1,170,0.07017543859649122,True,GO:BP,57,6749,1
"""The characteristic movement of cells from the dorsal ridge of the neural tube to a variety of locations in a vertebrate embryo."" [GOC:ascb_2009, GOC:dph, GOC:tb, ISBN:0878932437]",20972,10534,4,"[[], [], [], [], [], [], [], [], [], [], [], [], [], [], [], [], [], [], [], [], [], [], [], [], [], [], [], [], [], [], [], [], [], [], [], [], [], [], [], ['IEA'], [], [], [], [], [], [], [], [], [], [], [], [], [], [], [], [], [], [], [], [], [], [], [], [], [], [], [], [], [], [], [], [], [], ['IEA'], [], [], [], [], [], [], [], [], [], [], [], [], [], [], [], [], [], [], [], [], [], [], [], [], [], [], [], [], [], [], [], [], [], [], [], [], [], [], [], [], [], [], [], [], ['IEA'], [], [], [], [], [], [], [], [], [], [], [], [], [], [], [], [], [], [], [], [], [], [], [], [], [], [], [], [], [], [], [], [], [], [], [], [], [], [], [], [], [], [], [], [], [], [], [], [], [], ['IEA'], [], [], [], [], [], [], [], [], [], []]",neural crest cell migration,GO:0001755,0.01472652799360939,"['GO:0014032', 'GO:0090497']",0.023529411764705882,query_1,170,0.07017543859649122,True,GO:BP,57,411,1
"""The regulated release of dopamine by a cell. Dopamine is a catecholamine and a precursor of adrenaline and noradrenaline. It acts as a neurotransmitter in the central nervous system but it is also produced peripherally and acts as a hormone."" [GOC:ef]",20972,14523,3,"[[], [], [], [], [], [], [], [], [], [], [], [], [], [], [], [], [], [], [], [], [], [], [], [], [], [], [], [], [], [], [], [], [], [], ['IBA', 'IEA'], [], [], [], [], [], [], [], [], [], [], [], [], [], [], [], [], [], [], [], [], [], [], [], [], [], [], [], [], ['IEA'], [], [], [], [], ['IEA'], [], [], [], [], [], [], [], [], [], [], [], [], [], [], [], [], [], [], [], [], [], [], [], [], [], [], [], [], [], [], [], [], [], [], [], [], [], [], [], [], [], [], [], [], [], [], [], [], [], [], [], [], [], [], [], [], [], [], [], [], [], [], [], [], [], [], [], [], [], [], [], [], [], [], [], [], [], [], [], [], [], [], [], [], [], [], [], [], [], [], [], [], [], [], [], [], [], [], [], [], [], [], [], [], [], [], [], [], [], []]",dopamine secretion,GO:0014046,0.01472652799360939,"['GO:0015872', 'GO:0023061', 'GO:0050432']",0.01764705882352941,query_1,170,0.11538461538461539,True,GO:BP,26,4400,1
"""Any process that results in a change in state or activity of a cell (in terms of movement, secretion, enzyme production, gene expression, etc.) as a result of a nitrogen compound stimulus."" [GOC:pr, GOC:TermGenie]",20972,30359,14,"[[], [], [], [], [], [], [], [], [], [], [], [], [], [], [], [], [], [], [], [], [], [], [], [], [], [], [], [], ['ISS'], [], [], [], [], [], ['IDA', 'IGI', 'ISS', 'IBA', 'IEA'], [], [], [], [], [], [], [], [], ['IEA'], [], [], [], [], [], [], [], [], [], [], ['ISS', 'IBA', 'IEA'], [], [], [], [], [], [], [], [], [], ['IDA', 'IMP', 'ISS', 'IEA'], [], [], ['IDA', 'ISS'], ['IBA', 'TAS'], ['IDA', 'IEA'], [], [], [], [], [], [], [], [], [], [], [], [], [], [], [], [], [], [], [], [], [], [], [], [], [], [], [], ['ISS'], ['IEA'], [], [], [], [], [], [], [], [], [], [], [], [], [], ['IEA'], [], [], [], [], [], [], [], [], [], [], [], [], [], [], [], [], [], [], [], [], [], ['IEA'], [], ['ISS'], ['IBA', 'IEA'], [], [], [], [], [], [], [], [], [], [], [], [], [], [], [], [], [], [], [], [], [], [], [], [], [], [], [], [], [], [], [], [], [], [], [], [], [], [], [], [], []]",cellular response to nitrogen compound,GO:1901699,0.015439363718257099,"['GO:0070887', 'GO:1901698']",0.08235294117647059,query_1,170,0.020710059171597635,True,GO:BP,676,20236,1
"""The chemical reactions and pathways involving a compound containing a pyrocatechol (1,2-benzenediol) nucleus or substituent."" [GOC:sm, ISBN:0198547684]",20972,13574,4,"[[], [], [], [], [], [], [], [], [], [], [], [], [], [], [], [], [], [], [], [], [], [], [], [], [], [], [], [], [], [], [], [], [], [], ['IC', 'IEA'], [], [], [], [], [], [], [], [], [], [], [], [], [], [], [], [], [], [], [], [], [], [], [], [], [], [], [], ['IEA'], [], [], [], [], [], [], [], [], [], [], [], [], [], [], [], [], [], [], [], [], [], [], [], [], [], [], [], [], [], [], [], [], [], [], [], [], [], [], [], [], [], [], [], [], [], [], [], [], [], [], [], [], [], [], [], [], [], [], [], [], [], [], [], [], [], [], [], [], [], [], [], [], [], [], [], [], [], [], [], [], [], [], [], [], [], [], [], [], [], [], [], [], ['IEA'], ['IEA'], [], [], [], [], [], [], [], [], [], [], [], [], [], [], [], [], [], [], [], [], [], []]",catechol-containing compound metabolic process,GO:0009712,0.015439363718257099,['GO:0018958'],0.023529411764705882,query_1,170,0.06896551724137931,True,GO:BP,58,3451,3
"""The chemical reactions and pathways involving any of a group of physiologically important biogenic amines that possess a catechol (3,4-dihydroxyphenyl) nucleus and are derivatives of 3,4-dihydroxyphenylethylamine."" [GOC:jl, ISBN:0198506732]",20972,12310,4,"[[], [], [], [], [], [], [], [], [], [], [], [], [], [], [], [], [], [], [], [], [], [], [], [], [], [], [], [], [], [], [], [], [], [], ['IC', 'IEA'], [], [], [], [], [], [], [], [], [], [], [], [], [], [], [], [], [], [], [], [], [], [], [], [], [], [], [], ['IEA'], [], [], [], [], [], [], [], [], [], [], [], [], [], [], [], [], [], [], [], [], [], [], [], [], [], [], [], [], [], [], [], [], [], [], [], [], [], [], [], [], [], [], [], [], [], [], [], [], [], [], [], [], [], [], [], [], [], [], [], [], [], [], [], [], [], [], [], [], [], [], [], [], [], [], [], [], [], [], [], [], [], [], [], [], [], [], [], [], [], [], [], [], ['IEA'], ['IEA'], [], [], [], [], [], [], [], [], [], [], [], [], [], [], [], [], [], [], [], [], [], []]",catecholamine metabolic process,GO:0006584,0.015439363718257099,"['GO:0006576', 'GO:0009712']",0.023529411764705882,query_1,170,0.06896551724137931,True,GO:BP,58,2187,3
"""Development, taking place during the embryonic phase, of a tissue or tissues that work together to perform a specific function or functions. Development pertains to the process whose specific outcome is the progression of a structure over time, from its formation to the mature structure. Organs are commonly observed as visibly distinct structures, but may also exist as loosely associated clusters of cells that work together to perform a specific function or functions."" [GOC:jid]",20972,22114,11,"[[], [], [], [], [], [], [], [], [], [], [], [], [], [], [], [], [], [], [], [], [], [], [], [], [], [], [], [], [], [], [], [], [], [], [], [], [], [], [], [], [], [], [], [], [], [], [], [], [], [], [], [], [], [], [], [], [], [], [], [], [], [], [], [], [], [], [], [], [], [], ['ISS'], [], [], [], [], [], [], [], [], [], [], [], [], [], [], [], [], [], [], [], [], [], [], ['IEA'], [], [], [], ['ISS'], [], [], ['ISS'], [], [], [], [], ['ISS', 'IEA'], [], [], [], [], [], [], [], [], [], [], [], [], ['IEA'], [], [], [], ['IBA'], [], [], [], [], [], [], ['IEA'], [], [], [], [], [], [], [], [], [], [], [], [], [], [], [], ['IEA'], [], [], [], ['ISS'], [], [], [], [], [], [], [], [], [], [], [], [], [], [], [], [], [], [], ['IMP', 'TAS', 'IEA'], [], [], [], [], [], [], [], [], [], []]",embryonic organ development,GO:0048568,0.015793465639647085,"['GO:0009790', 'GO:0048513']",0.06470588235294118,query_1,170,0.024070021881838075,True,GO:BP,457,11991,1
"""Any biological process in an organism that recurs with a regularity of approximately 24 hours."" [GOC:bf, GOC:go_curators]",20972,13063,7,"[[], [], [], [], [], [], [], [], [], ['ISS'], [], [], [], [], [], [], [], [], [], [], [], [], [], [], [], [], [], [], [], [], [], [], [], [], ['ISS', 'IEA'], [], [], [], [], [], [], [], [], [], [], [], [], [], [], [], [], ['IMP'], [], [], [], [], [], [], [], [], [], [], [], [], [], [], [], [], [], [], ['ISS'], [], [], [], [], [], [], [], [], [], [], [], [], [], [], [], [], [], [], [], [], [], [], [], [], [], [], [], [], [], [], [], [], [], [], [], [], [], [], [], [], [], ['IEA'], [], [], [], [], [], [], [], [], [], [], [], [], [], [], [], [], [], [], [], [], [], [], [], [], [], [], [], ['ISS', 'IEA'], [], [], [], [], [], [], [], [], [], [], [], [], [], [], [], [], [], [], [], [], [], [], [], [], [], [], [], [], [], [], [], [], [], [], [], [], ['ISS'], []]",circadian rhythm,GO:0007623,0.015793465639647085,['GO:0048511'],0.041176470588235294,query_1,170,0.03482587064676617,True,GO:BP,201,2940,1
"""The process in which a relatively unspecialized cell acquires the specialized features of a photoreceptor cell, as found in the eye, the primary visual organ of most organisms."" [GOC:go_curators]",20972,10533,4,"[[], [], [], [], [], [], [], [], [], [], [], [], [], [], [], [], [], [], [], [], [], [], [], [], [], [], [], [], [], [], [], [], [], [], [], ['ISS'], [], [], [], [], [], [], [], [], [], [], [], [], [], [], [], [], [], [], [], [], [], [], [], [], [], [], [], [], ['IEA'], [], [], [], [], [], [], [], [], [], [], [], [], [], [], [], [], [], [], [], [], [], [], [], [], [], [], [], [], [], [], [], [], [], [], [], [], [], [], [], [], [], [], [], [], [], [], [], [], [], [], [], [], [], [], [], [], [], [], [], [], [], [], [], [], [], [], [], [], [], [], [], [], [], [], [], ['ISS', 'IEA'], [], [], [], [], [], [], [], [], [], [], [], [], [], [], [], [], [], [], [], [], [], [], [], ['IEA'], [], [], [], [], [], [], [], [], [], [], [], [], [], []]",eye photoreceptor cell differentiation,GO:0001754,0.01616265370282659,"['GO:0046530', 'GO:0048592']",0.023529411764705882,query_1,170,0.06779661016949153,True,GO:BP,59,410,1
"""The process in which a relatively unspecialized cell acquires specialized features of a neuroblast. There are at least four stages through which the pluripotent cells of epiblast or blastula become neuroblasts."" [GOC:ef, ISBN:0878932585]",20972,14496,2,"[[], [], [], [], [], [], [], [], [], [], [], [], [], [], [], [], [], [], [], [], [], [], [], [], [], [], [], [], [], [], [], [], ['IEA'], [], [], [], [], [], [], [], [], [], [], [], [], [], [], [], [], [], [], [], [], [], [], [], [], [], [], [], [], [], [], [], [], [], [], [], [], [], [], [], [], [], [], [], [], [], [], [], [], [], [], [], [], [], [], [], [], [], [], [], [], [], [], [], [], [], [], [], [], [], [], [], [], [], [], [], [], [], [], [], [], [], [], [], [], [], [], [], [], [], [], [], [], [], [], [], [], [], [], [], [], [], [], [], [], [], [], [], [], [], [], [], [], [], [], [], [], ['ISS'], [], [], [], [], [], [], [], [], [], [], [], [], [], [], [], [], [], [], [], [], [], [], [], [], [], [], [], [], []]",neuroblast differentiation,GO:0014016,0.01616265370282659,"['GO:0030154', 'GO:0048699']",0.011764705882352941,query_1,170,0.2857142857142857,True,GO:BP,7,4373,1
"""The orderly movement of a mesenchymal cell from one site to another, often during the development of a multicellular organism."" [GOC:dph, GOC:tb]",20972,27229,4,"[[], [], [], [], [], [], [], [], [], [], [], [], [], [], [], [], [], [], [], [], [], [], [], [], [], [], [], [], [], [], [], [], [], [], [], [], [], [], [], ['IEA'], [], [], [], [], [], [], [], [], [], [], [], [], [], [], [], [], [], [], [], [], [], [], [], [], [], [], [], [], [], [], [], [], [], ['IEA'], [], [], [], [], [], [], [], [], [], [], [], [], [], [], [], [], [], [], [], [], [], [], [], [], [], [], [], [], [], [], [], [], [], [], [], [], [], [], [], [], [], [], [], [], ['IEA'], [], [], [], [], [], [], [], [], [], [], [], [], [], [], [], [], [], [], [], [], [], [], [], [], [], [], [], [], [], [], [], [], [], [], [], [], [], [], [], [], [], [], [], [], [], [], [], [], [], ['IEA'], [], [], [], [], [], [], [], [], [], []]",mesenchymal cell migration,GO:0090497,0.01616265370282659,['GO:0001667'],0.023529411764705882,query_1,170,0.06779661016949153,True,GO:BP,59,17106,1
"""Any process that modulates the frequency, rate or extent of cellular component biogenesis, a process that results in the biosynthesis of constituent macromolecules, assembly, and arrangement of constituent parts of a cellular component."" [GOC:jl]",20972,20335,18,"[[], [], ['ISS', 'TAS', 'IEA'], [], [], [], [], [], [], [], [], [], ['IBA'], [], [], [], [], [], [], [], [], [], [], [], ['ISS'], [], [], [], [], ['ISS', 'IEA'], [], [], [], [], [], [], ['ISS'], [], [], [], [], [], [], ['IDA'], [], [], [], [], [], [], [], [], ['IEA'], [], [], [], [], [], [], [], [], [], [], [], [], [], [], [], [], [], [], [], [], ['ISS'], [], [], [], [], [], [], [], [], [], [], [], [], [], [], ['IEA'], [], [], ['IBA', 'IEA'], [], [], [], [], [], ['ISS'], ['IDA', 'IMP'], [], [], [], [], [], [], [], [], [], [], [], [], [], ['IEA'], [], [], [], [], [], [], [], ['IMP'], [], [], [], [], [], [], [], [], ['IEA'], ['ISS', 'IEA'], [], [], [], [], [], [], [], [], [], [], [], [], [], [], [], [], [], [], [], [], [], [], [], [], ['IDA', 'IMP', 'IBA', 'IEA'], [], [], [], ['IEA'], [], [], [], [], [], [], [], [], [], [], [], [], [], [], [], [], [], [], []]",regulation of cellular component biogenesis,GO:0044087,0.01667181362221009,"['GO:0044085', 'GO:0050794']",0.10588235294117647,query_1,170,0.017892644135188866,True,GO:BP,1006,10212,1
"""The controlled self-propelled movement of a cell from one site to a destination guided by molecular cues."" [GOC:cjm, GOC:dph, GOC:ems, GOC:pf, Wikipedia:Cell_migration]",20972,15100,24,"[[], [], [], [], [], [], [], [], [], [], [], [], [], [], ['IDA'], [], [], [], [], [], ['ISS'], [], ['IBA'], ['IDA', 'IBA'], [], [], [], [], [], [], [], [], [], [], ['ISS', 'IEA'], [], ['IMP'], [], ['IEA'], ['IMP', 'IEA'], [], [], [], ['ISS'], [], [], [], [], [], ['IDA'], [], [], ['IEA'], [], [], [], [], [], [], [], [], [], [], [], [], [], [], [], [], [], [], [], [], ['IEA'], [], [], [], [], [], [], [], [], [], [], [], [], [], [], ['ISS', 'IEA'], [], [], [], [], [], [], [], [], ['IDA', 'IGI', 'ISS'], ['IMP'], [], [], [], [], [], [], [], [], [], [], [], [], [], [], [], [], [], [], [], ['IEA'], [], ['IDA', 'IMP', 'IBA'], [], [], [], [], [], [], [], [], ['IEA'], [], ['ISS'], ['IMP'], [], [], [], [], [], [], [], [], [], [], [], [], ['IEA'], [], [], [], ['ISS'], [], [], [], [], [], [], [], ['IBA'], [], [], [], [], [], [], [], [], [], [], ['IMP', 'IEA'], [], [], [], [], [], [], [], [], [], []]",cell migration,GO:0016477,0.016757100576788073,['GO:0048870'],0.1411764705882353,query_1,170,0.015665796344647518,True,GO:BP,1532,4977,1
"""Any process that modulates the frequency, rate or extent of a response to an external stimulus."" [GOC:mah]",20972,17010,19,"[[], [], [], [], [], [], [], [], [], [], [], [], [], [], [], [], [], [], [], [], [], ['IBA'], [], ['IDA'], [], [], [], [], [], [], [], [], [], [], ['ISS', 'IEA'], ['IDA', 'IBA', 'IEA'], [], [], [], ['IEA'], [], [], [], [], [], [], [], [], [], ['IC'], [], [], [], [], [], [], [], [], [], [], ['IEA'], [], [], [], [], [], [], [], ['IEA'], [], [], [], [], ['ISS', 'IEA'], [], [], [], [], [], [], [], [], [], [], [], [], [], [], [], ['ISS', 'IC', 'IEA'], [], ['IDA'], [], [], [], ['IMP'], [], [], ['IMP'], [], [], ['ISS', 'IEA'], [], [], [], [], [], [], [], ['IDA', 'ISS', 'IBA', 'IEA'], [], [], [], [], [], [], [], [], [], [], ['TAS'], [], [], [], [], [], [], [], [], [], [], ['ISS', 'NAS', 'IEA'], [], ['IMP'], [], [], [], [], [], [], [], [], [], [], [], [], [], [], [], [], [], [], [], [], [], [], [], [], [], [], [], [], ['IEA'], [], [], [], [], [], [], [], [], [], [], [], [], [], [], [], []]",regulation of response to external stimulus,GO:0032101,0.016757100576788073,"['GO:0009605', 'GO:0048583']",0.11176470588235295,query_1,170,0.0173992673992674,True,GO:BP,1092,6887,1
"""The developmental process in which the heart is generated and organized. The heart is a hollow, muscular organ, which, by contracting rhythmically, keeps up the circulation of the blood."" [GOC:dph, GOC:isa_complete]",20972,11532,8,"[[], [], [], [], [], [], [], [], [], [], [], [], [], [], [], [], [], [], [], [], [], [], [], [], [], [], [], [], [], [], [], [], [], [], [], [], [], [], [], [], [], [], [], [], [], [], [], [], [], [], [], [], ['ISS', 'IEA'], [], [], [], [], [], [], [], [], [], [], [], [], [], [], [], [], [], [], [], [], ['IMP', 'ISS', 'IEA'], [], [], [], [], [], [], [], [], [], [], [], [], [], [], [], [], [], [], [], [], [], [], [], ['ISS'], [], [], ['ISS'], [], [], [], [], [], [], [], [], [], [], [], [], [], [], ['ISS'], [], [], ['IEA'], [], [], [], [], [], [], [], [], [], [], ['IEA'], [], [], [], [], [], [], [], [], [], [], [], [], [], [], [], [], [], [], [], [], [], [], [], [], [], [], [], [], [], [], [], [], [], [], [], [], [], [], ['IEA'], [], [], [], [], [], [], [], [], [], []]",heart morphogenesis,GO:0003007,0.016757100576788073,"['GO:0007507', 'GO:0009887']",0.047058823529411764,query_1,170,0.030418250950570342,True,GO:BP,263,1409,1
"""Any process that modulates the frequency, rate or extent of heart contraction. Heart contraction is the process in which the heart decreases in volume in a characteristic way to propel blood through the body."" [GOC:dph, GOC:go_curators, GOC:tb]",20972,13080,7,"[[], [], [], [], [], [], [], [], ['IEA'], [], [], [], [], [], [], [], [], [], [], [], [], [], [], [], [], [], [], [], [], [], [], [], [], [], ['ISS', 'IEA'], [], [], [], [], ['IEA'], [], [], [], [], [], [], [], [], [], [], [], [], [], [], [], [], [], [], [], [], [], [], [], [], ['NAS'], [], [], [], [], [], [], [], [], ['ISS', 'IEA'], [], [], [], [], [], [], [], [], [], [], [], [], [], [], [], [], [], [], [], [], [], [], [], [], [], [], [], [], [], [], [], [], [], [], [], [], [], [], [], [], [], [], [], [], [], [], [], [], [], [], [], [], [], [], [], [], [], [], [], [], ['IEA'], [], [], [], [], [], [], [], [], [], [], [], [], [], [], [], [], [], [], [], [], [], [], [], [], [], [], [], [], [], ['IEA'], [], [], [], [], [], [], [], [], [], [], [], [], [], []]",regulation of heart contraction,GO:0008016,0.016757100576788073,"['GO:0060047', 'GO:1903522']",0.041176470588235294,query_1,170,0.03431372549019608,True,GO:BP,204,2957,1
"""Any process that modulates the frequency or rate of heart contraction."" [GOC:dph, GOC:tb, PMID:10358008]",20972,10735,5,"[[], [], [], [], [], [], [], [], [], [], [], [], [], [], [], [], [], [], [], [], [], [], [], [], [], [], [], [], [], [], [], [], [], [], ['ISS', 'IEA'], [], [], [], [], ['IEA'], [], [], [], [], [], [], [], [], [], [], [], [], [], [], [], [], [], [], [], [], [], [], [], [], ['NAS'], [], [], [], [], [], [], [], [], ['ISS', 'IEA'], [], [], [], [], [], [], [], [], [], [], [], [], [], [], [], [], [], [], [], [], [], [], [], [], [], [], [], [], [], [], [], [], [], [], [], [], [], [], [], [], [], [], [], [], [], [], [], [], [], [], [], [], [], [], [], [], [], [], [], [], ['IEA'], [], [], [], [], [], [], [], [], [], [], [], [], [], [], [], [], [], [], [], [], [], [], [], [], [], [], [], [], [], [], [], [], [], [], [], [], [], [], [], [], [], [], [], []]",regulation of heart rate,GO:0002027,0.01721824698030637,"['GO:0008016', 'GO:0065008']",0.029411764705882353,query_1,170,0.049019607843137254,True,GO:BP,102,612,1
"""The process, occurring in the embryo, by which the anatomical structures of the hindlimbs are generated and organized. The hindlimbs are the posterior limbs of an animal."" [ISBN:0198612001]",20972,18364,3,"[[], [], [], [], [], [], [], [], [], [], [], [], [], [], [], [], [], [], [], [], [], [], [], [], [], [], [], [], [], [], [], [], [], [], [], [], [], [], [], [], [], [], [], [], [], [], [], [], [], [], [], [], [], [], [], [], [], [], [], [], [], [], [], [], [], [], [], [], [], [], [], [], [], [], [], [], [], [], [], [], [], [], [], [], [], [], [], [], [], [], [], [], [], [], [], [], [], [], [], [], [], [], [], [], [], [], [], [], [], [], [], [], [], [], [], [], [], [], [], [], [], [], [], [], [], [], [], [], [], [], [], [], [], [], [], [], [], [], [], [], [], ['IEA'], [], [], [], [], [], [], [], [], [], [], [], [], [], [], [], [], [], [], [], [], [], [], [], [], [], [], ['IEA'], [], [], [], [], [], [], ['IEA'], [], [], []]",embryonic hindlimb morphogenesis,GO:0035116,0.017371262859599227,"['GO:0030326', 'GO:0035137']",0.01764705882352941,query_1,170,0.10714285714285714,True,GO:BP,28,8241,6
"""The directed movement of an organic hydroxy compound (organic alcohol) into, out of or within a cell, or between cells, by means of some agent such as a transporter or pore. An organic hydroxy compound is an organic compound having at least one hydroxy group attached to a carbon atom."" [GOC:ai]",20972,14843,8,"[[], [], ['IDA', 'IMP', 'IGI', 'IEA'], [], [], [], [], [], [], [], [], [], [], [], [], [], [], [], [], [], [], [], [], [], [], [], [], [], [], [], [], [], [], [], ['ISS', 'IBA', 'IC', 'IEA'], [], [], [], [], [], [], [], [], [], [], [], [], [], [], [], [], [], [], [], [], [], [], [], [], [], [], [], [], ['IEA'], [], [], [], [], ['IEA'], [], [], [], [], [], [], [], [], [], [], [], [], [], [], [], [], [], [], [], [], [], [], [], [], [], [], [], [], [], [], [], [], [], [], [], [], [], [], [], [], [], [], [], [], [], [], [], ['IEA'], [], [], [], [], [], [], [], [], [], [], [], [], [], [], [], [], [], [], [], [], [], [], [], [], [], [], [], [], [], [], [], [], [], [], ['IDA'], [], [], [], [], [], [], [], ['ISS'], [], [], [], [], [], [], [], [], [], [], ['IBA'], [], [], [], [], [], [], [], []]",organic hydroxy compound transport,GO:0015850,0.017694627793913214,['GO:0006810'],0.047058823529411764,query_1,170,0.03007518796992481,True,GO:BP,266,4720,1
"""The series of molecular signals initiated by a ligand binding to a hepatocyte growth factor receptor, and ending with the regulation of a downstream cellular process, e.g. transcription."" [GOC:ceb]",20972,21747,4,"[[], [], [], [], [], [], [], [], [], [], [], [], [], [], [], [], [], [], [], [], [], [], [], [], [], [], [], [], [], [], [], [], [], [], [], [], [], [], [], [], [], [], [], ['IEA'], [], [], [], [], [], [], [], [], [], [], [], [], [], [], [], [], [], [], [], [], [], [], [], [], [], [], [], [], [], [], [], [], [], [], [], [], [], [], [], [], [], [], [], [], [], [], [], [], [], [], [], [], [], [], ['IEA'], [], [], [], [], [], [], [], [], [], [], [], [], [], ['IEA'], [], [], [], [], [], [], [], ['IMP'], [], [], [], [], [], [], [], [], [], [], [], [], [], [], [], [], [], [], [], [], [], [], [], [], [], [], [], [], [], [], [], [], [], [], [], [], [], [], [], [], [], [], [], [], [], [], [], [], [], [], [], [], [], [], [], [], [], []]",hepatocyte growth factor receptor signaling pathway,GO:0048012,0.01772752186269288,['GO:0007169'],0.023529411764705882,query_1,170,0.06557377049180328,True,GO:BP,61,11624,1
"""Any process in which a protein is transported to, or maintained in, a specific location."" [GOC:ai]",20972,13106,33,"[['IBA'], [], ['IMP', 'ISS', 'IEA'], [], [], [], [], [], [], ['IEA'], [], [], [], [], ['IEA'], [], ['IEA'], ['IBA', 'NAS'], ['IEA'], [], [], [], [], [], [], [], [], [], [], [], [], [], [], [], ['IDA', 'ISS', 'IEA'], [], ['IMP'], [], [], ['IEA'], [], [], [], ['IDA'], [], [], [], [], [], [], [], ['ISS'], [], [], ['ISS', 'IEA'], [], [], [], [], [], [], [], ['IEA'], [], ['IEA'], [], [], [], ['IEA'], [], [], [], [], ['IDA'], [], [], [], ['ISS'], ['ISS'], [], [], [], [], [], [], [], [], [], [], [], [], [], ['IBA', 'IEA'], [], [], [], [], [], [], [], [], [], [], [], [], ['IDA', 'IC'], [], [], [], [], [], [], [], [], [], ['IEA'], [], [], [], [], ['IDA'], [], [], [], [], [], [], [], [], ['IDA', 'IMP'], [], [], [], ['ISS', 'IEA'], [], [], [], [], [], [], [], [], [], [], [], [], ['IBA'], [], [], [], [], [], ['ISS', 'IEA'], [], ['IEA'], [], [], [], [], ['IBA', 'TAS', 'IEA'], [], [], [], ['IEA'], [], [], [], [], [], [], ['IDA', 'ISS', 'IBA', 'IEA'], [], ['IEA'], [], [], ['IEA'], [], [], []]",intracellular protein localization,GO:0008104,0.01884024974510198,['GO:0033036'],0.19411764705882353,query_1,170,0.013744273219491879,True,GO:BP,2401,2983,1
"""Any process that modulates the frequency, rate or extent of G protein-coupled receptor signaling pathway."" [GOC:go_curators]",20972,13132,6,"[[], [], [], [], [], [], [], [], [], [], [], [], [], [], [], [], [], [], [], [], [], [], [], [], [], [], [], [], [], [], [], [], [], [], ['ISS', 'IEA'], [], [], [], [], [], [], [], [], [], [], [], [], [], [], [], [], [], [], [], [], [], [], [], [], [], [], [], [], [], [], [], [], [], [], [], [], [], [], [], [], [], [], [], [], [], [], [], [], [], [], [], [], [], [], [], [], [], [], [], [], [], [], [], ['IDA'], [], [], [], [], [], [], [], [], [], [], [], [], [], [], [], [], [], [], [], [], [], [], [], [], [], [], [], [], [], [], [], [], [], [], [], ['TAS', 'IEA'], ['TAS', 'IEA'], ['ISS'], ['TAS', 'IEA'], [], [], [], [], [], [], [], [], [], [], [], [], [], [], [], [], [], [], [], [], [], [], [], [], [], [], [], [], [], [], [], [], [], [], [], [], [], [], [], [], []]",regulation of G protein-coupled receptor signaling pathway,GO:0008277,0.01884024974510198,"['GO:0007186', 'GO:0009966']",0.03529411764705882,query_1,170,0.03896103896103896,True,GO:BP,154,3009,1
"""Any process that modulates the activity of an enzyme."" [GOC:ai, GOC:ebc, GOC:vw]",20972,22521,15,"[[], [], [], [], [], [], [], [], [], [], [], [], [], [], [], [], [], [], [], [], [], [], [], [], [], [], [], [], [], [], [], [], [], [], ['IDA'], [], [], [], ['IDA'], ['TAS'], [], [], [], ['IDA'], [], [], [], [], [], [], [], ['IDA'], [], [], [], [], [], [], ['TAS'], [], [], [], [], ['TAS'], [], [], [], [], [], [], [], [], [], [], [], [], [], [], [], [], [], [], [], [], [], [], [], [], ['ISS'], [], [], [], [], [], [], [], [], ['ISS'], ['IDA'], [], [], [], [], [], [], [], [], [], [], [], [], [], ['IDA'], [], [], [], [], [], [], [], ['IMP'], [], [], [], [], [], [], [], [], [], ['ISS'], [], [], [], [], ['IDA'], ['IDA'], [], [], [], [], [], [], [], [], [], [], [], [], [], [], [], [], [], [], [], [], [], [], [], [], [], [], [], [], [], [], [], [], [], [], [], [], [], [], [], [], [], []]",regulation of catalytic activity,GO:0050790,0.01884024974510198,['GO:0065009'],0.08823529411764706,query_1,170,0.01937984496124031,True,GO:BP,774,12398,1
"""Any process that results in a change in state or activity of a cell (in terms of movement, secretion, enzyme production, gene expression, etc.) as a result of a low-density lipoprotein particle stimulus."" [GOC:mah]",20972,25643,3,"[[], [], ['NAS'], [], [], [], [], [], [], [], [], [], [], [], [], [], [], [], [], [], [], [], [], ['IDA'], [], [], [], [], [], [], [], [], [], [], [], [], [], [], [], [], [], [], [], [], [], [], [], [], [], [], [], [], [], [], [], [], [], [], [], [], [], [], [], [], [], [], [], [], [], [], [], [], [], [], [], [], [], [], [], [], [], [], [], [], [], [], [], [], [], ['IMP'], [], [], [], [], [], [], [], [], [], [], [], [], [], [], [], [], [], [], [], [], [], [], [], [], [], [], [], [], [], [], [], [], [], [], [], [], [], [], [], [], [], [], [], [], [], [], [], [], [], [], [], [], [], [], [], [], [], [], [], [], [], [], [], [], [], [], [], [], [], [], [], [], [], [], [], [], [], [], [], [], [], [], [], [], [], [], [], [], []]",cellular response to low-density lipoprotein particle stimulus,GO:0071404,0.018863843127970528,"['GO:0055094', 'GO:0071402']",0.01764705882352941,query_1,170,0.10344827586206896,True,GO:BP,29,15520,1
"""Any process that modulates the frequency, rate or extent of any process in which a protein is transported to, or maintained in, a specific location."" [GOC:dph, GOC:mah, GOC:tb]",20972,17488,16,"[['IBA'], [], [], [], [], [], [], [], [], [], [], [], [], [], ['IEA'], [], [], ['IBA'], [], [], [], [], [], [], [], [], [], [], [], [], [], [], [], [], ['IDA', 'IEA'], [], ['IMP'], [], [], [], [], [], [], ['IDA'], [], [], [], [], [], [], [], ['ISS'], [], [], ['ISS', 'IEA'], [], [], [], [], [], [], [], [], [], [], [], [], [], [], [], [], [], [], ['IDA'], [], [], [], [], [], [], [], [], [], [], [], [], [], [], [], [], [], [], [], [], [], [], [], [], [], [], [], [], [], [], [], ['IC'], [], [], [], [], [], [], [], [], [], ['IEA'], [], [], [], [], [], [], [], [], [], [], [], [], [], [], [], [], [], [], [], [], [], [], [], [], [], [], [], [], [], [], [], [], [], [], [], [], ['ISS', 'IEA'], [], ['IEA'], [], [], [], [], ['TAS'], [], [], [], [], [], [], [], [], [], [], ['IDA', 'IBA', 'IEA'], [], ['IEA'], [], [], [], [], [], []]",regulation of protein localization,GO:0032880,0.019653614738497034,"['GO:0008104', 'GO:0032879']",0.09411764705882353,query_1,170,0.018626309662398137,True,GO:BP,859,7365,1
"""Any process that activates or increases the frequency, rate or extent of cell junction assembly."" [GOC:TermGenie]",20972,30502,5,"[[], [], [], [], [], [], [], [], [], [], [], [], [], [], [], [], [], [], [], [], [], [], [], [], [], [], [], [], [], ['ISS', 'IEA'], [], [], [], [], [], [], ['ISS'], [], [], [], [], [], [], [], [], [], [], [], [], [], [], [], ['IEA'], [], [], [], [], [], [], [], [], [], [], [], [], [], [], [], [], [], [], [], [], [], [], [], [], [], [], [], [], [], [], [], [], [], [], [], [], [], [], [], [], [], [], [], [], [], [], [], [], [], [], [], [], [], [], [], [], [], [], [], ['IEA'], [], [], [], [], [], [], [], [], [], [], [], [], [], [], [], [], [], [], [], [], [], [], [], [], [], [], [], [], [], [], [], [], [], [], [], [], [], [], [], [], [], [], ['IBA', 'IEA'], [], [], [], [], [], [], [], [], [], [], [], [], [], [], [], [], [], [], [], [], [], [], []]",positive regulation of cell junction assembly,GO:1901890,0.01978683150632911,"['GO:0034329', 'GO:0044089', 'GO:0051130', 'GO:1901888']",0.029411764705882353,query_1,170,0.04716981132075472,True,GO:BP,106,20379,1
"""The process whose specific outcome is the progression of the telencephalon over time, from its formation to the mature structure. The telencephalon is the paired anteriolateral division of the prosencephalon plus the lamina terminalis from which the olfactory lobes, cerebral cortex, and subcortical nuclei are derived."" [GO_REF:0000021, GOC:cls, GOC:dgh, GOC:dph, GOC:jid, PMID:12626695]",20972,15836,8,"[[], [], [], [], [], [], [], [], [], [], [], [], [], [], [], [], [], [], [], [], [], [], [], [], [], [], [], [], [], [], [], [], ['IEA'], [], ['ISS', 'IEA'], [], [], [], [], [], [], [], ['IEA'], [], [], [], [], [], [], [], [], [], [], [], [], [], [], [], [], [], [], [], [], [], [], [], [], [], [], [], ['ISS'], [], [], [], [], [], [], [], [], [], [], [], [], [], [], [], [], [], [], [], [], [], [], [], [], [], [], [], [], [], [], [], [], [], [], ['ISS', 'IEA'], [], ['IEA'], [], [], [], [], [], [], [], [], [], [], [], [], [], [], [], [], [], [], [], [], [], [], [], [], [], [], [], [], [], [], [], [], [], [], [], [], [], [], [], [], [], ['ISS'], [], [], [], [], [], [], [], [], [], [], [], [], ['IEA'], [], [], [], [], [], [], [], [], [], [], [], [], [], [], [], []]",telencephalon development,GO:0021537,0.019801905342143586,"['GO:0030900', 'GO:0048856']",0.047058823529411764,query_1,170,0.029411764705882353,True,GO:BP,272,5713,1
"""Any process that modulates the frequency, rate or extent of a process involved in the formation, arrangement of constituent parts, or disassembly of plasma membrane bounded cell projections."" [GOC:krc]",20972,28327,13,"[[], [], [], [], [], [], [], [], [], [], [], [], [], [], [], [], [], ['IMP', 'IBA'], [], [], [], [], [], [], ['ISS'], [], [], [], [], ['ISS', 'IEA'], [], [], [], [], [], ['IDA', 'IBA', 'IEA'], [], [], [], [], [], [], [], ['IMP'], [], [], [], [], [], [], [], [], [], [], [], ['IEA'], [], [], [], [], [], [], [], [], [], ['IBA'], [], [], [], [], [], [], [], [], ['IEA'], [], [], [], [], [], [], [], [], [], [], [], [], [], [], [], [], [], [], [], [], [], [], [], [], [], [], [], [], [], [], [], [], [], [], [], [], [], ['IDA'], [], [], [], [], [], [], [], ['IBA'], [], [], [], [], [], [], [], [], [], [], [], [], [], [], [], [], [], [], [], [], [], ['ISS'], [], [], [], [], [], [], [], [], [], [], [], [], ['IMP'], [], [], [], [], [], [], ['IBA', 'IEA'], [], [], [], [], [], [], [], [], [], [], [], [], [], [], [], []]",regulation of plasma membrane bounded cell projection organization,GO:0120035,0.01983480350214807,"['GO:0031344', 'GO:0120036']",0.07647058823529412,query_1,170,0.02086677367576244,True,GO:BP,623,18204,1
"""Any process that modulates the rate or extent of fever generation."" [GOC:add, GOC:dph, GOC:tb]",20972,16897,2,"[[], [], [], [], [], [], [], [], [], [], [], [], [], [], [], [], [], [], [], [], [], [], [], [], [], [], [], [], [], [], [], [], [], [], [], [], [], [], [], ['IEA'], [], [], [], [], [], [], [], [], [], [], [], [], [], [], [], [], [], [], [], [], [], [], [], [], [], [], [], [], [], [], [], [], [], [], [], [], [], [], [], [], [], [], [], [], [], [], [], [], [], [], [], [], [], [], [], [], [], [], [], [], [], [], [], [], [], [], [], [], [], [], [], [], [], [], [], [], [], [], [], [], [], [], [], [], [], [], [], [], [], [], [], ['ISS', 'IEA'], [], [], [], [], [], [], [], [], [], [], [], [], [], [], [], [], [], [], [], [], [], [], [], [], [], [], [], [], [], [], [], [], [], [], [], [], [], [], [], [], [], [], [], [], [], [], []]",regulation of fever generation,GO:0031620,0.019991707737682555,"['GO:0001660', 'GO:0002673', 'GO:0031650']",0.011764705882352941,query_1,170,0.25,True,GO:BP,8,6774,1
"""The series of events in which information about the density of cells in a population is received by direct cell-cell contact and is converted into a molecular signal, resulting in the cessation of cell growth or proliferation."" [GOC:dph, PMID:17376520]",20972,23600,2,"[[], [], [], [], [], [], [], [], [], [], [], [], [], [], [], [], [], [], [], [], [], [], [], [], [], [], [], [], [], [], [], [], [], [], [], [], [], [], [], [], [], [], [], [], [], [], [], [], [], ['ISS', 'IEA'], [], [], [], [], [], [], [], [], [], [], [], [], [], [], [], [], [], [], [], [], [], [], [], [], [], [], [], [], [], [], [], [], [], [], [], [], [], [], [], [], [], [], [], [], [], [], [], [], [], [], [], [], [], [], [], [], [], [], [], [], [], [], [], [], [], [], [], [], [], [], ['IMP'], [], [], [], [], [], [], [], [], [], [], [], [], [], [], [], [], [], [], [], [], [], [], [], [], [], [], [], [], [], [], [], [], [], [], [], [], [], [], [], [], [], [], [], [], [], [], [], [], [], [], [], [], [], [], [], [], [], []]",contact inhibition,GO:0060242,0.019991707737682555,['GO:0060245'],0.011764705882352941,query_1,170,0.25,True,GO:BP,8,13477,4
"""Any process that activates, maintains or increases the frequency, rate or extent of synapse assembly, the aggregation, arrangement and bonding together of a set of components to form a synapse."" [GOC:ai, GOC:pr]",20972,23215,4,"[[], [], [], [], [], [], [], [], [], [], [], [], [], [], [], [], [], [], [], [], [], [], [], [], [], [], [], [], [], ['ISS', 'IEA'], [], [], [], [], [], [], [], [], [], [], [], [], [], [], [], [], [], [], [], [], [], [], ['IEA'], [], [], [], [], [], [], [], [], [], [], [], [], [], [], [], [], [], [], [], [], [], [], [], [], [], [], [], [], [], [], [], [], [], [], [], [], [], [], [], [], [], [], [], [], [], [], [], [], [], [], [], [], [], [], [], [], [], [], [], ['IEA'], [], [], [], [], [], [], [], [], [], [], [], [], [], [], [], [], [], [], [], [], [], [], [], [], [], [], [], [], [], [], [], [], [], [], [], [], [], [], [], [], [], [], ['IBA', 'IEA'], [], [], [], [], [], [], [], [], [], [], [], [], [], [], [], [], [], [], [], [], [], [], []]",positive regulation of synapse assembly,GO:0051965,0.020331820703712172,"['GO:0007416', 'GO:0051962', 'GO:0051963', 'GO:1901890']",0.023529411764705882,query_1,170,0.0625,True,GO:BP,64,13092,1
"""Any process that results in a change in state or activity of a cell or an organism (in terms of movement, secretion, enzyme production, gene expression, etc.) as a result of a lipoprotein particle stimulus."" [GOC:BHF, GOC:rl]",20972,23392,3,"[[], [], ['NAS'], [], [], [], [], [], [], [], [], [], [], [], [], [], [], [], [], [], [], [], [], ['IDA'], [], [], [], [], [], [], [], [], [], [], [], [], [], [], [], [], [], [], [], [], [], [], [], [], [], [], [], [], [], [], [], [], [], [], [], [], [], [], [], [], [], [], [], [], [], [], [], [], [], [], [], [], [], [], [], [], [], [], [], [], [], [], [], [], [], ['IMP'], [], [], [], [], [], [], [], [], [], [], [], [], [], [], [], [], [], [], [], [], [], [], [], [], [], [], [], [], [], [], [], [], [], [], [], [], [], [], [], [], [], [], [], [], [], [], [], [], [], [], [], [], [], [], [], [], [], [], [], [], [], [], [], [], [], [], [], [], [], [], [], [], [], [], [], [], [], [], [], [], [], [], [], [], [], [], [], [], []]",response to lipoprotein particle,GO:0055094,0.020331820703712172,"['GO:0009719', 'GO:0042221']",0.01764705882352941,query_1,170,0.1,True,GO:BP,30,13269,1
Hormone signaling,8716,39009,8,"[[], [], [], [], [], ['KEGG'], [], [], ['KEGG'], [], [], [], [], [], [], [], [], [], [], [], ['KEGG'], [], [], [], [], [], [], [], [], [], [], [], [], [], ['KEGG'], [], [], [], [], [], [], [], [], [], [], [], [], [], [], [], [], [], [], [], [], [], [], [], [], [], [], [], [], [], [], [], [], [], [], [], [], [], [], [], [], [], [], [], [], [], [], [], [], [], [], [], [], [], [], [], [], [], [], [], [], [], ['KEGG'], [], [], [], [], [], [], [], [], [], [], [], [], [], [], [], [], [], [], [], [], [], [], [], [], [], [], [], [], [], [], [], [], [], [], [], [], [], [], [], [], [], [], [], [], [], [], [], [], [], [], [], [], [], [], [], [], [], [], [], [], [], [], [], [], [], [], [], ['KEGG'], [], [], [], [], [], ['KEGG'], ['KEGG'], [], [], [], [], [], [], []]",Hormone signaling,KEGG:04081,0.020689174265302666,['KEGG:00000'],0.1038961038961039,query_1,77,0.03686635944700461,True,KEGG,217,271,31
"""Any process that results in a change in state or activity of a cell or an organism (in terms of movement, secretion, enzyme production, gene expression, etc.) as a result of a chemical stimulus."" [GOC:jl]",20972,19523,47,"[[], [], ['NAS', 'IEA'], [], [], ['ISS'], [], [], [], ['IDA'], ['IEA'], [], [], [], [], [], [], [], [], [], [], [], [], ['IDA'], [], [], [], [], ['IDA', 'IMP', 'ISS', 'IBA'], [], [], [], [], [], ['IDA', 'IGI', 'ISS', 'IBA', 'IEA'], ['IDA', 'IBA', 'IEA'], [], [], ['IEA'], ['IMP', 'IEA'], [], [], ['IEA'], ['IMP', 'IEA'], [], ['IDA'], [], [], [], [], [], [], ['IEA'], [], ['IDA', 'ISS', 'IBA', 'IEA'], [], [], [], [], [], [], [], ['IDA', 'IEA'], ['IEA'], ['IDA', 'IMP', 'ISS', 'IEA'], [], [], ['IDA', 'ISS'], ['IDA', 'IBA', 'TAS', 'IEA'], ['IDA', 'IEA'], [], [], [], ['ISS'], [], ['IMP'], [], [], [], [], [], [], [], [], [], [], [], [], [], ['IMP', 'ISS', 'IEA'], [], [], [], [], [], ['IDA'], [], ['IDA', 'ISS'], ['IDA', 'IMP', 'IEA'], [], [], [], [], [], [], ['IMP'], ['ISS', 'IEA'], [], ['IDA'], ['IDA', 'IEA'], [], [], ['IEA'], [], [], [], [], [], [], ['IEA'], ['IDA'], [], [], [], [], [], [], [], [], ['IEA'], [], ['IEP', 'IEA'], ['IDA'], ['IMP'], ['IEA'], [], ['ISS'], ['IBA', 'IEA'], [], [], ['ISS'], [], [], [], [], [], [], [], [], [], [], [], [], ['IBA'], [], [], [], [], [], [], [], [], ['IEA'], [], ['IDA', 'IBA'], [], [], [], ['IMP', 'IEA'], [], [], [], ['IEA'], [], [], [], [], [], []]",response to chemical,GO:0042221,0.022084310922267137,['GO:0050896'],0.27647058823529413,query_1,170,0.0121667098110277,True,GO:BP,3863,9400,1
"""The process whose specific outcome is the progression of an embryo from its formation until the end of its embryonic life stage. The end of the embryonic stage is organism-specific. For example, for mammals, the process would begin with zygote formation and end with birth. For insects, the process would begin at zygote formation and end with larval hatching. For plant zygotic embryos, this would be from zygote formation to the end of seed dormancy. For plant vegetative embryos, this would be from the initial determination of the cell or group of cells to form an embryo until the point when the embryo becomes independent of the parent plant."" [GOC:go_curators, GOC:isa_complete, GOC:mtg_sensu]",20972,13640,19,"[[], [], [], [], [], [], [], [], [], [], [], [], [], [], [], [], [], [], [], [], [], [], [], [], [], [], [], [], [], [], [], [], ['IBA', 'IEA'], [], [], [], [], [], [], [], [], [], ['IEA'], [], ['IEA'], [], [], [], [], [], [], [], [], [], [], [], [], [], [], [], [], [], [], [], [], [], [], [], [], [], ['ISS'], [], ['IEA'], ['ISS', 'IEA'], [], [], [], [], [], [], [], [], [], [], [], [], [], [], ['ISS', 'IEA'], [], [], [], [], ['IEA'], [], [], [], ['ISS'], [], [], ['ISS'], [], [], [], [], ['ISS', 'IEA'], [], [], [], [], [], [], [], [], [], [], [], [], ['IEA'], [], [], [], ['IBA'], [], [], [], [], [], [], ['IMP', 'IEA'], [], [], [], [], [], [], [], [], [], [], [], ['IEA'], [], [], [], ['IEA'], [], [], [], ['ISS'], [], [], [], [], [], [], [], [], [], [], [], [], [], [], [], [], [], [], ['IMP', 'TAS', 'IEA'], [], [], [], [], [], [], ['IEA'], [], [], []]",embryo development,GO:0009790,0.02229049793689713,['GO:0007275'],0.11176470588235295,query_1,170,0.016873889875666074,True,GO:BP,1126,3517,1
"""Any process that results in a change in state or activity of a cell (in terms of movement, secretion, enzyme production, gene expression, etc.) as a result of a retinoic acid stimulus."" [GOC:mah]",20972,25544,4,"[[], [], ['IEA'], [], [], [], [], [], [], [], [], [], [], [], [], [], [], [], [], [], [], [], [], [], [], [], [], [], [], [], [], [], [], [], ['IEA'], [], [], [], [], [], [], [], [], ['IMP'], [], [], [], [], [], [], [], [], [], [], [], [], [], [], [], [], [], [], [], [], [], [], [], [], [], [], [], [], [], [], [], [], [], [], [], [], [], [], [], [], [], [], [], [], [], [], [], [], [], [], [], [], [], [], [], [], [], [], [], [], [], [], [], [], [], [], [], [], [], [], [], [], [], [], [], [], [], [], [], [], [], [], [], [], [], [], [], [], [], [], [], [], [], [], [], [], ['ISS'], [], [], [], [], [], [], [], [], [], [], [], [], [], [], [], [], [], [], [], [], [], [], [], [], [], [], [], [], [], [], [], [], [], [], [], [], [], []]",cellular response to retinoic acid,GO:0071300,0.02248895530499123,"['GO:0032526', 'GO:0071396', 'GO:1901701']",0.023529411764705882,query_1,170,0.06060606060606061,True,GO:BP,66,15421,1
"""The series of molecular signals initiated by binding of a ligand to the tyrosine kinase receptor EGFR (ERBB1) on the surface of a cell. The pathway ends with regulation of a downstream cellular process, e.g. transcription."" [GOC:ceb]",20972,12725,6,"[[], [], [], [], [], [], [], [], [], [], [], [], [], [], [], [], [], [], [], [], [], [], [], ['IMP'], [], [], [], [], [], [], [], [], [], [], [], [], [], [], [], [], [], [], [], ['IEA'], [], [], [], [], [], [], [], [], [], [], [], [], [], [], [], [], [], [], [], [], [], [], [], [], [], [], [], [], [], [], [], [], [], [], [], [], [], [], [], [], [], [], [], [], [], [], [], [], [], [], [], [], [], [], ['IEA'], [], [], [], [], [], [], [], [], [], [], [], [], [], ['IEA'], [], [], [], [], [], [], [], [], [], [], [], [], [], [], [], [], ['IEA'], [], [], [], [], [], [], [], [], [], [], [], [], [], [], [], [], [], [], ['TAS'], [], [], [], [], [], [], [], [], [], [], [], [], [], [], [], [], [], [], [], [], [], [], [], [], [], [], [], [], [], []]",epidermal growth factor receptor signaling pathway,GO:0007173,0.02248895530499123,['GO:0038127'],0.03529411764705882,query_1,170,0.037267080745341616,True,GO:BP,161,2602,1
"""The process in which the anatomical structure of the retina is generated and organized."" [GOC:bf, GOC:dph, GOC:mtg_sensu]",20972,23451,4,"[[], [], [], [], [], [], [], [], [], [], [], [], [], [], [], [], [], [], [], [], [], [], [], [], [], [], [], [], [], [], [], [], [], [], [], ['ISS', 'IEA'], [], [], [], [], [], [], [], [], [], [], [], [], [], [], [], [], [], [], [], [], [], [], [], [], [], [], [], [], ['IEA'], [], [], [], [], [], [], [], [], [], [], [], [], [], [], [], [], [], [], [], [], [], [], [], [], [], [], [], [], [], [], [], [], [], [], [], [], [], [], [], [], [], [], [], [], [], [], [], [], [], [], [], [], [], [], [], [], [], [], [], [], [], [], [], [], [], [], [], [], [], [], [], [], [], [], [], ['ISS', 'IEA'], [], [], [], [], [], [], [], [], [], [], [], [], [], [], [], [], [], [], [], [], [], [], [], ['IEA'], [], [], [], [], [], [], [], [], [], [], [], [], [], []]",retina morphogenesis in camera-type eye,GO:0060042,0.02367482213920656,"['GO:0009653', 'GO:0048593', 'GO:0060041']",0.023529411764705882,query_1,170,0.05970149253731343,True,GO:BP,67,13328,1
"""The process whose specific outcome is the progression of the circulatory system over time, from its formation to the mature structure. The circulatory system is the organ system that passes nutrients (such as amino acids and electrolytes), gases, hormones, blood cells, etc. to and from cells in the body to help fight diseases and help stabilize body temperature and pH to maintain homeostasis."" [GOC:mah, UBERON:0001009]",20972,26320,19,"[[], [], [], [], [], [], [], [], [], [], [], [], [], [], ['IDA', 'IGI', 'IBA'], [], [], [], [], [], [], [], [], ['IDA'], [], ['ISS', 'IEA'], [], [], [], [], [], [], [], [], [], [], [], [], ['IDA', 'IEA'], [], [], [], [], [], [], [], [], [], [], ['IEA'], [], ['TAS'], ['ISS', 'IEA'], [], ['IEA'], [], [], [], [], [], [], [], [], [], [], [], [], [], [], [], ['ISS'], [], [], ['IDA', 'IMP', 'ISS', 'IEA'], [], [], [], [], [], [], [], [], [], [], [], [], [], [], ['IEA'], [], [], [], [], [], [], [], [], ['IDA', 'IEP', 'ISS', 'IBA', 'NAS', 'IEA'], [], [], ['ISS'], [], [], [], [], [], [], [], [], [], [], [], [], [], [], ['ISS'], [], [], ['IEA'], [], [], [], [], [], [], [], [], [], [], ['IDA', 'IEA'], [], ['ISS'], [], [], ['IEA'], [], [], [], [], [], [], [], [], [], [], [], [], [], [], [], [], [], [], [], [], [], [], [], [], [], [], [], [], [], [], [], [], [], ['IMP', 'NAS', 'IEA'], [], [], [], [], [], [], [], [], [], []]",circulatory system development,GO:0072359,0.023898690224746142,['GO:0048731'],0.11176470588235295,query_1,170,0.016740088105726872,True,GO:BP,1135,16197,1
"""Any process that activates, maintains or increases the frequency, rate or extent of glutamatergic synaptic transmission, the process of communication from a neuron to another neuron across a synapse using the neurotransmitter glutamate."" [GOC:ai]",20972,23218,3,"[[], [], [], [], [], [], [], [], [], [], [], [], [], [], [], [], [], [], [], [], [], [], [], [], [], [], [], [], [], [], [], [], [], [], [], [], [], [], [], [], [], [], [], [], [], [], [], [], [], [], [], [], [], [], [], [], [], [], [], [], [], [], ['ISS', 'ISO'], [], [], [], [], [], [], [], [], [], [], [], [], [], [], [], [], [], [], [], [], [], [], [], [], [], [], [], [], [], [], [], [], [], [], [], [], [], [], [], [], [], [], [], [], [], [], [], [], [], ['IEA'], [], [], [], [], [], [], [], [], [], [], [], [], [], [], [], [], [], [], [], [], [], [], [], [], [], [], [], [], [], [], [], [], [], [], [], [], [], [], [], [], [], [], [], [], [], [], [], [], [], [], [], [], [], [], ['ISS'], [], [], [], [], [], [], [], [], [], [], []]","positive regulation of synaptic transmission, glutamatergic",GO:0051968,0.023898690224746142,"['GO:0035249', 'GO:0050806', 'GO:0051966']",0.01764705882352941,query_1,170,0.09375,True,GO:BP,32,13095,1
"""Any process that modulates the frequency, rate or extent of a process involved in the formation, arrangement of constituent parts, or disassembly of cell projections."" [GOC:mah]",20972,16802,13,"[[], [], [], [], [], [], [], [], [], [], [], [], [], [], [], [], [], ['IMP', 'IBA'], [], [], [], [], [], [], ['ISS'], [], [], [], [], ['ISS', 'IEA'], [], [], [], [], [], ['IDA', 'IBA', 'IEA'], [], [], [], [], [], [], [], ['IMP'], [], [], [], [], [], [], [], [], [], [], [], ['IEA'], [], [], [], [], [], [], [], [], [], ['IBA'], [], [], [], [], [], [], [], [], ['IEA'], [], [], [], [], [], [], [], [], [], [], [], [], [], [], [], [], [], [], [], [], [], [], [], [], [], [], [], [], [], [], [], [], [], [], [], [], [], ['IDA'], [], [], [], [], [], [], [], ['IBA'], [], [], [], [], [], [], [], [], [], [], [], [], [], [], [], [], [], [], [], [], [], ['ISS'], [], [], [], [], [], [], [], [], [], [], [], [], ['IMP'], [], [], [], [], [], [], ['IBA', 'IEA'], [], [], [], [], [], [], [], [], [], [], [], [], [], [], [], []]",regulation of cell projection organization,GO:0031344,0.023898690224746142,"['GO:0030030', 'GO:0051128']",0.07647058823529412,query_1,170,0.02034428794992175,True,GO:BP,639,6679,1
"""A process that modulates synaptic plasticity such that synapses are changed resulting in the increase in the rate, or frequency of synaptic transmission at the synapse."" [GOC:dgh, GOC:dph]",20972,23641,5,"[[], [], [], [], [], [], [], [], [], [], [], [], [], [], [], [], [], ['TAS'], [], [], [], [], [], [], [], [], [], [], [], [], [], [], [], [], ['IEA'], [], [], [], [], [], [], [], [], [], [], [], [], [], [], [], [], [], [], [], [], [], [], [], [], [], [], [], ['IBA', 'IEA'], [], [], [], [], [], [], [], [], [], [], [], [], [], [], [], [], [], [], [], [], [], [], [], [], [], [], [], [], [], [], [], [], [], [], [], [], [], [], [], [], [], [], [], [], [], [], [], [], [], [], [], [], [], [], [], [], [], [], [], [], [], [], [], [], [], [], [], [], [], [], [], [], [], [], [], [], [], [], [], [], [], [], [], [], [], [], [], [], ['ISS'], [], [], [], [], [], [], [], [], [], [], [], [], [], [], [], ['ISS'], [], [], [], [], [], [], [], [], [], [], []]",long-term synaptic potentiation,GO:0060291,0.02396938117101821,"['GO:0048167', 'GO:0050806']",0.029411764705882353,query_1,170,0.044642857142857144,True,GO:BP,112,13518,1
"""Any process that activates or increases the frequency, rate or extent of neurogenesis, the generation of cells within the nervous system."" [GOC:ai]",20972,22507,7,"[[], [], [], [], [], [], [], [], [], [], [], [], [], [], [], [], [], [], [], [], [], [], [], [], [], [], [], [], [], ['ISS', 'IEA'], [], [], [], [], ['ISS', 'IEA'], ['IDA', 'IBA', 'IEA'], [], [], [], [], [], [], [], [], [], ['IEA'], [], [], [], [], [], [], [], [], [], [], [], [], [], [], [], [], [], [], [], [], [], [], [], [], ['ISS'], [], [], [], ['IEA'], [], [], [], [], [], [], [], [], [], [], [], [], [], [], [], [], [], [], [], [], [], [], [], [], [], [], [], [], [], [], [], [], [], [], [], [], [], [], [], [], [], [], [], [], [], [], [], [], [], [], [], [], [], [], [], [], [], [], [], [], [], [], [], [], [], [], [], [], [], [], [], [], [], [], [], [], [], [], [], [], ['IMP'], [], [], [], [], [], [], [], [], [], [], [], [], [], [], [], [], [], [], [], [], [], [], []]",positive regulation of neurogenesis,GO:0050769,0.024020398696275837,"['GO:0010720', 'GO:0022008', 'GO:0050767', 'GO:0051962']",0.041176470588235294,query_1,170,0.03167420814479638,True,GO:BP,221,12384,1
"""The series of molecular signals initiated by an extracellular ligand binding to a receptor on the surface of the target cell where the receptor possesses tyrosine kinase activity, and ending with the regulation of a downstream cellular process, e.g. transcription."" [GOC:ceb, GOC:signaling]",20972,12722,13,"[[], [], [], [], [], [], [], [], [], [], [], [], [], [], [], [], [], [], [], [], [], [], [], ['IMP'], [], [], [], [], [], [], [], [], [], [], [], [], [], [], [], [], [], [], [], ['IDA', 'IBA', 'IEA'], [], [], [], [], [], [], [], [], ['ISS', 'IEA'], [], ['ISS', 'IBA', 'IEA'], ['IEA'], [], [], [], ['IDA', 'TAS', 'IEA'], [], [], [], [], [], [], [], [], [], [], [], [], [], [], ['TAS'], [], [], [], [], [], [], [], [], [], [], [], [], [], [], [], [], [], [], [], [], [], [], [], ['IBA', 'IEA'], [], [], [], [], [], [], [], [], [], [], [], [], [], ['IDA', 'IBA', 'IEA'], [], [], [], [], [], [], [], ['IMP', 'TAS'], [], [], [], [], [], [], [], [], ['IEA'], [], [], ['IMP'], [], [], [], [], [], [], [], [], [], [], [], [], [], [], [], ['IBA', 'TAS'], [], [], [], [], [], [], [], [], [], [], [], [], [], [], [], [], [], [], [], [], [], [], [], [], [], [], [], [], [], []]",cell surface receptor protein tyrosine kinase signaling pathway,GO:0007169,0.024202832736610645,['GO:0007167'],0.07647058823529412,query_1,170,0.0202808112324493,True,GO:BP,641,2599,1
"""A simple form of learning whereby the repeated presence of a stimulus leads to a change in the probability or strength of the response to that stimulus. There is no association of one type of stimulus with another, rather it is a generalized response to the environment."" [ISBN:0582227089]",20972,21727,2,"[[], [], [], [], [], [], [], [], [], [], [], [], [], [], [], [], [], [], [], [], [], [], [], [], [], [], [], [], [], [], [], [], [], [], [], [], [], [], [], [], [], [], [], [], [], [], [], [], [], [], [], [], [], [], [], [], [], [], [], [], [], [], [], [], [], [], [], [], ['IEA'], [], [], [], [], [], ['IEA'], [], [], [], [], [], [], [], [], [], [], [], [], [], [], [], [], [], [], [], [], [], [], [], [], [], [], [], [], [], [], [], [], [], [], [], [], [], [], [], [], [], [], [], [], [], [], [], [], [], [], [], [], [], [], [], [], [], [], [], [], [], [], [], [], [], [], [], [], [], [], [], [], [], [], [], [], [], [], [], [], [], [], [], [], [], [], [], [], [], [], [], [], [], [], [], [], [], [], [], [], [], [], [], []]",nonassociative learning,GO:0046958,0.02425993479457781,['GO:0007612'],0.011764705882352941,query_1,170,0.2222222222222222,True,GO:BP,9,11604,1
"""Any process that activates or increases the rate or extent of heat generation."" [GOC:dph, GOC:mah, GOC:tb]",20972,16922,2,"[[], [], [], [], [], [], [], [], [], [], [], [], [], [], [], [], [], [], [], [], [], [], [], [], [], [], [], [], [], [], [], [], [], [], [], [], [], [], [], [], [], [], [], [], [], [], [], [], [], [], [], [], [], [], [], [], [], [], [], [], [], [], [], [], [], [], [], [], ['IEA'], [], [], [], [], [], [], [], [], [], [], [], [], [], [], [], [], [], [], [], [], [], [], [], [], [], [], [], [], [], [], [], [], [], [], [], [], [], [], [], [], [], [], [], [], [], [], [], [], [], [], [], [], [], [], [], [], [], [], [], [], [], [], ['ISS', 'IEA'], [], [], [], [], [], [], [], [], [], [], [], [], [], [], [], [], [], [], [], [], [], [], [], [], [], [], [], [], [], [], [], [], [], [], [], [], [], [], [], [], [], [], [], [], [], [], []]",positive regulation of heat generation,GO:0031652,0.02425993479457781,"['GO:0031649', 'GO:0031650', 'GO:0051240']",0.011764705882352941,query_1,170,0.2222222222222222,True,GO:BP,9,6799,1
"""The series of events in which information about the density of cells in a population is received and converted into a molecular signal."" [GOC:dph]",20972,23603,2,"[[], [], [], [], [], [], [], [], [], [], [], [], [], [], [], [], [], [], [], [], [], [], [], [], [], [], [], [], [], [], [], [], [], [], [], [], [], [], [], [], [], [], [], [], [], [], [], [], [], ['ISS', 'IEA'], [], [], [], [], [], [], [], [], [], [], [], [], [], [], [], [], [], [], [], [], [], [], [], [], [], [], [], [], [], [], [], [], [], [], [], [], [], [], [], [], [], [], [], [], [], [], [], [], [], [], [], [], [], [], [], [], [], [], [], [], [], [], [], [], [], [], [], [], [], [], ['IMP'], [], [], [], [], [], [], [], [], [], [], [], [], [], [], [], [], [], [], [], [], [], [], [], [], [], [], [], [], [], [], [], [], [], [], [], [], [], [], [], [], [], [], [], [], [], [], [], [], [], [], [], [], [], [], [], [], [], []]",detection of cell density,GO:0060245,0.02425993479457781,['GO:0009595'],0.011764705882352941,query_1,170,0.2222222222222222,True,GO:BP,9,13480,4
"""Any process that modulates the frequency, rate or extent of neurogenesis, the generation of cells in the nervous system."" [GOC:ai]",20972,22505,9,"[[], [], [], [], [], [], [], [], [], [], [], [], [], [], [], [], [], [], [], [], [], [], [], [], [], [], [], [], [], ['ISS', 'IEA'], [], [], ['IEA'], [], ['ISS', 'IEA'], ['IDA', 'IBA', 'IEA'], [], [], [], [], [], [], [], [], [], ['IEA'], [], [], [], [], [], [], [], [], [], ['IEA'], [], [], [], [], [], [], [], [], [], [], [], [], [], [], ['ISS'], [], [], [], ['IEA'], [], [], [], [], [], [], [], [], [], [], [], [], [], [], [], [], [], [], [], [], [], [], [], [], [], [], [], [], [], [], [], [], [], [], [], [], [], [], [], [], [], [], [], [], [], [], [], [], [], [], [], [], [], [], [], [], [], [], [], [], [], [], [], [], [], [], [], [], [], [], [], [], [], [], [], [], [], [], [], [], ['IMP'], [], [], [], [], [], [], [], [], [], [], [], [], [], [], [], [], [], [], [], [], [], [], []]",regulation of neurogenesis,GO:0050767,0.024328052675263178,"['GO:0022008', 'GO:0051960', 'GO:0060284']",0.052941176470588235,query_1,170,0.025714285714285714,True,GO:BP,350,12382,1
Cocaine addiction,8716,39172,4,"[[], [], [], [], [], [], [], [], [], [], [], [], [], [], [], [], [], [], [], [], [], [], [], [], [], [], [], [], [], [], [], [], [], [], ['KEGG'], [], [], [], [], [], [], [], [], [], [], [], [], [], [], [], [], [], [], [], [], [], [], [], [], [], [], [], ['KEGG'], ['KEGG'], [], [], [], [], [], [], [], [], [], [], [], [], [], [], [], [], [], [], [], [], [], [], [], [], [], [], [], [], [], [], [], [], [], [], [], [], [], [], [], [], [], [], [], [], [], [], [], [], [], [], [], [], [], [], [], [], [], [], [], [], [], [], [], [], [], [], [], [], [], [], [], [], [], ['KEGG'], [], [], [], [], [], [], [], [], [], [], [], [], [], [], [], [], [], [], [], [], [], [], [], [], [], [], [], [], [], [], [], [], [], [], [], [], [], [], [], [], []]",Cocaine addiction,KEGG:05030,0.025094465171517567,['KEGG:00000'],0.05194805194805195,query_1,77,0.08163265306122448,True,KEGG,49,434,32
"""Any process that stops, prevents, or reduces the frequency, rate or extent of cell death by apoptotic process in neurons."" [GOC:go_curators, GOC:mtg_apoptosis]",20972,20196,6,"[[], [], [], [], [], [], [], [], [], [], [], [], [], [], [], [], [], [], [], [], [], [], [], [], [], [], [], [], [], [], [], [], ['IEA'], [], [], [], [], [], [], [], [], [], [], [], [], [], [], [], [], [], [], [], [], [], [], [], [], [], [], [], [], [], [], [], [], [], [], [], [], [], [], [], [], ['ISS', 'IEA'], [], [], [], [], [], [], [], [], [], [], [], [], [], [], [], [], [], [], [], [], [], [], [], ['ISS'], [], [], [], [], [], [], [], [], [], [], [], [], [], [], ['ISS', 'IEA'], [], [], [], [], [], [], ['IEA'], [], [], [], [], [], [], [], [], [], [], [], [], [], [], [], [], [], [], [], [], [], [], [], [], [], [], [], [], [], [], [], [], [], [], [], [], ['IEA'], [], [], [], [], [], [], [], [], [], [], [], [], [], [], [], [], [], [], [], [], [], []]",negative regulation of neuron apoptotic process,GO:0043524,0.025217391840028625,"['GO:0043066', 'GO:0043523', 'GO:0051402']",0.03529411764705882,query_1,170,0.03614457831325301,True,GO:BP,166,10073,5
"""Any process that activates or increases the frequency, rate or extent of microtubule polymerization."" [GOC:mah]",20972,16716,3,"[[], [], [], [], [], [], [], [], [], [], [], [], [], [], [], [], [], [], [], [], [], [], [], [], [], [], [], [], [], [], [], [], [], [], [], [], [], [], [], [], [], [], [], [], [], [], [], [], [], [], [], [], [], [], [], [], [], [], [], [], [], [], [], [], [], [], [], [], [], [], [], [], [], [], [], [], [], [], [], [], [], [], [], [], [], [], [], [], [], [], [], [], [], [], [], [], [], [], ['IMP'], [], [], [], [], [], [], [], [], [], [], [], [], [], [], [], [], [], [], [], [], [], ['IMP'], [], [], [], [], [], [], [], [], [], ['ISS', 'IEA'], [], [], [], [], [], [], [], [], [], [], [], [], [], [], [], [], [], [], [], [], [], [], [], [], [], [], [], [], [], [], [], [], [], [], [], [], [], [], [], [], [], [], [], [], [], [], [], []]",positive regulation of microtubule polymerization,GO:0031116,0.025330328817783087,"['GO:0031112', 'GO:0031113', 'GO:0032273', 'GO:0046785', 'GO:1902905']",0.01764705882352941,query_1,170,0.09090909090909091,True,GO:BP,33,6593,7
"""Any process that activates or increases the frequency, rate or extent of secretion by cell."" [GO_REF:0000058, GOC:pm, GOC:TermGenie, PMID:12130530]",20972,31598,8,"[['IBA'], [], [], [], [], [], [], [], [], [], [], [], [], [], [], [], ['IBA'], [], [], [], [], [], [], [], [], [], [], [], [], [], [], [], [], ['IBA'], ['ISS', 'IEA'], [], [], [], [], [], [], [], [], [], [], [], [], [], [], [], [], [], [], [], [], [], [], [], [], [], [], [], [], [], [], [], [], [], [], [], [], [], [], ['IDA'], [], [], [], [], [], [], [], [], [], [], [], [], [], [], [], [], [], [], [], [], [], [], [], [], [], [], [], [], [], [], [], [], [], [], [], [], [], [], [], [], [], [], [], [], [], [], [], [], [], [], [], [], [], [], [], [], [], [], [], [], [], [], [], [], [], [], [], [], [], [], [], [], [], [], [], [], [], ['ISS'], [], [], [], [], [], [], [], ['ISS', 'IEA'], [], [], [], [], [], [], [], [], [], [], [], [], ['IEA'], [], [], [], [], [], []]",positive regulation of secretion by cell,GO:1903532,0.02718737696010574,"['GO:0032940', 'GO:0048522', 'GO:0051047', 'GO:1903530']",0.047058823529411764,query_1,170,0.027586206896551724,True,GO:BP,290,21475,1
"""The attachment of presynaptic membrane to postsynaptic membrane via adhesion molecules that are at least partially embedded in the plasma membrane."" [GOC:dos]",20972,28015,3,"[[], [], [], [], [], [], [], [], [], [], [], [], [], [], [], [], [], [], [], [], [], [], [], [], [], [], [], [], [], [], [], [], [], [], [], [], [], [], [], [], [], [], [], [], [], [], [], [], [], [], [], [], [], [], [], [], [], [], [], [], [], [], [], [], [], [], [], [], [], [], [], [], [], [], [], [], [], [], [], [], [], [], [], [], [], [], [], [], [], [], [], ['IBA', 'IEA'], ['IBA', 'IEA'], [], [], [], [], [], [], [], [], [], [], [], [], [], [], [], [], [], [], [], [], [], [], [], [], [], [], [], [], [], [], [], [], [], [], [], [], [], [], [], [], [], [], [], [], [], [], [], [], [], [], [], [], [], [], [], [], [], [], [], [], [], [], ['IDA', 'IMP'], [], [], [], [], [], [], [], [], [], [], [], [], [], [], [], [], [], [], [], [], [], [], []]",synaptic membrane adhesion,GO:0099560,0.02718737696010574,"['GO:0050808', 'GO:0098609']",0.01764705882352941,query_1,170,0.08823529411764706,True,GO:BP,34,17892,1
"""The attachment of a cell, either to another cell or to an underlying substrate such as the extracellular matrix, via cell adhesion molecules."" [GOC:hb, GOC:pf]",20972,12708,23,"[[], [], [], ['IDA'], [], [], [], [], [], [], [], [], [], [], [], [], [], [], [], [], [], [], ['IBA', 'IEA'], ['IDA', 'IMP', 'IBA', 'IEA'], [], [], [], [], [], [], ['IEA'], [], [], [], [], ['ISS', 'IBA', 'TAS', 'IEA'], ['IBA', 'IEA'], [], [], [], [], [], [], ['IDA', 'IEA'], [], [], [], [], [], ['IEA'], ['IEA'], [], ['ISS', 'IEA'], [], [], [], [], [], [], [], [], [], [], [], [], [], [], [], ['IEA'], [], [], ['IBA'], [], [], [], [], [], [], [], [], [], [], [], [], [], [], [], [], [], [], [], ['IBA', 'IEA'], ['IBA', 'IEA'], [], ['IDA', 'TAS'], [], [], [], [], [], [], [], [], [], [], [], [], [], [], [], [], [], [], ['IDA', 'IEA'], [], [], [], [], [], [], [], [], [], [], [], [], [], [], [], ['IEA'], [], [], ['IDA', 'NAS'], [], [], [], [], [], [], ['IDA'], [], [], [], [], [], [], [], [], [], [], [], [], [], [], [], ['IDA', 'IMP'], [], [], [], [], [], [], [], ['ISS', 'IEA'], [], [], [], [], [], [], [], [], [], [], [], ['IEA'], [], ['ISS'], []]",cell adhesion,GO:0007155,0.02718737696010574,['GO:0009987'],0.13529411764705881,query_1,170,0.01521164021164021,True,GO:BP,1512,2585,10
"""The attachment of an adhesion molecule in one cell to an identical molecule in an adjacent cell."" [ISBN:0198506732]",20972,12709,6,"[[], [], [], [], [], [], [], [], [], [], [], [], [], [], [], [], [], [], [], [], [], [], ['IEA'], ['IDA', 'IEA'], [], [], [], [], [], [], [], [], [], [], [], ['ISS', 'IBA'], ['IEA'], [], [], [], [], [], [], [], [], [], [], [], [], [], [], [], [], [], [], [], [], [], [], [], [], [], [], [], [], [], [], [], [], [], [], ['IBA'], [], [], [], [], [], [], [], [], [], [], [], [], [], [], [], [], [], [], [], [], [], [], [], [], [], [], [], [], [], [], [], [], [], [], [], [], [], [], [], [], [], [], [], [], [], [], [], [], [], [], [], [], [], [], [], [], [], [], [], [], ['IDA'], [], [], [], [], [], [], [], [], [], [], [], [], [], [], [], [], [], [], [], [], [], [], [], [], [], [], [], [], [], [], [], [], [], [], [], [], [], [], [], [], [], [], [], [], [], []]",homophilic cell-cell adhesion,GO:0007156,0.02718737696010574,['GO:0098609'],0.03529411764705882,query_1,170,0.03550295857988166,True,GO:BP,169,2586,11
"""Long distance growth of a single neuron projection involved in cellular development. A neuron projection is a prolongation or process extending from a nerve cell, e.g. an axon or dendrite."" [GOC:BHF, GOC:rl, PMID:22790009]",20972,33372,6,"[[], [], [], [], [], [], [], [], [], [], [], [], [], [], [], [], [], [], [], [], [], [], [], [], [], [], [], [], [], [], [], [], [], [], [], ['IDA', 'IBA', 'IEA'], [], [], [], [], [], [], ['IEA'], [], [], [], [], [], [], [], [], [], [], [], [], [], [], [], [], [], [], [], [], [], [], [], [], [], [], [], [], [], [], [], [], [], [], [], [], [], [], [], [], [], [], [], [], [], [], [], [], [], [], [], [], [], [], [], [], [], [], [], [], [], [], [], [], [], [], [], ['IBA'], [], [], [], [], ['ISS'], [], [], [], [], [], [], [], [], [], [], [], [], [], ['IEA'], [], [], [], [], [], [], [], [], [], [], [], [], [], [], [], [], [], [], [], [], [], [], [], [], [], ['IEA'], [], [], [], [], [], [], [], [], [], [], [], [], [], [], [], [], [], [], [], [], [], [], []]",neuron projection extension,GO:1990138,0.02718737696010574,"['GO:0048588', 'GO:0048812', 'GO:0060560']",0.03529411764705882,query_1,170,0.03550295857988166,True,GO:BP,169,23249,1
"""Any process pertinent to the generation and maintenance of rhythms in the physiology of an organism."" [GOC:jid]",20972,22070,8,"[[], [], [], [], [], [], [], [], [], ['ISS', 'IEA'], [], [], [], [], [], [], [], [], [], [], [], [], [], [], [], [], [], [], [], [], [], [], [], [], ['ISS', 'IEA'], [], [], [], [], [], [], [], [], [], [], [], [], [], [], [], [], ['IMP', 'IEA'], [], [], [], [], [], [], [], [], [], [], [], [], [], [], [], [], [], [], ['ISS', 'IEA'], [], [], [], [], [], [], [], [], [], [], [], [], [], [], [], [], [], [], [], [], [], [], [], [], [], [], [], [], [], [], [], [], [], [], [], [], [], [], [], [], [], ['IEA'], [], [], [], [], [], [], [], [], [], [], [], [], [], [], [], [], [], [], [], [], [], [], [], [], [], [], [], ['ISS', 'IEA'], [], [], [], [], [], [], [], [], [], [], [], [], [], [], [], [], [], [], [], [], [], [], [], [], [], [], [], ['IEA'], [], [], [], [], [], [], [], [], ['ISS'], []]",rhythmic process,GO:0048511,0.027468626211496962,['GO:0008150'],0.047058823529411764,query_1,170,0.027491408934707903,True,GO:BP,291,11947,1
Axon guidance,8716,39052,7,"[[], [], [], [], [], [], [], [], [], [], [], [], [], [], [], [], [], ['KEGG'], [], [], [], [], [], [], [], [], [], [], [], [], [], [], [], [], [], [], [], [], [], [], [], [], [], ['KEGG'], [], [], [], [], [], [], [], [], [], [], [], [], [], [], [], [], [], [], [], [], [], [], [], [], [], [], [], [], [], [], [], [], [], [], [], [], [], [], [], [], [], [], [], [], [], [], [], [], ['KEGG'], [], [], [], [], [], ['KEGG'], [], [], [], [], [], [], [], [], [], [], [], [], [], [], [], [], [], [], [], [], [], ['KEGG'], [], [], [], [], [], [], [], [], [], [], [], [], [], [], [], [], [], [], ['KEGG'], [], [], [], [], [], [], [], [], [], [], [], [], [], [], [], [], [], ['KEGG'], [], [], [], [], [], [], [], [], [], [], [], [], [], [], [], [], [], [], [], [], []]",Axon guidance,KEGG:04360,0.02779365913601239,['KEGG:00000'],0.09090909090909091,query_1,77,0.03825136612021858,True,KEGG,183,314,33
"""Any process that modulates the rate, frequency or extent of the progression of the cell over time, from its formation to the mature structure. Cell development does not include the steps involved in committing a cell to a specific fate."" [GOC:dph, GOC:tb]",20972,23635,15,"[[], [], [], [], [], [], [], [], [], [], [], [], [], [], [], [], [], [], [], [], [], [], [], [], [], [], [], [], [], ['ISS', 'IEA'], [], [], ['IEA'], [], ['ISS', 'IEA'], ['IDA', 'IBA', 'IEA'], [], [], [], ['ISS', 'IEA'], [], [], [], [], [], ['IEA'], [], [], [], [], [], ['IMP'], [], [], [], ['IEA'], [], [], [], [], [], [], [], [], [], [], [], [], [], [], ['ISS'], [], [], [], ['IEA'], [], [], [], [], [], [], [], [], [], [], [], [], [], [], [], [], [], [], ['IDA', 'ISS', 'IBA', 'IEA'], [], [], [], ['ISS'], [], [], [], [], [], [], [], [], [], [], [], [], [], [], [], [], [], [], [], [], [], [], [], [], [], [], [], [], [], [], [], [], [], [], [], [], [], [], [], [], [], [], [], [], [], [], [], [], [], [], [], [], [], [], [], [], [], ['IMP'], [], [], [], [], [], [], [], ['ISS', 'IEA'], [], [], [], [], [], [], [], [], [], [], [], ['ISS', 'IEA'], [], [], []]",regulation of cell development,GO:0060284,0.027998967780182273,"['GO:0045595', 'GO:0048468']",0.08823529411764706,query_1,170,0.01838235294117647,True,GO:BP,816,13512,1
"""Any process that modulates the frequency, rate or extent of a molecular function, an elemental biological activity occurring at the molecular level, such as catalysis or binding."" [GOC:isa_complete]",20972,24909,18,"[[], [], [], [], [], [], [], [], [], [], [], [], [], [], [], [], [], [], [], [], [], [], [], [], [], [], [], [], ['IDA', 'ISS'], [], [], [], [], [], ['IDA'], [], [], [], ['IDA'], ['TAS'], [], [], [], ['IDA'], [], [], [], [], [], [], [], ['IDA'], [], [], [], [], [], [], ['TAS'], [], [], [], [], ['TAS'], [], [], [], [], [], [], [], [], [], [], [], [], [], [], [], [], [], [], [], [], [], [], [], [], ['ISS'], [], [], [], [], [], [], [], [], ['ISS'], ['IDA'], [], [], [], [], [], [], ['IDA'], [], [], [], [], [], [], ['IDA'], [], [], [], [], [], [], [], ['IMP'], [], [], [], [], [], [], [], [], [], ['ISS'], [], [], [], [], ['IDA'], ['IDA'], [], [], [], [], [], [], [], [], [], [], [], [], [], [], [], [], [], [], [], [], [], [], [], [], [], [], [], [], [], [], [], ['IMP'], [], [], [], [], [], [], [], [], [], []]",regulation of molecular function,GO:0065009,0.028084646987883367,['GO:0065007'],0.10588235294117647,query_1,170,0.016822429906542057,True,GO:BP,1070,14786,1
"""The regionalization process in which specific areas of cell differentiation are determined along a proximal/distal axis. The proximal/distal axis is defined by a line that runs from main body (proximal end) of an organism outward (distal end)."" [GOC:dph, GOC:go_curators, GOC:isa_complete]",20972,13754,3,"[[], [], [], [], [], [], [], [], [], [], [], [], [], [], [], [], [], [], [], [], [], [], [], [], [], [], [], [], [], [], [], [], ['IEA'], [], [], [], [], [], [], [], [], [], [], [], [], [], [], [], [], [], [], [], [], [], [], [], [], [], [], [], [], [], [], [], [], [], [], [], [], [], [], [], ['IEA'], [], [], [], [], [], [], [], [], [], [], [], [], [], [], [], [], [], [], [], [], [], [], [], [], [], [], [], [], [], [], [], [], [], [], [], [], [], [], [], [], [], [], [], [], [], [], [], [], [], [], [], [], [], [], [], [], [], [], [], [], [], [], [], [], [], [], [], [], [], [], [], [], [], [], [], [], ['ISS'], [], [], [], [], [], [], [], [], [], [], [], [], [], [], [], [], [], [], [], [], [], [], [], [], [], [], [], [], []]",proximal/distal pattern formation,GO:0009954,0.028929755635084424,['GO:0003002'],0.01764705882352941,query_1,170,0.08571428571428572,True,GO:BP,35,3631,1
"""The heat generation process that results in a rise in body temperature above the normal, often as a response to infection."" [GOC:dph, GOC:jl]",20972,10484,2,"[[], [], [], [], [], [], [], [], [], [], [], [], [], [], [], [], [], [], [], [], [], [], [], [], [], [], [], [], [], [], [], [], [], [], [], [], [], [], [], ['IEA'], [], [], [], [], [], [], [], [], [], [], [], [], [], [], [], [], [], [], [], [], [], [], [], [], [], [], [], [], [], [], [], [], [], [], [], [], [], [], [], [], [], [], [], [], [], [], [], [], [], [], [], [], [], [], [], [], [], [], [], [], [], [], [], [], [], [], [], [], [], [], [], [], [], [], [], [], [], [], [], [], [], [], [], [], [], [], [], [], [], [], [], ['ISS', 'IEA'], [], [], [], [], [], [], [], [], [], [], [], [], [], [], [], [], [], [], [], [], [], [], [], [], [], [], [], [], [], [], [], [], [], [], [], [], [], [], [], [], [], [], [], [], [], [], []]",fever generation,GO:0001660,0.028929755635084424,"['GO:0006953', 'GO:0031649']",0.011764705882352941,query_1,170,0.2,True,GO:BP,10,361,1
"""The process in which the anatomical structures of the hindlimb are generated and organized."" [GOC:go_curators]",20972,18383,3,"[[], [], [], [], [], [], [], [], [], [], [], [], [], [], [], [], [], [], [], [], [], [], [], [], [], [], [], [], [], [], [], [], [], [], [], [], [], [], [], [], [], [], [], [], [], [], [], [], [], [], [], [], [], [], [], [], [], [], [], [], [], [], [], [], [], [], [], [], [], [], [], [], [], [], [], [], [], [], [], [], [], [], [], [], [], [], [], [], [], [], [], [], [], [], [], [], [], [], [], [], [], [], [], [], [], [], [], [], [], [], [], [], [], [], [], [], [], [], [], [], [], [], [], [], [], [], [], [], [], [], [], [], [], [], [], [], [], [], [], [], [], ['IEA'], [], [], [], [], [], [], [], [], [], [], [], [], [], [], [], [], [], [], [], [], [], [], [], [], [], [], ['IEA'], [], [], [], [], [], [], ['IEA'], [], [], []]",hindlimb morphogenesis,GO:0035137,0.028929755635084424,['GO:0035108'],0.01764705882352941,query_1,170,0.08571428571428572,True,GO:BP,35,8260,6
"""Any process that results in a change in the behavior of an organism as a result of an ethanol stimulus."" [GOC:jid]",20972,21828,2,"[[], [], [], [], [], [], [], [], [], [], [], [], [], [], [], [], [], [], [], [], [], [], [], [], [], [], [], [], ['IMP'], [], [], [], [], [], ['ISS', 'IEA'], [], [], [], [], [], [], [], [], [], [], [], [], [], [], [], [], [], [], [], [], [], [], [], [], [], [], [], [], [], [], [], [], [], [], [], [], [], [], [], [], [], [], [], [], [], [], [], [], [], [], [], [], [], [], [], [], [], [], [], [], [], [], [], [], [], [], [], [], [], [], [], [], [], [], [], [], [], [], [], [], [], [], [], [], [], [], [], [], [], [], [], [], [], [], [], [], [], [], [], [], [], [], [], [], [], [], [], [], [], [], [], [], [], [], [], [], [], [], [], [], [], [], [], [], [], [], [], [], [], [], [], [], [], [], [], [], [], [], [], [], [], [], [], []]",behavioral response to ethanol,GO:0048149,0.028929755635084424,"['GO:0030534', 'GO:0045471']",0.011764705882352941,query_1,170,0.2,True,GO:BP,10,11705,1
"""The progression of the limbic system over time from its initial formation until its mature state. The limbic system is a collection of structures in the brain involved in emotion, motivation and emotional aspects of memory."" [GO_REF:0000021, GOC:cls, GOC:dgh, GOC:dph, GOC:jid, ISBN:0878937420]",20972,16056,5,"[[], [], [], [], [], [], [], [], [], [], [], [], [], [], [], [], [], [], [], [], [], [], [], [], [], [], [], [], [], [], [], [], ['IEA'], [], ['IEA'], [], [], [], [], [], [], [], [], [], [], [], [], [], [], [], [], [], [], [], [], [], [], [], [], [], [], [], [], [], [], [], [], [], [], [], [], [], [], [], [], [], [], [], [], [], [], [], [], [], [], [], [], [], [], [], [], [], [], [], [], [], [], [], [], [], [], [], [], [], [], ['ISS', 'IEA'], [], ['IEA'], [], [], [], [], [], [], [], [], [], [], [], [], [], [], [], [], [], [], [], [], [], [], [], [], [], [], [], [], [], [], [], [], [], [], [], [], [], [], [], [], [], [], [], [], [], [], [], [], [], [], [], [], [], [], ['IEA'], [], [], [], [], [], [], [], [], [], [], [], [], [], [], [], []]",limbic system development,GO:0021761,0.02919835819150579,"['GO:0030900', 'GO:0048731']",0.029411764705882353,query_1,170,0.04201680672268908,True,GO:BP,119,5933,1
"""The process in which the anatomical structures of the eye are generated and organized."" [GOC:jid, GOC:mtg_sensu]",20972,22135,6,"[[], [], [], [], [], [], [], [], [], [], [], [], [], [], [], [], [], [], [], [], [], [], [], [], [], [], [], [], [], [], [], [], [], [], [], ['ISS', 'IEA'], [], [], [], [], [], [], [], [], [], [], [], [], [], [], [], [], [], [], [], [], [], [], [], [], [], [], [], [], ['IEA'], [], [], [], [], [], [], [], [], [], [], [], [], [], [], [], [], [], [], [], [], [], [], [], [], [], [], [], [], [], [], [], [], [], [], [], [], [], [], [], [], [], [], [], [], [], [], [], [], [], [], [], [], [], [], [], [], [], [], [], [], [], [], [], [], [], [], [], [], [], [], [], [], [], [], [], ['ISS', 'IEA'], [], [], [], [], [], [], [], [], ['ISS'], [], [], [], [], [], [], [], [], [], [], [], [], [], [], ['IEA'], [], [], [], ['IMP'], [], [], [], [], [], [], [], [], [], []]",eye morphogenesis,GO:0048592,0.029518316210051184,"['GO:0001654', 'GO:0090596']",0.03529411764705882,query_1,170,0.03468208092485549,True,GO:BP,173,12012,1
"""The increase in size or mass of an entire organism, a part of an organism or a cell, where the increase in size or mass has the specific outcome of the progression of the organism over time from one condition to another."" [GOC:go_curators]",20972,22134,13,"[[], [], [], [], [], [], [], [], [], [], [], [], [], [], [], [], [], [], [], [], [], [], [], [], [], [], [], [], [], [], [], [], [], [], ['IEA'], ['IDA', 'IBA', 'IEA'], [], [], ['IEA'], [], [], [], ['IEA'], [], [], [], [], [], [], [], [], [], [], [], [], ['IEA'], [], [], [], [], ['IEA'], [], [], [], [], [], [], [], [], [], [], [], [], [], [], [], [], [], [], [], [], [], [], [], [], [], [], [], [], [], [], [], [], [], [], [], [], ['ISS'], [], [], [], [], [], [], [], [], [], [], [], [], ['IBA'], [], [], [], [], ['ISS'], [], [], [], [], [], [], [], [], [], [], [], [], [], ['IEA'], [], [], [], [], ['IEA'], [], [], [], [], [], [], ['IEA'], [], [], [], [], [], [], [], [], [], [], [], [], [], ['IEA'], [], [], [], [], [], [], [], [], [], [], [], [], [], [], [], [], [], [], [], [], [], [], []]",developmental growth,GO:0048589,0.029518316210051184,"['GO:0032502', 'GO:0040007']",0.07647058823529412,query_1,170,0.019667170953101363,True,GO:BP,661,12011,1
"""The multiplication or reproduction of epithelial cells, resulting in the expansion of a cell population. Epithelial cells make up the epithelium, the covering of internal and external surfaces of the body, including the lining of vessels and other small cavities. It consists of cells joined by small amounts of cementing substances."" [ISBN:0721662544]",20972,22471,10,"[[], [], [], [], [], [], [], [], [], [], [], [], [], [], ['IDA'], [], [], [], [], [], [], [], [], ['IDA', 'IMP'], [], [], [], [], [], [], [], [], [], [], ['IEA'], [], [], [], ['IDA'], ['IEA'], [], [], [], [], [], [], [], [], [], ['ISS', 'IEA'], [], ['ISS'], [], [], [], [], [], [], [], [], [], [], [], [], [], [], [], [], [], [], ['ISS'], [], [], [], [], [], [], [], [], [], [], [], [], [], [], [], [], [], [], [], [], [], [], [], [], [], [], ['IGI', 'ISS'], [], [], [], [], [], [], [], [], [], [], [], [], [], [], [], [], [], [], [], [], ['IMP', 'IEA'], [], [], [], [], [], [], [], [], [], [], [], [], [], [], [], [], [], [], [], [], [], [], [], [], [], [], [], [], [], [], [], [], [], [], [], [], [], [], [], [], [], [], [], [], [], [], [], [], [], [], [], [], [], [], [], [], [], [], [], []]",epithelial cell proliferation,GO:0050673,0.030035825319157373,['GO:0008283'],0.058823529411764705,query_1,170,0.022988505747126436,True,GO:BP,435,12348,12
"""Any intracellular signal transduction in which the signal is passed on within the cell via calcium ions."" [GOC:signaling]",20972,15738,7,"[[], [], [], [], [], [], [], [], [], [], [], [], [], [], [], [], [], [], [], [], [], [], [], ['IDA'], [], [], [], [], [], [], [], [], [], [], [], [], [], [], [], ['IMP'], [], [], [], [], [], [], [], [], [], [], [], [], [], [], [], [], [], [], [], [], [], [], ['IEA'], [], [], [], [], [], [], [], [], [], [], [], [], [], [], [], [], [], [], [], [], [], [], [], [], [], [], [], [], [], [], [], [], [], [], [], [], [], [], [], [], [], ['IBA', 'IEA'], [], ['ISS', 'IEA'], [], [], [], [], [], [], [], ['TAS'], [], [], [], [], [], [], [], [], ['IMP'], [], [], [], [], [], [], [], [], [], [], [], [], [], [], [], [], [], [], [], [], [], [], [], [], [], [], [], [], [], [], [], [], [], [], [], [], [], [], [], [], [], [], [], [], [], [], [], [], [], [], [], [], [], [], []]",calcium-mediated signaling,GO:0019722,0.03064614166525847,['GO:0141124'],0.041176470588235294,query_1,170,0.029914529914529916,True,GO:BP,234,5615,1
"""Any process that results in a change in state or activity of a cell (in terms of movement, secretion, enzyme production, gene expression, etc.) as a result of a lipoprotein particle stimulus."" [GOC:mah]",20972,25641,3,"[[], [], ['NAS'], [], [], [], [], [], [], [], [], [], [], [], [], [], [], [], [], [], [], [], [], ['IDA'], [], [], [], [], [], [], [], [], [], [], [], [], [], [], [], [], [], [], [], [], [], [], [], [], [], [], [], [], [], [], [], [], [], [], [], [], [], [], [], [], [], [], [], [], [], [], [], [], [], [], [], [], [], [], [], [], [], [], [], [], [], [], [], [], [], ['IMP'], [], [], [], [], [], [], [], [], [], [], [], [], [], [], [], [], [], [], [], [], [], [], [], [], [], [], [], [], [], [], [], [], [], [], [], [], [], [], [], [], [], [], [], [], [], [], [], [], [], [], [], [], [], [], [], [], [], [], [], [], [], [], [], [], [], [], [], [], [], [], [], [], [], [], [], [], [], [], [], [], [], [], [], [], [], [], [], [], []]",cellular response to lipoprotein particle stimulus,GO:0071402,0.030809872426167513,['GO:0051716'],0.01764705882352941,query_1,170,0.08333333333333333,True,GO:BP,36,15518,1
"""The increase in size or mass of an anatomical structure that contributes to the structure attaining its shape."" [GOC:dph]",20972,23857,7,"[[], [], [], [], [], [], [], [], [], [], [], [], [], [], [], [], [], [], [], [], [], [], [], [], [], [], [], [], [], [], [], [], [], [], [], ['IDA', 'IBA', 'IEA'], [], [], [], [], [], [], ['IEA'], [], [], [], [], [], [], [], [], [], [], [], [], ['IEA'], [], [], [], [], [], [], [], [], [], [], [], [], [], [], [], [], [], [], [], [], [], [], [], [], [], [], [], [], [], [], [], [], [], [], [], [], [], [], [], [], [], [], [], [], [], [], [], [], [], [], [], [], [], [], ['IBA'], [], [], [], [], ['ISS'], [], [], [], [], [], [], [], [], [], [], [], [], [], ['IEA'], [], [], [], [], [], [], [], [], [], [], [], [], [], [], [], [], [], [], [], [], [], [], [], [], [], ['IEA'], [], [], [], [], [], [], [], [], [], [], [], [], [], [], [], [], [], [], [], [], [], [], []]",developmental growth involved in morphogenesis,GO:0060560,0.031188976505990246,"['GO:0009653', 'GO:0048589']",0.041176470588235294,query_1,170,0.029787234042553193,True,GO:BP,235,13734,1
"""Any process that results in a change in state or activity of a cell (in terms of movement, secretion, enzyme production, gene expression, etc.) as a result of a chemical stimulus indicating the organism is under stress."" [PMID:26653712]",20972,24878,8,"[[], [], [], [], [], [], [], [], [], ['IDA'], [], [], [], [], [], [], [], [], [], [], [], [], [], [], [], [], [], [], [], [], [], [], [], [], [], [], [], [], [], [], [], [], [], [], [], ['IDA'], [], [], [], [], [], [], [], [], ['IDA', 'ISS', 'IEA'], [], [], [], [], [], [], [], [], [], [], [], [], [], [], [], [], [], [], [], [], [], [], [], [], [], [], [], [], [], [], [], [], [], [], [], [], [], [], [], [], ['IDA'], [], [], ['IMP'], [], [], [], [], [], [], [], [], [], ['IDA'], [], [], [], [], [], [], [], [], [], [], ['IEA'], [], [], [], [], [], [], [], [], [], [], [], ['IEA'], [], [], [], [], [], [], [], [], [], [], [], [], [], [], [], [], [], [], [], [], [], [], [], [], [], [], [], [], [], [], [], [], [], [], [], [], [], [], [], [], [], [], [], [], [], [], []]",cellular response to chemical stress,GO:0062197,0.0316952724133886,"['GO:0033554', 'GO:0070887']",0.047058823529411764,query_1,170,0.02666666666666667,True,GO:BP,300,14755,1
"""Any process that results in a change in state or activity of a cell or an organism (in terms of movement, secretion, enzyme production, gene expression, etc.) as a result of an oxygen-containing compound stimulus."" [GOC:pr, GOC:TermGenie]",20972,30360,24,"[[], [], ['IEA'], [], [], ['ISS'], [], [], [], [], [], [], [], [], [], [], [], [], [], [], [], [], [], [], [], [], [], [], ['IDA', 'IMP', 'ISS'], [], [], [], [], [], ['IDA', 'IGI', 'ISS', 'IBA', 'IEA'], [], [], [], [], ['IEA'], [], [], [], ['IMP', 'IEA'], [], [], [], [], [], [], [], [], [], [], ['ISS', 'IBA', 'IEA'], [], [], [], [], [], [], [], ['IDA', 'IEA'], ['IEA'], ['IDA', 'IMP', 'ISS', 'IEA'], [], [], [], ['IBA', 'TAS', 'IEA'], ['IDA', 'IEA'], [], [], [], [], [], [], [], [], [], [], [], [], [], [], [], [], [], [], [], ['ISS', 'IEA'], [], [], [], [], [], ['IDA'], [], ['ISS'], ['IMP', 'IEA'], [], [], [], [], [], [], ['IMP'], [], [], [], [], [], [], ['IEA'], [], [], [], [], [], [], ['IEA'], [], [], [], [], [], [], [], [], [], [], [], [], [], [], ['IEA'], [], ['ISS'], ['IBA', 'IEA'], [], [], ['ISS'], [], [], [], [], [], [], [], [], [], [], [], [], [], [], [], [], [], [], [], [], [], [], [], [], [], [], [], [], [], [], [], ['IEA'], [], [], [], [], [], []]",response to oxygen-containing compound,GO:1901700,0.032207453735048214,['GO:0042221'],0.1411764705882353,query_1,170,0.014705882352941176,True,GO:BP,1632,20237,1
"""The morphogenesis of an embryonic epithelium into a tube-shaped structure."" [GOC:dph, ISBN:0824072820]",20972,10605,5,"[[], [], [], [], [], [], [], [], [], [], [], [], [], [], [], [], [], [], [], [], [], [], [], [], [], [], [], [], [], [], [], [], [], [], [], [], [], [], [], [], [], [], [], [], [], [], [], [], [], [], [], [], [], [], [], [], [], [], [], [], [], [], [], [], [], [], [], [], [], [], [], [], ['IEA'], [], [], [], [], [], [], [], [], [], [], [], [], [], [], [], ['ISS', 'IEA'], [], [], [], [], [], [], [], [], [], [], [], [], [], [], [], [], [], [], [], [], [], [], [], [], [], [], [], [], [], ['IEA'], [], [], [], [], [], [], [], [], [], [], ['IMP', 'IEA'], [], [], [], [], [], [], [], [], [], [], [], [], [], [], [], [], [], [], [], [], [], [], [], [], [], [], [], [], [], [], [], [], [], [], [], [], [], [], ['IEA'], [], [], [], [], [], [], [], [], [], []]",embryonic epithelial tube formation,GO:0001838,0.03276680965453562,"['GO:0016331', 'GO:0072175']",0.029411764705882353,query_1,170,0.04065040650406504,True,GO:BP,123,482,1
"""Any process that stops, prevents, or reduces the frequency, rate or extent of an organismal process, the processes pertinent to the function of an organism above the cellular level; includes the integrated processes of tissues and organs."" [GOC:ai]",20972,22816,18,"[[], [], [], [], [], [], [], [], [], [], [], [], [], [], [], [], [], [], [], [], [], [], [], [], [], [], [], [], ['IDA', 'IBA'], [], [], [], ['ISS', 'IEA'], [], ['IEA'], [], [], [], ['IDA'], [], [], [], [], [], [], [], [], [], [], ['IC'], [], ['IMP'], [], [], ['ISS'], ['IEA'], [], [], [], [], [], [], [], [], [], [], [], [], [], [], ['ISS'], [], [], [], [], [], [], [], [], [], [], [], [], [], [], [], [], [], [], [], [], ['ISS', 'IEA'], [], ['ISS', 'IEA'], [], [], [], ['IDA'], [], [], [], [], [], [], [], [], [], [], [], ['IEA'], [], [], [], [], [], [], [], [], ['IMP', 'ISS', 'TAS', 'IEA'], [], [], [], [], [], [], [], [], [], [], ['IDA'], [], [], [], [], ['IEA'], [], [], [], [], [], [], ['IEA'], [], [], [], [], [], [], [], [], [], [], [], [], [], [], [], [], [], [], [], [], [], [], [], [], [], [], ['IEA'], [], [], [], [], [], [], [], [], [], []]",negative regulation of multicellular organismal process,GO:0051241,0.0329665770008215,"['GO:0032501', 'GO:0048519', 'GO:0051239']",0.10588235294117647,query_1,170,0.016498625114573784,True,GO:BP,1091,12693,1
"""The process in which a cell becomes capable of differentiating autonomously into a motor neuron in an environment that is neutral with respect to the developmental pathway."" [GO_REF:0000021, GOC:cls, GOC:dgh, GOC:dph, GOC:jid]",20972,15819,2,"[[], [], [], [], [], [], [], [], [], [], [], [], [], [], [], [], [], [], [], [], [], [], [], [], [], [], [], [], [], [], [], [], [], [], [], [], [], [], [], [], [], [], [], [], [], [], [], [], [], [], [], [], [], [], [], [], [], [], [], [], [], [], [], [], [], [], [], [], [], [], [], [], [], ['IEA'], [], [], [], [], [], [], [], [], [], [], [], [], [], [], ['IEA'], [], [], [], [], [], [], [], [], [], [], [], [], [], [], [], [], [], [], [], [], [], [], [], [], [], [], [], [], [], [], [], [], [], [], [], [], [], [], [], [], [], [], [], [], [], [], [], [], [], [], [], [], [], [], [], [], [], [], [], [], [], [], [], [], [], [], [], [], [], [], [], [], [], [], [], [], [], [], [], [], [], [], [], [], [], [], [], [], [], []]",spinal cord motor neuron cell fate specification,GO:0021520,0.03334846243894213,"['GO:0021522', 'GO:0048665']",0.011764705882352941,query_1,170,0.18181818181818182,True,GO:BP,11,5696,13
"""The series of molecular signals initiated by binding of a ligand to a member of the ERBB family of receptor tyrosine kinases on the surface of a cell, and ending with the regulation of a downstream cellular process, e.g. transcription."" [GOC:jc, PMID:16460914, Wikipedia:ErbB]",20972,19212,6,"[[], [], [], [], [], [], [], [], [], [], [], [], [], [], [], [], [], [], [], [], [], [], [], ['IMP'], [], [], [], [], [], [], [], [], [], [], [], [], [], [], [], [], [], [], [], ['IEA'], [], [], [], [], [], [], [], [], [], [], [], [], [], [], [], [], [], [], [], [], [], [], [], [], [], [], [], [], [], [], [], [], [], [], [], [], [], [], [], [], [], [], [], [], [], [], [], [], [], [], [], [], [], [], ['IEA'], [], [], [], [], [], [], [], [], [], [], [], [], [], ['IEA'], [], [], [], [], [], [], [], [], [], [], [], [], [], [], [], [], ['IEA'], [], [], [], [], [], [], [], [], [], [], [], [], [], [], [], [], [], [], ['TAS'], [], [], [], [], [], [], [], [], [], [], [], [], [], [], [], [], [], [], [], [], [], [], [], [], [], [], [], [], [], []]",ERBB signaling pathway,GO:0038127,0.03334846243894213,['GO:0007169'],0.03529411764705882,query_1,170,0.0335195530726257,True,GO:BP,179,9089,1
"""The process in which a relatively unspecialized cell acquires specialized features of a GABAergic interneuron residing in the cerebral cortex."" [GO_REF:0000021, GOC:cls, GOC:dgh, GOC:dph, GOC:jid, PMID:12626695]",20972,16155,2,"[[], [], [], [], [], [], [], [], [], [], [], [], [], [], [], [], [], [], [], [], [], [], [], [], [], [], [], [], [], [], [], [], ['IEA'], [], ['ISS', 'IEA'], [], [], [], [], [], [], [], [], [], [], [], [], [], [], [], [], [], [], [], [], [], [], [], [], [], [], [], [], [], [], [], [], [], [], [], [], [], [], [], [], [], [], [], [], [], [], [], [], [], [], [], [], [], [], [], [], [], [], [], [], [], [], [], [], [], [], [], [], [], [], [], [], [], [], [], [], [], [], [], [], [], [], [], [], [], [], [], [], [], [], [], [], [], [], [], [], [], [], [], [], [], [], [], [], [], [], [], [], [], [], [], [], [], [], [], [], [], [], [], [], [], [], [], [], [], [], [], [], [], [], [], [], [], [], [], [], [], [], [], [], [], [], [], []]",cerebral cortex GABAergic interneuron differentiation,GO:0021892,0.03334846243894213,"['GO:0021895', 'GO:0097154']",0.011764705882352941,query_1,170,0.18181818181818182,True,GO:BP,11,6032,1
"""The developmental process pertaining to the initial formation of the primitive streak from unspecified parts. The primitive streak is a ridge of cells running along the midline of the embryo where the mesoderm ingresses. It defines the anterior-posterior axis."" [GOC:dph, GOC:sdb_2009, GOC:tb]",20972,26882,2,"[[], [], [], [], [], [], [], [], [], [], [], [], [], [], [], [], [], [], [], [], [], [], [], [], [], [], [], [], [], [], [], [], [], [], [], [], [], [], [], [], [], [], [], [], ['IEA'], [], [], [], [], [], [], [], [], [], [], [], [], [], [], [], [], [], [], [], [], [], [], [], [], [], [], [], [], [], [], [], [], [], [], [], [], [], [], [], [], [], [], [], [], [], [], [], [], [], [], [], [], [], [], [], [], [], [], [], [], [], [], [], [], [], [], [], [], [], [], [], [], [], [], [], [], [], [], [], [], [], [], [], [], ['IEA'], [], [], [], [], [], [], [], [], [], [], [], [], [], [], [], [], [], [], [], [], [], [], [], [], [], [], [], [], [], [], [], [], [], [], [], [], [], [], [], [], [], [], [], [], [], [], [], [], []]",primitive streak formation,GO:0090009,0.03334846243894213,"['GO:0001702', 'GO:0009948', 'GO:0048646']",0.011764705882352941,query_1,170,0.18181818181818182,True,GO:BP,11,16759,1
"""Any process that results in a change in state or activity of a cell or an organism (in terms of movement, secretion, enzyme production, gene expression, etc.) as a result of a histamine stimulus. Histamine, the biogenic amine 2-(1H-imidazol-4-yl)ethanamine, is involved in local immune responses as well as regulating physiological function in the gut and acting as a neurotransmitter."" [GOC:BHF, GOC:mah, GOC:vk]",20972,18286,2,"[[], [], [], [], [], [], [], [], [], [], [], [], [], [], [], [], [], [], [], [], [], [], [], [], [], [], [], [], [], [], [], [], [], [], ['IDA'], [], [], [], [], [], [], [], [], [], [], [], [], [], [], [], [], [], [], [], [], [], [], [], [], [], [], [], [], [], [], [], [], ['IDA', 'ISS'], [], [], [], [], [], [], [], [], [], [], [], [], [], [], [], [], [], [], [], [], [], [], [], [], [], [], [], [], [], [], [], [], [], [], [], [], [], [], [], [], [], [], [], [], [], [], [], [], [], [], [], [], [], [], [], [], [], [], [], [], [], [], [], [], [], [], [], [], [], [], [], [], [], [], [], [], [], [], [], [], [], [], [], [], [], [], [], [], [], [], [], [], [], [], [], [], [], [], [], [], [], [], [], [], [], [], [], [], [], [], []]",response to histamine,GO:0034776,0.03334846243894213,['GO:1901698'],0.011764705882352941,query_1,170,0.18181818181818182,True,GO:BP,11,8163,1
"""An organ system process carried out by any of the organs or tissues of the circulatory system. The circulatory system is an organ system that moves extracellular fluids to and from tissue within a multicellular organism."" [GOC:mtg_cardio]",20972,11538,12,"[[], [], [], [], [], [], [], [], ['IEA'], [], [], [], [], [], [], [], [], [], [], [], [], [], [], [], [], [], [], [], [], [], [], [], [], [], ['ISS', 'IEA'], [], [], [], [], ['IMP', 'IBA', 'IEA'], [], [], [], [], [], [], [], [], [], [], [], [], [], [], [], [], [], [], [], [], [], [], [], [], ['NAS'], [], [], ['IEA'], ['IEA'], [], ['ISS'], [], [], ['ISS', 'IEA'], [], [], [], [], [], [], [], [], [], [], [], [], [], [], [], [], [], [], [], [], [], [], [], [], [], [], [], [], [], [], ['IEA'], [], [], [], [], [], [], [], [], [], [], [], [], [], [], [], [], [], [], [], [], [], [], [], [], [], [], ['ISS', 'IEA'], [], [], ['IEA'], [], [], [], [], [], [], [], [], [], [], [], [], [], [], [], [], [], [], [], [], [], [], [], [], [], [], [], [], [], ['IEA'], [], [], [], [], [], [], [], [], [], [], [], [], [], []]",circulatory system process,GO:0003013,0.03334846243894213,['GO:0003008'],0.07058823529411765,query_1,170,0.020168067226890758,True,GO:BP,595,1415,1
"""The process that results in the delineation of a specific region of the lateral mesoderm into the area which will form the majority of the mesodermal component of the right ventricle, arterial pole (outflow tract) and venous pole (inflow tract)."" [GOC:mtg_heart, GOC:rl, PMID:17276708]",20972,11639,2,"[[], [], [], [], [], [], [], [], [], [], [], [], [], [], [], [], [], [], [], [], [], [], [], [], [], [], [], [], [], [], [], [], [], [], [], [], [], [], [], [], [], [], [], [], [], [], [], [], [], [], [], [], [], [], [], [], [], [], [], [], [], [], [], [], [], [], [], [], [], [], [], [], [], ['IMP'], [], [], [], [], [], [], [], [], [], [], [], [], [], [], [], [], [], [], [], [], [], [], [], ['ISS'], [], [], [], [], [], [], [], [], [], [], [], [], [], [], [], [], [], [], [], [], [], [], [], [], [], [], [], [], [], [], [], [], [], [], [], [], [], [], [], [], [], [], [], [], [], [], [], [], [], [], [], [], [], [], [], [], [], [], [], [], [], [], [], [], [], [], [], [], [], [], [], [], [], [], [], [], [], [], [], [], []]",secondary heart field specification,GO:0003139,0.03334846243894213,['GO:0003128'],0.011764705882352941,query_1,170,0.18181818181818182,True,GO:BP,11,1516,14
"""Any process that results in a change in state or activity of a cell (in terms of movement, secretion, enzyme production, gene expression, etc.) as a result of a calcium ion stimulus."" [GOC:mah]",20972,25521,4,"[[], [], [], [], [], [], [], [], [], [], [], [], [], [], [], [], [], [], [], [], [], [], [], [], [], [], [], [], ['ISS'], [], [], [], [], [], [], [], [], [], [], [], [], [], [], [], [], [], [], [], [], [], [], [], [], [], [], [], [], [], [], [], [], [], [], [], [], [], [], [], [], [], [], [], [], [], [], ['IMP'], [], [], [], [], [], [], [], [], [], [], [], [], [], [], [], [], [], [], [], [], [], ['ISS'], [], [], [], [], [], [], [], [], ['ISS', 'IEA'], [], [], [], [], [], [], [], [], [], [], [], [], [], [], [], [], [], [], [], [], [], [], [], [], [], [], [], [], [], [], [], [], [], [], [], [], [], [], [], [], [], [], [], [], [], [], [], [], [], [], [], [], [], [], [], [], [], [], [], [], [], [], [], [], [], [], [], [], [], [], [], []]",cellular response to calcium ion,GO:0071277,0.03413449240335698,"['GO:0051592', 'GO:0071248']",0.023529411764705882,query_1,170,0.05194805194805195,True,GO:BP,77,15398,8
"""Any process that results in a change in state or activity of a cell or an organism (in terms of movement, secretion, enzyme production, gene expression, etc.) as a result of an electrical stimulus."" [GOC:ai]",20972,23019,3,"[[], [], [], [], [], [], [], [], [], [], [], [], [], [], [], [], [], [], [], [], [], [], [], [], [], [], [], [], [], [], [], [], [], [], [], [], [], [], [], [], [], [], [], [], [], [], [], [], [], [], [], [], [], [], [], [], [], [], [], [], [], [], [], [], [], [], [], [], [], [], [], [], [], [], [], [], [], [], [], [], [], [], [], [], [], [], [], [], [], [], [], [], [], [], [], [], [], [], [], [], [], [], [], [], [], [], ['ISS', 'IEA'], [], [], [], [], [], ['IEA'], [], [], [], [], [], [], [], [], [], [], [], [], [], [], [], [], ['IEA'], [], [], [], [], [], [], [], [], [], [], [], [], [], [], [], [], [], [], [], [], [], [], [], [], [], [], [], [], [], [], [], [], [], [], [], [], [], [], [], [], [], [], [], [], [], [], [], [], []]",response to electrical stimulus,GO:0051602,0.03413449240335698,['GO:0009628'],0.01764705882352941,query_1,170,0.07894736842105263,True,GO:BP,38,12896,1
"""Any process that activates or increases the frequency, rate or extent of microtubule polymerization or depolymerization."" [GOC:mah]",20972,16712,3,"[[], [], [], [], [], [], [], [], [], [], [], [], [], [], [], [], [], [], [], [], [], [], [], [], [], [], [], [], [], [], [], [], [], [], [], [], [], [], [], [], [], [], [], [], [], [], [], [], [], [], [], [], [], [], [], [], [], [], [], [], [], [], [], [], [], [], [], [], [], [], [], [], [], [], [], [], [], [], [], [], [], [], [], [], [], [], [], [], [], [], [], [], [], [], [], [], [], [], ['IMP'], [], [], [], [], [], [], [], [], [], [], [], [], [], [], [], [], [], [], [], [], [], ['IMP'], [], [], [], [], [], [], [], [], [], ['ISS', 'IEA'], [], [], [], [], [], [], [], [], [], [], [], [], [], [], [], [], [], [], [], [], [], [], [], [], [], [], [], [], [], [], [], [], [], [], [], [], [], [], [], [], [], [], [], [], [], [], [], []]",positive regulation of microtubule polymerization or depolymerization,GO:0031112,0.03413449240335698,"['GO:0031109', 'GO:0031110', 'GO:0051495']",0.01764705882352941,query_1,170,0.07894736842105263,True,GO:BP,38,6589,7
"""The regionalization process in which the identity of an animal organ primordium is specified. Identity is considered to be the aggregate of characteristics by which a structure is recognized."" [GOC:tb]",20972,13862,3,"[[], [], [], [], [], [], [], [], [], [], [], [], [], [], [], [], [], [], [], [], [], [], [], [], [], [], [], [], [], [], [], [], [], [], [], [], [], [], [], [], [], [], [], [], [], [], [], [], [], [], [], [], [], [], [], [], [], [], [], [], [], [], [], [], [], [], [], [], [], [], [], [], [], ['IMP'], [], [], [], [], [], [], [], [], [], [], [], [], [], [], [], [], [], [], [], [], [], [], [], ['ISS'], [], [], [], [], [], [], [], [], [], [], [], [], [], [], [], [], [], [], [], [], [], [], [], [], [], [], [], [], [], [], [], [], [], [], [], [], [], [], [], [], [], [], [], [], [], [], [], [], [], [], [], [], [], [], [], [], [], [], [], [], [], [], [], [], ['IEA'], [], [], [], [], [], [], [], [], [], [], [], [], [], [], [], []]",specification of animal organ identity,GO:0010092,0.03413449240335698,"['GO:0003002', 'GO:0048645']",0.01764705882352941,query_1,170,0.07894736842105263,True,GO:BP,38,3739,1
"""Any process, acting in the presynapse that results in modulation of chemical synaptic transmission."" [GOC:dos]",20972,27957,3,"[[], [], [], [], [], [], [], [], [], [], [], [], [], [], [], [], [], [], [], [], [], [], [], [], [], [], [], [], [], [], [], [], [], [], ['IEA'], [], [], [], [], [], [], [], [], [], [], [], [], [], [], [], [], [], [], [], [], [], [], [], [], [], [], [], [], ['IEA'], [], [], [], [], ['IEA'], [], [], [], [], [], [], [], [], [], [], [], [], [], [], [], [], [], [], [], [], [], [], [], [], [], [], [], [], [], [], [], [], [], [], [], [], [], [], [], [], [], [], [], [], [], [], [], [], [], [], [], [], [], [], [], [], [], [], [], [], [], [], [], [], [], [], [], [], [], [], [], [], [], [], [], [], [], [], [], [], [], [], [], [], [], [], [], [], [], [], [], [], [], [], [], [], [], [], [], [], [], [], [], [], [], [], [], [], [], []]",presynaptic modulation of chemical synaptic transmission,GO:0099171,0.03413449240335698,['GO:0050804'],0.01764705882352941,query_1,170,0.07894736842105263,True,GO:BP,38,17834,1
"""The deposition of hydroxyapatite, a form of calcium phosphate with the formula Ca10(PO4)6(OH)2, in bone tissue."" [GOC:mah, PMID:22936354]",20972,16440,5,"[[], [], [], [], [], [], [], [], [], [], [], [], [], [], [], [], [], [], [], [], [], [], [], [], [], [], [], [], [], [], [], [], [], [], [], [], [], [], ['IDA', 'IBA', 'IEA'], [], [], [], [], [], [], [], [], [], [], [], [], [], [], [], [], [], [], [], [], [], [], [], [], [], [], [], [], [], [], [], [], [], [], [], [], [], [], [], [], [], [], [], [], [], [], [], [], [], [], [], [], [], [], [], [], [], [], ['ISS'], [], [], [], [], [], [], [], [], [], [], [], [], [], [], [], [], [], [], [], [], [], [], [], [], [], [], [], [], [], [], [], ['IEA'], [], [], [], [], [], [], [], [], [], [], [], ['IEA'], [], [], [], [], [], [], [], [], [], [], [], [], [], [], [], [], [], [], [], [], [], [], [], [], [], [], ['IMP'], [], [], [], [], [], [], [], [], [], []]",bone mineralization,GO:0030282,0.03413449240335698,"['GO:0001503', 'GO:0031214']",0.029411764705882353,query_1,170,0.04,True,GO:BP,125,6317,15
"""The multicellular organismal process in which the heart decreases in volume in a characteristic way to propel blood through the body."" [GOC:dph]",20972,23456,7,"[[], [], [], [], [], [], [], [], ['IEA'], [], [], [], [], [], [], [], [], [], [], [], [], [], [], [], [], [], [], [], [], [], [], [], [], [], ['ISS', 'IEA'], [], [], [], [], ['IEA'], [], [], [], [], [], [], [], [], [], [], [], [], [], [], [], [], [], [], [], [], [], [], [], [], ['NAS'], [], [], [], [], [], [], [], [], ['ISS', 'IEA'], [], [], [], [], [], [], [], [], [], [], [], [], [], [], [], [], [], [], [], [], [], [], [], [], [], [], [], [], [], [], [], [], [], [], [], [], [], [], [], [], [], [], [], [], [], [], [], [], [], [], [], [], [], [], [], [], [], [], [], [], ['IEA'], [], [], [], [], [], [], [], [], [], [], [], [], [], [], [], [], [], [], [], [], [], [], [], [], [], [], [], [], [], ['IEA'], [], [], [], [], [], [], [], [], [], [], [], [], [], []]",heart contraction,GO:0060047,0.03477812521638231,"['GO:0003015', 'GO:0008015']",0.041176470588235294,query_1,170,0.028925619834710745,True,GO:BP,242,13333,1
"""The developmental process pertaining to the initial formation of an anatomical structure from unspecified parts. This process begins with the specific processes that contribute to the appearance of the discrete structure and ends when the structural rudiment is recognizable. An anatomical structure is any biological entity that occupies space and is distinguished from its surroundings. Anatomical structures can be macroscopic such as a carpel, or microscopic such as an acrosome."" [GOC:dph, GOC:jid, GOC:tb]",20972,22178,19,"[[], [], [], [], [], [], [], [], [], [], [], [], [], [], ['IDA', 'IGI', 'IBA'], [], [], [], [], [], [], [], [], ['IDA'], [], ['ISS', 'IEA'], [], [], [], [], [], [], [], [], [], ['ISS'], [], [], ['IDA', 'IEA'], [], [], [], [], [], ['IEA'], [], [], [], [], ['IEA'], [], [], [], [], [], [], [], [], [], [], [], [], [], [], [], [], [], [], [], [], [], [], ['IEA'], ['IMP', 'ISS', 'IEA'], [], ['TAS'], [], [], [], [], [], [], [], [], [], [], [], [], ['ISS', 'IEA'], [], [], [], [], ['ISS', 'IEA'], [], [], [], ['ISS'], [], [], [], [], [], [], [], [], [], [], [], [], [], [], [], [], [], ['ISS'], [], [], ['IEA'], [], [], [], [], [], [], [], [], [], [], ['IMP', 'IEA'], [], ['ISS'], [], [], [], [], [], [], [], [], [], [], [], [], [], [], [], [], [], [], [], [], [], [], [], [], [], [], [], [], [], [], ['IEA'], [], [], [], [], [], ['IMP', 'NAS', 'IEA'], [], [], [], [], [], [], [], [], [], []]",anatomical structure formation involved in morphogenesis,GO:0048646,0.03488337480877517,"['GO:0009653', 'GO:0032502']",0.11176470588235295,query_1,170,0.015966386554621848,True,GO:BP,1190,12055,1
"""The process in which a relatively unspecialized cell acquires specialized features of an adipocyte, an animal connective tissue cell specialized for the synthesis and storage of fat."" [CL:0000136, GOC:go_curators]",20972,20731,7,"[[], [], [], [], [], [], [], [], [], [], [], [], [], [], [], [], [], [], [], [], [], [], [], [], [], [], [], [], [], [], [], [], [], [], [], [], [], [], [], [], [], [], [], [], [], [], [], [], [], [], [], [], [], [], ['ISS', 'IEA'], [], [], [], [], [], [], [], [], [], [], [], [], [], ['IEA'], [], ['ISS'], [], [], [], [], [], [], [], [], [], [], [], [], [], [], [], [], [], [], ['IMP'], [], [], [], ['ISS'], [], [], [], [], [], [], [], [], [], [], [], [], [], [], [], [], [], [], [], [], [], [], [], [], [], [], [], [], [], [], [], [], [], [], [], [], [], ['ISS', 'IEA'], [], [], [], [], [], [], [], [], [], [], [], [], [], [], [], [], [], [], [], [], [], [], [], [], [], [], [], [], [], [], [], [], [], [], [], [], [], [], [], [], [], [], [], ['IMP'], [], [], []]",fat cell differentiation,GO:0045444,0.035370582212031286,['GO:0030154'],0.041176470588235294,query_1,170,0.02880658436213992,True,GO:BP,243,10608,1
"""A G protein-coupled receptor signaling pathway in which the signal is transmitted via the activation of adenylyl cyclase activity which results in an increase in the intracellular concentration of cyclic AMP (cAMP). This pathway is negatively regulated by phosphodiesterase, which cleaves cAMP and terminates the signaling."" [GOC:dph, GOC:mah, GOC:signaling, GOC:tb, ISBN:0815316194]",20972,12735,6,"[[], [], ['IMP'], [], [], ['ISS', 'IBA'], [], ['IBA'], ['IBA'], [], [], [], [], [], [], [], [], [], [], [], [], [], [], [], [], [], [], [], [], [], [], [], [], [], [], [], [], [], [], [], [], [], [], [], [], [], [], [], [], [], [], [], [], [], [], [], [], [], [], [], [], [], [], [], [], [], [], [], [], [], [], [], [], [], [], [], [], [], [], [], [], [], [], [], [], [], [], [], [], [], [], [], [], [], [], [], [], [], [], [], [], [], [], [], [], [], [], [], [], [], [], [], [], [], [], [], [], [], [], [], [], [], [], [], [], [], [], [], [], [], [], [], [], [], [], [], [], [], [], [], [], [], [], [], [], [], [], [], [], [], [], [], [], [], [], [], [], [], [], [], [], [], [], [], [], [], [], [], [], [], ['IDA', 'IBA', 'IEA'], ['IDA'], [], [], [], [], [], [], []]",adenylate cyclase-activating G protein-coupled receptor signaling pathway,GO:0007189,0.03611247678705125,['GO:0007188'],0.03529411764705882,query_1,170,0.03278688524590164,True,GO:BP,183,2612,1
"""Any process that activates or increases the frequency, rate or extent of programmed cell death, cell death resulting from activation of endogenous cellular processes."" [GOC:jl]",20972,19974,11,"[[], [], [], [], [], [], [], [], [], ['IMP'], [], [], [], [], [], [], [], [], [], [], [], [], [], [], [], [], [], [], [], [], [], [], [], [], [], [], [], [], [], [], [], [], [], [], [], [], [], [], [], ['ISS', 'IEA'], [], ['IDA'], [], [], ['IMP', 'ISS'], [], [], [], [], [], [], [], ['IEA'], [], [], [], [], [], ['IEA'], [], [], [], [], [], [], [], [], [], [], [], [], [], [], [], [], [], [], [], [], [], [], [], [], [], [], [], [], ['ISS'], [], [], [], [], [], [], [], ['ISS', 'IEA'], [], [], [], [], [], [], ['ISS', 'IEA'], [], [], ['IDA'], [], [], [], [], [], [], [], [], [], [], [], [], [], [], [], [], [], [], [], [], [], [], [], [], [], [], [], [], [], [], [], [], [], [], [], [], [], [], [], [], [], [], [], [], [], [], [], [], [], [], [], [], [], [], [], [], [], [], [], ['IEA'], [], [], []]",positive regulation of programmed cell death,GO:0043068,0.03638032049546221,"['GO:0012501', 'GO:0043067', 'GO:0048522']",0.06470588235294118,query_1,170,0.020872865275142316,True,GO:BP,527,9851,1
"""The process in which the anatomical structures of the outflow tract are generated and organized. The outflow tract is the portion of the heart through which blood flows into the arteries."" [GOC:mtg_heart, UBERON:0004145]",20972,11650,4,"[[], [], [], [], [], [], [], [], [], [], [], [], [], [], [], [], [], [], [], [], [], [], [], [], [], [], [], [], [], [], [], [], [], [], [], [], [], [], [], [], [], [], [], [], [], [], [], [], [], [], [], [], [], [], [], [], [], [], [], [], [], [], [], [], [], [], [], [], [], [], [], [], [], ['ISS', 'IEA'], [], [], [], [], [], [], [], [], [], [], [], [], [], [], [], [], [], [], [], [], [], [], [], ['ISS'], [], [], [], [], [], [], [], [], [], [], [], [], [], [], [], [], [], [], [], [], [], [], [], [], [], [], [], [], [], [], [], ['IEA'], [], [], [], [], [], [], [], [], [], [], [], [], [], [], [], [], [], [], [], [], [], [], [], [], [], [], [], [], [], [], [], [], [], [], [], [], [], [], ['IEA'], [], [], [], [], [], [], [], [], [], []]",outflow tract morphogenesis,GO:0003151,0.03638032049546221,"['GO:0003007', 'GO:0009653']",0.023529411764705882,query_1,170,0.05063291139240506,True,GO:BP,79,1527,1
"""Any process that results in a change in state or activity of a cell or an organism (in terms of movement, secretion, enzyme production, gene expression, etc.) as a result of an abiotic (not derived from living organisms) stimulus."" [GOC:hb]",20972,13515,18,"[[], [], [], [], [], [], [], [], [], ['IDA'], [], [], [], [], [], [], [], [], [], [], [], [], [], [], [], [], [], [], [], [], [], [], [], [], ['ISS', 'IEA'], [], [], [], [], [], [], [], [], [], [], [], [], [], [], [], [], ['IDA'], [], [], ['IDA', 'ISS'], [], [], [], [], [], [], [], ['IEA'], [], [], [], [], ['IEA'], ['IEA'], [], ['ISS'], [], [], [], [], [], [], [], [], [], [], [], [], [], [], [], [], [], [], [], [], [], [], [], [], ['IDA'], [], [], [], [], [], [], [], [], [], [], ['ISS', 'IEA'], [], ['IDA'], [], [], [], ['IEA'], [], [], [], [], [], [], [], [], [], [], [], [], [], [], [], ['IEP'], ['IEA'], [], ['IEP', 'IEA'], [], [], [], [], [], ['IEA'], [], [], [], [], [], [], [], [], [], [], [], [], [], [], [], [], [], [], [], [], [], [], [], ['ISS'], [], [], [], [], [], [], ['IMP', 'IEA'], [], [], [], [], [], [], [], [], [], []]",response to abiotic stimulus,GO:0009628,0.03638032049546221,['GO:0050896'],0.10588235294117647,query_1,170,0.016245487364620937,True,GO:BP,1108,3392,1
"""The directed movement of some substance from inside of a cell, across the plasma membrane and into the extracellular region."" [GOC:pg]",20972,28526,4,"[[], [], ['ISS', 'IEA'], [], [], [], [], [], [], [], ['IBA'], [], [], [], [], [], [], [], [], [], [], [], [], [], [], [], [], [], [], [], [], [], [], [], [], [], [], [], [], [], [], [], [], [], [], [], [], [], [], [], [], [], [], [], [], [], [], ['IBA'], [], [], [], [], [], [], [], [], [], [], [], [], [], [], [], [], [], [], [], [], [], [], [], [], [], [], [], [], [], [], [], [], [], [], [], [], [], [], [], [], [], [], [], [], [], [], [], [], [], [], [], [], [], [], [], [], [], [], [], [], [], [], [], [], [], [], [], [], [], [], [], [], [], [], [], [], [], [], [], ['IEA'], [], [], [], [], [], [], [], [], [], [], [], [], [], [], [], [], [], [], [], [], [], [], [], [], [], [], [], [], [], [], [], [], [], [], [], [], [], [], [], [], []]",export across plasma membrane,GO:0140115,0.03638032049546221,"['GO:0055085', 'GO:0140352']",0.023529411764705882,query_1,170,0.05063291139240506,True,GO:BP,79,18403,1
"""The directed movement of sodium ions (Na+) into, out of or within a cell, or between cells, by means of some agent such as a transporter or pore."" [GOC:ai]",20972,12489,7,"[[], [], [], [], [], [], [], [], [], [], ['IBA'], [], [], [], [], [], [], [], [], [], [], [], [], [], [], [], [], [], [], [], [], [], [], [], ['ISS', 'IEA'], [], [], [], [], ['IEA'], [], [], [], [], [], [], [], [], [], [], [], [], [], [], [], [], [], ['IBA', 'IEA'], [], [], [], [], ['IDA'], [], ['IMP', 'IBA', 'NAS', 'IEA'], [], [], [], [], [], [], [], [], [], [], [], [], [], [], [], [], [], [], [], [], [], [], [], [], [], [], [], [], [], [], [], [], [], [], [], [], [], [], [], [], [], [], [], [], [], [], [], [], [], [], [], [], [], [], [], [], [], [], [], [], [], [], [], [], [], [], [], [], [], [], [], [], [], [], [], [], [], [], [], [], [], [], [], [], [], ['IEA'], [], [], [], [], [], [], [], [], [], [], [], [], [], [], [], [], [], [], [], [], [], [], [], [], [], [], [], []]",sodium ion transport,GO:0006814,0.03638032049546221,['GO:0030001'],0.041176470588235294,query_1,170,0.02857142857142857,True,GO:BP,245,2366,1
"""Any process that activates or increases the frequency, rate or extent of the controlled release of a substance from a cell or a tissue."" [GOC:ai]",20972,22709,8,"[['IBA'], [], [], [], [], [], [], [], [], [], [], [], [], [], [], [], ['IBA'], [], [], [], [], [], [], [], [], [], [], [], [], [], [], [], [], ['IBA'], ['ISS', 'IEA'], [], [], [], [], [], [], [], [], [], [], [], [], [], [], [], [], [], [], [], [], [], [], [], [], [], [], [], [], [], [], [], [], [], [], [], [], [], [], ['IDA'], [], [], [], [], [], [], [], [], [], [], [], [], [], [], [], [], [], [], [], [], [], [], [], [], [], [], [], [], [], [], [], [], [], [], [], [], [], [], [], [], [], [], [], [], [], [], [], [], [], [], [], [], [], [], [], [], [], [], [], [], [], [], [], [], [], [], [], [], [], [], [], [], [], [], [], [], [], ['ISS'], [], [], [], [], [], [], [], ['ISS', 'IEA'], [], [], [], [], [], [], [], [], [], [], [], [], ['IEA'], [], [], [], [], [], []]",positive regulation of secretion,GO:0051047,0.03725872866861833,"['GO:0046903', 'GO:0051046', 'GO:0051050']",0.047058823529411764,query_1,170,0.02564102564102564,True,GO:BP,312,12586,1
"""Any process that increases the amount of urine excreted from the body over a unit of time."" [GOC:mtg_25march11, GOC:yaf]",20972,18786,2,"[[], [], [], [], [], [], [], [], [], [], [], [], [], [], [], [], [], [], [], [], [], [], [], [], [], [], [], [], [], [], [], [], [], [], ['IEA'], [], [], [], [], ['IEA'], [], [], [], [], [], [], [], [], [], [], [], [], [], [], [], [], [], [], [], [], [], [], [], [], [], [], [], [], [], [], [], [], [], [], [], [], [], [], [], [], [], [], [], [], [], [], [], [], [], [], [], [], [], [], [], [], [], [], [], [], [], [], [], [], [], [], [], [], [], [], [], [], [], [], [], [], [], [], [], [], [], [], [], [], [], [], [], [], [], [], [], [], [], [], [], [], [], [], [], [], [], [], [], [], [], [], [], [], [], [], [], [], [], [], [], [], [], [], [], [], [], [], [], [], [], [], [], [], [], [], [], [], [], [], [], [], [], [], []]",positive regulation of urine volume,GO:0035810,0.037330840505006985,['GO:0035809'],0.011764705882352941,query_1,170,0.16666666666666666,True,GO:BP,12,8663,16
"""The elimination of sodium ions from peritubular capillaries (or surrounding hemolymph in invertebrates) into the renal tubules to be incorporated subsequently into the urine."" [GOC:mtg_25march11, GOC:yaf, PMID:25287933]",20972,18788,2,"[[], [], [], [], [], [], [], [], [], [], [], [], [], [], [], [], [], [], [], [], [], [], [], [], [], [], [], [], [], [], [], [], [], [], ['IEA'], [], [], [], [], ['IEA'], [], [], [], [], [], [], [], [], [], [], [], [], [], [], [], [], [], [], [], [], [], [], [], [], [], [], [], [], [], [], [], [], [], [], [], [], [], [], [], [], [], [], [], [], [], [], [], [], [], [], [], [], [], [], [], [], [], [], [], [], [], [], [], [], [], [], [], [], [], [], [], [], [], [], [], [], [], [], [], [], [], [], [], [], [], [], [], [], [], [], [], [], [], [], [], [], [], [], [], [], [], [], [], [], [], [], [], [], [], [], [], [], [], [], [], [], [], [], [], [], [], [], [], [], [], [], [], [], [], [], [], [], [], [], [], [], [], [], []]",renal sodium excretion,GO:0035812,0.037330840505006985,"['GO:0055078', 'GO:0097254']",0.011764705882352941,query_1,170,0.16666666666666666,True,GO:BP,12,8665,17
"""Any process that modulates the frequency, rate or extent of the regulated release of growth hormone from a cell."" [GOC:dph]",20972,23512,2,"[[], [], [], [], [], [], [], [], [], [], [], [], [], [], [], [], [], [], [], [], [], [], [], [], [], [], [], [], [], [], [], [], [], [], ['ISS', 'IEA'], [], [], [], [], [], [], [], [], [], [], [], [], [], [], [], [], [], [], [], [], [], [], [], [], [], [], [], [], [], [], [], [], [], [], [], [], [], [], [], ['IEA'], [], [], [], [], [], [], [], [], [], [], [], [], [], [], [], [], [], [], [], [], [], [], [], [], [], [], [], [], [], [], [], [], [], [], [], [], [], [], [], [], [], [], [], [], [], [], [], [], [], [], [], [], [], [], [], [], [], [], [], [], [], [], [], [], [], [], [], [], [], [], [], [], [], [], [], [], [], [], [], [], [], [], [], [], [], [], [], [], [], [], [], [], [], [], [], [], [], [], [], [], [], [], [], []]",regulation of growth hormone secretion,GO:0060123,0.037330840505006985,"['GO:0030252', 'GO:0090276']",0.011764705882352941,query_1,170,0.16666666666666666,True,GO:BP,12,13389,1
"""The process in which a relatively unspecialized cell acquires specialized features of a cardiac myoblast. A cardiac myoblast is a precursor cell that has been committed to a cardiac muscle cell fate but retains the ability to divide and proliferate throughout life."" [GOC:dph, GOC:tb]",20972,23718,2,"[[], [], [], [], [], [], [], [], [], [], [], [], [], [], [], [], [], [], [], [], [], [], [], [], [], [], [], [], [], [], [], [], [], [], [], [], [], [], [], [], [], [], [], [], [], [], [], [], [], [], [], [], [], [], [], [], [], [], [], [], [], [], [], [], [], [], [], [], [], [], [], [], [], ['IEA'], [], [], [], [], [], [], [], [], [], [], [], [], [], [], [], [], [], [], [], [], [], [], [], [], [], [], [], [], [], [], [], [], [], [], [], [], [], [], [], [], [], [], [], [], [], [], [], [], [], [], [], [], [], [], [], ['IDA'], [], [], [], [], [], [], [], [], [], [], [], [], [], [], [], [], [], [], [], [], [], [], [], [], [], [], [], [], [], [], [], [], [], [], [], [], [], [], [], [], [], [], [], [], [], [], [], [], []]",cardiac muscle cell myoblast differentiation,GO:0060379,0.037330840505006985,"['GO:0010002', 'GO:0045445']",0.011764705882352941,query_1,170,0.16666666666666666,True,GO:BP,12,13595,18
"""The process aimed at the progression of a neural crest cell over time, from initial commitment of the cell to its specific fate, to the fully functional differentiated cell."" [GOC:dh, GOC:ef]",20972,14509,4,"[[], [], [], [], [], [], [], [], [], [], [], [], [], [], [], [], [], [], [], [], [], [], [], [], [], [], [], [], [], [], [], [], [], [], [], [], [], [], [], ['IEA'], [], [], [], [], [], [], [], [], [], [], [], [], [], [], [], [], [], [], [], [], [], [], [], [], [], [], [], [], [], [], [], [], [], ['IEA'], [], [], [], [], [], [], [], [], [], [], [], [], [], [], [], [], [], [], [], [], [], [], [], [], [], [], [], [], [], [], [], [], [], [], [], [], [], [], [], [], [], [], [], [], ['IEA'], [], [], [], [], [], [], [], [], [], [], [], [], [], [], [], [], [], [], [], [], [], [], [], [], [], [], [], [], [], [], [], [], [], [], [], [], [], [], [], [], [], [], [], [], [], [], [], [], [], ['IEA'], [], [], [], [], [], [], [], [], [], []]",neural crest cell development,GO:0014032,0.037330840505006985,"['GO:0014033', 'GO:0048864']",0.023529411764705882,query_1,170,0.05,True,GO:BP,80,4386,1
"""Any process that activates or increases the frequency, rate or extent of signal transduction."" [GOC:sm]",20972,13767,23,"[[], [], [], [], [], [], [], [], ['IDA', 'IBA'], [], [], [], [], [], ['IDA'], [], [], [], [], [], [], [], [], ['IDA'], [], [], [], [], [], ['ISS', 'IEA'], [], [], [], [], ['IEA'], [], [], [], ['HMP'], ['IEA'], [], [], [], [], [], [], [], [], [], [], [], ['IDA', 'IMP'], [], [], [], [], [], [], [], [], [], [], ['ISS', 'ISO'], ['ISS', 'IEA'], [], [], [], [], ['IDA', 'IEA'], [], [], [], [], [], [], [], [], [], [], [], [], [], [], [], [], [], [], [], [], [], [], [], [], [], [], [], [], ['ISS'], [], [], [], [], [], [], [], [], ['ISS', 'IEA'], [], ['ISS', 'IEA'], ['IDA', 'IEA'], [], [], ['IDA', 'IBA', 'TAS'], [], [], [], [], [], [], [], ['IDA', 'IMP'], [], [], ['IMP'], [], [], [], [], [], [], [], [], [], [], ['IEA'], [], [], [], [], [], [], ['IDA', 'IBA', 'NAS', 'IEA'], [], [], [], [], [], [], [], [], [], [], [], [], [], [], [], [], [], ['IEA'], [], [], [], ['ISS', 'IBA', 'IEA'], ['IDA'], [], [], [], [], [], [], [], [], [], [], [], [], [], []]",positive regulation of signal transduction,GO:0009967,0.03742346845314665,"['GO:0007165', 'GO:0009966', 'GO:0010647', 'GO:0023056', 'GO:0048584']",0.13529411764705881,query_1,170,0.014659018483110261,True,GO:BP,1569,3644,1
"""Any process that stops, prevents, or reduces the frequency, rate or extent of the Notch signaling pathway."" [GOC:go_curators]",20972,20939,3,"[[], [], [], [], [], [], [], [], [], [], [], [], [], [], [], [], [], [], [], [], [], [], [], [], [], [], [], [], [], [], [], [], ['IEA'], [], [], [], [], [], [], [], [], [], [], [], [], [], [], [], [], [], [], ['ISS'], [], [], [], [], [], [], [], [], [], [], [], [], [], [], [], [], [], [], [], [], [], [], [], [], [], [], [], [], [], [], [], [], [], [], [], [], [], [], [], [], [], [], [], [], [], [], [], [], [], [], [], [], [], [], [], [], [], [], [], [], [], [], [], [], [], [], ['IDA'], [], [], [], [], [], [], [], [], [], [], [], [], [], [], [], [], [], [], [], [], [], [], [], [], [], [], [], [], [], [], [], [], [], [], [], [], [], [], [], [], [], [], [], [], [], [], [], [], [], [], [], [], [], [], [], [], [], [], [], []]",negative regulation of Notch signaling pathway,GO:0045746,0.037585484147695046,"['GO:0007219', 'GO:0008593', 'GO:0009968']",0.01764705882352941,query_1,170,0.075,True,GO:BP,40,10816,1
"""The process in which the anatomical structures of the forelimb are generated and organized. The forelimbs are the front limbs of an animal, e.g. the arms of a human."" [GOC:go_curators]",20972,18382,3,"[[], [], [], [], [], [], [], [], [], [], [], [], [], [], [], [], [], [], [], [], [], [], [], [], [], [], [], [], [], [], [], [], [], [], [], [], [], [], [], [], [], [], [], [], [], [], [], [], [], [], [], [], [], [], [], [], [], [], [], [], [], [], [], [], [], [], [], [], [], [], [], [], [], [], [], [], [], [], [], [], [], [], [], [], [], [], [], [], [], [], [], [], [], [], [], [], [], [], [], [], [], [], [], [], [], [], [], [], [], [], [], [], [], [], [], [], [], [], [], [], [], [], [], [], [], [], [], [], [], [], [], [], [], [], [], [], [], [], [], [], [], ['IEA'], [], [], [], [], [], [], [], [], [], [], [], [], [], [], [], [], [], [], [], [], [], [], [], [], [], [], ['IEA'], [], [], [], [], [], [], ['IEA'], [], [], []]",forelimb morphogenesis,GO:0035136,0.037585484147695046,['GO:0035108'],0.01764705882352941,query_1,170,0.075,True,GO:BP,40,8259,19
"""A G protein-coupled receptor signaling pathway in which the signal is transmitted via the inhibition of adenylyl cyclase activity and a subsequent decrease in the intracellular concentration of cyclic AMP (cAMP)."" [GOC:dph, GOC:mah, GOC:signaling, GOC:tb, ISBN:0815316194]",20972,12739,4,"[[], [], [], [], [], [], [], [], [], [], [], [], [], [], [], [], [], [], [], [], [], [], [], [], [], [], [], [], [], [], [], [], [], [], ['IDA', 'IBA', 'IEA'], [], [], [], [], [], [], [], [], [], [], [], [], [], [], [], [], [], [], [], [], [], [], [], ['IDA'], [], [], [], [], ['IEA'], [], [], [], [], [], [], [], [], [], [], [], [], [], [], [], [], [], [], [], [], [], [], [], [], [], [], [], [], [], [], [], [], ['TAS'], [], [], [], [], [], [], [], [], [], [], [], [], [], [], [], [], [], [], [], [], [], [], [], [], [], [], [], [], [], [], [], [], [], [], [], [], [], [], [], [], [], [], [], [], [], [], [], [], [], [], [], [], [], [], [], [], [], [], [], [], [], [], [], [], [], [], [], [], [], [], [], [], [], [], [], [], [], [], [], [], [], []]",adenylate cyclase-inhibiting G protein-coupled receptor signaling pathway,GO:0007193,0.038582277441430564,['GO:0007188'],0.023529411764705882,query_1,170,0.04938271604938271,True,GO:BP,81,2616,1
"""The process in which the anatomical structures of a tissue are generated and organized."" [GOC:dph, GOC:jid]",20972,22259,12,"[[], [], [], [], [], [], [], [], [], [], [], [], [], [], [], [], [], [], [], [], [], [], [], [], [], [], [], [], [], [], [], [], [], [], [], [], [], [], [], [], [], [], [], [], [], [], [], [], [], [], [], [], [], [], [], [], [], [], [], [], [], [], [], [], [], [], [], [], [], [], [], [], ['IEA'], ['ISS', 'IEA'], [], [], [], [], [], [], [], [], [], [], [], [], [], [], ['ISS', 'IEA'], [], [], [], [], [], [], [], [], ['ISS'], ['IMP'], [], ['ISS'], [], [], [], [], [], [], [], [], [], [], [], [], [], [], [], [], [], ['IEA'], [], ['IMP'], [], [], [], [], [], [], [], [], ['IMP', 'IEA'], [], [], [], [], [], [], [], [], [], [], [], ['IEA'], [], [], [], [], [], [], [], ['ISS'], [], [], [], [], [], [], [], [], [], [], [], [], [], [], [], [], [], [], ['IEA'], [], [], [], [], [], [], [], [], [], []]",tissue morphogenesis,GO:0048729,0.03869146530375715,"['GO:0009653', 'GO:0009888']",0.07058823529411765,query_1,170,0.0196078431372549,True,GO:BP,612,12136,1
"""Any process that results in a change in state or activity of a cell or an organism (in terms of movement, secretion, enzyme production, gene expression, etc.) as a result of a calcium ion stimulus."" [GOC:ai]",20972,23009,5,"[[], [], [], [], [], [], [], [], [], [], [], [], [], [], [], [], [], [], [], [], [], [], [], [], [], [], [], [], ['ISS'], [], [], [], [], [], [], [], [], [], [], [], [], [], [], [], [], [], [], [], [], [], [], [], [], [], [], [], [], [], [], [], [], [], [], [], ['IEA'], [], [], [], [], [], [], [], [], [], [], ['IMP'], [], [], [], [], [], [], [], [], [], [], [], [], [], [], [], [], [], [], [], [], [], ['ISS'], [], [], [], [], [], [], [], [], ['ISS', 'IEA'], [], [], [], [], [], [], [], [], [], [], [], [], [], [], [], [], [], [], [], [], [], [], [], [], [], [], [], [], [], [], [], [], [], [], [], [], [], [], [], [], [], [], [], [], [], [], [], [], [], [], [], [], [], [], [], [], [], [], [], [], [], [], [], [], [], [], [], [], [], [], [], []]",response to calcium ion,GO:0051592,0.03884044861189767,['GO:0010038'],0.029411764705882353,query_1,170,0.03816793893129771,True,GO:BP,131,12886,8
"""The directed movement of dopamine into, out of or within a cell, or between cells, by means of some agent such as a transporter or pore. Dopamine is a catecholamine neurotransmitter and a metabolic precursor of noradrenaline and adrenaline."" [GOC:ai]",20972,14864,3,"[[], [], [], [], [], [], [], [], [], [], [], [], [], [], [], [], [], [], [], [], [], [], [], [], [], [], [], [], [], [], [], [], [], [], ['ISS', 'IBA', 'IC', 'IEA'], [], [], [], [], [], [], [], [], [], [], [], [], [], [], [], [], [], [], [], [], [], [], [], [], [], [], [], [], ['IEA'], [], [], [], [], ['IEA'], [], [], [], [], [], [], [], [], [], [], [], [], [], [], [], [], [], [], [], [], [], [], [], [], [], [], [], [], [], [], [], [], [], [], [], [], [], [], [], [], [], [], [], [], [], [], [], [], [], [], [], [], [], [], [], [], [], [], [], [], [], [], [], [], [], [], [], [], [], [], [], [], [], [], [], [], [], [], [], [], [], [], [], [], [], [], [], [], [], [], [], [], [], [], [], [], [], [], [], [], [], [], [], [], [], [], [], [], [], []]",dopamine transport,GO:0015872,0.03982423396637398,['GO:0051937'],0.01764705882352941,query_1,170,0.07317073170731707,True,GO:BP,41,4741,1
"""The process of gaseous exchange between an organism and its environment. In plants, microorganisms, and many small animals, air or water makes direct contact with the organism's cells or tissue fluids, and the processes of diffusion supply the organism with dioxygen (O2) and remove carbon dioxide (CO2). In larger animals the efficiency of gaseous exchange is improved by specialized respiratory organs, such as lungs and gills, which are ventilated by breathing mechanisms."" [ISBN:0198506732]",20972,13030,4,"[[], [], [], [], [], [], [], [], [], [], [], [], [], [], [], [], [], [], [], [], [], [], [], [], [], [], [], [], [], [], [], [], [], [], [], [], [], ['ISS', 'IEA'], [], [], [], [], [], [], [], [], [], [], [], [], [], [], [], [], [], [], [], [], [], [], [], [], [], [], [], [], [], [], [], [], [], [], [], [], [], [], [], [], [], [], [], [], [], [], [], [], [], [], [], [], [], [], [], ['IEA'], [], [], [], [], [], [], [], [], [], [], [], [], [], [], [], [], [], [], [], [], [], [], [], [], [], [], [], [], ['IEA'], [], [], [], [], [], [], [], [], [], [], [], [], [], [], [], [], [], [], [], [], [], [], [], [], [], [], [], [], [], [], [], [], [], [], [], [], [], [], [], [], [], [], [], [], ['ISS'], [], [], [], [], [], [], [], [], [], [], []]",respiratory gaseous exchange by respiratory system,GO:0007585,0.03982423396637398,['GO:0032501'],0.023529411764705882,query_1,170,0.04878048780487805,True,GO:BP,82,2907,1
"""A circulatory system process carried out by the heart. The heart is a hollow, muscular organ, which, by contracting rhythmically, keeps up the circulation of the blood. The heart is a hollow, muscular organ, which, by contracting rhythmically, keeps up the circulation of the blood."" [GOC:mtg_cardio]",20972,11540,7,"[[], [], [], [], [], [], [], [], ['IEA'], [], [], [], [], [], [], [], [], [], [], [], [], [], [], [], [], [], [], [], [], [], [], [], [], [], ['ISS', 'IEA'], [], [], [], [], ['IEA'], [], [], [], [], [], [], [], [], [], [], [], [], [], [], [], [], [], [], [], [], [], [], [], [], ['NAS'], [], [], [], [], [], [], [], [], ['ISS', 'IEA'], [], [], [], [], [], [], [], [], [], [], [], [], [], [], [], [], [], [], [], [], [], [], [], [], [], [], [], [], [], [], [], [], [], [], [], [], [], [], [], [], [], [], [], [], [], [], [], [], [], [], [], [], [], [], [], [], [], [], [], [], ['IEA'], [], [], [], [], [], [], [], [], [], [], [], [], [], [], [], [], [], [], [], [], [], [], [], [], [], [], [], [], [], ['IEA'], [], [], [], [], [], [], [], [], [], [], [], [], [], []]",heart process,GO:0003015,0.03982423396637398,['GO:0003013'],0.041176470588235294,query_1,170,0.027888446215139442,True,GO:BP,251,1417,1
"""The process in which a relatively unspecialized cell acquires specialized features of a mesenchymal cell. A mesenchymal cell is a loosely associated cell that is part of the connective tissue in an organism. Mesenchymal cells give rise to more mature connective tissue cell types."" [GOC:dph, GOC:jid]",20972,22286,7,"[[], [], [], [], [], [], [], [], [], [], [], [], [], [], [], [], [], [], [], [], [], [], [], [], [], [], [], [], [], [], [], [], [], [], [], [], [], [], [], ['IEA'], [], [], [], ['ISS'], [], [], [], [], [], [], [], [], [], [], [], [], [], [], [], [], [], [], [], [], [], [], [], [], [], [], [], [], [], ['ISS', 'IEA'], [], [], [], [], [], [], [], [], [], [], [], [], [], [], [], [], [], [], [], [], [], [], [], ['ISS'], [], [], [], [], [], [], [], [], [], [], [], [], [], [], [], [], [], ['ISS'], [], [], ['ISS', 'TAS', 'IEA'], [], [], [], [], [], [], [], [], [], [], [], [], [], [], [], [], [], [], [], [], [], [], [], [], [], [], [], [], [], [], [], [], [], [], [], [], [], [], [], [], [], [], [], [], [], [], [], [], [], ['IMP', 'IEA'], [], [], [], [], [], [], [], [], [], []]",mesenchymal cell differentiation,GO:0048762,0.04058137024958714,"['GO:0030154', 'GO:0060485']",0.041176470588235294,query_1,170,0.027777777777777776,True,GO:BP,252,12163,1
"""The process whose specific outcome is the progression of a mesenchymal tissue over time, from its formation to the mature structure. A mesenchymal tissue is made up of loosely packed stellate cells."" [GOC:dph]",20972,23807,8,"[[], [], [], [], [], [], [], [], [], [], [], [], [], [], [], [], [], [], [], [], [], [], [], [], [], [], [], [], [], [], [], [], [], [], [], [], [], [], [], ['IEA'], [], [], [], ['ISS'], [], [], [], [], [], [], [], [], [], [], [], [], [], [], [], [], [], [], [], [], [], [], [], [], [], [], [], [], [], ['ISS', 'IEA'], [], [], [], [], [], [], [], [], [], [], [], [], [], [], [], [], [], [], [], [], [], [], [], ['ISS'], [], [], [], [], [], [], [], [], [], [], [], [], [], [], [], [], [], ['ISS'], [], [], ['ISS', 'TAS', 'IEA'], [], [], [], [], [], [], [], [], [], [], ['IEA'], [], [], [], [], [], [], [], [], [], [], [], [], [], [], [], [], [], [], [], [], [], [], [], [], [], [], [], [], [], [], [], [], [], [], [], [], [], [], ['IMP', 'IEA'], [], [], [], [], [], [], [], [], [], []]",mesenchyme development,GO:0060485,0.04061723866619176,"['GO:0009888', 'GO:0048513']",0.047058823529411764,query_1,170,0.025078369905956112,True,GO:BP,319,13684,1
"""Any process that results in a change in state or activity of a cell or an organism (in terms of movement, secretion, enzyme production, gene expression, etc.) as a result of a light stimulus, electromagnetic radiation of wavelengths classified as infrared, visible or ultraviolet light."" [GOC:go_curators, ISBN:0582227089]",20972,13447,8,"[[], [], [], [], [], [], [], [], [], [], [], [], [], [], [], [], [], [], [], [], [], [], [], [], [], [], [], [], [], [], [], [], [], [], ['ISS', 'IEA'], [], [], [], [], [], [], [], [], [], [], [], [], [], [], [], [], ['IDA'], [], [], [], [], [], [], [], [], [], [], ['IEA'], [], [], [], [], ['IEA'], [], [], ['ISS'], [], [], [], [], [], [], [], [], [], [], [], [], [], [], [], [], [], [], [], [], [], [], [], [], ['IDA'], [], [], [], [], [], [], [], [], [], [], [], [], [], [], [], [], [], [], [], [], [], [], [], [], [], [], [], [], [], [], [], [], [], [], [], [], [], [], [], [], [], ['IEA'], [], [], [], [], [], [], [], [], [], [], [], [], [], [], [], [], [], [], [], [], [], [], [], ['ISS'], [], [], [], [], [], [], [], [], [], [], [], [], [], [], [], [], []]",response to light stimulus,GO:0009416,0.04061723866619176,['GO:0009314'],0.047058823529411764,query_1,170,0.025078369905956112,True,GO:BP,319,3324,1
"""The chemical reactions and pathways involving dopamine, a catecholamine neurotransmitter and a metabolic precursor of noradrenaline and adrenaline."" [GOC:jl, ISBN:0198506732]",20972,19629,3,"[[], [], [], [], [], [], [], [], [], [], [], [], [], [], [], [], [], [], [], [], [], [], [], [], [], [], [], [], [], [], [], [], [], [], ['IC', 'IEA'], [], [], [], [], [], [], [], [], [], [], [], [], [], [], [], [], [], [], [], [], [], [], [], [], [], [], [], ['IEA'], [], [], [], [], [], [], [], [], [], [], [], [], [], [], [], [], [], [], [], [], [], [], [], [], [], [], [], [], [], [], [], [], [], [], [], [], [], [], [], [], [], [], [], [], [], [], [], [], [], [], [], [], [], [], [], [], [], [], [], [], [], [], [], [], [], [], [], [], [], [], [], [], [], [], [], [], [], [], [], [], [], [], [], [], [], [], [], [], [], [], [], [], [], ['IEA'], [], [], [], [], [], [], [], [], [], [], [], [], [], [], [], [], [], [], [], [], [], []]",dopamine metabolic process,GO:0042417,0.041616224173396,['GO:0006584'],0.01764705882352941,query_1,170,0.07142857142857142,True,GO:BP,42,9506,3
"""The change in form (cell shape and size) that occurs during the differentiation of an endothelial cell."" [GOC:ascb_2009, GOC:dph, GOC:tb]",20972,10623,2,"[[], [], [], [], [], [], [], [], [], [], [], [], [], [], [], [], [], [], [], [], [], [], [], [], [], [], [], [], [], [], [], [], [], [], [], [], [], [], [], [], [], [], [], [], [], [], [], [], [], [], [], [], [], [], [], [], [], [], [], [], [], [], [], [], [], [], [], [], [], [], [], [], [], [], [], [], [], [], [], [], [], [], [], [], [], [], [], [], [], [], [], [], [], [], ['ISS'], [], [], [], ['IDA'], [], [], [], [], [], [], [], [], [], [], [], [], [], [], [], [], [], [], [], [], [], [], [], [], [], [], [], [], [], [], [], [], [], [], [], [], [], [], [], [], [], [], [], [], [], [], [], [], [], [], [], [], [], [], [], [], [], [], [], [], [], [], [], [], [], [], [], [], [], [], [], [], [], [], [], [], [], [], [], []]",endothelial cell morphogenesis,GO:0001886,0.041616224173396,"['GO:0001885', 'GO:0003382']",0.011764705882352941,query_1,170,0.15384615384615385,True,GO:BP,13,500,20
"""The progression of the eyelid in a camera-type eye from its formation to the mature state. The eyelid is a membranous cover that helps protect and lubricate the eye."" [GOC:dph, GOC:yaf]",20972,24215,2,"[[], [], [], [], [], [], [], [], [], [], [], [], [], [], [], [], [], [], [], [], [], [], [], [], [], [], [], [], [], [], [], [], [], [], [], [], [], [], [], [], [], [], [], [], [], [], [], [], [], [], [], [], [], [], [], [], [], [], [], [], [], [], [], [], [], [], [], [], [], [], [], [], [], [], [], [], [], [], [], [], [], [], [], [], [], [], [], [], [], [], [], [], [], [], [], [], [], [], [], [], [], [], [], [], [], [], [], [], [], [], [], [], [], [], [], [], [], [], [], [], [], [], [], [], [], [], [], [], [], ['IEA'], [], [], [], [], [], [], [], [], [], [], [], [], [], [], [], [], [], [], [], [], [], [], [], [], [], [], [], [], [], [], [], [], [], [], [], [], [], [], ['IMP'], [], [], [], [], [], [], [], [], [], []]",eyelid development in camera-type eye,GO:0061029,0.041616224173396,"['GO:0043010', 'GO:0048856']",0.011764705882352941,query_1,170,0.15384615384615385,True,GO:BP,13,14092,1
"""Any process that results in a change in state or activity of a cell or an organism (in terms of movement, secretion, enzyme production, gene expression, etc.) as a result of a fluid shear stress stimulus. Fluid shear stress is the force acting on an object in a system where the fluid is moving across a solid surface."" [GOC:sl]",20972,18169,3,"[[], [], ['IDA'], [], [], [], [], [], [], [], [], [], [], [], [], [], [], [], [], [], [], [], [], [], [], [], [], [], [], [], [], [], [], [], [], [], [], [], [], [], [], [], [], [], [], [], [], [], [], [], [], [], [], [], [], [], [], [], [], [], [], [], [], [], [], [], [], [], [], [], [], [], [], [], [], [], [], [], [], [], [], [], [], [], [], [], [], [], [], [], [], [], [], [], [], [], [], ['ISS'], [], [], [], [], [], [], [], [], [], [], [], [], [], [], [], [], [], [], [], [], [], [], [], [], [], [], [], [], [], [], [], [], [], ['IEA'], [], [], [], [], [], [], [], [], [], [], [], [], [], [], [], [], [], [], [], [], [], [], [], [], [], [], [], [], [], [], [], [], [], [], [], [], [], [], [], [], [], [], [], [], [], [], []]",response to fluid shear stress,GO:0034405,0.041616224173396,['GO:0006950'],0.01764705882352941,query_1,170,0.07142857142857142,True,GO:BP,42,8046,21
"""Any process that results in a change in state or activity of a cell (in terms of movement, secretion, enzyme production, gene expression, etc.) as a result of a stimulus reflecting an increase in the level of oxygen."" [GOC:al]",20972,19046,2,"[[], [], [], [], [], [], [], [], [], ['IDA'], [], [], [], [], [], [], [], [], [], [], [], [], [], [], [], [], [], [], [], [], [], [], [], [], [], [], [], [], [], [], [], [], [], [], [], [], [], [], [], [], [], [], [], [], ['IDA'], [], [], [], [], [], [], [], [], [], [], [], [], [], [], [], [], [], [], [], [], [], [], [], [], [], [], [], [], [], [], [], [], [], [], [], [], [], [], [], [], [], [], [], [], [], [], [], [], [], [], [], [], [], [], [], [], [], [], [], [], [], [], [], [], [], [], [], [], [], [], [], [], [], [], [], [], [], [], [], [], [], [], [], [], [], [], [], [], [], [], [], [], [], [], [], [], [], [], [], [], [], [], [], [], [], [], [], [], [], [], [], [], [], [], [], [], [], [], [], [], [], [], [], []]",cellular response to increased oxygen levels,GO:0036295,0.041616224173396,"['GO:0036296', 'GO:0071453']",0.011764705882352941,query_1,170,0.15384615384615385,True,GO:BP,13,8923,1
"""The regionalization process that creates areas within the forebrain that will direct the behavior of cell migration in differentiation as the telencephalon develops."" [GO_REF:0000021, GOC:cls, GOC:dgh, GOC:dph, GOC:jid, GOC:mgi_curators]",20972,16225,2,"[[], [], [], [], [], [], [], [], [], [], [], [], [], [], [], [], [], [], [], [], [], [], [], [], [], [], [], [], [], [], [], [], [], [], [], [], [], [], [], [], [], [], ['IEA'], [], [], [], [], [], [], [], [], [], [], [], [], [], [], [], [], [], [], [], [], [], [], [], [], [], [], [], [], [], [], [], [], [], [], [], [], [], [], [], [], [], [], [], [], [], [], [], [], [], [], [], [], [], [], [], [], [], [], [], [], [], [], [], [], [], [], [], [], [], [], [], [], [], [], [], [], [], [], [], [], [], [], [], [], [], [], [], [], [], [], [], [], [], [], [], [], [], [], [], [], [], [], [], [], [], [], ['ISS'], [], [], [], [], [], [], [], [], [], [], [], [], [], [], [], [], [], [], [], [], [], [], [], [], [], [], [], [], []]",telencephalon regionalization,GO:0021978,0.041616224173396,"['GO:0003002', 'GO:0021537', 'GO:0021871']",0.011764705882352941,query_1,170,0.15384615384615385,True,GO:BP,13,6102,1
"""The progression of the pituitary gland over time from its initial formation until its mature state. The pituitary gland is an endocrine gland that secretes hormones that regulate many other glands."" [GO_REF:0000021, GOC:cls, GOC:dgh, GOC:dph, GOC:jid]",20972,16230,3,"[[], [], [], [], [], [], [], [], [], [], [], [], [], [], [], [], [], [], [], [], [], [], [], [], [], [], [], [], [], [], [], [], [], [], ['ISS', 'IEA'], [], [], [], [], [], [], [], [], [], [], [], [], [], [], [], [], [], [], [], [], [], [], [], [], [], [], [], [], [], [], [], [], [], [], [], [], [], [], ['IEA'], [], [], [], [], [], [], [], [], [], [], [], [], [], [], [], [], [], [], [], [], [], [], [], [], [], [], [], [], [], [], [], [], [], [], [], [], [], [], [], [], [], [], [], [], [], [], [], [], [], [], [], [], [], [], [], [], [], [], [], [], [], [], [], [], [], [], [], [], [], [], [], [], [], [], [], ['ISS'], [], [], [], [], [], [], [], [], [], [], [], [], [], [], [], [], [], [], [], [], [], [], [], [], [], [], [], [], []]",pituitary gland development,GO:0021983,0.041616224173396,"['GO:0021536', 'GO:0035270', 'GO:0048732']",0.01764705882352941,query_1,170,0.07142857142857142,True,GO:BP,42,6107,22
"""Any process in which a macromolecule is transported to, or maintained in, a specific location."" [GOC:mah]",20972,17603,36,"[['IBA'], [], ['IDA', 'IMP', 'IGI', 'ISS', 'IBA', 'TAS', 'IEA'], [], [], [], [], [], [], ['IEA'], [], [], [], [], ['IEA'], [], ['IEA'], ['IBA', 'NAS'], ['IEA'], [], [], [], [], [], [], [], [], [], [], [], [], [], [], [], ['IDA', 'ISS', 'IEA'], [], ['IMP'], [], [], ['IEA'], [], [], [], ['IDA'], [], [], [], [], [], [], [], ['ISS'], [], [], ['ISS', 'IEA'], [], [], [], [], [], [], [], ['IEA'], [], ['IEA'], [], [], [], ['IEA'], [], [], [], [], ['IDA'], [], [], [], ['ISS'], ['ISS'], [], [], [], [], [], [], [], [], [], [], ['IMP', 'TAS'], [], [], ['IBA', 'IEA'], [], [], [], [], [], [], [], [], [], [], [], [], ['IDA', 'IC'], [], [], [], [], [], [], [], [], [], ['IEA'], ['IEA'], [], [], [], ['IDA'], [], [], [], [], [], [], [], [], ['IDA', 'IMP'], [], ['IEA'], [], ['IMP', 'ISS', 'IEA'], [], [], [], [], [], [], [], [], [], [], [], [], ['IBA'], [], [], [], [], [], ['ISS', 'IEA'], [], ['IEA'], [], [], [], [], ['IBA', 'TAS', 'IEA'], [], [], [], ['IEA'], [], [], [], [], [], [], ['IDA', 'ISS', 'IBA', 'IEA'], [], ['IEA'], [], [], ['IEA'], [], [], []]",macromolecule localization,GO:0033036,0.041616224173396,['GO:0051179'],0.21176470588235294,query_1,170,0.012517385257301807,True,GO:BP,2876,7480,1
"""Any process that activates or increases the frequency, rate or extent of exocytosis."" [GOC:go_curators]",20972,21061,4,"[[], [], [], [], [], [], [], [], [], [], [], [], [], [], [], [], ['IBA'], [], [], [], [], [], [], [], [], [], [], [], [], [], [], [], [], ['IBA'], [], [], [], [], [], [], [], [], [], [], [], [], [], [], [], [], [], [], [], [], [], [], [], [], [], [], [], [], [], [], [], [], [], [], [], [], [], [], [], [], [], [], [], [], [], [], [], [], [], [], [], [], [], [], [], [], [], [], [], [], [], [], [], [], [], [], [], [], [], [], [], [], [], [], [], [], [], [], [], [], [], [], [], [], [], [], [], [], [], [], [], [], [], [], [], [], [], [], [], [], [], [], [], [], [], [], [], [], [], [], [], [], [], [], [], [], [], [], [], [], [], [], [], [], [], ['ISS'], [], [], [], [], [], [], [], [], [], [], [], [], ['IEA'], [], [], [], [], [], []]",positive regulation of exocytosis,GO:0045921,0.04177684026843717,"['GO:0006887', 'GO:0017157', 'GO:1903532']",0.023529411764705882,query_1,170,0.047619047619047616,True,GO:BP,84,10938,1
"""The characteristic movement of an immature neuron from germinal zones to specific positions where they will reside as they mature."" [CL:0000540, GOC:go_curators]",20972,10540,6,"[[], [], [], [], [], [], [], [], [], [], [], [], [], [], [], [], [], [], [], [], ['ISS'], [], [], [], [], [], [], [], [], [], [], [], [], [], ['ISS', 'IEA'], [], [], [], [], [], [], [], [], [], [], [], [], [], [], [], [], [], ['IEA'], [], [], [], [], [], [], [], [], [], [], [], [], [], [], [], [], [], [], [], [], [], [], [], [], [], [], [], [], [], [], [], [], [], [], [], [], [], [], [], [], [], [], [], [], ['ISS'], [], [], [], [], [], [], [], [], [], [], [], [], [], [], [], [], [], [], [], [], [], [], [], [], [], [], [], [], [], [], [], [], [], [], [], [], [], [], [], [], [], [], [], [], [], [], [], ['IEA'], [], [], [], [], [], [], [], [], [], [], [], [], [], [], [], [], [], [], [], [], [], [], ['IEA'], [], [], [], [], [], [], [], [], [], []]",neuron migration,GO:0001764,0.04177684026843717,"['GO:0016477', 'GO:0048699']",0.03529411764705882,query_1,170,0.03125,True,GO:BP,192,417,1
"""A decrease in the diameter of blood vessels, especially arteries, due to constriction of smooth muscle cells that line the vessels, and usually causing an increase in blood pressure."" [GOC:pr, ISBN:0192800752]",20972,19557,4,"[[], [], [], [], [], [], [], [], ['IEA'], [], [], [], [], [], [], [], [], [], [], [], [], [], [], [], [], [], [], [], [], [], [], [], [], [], [], [], [], [], [], ['IMP', 'IBA', 'IEA'], [], [], [], [], [], [], [], [], [], [], [], [], [], [], [], [], [], [], [], [], [], [], [], [], [], [], [], ['IEA'], ['IEA'], [], [], [], [], [], [], [], [], [], [], [], [], [], [], [], [], [], [], [], [], [], [], [], [], [], [], [], [], [], [], [], [], [], [], [], [], [], [], [], [], [], [], [], [], [], [], [], [], [], [], [], [], [], [], [], [], [], [], [], [], [], [], [], [], [], [], [], [], [], [], [], [], [], [], [], [], [], [], [], [], [], [], [], [], [], [], [], [], [], [], [], [], [], [], [], [], [], [], [], [], [], [], [], [], [], [], [], [], [], []]",vasoconstriction,GO:0042310,0.04177684026843717,['GO:0097746'],0.023529411764705882,query_1,170,0.047619047619047616,True,GO:BP,84,9434,23
"""Any process that stops, prevents, or reduces the frequency, rate or extent of the regulated release of insulin."" [GOC:ai]",20972,21592,3,"[[], [], [], [], [], [], [], [], [], [], [], [], [], [], [], [], [], [], [], [], [], [], [], [], [], [], [], [], [], [], [], [], [], [], ['IEA'], [], [], [], [], [], [], [], [], [], [], [], [], [], [], [], [], [], [], [], ['ISS', 'IEA'], [], [], [], [], [], [], [], [], [], [], [], [], [], [], [], [], [], [], [], [], [], [], [], [], [], [], [], [], [], [], [], [], [], [], [], [], [], [], [], [], [], [], [], [], [], [], [], [], [], [], [], [], [], [], [], [], [], [], [], [], [], [], [], [], [], [], [], [], [], [], [], [], [], [], [], [], [], [], [], [], [], [], [], [], [], [], [], [], [], [], [], [], [], [], [], [], [], [], [], [], [], [], [], [], [], [], [], [], [], [], [], [], [], [], [], [], [], ['IEA'], [], [], [], [], [], []]",negative regulation of insulin secretion,GO:0046676,0.04309488279568904,"['GO:0030073', 'GO:0050709', 'GO:0050796', 'GO:0090278']",0.01764705882352941,query_1,170,0.06976744186046512,True,GO:BP,43,11469,1
"""Any process that modulates the frequency, rate or extent of the inflammatory response, the immediate defensive reaction (by vertebrate tissue) to infection or injury caused by chemical or physical agents."" [GOC:ai]",20972,22490,9,"[[], [], [], [], [], [], [], [], [], [], [], [], [], [], [], [], [], [], [], [], [], [], [], [], [], [], [], [], [], [], [], [], [], [], [], [], [], [], [], ['IEA'], [], [], [], [], [], [], [], [], [], [], [], [], [], [], [], [], [], [], [], [], [], [], [], [], [], [], [], [], ['IEA'], [], [], [], [], ['ISS', 'IEA'], [], [], [], [], [], [], [], [], [], [], [], [], [], [], [], ['ISS', 'IC', 'IEA'], [], ['IDA'], [], [], [], ['IMP'], [], [], [], [], [], ['ISS', 'IEA'], [], [], [], [], [], [], [], ['IDA', 'ISS', 'IBA', 'IEA'], [], [], [], [], [], [], [], [], [], [], [], [], [], [], [], [], [], [], [], [], [], ['ISS', 'NAS', 'IEA'], [], [], [], [], [], [], [], [], [], [], [], [], [], [], [], [], [], [], [], [], [], [], [], [], [], [], [], [], [], [], [], [], [], [], [], [], [], [], [], [], [], [], [], [], [], [], []]",regulation of inflammatory response,GO:0050727,0.04309488279568904,"['GO:0006954', 'GO:0031347', 'GO:0032101']",0.052941176470588235,query_1,170,0.02278481012658228,True,GO:BP,395,12367,1
"""The process whose specific outcome is the progression of the stem cell over time, from its formation to the mature structure. Cell development does not include the steps involved in committing a cell to its specific fate."" [CL:0000034, GOC:isa_complete]",20972,22377,4,"[[], [], [], [], [], [], [], [], [], [], [], [], [], [], [], [], [], [], [], [], [], [], [], [], [], [], [], [], [], [], [], [], [], [], [], [], [], [], [], ['IEA'], [], [], [], [], [], [], [], [], [], [], [], [], [], [], [], [], [], [], [], [], [], [], [], [], [], [], [], [], [], [], [], [], [], ['IEA'], [], [], [], [], [], [], [], [], [], [], [], [], [], [], [], [], [], [], [], [], [], [], [], [], [], [], [], [], [], [], [], [], [], [], [], [], [], [], [], [], [], [], [], [], ['IEA'], [], [], [], [], [], [], [], [], [], [], [], [], [], [], [], [], [], [], [], [], [], [], [], [], [], [], [], [], [], [], [], [], [], [], [], [], [], [], [], [], [], [], [], [], [], [], [], [], [], ['IEA'], [], [], [], [], [], [], [], [], [], []]",stem cell development,GO:0048864,0.04309488279568904,"['GO:0048468', 'GO:0048863']",0.023529411764705882,query_1,170,0.047058823529411764,True,GO:BP,85,12254,1
"""Development of a photoreceptor, a sensory cell in the eye that reacts to the presence of light. They usually contain a pigment that undergoes a chemical change when light is absorbed, thus stimulating a nerve."" [GOC:jl, ISBN:0192800981]",20972,19666,3,"[[], [], [], [], [], [], [], [], [], [], [], [], [], [], [], [], [], [], [], [], [], [], [], [], [], [], [], [], [], [], [], [], [], [], [], [], [], [], [], [], [], [], [], [], [], [], [], [], [], [], [], [], [], [], [], [], [], [], [], [], [], [], [], [], ['IEA'], [], [], [], [], [], [], [], [], [], [], [], [], [], [], [], [], [], [], [], [], [], [], [], [], [], [], [], [], [], [], [], [], [], [], [], [], [], [], [], [], [], [], [], [], [], [], [], [], [], [], [], [], [], [], [], [], [], [], [], [], [], [], [], [], [], [], [], [], [], [], [], [], [], [], [], ['ISS', 'IEA'], [], [], [], [], [], [], [], [], [], [], [], [], [], [], [], [], [], [], [], [], [], [], [], ['IEA'], [], [], [], [], [], [], [], [], [], [], [], [], [], []]",eye photoreceptor cell development,GO:0042462,0.04309488279568904,"['GO:0001754', 'GO:0042461']",0.01764705882352941,query_1,170,0.06976744186046512,True,GO:BP,43,9543,1
"""The developmental process pertaining to the initial formation of an epithelial tube."" [GOC:mtg_kidney_jan10]",20972,26169,5,"[[], [], [], [], [], [], [], [], [], [], [], [], [], [], [], [], [], [], [], [], [], [], [], [], [], [], [], [], [], [], [], [], [], [], [], [], [], [], [], [], [], [], [], [], [], [], [], [], [], [], [], [], [], [], [], [], [], [], [], [], [], [], [], [], [], [], [], [], [], [], [], [], ['IEA'], [], [], [], [], [], [], [], [], [], [], [], [], [], [], [], ['ISS', 'IEA'], [], [], [], [], [], [], [], [], [], [], [], [], [], [], [], [], [], [], [], [], [], [], [], [], [], [], [], [], [], ['IEA'], [], [], [], [], [], [], [], [], [], [], ['IMP', 'IEA'], [], [], [], [], [], [], [], [], [], [], [], [], [], [], [], [], [], [], [], [], [], [], [], [], [], [], [], [], [], [], [], [], [], [], [], [], [], [], ['IEA'], [], [], [], [], [], [], [], [], [], []]",epithelial tube formation,GO:0072175,0.04309488279568904,"['GO:0035148', 'GO:0060562']",0.029411764705882353,query_1,170,0.03676470588235294,True,GO:BP,136,16046,1
"""The specific behavior of an organism that recurs with a regularity of approximately 24 hours."" [GOC:bf, GOC:go_curators, GOC:pr]",20972,22071,3,"[[], [], [], [], [], [], [], [], [], [], [], [], [], [], [], [], [], [], [], [], [], [], [], [], [], [], [], [], [], [], [], [], [], [], ['IEA'], [], [], [], [], [], [], [], [], [], [], [], [], [], [], [], [], [], [], [], [], [], [], [], [], [], [], [], [], [], [], [], [], [], [], [], ['ISS'], [], [], [], [], [], [], [], [], [], [], [], [], [], [], [], [], [], [], [], [], [], [], [], [], [], [], [], [], [], [], [], [], [], [], [], [], [], [], [], [], [], [], [], [], [], [], [], [], [], [], [], [], [], [], [], [], [], [], [], [], [], [], [], [], [], [], [], [], [], [], [], [], [], [], [], [], [], [], [], [], [], [], [], [], [], [], [], [], [], [], [], [], [], [], [], [], [], [], [], [], [], [], [], [], [], [], ['ISS'], []]",circadian behavior,GO:0048512,0.04309488279568904,"['GO:0007622', 'GO:0007623']",0.01764705882352941,query_1,170,0.06976744186046512,True,GO:BP,43,11948,1
"""The chemical reactions and pathways occurring at the level of individual cells involving any of a group of naturally occurring, biologically active amines, such as norepinephrine, histamine, and serotonin, many of which act as neurotransmitters."" [GOC:jl, ISBN:0395825172]",20972,12302,4,"[[], [], [], [], [], [], [], [], [], [], [], [], [], [], [], [], [], [], [], [], [], [], [], [], [], [], [], [], [], [], [], [], [], [], ['IC', 'IEA'], [], [], [], [], [], [], [], [], [], [], [], [], [], [], [], [], [], [], [], [], [], [], [], [], [], [], [], ['IEA'], [], [], [], [], [], [], [], [], [], [], [], [], [], [], [], [], [], [], [], [], [], [], [], [], [], [], [], [], [], [], [], [], [], [], [], [], [], [], [], [], [], [], [], [], [], [], [], [], [], [], [], [], [], [], [], [], [], [], [], [], [], [], [], [], [], [], [], [], [], [], [], [], [], [], [], [], [], [], [], [], [], [], [], [], [], [], [], [], [], [], [], [], ['IEA'], ['IEA'], [], [], [], [], [], [], [], [], [], [], [], [], [], [], [], [], [], [], [], [], [], []]",biogenic amine metabolic process,GO:0006576,0.04460850897138826,['GO:0009308'],0.023529411764705882,query_1,170,0.046511627906976744,True,GO:BP,86,2179,3
"""The series of events required for an organism to receive a sensory mechanical stimulus, convert it to a molecular signal, and recognize and characterize the signal. This is a neurological process."" [GOC:ai]",20972,22656,6,"[[], [], [], [], [], [], [], [], [], [], [], [], [], [], [], [], [], [], [], [], [], [], [], [], [], [], [], [], [], [], [], [], [], [], [], [], [], [], [], [], [], [], [], [], [], [], [], [], [], [], [], [], [], [], [], [], [], [], [], [], [], [], [], [], [], [], [], [], ['IEA'], [], [], [], [], [], [], [], [], [], [], [], [], [], [], [], [], [], ['IBA'], [], [], [], [], [], [], [], [], [], [], [], [], [], [], [], [], [], [], [], [], [], [], [], [], [], ['IEA'], [], [], [], [], ['IBA', 'IEA'], [], [], [], [], [], [], [], [], [], [], [], [], [], [], [], [], [], [], [], [], [], [], [], [], [], [], [], [], [], [], [], [], [], [], ['TAS'], [], [], [], [], [], [], [], [], [], [], [], ['IEA'], [], [], [], [], [], [], [], [], [], [], [], [], [], []]",sensory perception of mechanical stimulus,GO:0050954,0.04501022327569836,['GO:0007600'],0.03529411764705882,query_1,170,0.030612244897959183,True,GO:BP,196,12533,24
"""The series of molecular signals initiated by activation of a ligand-gated ion channel on the surface of a cell. The pathway begins with binding of an extracellular ligand to a ligand-gated ion channel and ends with a molecular function that directly regulates a downstream cellular process, e.g. transcription."" [GOC:bhm, PMID:25869137]",20972,33573,3,"[[], [], [], [], [], [], [], [], [], [], [], [], [], [], [], [], [], [], [], [], [], [], [], [], [], [], [], [], [], [], [], [], [], [], [], [], [], [], [], [], [], [], [], [], [], [], [], [], [], [], [], [], [], [], [], [], [], [], [], [], [], [], ['ISS', 'ISO', 'IEA'], [], [], [], [], [], [], ['IDA', 'IEA'], [], [], [], [], [], [], [], [], [], [], [], [], [], [], [], [], [], [], [], [], [], [], [], [], [], [], [], ['ISS'], [], [], [], [], [], [], [], [], [], [], [], [], [], [], [], [], [], [], [], [], [], [], [], [], [], [], [], [], [], [], [], [], [], [], [], [], [], [], [], [], [], [], [], [], [], [], [], [], [], [], [], [], [], [], [], [], [], [], [], [], [], [], [], [], [], [], [], [], [], [], [], [], [], [], [], [], [], [], [], [], []]",ligand-gated ion channel signaling pathway,GO:1990806,0.045630374279714545,['GO:0007165'],0.01764705882352941,query_1,170,0.06818181818181818,True,GO:BP,44,23450,1
"""A process carried out by the nervous system that is required for the proper control of respiratory gaseous exchange. This process occurs in the respiratory center of the brain in vertebrates."" [GOC:dph, GOC:tb, PMID:12458206]",20972,10777,2,"[[], [], [], [], [], [], [], [], [], [], [], [], [], [], [], [], [], [], [], [], [], [], [], [], [], [], [], [], [], [], [], [], [], [], [], [], [], [], [], [], [], [], [], [], [], [], [], [], [], [], [], [], [], [], [], [], [], [], [], [], [], [], [], [], [], [], [], [], [], [], [], [], [], [], [], [], [], [], [], [], [], [], [], [], [], [], [], [], [], [], [], [], [], [], [], [], [], [], [], [], [], [], [], [], [], [], [], [], [], [], [], [], [], [], [], [], [], [], [], [], [], [], ['IEA'], [], [], [], [], [], [], [], [], [], [], [], [], [], [], [], [], [], [], [], [], [], [], [], [], [], [], [], [], [], [], [], [], [], [], [], [], [], [], [], [], [], [], [], [], ['ISS'], [], [], [], [], [], [], [], [], [], [], []]",regulation of respiratory gaseous exchange by nervous system process,GO:0002087,0.04614833606193868,"['GO:0044065', 'GO:0050877']",0.011764705882352941,query_1,170,0.14285714285714285,True,GO:BP,14,654,1
"""The series of events involved in the perception of pain in which a mechanical stimulus is received and converted into a molecular signal."" [GOC:ai, GOC:dos]",20972,22666,2,"[[], [], [], [], [], [], [], [], [], [], [], [], [], [], [], [], [], [], [], [], [], [], [], [], [], [], [], [], [], [], [], [], [], [], [], [], [], [], [], [], [], [], [], [], [], [], [], [], [], [], [], [], [], [], [], [], [], [], [], [], [], [], [], [], [], [], [], [], ['IEA'], [], [], [], [], [], [], [], [], [], [], [], [], [], [], [], [], [], [], [], [], [], [], [], [], [], [], [], [], [], [], [], [], [], [], [], [], [], [], [], [], [], [], [], ['IEA'], [], [], [], [], [], [], [], [], [], [], [], [], [], [], [], [], [], [], [], [], [], [], [], [], [], [], [], [], [], [], [], [], [], [], [], [], [], [], [], [], [], [], [], [], [], [], [], [], [], [], [], [], [], [], [], [], [], [], [], [], [], [], [], [], [], []]",detection of mechanical stimulus involved in sensory perception of pain,GO:0050966,0.04614833606193868,"['GO:0019233', 'GO:0050974']",0.011764705882352941,query_1,170,0.14285714285714285,True,GO:BP,14,12543,25
"""The process in which the anatomical structures of a dendrite are generated and organized."" [GOC:aruk, GOC:bc, GOC:jl, ISBN:0198506732, PMID:22683681]",20972,22331,5,"[[], [], [], [], [], [], [], [], [], [], [], [], [], [], [], [], [], [], [], [], [], [], [], [], [], [], [], [], [], ['ISS', 'IEA'], [], [], [], [], [], ['IEA'], [], [], [], [], [], ['IEA'], [], [], [], [], [], [], [], [], [], [], [], [], [], [], [], [], [], [], [], [], [], [], [], ['IBA'], [], [], [], [], [], [], [], [], ['IEA'], [], [], [], [], [], [], [], [], [], [], [], [], [], [], [], [], [], [], [], [], [], [], [], [], [], [], [], [], [], [], [], [], [], [], [], [], [], [], [], [], [], [], [], [], [], [], [], [], [], [], [], [], [], [], [], [], [], [], [], [], [], [], [], [], [], [], [], [], [], [], [], [], [], [], [], [], [], [], [], [], [], [], [], [], [], [], [], [], [], [], [], [], [], [], [], [], [], [], [], [], [], [], [], []]",dendrite morphogenesis,GO:0048813,0.04614833606193868,"['GO:0016358', 'GO:0048667', 'GO:0048812']",0.029411764705882353,query_1,170,0.03597122302158273,True,GO:BP,139,12208,1
"""The regulated release of growth hormone from secretory granules into the blood."" [GOC:mah]",20972,16427,2,"[[], [], [], [], [], [], [], [], [], [], [], [], [], [], [], [], [], [], [], [], [], [], [], [], [], [], [], [], [], [], [], [], [], [], ['ISS', 'IEA'], [], [], [], [], [], [], [], [], [], [], [], [], [], [], [], [], [], [], [], [], [], [], [], [], [], [], [], [], [], [], [], [], [], [], [], [], [], [], [], ['IEA'], [], [], [], [], [], [], [], [], [], [], [], [], [], [], [], [], [], [], [], [], [], [], [], [], [], [], [], [], [], [], [], [], [], [], [], [], [], [], [], [], [], [], [], [], [], [], [], [], [], [], [], [], [], [], [], [], [], [], [], [], [], [], [], [], [], [], [], [], [], [], [], [], [], [], [], [], [], [], [], [], [], [], [], [], [], [], [], [], [], [], [], [], [], [], [], [], [], [], [], [], [], [], [], []]",growth hormone secretion,GO:0030252,0.04614833606193868,['GO:0030072'],0.011764705882352941,query_1,170,0.14285714285714285,True,GO:BP,14,6304,1
"""A reproductive behavior in which a parent cares for and rears offspring."" [GOC:dph]",20972,24000,2,"[[], [], [], [], [], [], [], [], [], [], [], [], [], [], [], [], [], [], [], [], [], [], [], [], [], [], [], [], [], [], [], [], [], [], [], [], [], [], [], [], [], [], [], [], [], [], [], [], [], [], [], [], [], [], [], [], [], [], [], [], [], [], [], [], ['IEA'], [], [], [], [], [], [], [], [], [], ['IEA'], [], [], [], [], [], [], [], [], [], [], [], [], [], [], [], [], [], [], [], [], [], [], [], [], [], [], [], [], [], [], [], [], [], [], [], [], [], [], [], [], [], [], [], [], [], [], [], [], [], [], [], [], [], [], [], [], [], [], [], [], [], [], [], [], [], [], [], [], [], [], [], [], [], [], [], [], [], [], [], [], [], [], [], [], [], [], [], [], [], [], [], [], [], [], [], [], [], [], [], [], [], [], [], []]",parental behavior,GO:0060746,0.04614833606193868,['GO:0019098'],0.011764705882352941,query_1,170,0.14285714285714285,True,GO:BP,14,13877,1
"""Female behaviors associated with the care and rearing of offspring."" [GOC:curators]",20972,19788,2,"[[], [], [], [], [], [], [], [], [], [], [], [], [], [], [], [], [], [], [], [], [], [], [], [], [], [], [], [], [], [], [], [], [], [], [], [], [], [], [], [], [], [], [], [], [], [], [], [], [], [], [], [], [], [], [], [], [], [], [], [], [], [], [], [], ['IEA'], [], [], [], [], [], [], [], [], [], ['IEA'], [], [], [], [], [], [], [], [], [], [], [], [], [], [], [], [], [], [], [], [], [], [], [], [], [], [], [], [], [], [], [], [], [], [], [], [], [], [], [], [], [], [], [], [], [], [], [], [], [], [], [], [], [], [], [], [], [], [], [], [], [], [], [], [], [], [], [], [], [], [], [], [], [], [], [], [], [], [], [], [], [], [], [], [], [], [], [], [], [], [], [], [], [], [], [], [], [], [], [], [], [], [], [], []]",maternal behavior,GO:0042711,0.04614833606193868,['GO:0060746'],0.011764705882352941,query_1,170,0.14285714285714285,True,GO:BP,14,9665,1
"""Locomotory behavior in a fully developed and mature organism."" [GOC:ai]",20972,13152,4,"[[], [], [], [], [], [], [], [], [], [], [], [], [], [], [], [], [], [], [], [], [], [], [], [], [], [], [], [], [], [], [], [], [], [], ['ISS', 'IEA'], [], [], [], [], [], [], [], [], [], [], [], [], [], [], [], [], [], [], [], [], [], [], [], [], [], [], [], [], [], [], [], [], [], [], [], [], [], [], [], ['IEA'], [], [], [], [], [], [], [], [], [], [], [], [], [], [], [], [], [], [], [], [], [], [], [], [], [], [], [], [], [], [], [], [], [], [], [], [], [], [], [], [], [], [], [], [], ['IEA'], [], [], ['IEA'], [], [], [], [], [], [], [], [], [], [], [], [], [], [], [], [], [], [], [], [], [], [], [], [], [], [], [], [], [], [], [], [], [], [], [], [], [], [], [], [], [], [], [], [], [], [], [], [], [], [], [], [], [], [], [], []]",adult locomotory behavior,GO:0008344,0.04719008384782321,"['GO:0007626', 'GO:0030534']",0.023529411764705882,query_1,170,0.045454545454545456,True,GO:BP,88,3029,1
"""The controlled release of a fluid by a cell or tissue in an animal."" [GOC:ai, GOC:dph, GOC:mah, GOC:tb]",20972,13033,4,"[[], [], [], [], [], [], [], [], [], [], [], [], [], [], [], [], [], [], [], [], [], [], [], [], [], [], [], [], [], [], [], [], [], [], [], [], [], [], [], [], [], [], [], [], [], [], [], [], [], [], [], [], [], [], [], [], [], [], [], [], [], [], [], [], [], [], [], [], [], [], [], [], [], [], ['IEA'], [], [], [], [], [], [], [], [], [], [], [], [], [], [], [], [], [], [], [], [], [], [], [], [], [], [], [], [], [], [], [], [], [], [], ['IEA'], [], [], [], [], [], [], [], [], [], [], [], [], [], [], [], [], [], [], [], ['IEA'], [], [], [], [], [], [], [], [], [], [], [], [], [], [], [], [], [], [], [], [], [], [], [], [], [], [], [], [], [], [], [], [], [], [], [], [], [], [], [], [], ['TAS'], [], [], [], [], [], [], [], []]",body fluid secretion,GO:0007589,0.04719008384782321,"['GO:0046903', 'GO:0050878']",0.023529411764705882,query_1,170,0.045454545454545456,True,GO:BP,88,2910,1
"""The cellular developmental process involved in cell fate commitment that occurs after cell fate specification, in which a cell is irreversibly committed to a cellular developmental fate which is heritable on cell division."" [ISBN:0878932437]",20972,10511,3,"[[], [], [], [], [], [], [], [], [], [], [], [], [], [], [], [], [], [], [], [], [], [], [], [], [], [], [], [], [], [], [], [], [], [], [], [], [], [], [], [], [], [], [], [], [], [], [], [], [], [], [], [], [], [], [], [], [], [], [], [], [], [], [], [], [], [], [], [], [], [], [], [], [], ['IDA', 'IEA'], [], [], [], [], [], [], [], [], [], [], [], [], [], [], [], [], [], [], [], [], [], [], [], ['ISS'], [], [], [], [], [], [], [], [], [], [], [], [], [], [], [], [], [], [], [], [], [], [], [], [], [], [], [], [], [], ['TAS'], [], [], [], [], [], [], [], [], [], [], [], [], [], [], [], [], [], [], [], [], [], [], [], [], [], [], [], [], [], [], [], [], [], [], [], [], [], [], [], [], [], [], [], [], [], [], [], [], [], [], []]",cell fate determination,GO:0001709,0.04741383335542379,"['GO:0045165', 'GO:0048869']",0.01764705882352941,query_1,170,0.06666666666666667,True,GO:BP,45,388,1
"""The specific behavior of an organism that recur with measured regularity."" [GOC:jl, GOC:pr]",20972,13062,3,"[[], [], [], [], [], [], [], [], [], [], [], [], [], [], [], [], [], [], [], [], [], [], [], [], [], [], [], [], [], [], [], [], [], [], ['IEA'], [], [], [], [], [], [], [], [], [], [], [], [], [], [], [], [], [], [], [], [], [], [], [], [], [], [], [], [], [], [], [], [], [], [], [], ['ISS'], [], [], [], [], [], [], [], [], [], [], [], [], [], [], [], [], [], [], [], [], [], [], [], [], [], [], [], [], [], [], [], [], [], [], [], [], [], [], [], [], [], [], [], [], [], [], [], [], [], [], [], [], [], [], [], [], [], [], [], [], [], [], [], [], [], [], [], [], [], [], [], [], [], [], [], [], [], [], [], [], [], [], [], [], [], [], [], [], [], [], [], [], [], [], [], [], [], [], [], [], [], [], [], [], [], [], ['ISS'], []]",rhythmic behavior,GO:0007622,0.04741383335542379,['GO:0007610'],0.01764705882352941,query_1,170,0.06666666666666667,True,GO:BP,45,2939,1
"""Any process that modulates the frequency, rate or extent of the controlled release of a protein from a cell."" [GOC:ai]",20972,22487,7,"[['IBA'], [], [], [], [], [], [], [], [], [], [], [], [], [], [], [], [], [], [], [], [], [], [], [], [], [], [], [], [], [], [], [], [], [], ['IDA', 'IEA'], [], [], [], [], [], [], [], [], [], [], [], [], [], [], [], [], [], [], [], ['ISS', 'IEA'], [], [], [], [], [], [], [], [], [], [], [], [], [], [], [], [], [], [], ['IDA'], [], [], [], [], [], [], [], [], [], [], [], [], [], [], [], [], [], [], [], [], [], [], [], [], [], [], [], [], [], [], [], ['IC'], [], [], [], [], [], [], [], [], [], [], [], [], [], [], [], [], [], [], [], [], [], [], [], [], [], [], [], [], [], [], [], [], [], [], [], [], [], [], [], [], [], [], [], [], [], [], [], [], [], [], [], [], [], ['TAS'], [], [], [], [], [], [], [], [], [], [], [], [], ['IEA'], [], [], [], [], [], []]",regulation of protein secretion,GO:0050708,0.048855720407525983,"['GO:0009306', 'GO:0051223', 'GO:1903530']",0.041176470588235294,query_1,170,0.026415094339622643,True,GO:BP,265,12364,1
