route,sample_id,label,true_network,network_beam,network_top1_hit,network_top3_hit,pred_top1,pred_top2,pred_top3,true_rank,hit1,hit3,true_resolution_group,pred_group_top1,pred_group_top2,pred_group_top3,group_true_rank,group_hit1,group_hit3,pred_top1_resolution_tier,pred_top1_resolution_reasons,pred_top1_group_members,truth_resolution_tier,truth_group_members,n_candidate_regions,n_candidate_groups,route_family
top3_network_beam_local_region_candidates,19R348,7m,"Parietal, and Parieto-occipital region","Occipital/Temporal | Parietal, and Parieto-occipital region | Temporal",0,1,V3v,TEO,V4,15,0,0,7m,Occipital/Temporal::V1 + V2 + V3d + V3v,Temporal::TEO + TEad + TEm + TEpd,Occipital/Temporal::V4 + V4v,8,0,0,low_resolution,nearest_centroid_corr>=0.95;fold_local_merged_confusion_group,V1 | V2 | V3d | V3v,low_resolution,7m,46,18,hybrid_projected_network_logcpm_exact
top3_network_beam_local_region_candidates,19R349,VIP,"Parietal, and Parieto-occipital region","Occipital/Temporal | Parietal, and Parieto-occipital region | Temporal",0,1,V3v,V3d,FST,9,0,0,"Parietal, and Parieto-occipital region::1-2 + 5 + 7a + 7b + 7op + LIPd + LIPv + VIP",Occipital/Temporal::FST + MST + V1 + V2 + V3d + V3v,"Parietal, and Parieto-occipital region::1-2 + 5 + 7a + 7b + 7op + LIPd + LIPv + VIP",Occipital/Temporal::V4 + V4v,2,0,1,low_resolution,nearest_centroid_corr>=0.95;fold_local_merged_confusion_group,FST | MST | V1 | V2 | V3d | V3v,low_resolution,1-2 | 5 | 7a | 7b | 7op | LIPd | LIPv | VIP,46,16,hybrid_projected_network_logcpm_exact
top3_network_beam_local_region_candidates,19R350,V4v,Occipital/Temporal,"Parietal, and Parieto-occipital region | Lateral Prefrontal Cortex | Occipital/Temporal",0,1,7m,5,7op,10,0,0,Occipital/Temporal::V1 + V2 + V3d + V3v + V4 + V4v,7m,"Parietal, and Parieto-occipital region::1-2 + 5 + 7a + 7b + 7op + LIPd + LIPv + VIP",3a/b,4,0,0,low_resolution,training_n<8;nearest_centroid_corr>=0.95,7m,low_resolution,V1 | V2 | V3d | V3v | V4 | V4v,32,8,hybrid_projected_network_logcpm_exact
top3_network_beam_local_region_candidates,19R356,13b,Orbitomedial Prefrontal Cortex (OMPFC),Lateral Prefrontal Cortex | Cingulate gyrus | Orbitomedial Prefrontal Cortex (OMPFC),0,1,12l,12r,12m,22,0,0,13b,Lateral Prefrontal Cortex::10o + 12l + 12r + 46d + 46v,Orbitomedial Prefrontal Cortex (OMPFC)::11l + 12m + 12o + 13l + 13m,Lateral Prefrontal Cortex::44 + 45 + 8A + 8Bd + 8Bm + 8Bs + 9d + 9m,6,0,0,low_resolution,training_n<8;nearest_centroid_corr>=0.95;fold_local_merged_confusion_group,10o | 12l | 12r | 46d | 46v,low_resolution,13b,36,13,hybrid_projected_network_logcpm_exact
top3_network_beam_local_region_candidates,19R357,11l,Orbitomedial Prefrontal Cortex (OMPFC),Lateral Prefrontal Cortex | Cingulate gyrus | Orbitomedial Prefrontal Cortex (OMPFC),0,1,12r,12l,12m,8,0,0,Orbitomedial Prefrontal Cortex (OMPFC)::11l + 12m + 12o + 13b + 13l + 13m,Lateral Prefrontal Cortex::10o + 12l + 12r + 46d + 46v,Orbitomedial Prefrontal Cortex (OMPFC)::11l + 12m + 12o + 13b + 13l + 13m,Lateral Prefrontal Cortex::44 + 45 + 8A + 8Bd + 8Bm + 8Bs + 9d + 9m,2,0,1,low_resolution,nearest_centroid_corr>=0.95;fold_local_merged_confusion_group,10o | 12l | 12r | 46d | 46v,low_resolution,11l | 12m | 12o | 13b | 13l | 13m,36,13,hybrid_projected_network_logcpm_exact
top3_network_beam_local_region_candidates,19R358,14r,Orbitomedial Prefrontal Cortex (OMPFC),Cingulate gyrus | Lateral Prefrontal Cortex | Orbitomedial Prefrontal Cortex (OMPFC),0,1,24c,12o,11l,26,0,0,14r,Cingulate gyrus::24b + 24c,Orbitomedial Prefrontal Cortex (OMPFC)::11l + 12m + 12o + 13l + 13m,Cingulate gyrus::23b + 23c + 24b' + 24c',12,0,0,low_resolution,nearest_centroid_corr>=0.95;fold_local_merged_confusion_group,24b | 24c,low_resolution,14r,36,15,hybrid_projected_network_logcpm_exact
top3_network_beam_local_region_candidates,19R359,10m,Orbitomedial Prefrontal Cortex (OMPFC),Cingulate gyrus | Orbitomedial Prefrontal Cortex (OMPFC) | Lateral Prefrontal Cortex,0,1,13b,11m,10m,3,0,1,10m,13b,11m,10m,3,0,1,low_resolution,nearest_centroid_corr>=0.95,13b,low_resolution,10m,36,14,hybrid_projected_network_logcpm_exact
top3_network_beam_local_region_candidates,19R361,F3,Frontal (agranular frontal motor areas),Frontal (agranular frontal motor areas) | Lateral Prefrontal Cortex | Cingulate gyrus,1,1,44,8Bd,F3,3,0,1,F3,Lateral Prefrontal Cortex::44 + 45 + 8A + 8Bd + 8Bm + 8Bs + 9d + 9m,F3,F7,2,0,1,low_resolution,training_n<8;nearest_centroid_corr>=0.95;fold_local_merged_confusion_group,44 | 45 | 8A | 8Bd | 8Bm | 8Bs | 9d | 9m,low_resolution,F3,30,13,hybrid_projected_network_logcpm_exact
top3_network_beam_local_region_candidates,19R369,F1,Frontal (agranular frontal motor areas),"Parietal, and Parieto-occipital region | Lateral Prefrontal Cortex | Frontal (agranular frontal motor areas)",0,1,3a/b,5,F1,3,0,1,Frontal (agranular frontal motor areas)::F1 + F2,3a/b,"Parietal, and Parieto-occipital region::1-2 + 5 + 7a + 7b + 7op + LIPd + LIPv + VIP",Frontal (agranular frontal motor areas)::F1 + F2,3,0,1,low_resolution,nearest_centroid_corr>=0.95,3a/b,low_resolution,F1 | F2,30,12,hybrid_projected_network_logcpm_exact
top3_network_beam_local_region_candidates,19R372,1-2,"Parietal, and Parieto-occipital region","Parietal, and Parieto-occipital region | Lateral Prefrontal Cortex | Frontal (agranular frontal motor areas)",1,1,F1,5,VIP,20,0,0,"Parietal, and Parieto-occipital region::1-2 + 5 + 7a + 7b + 7op + LIPd + LIPv + VIP",Frontal (agranular frontal motor areas)::F1 + F2,"Parietal, and Parieto-occipital region::1-2 + 5 + 7a + 7b + 7op + LIPd + LIPv + VIP",3a/b,2,0,1,low_resolution,nearest_centroid_corr>=0.95;fold_local_merged_confusion_group,F1 | F2,low_resolution,1-2 | 5 | 7a | 7b | 7op | LIPd | LIPv | VIP,30,11,hybrid_projected_network_logcpm_exact
top3_network_beam_local_region_candidates,19R376,AL,Temporal,Operculum/Insula | Orbitomedial Prefrontal Cortex (OMPFC) | Temporal,0,1,13b,RTL,RT,25,0,0,AL,Orbitomedial Prefrontal Cortex (OMPFC)::13a + 13b + 14c + 14r + 25 + 32,Temporal::RTL + STG,Temporal::RM + RT + RTM,10,0,0,low_resolution,nearest_centroid_corr>=0.95;fold_local_merged_confusion_group,13a | 13b | 14c | 14r | 25 | 32,low_resolution,AL,51,17,hybrid_projected_network_logcpm_exact
top3_network_beam_local_region_candidates,19R378,pu,Subcortical,Subcortical | Hippocampal formation | Operculum/Insula,1,1,pu,cd,NARegion,1,1,1,Subcortical::cd + pu,Subcortical::cd + pu,NARegion,cla,1,1,1,low_resolution,nearest_centroid_corr>=0.95;fold_local_merged_confusion_group,cd | pu,low_resolution,cd | pu,21,12,hybrid_projected_network_logcpm_exact
top3_network_beam_local_region_candidates,19R416,F6,Frontal (agranular frontal motor areas),Orbitomedial Prefrontal Cortex (OMPFC) | Operculum/Insula | Cingulate gyrus,0,0,Ial,Iapl,24c,111,0,0,outside_network_beam,Operculum/Insula::Ia + Ial + Iapm + Pi,Operculum/Insula::G + Iapl + Id + Ig + PrCo + Ri + SII,Cingulate gyrus::23b + 23c + 24b + 24b' + 24c + 24c',111,0,0,low_resolution,nearest_centroid_corr>=0.95;fold_local_merged_confusion_group,Ia | Ial | Iapm | Pi,outside_network_beam,,34,9,hybrid_projected_network_logcpm_exact
top3_network_beam_local_region_candidates,19R421,F2,Frontal (agranular frontal motor areas),Frontal (agranular frontal motor areas) | Lateral Prefrontal Cortex | Cingulate gyrus,1,1,F1,F3,F2,3,0,1,Frontal (agranular frontal motor areas)::F1 + F2,Frontal (agranular frontal motor areas)::F1 + F2,F3,Lateral Prefrontal Cortex::44 + 45 + 8A + 8Bd + 8Bm + 8Bs + 9d + 9m,1,1,1,low_resolution,nearest_centroid_corr>=0.95;fold_local_merged_confusion_group,F1 | F2,low_resolution,F1 | F2,30,14,hybrid_projected_network_logcpm_exact
top3_network_beam_local_region_candidates,19R422,F1,Frontal (agranular frontal motor areas),"Parietal, and Parieto-occipital region | Occipital/Temporal | Lateral Prefrontal Cortex",0,0,V2,V3v,3a/b,111,0,0,outside_network_beam,Occipital/Temporal::V1 + V2 + V3d + V3v + V4 + V4v,3a/b,"Parietal, and Parieto-occipital region::1-2 + 5 + 7a + 7b + 7op + LIPd + LIPv + VIP",111,0,0,low_resolution,nearest_centroid_corr>=0.95;fold_local_merged_confusion_group,V1 | V2 | V3d | V3v | V4 | V4v,outside_network_beam,,32,8,hybrid_projected_network_logcpm_exact
top3_network_beam_local_region_candidates,19R423,cd,Subcortical,Subcortical | Hippocampal formation | Operculum/Insula,1,1,cd,pu,NARegion,1,1,1,Subcortical::cd + pu,Subcortical::cd + pu,NARegion,cla,1,1,1,low_resolution,training_n<8;nearest_centroid_corr>=0.95;fold_local_merged_confusion_group,cd | pu,low_resolution,cd | pu,21,13,hybrid_projected_network_logcpm_exact
top3_network_beam_local_region_candidates,19R425,3a/b,"Parietal, and Parieto-occipital region","Parietal, and Parieto-occipital region | Occipital/Temporal | Lateral Prefrontal Cortex",1,1,VIP,LIPv,MST,5,0,0,3a/b,"Parietal, and Parieto-occipital region::1-2 + 5 + 7a + 7b + 7op + LIPd + LIPv + VIP",Occipital/Temporal::FST + MST,3a/b,3,0,1,low_resolution,nearest_centroid_corr>=0.95;fold_local_merged_confusion_group,1-2 | 5 | 7a | 7b | 7op | LIPd | LIPv | VIP,low_resolution,3a/b,32,8,hybrid_projected_network_logcpm_exact
top3_network_beam_local_region_candidates,19R426,1-2,"Parietal, and Parieto-occipital region","Parietal, and Parieto-occipital region | Temporal | Lateral Prefrontal Cortex",1,1,7op,7a,7b,8,0,0,"Parietal, and Parieto-occipital region::1-2 + 5 + 7a + 7b + 7op + LIPd + LIPv + VIP","Parietal, and Parieto-occipital region::1-2 + 5 + 7a + 7b + 7op + LIPd + LIPv + VIP",Temporal::A1 + AL + CL + CM + ML + R + TPO + Tpt,IPa,1,1,1,low_resolution,nearest_centroid_corr>=0.95;fold_local_merged_confusion_group,1-2 | 5 | 7a | 7b | 7op | LIPd | LIPv | VIP,low_resolution,1-2 | 5 | 7a | 7b | 7op | LIPd | LIPv | VIP,50,16,hybrid_projected_network_logcpm_exact
top3_network_beam_local_region_candidates,19R428,TEad,Temporal,"Temporal | Parietal, and Parieto-occipital region | Occipital/Temporal",1,1,TEav,TAa,TEpv,4,0,0,TEad,Temporal::TEav + TG,Temporal::PGa + RT + RTL + STG + TAa + TEO + TEm + TEpd,TEpv,4,0,0,low_resolution,nearest_centroid_corr>=0.95;fold_local_merged_confusion_group,TEav | TG,low_resolution,TEad,46,19,hybrid_projected_network_logcpm_exact
top3_network_beam_local_region_candidates,19R429,TEav,Temporal,Temporal | Operculum/Insula | Orbitomedial Prefrontal Cortex (OMPFC),1,1,Pi,RTM,Iapl,9,0,0,Temporal::IPa + PGa + TEO + TEad + TEav + TEm + TEpd + TEpv,Operculum/Insula::Ia + Ial + Iapm + Pi,Temporal::RM + RT + RTM,Operculum/Insula::G + Iapl + Id + Ig + Ri + SII,5,0,0,low_resolution,training_n<8;nearest_centroid_corr>=0.95;fold_local_merged_confusion_group,Ia | Ial | Iapm | Pi,low_resolution,IPa | PGa | TEO | TEad | TEav | TEm | TEpd | TEpv,51,16,hybrid_projected_network_logcpm_exact
top3_network_beam_local_region_candidates,19R432,V4,Occipital/Temporal,"Occipital/Temporal | Parietal, and Parieto-occipital region | Temporal",1,1,MST,FST,TEO,10,0,0,Occipital/Temporal::V4 + V4v,Occipital/Temporal::FST + MST,Temporal::TEO + TEad + TEm + TEpd,"Parietal, and Parieto-occipital region::1-2 + 5 + 7a + 7b + 7op + LIPd + LIPv + VIP",8,0,0,low_resolution,nearest_centroid_corr>=0.95;fold_local_merged_confusion_group,FST | MST,low_resolution,V4 | V4v,46,18,hybrid_projected_network_logcpm_exact
top3_network_beam_local_region_candidates,19R461,5,"Parietal, and Parieto-occipital region","Parietal, and Parieto-occipital region | Lateral Prefrontal Cortex | Frontal (agranular frontal motor areas)",1,1,5,7m,7op,1,1,1,"Parietal, and Parieto-occipital region::1-2 + 5 + 7a + 7b + 7op + LIPd + LIPv + VIP","Parietal, and Parieto-occipital region::1-2 + 5 + 7a + 7b + 7op + LIPd + LIPv + VIP",7m,3a/b,1,1,1,low_resolution,nearest_centroid_corr>=0.95;fold_local_merged_confusion_group,1-2 | 5 | 7a | 7b | 7op | LIPd | LIPv | VIP,low_resolution,1-2 | 5 | 7a | 7b | 7op | LIPd | LIPv | VIP,30,11,hybrid_projected_network_logcpm_exact
top3_network_beam_local_region_candidates,19R462,7a,"Parietal, and Parieto-occipital region","Parietal, and Parieto-occipital region | Lateral Prefrontal Cortex | Temporal",1,1,7op,7b,ML,6,0,0,"Parietal, and Parieto-occipital region::1-2 + 5 + 7a + 7b + 7op + LIPd + LIPv + VIP","Parietal, and Parieto-occipital region::1-2 + 5 + 7a + 7b + 7op + LIPd + LIPv + VIP",Temporal::A1 + AL + CL + CM + ML + R + TPO + Tpt,Lateral Prefrontal Cortex::44 + 45 + 8A + 8Bd + 8Bm + 8Bs + 9d + 9m,1,1,1,low_resolution,nearest_centroid_corr>=0.95;fold_local_merged_confusion_group,1-2 | 5 | 7a | 7b | 7op | LIPd | LIPv | VIP,low_resolution,1-2 | 5 | 7a | 7b | 7op | LIPd | LIPv | VIP,50,16,hybrid_projected_network_logcpm_exact
top3_network_beam_local_region_candidates,19R464,TPO,Temporal,"Parietal, and Parieto-occipital region | Lateral Prefrontal Cortex | Occipital/Temporal",0,0,V3v,5,7m,111,0,0,outside_network_beam,Occipital/Temporal::V1 + V2 + V3d + V3v + V4 + V4v,"Parietal, and Parieto-occipital region::1-2 + 5 + 7a + 7b + 7op + LIPd + LIPv + VIP",7m,111,0,0,low_resolution,nearest_centroid_corr>=0.95;fold_local_merged_confusion_group,V1 | V2 | V3d | V3v | V4 | V4v,outside_network_beam,,32,8,hybrid_projected_network_logcpm_exact
top3_network_beam_local_region_candidates,19R465,TFO,Temporal,Operculum/Insula | Temporal | Orbitomedial Prefrontal Cortex (OMPFC),0,1,TF,36c,TFO,3,0,1,Temporal::A1 + CL + CM + ML + TEa + TFO + TPO + Tpt,TF,36c,Temporal::A1 + CL + CM + ML + TEa + TFO + TPO + Tpt,3,0,1,low_resolution,training_n<8;nearest_centroid_corr>=0.95,TF,low_resolution,A1 | CL | CM | ML | TEa | TFO | TPO | Tpt,51,15,hybrid_projected_network_logcpm_exact
top3_network_beam_local_region_candidates,19R466,TEO,Temporal,"Occipital/Temporal | Parietal, and Parieto-occipital region | Temporal",0,1,V3v,V4,TEO,3,0,1,Temporal::TEO + TEad + TEm + TEpd,Occipital/Temporal::V1 + V2 + V3d + V3v,Occipital/Temporal::V4 + V4v,Temporal::TEO + TEad + TEm + TEpd,3,0,1,low_resolution,nearest_centroid_corr>=0.95;fold_local_merged_confusion_group,V1 | V2 | V3d | V3v,low_resolution,TEO | TEad | TEm | TEpd,46,17,hybrid_projected_network_logcpm_exact
top3_network_beam_local_region_candidates,19R467,V1,Occipital/Temporal,"Occipital/Temporal | Parietal, and Parieto-occipital region | Temporal",1,1,V2,V3v,V4,18,0,0,Occipital/Temporal::V1 + V2 + V3d + V3v,Occipital/Temporal::V1 + V2 + V3d + V3v,Occipital/Temporal::V4 + V4v,Occipital/Temporal::FST + MST,1,1,1,low_resolution,nearest_centroid_corr>=0.95;fold_local_merged_confusion_group,V1 | V2 | V3d | V3v,low_resolution,V1 | V2 | V3d | V3v,46,18,hybrid_projected_network_logcpm_exact
top3_network_beam_local_region_candidates,19R468,V2,Occipital/Temporal,"Parietal, and Parieto-occipital region | Occipital/Temporal | Temporal",0,1,7m,TEO,5,23,0,0,Occipital/Temporal::V1 + V2,7m,Temporal::TEO + TEad + TEm + TEpd,"Parietal, and Parieto-occipital region::1-2 + 5 + 7a + 7b + 7op + LIPd + LIPv + VIP",10,0,0,low_resolution,training_n<8;nearest_centroid_corr>=0.95,7m,low_resolution,V1 | V2,46,20,hybrid_projected_network_logcpm_exact
top3_network_beam_local_region_candidates,19R469,V3v,Occipital/Temporal,"Parietal, and Parieto-occipital region | Lateral Prefrontal Cortex | Frontal (agranular frontal motor areas)",0,0,5,7m,7op,111,0,0,outside_network_beam,"Parietal, and Parieto-occipital region::1-2 + 5 + 7a + 7b + 7op + LIPd + LIPv + VIP",7m,Lateral Prefrontal Cortex::44 + 45 + 8A + 8Bd + 8Bs,111,0,0,low_resolution,nearest_centroid_corr>=0.95;fold_local_merged_confusion_group,1-2 | 5 | 7a | 7b | 7op | LIPd | LIPv | VIP,outside_network_beam,,30,11,hybrid_projected_network_logcpm_exact
top3_network_beam_local_region_candidates,19R470,V2,Occipital/Temporal,"Occipital/Temporal | Parietal, and Parieto-occipital region | Temporal",1,1,TEO,TEpd,V4v,27,0,0,Occipital/Temporal::V1 + V2 + V3d + V3v,Temporal::TEO + TEad + TEm + TEpd,Occipital/Temporal::V4 + V4v,Temporal::A1 + CL + CM + ML + TPO + Tpt,6,0,0,low_resolution,nearest_centroid_corr>=0.95;fold_local_merged_confusion_group,TEO | TEad | TEm | TEpd,low_resolution,V1 | V2 | V3d | V3v,46,18,hybrid_projected_network_logcpm_exact
top3_network_beam_local_region_candidates,19R471,F1,Frontal (agranular frontal motor areas),"Frontal (agranular frontal motor areas) | Lateral Prefrontal Cortex | Parietal, and Parieto-occipital region",1,1,F1,F2,5,1,1,1,Frontal (agranular frontal motor areas)::F1 + F2,Frontal (agranular frontal motor areas)::F1 + F2,"Parietal, and Parieto-occipital region::1-2 + 5 + 7a + 7b + 7op + LIPd + LIPv + VIP",3a/b,1,1,1,low_resolution,nearest_centroid_corr>=0.95;fold_local_merged_confusion_group,F1 | F2,low_resolution,F1 | F2,30,11,hybrid_projected_network_logcpm_exact
top3_network_beam_local_region_candidates,19R472,V2,Occipital/Temporal,"Occipital/Temporal | Parietal, and Parieto-occipital region | Temporal",1,1,V1,V2,V3d,2,0,1,Occipital/Temporal::V1 + V2 + V3d + V3v,Occipital/Temporal::V1 + V2 + V3d + V3v,Occipital/Temporal::FST + MST,Temporal::A1 + CL + CM + IPa + ML + TPO + Tpt,1,1,1,low_resolution,nearest_centroid_corr>=0.95;fold_local_merged_confusion_group,V1 | V2 | V3d | V3v,low_resolution,V1 | V2 | V3d | V3v,46,17,hybrid_projected_network_logcpm_exact
top3_network_beam_local_region_candidates,19R495,9m,Lateral Prefrontal Cortex,Orbitomedial Prefrontal Cortex (OMPFC) | Cingulate gyrus | Lateral Prefrontal Cortex,0,1,13m,12o,11m,10,0,0,Lateral Prefrontal Cortex::44 + 45 + 8A + 8Bd + 8Bm + 8Bs + 9d + 9m,Orbitomedial Prefrontal Cortex (OMPFC)::11l + 12m + 12o + 13l + 13m,11m,13b,6,0,0,low_resolution,training_n<8;nearest_centroid_corr>=0.95;fold_local_merged_confusion_group,11l | 12m | 12o | 13l | 13m,low_resolution,44 | 45 | 8A | 8Bd | 8Bm | 8Bs | 9d | 9m,36,15,hybrid_projected_network_logcpm_exact
top3_network_beam_local_region_candidates,19R496,9d,Lateral Prefrontal Cortex,"Lateral Prefrontal Cortex | Parietal, and Parieto-occipital region | Frontal (agranular frontal motor areas)",1,1,8Bs,8A,44,21,0,0,Lateral Prefrontal Cortex::10o + 12l + 12r + 46d + 46v + 8Bm + 9d + 9m,Lateral Prefrontal Cortex::44 + 45 + 8A + 8Bd + 8Bs,"Parietal, and Parieto-occipital region::1-2 + 5 + 7a + 7b + 7op + LIPd + LIPv + VIP",7m,9,0,0,low_resolution,nearest_centroid_corr>=0.95;fold_local_merged_confusion_group,44 | 45 | 8A | 8Bd | 8Bs,low_resolution,10o | 12l | 12r | 46d | 46v | 8Bm | 9d | 9m,30,10,hybrid_projected_network_logcpm_exact
top3_network_beam_local_region_candidates,19R497,46d,Lateral Prefrontal Cortex,"Lateral Prefrontal Cortex | Parietal, and Parieto-occipital region | Frontal (agranular frontal motor areas)",1,1,44,8Bs,LIPd,24,0,0,Lateral Prefrontal Cortex::10o + 12l + 12r + 46d + 46v + 8Bm + 9m,Lateral Prefrontal Cortex::44 + 45 + 8A + 8Bd + 8Bs,"Parietal, and Parieto-occipital region::1-2 + 5 + 7a + 7b + 7op + LIPd + LIPv + VIP",7m,11,0,0,low_resolution,training_n<8;nearest_centroid_corr>=0.95;fold_local_merged_confusion_group,44 | 45 | 8A | 8Bd | 8Bs,low_resolution,10o | 12l | 12r | 46d | 46v | 8Bm | 9m,30,12,hybrid_projected_network_logcpm_exact
top3_network_beam_local_region_candidates,19R498,12l,Lateral Prefrontal Cortex,Frontal (agranular frontal motor areas) | Lateral Prefrontal Cortex | Cingulate gyrus,0,1,44,8Bd,F7,22,0,0,Lateral Prefrontal Cortex::10o + 12l + 12r + 46d + 46v,Lateral Prefrontal Cortex::44 + 45 + 8A + 8Bd + 8Bm + 8Bs + 9d + 9m,F7,F6,8,0,0,low_resolution,training_n<8;nearest_centroid_corr>=0.95;fold_local_merged_confusion_group,44 | 45 | 8A | 8Bd | 8Bm | 8Bs | 9d | 9m,low_resolution,10o | 12l | 12r | 46d | 46v,30,13,hybrid_projected_network_logcpm_exact
top3_network_beam_local_region_candidates,19R499,11m,Orbitomedial Prefrontal Cortex (OMPFC),Orbitomedial Prefrontal Cortex (OMPFC) | Operculum/Insula | Cingulate gyrus,1,1,25,32,13a,24,0,0,Orbitomedial Prefrontal Cortex (OMPFC)::11l + 11m + 12m + 12o + 13b + 13l + 13m,Orbitomedial Prefrontal Cortex (OMPFC)::10m + 13a + 14c + 14r + 25 + 32,Cingulate gyrus::23b + 23c + 24b + 24b' + 24c + 24c',Operculum/Insula::Ia + Ial + Iapm + Pi,5,0,0,low_resolution,training_n<8;nearest_centroid_corr>=0.95;fold_local_merged_confusion_group,10m | 13a | 14c | 14r | 25 | 32,low_resolution,11l | 11m | 12m | 12o | 13b | 13l | 13m,34,9,hybrid_projected_network_logcpm_exact
top3_network_beam_local_region_candidates,19R500,11l,Orbitomedial Prefrontal Cortex (OMPFC),Orbitomedial Prefrontal Cortex (OMPFC) | Operculum/Insula | Cingulate gyrus,1,1,32,13a,14c,22,0,0,Orbitomedial Prefrontal Cortex (OMPFC)::11l + 11m + 12m + 13l + 13m,Orbitomedial Prefrontal Cortex (OMPFC)::10m + 13a + 13b + 14c + 14r + 25 + 32,Cingulate gyrus::23b + 23c + 24b + 24b' + 24c + 24c',12o,4,0,0,low_resolution,nearest_centroid_corr>=0.95;fold_local_merged_confusion_group,10m | 13a | 13b | 14c | 14r | 25 | 32,low_resolution,11l | 11m | 12m | 13l | 13m,34,10,hybrid_projected_network_logcpm_exact
top3_network_beam_local_region_candidates,19R501,F4,Frontal (agranular frontal motor areas),"Parietal, and Parieto-occipital region | Lateral Prefrontal Cortex | Temporal",0,0,ML,7op,1-2,111,0,0,outside_network_beam,Temporal::A1 + AL + CL + CM + ML + R + TPO + Tpt,"Parietal, and Parieto-occipital region::1-2 + 5 + 7a + 7b + 7op + LIPd + LIPv + VIP",Lateral Prefrontal Cortex::44 + 45 + 8A + 8Bd + 8Bs,111,0,0,low_resolution,training_n<8;nearest_centroid_corr>=0.95;fold_local_merged_confusion_group,A1 | AL | CL | CM | ML | R | TPO | Tpt,outside_network_beam,,50,16,hybrid_projected_network_logcpm_exact
top3_network_beam_local_region_candidates,19R502,TEav,Temporal,Temporal | Operculum/Insula | Orbitomedial Prefrontal Cortex (OMPFC),1,1,RT,RTM,STG,8,0,0,Temporal::RTL + STG + TEO + TEad + TEav + TEm + TEpd + TEpv,Temporal::RM + RT + RTM,Temporal::RTL + STG + TEO + TEad + TEav + TEm + TEpd + TEpv,Operculum/Insula::G + Iapl + Id + Ig + Ri + SII,2,0,1,low_resolution,training_n<8;nearest_centroid_corr>=0.95;fold_local_merged_confusion_group,RM | RT | RTM,low_resolution,RTL | STG | TEO | TEad | TEav | TEm | TEpd | TEpv,51,16,hybrid_projected_network_logcpm_exact
top3_network_beam_local_region_candidates,19R503,TG,Temporal,Operculum/Insula | Orbitomedial Prefrontal Cortex (OMPFC) | Temporal,0,1,Pi,Ial,Ia,4,0,0,TG,Operculum/Insula::Ia + Ial + Iapm + Pi,TG,Temporal::RM + RT + RTM,2,0,1,low_resolution,training_n<8;nearest_centroid_corr>=0.95;fold_local_merged_confusion_group,Ia | Ial | Iapm | Pi,low_resolution,TG,51,17,hybrid_projected_network_logcpm_exact
top3_network_beam_local_region_candidates,19R504,STG,Temporal,Operculum/Insula | Orbitomedial Prefrontal Cortex (OMPFC) | Temporal,0,1,Iapl,Id,RM,11,0,0,Temporal::RTL + STG,Operculum/Insula::G + Iapl + Id + Ig + Ri + SII,Temporal::RM + RT + RTM,PrCo,6,0,0,low_resolution,nearest_centroid_corr>=0.95;fold_local_merged_confusion_group,G | Iapl | Id | Ig | Ri | SII,low_resolution,RTL | STG,51,17,hybrid_projected_network_logcpm_exact
top3_network_beam_local_region_candidates,19R505,PrCo,Operculum/Insula,Operculum/Insula | Orbitomedial Prefrontal Cortex (OMPFC) | Temporal,1,1,10m,13b,RTL,14,0,0,PrCo,10m,Orbitomedial Prefrontal Cortex (OMPFC)::13a + 13b + 14c + 14r + 25 + 32,Temporal::RTL + STG,6,0,0,low_resolution,nearest_centroid_corr>=0.95,10m,low_resolution,PrCo,51,17,hybrid_projected_network_logcpm_exact
top3_network_beam_local_region_candidates,19R506,SII,Operculum/Insula,"Parietal, and Parieto-occipital region | Temporal | Lateral Prefrontal Cortex",0,0,ML,7op,CL,111,0,0,outside_network_beam,Temporal::A1 + AL + CL + CM + ML + R + TPO + Tpt,"Parietal, and Parieto-occipital region::1-2 + 5 + 7a + 7b + 7op + LIPd + LIPv + VIP",7m,111,0,0,low_resolution,training_n<8;nearest_centroid_corr>=0.95;fold_local_merged_confusion_group,A1 | AL | CL | CM | ML | R | TPO | Tpt,outside_network_beam,,50,16,hybrid_projected_network_logcpm_exact
top3_network_beam_local_region_candidates,19R507,RM,Temporal,"Parietal, and Parieto-occipital region | Temporal | Lateral Prefrontal Cortex",0,1,ML,7op,R,40,0,0,RM,Temporal::A1 + AL + CL + CM + ML + R + TPO + Tpt,"Parietal, and Parieto-occipital region::1-2 + 7a + 7b + 7op",IPa,10,0,0,low_resolution,training_n<8;nearest_centroid_corr>=0.95;fold_local_merged_confusion_group,A1 | AL | CL | CM | ML | R | TPO | Tpt,low_resolution,RM,50,16,hybrid_projected_network_logcpm_exact
top3_network_beam_local_region_candidates,19R508,R,Temporal,"Parietal, and Parieto-occipital region | Temporal | Occipital/Temporal",0,1,CM,CL,A1,26,0,0,Temporal::AL + R,Temporal::A1 + CL + CM + IPa + ML + TPO + Tpt,Temporal::TEO + TEad + TEm + TEpd,3a/b,9,0,0,low_resolution,training_n<8;nearest_centroid_corr>=0.95;fold_local_merged_confusion_group,A1 | CL | CM | IPa | ML | TPO | Tpt,low_resolution,AL | R,46,17,hybrid_projected_network_logcpm_exact
top3_network_beam_local_region_candidates,19R509,AL,Temporal,"Parietal, and Parieto-occipital region | Temporal | Lateral Prefrontal Cortex",0,1,7b,7op,1-2,14,0,0,Temporal::AL + R,"Parietal, and Parieto-occipital region::1-2 + 5 + 7a + 7b + 7op + LIPd + LIPv + VIP",Temporal::A1 + CL + CM + IPa + ML + TPO + Tpt,Temporal::AL + R,3,0,1,low_resolution,nearest_centroid_corr>=0.95;fold_local_merged_confusion_group,1-2 | 5 | 7a | 7b | 7op | LIPd | LIPv | VIP,low_resolution,AL | R,50,16,hybrid_projected_network_logcpm_exact
top3_network_beam_local_region_candidates,19R510,STG,Temporal,"Temporal | Parietal, and Parieto-occipital region | Lateral Prefrontal Cortex",1,1,R,7op,ML,39,0,0,Temporal::PGa + RTL + STG + TAa + TEa,Temporal::A1 + AL + CL + CM + ML + R + TPO + Tpt,"Parietal, and Parieto-occipital region::1-2 + 7a + 7b + 7op",IPa,4,0,0,low_resolution,nearest_centroid_corr>=0.95;fold_local_merged_confusion_group,A1 | AL | CL | CM | ML | R | TPO | Tpt,low_resolution,PGa | RTL | STG | TAa | TEa,50,16,hybrid_projected_network_logcpm_exact
top3_network_beam_local_region_candidates,19R511,HC,Hippocampal formation,Hippocampal formation | Operculum/Insula | Orbitomedial Prefrontal Cortex (OMPFC),1,1,HC,25,Ia,1,1,1,HC,HC,Orbitomedial Prefrontal Cortex (OMPFC)::13a + 25 + 32,Operculum/Insula::Ia + Ial + Iapm + Pi,1,1,1,low_resolution,training_n<8,HC,low_resolution,HC,25,6,hybrid_projected_network_logcpm_exact
top3_network_beam_local_region_candidates,19R512,7op,"Parietal, and Parieto-occipital region","Temporal | Parietal, and Parieto-occipital region | Lateral Prefrontal Cortex",0,1,7b,7a,Tpt,7,0,0,"Parietal, and Parieto-occipital region::1-2 + 5 + 7a + 7b + 7op + LIPd + LIPv + VIP","Parietal, and Parieto-occipital region::1-2 + 5 + 7a + 7b + 7op + LIPd + LIPv + VIP",Temporal::A1 + AL + CL + CM + ML + R + TPO + Tpt,Temporal::PGa + RTL + STG + TAa + TEa,1,1,1,low_resolution,nearest_centroid_corr>=0.95;fold_local_merged_confusion_group,1-2 | 5 | 7a | 7b | 7op | LIPd | LIPv | VIP,low_resolution,1-2 | 5 | 7a | 7b | 7op | LIPd | LIPv | VIP,50,16,hybrid_projected_network_logcpm_exact
top3_network_beam_local_region_candidates,19R513,VIP,"Parietal, and Parieto-occipital region","Parietal, and Parieto-occipital region | Occipital/Temporal | Lateral Prefrontal Cortex",1,1,VIP,V4,LIPv,1,1,1,"Parietal, and Parieto-occipital region::1-2 + 5 + 7a + 7b + 7op + LIPd + LIPv + VIP","Parietal, and Parieto-occipital region::1-2 + 5 + 7a + 7b + 7op + LIPd + LIPv + VIP",Occipital/Temporal::V1 + V2 + V3d + V3v + V4 + V4v,Occipital/Temporal::FST + MST,1,1,1,low_resolution,nearest_centroid_corr>=0.95;fold_local_merged_confusion_group,1-2 | 5 | 7a | 7b | 7op | LIPd | LIPv | VIP,low_resolution,1-2 | 5 | 7a | 7b | 7op | LIPd | LIPv | VIP,32,8,hybrid_projected_network_logcpm_exact
top3_network_beam_local_region_candidates,19R514,TEpd,Temporal,Temporal | Operculum/Insula | Orbitomedial Prefrontal Cortex (OMPFC),1,1,TEpv,TFO,STG,28,0,0,Temporal::IPa + PGa + TEO + TEad + TEav + TEm + TEpd + TEpv,Temporal::IPa + PGa + TEO + TEad + TEav + TEm + TEpd + TEpv,TFO,Temporal::RTL + STG,1,1,1,low_resolution,training_n<8;nearest_centroid_corr>=0.95;fold_local_merged_confusion_group,IPa | PGa | TEO | TEad | TEav | TEm | TEpd | TEpv,low_resolution,IPa | PGa | TEO | TEad | TEav | TEm | TEpd | TEpv,51,16,hybrid_projected_network_logcpm_exact
top3_network_beam_local_region_candidates,19R515,TEO,Temporal,"Occipital/Temporal | Parietal, and Parieto-occipital region | Temporal",0,1,V3d,FST,V3v,11,0,0,Temporal::TEO + TEad + TEm + TEpd,Occipital/Temporal::V1 + V2 + V3d + V3v,Occipital/Temporal::FST + MST,"Parietal, and Parieto-occipital region::1-2 + 5 + 7a + 7b + 7op + LIPd + LIPv + VIP",6,0,0,low_resolution,training_n<8;nearest_centroid_corr>=0.95;fold_local_merged_confusion_group,V1 | V2 | V3d | V3v,low_resolution,TEO | TEad | TEm | TEpd,46,19,hybrid_projected_network_logcpm_exact
top3_network_beam_local_region_candidates,19R517,V1,Occipital/Temporal,"Occipital/Temporal | Parietal, and Parieto-occipital region | Temporal",1,1,V1,V2,V3v,1,1,1,Occipital/Temporal::V1 + V2 + V3d + V3v,Occipital/Temporal::V1 + V2 + V3d + V3v,Occipital/Temporal::FST + MST,Temporal::A1 + CL + CM + IPa + ML + TPO + Tpt,1,1,1,low_resolution,nearest_centroid_corr>=0.95;fold_local_merged_confusion_group,V1 | V2 | V3d | V3v,low_resolution,V1 | V2 | V3d | V3v,46,17,hybrid_projected_network_logcpm_exact
top3_network_beam_local_region_candidates,19R518,thalamus,Subcortical,Subcortical | Hippocampal formation | Operculum/Insula,1,1,thalamus,GPeGPi,amy,1,1,1,thalamus,thalamus,GPeGPi,amy,1,1,1,low_resolution,training_n<8,thalamus,low_resolution,thalamus,21,13,hybrid_projected_network_logcpm_exact
top3_network_beam_local_region_candidates,19R519,amy,Subcortical,Operculum/Insula | Orbitomedial Prefrontal Cortex (OMPFC) | Hippocampal formation,0,0,25,Ia,Pi,111,0,0,outside_network_beam,Orbitomedial Prefrontal Cortex (OMPFC)::13a + 14c + 25 + 32,Operculum/Insula::Ia + Ial + Iapm + Pi,Operculum/Insula::G + Iapl + Id + Ig + PrCo + Ri + SII,111,0,0,low_resolution,training_n<8;nearest_centroid_corr>=0.95;fold_local_merged_confusion_group,13a | 14c | 25 | 32,outside_network_beam,,25,6,hybrid_projected_network_logcpm_exact
top3_network_beam_local_region_candidates,19R352,amy,Subcortical,Subcortical | Hippocampal formation | Operculum/Insula,1,1,thalamus,GPeGPi,NARegion,9,0,0,amy,thalamus,GPeGPi,NARegion,8,0,0,low_resolution,training_n<8,thalamus,low_resolution,amy,21,12,hybrid_projected_network_logcpm_exact
top3_network_beam_local_region_candidates,19R364,G,Operculum/Insula,Operculum/Insula | Orbitomedial Prefrontal Cortex (OMPFC) | Cingulate gyrus,1,1,Iapl,Id,Ia,12,0,0,Operculum/Insula::G + Iapl + Id + Ig,Operculum/Insula::G + Iapl + Id + Ig,Operculum/Insula::Ia + Ial + Iapm + Pi,Orbitomedial Prefrontal Cortex (OMPFC)::10m + 13a + 13b + 14c + 14r + 25 + 32,1,1,1,low_resolution,nearest_centroid_corr>=0.95;fold_local_merged_confusion_group,G | Iapl | Id | Ig,low_resolution,G | Iapl | Id | Ig,34,9,hybrid_projected_network_logcpm_exact
top3_network_beam_local_region_candidates,19R368,3a/b,"Parietal, and Parieto-occipital region","Parietal, and Parieto-occipital region | Occipital/Temporal | Temporal",1,1,3a/b,CL,A1,1,1,1,3a/b,3a/b,Temporal::A1 + CL + CM + IPa + ML + TPO + Tpt,7m,1,1,1,low_resolution,nearest_centroid_corr>=0.95,3a/b,low_resolution,3a/b,46,17,hybrid_projected_network_logcpm_exact
top3_network_beam_local_region_candidates,19R371,V3v,Occipital/Temporal,"Occipital/Temporal | Parietal, and Parieto-occipital region | Temporal",1,1,V2,V3v,V1,2,0,1,Occipital/Temporal::V3d + V3v + V4 + V4v,Occipital/Temporal::V1 + V2,Occipital/Temporal::V3d + V3v + V4 + V4v,Occipital/Temporal::FST + MST,2,0,1,low_resolution,nearest_centroid_corr>=0.95;fold_local_merged_confusion_group,V1 | V2,low_resolution,V3d | V3v | V4 | V4v,46,18,hybrid_projected_network_logcpm_exact
top3_network_beam_local_region_candidates,19R578,F5,Frontal (agranular frontal motor areas),Orbitomedial Prefrontal Cortex (OMPFC) | Operculum/Insula | Cingulate gyrus,0,0,Ig,G,Iapl,111,0,0,outside_network_beam,Operculum/Insula::G + Iapl + Id + Ig + PrCo + Ri + SII,Cingulate gyrus::23b + 23c + 24b + 24b' + 24c + 24c',24a',111,0,0,low_resolution,nearest_centroid_corr>=0.95;fold_local_merged_confusion_group,G | Iapl | Id | Ig | PrCo | Ri | SII,outside_network_beam,,34,9,hybrid_projected_network_logcpm_exact
top3_network_beam_local_region_candidates,19R579,PrCo,Operculum/Insula,Orbitomedial Prefrontal Cortex (OMPFC) | Operculum/Insula | Cingulate gyrus,0,1,Iapl,Id,Ig,14,0,0,Operculum/Insula::G + Iapl + Id + Ig + PrCo + Ri + SII,Operculum/Insula::G + Iapl + Id + Ig + PrCo + Ri + SII,Cingulate gyrus::23b + 23c + 24b + 24b' + 24c + 24c',Operculum/Insula::Ia + Ial + Iapm + Pi,1,1,1,low_resolution,nearest_centroid_corr>=0.95;fold_local_merged_confusion_group,G | Iapl | Id | Ig | PrCo | Ri | SII,low_resolution,G | Iapl | Id | Ig | PrCo | Ri | SII,34,9,hybrid_projected_network_logcpm_exact
top3_network_beam_local_region_candidates,19R580,Ial,Operculum/Insula,Orbitomedial Prefrontal Cortex (OMPFC) | Operculum/Insula | Cingulate gyrus,0,1,Iapl,Ia,Iapm,5,0,0,Operculum/Insula::Ia + Ial + Iapm + Pi,Operculum/Insula::G + Iapl + Id + Ig + PrCo + Ri + SII,Operculum/Insula::Ia + Ial + Iapm + Pi,Cingulate gyrus::23b + 23c + 24b + 24c + 24c',2,0,1,low_resolution,nearest_centroid_corr>=0.95;fold_local_merged_confusion_group,G | Iapl | Id | Ig | PrCo | Ri | SII,low_resolution,Ia | Ial | Iapm | Pi,34,10,hybrid_projected_network_logcpm_exact
top3_network_beam_local_region_candidates,19R581,24c,Cingulate gyrus,Cingulate gyrus | Orbitomedial Prefrontal Cortex (OMPFC) | Lateral Prefrontal Cortex,1,1,24b',12o,24c,3,0,1,Cingulate gyrus::24b + 24c,Cingulate gyrus::23b + 23c + 24a' + 24b',Orbitomedial Prefrontal Cortex (OMPFC)::11l + 12m + 12o + 13l + 13m,Cingulate gyrus::24b + 24c,3,0,1,low_resolution,training_n<8;nearest_centroid_corr>=0.95;fold_local_merged_confusion_group,23b | 23c | 24a' | 24b',low_resolution,24b | 24c,36,15,hybrid_projected_network_logcpm_exact
top3_network_beam_local_region_candidates,19R582,7b,"Parietal, and Parieto-occipital region","Parietal, and Parieto-occipital region | Temporal | Lateral Prefrontal Cortex",1,1,7b,7a,7op,1,1,1,"Parietal, and Parieto-occipital region::1-2 + 5 + 7a + 7b + 7op + LIPd + LIPv + VIP","Parietal, and Parieto-occipital region::1-2 + 5 + 7a + 7b + 7op + LIPd + LIPv + VIP",Temporal::A1 + AL + CL + CM + ML + R + TPO + Tpt,Lateral Prefrontal Cortex::44 + 45 + 8A + 8Bd + 8Bs,1,1,1,low_resolution,nearest_centroid_corr>=0.95;fold_local_merged_confusion_group,1-2 | 5 | 7a | 7b | 7op | LIPd | LIPv | VIP,low_resolution,1-2 | 5 | 7a | 7b | 7op | LIPd | LIPv | VIP,50,16,hybrid_projected_network_logcpm_exact
top3_network_beam_local_region_candidates,19R583,7op,"Parietal, and Parieto-occipital region","Parietal, and Parieto-occipital region | Temporal | Lateral Prefrontal Cortex",1,1,7b,7op,7a,2,0,1,"Parietal, and Parieto-occipital region::1-2 + 5 + 7a + 7b + 7op + LIPd + LIPv + VIP","Parietal, and Parieto-occipital region::1-2 + 5 + 7a + 7b + 7op + LIPd + LIPv + VIP",Temporal::A1 + AL + CL + CM + ML + R + TPO + Tpt,Lateral Prefrontal Cortex::44 + 45 + 8A + 8Bd + 8Bm + 8Bs + 9d + 9m,1,1,1,low_resolution,nearest_centroid_corr>=0.95;fold_local_merged_confusion_group,1-2 | 5 | 7a | 7b | 7op | LIPd | LIPv | VIP,low_resolution,1-2 | 5 | 7a | 7b | 7op | LIPd | LIPv | VIP,50,16,hybrid_projected_network_logcpm_exact
top3_network_beam_local_region_candidates,19R584,A1,Temporal,"Parietal, and Parieto-occipital region | Temporal | Occipital/Temporal",0,1,A1,CL,CM,1,1,1,Temporal::A1 + CL + CM + IPa + ML + TPO + Tpt,Temporal::A1 + CL + CM + IPa + ML + TPO + Tpt,3a/b,"Parietal, and Parieto-occipital region::1-2 + 5 + 7a + 7b + 7op + LIPd + LIPv + VIP",1,1,1,low_resolution,nearest_centroid_corr>=0.95;fold_local_merged_confusion_group,A1 | CL | CM | IPa | ML | TPO | Tpt,low_resolution,A1 | CL | CM | IPa | ML | TPO | Tpt,46,17,hybrid_projected_network_logcpm_exact
top3_network_beam_local_region_candidates,19R585,CL,Temporal,"Parietal, and Parieto-occipital region | Temporal | Occipital/Temporal",0,1,CM,ML,CL,3,0,1,Temporal::A1 + CL + CM + IPa + ML + TPO + Tpt,Temporal::A1 + CL + CM + IPa + ML + TPO + Tpt,3a/b,"Parietal, and Parieto-occipital region::1-2 + 5 + 7a + 7b + 7op + LIPd + LIPv + VIP",1,1,1,low_resolution,training_n<8;nearest_centroid_corr>=0.95;fold_local_merged_confusion_group,A1 | CL | CM | IPa | ML | TPO | Tpt,low_resolution,A1 | CL | CM | IPa | ML | TPO | Tpt,46,17,hybrid_projected_network_logcpm_exact
top3_network_beam_local_region_candidates,19R586,TEpd,Temporal,"Temporal | Parietal, and Parieto-occipital region | Occipital/Temporal",1,1,TEpd,V4v,TEO,1,1,1,Temporal::TEO + TEad + TEm + TEpd + TEpv,Temporal::TEO + TEad + TEm + TEpd + TEpv,Occipital/Temporal::V4 + V4v,Temporal::A1 + CL + CM + IPa + ML + TPO + Tpt,1,1,1,low_resolution,training_n<8;nearest_centroid_corr>=0.95;fold_local_merged_confusion_group,TEO | TEad | TEm | TEpd | TEpv,low_resolution,TEO | TEad | TEm | TEpd | TEpv,46,17,hybrid_projected_network_logcpm_exact
top3_network_beam_local_region_candidates,19R587,TEpv,Temporal,Temporal | Operculum/Insula | Orbitomedial Prefrontal Cortex (OMPFC),1,1,TEav,TEad,TAa,12,0,0,Temporal::TEO + TEad + TEav + TEm + TEpd + TEpv + TFO,Temporal::TEO + TEad + TEav + TEm + TEpd + TEpv + TFO,TAa,Temporal::RTL + STG,1,1,1,low_resolution,nearest_centroid_corr>=0.95;fold_local_merged_confusion_group,TEO | TEad | TEav | TEm | TEpd | TEpv | TFO,low_resolution,TEO | TEad | TEav | TEm | TEpd | TEpv | TFO,51,17,hybrid_projected_network_logcpm_exact
top3_network_beam_local_region_candidates,19R588,9m,Lateral Prefrontal Cortex,Frontal (agranular frontal motor areas) | Cingulate gyrus | Lateral Prefrontal Cortex,0,1,8Bm,F6,F5,9,0,0,Lateral Prefrontal Cortex::44 + 45 + 8A + 8Bd + 8Bm + 8Bs + 9d + 9m,Lateral Prefrontal Cortex::44 + 45 + 8A + 8Bd + 8Bm + 8Bs + 9d + 9m,F6,F5,1,1,1,low_resolution,training_n<8;nearest_centroid_corr>=0.95;fold_local_merged_confusion_group,44 | 45 | 8A | 8Bd | 8Bm | 8Bs | 9d | 9m,low_resolution,44 | 45 | 8A | 8Bd | 8Bm | 8Bs | 9d | 9m,30,13,hybrid_projected_network_logcpm_exact
top3_network_beam_local_region_candidates,19R589,9d,Lateral Prefrontal Cortex,Frontal (agranular frontal motor areas) | Lateral Prefrontal Cortex | Cingulate gyrus,0,1,44,F2,8Bs,13,0,0,Lateral Prefrontal Cortex::44 + 45 + 8A + 8Bd + 8Bm + 8Bs + 9d + 9m,Lateral Prefrontal Cortex::44 + 45 + 8A + 8Bd + 8Bm + 8Bs + 9d + 9m,Frontal (agranular frontal motor areas)::F1 + F2 + F3,F7,1,1,1,low_resolution,training_n<8;nearest_centroid_corr>=0.95;fold_local_merged_confusion_group,44 | 45 | 8A | 8Bd | 8Bm | 8Bs | 9d | 9m,low_resolution,44 | 45 | 8A | 8Bd | 8Bm | 8Bs | 9d | 9m,30,13,hybrid_projected_network_logcpm_exact
top3_network_beam_local_region_candidates,19R590,12m,Orbitomedial Prefrontal Cortex (OMPFC),Lateral Prefrontal Cortex | Orbitomedial Prefrontal Cortex (OMPFC) | Cingulate gyrus,0,1,12l,9d,12r,4,0,0,Orbitomedial Prefrontal Cortex (OMPFC)::11l + 12m + 12o + 13b + 13l + 13m,Lateral Prefrontal Cortex::10o + 12l + 12r + 46d + 46v,Lateral Prefrontal Cortex::44 + 45 + 8A + 8Bd + 8Bm + 8Bs + 9d + 9m,Orbitomedial Prefrontal Cortex (OMPFC)::11l + 12m + 12o + 13b + 13l + 13m,3,0,1,low_resolution,training_n<8;nearest_centroid_corr>=0.95;fold_local_merged_confusion_group,10o | 12l | 12r | 46d | 46v,low_resolution,11l | 12m | 12o | 13b | 13l | 13m,36,13,hybrid_projected_network_logcpm_exact
top3_network_beam_local_region_candidates,19R591,13b,Orbitomedial Prefrontal Cortex (OMPFC),Orbitomedial Prefrontal Cortex (OMPFC) | Operculum/Insula | Cingulate gyrus,1,1,13a,13b,11m,2,0,1,Orbitomedial Prefrontal Cortex (OMPFC)::10m + 13a + 13b + 14c + 14r + 25 + 32,Orbitomedial Prefrontal Cortex (OMPFC)::10m + 13a + 13b + 14c + 14r + 25 + 32,Orbitomedial Prefrontal Cortex (OMPFC)::11l + 11m + 12m + 12o + 13l + 13m,Cingulate gyrus::23b + 23c + 24b + 24b' + 24c + 24c',1,1,1,low_resolution,training_n<8;nearest_centroid_corr>=0.95;fold_local_merged_confusion_group,10m | 13a | 13b | 14c | 14r | 25 | 32,low_resolution,10m | 13a | 13b | 14c | 14r | 25 | 32,34,9,hybrid_projected_network_logcpm_exact
top3_network_beam_local_region_candidates,19R592,14r,Orbitomedial Prefrontal Cortex (OMPFC),Orbitomedial Prefrontal Cortex (OMPFC) | Cingulate gyrus | Lateral Prefrontal Cortex,1,1,13b,11m,10m,8,0,0,14r,13b,11m,10m,6,0,0,low_resolution,nearest_centroid_corr>=0.95,13b,low_resolution,14r,36,14,hybrid_projected_network_logcpm_exact
top3_network_beam_local_region_candidates,19R593,32,Orbitomedial Prefrontal Cortex (OMPFC),Orbitomedial Prefrontal Cortex (OMPFC) | Cingulate gyrus | Operculum/Insula,1,1,32,24b,14c,1,1,1,Orbitomedial Prefrontal Cortex (OMPFC)::10m + 13a + 13b + 14c + 14r + 25 + 32,Orbitomedial Prefrontal Cortex (OMPFC)::10m + 13a + 13b + 14c + 14r + 25 + 32,Cingulate gyrus::23b + 23c + 24b + 24b' + 24c + 24c',Orbitomedial Prefrontal Cortex (OMPFC)::11l + 11m + 12m + 12o + 13l + 13m,1,1,1,low_resolution,training_n<8;nearest_centroid_corr>=0.95;fold_local_merged_confusion_group,10m | 13a | 13b | 14c | 14r | 25 | 32,low_resolution,10m | 13a | 13b | 14c | 14r | 25 | 32,34,9,hybrid_projected_network_logcpm_exact
top3_network_beam_local_region_candidates,19R594,44,Lateral Prefrontal Cortex,Lateral Prefrontal Cortex | Frontal (agranular frontal motor areas) | Cingulate gyrus,1,1,F5,12l,9d,18,0,0,Lateral Prefrontal Cortex::44 + 45 + 8A + 8Bd + 8Bm + 8Bs + 9d + 9m,F5,Lateral Prefrontal Cortex::10o + 12l + 12r + 46d + 46v,Lateral Prefrontal Cortex::44 + 45 + 8A + 8Bd + 8Bm + 8Bs + 9d + 9m,3,0,1,low_resolution,training_n<8;nearest_centroid_corr>=0.95,F5,low_resolution,44 | 45 | 8A | 8Bd | 8Bm | 8Bs | 9d | 9m,30,13,hybrid_projected_network_logcpm_exact
top3_network_beam_local_region_candidates,19R595,12o,Orbitomedial Prefrontal Cortex (OMPFC),Orbitomedial Prefrontal Cortex (OMPFC) | Cingulate gyrus | Operculum/Insula,1,1,24c,PrCo,12o,3,0,1,Orbitomedial Prefrontal Cortex (OMPFC)::11l + 11m + 12m + 12o + 13l + 13m,Cingulate gyrus::23b + 23c + 24b + 24b' + 24c + 24c',Operculum/Insula::G + Iapl + Id + Ig + PrCo + Ri + SII,Orbitomedial Prefrontal Cortex (OMPFC)::11l + 11m + 12m + 12o + 13l + 13m,3,0,1,low_resolution,nearest_centroid_corr>=0.95;fold_local_merged_confusion_group,23b | 23c | 24b | 24b' | 24c | 24c',low_resolution,11l | 11m | 12m | 12o | 13l | 13m,34,9,hybrid_projected_network_logcpm_exact
top3_network_beam_local_region_candidates,19R596,13a,Orbitomedial Prefrontal Cortex (OMPFC),Orbitomedial Prefrontal Cortex (OMPFC) | Operculum/Insula | Cingulate gyrus,1,1,24a',23b,Iapl,15,0,0,Orbitomedial Prefrontal Cortex (OMPFC)::10m + 13a + 13b + 14c + 25 + 32,24a',Cingulate gyrus::23b + 23c + 24b + 24b' + 24c + 24c',Operculum/Insula::G + Iapl + Id + Ig + PrCo + Ri + SII,5,0,0,low_resolution,training_n<8;nearest_centroid_corr>=0.95,24a',low_resolution,10m | 13a | 13b | 14c | 25 | 32,34,10,hybrid_projected_network_logcpm_exact
top3_network_beam_local_region_candidates,19R597,13b,Orbitomedial Prefrontal Cortex (OMPFC),Orbitomedial Prefrontal Cortex (OMPFC) | Lateral Prefrontal Cortex | Operculum/Insula,1,1,10o,10m,11m,8,0,0,Orbitomedial Prefrontal Cortex (OMPFC)::10m + 13a + 13b + 14c + 25 + 32,Lateral Prefrontal Cortex::10o + 12l + 12r + 46d + 46v,Orbitomedial Prefrontal Cortex (OMPFC)::10m + 13a + 13b + 14c + 25 + 32,Orbitomedial Prefrontal Cortex (OMPFC)::11l + 11m + 12m + 12o + 13l + 13m,2,0,1,low_resolution,nearest_centroid_corr>=0.95;fold_local_merged_confusion_group,10o | 12l | 12r | 46d | 46v,low_resolution,10m | 13a | 13b | 14c | 25 | 32,37,10,hybrid_projected_network_logcpm_exact
top3_network_beam_local_region_candidates,19R598,14c,Orbitomedial Prefrontal Cortex (OMPFC),Orbitomedial Prefrontal Cortex (OMPFC) | Operculum/Insula | Cingulate gyrus,1,1,13a,14c,14r,2,0,1,Orbitomedial Prefrontal Cortex (OMPFC)::10m + 13a + 13b + 14c + 14r + 25 + 32,Orbitomedial Prefrontal Cortex (OMPFC)::10m + 13a + 13b + 14c + 14r + 25 + 32,Orbitomedial Prefrontal Cortex (OMPFC)::11l + 11m + 12m + 12o + 13l + 13m,Cingulate gyrus::23b + 23c + 24b + 24b' + 24c + 24c',1,1,1,low_resolution,training_n<8;nearest_centroid_corr>=0.95;fold_local_merged_confusion_group,10m | 13a | 13b | 14c | 14r | 25 | 32,low_resolution,10m | 13a | 13b | 14c | 14r | 25 | 32,34,9,hybrid_projected_network_logcpm_exact
top3_network_beam_local_region_candidates,19R599,25,Orbitomedial Prefrontal Cortex (OMPFC),Orbitomedial Prefrontal Cortex (OMPFC) | Operculum/Insula | Cingulate gyrus,1,1,25,24c,13a,1,1,1,Orbitomedial Prefrontal Cortex (OMPFC)::10m + 13a + 13b + 14c + 14r + 25 + 32,Orbitomedial Prefrontal Cortex (OMPFC)::10m + 13a + 13b + 14c + 14r + 25 + 32,Cingulate gyrus::23b + 23c + 24a' + 24b + 24b' + 24c + 24c',Operculum/Insula::G + Iapl + Id + Ig + PrCo + Ri + SII,1,1,1,low_resolution,training_n<8;nearest_centroid_corr>=0.95;fold_local_merged_confusion_group,10m | 13a | 13b | 14c | 14r | 25 | 32,low_resolution,10m | 13a | 13b | 14c | 14r | 25 | 32,34,8,hybrid_projected_network_logcpm_exact
top3_network_beam_local_region_candidates,19R600,44,Lateral Prefrontal Cortex,"Frontal (agranular frontal motor areas) | Lateral Prefrontal Cortex | Parietal, and Parieto-occipital region",0,1,F1,F2,F3,12,0,0,Lateral Prefrontal Cortex::44 + 45 + 8A + 8Bd + 8Bs,Frontal (agranular frontal motor areas)::F1 + F2,F3,Lateral Prefrontal Cortex::44 + 45 + 8A + 8Bd + 8Bs,3,0,1,low_resolution,nearest_centroid_corr>=0.95;fold_local_merged_confusion_group,F1 | F2,low_resolution,44 | 45 | 8A | 8Bd | 8Bs,30,11,hybrid_projected_network_logcpm_exact
top3_network_beam_local_region_candidates,19R601,12o,Orbitomedial Prefrontal Cortex (OMPFC),Orbitomedial Prefrontal Cortex (OMPFC) | Cingulate gyrus | Operculum/Insula,1,1,32,24b',24b,9,0,0,Orbitomedial Prefrontal Cortex (OMPFC)::11l + 11m + 12m + 12o + 13l + 13m,Orbitomedial Prefrontal Cortex (OMPFC)::10m + 13a + 13b + 14c + 14r + 25 + 32,Cingulate gyrus::23b + 23c + 24b + 24b' + 24c + 24c',Orbitomedial Prefrontal Cortex (OMPFC)::11l + 11m + 12m + 12o + 13l + 13m,3,0,1,low_resolution,nearest_centroid_corr>=0.95;fold_local_merged_confusion_group,10m | 13a | 13b | 14c | 14r | 25 | 32,low_resolution,11l | 11m | 12m | 12o | 13l | 13m,34,9,hybrid_projected_network_logcpm_exact
top3_network_beam_local_region_candidates,19R602,13a,Orbitomedial Prefrontal Cortex (OMPFC),Operculum/Insula | Orbitomedial Prefrontal Cortex (OMPFC) | Cingulate gyrus,0,1,25,14c,Ial,6,0,0,Orbitomedial Prefrontal Cortex (OMPFC)::13a + 14c + 14r,Orbitomedial Prefrontal Cortex (OMPFC)::10m + 13b + 25 + 32,Orbitomedial Prefrontal Cortex (OMPFC)::13a + 14c + 14r,Operculum/Insula::Ia + Ial + Iapm + Pi,2,0,1,low_resolution,training_n<8;nearest_centroid_corr>=0.95;fold_local_merged_confusion_group,10m | 13b | 25 | 32,low_resolution,13a | 14c | 14r,34,11,hybrid_projected_network_logcpm_exact
top3_network_beam_local_region_candidates,19R603,13b,Orbitomedial Prefrontal Cortex (OMPFC),Operculum/Insula | Orbitomedial Prefrontal Cortex (OMPFC) | Cingulate gyrus,0,1,25,13a,14c,19,0,0,Orbitomedial Prefrontal Cortex (OMPFC)::10m + 13a + 13b + 14c + 14r + 25 + 32,Orbitomedial Prefrontal Cortex (OMPFC)::10m + 13a + 13b + 14c + 14r + 25 + 32,Operculum/Insula::Ia + Ial + Iapm + Pi,Cingulate gyrus::23b + 23c + 24b + 24b' + 24c + 24c',1,1,1,low_resolution,training_n<8;nearest_centroid_corr>=0.95;fold_local_merged_confusion_group,10m | 13a | 13b | 14c | 14r | 25 | 32,low_resolution,10m | 13a | 13b | 14c | 14r | 25 | 32,34,9,hybrid_projected_network_logcpm_exact
top3_network_beam_local_region_candidates,19R604,14c,Orbitomedial Prefrontal Cortex (OMPFC),Orbitomedial Prefrontal Cortex (OMPFC) | Operculum/Insula | Cingulate gyrus,1,1,32,14c,13a,2,0,1,Orbitomedial Prefrontal Cortex (OMPFC)::10m + 13a + 13b + 14c + 14r + 25 + 32,Orbitomedial Prefrontal Cortex (OMPFC)::10m + 13a + 13b + 14c + 14r + 25 + 32,Cingulate gyrus::23b + 23c + 24b + 24b' + 24c + 24c',Orbitomedial Prefrontal Cortex (OMPFC)::11l + 11m + 12m + 12o + 13l + 13m,1,1,1,low_resolution,nearest_centroid_corr>=0.95;fold_local_merged_confusion_group,10m | 13a | 13b | 14c | 14r | 25 | 32,low_resolution,10m | 13a | 13b | 14c | 14r | 25 | 32,34,9,hybrid_projected_network_logcpm_exact
top3_network_beam_local_region_candidates,19R605,25,Orbitomedial Prefrontal Cortex (OMPFC),Orbitomedial Prefrontal Cortex (OMPFC) | Operculum/Insula | Cingulate gyrus,1,1,13a,14c,Iapl,6,0,0,Orbitomedial Prefrontal Cortex (OMPFC)::10m + 13a + 13b + 14c + 14r + 25 + 32,Orbitomedial Prefrontal Cortex (OMPFC)::10m + 13a + 13b + 14c + 14r + 25 + 32,Operculum/Insula::G + Iapl + Id + Ig + PrCo + Ri + SII,Cingulate gyrus::23b + 23c + 24b + 24b' + 24c + 24c',1,1,1,low_resolution,training_n<8;nearest_centroid_corr>=0.95;fold_local_merged_confusion_group,10m | 13a | 13b | 14c | 14r | 25 | 32,low_resolution,10m | 13a | 13b | 14c | 14r | 25 | 32,34,9,hybrid_projected_network_logcpm_exact
top3_network_beam_local_region_candidates,19R606,45,Lateral Prefrontal Cortex,"Frontal (agranular frontal motor areas) | Lateral Prefrontal Cortex | Parietal, and Parieto-occipital region",0,1,F1,F2,8Bs,22,0,0,Lateral Prefrontal Cortex::44 + 45 + 8A + 8Bd + 8Bs,Frontal (agranular frontal motor areas)::F1 + F2,Lateral Prefrontal Cortex::44 + 45 + 8A + 8Bd + 8Bs,"Parietal, and Parieto-occipital region::1-2 + 5 + 7a + 7b + 7op + LIPd + LIPv + VIP",2,0,1,low_resolution,nearest_centroid_corr>=0.95;fold_local_merged_confusion_group,F1 | F2,low_resolution,44 | 45 | 8A | 8Bd | 8Bs,30,11,hybrid_projected_network_logcpm_exact
top3_network_beam_local_region_candidates,19R607,F5,Frontal (agranular frontal motor areas),"Frontal (agranular frontal motor areas) | Lateral Prefrontal Cortex | Parietal, and Parieto-occipital region",1,1,F2,F3,8Bs,26,0,0,F5,Frontal (agranular frontal motor areas)::F1 + F2,F3,Lateral Prefrontal Cortex::44 + 45 + 8A + 8Bd + 8Bs,11,0,0,low_resolution,nearest_centroid_corr>=0.95;fold_local_merged_confusion_group,F1 | F2,low_resolution,F5,30,11,hybrid_projected_network_logcpm_exact
top3_network_beam_local_region_candidates,19R608,12r,Lateral Prefrontal Cortex,"Lateral Prefrontal Cortex | Parietal, and Parieto-occipital region | Frontal (agranular frontal motor areas)",1,1,9d,45,44,17,0,0,Lateral Prefrontal Cortex::10o + 12l + 12r + 46d + 46v + 8Bm + 9d + 9m,Lateral Prefrontal Cortex::10o + 12l + 12r + 46d + 46v + 8Bm + 9d + 9m,Lateral Prefrontal Cortex::44 + 45 + 8A + 8Bd + 8Bs,"Parietal, and Parieto-occipital region::1-2 + 5 + 7a + 7b + 7op + LIPd + LIPv + VIP",1,1,1,low_resolution,nearest_centroid_corr>=0.95;fold_local_merged_confusion_group,10o | 12l | 12r | 46d | 46v | 8Bm | 9d | 9m,low_resolution,10o | 12l | 12r | 46d | 46v | 8Bm | 9d | 9m,30,10,hybrid_projected_network_logcpm_exact
top3_network_beam_local_region_candidates,19R609,32,Orbitomedial Prefrontal Cortex (OMPFC),Orbitomedial Prefrontal Cortex (OMPFC) | Cingulate gyrus | Operculum/Insula,1,1,24c,32,24b',2,0,1,Orbitomedial Prefrontal Cortex (OMPFC)::10m + 13a + 13b + 14c + 14r + 25 + 32,Cingulate gyrus::23b + 23c + 24b + 24b' + 24c + 24c',Orbitomedial Prefrontal Cortex (OMPFC)::10m + 13a + 13b + 14c + 14r + 25 + 32,Orbitomedial Prefrontal Cortex (OMPFC)::11l + 11m + 12m + 12o + 13l + 13m,2,0,1,low_resolution,nearest_centroid_corr>=0.95;fold_local_merged_confusion_group,23b | 23c | 24b | 24b' | 24c | 24c',low_resolution,10m | 13a | 13b | 14c | 14r | 25 | 32,34,9,hybrid_projected_network_logcpm_exact
top3_network_beam_local_region_candidates,19R610,24c,Cingulate gyrus,Orbitomedial Prefrontal Cortex (OMPFC) | Cingulate gyrus | Operculum/Insula,0,1,32,24b',24b,8,0,0,Cingulate gyrus::23b + 23c + 24b + 24b' + 24c + 24c',Orbitomedial Prefrontal Cortex (OMPFC)::10m + 13a + 13b + 14c + 14r + 25 + 32,Cingulate gyrus::23b + 23c + 24b + 24b' + 24c + 24c',Orbitomedial Prefrontal Cortex (OMPFC)::11l + 11m + 12m + 12o + 13l + 13m,2,0,1,low_resolution,nearest_centroid_corr>=0.95;fold_local_merged_confusion_group,10m | 13a | 13b | 14c | 14r | 25 | 32,low_resolution,23b | 23c | 24b | 24b' | 24c | 24c',34,9,hybrid_projected_network_logcpm_exact
top3_network_beam_local_region_candidates,19R611,7b,"Parietal, and Parieto-occipital region","Temporal | Parietal, and Parieto-occipital region | Lateral Prefrontal Cortex",0,1,7b,7a,Tpt,1,1,1,"Parietal, and Parieto-occipital region::3a/b + 5 + 7a + 7b + 7op + LIPd + LIPv + VIP","Parietal, and Parieto-occipital region::3a/b + 5 + 7a + 7b + 7op + LIPd + LIPv + VIP",Temporal::A1 + AL + CL + CM + ML + R + TPO + Tpt,1-2,1,1,1,low_resolution,nearest_centroid_corr>=0.95;fold_local_merged_confusion_group,3a/b | 5 | 7a | 7b | 7op | LIPd | LIPv | VIP,low_resolution,3a/b | 5 | 7a | 7b | 7op | LIPd | LIPv | VIP,50,16,hybrid_projected_network_logcpm_exact
top3_network_beam_local_region_candidates,19R612,7op,"Parietal, and Parieto-occipital region","Parietal, and Parieto-occipital region | Temporal | Lateral Prefrontal Cortex",1,1,7b,7op,7a,2,0,1,"Parietal, and Parieto-occipital region::1-2 + 5 + 7a + 7b + 7op + LIPd + LIPv + VIP","Parietal, and Parieto-occipital region::1-2 + 5 + 7a + 7b + 7op + LIPd + LIPv + VIP",Temporal::A1 + AL + CL + CM + ML + R + TPO + Tpt,IPa,1,1,1,low_resolution,nearest_centroid_corr>=0.95;fold_local_merged_confusion_group,1-2 | 5 | 7a | 7b | 7op | LIPd | LIPv | VIP,low_resolution,1-2 | 5 | 7a | 7b | 7op | LIPd | LIPv | VIP,50,16,hybrid_projected_network_logcpm_exact
top3_network_beam_local_region_candidates,19R613,ML,Temporal,"Parietal, and Parieto-occipital region | Temporal | Lateral Prefrontal Cortex",0,1,7op,7b,7a,11,0,0,Temporal::A1 + CL + CM + ML + TPO + Tpt,"Parietal, and Parieto-occipital region::1-2 + 5 + 7a + 7b + 7op + LIPd + LIPv + VIP",IPa,Temporal::A1 + CL + CM + ML + TPO + Tpt,3,0,1,low_resolution,nearest_centroid_corr>=0.95;fold_local_merged_confusion_group,1-2 | 5 | 7a | 7b | 7op | LIPd | LIPv | VIP,low_resolution,A1 | CL | CM | ML | TPO | Tpt,50,17,hybrid_projected_network_logcpm_exact
top3_network_beam_local_region_candidates,19R614,R,Temporal,Operculum/Insula | Orbitomedial Prefrontal Cortex (OMPFC) | Temporal,0,1,13b,STG,PrCo,42,0,0,R,Orbitomedial Prefrontal Cortex (OMPFC)::13a + 13b + 14c + 14r + 25,Temporal::RTL + STG,PrCo,17,0,0,low_resolution,nearest_centroid_corr>=0.95;fold_local_merged_confusion_group,13a | 13b | 14c | 14r | 25,low_resolution,R,51,17,hybrid_projected_network_logcpm_exact
top3_network_beam_local_region_candidates,19R627,10m,Orbitomedial Prefrontal Cortex (OMPFC),Cingulate gyrus | Lateral Prefrontal Cortex | Orbitomedial Prefrontal Cortex (OMPFC),0,1,10m,10o,9m,1,1,1,10m,10m,Lateral Prefrontal Cortex::10o + 12l + 12r + 46d + 46v,Lateral Prefrontal Cortex::44 + 45 + 8A + 8Bd + 8Bm + 8Bs + 9d + 9m,1,1,1,low_resolution,nearest_centroid_corr>=0.95,10m,low_resolution,10m,36,14,hybrid_projected_network_logcpm_exact
top3_network_beam_local_region_candidates,19R628,46d,Lateral Prefrontal Cortex,"Lateral Prefrontal Cortex | Parietal, and Parieto-occipital region | Frontal (agranular frontal motor areas)",1,1,12r,12l,46v,5,0,0,Lateral Prefrontal Cortex::10o + 12l + 12r + 46d + 46v + 8Bm + 9m,Lateral Prefrontal Cortex::10o + 12l + 12r + 46d + 46v + 8Bm + 9m,9d,F5,1,1,1,low_resolution,nearest_centroid_corr>=0.95;fold_local_merged_confusion_group,10o | 12l | 12r | 46d | 46v | 8Bm | 9m,low_resolution,10o | 12l | 12r | 46d | 46v | 8Bm | 9m,30,11,hybrid_projected_network_logcpm_exact
top3_network_beam_local_region_candidates,19R629,46v,Lateral Prefrontal Cortex,Lateral Prefrontal Cortex | Cingulate gyrus | Orbitomedial Prefrontal Cortex (OMPFC),1,1,12r,10o,12m,5,0,0,Lateral Prefrontal Cortex::10o + 12l + 12r + 46d + 46v,Lateral Prefrontal Cortex::10o + 12l + 12r + 46d + 46v,Orbitomedial Prefrontal Cortex (OMPFC)::11l + 12m + 12o + 13l + 13m,10m,1,1,1,low_resolution,nearest_centroid_corr>=0.95;fold_local_merged_confusion_group,10o | 12l | 12r | 46d | 46v,low_resolution,10o | 12l | 12r | 46d | 46v,36,15,hybrid_projected_network_logcpm_exact
top3_network_beam_local_region_candidates,19R630,12r,Lateral Prefrontal Cortex,Lateral Prefrontal Cortex | Orbitomedial Prefrontal Cortex (OMPFC) | Cingulate gyrus,1,1,10o,11l,46v,6,0,0,Lateral Prefrontal Cortex::10o + 12l + 12r + 46d + 46v,Lateral Prefrontal Cortex::10o + 12l + 12r + 46d + 46v,Orbitomedial Prefrontal Cortex (OMPFC)::11l + 12m + 12o + 13b + 13l + 13m,10m,1,1,1,low_resolution,nearest_centroid_corr>=0.95;fold_local_merged_confusion_group,10o | 12l | 12r | 46d | 46v,low_resolution,10o | 12l | 12r | 46d | 46v,36,14,hybrid_projected_network_logcpm_exact
top3_network_beam_local_region_candidates,19R631,11l,Orbitomedial Prefrontal Cortex (OMPFC),Lateral Prefrontal Cortex | Orbitomedial Prefrontal Cortex (OMPFC) | Cingulate gyrus,0,1,10o,12r,12m,9,0,0,Orbitomedial Prefrontal Cortex (OMPFC)::11l + 12m + 12o + 13l + 13m,Lateral Prefrontal Cortex::10o + 12l + 12r + 46d + 46v,Orbitomedial Prefrontal Cortex (OMPFC)::11l + 12m + 12o + 13l + 13m,10m,2,0,1,low_resolution,nearest_centroid_corr>=0.95;fold_local_merged_confusion_group,10o | 12l | 12r | 46d | 46v,low_resolution,11l | 12m | 12o | 13l | 13m,36,14,hybrid_projected_network_logcpm_exact
top3_network_beam_local_region_candidates,19R632,10o,Lateral Prefrontal Cortex,Orbitomedial Prefrontal Cortex (OMPFC) | Cingulate gyrus | Lateral Prefrontal Cortex,0,1,10m,13b,10o,3,0,1,Lateral Prefrontal Cortex::10o + 12l + 12r + 46d + 46v,10m,13b,Lateral Prefrontal Cortex::10o + 12l + 12r + 46d + 46v,3,0,1,low_resolution,nearest_centroid_corr>=0.95,10m,low_resolution,10o | 12l | 12r | 46d | 46v,36,14,hybrid_projected_network_logcpm_exact
top3_network_beam_local_region_candidates,19R633,9m,Lateral Prefrontal Cortex,Lateral Prefrontal Cortex | Frontal (agranular frontal motor areas) | Cingulate gyrus,1,1,8Bm,12l,9m,3,0,1,Lateral Prefrontal Cortex::44 + 45 + 8A + 8Bd + 8Bm + 8Bs + 9d + 9m,Lateral Prefrontal Cortex::44 + 45 + 8A + 8Bd + 8Bm + 8Bs + 9d + 9m,Lateral Prefrontal Cortex::10o + 12l + 12r + 46d + 46v,F6,1,1,1,low_resolution,training_n<8;nearest_centroid_corr>=0.95;fold_local_merged_confusion_group,44 | 45 | 8A | 8Bd | 8Bm | 8Bs | 9d | 9m,low_resolution,44 | 45 | 8A | 8Bd | 8Bm | 8Bs | 9d | 9m,30,13,hybrid_projected_network_logcpm_exact
top3_network_beam_local_region_candidates,19R634,9d,Lateral Prefrontal Cortex,Lateral Prefrontal Cortex | Frontal (agranular frontal motor areas) | Cingulate gyrus,1,1,12l,F5,8Bm,7,0,0,Lateral Prefrontal Cortex::44 + 45 + 8A + 8Bd + 8Bm + 8Bs + 9d + 9m,Lateral Prefrontal Cortex::10o + 12l + 12r + 46d + 46v,F5,Lateral Prefrontal Cortex::44 + 45 + 8A + 8Bd + 8Bm + 8Bs + 9d + 9m,3,0,1,low_resolution,training_n<8;nearest_centroid_corr>=0.95;fold_local_merged_confusion_group,10o | 12l | 12r | 46d | 46v,low_resolution,44 | 45 | 8A | 8Bd | 8Bm | 8Bs | 9d | 9m,30,13,hybrid_projected_network_logcpm_exact
top3_network_beam_local_region_candidates,19R635,12l,Lateral Prefrontal Cortex,Lateral Prefrontal Cortex | Orbitomedial Prefrontal Cortex (OMPFC) | Cingulate gyrus,1,1,12r,10o,12m,8,0,0,Lateral Prefrontal Cortex::10o + 12l + 12r + 46d + 46v,Lateral Prefrontal Cortex::10o + 12l + 12r + 46d + 46v,Orbitomedial Prefrontal Cortex (OMPFC)::11l + 12m + 12o + 13l + 13m,10m,1,1,1,low_resolution,nearest_centroid_corr>=0.95;fold_local_merged_confusion_group,10o | 12l | 12r | 46d | 46v,low_resolution,10o | 12l | 12r | 46d | 46v,36,14,hybrid_projected_network_logcpm_exact
top3_network_beam_local_region_candidates,19R636,12m,Orbitomedial Prefrontal Cortex (OMPFC),Lateral Prefrontal Cortex | Orbitomedial Prefrontal Cortex (OMPFC) | Cingulate gyrus,0,1,12r,12l,10o,8,0,0,Orbitomedial Prefrontal Cortex (OMPFC)::11l + 12m + 12o + 13l + 13m,Lateral Prefrontal Cortex::10o + 12l + 12r + 46d + 46v,Orbitomedial Prefrontal Cortex (OMPFC)::11l + 12m + 12o + 13l + 13m,10m,2,0,1,low_resolution,nearest_centroid_corr>=0.95;fold_local_merged_confusion_group,10o | 12l | 12r | 46d | 46v,low_resolution,11l | 12m | 12o | 13l | 13m,36,15,hybrid_projected_network_logcpm_exact
top3_network_beam_local_region_candidates,19R637,13b,Orbitomedial Prefrontal Cortex (OMPFC),Orbitomedial Prefrontal Cortex (OMPFC) | Cingulate gyrus | Operculum/Insula,1,1,10m,13b,11m,2,0,1,Orbitomedial Prefrontal Cortex (OMPFC)::10m + 13a + 13b + 14c + 14r + 25 + 32,Orbitomedial Prefrontal Cortex (OMPFC)::10m + 13a + 13b + 14c + 14r + 25 + 32,Orbitomedial Prefrontal Cortex (OMPFC)::11l + 11m + 12m + 12o + 13l + 13m,Operculum/Insula::G + Iapl + Id + Ig + PrCo + Ri + SII,1,1,1,low_resolution,nearest_centroid_corr>=0.95;fold_local_merged_confusion_group,10m | 13a | 13b | 14c | 14r | 25 | 32,low_resolution,10m | 13a | 13b | 14c | 14r | 25 | 32,34,9,hybrid_projected_network_logcpm_exact
top3_network_beam_local_region_candidates,19R638,14r,Orbitomedial Prefrontal Cortex (OMPFC),Orbitomedial Prefrontal Cortex (OMPFC) | Operculum/Insula | Cingulate gyrus,1,1,14r,10m,14c,1,1,1,Orbitomedial Prefrontal Cortex (OMPFC)::10m + 13a + 13b + 14c + 14r + 25 + 32,Orbitomedial Prefrontal Cortex (OMPFC)::10m + 13a + 13b + 14c + 14r + 25 + 32,Orbitomedial Prefrontal Cortex (OMPFC)::11l + 11m + 12m + 12o + 13l + 13m,Cingulate gyrus::23b + 23c + 24b + 24b' + 24c + 24c',1,1,1,low_resolution,nearest_centroid_corr>=0.95;fold_local_merged_confusion_group,10m | 13a | 13b | 14c | 14r | 25 | 32,low_resolution,10m | 13a | 13b | 14c | 14r | 25 | 32,34,9,hybrid_projected_network_logcpm_exact
top3_network_beam_local_region_candidates,19R639,32,Orbitomedial Prefrontal Cortex (OMPFC),Cingulate gyrus | Orbitomedial Prefrontal Cortex (OMPFC) | Lateral Prefrontal Cortex,0,1,24b,12o,10m,11,0,0,32,Cingulate gyrus::24b + 24c,Orbitomedial Prefrontal Cortex (OMPFC)::11l + 12m + 12o + 13l + 13m,10m,10,0,0,low_resolution,training_n<8;nearest_centroid_corr>=0.95;fold_local_merged_confusion_group,24b | 24c,low_resolution,32,36,15,hybrid_projected_network_logcpm_exact
top3_network_beam_local_region_candidates,19R640,8Bm,Lateral Prefrontal Cortex,Frontal (agranular frontal motor areas) | Lateral Prefrontal Cortex | Cingulate gyrus,0,1,F6,9d,8Bd,6,0,0,Lateral Prefrontal Cortex::10o + 12l + 12r + 46d + 46v + 8Bm + 9m,F6,Lateral Prefrontal Cortex::44 + 45 + 8A + 8Bd + 8Bs + 9d,F5,4,0,0,low_resolution,nearest_centroid_corr>=0.95,F6,low_resolution,10o | 12l | 12r | 46d | 46v | 8Bm | 9m,30,13,hybrid_projected_network_logcpm_exact
top3_network_beam_local_region_candidates,19R641,8Bd,Lateral Prefrontal Cortex,Frontal (agranular frontal motor areas) | Lateral Prefrontal Cortex | Cingulate gyrus,0,1,12l,9d,F5,10,0,0,Lateral Prefrontal Cortex::44 + 45 + 8A + 8Bd + 8Bm + 8Bs + 9d + 9m,Lateral Prefrontal Cortex::10o + 12l + 12r + 46d + 46v,Lateral Prefrontal Cortex::44 + 45 + 8A + 8Bd + 8Bm + 8Bs + 9d + 9m,F5,2,0,1,low_resolution,training_n<8;nearest_centroid_corr>=0.95;fold_local_merged_confusion_group,10o | 12l | 12r | 46d | 46v,low_resolution,44 | 45 | 8A | 8Bd | 8Bm | 8Bs | 9d | 9m,30,12,hybrid_projected_network_logcpm_exact
top3_network_beam_local_region_candidates,19R642,45,Lateral Prefrontal Cortex,Lateral Prefrontal Cortex | Cingulate gyrus | Orbitomedial Prefrontal Cortex (OMPFC),1,1,12r,12m,46v,13,0,0,Lateral Prefrontal Cortex::44 + 45 + 8A + 8Bd + 8Bm + 8Bs + 9d + 9m,Lateral Prefrontal Cortex::10o + 12l + 12r + 46d + 46v,Orbitomedial Prefrontal Cortex (OMPFC)::11l + 12m + 12o + 13b + 13l + 13m,Lateral Prefrontal Cortex::44 + 45 + 8A + 8Bd + 8Bm + 8Bs + 9d + 9m,3,0,1,low_resolution,nearest_centroid_corr>=0.95;fold_local_merged_confusion_group,10o | 12l | 12r | 46d | 46v,low_resolution,44 | 45 | 8A | 8Bd | 8Bm | 8Bs | 9d | 9m,36,13,hybrid_projected_network_logcpm_exact
top3_network_beam_local_region_candidates,19R643,24b,Cingulate gyrus,Cingulate gyrus | Orbitomedial Prefrontal Cortex (OMPFC) | Operculum/Insula,1,1,32,24b',24b,3,0,1,24b,Orbitomedial Prefrontal Cortex (OMPFC)::10m + 13a + 13b + 14c + 14r + 25 + 32,Cingulate gyrus::23b + 23c + 24b' + 24c + 24c',24b,3,0,1,low_resolution,nearest_centroid_corr>=0.95;fold_local_merged_confusion_group,10m | 13a | 13b | 14c | 14r | 25 | 32,low_resolution,24b,34,10,hybrid_projected_network_logcpm_exact
top3_network_beam_local_region_candidates,19R644,24c,Cingulate gyrus,Cingulate gyrus | Orbitomedial Prefrontal Cortex (OMPFC) | Operculum/Insula,1,1,25,24c,32,2,0,1,Cingulate gyrus::23b + 23c + 24b + 24b' + 24c + 24c',Orbitomedial Prefrontal Cortex (OMPFC)::10m + 13a + 13b + 14c + 14r + 25 + 32,Cingulate gyrus::23b + 23c + 24b + 24b' + 24c + 24c',Operculum/Insula::Ia + Ial + Iapm + Pi,2,0,1,low_resolution,training_n<8;nearest_centroid_corr>=0.95;fold_local_merged_confusion_group,10m | 13a | 13b | 14c | 14r | 25 | 32,low_resolution,23b | 23c | 24b | 24b' | 24c | 24c',34,9,hybrid_projected_network_logcpm_exact
top3_network_beam_local_region_candidates,19R645,F6,Frontal (agranular frontal motor areas),Frontal (agranular frontal motor areas) | Lateral Prefrontal Cortex | Cingulate gyrus,1,1,F3,8Bm,8Bd,5,0,0,F6,Frontal (agranular frontal motor areas)::F1 + F2 + F3,Lateral Prefrontal Cortex::44 + 45 + 8A + 8Bd + 8Bm + 8Bs + 9d + 9m,F7,4,0,0,low_resolution,nearest_centroid_corr>=0.95;fold_local_merged_confusion_group,F1 | F2 | F3,low_resolution,F6,30,13,hybrid_projected_network_logcpm_exact
top3_network_beam_local_region_candidates,19R646,F7,Frontal (agranular frontal motor areas),Frontal (agranular frontal motor areas) | Lateral Prefrontal Cortex | Cingulate gyrus,1,1,F3,44,8Bd,5,0,0,F7,Frontal (agranular frontal motor areas)::F1 + F2 + F3,Lateral Prefrontal Cortex::44 + 45 + 8A + 8Bd + 8Bm + 8Bs + 9d + 9m,F7,3,0,1,low_resolution,nearest_centroid_corr>=0.95;fold_local_merged_confusion_group,F1 | F2 | F3,low_resolution,F7,30,13,hybrid_projected_network_logcpm_exact
top3_network_beam_local_region_candidates,19R647,8Bs,Lateral Prefrontal Cortex,Frontal (agranular frontal motor areas) | Lateral Prefrontal Cortex | Cingulate gyrus,0,1,F2,8Bs,F3,2,0,1,Lateral Prefrontal Cortex::44 + 45 + 8A + 8Bd + 8Bm + 8Bs + 9d + 9m,Frontal (agranular frontal motor areas)::F1 + F2 + F3,Lateral Prefrontal Cortex::44 + 45 + 8A + 8Bd + 8Bm + 8Bs + 9d + 9m,F7,2,0,1,low_resolution,nearest_centroid_corr>=0.95;fold_local_merged_confusion_group,F1 | F2 | F3,low_resolution,44 | 45 | 8A | 8Bd | 8Bm | 8Bs | 9d | 9m,30,13,hybrid_projected_network_logcpm_exact
top3_network_beam_local_region_candidates,19R648,8A,Lateral Prefrontal Cortex,"Lateral Prefrontal Cortex | Frontal (agranular frontal motor areas) | Parietal, and Parieto-occipital region",1,1,8A,45,8Bs,1,1,1,Lateral Prefrontal Cortex::44 + 45 + 8A + 8Bd + 8Bs,Lateral Prefrontal Cortex::44 + 45 + 8A + 8Bd + 8Bs,"Parietal, and Parieto-occipital region::1-2 + 5 + 7a + 7b + 7op + LIPd + LIPv + VIP",F4,1,1,1,low_resolution,nearest_centroid_corr>=0.95;fold_local_merged_confusion_group,44 | 45 | 8A | 8Bd | 8Bs,low_resolution,44 | 45 | 8A | 8Bd | 8Bs,30,11,hybrid_projected_network_logcpm_exact
top3_network_beam_local_region_candidates,19R649,12o,Orbitomedial Prefrontal Cortex (OMPFC),Orbitomedial Prefrontal Cortex (OMPFC) | Cingulate gyrus | Operculum/Insula,1,1,12o,13b,13m,1,1,1,Orbitomedial Prefrontal Cortex (OMPFC)::11l + 11m + 12m + 12o + 13l + 13m,Orbitomedial Prefrontal Cortex (OMPFC)::11l + 11m + 12m + 12o + 13l + 13m,Orbitomedial Prefrontal Cortex (OMPFC)::10m + 13a + 13b + 14c + 14r + 25 + 32,Cingulate gyrus::23b + 23c + 24b + 24b' + 24c + 24c',1,1,1,low_resolution,training_n<8;nearest_centroid_corr>=0.95;fold_local_merged_confusion_group,11l | 11m | 12m | 12o | 13l | 13m,low_resolution,11l | 11m | 12m | 12o | 13l | 13m,34,9,hybrid_projected_network_logcpm_exact
top3_network_beam_local_region_candidates,19R650,14c,Orbitomedial Prefrontal Cortex (OMPFC),Operculum/Insula | Hippocampal formation | Orbitomedial Prefrontal Cortex (OMPFC),0,1,13a,14r,32,4,0,0,14c,Orbitomedial Prefrontal Cortex (OMPFC)::13a + 25,14r,32,4,0,0,low_resolution,training_n<8;nearest_centroid_corr>=0.95;fold_local_merged_confusion_group,13a | 25,low_resolution,14c,25,9,hybrid_projected_network_logcpm_exact
top3_network_beam_local_region_candidates,19R651,F3,Frontal (agranular frontal motor areas),Frontal (agranular frontal motor areas) | Lateral Prefrontal Cortex | Cingulate gyrus,1,1,F3,F2,F7,1,1,1,Frontal (agranular frontal motor areas)::F1 + F2 + F3 + F7,Frontal (agranular frontal motor areas)::F1 + F2 + F3 + F7,F4,F6,1,1,1,low_resolution,nearest_centroid_corr>=0.95;fold_local_merged_confusion_group,F1 | F2 | F3 | F7,low_resolution,F1 | F2 | F3 | F7,30,12,hybrid_projected_network_logcpm_exact
top3_network_beam_local_region_candidates,19R652,F2,Frontal (agranular frontal motor areas),Frontal (agranular frontal motor areas) | Lateral Prefrontal Cortex | Cingulate gyrus,1,1,F2,F3,F1,1,1,1,Frontal (agranular frontal motor areas)::F1 + F2 + F3,Frontal (agranular frontal motor areas)::F1 + F2 + F3,Lateral Prefrontal Cortex::44 + 45 + 8A + 8Bd + 8Bm + 8Bs + 9d + 9m,F7,1,1,1,low_resolution,nearest_centroid_corr>=0.95;fold_local_merged_confusion_group,F1 | F2 | F3,low_resolution,F1 | F2 | F3,30,13,hybrid_projected_network_logcpm_exact
top3_network_beam_local_region_candidates,19R653,F4,Frontal (agranular frontal motor areas),Frontal (agranular frontal motor areas) | Lateral Prefrontal Cortex | Cingulate gyrus,1,1,8Bd,F3,F6,10,0,0,F4,Lateral Prefrontal Cortex::44 + 45 + 8A + 8Bd + 8Bm + 8Bs + 9d + 9m,Frontal (agranular frontal motor areas)::F1 + F2 + F3,F6,5,0,0,low_resolution,nearest_centroid_corr>=0.95;fold_local_merged_confusion_group,44 | 45 | 8A | 8Bd | 8Bm | 8Bs | 9d | 9m,low_resolution,F4,30,13,hybrid_projected_network_logcpm_exact
top3_network_beam_local_region_candidates,19R654,3a/b,"Parietal, and Parieto-occipital region",Lateral Prefrontal Cortex | Orbitomedial Prefrontal Cortex (OMPFC) | Cingulate gyrus,0,0,13l,9m,11l,111,0,0,outside_network_beam,Orbitomedial Prefrontal Cortex (OMPFC)::11l + 12m + 12o + 13l + 13m,Lateral Prefrontal Cortex::44 + 45 + 8A + 8Bd + 8Bm + 8Bs + 9d + 9m,Lateral Prefrontal Cortex::10o + 12l + 12r + 46d + 46v,111,0,0,low_resolution,nearest_centroid_corr>=0.95;fold_local_merged_confusion_group,11l | 12m | 12o | 13l | 13m,outside_network_beam,,36,14,hybrid_projected_network_logcpm_exact
top3_network_beam_local_region_candidates,19R655,1-2,"Parietal, and Parieto-occipital region",Orbitomedial Prefrontal Cortex (OMPFC) | Operculum/Insula | Cingulate gyrus,0,0,12o,13m,10m,111,0,0,outside_network_beam,Orbitomedial Prefrontal Cortex (OMPFC)::11l + 11m + 12m + 12o + 13l + 13m,Orbitomedial Prefrontal Cortex (OMPFC)::10m + 13a + 13b + 14c + 14r + 25 + 32,Operculum/Insula::G + Iapl + Id + Ig + PrCo + Ri + SII,111,0,0,low_resolution,training_n<8;nearest_centroid_corr>=0.95;fold_local_merged_confusion_group,11l | 11m | 12m | 12o | 13l | 13m,outside_network_beam,,34,9,hybrid_projected_network_logcpm_exact
top3_network_beam_local_region_candidates,19R656,STG,Temporal,Operculum/Insula | Temporal | Orbitomedial Prefrontal Cortex (OMPFC),0,1,RT,RTM,Id,9,0,0,Temporal::RTL + STG,Temporal::RM + RT + RTM,Operculum/Insula::G + Iapl + Id + Ig + Ri + SII,Operculum/Insula::Ia + Ial + Iapm + Pi,6,0,0,low_resolution,training_n<8;nearest_centroid_corr>=0.95;fold_local_merged_confusion_group,RM | RT | RTM,low_resolution,RTL | STG,51,17,hybrid_projected_network_logcpm_exact
top3_network_beam_local_region_candidates,19R657,pu,Subcortical,Subcortical | Hippocampal formation | Operculum/Insula,1,1,pu,cd,NARegion,1,1,1,Subcortical::cd + pu,Subcortical::cd + pu,NARegion,cla,1,1,1,low_resolution,nearest_centroid_corr>=0.95;fold_local_merged_confusion_group,cd | pu,low_resolution,cd | pu,21,13,hybrid_projected_network_logcpm_exact
top3_network_beam_local_region_candidates,19R658,cd,Subcortical,Subcortical | Hippocampal formation | Operculum/Insula,1,1,NARegion,cd,pu,2,0,1,Subcortical::cd + pu,NARegion,Subcortical::cd + pu,cla,2,0,1,low_resolution,training_n<8;nearest_centroid_corr>=0.95,NARegion,low_resolution,cd | pu,21,13,hybrid_projected_network_logcpm_exact
top3_network_beam_local_region_candidates,19R659,SII,Operculum/Insula,Temporal | Operculum/Insula | Orbitomedial Prefrontal Cortex (OMPFC),0,1,AL,R,STG,9,0,0,Operculum/Insula::G + Iapl + Id + Ig + Ri + SII,AL,R,Temporal::RTL + STG,7,0,0,low_resolution,nearest_centroid_corr>=0.95,AL,low_resolution,G | Iapl | Id | Ig | Ri | SII,51,17,hybrid_projected_network_logcpm_exact
top3_network_beam_local_region_candidates,19R660,RM,Temporal,"Parietal, and Parieto-occipital region | Lateral Prefrontal Cortex | Temporal",0,1,TPO,7op,1-2,39,0,0,RM,Temporal::A1 + AL + CL + CM + ML + R + TPO + Tpt,"Parietal, and Parieto-occipital region::1-2 + 7a + 7b + 7op",IPa,10,0,0,low_resolution,nearest_centroid_corr>=0.95;fold_local_merged_confusion_group,A1 | AL | CL | CM | ML | R | TPO | Tpt,low_resolution,RM,50,16,hybrid_projected_network_logcpm_exact
top3_network_beam_local_region_candidates,19R661,R,Temporal,"Lateral Prefrontal Cortex | Parietal, and Parieto-occipital region | Temporal",0,1,AL,1-2,TPO,6,0,0,Temporal::A1 + AL + CL + CM + ML + R + TPO + Tpt,Temporal::A1 + AL + CL + CM + ML + R + TPO + Tpt,"Parietal, and Parieto-occipital region::1-2 + 5 + 7a + 7b + 7op + LIPd + LIPv + VIP",Temporal::TEO + TEad + TEav + TEm + TEpd,1,1,1,low_resolution,nearest_centroid_corr>=0.95;fold_local_merged_confusion_group,A1 | AL | CL | CM | ML | R | TPO | Tpt,low_resolution,A1 | AL | CL | CM | ML | R | TPO | Tpt,50,16,hybrid_projected_network_logcpm_exact
top3_network_beam_local_region_candidates,19R662,TEav,Temporal,"Frontal (agranular frontal motor areas) | Lateral Prefrontal Cortex | Parietal, and Parieto-occipital region",0,0,F2,F1,8Bs,111,0,0,outside_network_beam,Frontal (agranular frontal motor areas)::F1 + F2,Lateral Prefrontal Cortex::44 + 45 + 8A + 8Bd + 8Bs,F3,111,0,0,low_resolution,nearest_centroid_corr>=0.95;fold_local_merged_confusion_group,F1 | F2,outside_network_beam,,30,11,hybrid_projected_network_logcpm_exact
top3_network_beam_local_region_candidates,19R663,5,"Parietal, and Parieto-occipital region","Parietal, and Parieto-occipital region | Lateral Prefrontal Cortex | Frontal (agranular frontal motor areas)",1,1,LIPv,VIP,3a/b,6,0,0,"Parietal, and Parieto-occipital region::1-2 + 5 + 7a + 7b + 7op + LIPd + LIPv + VIP","Parietal, and Parieto-occipital region::1-2 + 5 + 7a + 7b + 7op + LIPd + LIPv + VIP",3a/b,Frontal (agranular frontal motor areas)::F1 + F2,1,1,1,low_resolution,nearest_centroid_corr>=0.95;fold_local_merged_confusion_group,1-2 | 5 | 7a | 7b | 7op | LIPd | LIPv | VIP,low_resolution,1-2 | 5 | 7a | 7b | 7op | LIPd | LIPv | VIP,30,11,hybrid_projected_network_logcpm_exact
top3_network_beam_local_region_candidates,19R664,7b,"Parietal, and Parieto-occipital region","Parietal, and Parieto-occipital region | Temporal | Lateral Prefrontal Cortex",1,1,1-2,Tpt,12r,4,0,0,"Parietal, and Parieto-occipital region::3a/b + 5 + 7a + 7b + 7op + LIPd + LIPv + VIP",1-2,Temporal::A1 + AL + CL + CM + ML + R + TPO + Tpt,Lateral Prefrontal Cortex::10o + 12l + 12r + 46d + 46v,4,0,0,low_resolution,nearest_centroid_corr>=0.95,1-2,low_resolution,3a/b | 5 | 7a | 7b | 7op | LIPd | LIPv | VIP,50,16,hybrid_projected_network_logcpm_exact
top3_network_beam_local_region_candidates,19R665,7op,"Parietal, and Parieto-occipital region","Parietal, and Parieto-occipital region | Lateral Prefrontal Cortex | Temporal",1,1,ML,7op,7a,2,0,1,"Parietal, and Parieto-occipital region::1-2 + 5 + 7a + 7b + 7op + LIPd + LIPv + VIP",Temporal::A1 + AL + CL + CM + ML + R + TPO + Tpt,"Parietal, and Parieto-occipital region::1-2 + 5 + 7a + 7b + 7op + LIPd + LIPv + VIP",7m,2,0,1,low_resolution,training_n<8;nearest_centroid_corr>=0.95;fold_local_merged_confusion_group,A1 | AL | CL | CM | ML | R | TPO | Tpt,low_resolution,1-2 | 5 | 7a | 7b | 7op | LIPd | LIPv | VIP,50,16,hybrid_projected_network_logcpm_exact
top3_network_beam_local_region_candidates,19R666,A1,Temporal,"Parietal, and Parieto-occipital region | Lateral Prefrontal Cortex | Temporal",0,1,ML,7op,TPO,29,0,0,Temporal::A1 + AL + CL + CM + ML + R + TPO + Tpt,Temporal::A1 + AL + CL + CM + ML + R + TPO + Tpt,"Parietal, and Parieto-occipital region::1-2 + 5 + 7a + 7b + 7op + LIPd + LIPv + VIP",7m,1,1,1,low_resolution,training_n<8;nearest_centroid_corr>=0.95;fold_local_merged_confusion_group,A1 | AL | CL | CM | ML | R | TPO | Tpt,low_resolution,A1 | AL | CL | CM | ML | R | TPO | Tpt,50,16,hybrid_projected_network_logcpm_exact
top3_network_beam_local_region_candidates,19R667,ML,Temporal,"Parietal, and Parieto-occipital region | Lateral Prefrontal Cortex | Temporal",0,1,7op,7b,Tpt,5,0,0,Temporal::A1 + CL + CM + IPa + ML + TPO,"Parietal, and Parieto-occipital region::1-2 + 5 + 7a + 7b + 7op + LIPd + LIPv + VIP",Temporal::AL + R + Tpt,Temporal::A1 + CL + CM + IPa + ML + TPO,3,0,1,low_resolution,nearest_centroid_corr>=0.95;fold_local_merged_confusion_group,1-2 | 5 | 7a | 7b | 7op | LIPd | LIPv | VIP,low_resolution,A1 | CL | CM | IPa | ML | TPO,50,16,hybrid_projected_network_logcpm_exact
top3_network_beam_local_region_candidates,19R668,STG,Temporal,"Temporal | Operculum/Insula | Parietal, and Parieto-occipital region",1,1,TEpv,AL,TEm,14,0,0,Temporal::AL + R + RM + RT + RTL + RTM + STG + TAa,Temporal::TEO + TEad + TEav + TEm + TEpd + TEpv + TG,Temporal::AL + R + RM + RT + RTL + RTM + STG + TAa,Temporal::A1 + CL + CM + IPa + ML + PGa + TEa + Tpt,2,0,1,low_resolution,training_n<8;nearest_centroid_corr>=0.95;fold_local_merged_confusion_group,TEO | TEad | TEav | TEm | TEpd | TEpv | TG,low_resolution,AL | R | RM | RT | RTL | RTM | STG | TAa,48,13,hybrid_projected_network_logcpm_exact
top3_network_beam_local_region_candidates,19R669,TEpd,Temporal,"Temporal | Parietal, and Parieto-occipital region | Occipital/Temporal",1,1,TEpd,TEm,TEad,1,1,1,Temporal::TEO + TEad + TEm + TEpd,Temporal::TEO + TEad + TEm + TEpd,TEpv,Temporal::AL + R,1,1,1,low_resolution,training_n<8;nearest_centroid_corr>=0.95;fold_local_merged_confusion_group,TEO | TEad | TEm | TEpd,low_resolution,TEO | TEad | TEm | TEpd,46,18,hybrid_projected_network_logcpm_exact
top3_network_beam_local_region_candidates,19R670,TEpv,Temporal,Temporal | Operculum/Insula | Orbitomedial Prefrontal Cortex (OMPFC),1,1,TEpv,TEad,TFO,1,1,1,Temporal::IPa + PGa + TEO + TEad + TEav + TEm + TEpd + TEpv,Temporal::IPa + PGa + TEO + TEad + TEav + TEm + TEpd + TEpv,TFO,Temporal::RTL + STG,1,1,1,low_resolution,training_n<8;nearest_centroid_corr>=0.95;fold_local_merged_confusion_group,IPa | PGa | TEO | TEad | TEav | TEm | TEpd | TEpv,low_resolution,IPa | PGa | TEO | TEad | TEav | TEm | TEpd | TEpv,51,17,hybrid_projected_network_logcpm_exact
top3_network_beam_local_region_candidates,19R671,VIP,"Parietal, and Parieto-occipital region","Parietal, and Parieto-occipital region | Lateral Prefrontal Cortex | Frontal (agranular frontal motor areas)",1,1,LIPv,VIP,5,2,0,1,"Parietal, and Parieto-occipital region::5 + LIPd + LIPv + VIP","Parietal, and Parieto-occipital region::5 + LIPd + LIPv + VIP",3a/b,Frontal (agranular frontal motor areas)::F1 + F2,1,1,1,low_resolution,nearest_centroid_corr>=0.95;fold_local_merged_confusion_group,5 | LIPd | LIPv | VIP,low_resolution,5 | LIPd | LIPv | VIP,30,12,hybrid_projected_network_logcpm_exact
top3_network_beam_local_region_candidates,19R672,Tpt,Temporal,"Parietal, and Parieto-occipital region | Temporal | Lateral Prefrontal Cortex",0,1,1-2,Tpt,7b,2,0,1,Temporal::A1 + CL + CM + IPa + ML + TPO + Tpt,"Parietal, and Parieto-occipital region::1-2 + 5 + 7a + 7b + 7op + LIPd + LIPv + VIP",Temporal::A1 + CL + CM + IPa + ML + TPO + Tpt,7m,2,0,1,low_resolution,nearest_centroid_corr>=0.95;fold_local_merged_confusion_group,1-2 | 5 | 7a | 7b | 7op | LIPd | LIPv | VIP,low_resolution,A1 | CL | CM | IPa | ML | TPO | Tpt,50,16,hybrid_projected_network_logcpm_exact
top3_network_beam_local_region_candidates,19R673,TEO,Temporal,"Occipital/Temporal | Parietal, and Parieto-occipital region | Temporal",0,1,TEO,V4,V4v,1,1,1,Temporal::TEO + TEad + TEm + TEpd,Temporal::TEO + TEad + TEm + TEpd,Occipital/Temporal::V4 + V4v,7m,1,1,1,low_resolution,training_n<8;nearest_centroid_corr>=0.95;fold_local_merged_confusion_group,TEO | TEad | TEm | TEpd,low_resolution,TEO | TEad | TEm | TEpd,46,17,hybrid_projected_network_logcpm_exact
top3_network_beam_local_region_candidates,19R674,V4,Occipital/Temporal,"Parietal, and Parieto-occipital region | Temporal | Occipital/Temporal",0,1,TEO,V4v,TEpd,5,0,0,Occipital/Temporal::V4 + V4v,Temporal::TEO + TEad + TEm + TEpd,Occipital/Temporal::V4 + V4v,Temporal::A1 + CL + CM + ML + TPO + Tpt,2,0,1,low_resolution,nearest_centroid_corr>=0.95;fold_local_merged_confusion_group,TEO | TEad | TEm | TEpd,low_resolution,V4 | V4v,46,19,hybrid_projected_network_logcpm_exact
top3_network_beam_local_region_candidates,19R675,TPO,Temporal,"Parietal, and Parieto-occipital region | Temporal | Lateral Prefrontal Cortex",0,1,ML,7op,TPO,3,0,1,Temporal::A1 + AL + CL + CM + ML + R + TPO + Tpt,Temporal::A1 + AL + CL + CM + ML + R + TPO + Tpt,"Parietal, and Parieto-occipital region::1-2 + 5 + 7a + 7b + 7op + LIPd + LIPv + VIP",IPa,1,1,1,low_resolution,training_n<8;nearest_centroid_corr>=0.95;fold_local_merged_confusion_group,A1 | AL | CL | CM | ML | R | TPO | Tpt,low_resolution,A1 | AL | CL | CM | ML | R | TPO | Tpt,50,16,hybrid_projected_network_logcpm_exact
top3_network_beam_local_region_candidates,19R676,TFO,Temporal,Temporal | Operculum/Insula | Orbitomedial Prefrontal Cortex (OMPFC),1,1,TEav,RM,G,26,0,0,TFO,Temporal::TEO + TEad + TEav + TEm + TEpd + TEpv,Temporal::RM + RT + RTM,Operculum/Insula::G + Iapl + Id + Ig + Ri + SII,12,0,0,low_resolution,nearest_centroid_corr>=0.95;fold_local_merged_confusion_group,TEO | TEad | TEav | TEm | TEpd | TEpv,low_resolution,TFO,51,18,hybrid_projected_network_logcpm_exact
top3_network_beam_local_region_candidates,19R677,7m,"Parietal, and Parieto-occipital region","Parietal, and Parieto-occipital region | Lateral Prefrontal Cortex | Temporal",1,1,Tpt,7b,7a,9,0,0,7m,Temporal::A1 + CL + CM + IPa + ML + TPO + Tpt,"Parietal, and Parieto-occipital region::1-2 + 5 + 7a + 7b + 7op + LIPd + LIPv + VIP",Lateral Prefrontal Cortex::44 + 45 + 8A + 8Bd + 8Bm + 8Bs + 9d + 9m,4,0,0,low_resolution,training_n<8;nearest_centroid_corr>=0.95;fold_local_merged_confusion_group,A1 | CL | CM | IPa | ML | TPO | Tpt,low_resolution,7m,50,16,hybrid_projected_network_logcpm_exact
top3_network_beam_local_region_candidates,19R678,V3v,Occipital/Temporal,"Occipital/Temporal | Parietal, and Parieto-occipital region | Temporal",1,1,V3v,V4,V2,1,1,1,Occipital/Temporal::V1 + V2 + V3v + V4 + V4v,Occipital/Temporal::V1 + V2 + V3v + V4 + V4v,Occipital/Temporal::FST + MST + V3d,Temporal::TEO + TEad + TEm + TEpd,1,1,1,low_resolution,training_n<8;nearest_centroid_corr>=0.95;fold_local_merged_confusion_group,V1 | V2 | V3v | V4 | V4v,low_resolution,V1 | V2 | V3v | V4 | V4v,46,17,hybrid_projected_network_logcpm_exact
top3_network_beam_local_region_candidates,19R679,V4v,Occipital/Temporal,"Temporal | Parietal, and Parieto-occipital region | Occipital/Temporal",0,1,Tpt,1-2,TEpd,7,0,0,Occipital/Temporal::V4 + V4v,Temporal::A1 + CL + CM + IPa + ML + TPO + Tpt,"Parietal, and Parieto-occipital region::1-2 + 7a + 7b + 7op",Temporal::TEO + TEad + TEm + TEpd,5,0,0,low_resolution,training_n<8;nearest_centroid_corr>=0.95;fold_local_merged_confusion_group,A1 | CL | CM | IPa | ML | TPO | Tpt,low_resolution,V4 | V4v,46,17,hybrid_projected_network_logcpm_exact
top3_network_beam_local_region_candidates,19R680,V3d,Occipital/Temporal,"Occipital/Temporal | Parietal, and Parieto-occipital region | Temporal",1,1,V3v,FST,TEO,13,0,0,Occipital/Temporal::FST + MST + V3d,Occipital/Temporal::V1 + V2 + V3v,Occipital/Temporal::FST + MST + V3d,Temporal::TEO + TEad + TEm + TEpd,2,0,1,low_resolution,nearest_centroid_corr>=0.95;fold_local_merged_confusion_group,V1 | V2 | V3v,low_resolution,FST | MST | V3d,46,19,hybrid_projected_network_logcpm_exact
top3_network_beam_local_region_candidates,19R722,V1,Occipital/Temporal,"Occipital/Temporal | Parietal, and Parieto-occipital region | Temporal",1,1,V2,V3v,V4,6,0,0,Occipital/Temporal::V1 + V2 + V3d + V3v,Occipital/Temporal::V1 + V2 + V3d + V3v,Occipital/Temporal::V4 + V4v,Occipital/Temporal::FST + MST,1,1,1,low_resolution,nearest_centroid_corr>=0.95;fold_local_merged_confusion_group,V1 | V2 | V3d | V3v,low_resolution,V1 | V2 | V3d | V3v,46,20,hybrid_projected_network_logcpm_exact
top3_network_beam_local_region_candidates,19R723,V2,Occipital/Temporal,"Occipital/Temporal | Parietal, and Parieto-occipital region | Temporal",1,1,V2,V1,V3v,1,1,1,Occipital/Temporal::V1 + V2 + V3d + V3v,Occipital/Temporal::V1 + V2 + V3d + V3v,Occipital/Temporal::V4 + V4v,Occipital/Temporal::FST + MST,1,1,1,low_resolution,nearest_centroid_corr>=0.95;fold_local_merged_confusion_group,V1 | V2 | V3d | V3v,low_resolution,V1 | V2 | V3d | V3v,46,17,hybrid_projected_network_logcpm_exact
top3_network_beam_local_region_candidates,19R724,10m,Orbitomedial Prefrontal Cortex (OMPFC),Orbitomedial Prefrontal Cortex (OMPFC) | Cingulate gyrus | Lateral Prefrontal Cortex,1,1,10o,10m,9m,2,0,1,10m,Lateral Prefrontal Cortex::10o + 12l + 12r + 46d + 46v,10m,Lateral Prefrontal Cortex::44 + 45 + 8A + 8Bd + 8Bm + 8Bs + 9d + 9m,2,0,1,low_resolution,nearest_centroid_corr>=0.95;fold_local_merged_confusion_group,10o | 12l | 12r | 46d | 46v,low_resolution,10m,36,14,hybrid_projected_network_logcpm_exact
top3_network_beam_local_region_candidates,19R725,46d,Lateral Prefrontal Cortex,"Lateral Prefrontal Cortex | Parietal, and Parieto-occipital region | Frontal (agranular frontal motor areas)",1,1,12r,46v,46d,3,0,1,Lateral Prefrontal Cortex::10o + 12l + 12r + 46d + 46v + 8Bm + 9d + 9m,Lateral Prefrontal Cortex::10o + 12l + 12r + 46d + 46v + 8Bm + 9d + 9m,Lateral Prefrontal Cortex::44 + 45 + 8A + 8Bd + 8Bs,F5,1,1,1,low_resolution,nearest_centroid_corr>=0.95;fold_local_merged_confusion_group,10o | 12l | 12r | 46d | 46v | 8Bm | 9d | 9m,low_resolution,10o | 12l | 12r | 46d | 46v | 8Bm | 9d | 9m,30,11,hybrid_projected_network_logcpm_exact
top3_network_beam_local_region_candidates,19R726,46v,Lateral Prefrontal Cortex,Lateral Prefrontal Cortex | Cingulate gyrus | Frontal (agranular frontal motor areas),1,1,12r,12l,46v,3,0,1,Lateral Prefrontal Cortex::10o + 12l + 12r + 46d + 46v,Lateral Prefrontal Cortex::10o + 12l + 12r + 46d + 46v,Lateral Prefrontal Cortex::44 + 45 + 8A + 8Bd + 8Bm + 8Bs + 9d + 9m,F5,1,1,1,low_resolution,nearest_centroid_corr>=0.95;fold_local_merged_confusion_group,10o | 12l | 12r | 46d | 46v,low_resolution,10o | 12l | 12r | 46d | 46v,30,13,hybrid_projected_network_logcpm_exact
top3_network_beam_local_region_candidates,19R727,12r,Lateral Prefrontal Cortex,Lateral Prefrontal Cortex | Orbitomedial Prefrontal Cortex (OMPFC) | Operculum/Insula,1,1,12r,12l,10o,1,1,1,Lateral Prefrontal Cortex::10o + 12l + 12r + 46d + 46v,Lateral Prefrontal Cortex::10o + 12l + 12r + 46d + 46v,Orbitomedial Prefrontal Cortex (OMPFC)::11l + 11m + 12m + 12o + 13l + 13m,10m,1,1,1,low_resolution,training_n<8;nearest_centroid_corr>=0.95;fold_local_merged_confusion_group,10o | 12l | 12r | 46d | 46v,low_resolution,10o | 12l | 12r | 46d | 46v,37,9,hybrid_projected_network_logcpm_exact
top3_network_beam_local_region_candidates,19R728,11l,Orbitomedial Prefrontal Cortex (OMPFC),Lateral Prefrontal Cortex | Cingulate gyrus | Frontal (agranular frontal motor areas),0,0,12r,46v,46d,111,0,0,outside_network_beam,Lateral Prefrontal Cortex::10o + 12l + 12r + 46d + 46v,Lateral Prefrontal Cortex::44 + 45 + 8A + 8Bd + 8Bm + 8Bs + 9d + 9m,F5,111,0,0,low_resolution,nearest_centroid_corr>=0.95;fold_local_merged_confusion_group,10o | 12l | 12r | 46d | 46v,outside_network_beam,,30,13,hybrid_projected_network_logcpm_exact
top3_network_beam_local_region_candidates,19R729,10o,Lateral Prefrontal Cortex,Orbitomedial Prefrontal Cortex (OMPFC) | Lateral Prefrontal Cortex | Operculum/Insula,0,1,10m,10o,11l,2,0,1,10o,10m,10o,Orbitomedial Prefrontal Cortex (OMPFC)::11l + 11m + 12m + 12o + 13l + 13m,2,0,1,low_resolution,nearest_centroid_corr>=0.95,10m,low_resolution,10o,37,11,hybrid_projected_network_logcpm_exact
top3_network_beam_local_region_candidates,19R730,9m,Lateral Prefrontal Cortex,Cingulate gyrus | Frontal (agranular frontal motor areas) | Lateral Prefrontal Cortex,0,1,8Bm,9m,12l,2,0,1,Lateral Prefrontal Cortex::44 + 45 + 8A + 8Bd + 8Bm + 8Bs + 9d + 9m,Lateral Prefrontal Cortex::44 + 45 + 8A + 8Bd + 8Bm + 8Bs + 9d + 9m,Lateral Prefrontal Cortex::10o + 12l + 12r + 46d + 46v,F5,1,1,1,low_resolution,training_n<8;nearest_centroid_corr>=0.95;fold_local_merged_confusion_group,44 | 45 | 8A | 8Bd | 8Bm | 8Bs | 9d | 9m,low_resolution,44 | 45 | 8A | 8Bd | 8Bm | 8Bs | 9d | 9m,30,12,hybrid_projected_network_logcpm_exact
top3_network_beam_local_region_candidates,19R731,9d,Lateral Prefrontal Cortex,Lateral Prefrontal Cortex | Cingulate gyrus | Frontal (agranular frontal motor areas),1,1,9d,8Bm,46d,1,1,1,Lateral Prefrontal Cortex::44 + 45 + 8A + 8Bd + 8Bm + 8Bs + 9d + 9m,Lateral Prefrontal Cortex::44 + 45 + 8A + 8Bd + 8Bm + 8Bs + 9d + 9m,Lateral Prefrontal Cortex::10o + 12l + 12r + 46d + 46v,F5,1,1,1,low_resolution,nearest_centroid_corr>=0.95;fold_local_merged_confusion_group,44 | 45 | 8A | 8Bd | 8Bm | 8Bs | 9d | 9m,low_resolution,44 | 45 | 8A | 8Bd | 8Bm | 8Bs | 9d | 9m,30,13,hybrid_projected_network_logcpm_exact
top3_network_beam_local_region_candidates,19R732,14r,Orbitomedial Prefrontal Cortex (OMPFC),Orbitomedial Prefrontal Cortex (OMPFC) | Operculum/Insula | Cingulate gyrus,1,1,14r,13b,10m,1,1,1,Orbitomedial Prefrontal Cortex (OMPFC)::10m + 13a + 13b + 14c + 14r + 25 + 32,Orbitomedial Prefrontal Cortex (OMPFC)::10m + 13a + 13b + 14c + 14r + 25 + 32,Orbitomedial Prefrontal Cortex (OMPFC)::11l + 11m + 12m + 13l + 13m,12o,1,1,1,low_resolution,nearest_centroid_corr>=0.95;fold_local_merged_confusion_group,10m | 13a | 13b | 14c | 14r | 25 | 32,low_resolution,10m | 13a | 13b | 14c | 14r | 25 | 32,34,10,hybrid_projected_network_logcpm_exact
top3_network_beam_local_region_candidates,19R733,13b,Orbitomedial Prefrontal Cortex (OMPFC),Orbitomedial Prefrontal Cortex (OMPFC) | Operculum/Insula | Cingulate gyrus,1,1,10m,14r,13l,9,0,0,Orbitomedial Prefrontal Cortex (OMPFC)::10m + 13a + 13b + 14c + 14r + 25 + 32,Orbitomedial Prefrontal Cortex (OMPFC)::10m + 13a + 13b + 14c + 14r + 25 + 32,Orbitomedial Prefrontal Cortex (OMPFC)::11l + 11m + 12m + 12o + 13l + 13m,Cingulate gyrus::23b + 23c + 24b + 24b' + 24c + 24c',1,1,1,low_resolution,nearest_centroid_corr>=0.95;fold_local_merged_confusion_group,10m | 13a | 13b | 14c | 14r | 25 | 32,low_resolution,10m | 13a | 13b | 14c | 14r | 25 | 32,34,9,hybrid_projected_network_logcpm_exact
top3_network_beam_local_region_candidates,19R734,13m,Orbitomedial Prefrontal Cortex (OMPFC),Orbitomedial Prefrontal Cortex (OMPFC) | Operculum/Insula | Lateral Prefrontal Cortex,1,1,10m,10o,14r,13,0,0,Orbitomedial Prefrontal Cortex (OMPFC)::11l + 11m + 12m + 12o + 13l + 13m,10m,Lateral Prefrontal Cortex::10o + 12l + 12r + 46d + 46v,Orbitomedial Prefrontal Cortex (OMPFC)::13a + 13b + 14c + 14r + 25 + 32,4,0,0,low_resolution,nearest_centroid_corr>=0.95,10m,low_resolution,11l | 11m | 12m | 12o | 13l | 13m,37,9,hybrid_projected_network_logcpm_exact
top3_network_beam_local_region_candidates,19R735,13l,Orbitomedial Prefrontal Cortex (OMPFC),Lateral Prefrontal Cortex | Orbitomedial Prefrontal Cortex (OMPFC) | Operculum/Insula,0,1,12m,12r,13m,5,0,0,Orbitomedial Prefrontal Cortex (OMPFC)::11l + 11m + 12m + 12o + 13l + 13m,Orbitomedial Prefrontal Cortex (OMPFC)::11l + 11m + 12m + 12o + 13l + 13m,Lateral Prefrontal Cortex::10o + 12l + 12r + 46d + 46v,Lateral Prefrontal Cortex::44 + 45 + 8A + 8Bd + 8Bm + 8Bs + 9m,1,1,1,low_resolution,training_n<8;nearest_centroid_corr>=0.95;fold_local_merged_confusion_group,11l | 11m | 12m | 12o | 13l | 13m,low_resolution,11l | 11m | 12m | 12o | 13l | 13m,37,9,hybrid_projected_network_logcpm_exact
top3_network_beam_local_region_candidates,19R736,12o,Orbitomedial Prefrontal Cortex (OMPFC),Lateral Prefrontal Cortex | Orbitomedial Prefrontal Cortex (OMPFC) | Cingulate gyrus,0,1,12l,12m,12r,26,0,0,Orbitomedial Prefrontal Cortex (OMPFC)::12o + 32,Lateral Prefrontal Cortex::10o + 12l + 12r + 46d + 46v,Orbitomedial Prefrontal Cortex (OMPFC)::11l + 12m + 13b + 13l + 13m,Lateral Prefrontal Cortex::44 + 45 + 8A + 8Bd + 8Bm + 8Bs + 9d + 9m,8,0,0,low_resolution,training_n<8;nearest_centroid_corr>=0.95;fold_local_merged_confusion_group,10o | 12l | 12r | 46d | 46v,low_resolution,12o | 32,36,13,hybrid_projected_network_logcpm_exact
top3_network_beam_local_region_candidates,19R737,12l,Lateral Prefrontal Cortex,Lateral Prefrontal Cortex | Orbitomedial Prefrontal Cortex (OMPFC) | Frontal (agranular frontal motor areas),1,1,12m,12r,F5,4,0,0,Lateral Prefrontal Cortex::10o + 12l + 12r + 46d + 46v + 9d,Orbitomedial Prefrontal Cortex (OMPFC)::11l + 12m,Lateral Prefrontal Cortex::10o + 12l + 12r + 46d + 46v + 9d,F5,2,0,1,low_resolution,training_n<8;nearest_centroid_corr>=0.95;fold_local_merged_confusion_group,11l | 12m,low_resolution,10o | 12l | 12r | 46d | 46v | 9d,33,12,hybrid_projected_network_logcpm_exact
top3_network_beam_local_region_candidates,19R739,F3,Frontal (agranular frontal motor areas),Frontal (agranular frontal motor areas) | Lateral Prefrontal Cortex | Cingulate gyrus,1,1,F3,F7,44,1,1,1,Frontal (agranular frontal motor areas)::F3 + F7,Frontal (agranular frontal motor areas)::F3 + F7,Lateral Prefrontal Cortex::44 + 45 + 8A + 8Bd + 8Bm + 8Bs + 9d + 9m,Frontal (agranular frontal motor areas)::F1 + F2,1,1,1,low_resolution,nearest_centroid_corr>=0.95;fold_local_merged_confusion_group,F3 | F7,low_resolution,F3 | F7,30,13,hybrid_projected_network_logcpm_exact
top3_network_beam_local_region_candidates,19R740,F2,Frontal (agranular frontal motor areas),Frontal (agranular frontal motor areas) | Lateral Prefrontal Cortex | Cingulate gyrus,1,1,F2,F1,8Bs,1,1,1,Frontal (agranular frontal motor areas)::F1 + F2 + F3,Frontal (agranular frontal motor areas)::F1 + F2 + F3,Lateral Prefrontal Cortex::44 + 45 + 8A + 8Bd + 8Bm + 8Bs + 9d + 9m,F7,1,1,1,low_resolution,nearest_centroid_corr>=0.95;fold_local_merged_confusion_group,F1 | F2 | F3,low_resolution,F1 | F2 | F3,30,13,hybrid_projected_network_logcpm_exact
top3_network_beam_local_region_candidates,19R741,8Bs,Lateral Prefrontal Cortex,Frontal (agranular frontal motor areas) | Lateral Prefrontal Cortex | Cingulate gyrus,0,1,F2,8Bs,F3,2,0,1,Lateral Prefrontal Cortex::44 + 45 + 8A + 8Bd + 8Bm + 8Bs + 9d + 9m,Frontal (agranular frontal motor areas)::F1 + F2 + F3,Lateral Prefrontal Cortex::44 + 45 + 8A + 8Bd + 8Bm + 8Bs + 9d + 9m,F7,2,0,1,low_resolution,nearest_centroid_corr>=0.95;fold_local_merged_confusion_group,F1 | F2 | F3,low_resolution,44 | 45 | 8A | 8Bd | 8Bm | 8Bs | 9d | 9m,30,13,hybrid_projected_network_logcpm_exact
top3_network_beam_local_region_candidates,19R742,8A,Lateral Prefrontal Cortex,"Frontal (agranular frontal motor areas) | Lateral Prefrontal Cortex | Parietal, and Parieto-occipital region",0,1,F2,8Bs,F3,9,0,0,Lateral Prefrontal Cortex::44 + 45 + 8A + 8Bd + 8Bs,Frontal (agranular frontal motor areas)::F1 + F2,Lateral Prefrontal Cortex::44 + 45 + 8A + 8Bd + 8Bs,F3,2,0,1,low_resolution,nearest_centroid_corr>=0.95;fold_local_merged_confusion_group,F1 | F2,low_resolution,44 | 45 | 8A | 8Bd | 8Bs,30,11,hybrid_projected_network_logcpm_exact
top3_network_beam_local_region_candidates,19R743,44,Lateral Prefrontal Cortex,Lateral Prefrontal Cortex | Cingulate gyrus | Frontal (agranular frontal motor areas),1,1,9d,8Bm,F5,11,0,0,Lateral Prefrontal Cortex::44 + 45 + 8A + 8Bd + 8Bm + 8Bs + 9d + 9m,Lateral Prefrontal Cortex::44 + 45 + 8A + 8Bd + 8Bm + 8Bs + 9d + 9m,F5,F6,1,1,1,low_resolution,nearest_centroid_corr>=0.95;fold_local_merged_confusion_group,44 | 45 | 8A | 8Bd | 8Bm | 8Bs | 9d | 9m,low_resolution,44 | 45 | 8A | 8Bd | 8Bm | 8Bs | 9d | 9m,30,13,hybrid_projected_network_logcpm_exact
top3_network_beam_local_region_candidates,19R738,45,Lateral Prefrontal Cortex,"Lateral Prefrontal Cortex | Parietal, and Parieto-occipital region | Orbitomedial Prefrontal Cortex (OMPFC)",1,1,12r,12m,12l,13,0,0,Lateral Prefrontal Cortex::44 + 45 + 8A + 8Bd + 8Bs,Lateral Prefrontal Cortex::10o + 12l + 12r + 46d + 46v + 8Bm + 9d + 9m,Orbitomedial Prefrontal Cortex (OMPFC)::11l + 12m + 13l + 13m,Lateral Prefrontal Cortex::44 + 45 + 8A + 8Bd + 8Bs,3,0,1,low_resolution,nearest_centroid_corr>=0.95;fold_local_merged_confusion_group,10o | 12l | 12r | 46d | 46v | 8Bm | 9d | 9m,low_resolution,44 | 45 | 8A | 8Bd | 8Bs,36,11,hybrid_projected_network_logcpm_exact
top3_network_beam_local_region_candidates,19R746,1-2,"Parietal, and Parieto-occipital region","Temporal | Parietal, and Parieto-occipital region | Lateral Prefrontal Cortex",0,1,AL,12r,TAa,6,0,0,"Parietal, and Parieto-occipital region::1-2 + 5 + 7a + 7b + 7op + LIPd + LIPv + VIP",Temporal::A1 + AL + CL + CM + ML + R + TPO + Tpt,Lateral Prefrontal Cortex::10o + 12l + 12r + 46d + 46v,Temporal::RTL + STG + TAa,5,0,0,low_resolution,nearest_centroid_corr>=0.95;fold_local_merged_confusion_group,A1 | AL | CL | CM | ML | R | TPO | Tpt,low_resolution,1-2 | 5 | 7a | 7b | 7op | LIPd | LIPv | VIP,50,16,hybrid_projected_network_logcpm_exact
top3_network_beam_local_region_candidates,19R747,3a/b,"Parietal, and Parieto-occipital region","Parietal, and Parieto-occipital region | Lateral Prefrontal Cortex | Temporal",1,1,ML,1-2,7op,19,0,0,3a/b,Temporal::A1 + AL + CL + CM + ML + R + TPO + Tpt,"Parietal, and Parieto-occipital region::1-2 + 5 + 7a + 7b + 7op + LIPd + LIPv + VIP",7m,7,0,0,low_resolution,training_n<8;nearest_centroid_corr>=0.95;fold_local_merged_confusion_group,A1 | AL | CL | CM | ML | R | TPO | Tpt,low_resolution,3a/b,50,16,hybrid_projected_network_logcpm_exact
top3_network_beam_local_region_candidates,19R748,SII,Operculum/Insula,"Temporal | Parietal, and Parieto-occipital region | Operculum/Insula",0,1,AL,R,TEm,10,0,0,Operculum/Insula::G + Iapl + Id + Ig + PrCo + Ri + SII,Temporal::AL + R + RM + RT + RTL + RTM + STG + TAa,Temporal::TEO + TEad + TEav + TEm + TEpd + TEpv + TG,1-2,5,0,0,low_resolution,nearest_centroid_corr>=0.95;fold_local_merged_confusion_group,AL | R | RM | RT | RTL | RTM | STG | TAa,low_resolution,G | Iapl | Id | Ig | PrCo | Ri | SII,48,12,hybrid_projected_network_logcpm_exact
top3_network_beam_local_region_candidates,19R749,AL,Temporal,Operculum/Insula | Temporal | Orbitomedial Prefrontal Cortex (OMPFC),0,1,TAa,Ig,RM,7,0,0,AL,TAa,Operculum/Insula::G + Iapl + Id + Ig + Ri + SII,Temporal::RM + RT + RTM,5,0,0,low_resolution,training_n<8;nearest_centroid_corr>=0.95,TAa,low_resolution,AL,51,16,hybrid_projected_network_logcpm_exact
top3_network_beam_local_region_candidates,19R750,STG,Temporal,Operculum/Insula | Temporal | Orbitomedial Prefrontal Cortex (OMPFC),0,1,RTL,STG,TFO,2,0,1,Temporal::RTL + STG,Temporal::RTL + STG,TFO,Temporal::IPa + PGa + TEO + TEad + TEav + TEm + TEpd + TEpv,1,1,1,low_resolution,training_n<8;nearest_centroid_corr>=0.95;fold_local_merged_confusion_group,RTL | STG,low_resolution,RTL | STG,51,17,hybrid_projected_network_logcpm_exact
top3_network_beam_local_region_candidates,19R751,7b,"Parietal, and Parieto-occipital region","Parietal, and Parieto-occipital region | Temporal | Lateral Prefrontal Cortex",1,1,TPO,7a,Tpt,5,0,0,"Parietal, and Parieto-occipital region::3a/b + 5 + 7a + 7b + 7op + LIPd + LIPv + VIP",Temporal::A1 + AL + CL + CM + ML + R + TPO + Tpt,"Parietal, and Parieto-occipital region::3a/b + 5 + 7a + 7b + 7op + LIPd + LIPv + VIP",1-2,2,0,1,low_resolution,nearest_centroid_corr>=0.95;fold_local_merged_confusion_group,A1 | AL | CL | CM | ML | R | TPO | Tpt,low_resolution,3a/b | 5 | 7a | 7b | 7op | LIPd | LIPv | VIP,50,16,hybrid_projected_network_logcpm_exact
top3_network_beam_local_region_candidates,19R752,7op,"Parietal, and Parieto-occipital region","Parietal, and Parieto-occipital region | Temporal | Lateral Prefrontal Cortex",1,1,Tpt,ML,7b,4,0,0,"Parietal, and Parieto-occipital region::1-2 + 5 + 7a + 7b + 7op + LIPd + LIPv + VIP",Temporal::A1 + AL + CL + CM + ML + R + TPO + Tpt,"Parietal, and Parieto-occipital region::1-2 + 5 + 7a + 7b + 7op + LIPd + LIPv + VIP",7m,2,0,1,low_resolution,training_n<8;nearest_centroid_corr>=0.95;fold_local_merged_confusion_group,A1 | AL | CL | CM | ML | R | TPO | Tpt,low_resolution,1-2 | 5 | 7a | 7b | 7op | LIPd | LIPv | VIP,50,16,hybrid_projected_network_logcpm_exact
top3_network_beam_local_region_candidates,19R753,A1,Temporal,"Parietal, and Parieto-occipital region | Occipital/Temporal | Temporal",0,1,A1,MST,FST,1,1,1,Temporal::A1 + CL + CM + IPa + ML + TPO + Tpt,Temporal::A1 + CL + CM + IPa + ML + TPO + Tpt,Occipital/Temporal::FST + MST,Occipital/Temporal::V1 + V2 + V3d + V3v,1,1,1,low_resolution,nearest_centroid_corr>=0.95;fold_local_merged_confusion_group,A1 | CL | CM | IPa | ML | TPO | Tpt,low_resolution,A1 | CL | CM | IPa | ML | TPO | Tpt,46,17,hybrid_projected_network_logcpm_exact
top3_network_beam_local_region_candidates,19R754,CL,Temporal,"Parietal, and Parieto-occipital region | Occipital/Temporal | Temporal",0,1,A1,3a/b,CM,4,0,0,Temporal::A1 + CL + CM + IPa + ML + TPO + Tpt,Temporal::A1 + CL + CM + IPa + ML + TPO + Tpt,3a/b,"Parietal, and Parieto-occipital region::1-2 + 5 + 7a + 7b + 7op + LIPd + LIPv + VIP",1,1,1,low_resolution,nearest_centroid_corr>=0.95;fold_local_merged_confusion_group,A1 | CL | CM | IPa | ML | TPO | Tpt,low_resolution,A1 | CL | CM | IPa | ML | TPO | Tpt,46,19,hybrid_projected_network_logcpm_exact
top3_network_beam_local_region_candidates,19R755,TEpd,Temporal,"Temporal | Parietal, and Parieto-occipital region | Operculum/Insula",1,1,TEpd,TEm,TEpv,1,1,1,Temporal::TEO + TEad + TEav + TEm + TEpd + TEpv + TG,Temporal::TEO + TEad + TEav + TEm + TEpd + TEpv + TG,Temporal::A1 + CL + CM + IPa + ML + PGa + TPO + Tpt,Temporal::AL + R + RM + RT + RTL + RTM + TAa,1,1,1,low_resolution,training_n<8;nearest_centroid_corr>=0.95;fold_local_merged_confusion_group,TEO | TEad | TEav | TEm | TEpd | TEpv | TG,low_resolution,TEO | TEad | TEav | TEm | TEpd | TEpv | TG,48,13,hybrid_projected_network_logcpm_exact
top3_network_beam_local_region_candidates,19R756,TEpv,Temporal,Temporal | Operculum/Insula | Orbitomedial Prefrontal Cortex (OMPFC),1,1,TEav,STG,TFO,7,0,0,Temporal::A1 + CL + CM + ML + TEa + TEpv + TPO + Tpt,Temporal::IPa + PGa + TEO + TEad + TEav + TEm + TEpd + TFO,Temporal::RTL + STG,TAa,4,0,0,low_resolution,nearest_centroid_corr>=0.95;fold_local_merged_confusion_group,IPa | PGa | TEO | TEad | TEav | TEm | TEpd | TFO,low_resolution,A1 | CL | CM | ML | TEa | TEpv | TPO | Tpt,51,15,hybrid_projected_network_logcpm_exact
top3_network_beam_local_region_candidates,19R757,V1,Occipital/Temporal,"Occipital/Temporal | Parietal, and Parieto-occipital region | Temporal",1,1,V1,V2,V3d,1,1,1,Occipital/Temporal::V1 + V2 + V3d + V3v,Occipital/Temporal::V1 + V2 + V3d + V3v,Occipital/Temporal::FST + MST,Temporal::A1 + CL + CM + IPa + ML + TPO + Tpt,1,1,1,low_resolution,nearest_centroid_corr>=0.95;fold_local_merged_confusion_group,V1 | V2 | V3d | V3v,low_resolution,V1 | V2 | V3d | V3v,46,17,hybrid_projected_network_logcpm_exact
top3_network_beam_local_region_candidates,19R758,V2,Occipital/Temporal,"Occipital/Temporal | Parietal, and Parieto-occipital region | Temporal",1,1,V2,V3v,V4,1,1,1,Occipital/Temporal::V1 + V2 + V3d + V3v,Occipital/Temporal::V1 + V2 + V3d + V3v,Occipital/Temporal::V4 + V4v,Occipital/Temporal::FST + MST,1,1,1,low_resolution,nearest_centroid_corr>=0.95;fold_local_merged_confusion_group,V1 | V2 | V3d | V3v,low_resolution,V1 | V2 | V3d | V3v,46,17,hybrid_projected_network_logcpm_exact
top3_network_beam_local_region_candidates,19R759,V3v,Occipital/Temporal,"Occipital/Temporal | Parietal, and Parieto-occipital region | Temporal",1,1,V2,V3v,V4,2,0,1,Occipital/Temporal::V3d + V3v + V4 + V4v,Occipital/Temporal::V1 + V2,Occipital/Temporal::V3d + V3v + V4 + V4v,Occipital/Temporal::FST + MST,2,0,1,low_resolution,nearest_centroid_corr>=0.95;fold_local_merged_confusion_group,V1 | V2,low_resolution,V3d | V3v | V4 | V4v,46,17,hybrid_projected_network_logcpm_exact
top3_network_beam_local_region_candidates,19R760,V4v,Occipital/Temporal,"Temporal | Parietal, and Parieto-occipital region | Occipital/Temporal",0,1,V4v,TEpd,TEO,1,1,1,Occipital/Temporal::V4 + V4v,Occipital/Temporal::V4 + V4v,Temporal::TEO + TEad + TEm + TEpd,Temporal::A1 + CL + CM + IPa + ML + TPO + Tpt,1,1,1,low_resolution,training_n<8;nearest_centroid_corr>=0.95;fold_local_merged_confusion_group,V4 | V4v,low_resolution,V4 | V4v,46,17,hybrid_projected_network_logcpm_exact
top3_network_beam_local_region_candidates,19R793,Ig,Operculum/Insula,Operculum/Insula | Orbitomedial Prefrontal Cortex (OMPFC) | Temporal,1,1,RM,Ig,G,2,0,1,Operculum/Insula::G + Iapl + Id + Ig + Ri + SII,Temporal::RM + RT + RTM,Operculum/Insula::G + Iapl + Id + Ig + Ri + SII,PrCo,2,0,1,low_resolution,nearest_centroid_corr>=0.95;fold_local_merged_confusion_group,RM | RT | RTM,low_resolution,G | Iapl | Id | Ig | Ri | SII,51,17,hybrid_projected_network_logcpm_exact
top3_network_beam_local_region_candidates,19R794,36c,Temporal,Operculum/Insula | Orbitomedial Prefrontal Cortex (OMPFC) | Temporal,0,1,TF,36c,TG,2,0,1,36c,TF,36c,TG,2,0,1,low_resolution,training_n<8;nearest_centroid_corr>=0.95,TF,low_resolution,36c,51,18,hybrid_projected_network_logcpm_exact
top3_network_beam_local_region_candidates,19R795,Id,Operculum/Insula,Operculum/Insula | Orbitomedial Prefrontal Cortex (OMPFC) | Temporal,1,1,Iapl,Id,RTM,2,0,1,Operculum/Insula::G + Iapl + Id + Ig + Ri + SII,Operculum/Insula::G + Iapl + Id + Ig + Ri + SII,Temporal::RM + RT + RTM,Operculum/Insula::Ia + Ial + Iapm + Pi,1,1,1,low_resolution,nearest_centroid_corr>=0.95;fold_local_merged_confusion_group,G | Iapl | Id | Ig | Ri | SII,low_resolution,G | Iapl | Id | Ig | Ri | SII,51,17,hybrid_projected_network_logcpm_exact
top3_network_beam_local_region_candidates,19R796,RTM,Temporal,Operculum/Insula | Orbitomedial Prefrontal Cortex (OMPFC) | Temporal,0,1,RTM,Pi,RT,1,1,1,Temporal::RM + RT + RTM,Temporal::RM + RT + RTM,Operculum/Insula::Ia + Ial + Iapm + Pi,Operculum/Insula::G + Iapl + Id + Ig + Ri + SII,1,1,1,low_resolution,training_n<8;nearest_centroid_corr>=0.95;fold_local_merged_confusion_group,RM | RT | RTM,low_resolution,RM | RT | RTM,51,17,hybrid_projected_network_logcpm_exact
top3_network_beam_local_region_candidates,19R797,F1,Frontal (agranular frontal motor areas),"Frontal (agranular frontal motor areas) | Lateral Prefrontal Cortex | Parietal, and Parieto-occipital region",1,1,F4,8A,8Bs,17,0,0,Frontal (agranular frontal motor areas)::F1 + F2,F4,Lateral Prefrontal Cortex::44 + 45 + 8A + 8Bd + 8Bs,Frontal (agranular frontal motor areas)::F1 + F2,3,0,1,low_resolution,nearest_centroid_corr>=0.95,F4,low_resolution,F1 | F2,30,11,hybrid_projected_network_logcpm_exact
top3_network_beam_local_region_candidates,19R798,NARegion,Subcortical,Subcortical | Hippocampal formation | Operculum/Insula,1,1,NARegion,cd,pu,1,1,1,NARegion,NARegion,Subcortical::cd + pu,cla,1,1,1,low_resolution,training_n<8;nearest_centroid_corr>=0.95,NARegion,low_resolution,NARegion,21,13,hybrid_projected_network_logcpm_exact
top3_network_beam_local_region_candidates,19R799,F5,Frontal (agranular frontal motor areas),Operculum/Insula | Orbitomedial Prefrontal Cortex (OMPFC) | Cingulate gyrus,0,0,10m,14r,12m,111,0,0,outside_network_beam,Orbitomedial Prefrontal Cortex (OMPFC)::10m + 13a + 13b + 14c + 14r + 25 + 32,Orbitomedial Prefrontal Cortex (OMPFC)::11l + 11m + 12m + 12o + 13l + 13m,Cingulate gyrus::23b + 23c + 24b + 24b' + 24c + 24c',111,0,0,low_resolution,nearest_centroid_corr>=0.95;fold_local_merged_confusion_group,10m | 13a | 13b | 14c | 14r | 25 | 32,outside_network_beam,,34,9,hybrid_projected_network_logcpm_exact
top3_network_beam_local_region_candidates,19R800,RT,Temporal,Operculum/Insula | Temporal | Orbitomedial Prefrontal Cortex (OMPFC),0,1,RT,RTM,RM,1,1,1,Temporal::RM + RT + RTM,Temporal::RM + RT + RTM,Operculum/Insula::G + Iapl + Id + Ig + Ri + SII,PrCo,1,1,1,low_resolution,training_n<8;nearest_centroid_corr>=0.95;fold_local_merged_confusion_group,RM | RT | RTM,low_resolution,RM | RT | RTM,51,16,hybrid_projected_network_logcpm_exact
top3_network_beam_local_region_candidates,19R801,cd,Subcortical,Subcortical | Hippocampal formation | Operculum/Insula,1,1,cd,pu,NARegion,1,1,1,Subcortical::cd + pu,Subcortical::cd + pu,NARegion,cla,1,1,1,low_resolution,training_n<8;nearest_centroid_corr>=0.95;fold_local_merged_confusion_group,cd | pu,low_resolution,cd | pu,21,13,hybrid_projected_network_logcpm_exact
top3_network_beam_local_region_candidates,19R802,TAa,Temporal,Operculum/Insula | Orbitomedial Prefrontal Cortex (OMPFC) | Temporal,0,1,Id,Iapl,RTM,33,0,0,TAa,Operculum/Insula::G + Iapl + Id + Ig + Ri + SII,Temporal::RM + RT + RTM,Operculum/Insula::Ia + Ial + Iapm + Pi,12,0,0,low_resolution,nearest_centroid_corr>=0.95;fold_local_merged_confusion_group,G | Iapl | Id | Ig | Ri | SII,low_resolution,TAa,51,16,hybrid_projected_network_logcpm_exact
top3_network_beam_local_region_candidates,19R803,amy,Subcortical,Operculum/Insula | Hippocampal formation | Orbitomedial Prefrontal Cortex (OMPFC),0,0,Ia,Iapm,Pi,111,0,0,outside_network_beam,Operculum/Insula::Ia + Ial + Iapm + Pi,Operculum/Insula::G + Iapl + Id + Ig + PrCo + Ri + SII,Orbitomedial Prefrontal Cortex (OMPFC)::13a + 14c + 25 + 32,111,0,0,low_resolution,training_n<8;nearest_centroid_corr>=0.95;fold_local_merged_confusion_group,Ia | Ial | Iapm | Pi,outside_network_beam,,25,6,hybrid_projected_network_logcpm_exact
top3_network_beam_local_region_candidates,19R804,24a',Cingulate gyrus,Cingulate gyrus | Orbitomedial Prefrontal Cortex (OMPFC) | Operculum/Insula,1,1,24c,24a',24c',2,0,1,24a',Cingulate gyrus::23b + 23c + 24b + 24c + 24c',24a',24b',2,0,1,low_resolution,nearest_centroid_corr>=0.95;fold_local_merged_confusion_group,23b | 23c | 24b | 24c | 24c',low_resolution,24a',34,10,hybrid_projected_network_logcpm_exact
top3_network_beam_local_region_candidates,19R805,TEm,Temporal,"Temporal | Parietal, and Parieto-occipital region | Operculum/Insula",1,1,TEm,TAa,TEad,1,1,1,Temporal::TEO + TEad + TEav + TEm + TEpd + TEpv + TG,Temporal::TEO + TEad + TEav + TEm + TEpd + TEpv + TG,Temporal::AL + R + RM + RT + RTL + RTM + STG + TAa,Operculum/Insula::G + Iapl + Id + Ig + PrCo + Ri + SII,1,1,1,low_resolution,nearest_centroid_corr>=0.95;fold_local_merged_confusion_group,TEO | TEad | TEav | TEm | TEpd | TEpv | TG,low_resolution,TEO | TEad | TEav | TEm | TEpd | TEpv | TG,48,12,hybrid_projected_network_logcpm_exact
top3_network_beam_local_region_candidates,19R806,AL,Temporal,"Temporal | Operculum/Insula | Parietal, and Parieto-occipital region",1,1,TAa,AL,R,2,0,1,Temporal::AL + R + RM + RT + RTL + RTM + STG,TAa,Temporal::AL + R + RM + RT + RTL + RTM + STG,Temporal::TEO + TEad + TEav + TEm + TEpd + TEpv + TG,2,0,1,low_resolution,training_n<8;nearest_centroid_corr>=0.95,TAa,low_resolution,AL | R | RM | RT | RTL | RTM | STG,48,12,hybrid_projected_network_logcpm_exact
top3_network_beam_local_region_candidates,19R807,pu,Subcortical,Subcortical | Hippocampal formation | Operculum/Insula,1,1,cla,NARegion,amy,20,0,0,Subcortical::cd + pu,cla,NARegion,amy,9,0,0,low_resolution,training_n<8,cla,low_resolution,cd | pu,21,11,hybrid_projected_network_logcpm_exact
top3_network_beam_local_region_candidates,19R808,Iapm,Operculum/Insula,Operculum/Insula | Orbitomedial Prefrontal Cortex (OMPFC) | Cingulate gyrus,1,1,Ial,Pi,Iapl,4,0,0,Operculum/Insula::Ia + Iapm,Operculum/Insula::G + Ial + Iapl + Id + Ig + Pi + PrCo + SII,Operculum/Insula::Ia + Iapm,Orbitomedial Prefrontal Cortex (OMPFC)::10m + 13a + 13b + 14c + 14r + 25 + 32,2,0,1,low_resolution,nearest_centroid_corr>=0.95;fold_local_merged_confusion_group,G | Ial | Iapl | Id | Ig | Pi | PrCo | SII,low_resolution,Ia | Iapm,34,10,hybrid_projected_network_logcpm_exact
top3_network_beam_local_region_candidates,19R809,PrCo,Operculum/Insula,Orbitomedial Prefrontal Cortex (OMPFC) | Operculum/Insula | Cingulate gyrus,0,1,Id,Ig,Iapl,11,0,0,Operculum/Insula::G + Iapl + Id + Ig + PrCo + Ri + SII,Operculum/Insula::G + Iapl + Id + Ig + PrCo + Ri + SII,Cingulate gyrus::23b + 23c + 24b + 24b' + 24c + 24c',24a',1,1,1,low_resolution,nearest_centroid_corr>=0.95;fold_local_merged_confusion_group,G | Iapl | Id | Ig | PrCo | Ri | SII,low_resolution,G | Iapl | Id | Ig | PrCo | Ri | SII,34,9,hybrid_projected_network_logcpm_exact
top3_network_beam_local_region_candidates,19R810,24c',Cingulate gyrus,Cingulate gyrus | Lateral Prefrontal Cortex | Frontal (agranular frontal motor areas),1,1,9m,F5,24c,6,0,0,24c',Lateral Prefrontal Cortex::44 + 45 + 8A + 8Bd + 8Bm + 8Bs + 9d + 9m,F5,Cingulate gyrus::24b + 24c,5,0,0,low_resolution,nearest_centroid_corr>=0.95;fold_local_merged_confusion_group,44 | 45 | 8A | 8Bd | 8Bm | 8Bs | 9d | 9m,low_resolution,24c',30,14,hybrid_projected_network_logcpm_exact
top3_network_beam_local_region_candidates,19R811,Iapl,Operculum/Insula,Operculum/Insula | Orbitomedial Prefrontal Cortex (OMPFC) | Cingulate gyrus,1,1,Ial,Pi,24c,8,0,0,Operculum/Insula::Iapl + Id + Ig + PrCo + Ri + SII,Operculum/Insula::Ia + Ial + Iapm + Pi,Cingulate gyrus::23b + 23c + 24b + 24b' + 24c + 24c',Operculum/Insula::Iapl + Id + Ig + PrCo + Ri + SII,3,0,1,low_resolution,nearest_centroid_corr>=0.95;fold_local_merged_confusion_group,Ia | Ial | Iapm | Pi,low_resolution,Iapl | Id | Ig | PrCo | Ri | SII,34,10,hybrid_projected_network_logcpm_exact
top3_network_beam_local_region_candidates,19R812,TEad,Temporal,"Temporal | Operculum/Insula | Parietal, and Parieto-occipital region",1,1,TEad,TEm,TEpv,1,1,1,Temporal::TEO + TEad + TEav + TEm + TEpd + TEpv + TG,Temporal::TEO + TEad + TEav + TEm + TEpd + TEpv + TG,Temporal::AL + R + RM + RT + RTL + RTM + TAa,STG,1,1,1,low_resolution,training_n<8;nearest_centroid_corr>=0.95;fold_local_merged_confusion_group,TEO | TEad | TEav | TEm | TEpd | TEpv | TG,low_resolution,TEO | TEad | TEav | TEm | TEpd | TEpv | TG,48,14,hybrid_projected_network_logcpm_exact
top3_network_beam_local_region_candidates,19R813,Ial,Operculum/Insula,Operculum/Insula | Orbitomedial Prefrontal Cortex (OMPFC) | Cingulate gyrus,1,1,32,14c,12o,4,0,0,Operculum/Insula::Ia + Ial + Iapm + Pi,Orbitomedial Prefrontal Cortex (OMPFC)::10m + 13a + 13b + 14c + 14r + 25 + 32,Orbitomedial Prefrontal Cortex (OMPFC)::11l + 11m + 12m + 12o + 13l + 13m,Operculum/Insula::Ia + Ial + Iapm + Pi,3,0,1,low_resolution,nearest_centroid_corr>=0.95;fold_local_merged_confusion_group,10m | 13a | 13b | 14c | 14r | 25 | 32,low_resolution,Ia | Ial | Iapm | Pi,34,9,hybrid_projected_network_logcpm_exact
top3_network_beam_local_region_candidates,19R814,cd,Subcortical,Subcortical | Hippocampal formation | Operculum/Insula,1,1,cd,pu,NARegion,1,1,1,Subcortical::cd + pu,Subcortical::cd + pu,NARegion,cla,1,1,1,low_resolution,training_n<8;nearest_centroid_corr>=0.95;fold_local_merged_confusion_group,cd | pu,low_resolution,cd | pu,21,13,hybrid_projected_network_logcpm_exact
top3_network_beam_local_region_candidates,19R815,TPO,Temporal,Temporal | Operculum/Insula | Orbitomedial Prefrontal Cortex (OMPFC),1,1,STG,TEav,TAa,22,0,0,Temporal::A1 + CL + CM + ML + TEa + TPO + Tpt,Temporal::RTL + STG,Temporal::IPa + PGa + TEO + TEad + TEav + TEm + TEpd + TEpv,TAa,11,0,0,low_resolution,nearest_centroid_corr>=0.95;fold_local_merged_confusion_group,RTL | STG,low_resolution,A1 | CL | CM | ML | TEa | TPO | Tpt,51,16,hybrid_projected_network_logcpm_exact
top3_network_beam_local_region_candidates,19R816,G,Operculum/Insula,Operculum/Insula | Orbitomedial Prefrontal Cortex (OMPFC) | Temporal,1,1,Iapl,Id,Ig,5,0,0,Operculum/Insula::G + Iapl + Id + Ig + Ri + SII,Operculum/Insula::G + Iapl + Id + Ig + Ri + SII,Temporal::RM + RT + RTM,PrCo,1,1,1,low_resolution,nearest_centroid_corr>=0.95;fold_local_merged_confusion_group,G | Iapl | Id | Ig | Ri | SII,low_resolution,G | Iapl | Id | Ig | Ri | SII,51,18,hybrid_projected_network_logcpm_exact
top3_network_beam_local_region_candidates,19R817,Pir,Subcortical,Operculum/Insula | Orbitomedial Prefrontal Cortex (OMPFC) | Temporal,0,0,14r,13l,12o,111,0,0,outside_network_beam,Orbitomedial Prefrontal Cortex (OMPFC)::13a + 13b + 14c + 14r + 25,Orbitomedial Prefrontal Cortex (OMPFC)::11l + 11m + 12m + 12o + 13l + 13m + 32,10m,111,0,0,low_resolution,nearest_centroid_corr>=0.95;fold_local_merged_confusion_group,13a | 13b | 14c | 14r | 25,outside_network_beam,,51,17,hybrid_projected_network_logcpm_exact
top3_network_beam_local_region_candidates,19R818,24b,Cingulate gyrus,Cingulate gyrus | Orbitomedial Prefrontal Cortex (OMPFC) | Operculum/Insula,1,1,24c,32,24b',6,0,0,24b,Cingulate gyrus::23b + 23c + 24b' + 24c + 24c',Orbitomedial Prefrontal Cortex (OMPFC)::10m + 13a + 13b + 14c + 14r + 25 + 32,24a',4,0,0,low_resolution,nearest_centroid_corr>=0.95;fold_local_merged_confusion_group,23b | 23c | 24b' | 24c | 24c',low_resolution,24b,34,10,hybrid_projected_network_logcpm_exact
top3_network_beam_local_region_candidates,19R819,VIP,"Parietal, and Parieto-occipital region","Parietal, and Parieto-occipital region | Occipital/Temporal | Temporal",1,1,5,7m,V4v,9,0,0,"Parietal, and Parieto-occipital region::3a/b + 5 + LIPd + LIPv + VIP","Parietal, and Parieto-occipital region::3a/b + 5 + LIPd + LIPv + VIP",7m,Occipital/Temporal::V4 + V4v,1,1,1,low_resolution,nearest_centroid_corr>=0.95;fold_local_merged_confusion_group,3a/b | 5 | LIPd | LIPv | VIP,low_resolution,3a/b | 5 | LIPd | LIPv | VIP,46,18,hybrid_projected_network_logcpm_exact
top3_network_beam_local_region_candidates,19R820,Ial,Operculum/Insula,Operculum/Insula | Orbitomedial Prefrontal Cortex (OMPFC) | Temporal,1,1,Iapm,Ia,Pi,4,0,0,Operculum/Insula::Ia + Ial + Iapm + Pi,Operculum/Insula::Ia + Ial + Iapm + Pi,Temporal::RM + RT + RTM,Orbitomedial Prefrontal Cortex (OMPFC)::13a + 13b + 14c + 14r + 25,1,1,1,low_resolution,training_n<8;nearest_centroid_corr>=0.95;fold_local_merged_confusion_group,Ia | Ial | Iapm | Pi,low_resolution,Ia | Ial | Iapm | Pi,51,17,hybrid_projected_network_logcpm_exact
top3_network_beam_local_region_candidates,19R821,8Bd,Lateral Prefrontal Cortex,Frontal (agranular frontal motor areas) | Lateral Prefrontal Cortex | Cingulate gyrus,0,1,8Bm,8Bd,9d,2,0,1,Lateral Prefrontal Cortex::44 + 45 + 8A + 8Bd + 8Bs + 9d,Lateral Prefrontal Cortex::10o + 12l + 12r + 46d + 46v + 8Bm + 9m,Lateral Prefrontal Cortex::44 + 45 + 8A + 8Bd + 8Bs + 9d,F6,2,0,1,low_resolution,training_n<8;nearest_centroid_corr>=0.95;fold_local_merged_confusion_group,10o | 12l | 12r | 46d | 46v | 8Bm | 9m,low_resolution,44 | 45 | 8A | 8Bd | 8Bs | 9d,30,12,hybrid_projected_network_logcpm_exact
top3_network_beam_local_region_candidates,19R822,TEO,Temporal,"Temporal | Parietal, and Parieto-occipital region | Occipital/Temporal",1,1,TEpd,TEm,TPO,18,0,0,TEO,Temporal::TEad + TEm + TEpd,Temporal::A1 + CL + CM + IPa + ML + TPO + Tpt,Temporal::AL + R,8,0,0,low_resolution,nearest_centroid_corr>=0.95;fold_local_merged_confusion_group,TEad | TEm | TEpd,low_resolution,TEO,46,18,hybrid_projected_network_logcpm_exact
top3_network_beam_local_region_candidates,19R823,R,Temporal,"Temporal | Parietal, and Parieto-occipital region | Operculum/Insula",1,1,AL,R,SII,2,0,1,Temporal::AL + R + RM + RT + RTL + RTM + STG,Temporal::AL + R + RM + RT + RTL + RTM + STG,Operculum/Insula::G + Iapl + Id + Ig + PrCo + Ri + SII,Temporal::A1 + CL + CM + IPa + ML + PGa + TPO + Tpt,1,1,1,low_resolution,nearest_centroid_corr>=0.95;fold_local_merged_confusion_group,AL | R | RM | RT | RTL | RTM | STG,low_resolution,AL | R | RM | RT | RTL | RTM | STG,48,13,hybrid_projected_network_logcpm_exact
top3_network_beam_local_region_candidates,19R744,F5,Frontal (agranular frontal motor areas),Cingulate gyrus | Orbitomedial Prefrontal Cortex (OMPFC) | Lateral Prefrontal Cortex,0,0,12o,11l,13m,111,0,0,outside_network_beam,Orbitomedial Prefrontal Cortex (OMPFC)::11l + 12m + 12o + 13l + 13m,10m,11m,111,0,0,low_resolution,training_n<8;nearest_centroid_corr>=0.95;fold_local_merged_confusion_group,11l | 12m | 12o | 13l | 13m,outside_network_beam,,36,14,hybrid_projected_network_logcpm_exact
top3_network_beam_local_region_candidates,19R745,F1,Frontal (agranular frontal motor areas),"Frontal (agranular frontal motor areas) | Lateral Prefrontal Cortex | Parietal, and Parieto-occipital region",1,1,F1,F2,3a/b,1,1,1,Frontal (agranular frontal motor areas)::F1 + F2,Frontal (agranular frontal motor areas)::F1 + F2,3a/b,"Parietal, and Parieto-occipital region::1-2 + 5 + 7a + 7b + 7op + LIPd + LIPv + VIP",1,1,1,low_resolution,nearest_centroid_corr>=0.95;fold_local_merged_confusion_group,F1 | F2,low_resolution,F1 | F2,30,10,hybrid_projected_network_logcpm_exact
top3_network_beam_local_region_candidates,19R824,V4,Occipital/Temporal,"Temporal | Parietal, and Parieto-occipital region | Occipital/Temporal",0,1,V4v,TEpd,TEO,12,0,0,Occipital/Temporal::V4 + V4v,Occipital/Temporal::V4 + V4v,Temporal::PGa + RT + RTL + STG + TAa + TEO + TEm + TEpd,Temporal::A1 + CL + CM + ML + TPO + Tpt,1,1,1,low_resolution,training_n<8;nearest_centroid_corr>=0.95;fold_local_merged_confusion_group,V4 | V4v,low_resolution,V4 | V4v,46,20,hybrid_projected_network_logcpm_exact
top3_network_beam_local_region_candidates,19R825,36c,Temporal,Operculum/Insula | Temporal | Orbitomedial Prefrontal Cortex (OMPFC),0,1,TG,RTM,Pi,32,0,0,36c,TG,Temporal::RM + RT + RTM,Operculum/Insula::Ia + Ial + Iapm + Pi,13,0,0,low_resolution,training_n<8;nearest_centroid_corr>=0.95,TG,low_resolution,36c,51,16,hybrid_projected_network_logcpm_exact
top3_network_beam_local_region_candidates,19R826,9d,Lateral Prefrontal Cortex,Lateral Prefrontal Cortex | Cingulate gyrus | Orbitomedial Prefrontal Cortex (OMPFC),1,1,12l,12r,12m,7,0,0,Lateral Prefrontal Cortex::44 + 45 + 8A + 8Bd + 8Bm + 8Bs + 9d + 9m,Lateral Prefrontal Cortex::10o + 12l + 12r + 46d + 46v,Orbitomedial Prefrontal Cortex (OMPFC)::11l + 12m + 12o + 13l + 13m,Lateral Prefrontal Cortex::44 + 45 + 8A + 8Bd + 8Bm + 8Bs + 9d + 9m,3,0,1,low_resolution,training_n<8;nearest_centroid_corr>=0.95;fold_local_merged_confusion_group,10o | 12l | 12r | 46d | 46v,low_resolution,44 | 45 | 8A | 8Bd | 8Bm | 8Bs | 9d | 9m,36,14,hybrid_projected_network_logcpm_exact
top3_network_beam_local_region_candidates,19R827,8Bm,Lateral Prefrontal Cortex,Cingulate gyrus | Frontal (agranular frontal motor areas) | Lateral Prefrontal Cortex,0,1,8Bm,9d,F6,1,1,1,Lateral Prefrontal Cortex::10o + 12l + 12r + 46d + 46v + 8Bm + 9m,Lateral Prefrontal Cortex::10o + 12l + 12r + 46d + 46v + 8Bm + 9m,Lateral Prefrontal Cortex::44 + 45 + 8A + 8Bd + 8Bs + 9d,F6,1,1,1,low_resolution,training_n<8;nearest_centroid_corr>=0.95;fold_local_merged_confusion_group,10o | 12l | 12r | 46d | 46v | 8Bm | 9m,low_resolution,10o | 12l | 12r | 46d | 46v | 8Bm | 9m,30,13,hybrid_projected_network_logcpm_exact
top3_network_beam_local_region_candidates,19R828,7m,"Parietal, and Parieto-occipital region","Parietal, and Parieto-occipital region | Lateral Prefrontal Cortex | Cingulate gyrus",1,1,7op,8Bs,44,13,0,0,"Parietal, and Parieto-occipital region::5 + 7m + LIPd + LIPv + VIP","Parietal, and Parieto-occipital region::1-2 + 7a + 7b + 7op",Lateral Prefrontal Cortex::44 + 45 + 8A + 8Bd + 8Bs,"Parietal, and Parieto-occipital region::5 + 7m + LIPd + LIPv + VIP",3,0,1,low_resolution,nearest_centroid_corr>=0.95;fold_local_merged_confusion_group,1-2 | 7a | 7b | 7op,low_resolution,5 | 7m | LIPd | LIPv | VIP,33,12,hybrid_projected_network_logcpm_exact
top3_network_beam_local_region_candidates,19R829,F4,Frontal (agranular frontal motor areas),Lateral Prefrontal Cortex | Orbitomedial Prefrontal Cortex (OMPFC) | Operculum/Insula,0,0,SII,PrCo,9d,111,0,0,outside_network_beam,Operculum/Insula::G + Ig + PrCo + Ri + SII,9d,Lateral Prefrontal Cortex::44 + 45 + 8A + 8Bd + 8Bm + 8Bs + 9m,111,0,0,low_resolution,nearest_centroid_corr>=0.95;fold_local_merged_confusion_group,G | Ig | PrCo | Ri | SII,outside_network_beam,,37,9,hybrid_projected_network_logcpm_exact
top3_network_beam_local_region_candidates,19R830,12m,Orbitomedial Prefrontal Cortex (OMPFC),Lateral Prefrontal Cortex | Orbitomedial Prefrontal Cortex (OMPFC) | Cingulate gyrus,0,1,13l,12r,46v,5,0,0,Orbitomedial Prefrontal Cortex (OMPFC)::11l + 12m,Orbitomedial Prefrontal Cortex (OMPFC)::12o + 13l + 13m,Lateral Prefrontal Cortex::10o + 12l + 12r + 46d + 46v,Orbitomedial Prefrontal Cortex (OMPFC)::11l + 12m,3,0,1,low_resolution,nearest_centroid_corr>=0.95;fold_local_merged_confusion_group,12o | 13l | 13m,low_resolution,11l | 12m,36,15,hybrid_projected_network_logcpm_exact
top3_network_beam_local_region_candidates,19R831,32,Orbitomedial Prefrontal Cortex (OMPFC),Cingulate gyrus | Orbitomedial Prefrontal Cortex (OMPFC) | Operculum/Insula,0,1,24c,Ial,Iapl,8,0,0,32,Cingulate gyrus::23b + 23c + 24b + 24b' + 24c + 24c',Operculum/Insula::Ia + Ial + Iapm + Pi,Operculum/Insula::G + Iapl + Id + Ig + PrCo + Ri + SII,5,0,0,low_resolution,nearest_centroid_corr>=0.95;fold_local_merged_confusion_group,23b | 23c | 24b | 24b' | 24c | 24c',low_resolution,32,34,10,hybrid_projected_network_logcpm_exact
top3_network_beam_local_region_candidates,19R832,TAa,Temporal,"Temporal | Operculum/Insula | Parietal, and Parieto-occipital region",1,1,TEad,TEpv,TEm,4,0,0,Temporal::TAa + TEO + TEad + TEav + TEm + TEpd + TEpv + TG,Temporal::TAa + TEO + TEad + TEav + TEm + TEpd + TEpv + TG,STG,Temporal::AL + R + RM + RT + RTL + RTM,1,1,1,low_resolution,nearest_centroid_corr>=0.95;fold_local_merged_confusion_group,TAa | TEO | TEad | TEav | TEm | TEpd | TEpv | TG,low_resolution,TAa | TEO | TEad | TEav | TEm | TEpd | TEpv | TG,48,14,hybrid_projected_network_logcpm_exact
top3_network_beam_local_region_candidates,19R833,TFO,Temporal,Operculum/Insula | Temporal | Orbitomedial Prefrontal Cortex (OMPFC),0,1,TFO,TF,14r,1,1,1,Temporal::TEO + TEad + TEav + TEm + TEpd + TEpv + TFO,Temporal::TEO + TEad + TEav + TEm + TEpd + TEpv + TFO,TF,Orbitomedial Prefrontal Cortex (OMPFC)::13a + 13b + 14c + 14r + 25,1,1,1,low_resolution,training_n<8;nearest_centroid_corr>=0.95;fold_local_merged_confusion_group,TEO | TEad | TEav | TEm | TEpd | TEpv | TFO,low_resolution,TEO | TEad | TEav | TEm | TEpd | TEpv | TFO,51,17,hybrid_projected_network_logcpm_exact
top3_network_beam_local_region_candidates,19R834,Iapl,Operculum/Insula,Operculum/Insula | Orbitomedial Prefrontal Cortex (OMPFC) | Temporal,1,1,Iapm,Ial,Ia,8,0,0,Operculum/Insula::G + Iapl + Id + Ig + Ri + SII,Operculum/Insula::Ia + Ial + Iapm + Pi,Temporal::RM + RT + RTM,Orbitomedial Prefrontal Cortex (OMPFC)::13a + 13b + 14c + 14r + 25,4,0,0,low_resolution,training_n<8;nearest_centroid_corr>=0.95;fold_local_merged_confusion_group,Ia | Ial | Iapm | Pi,low_resolution,G | Iapl | Id | Ig | Ri | SII,51,17,hybrid_projected_network_logcpm_exact
top3_network_beam_local_region_candidates,19R835,14c,Orbitomedial Prefrontal Cortex (OMPFC),Orbitomedial Prefrontal Cortex (OMPFC) | Operculum/Insula | Cingulate gyrus,1,1,14r,14c,13b,2,0,1,Orbitomedial Prefrontal Cortex (OMPFC)::10m + 13a + 13b + 14c + 25 + 32,14r,Orbitomedial Prefrontal Cortex (OMPFC)::10m + 13a + 13b + 14c + 25 + 32,Orbitomedial Prefrontal Cortex (OMPFC)::11l + 11m + 12m + 12o + 13l + 13m,2,0,1,low_resolution,nearest_centroid_corr>=0.95,14r,low_resolution,10m | 13a | 13b | 14c | 25 | 32,34,10,hybrid_projected_network_logcpm_exact
top3_network_beam_local_region_candidates,19R836,PrCo,Operculum/Insula,Operculum/Insula | Orbitomedial Prefrontal Cortex (OMPFC) | Temporal,1,1,TG,RT,RTM,14,0,0,PrCo,TG,Temporal::RM + RT + RTM,Temporal::RTL + STG,9,0,0,low_resolution,training_n<8;nearest_centroid_corr>=0.95,TG,low_resolution,PrCo,51,17,hybrid_projected_network_logcpm_exact
top3_network_beam_local_region_candidates,19R837,RM,Temporal,Operculum/Insula | Temporal | Orbitomedial Prefrontal Cortex (OMPFC),0,1,RT,RM,Id,2,0,1,Temporal::RM + RT + RTM,Temporal::RM + RT + RTM,Operculum/Insula::G + Iapl + Id + Ig + Ri + SII,PrCo,1,1,1,low_resolution,training_n<8;nearest_centroid_corr>=0.95;fold_local_merged_confusion_group,RM | RT | RTM,low_resolution,RM | RT | RTM,51,17,hybrid_projected_network_logcpm_exact
top3_network_beam_local_region_candidates,19R838,F6,Frontal (agranular frontal motor areas),Frontal (agranular frontal motor areas) | Lateral Prefrontal Cortex | Cingulate gyrus,1,1,8Bm,8Bd,F6,3,0,1,F6,Lateral Prefrontal Cortex::44 + 45 + 8A + 8Bd + 8Bm + 8Bs + 9d + 9m,F6,Frontal (agranular frontal motor areas)::F1 + F2 + F3,2,0,1,low_resolution,training_n<8;nearest_centroid_corr>=0.95;fold_local_merged_confusion_group,44 | 45 | 8A | 8Bd | 8Bm | 8Bs | 9d | 9m,low_resolution,F6,30,12,hybrid_projected_network_logcpm_exact
top3_network_beam_local_region_candidates,19R839,pu,Subcortical,Subcortical | Hippocampal formation | Operculum/Insula,1,1,pu,cd,NARegion,1,1,1,Subcortical::cd + pu,Subcortical::cd + pu,NARegion,cla,1,1,1,low_resolution,nearest_centroid_corr>=0.95;fold_local_merged_confusion_group,cd | pu,low_resolution,cd | pu,21,13,hybrid_projected_network_logcpm_exact
top3_network_beam_local_region_candidates,19R840,24c,Cingulate gyrus,Cingulate gyrus | Orbitomedial Prefrontal Cortex (OMPFC) | Operculum/Insula,1,1,24b,32,24c,3,0,1,Cingulate gyrus::23b + 23c + 24b + 24b' + 24c + 24c',Cingulate gyrus::23b + 23c + 24b + 24b' + 24c + 24c',Orbitomedial Prefrontal Cortex (OMPFC)::10m + 13a + 13b + 14c + 14r + 25 + 32,Orbitomedial Prefrontal Cortex (OMPFC)::11l + 11m + 12m + 12o + 13l + 13m,1,1,1,low_resolution,training_n<8;nearest_centroid_corr>=0.95;fold_local_merged_confusion_group,23b | 23c | 24b | 24b' | 24c | 24c',low_resolution,23b | 23c | 24b | 24b' | 24c | 24c',34,9,hybrid_projected_network_logcpm_exact
top3_network_beam_local_region_candidates,19R841,24a',Cingulate gyrus,Orbitomedial Prefrontal Cortex (OMPFC) | Operculum/Insula | Cingulate gyrus,0,1,23c,24a,23b,4,0,0,24a',Cingulate gyrus::23b + 23c + 24c',24a,24a',3,0,1,low_resolution,training_n<8;nearest_centroid_corr>=0.95;fold_local_merged_confusion_group,23b | 23c | 24c',low_resolution,24a',34,10,hybrid_projected_network_logcpm_exact
top3_network_beam_local_region_candidates,19R842,TEav,Temporal,Operculum/Insula | Temporal | Orbitomedial Prefrontal Cortex (OMPFC),0,1,TEav,STG,RT,1,1,1,Temporal::IPa + PGa + TEO + TEad + TEav + TEm + TEpd + TEpv,Temporal::IPa + PGa + TEO + TEad + TEav + TEm + TEpd + TEpv,Temporal::RTL + STG,Temporal::RM + RT + RTM,1,1,1,low_resolution,nearest_centroid_corr>=0.95;fold_local_merged_confusion_group,IPa | PGa | TEO | TEad | TEav | TEm | TEpd | TEpv,low_resolution,IPa | PGa | TEO | TEad | TEav | TEm | TEpd | TEpv,51,16,hybrid_projected_network_logcpm_exact
top3_network_beam_local_region_candidates,19R843,F7,Frontal (agranular frontal motor areas),Frontal (agranular frontal motor areas) | Lateral Prefrontal Cortex | Cingulate gyrus,1,1,8Bd,F6,44,5,0,0,F7,Lateral Prefrontal Cortex::44 + 45 + 8A + 8Bd + 8Bm + 8Bs + 9d + 9m,F6,F7,3,0,1,low_resolution,nearest_centroid_corr>=0.95;fold_local_merged_confusion_group,44 | 45 | 8A | 8Bd | 8Bm | 8Bs | 9d | 9m,low_resolution,F7,30,13,hybrid_projected_network_logcpm_exact
top3_network_beam_local_region_candidates,19R844,STG,Temporal,Operculum/Insula | Temporal | Orbitomedial Prefrontal Cortex (OMPFC),0,1,RTL,STG,TFO,2,0,1,Temporal::RTL + STG,Temporal::RTL + STG,TFO,PrCo,1,1,1,low_resolution,training_n<8;nearest_centroid_corr>=0.95;fold_local_merged_confusion_group,RTL | STG,low_resolution,RTL | STG,51,17,hybrid_projected_network_logcpm_exact
top3_network_beam_local_region_candidates,19R845,TEad,Temporal,Temporal | Operculum/Insula | Orbitomedial Prefrontal Cortex (OMPFC),1,1,TEav,STG,TAa,9,0,0,Temporal::TEO + TEad + TEm + TEpd,Temporal::IPa + PGa + TEav + TEpv + TFO,Temporal::RTL + STG,TAa,6,0,0,low_resolution,nearest_centroid_corr>=0.95;fold_local_merged_confusion_group,IPa | PGa | TEav | TEpv | TFO,low_resolution,TEO | TEad | TEm | TEpd,51,17,hybrid_projected_network_logcpm_exact
top3_network_beam_local_region_candidates,19R846,RTL,Temporal,Operculum/Insula | Temporal | Orbitomedial Prefrontal Cortex (OMPFC),0,1,RTL,STG,RT,1,1,1,Temporal::AL + RTL + STG,Temporal::AL + RTL + STG,Temporal::RM + RT + RTM,PrCo,1,1,1,low_resolution,training_n<8;nearest_centroid_corr>=0.95;fold_local_merged_confusion_group,AL | RTL | STG,low_resolution,AL | RTL | STG,51,17,hybrid_projected_network_logcpm_exact
top3_network_beam_local_region_candidates,19R873,LIPd,"Parietal, and Parieto-occipital region","Parietal, and Parieto-occipital region | Lateral Prefrontal Cortex | Temporal",1,1,LIPd,7m,ML,1,1,1,"Parietal, and Parieto-occipital region::1-2 + 5 + 7a + 7b + 7op + LIPd + LIPv + VIP","Parietal, and Parieto-occipital region::1-2 + 5 + 7a + 7b + 7op + LIPd + LIPv + VIP",7m,Temporal::A1 + AL + CL + CM + ML + R + TPO + Tpt,1,1,1,low_resolution,nearest_centroid_corr>=0.95;fold_local_merged_confusion_group,1-2 | 5 | 7a | 7b | 7op | LIPd | LIPv | VIP,low_resolution,1-2 | 5 | 7a | 7b | 7op | LIPd | LIPv | VIP,50,16,hybrid_projected_network_logcpm_exact
top3_network_beam_local_region_candidates,19R874,LIPv,"Parietal, and Parieto-occipital region","Parietal, and Parieto-occipital region | Occipital/Temporal | Lateral Prefrontal Cortex",1,1,FST,LIPv,VIP,2,0,1,"Parietal, and Parieto-occipital region::1-2 + 5 + 7a + 7b + 7op + LIPd + LIPv + VIP",Occipital/Temporal::FST + MST,"Parietal, and Parieto-occipital region::1-2 + 5 + 7a + 7b + 7op + LIPd + LIPv + VIP",3a/b,2,0,1,low_resolution,nearest_centroid_corr>=0.95;fold_local_merged_confusion_group,FST | MST,low_resolution,1-2 | 5 | 7a | 7b | 7op | LIPd | LIPv | VIP,32,8,hybrid_projected_network_logcpm_exact
top3_network_beam_local_region_candidates,19R875,7a,"Parietal, and Parieto-occipital region","Parietal, and Parieto-occipital region | Temporal | Lateral Prefrontal Cortex",1,1,7a,Tpt,7b,1,1,1,"Parietal, and Parieto-occipital region::1-2 + 5 + 7a + 7b + 7op + LIPd + LIPv + VIP","Parietal, and Parieto-occipital region::1-2 + 5 + 7a + 7b + 7op + LIPd + LIPv + VIP",Temporal::A1 + AL + CL + CM + ML + R + TPO + Tpt,7m,1,1,1,low_resolution,nearest_centroid_corr>=0.95;fold_local_merged_confusion_group,1-2 | 5 | 7a | 7b | 7op | LIPd | LIPv | VIP,low_resolution,1-2 | 5 | 7a | 7b | 7op | LIPd | LIPv | VIP,50,16,hybrid_projected_network_logcpm_exact
top3_network_beam_local_region_candidates,19R876,Tpt,Temporal,"Temporal | Parietal, and Parieto-occipital region | Lateral Prefrontal Cortex",1,1,12r,TEpd,TEpv,13,0,0,Temporal::A1 + CL + CM + IPa + ML + TPO + Tpt,Lateral Prefrontal Cortex::10o + 12l + 12r + 46d + 46v,Temporal::TEO + TEad + TEav + TEm + TEpd,TEpv,7,0,0,low_resolution,nearest_centroid_corr>=0.95;fold_local_merged_confusion_group,10o | 12l | 12r | 46d | 46v,low_resolution,A1 | CL | CM | IPa | ML | TPO | Tpt,50,16,hybrid_projected_network_logcpm_exact
top3_network_beam_local_region_candidates,19R877,HC,Hippocampal formation,Hippocampal formation | Operculum/Insula | Orbitomedial Prefrontal Cortex (OMPFC),1,1,HC,25,13a,1,1,1,HC,HC,Orbitomedial Prefrontal Cortex (OMPFC)::13a + 25 + 32,Operculum/Insula::G + Iapl + Id + Ig + PrCo + Ri + SII,1,1,1,low_resolution,training_n<8,HC,low_resolution,HC,25,7,hybrid_projected_network_logcpm_exact
top3_network_beam_local_region_candidates,19R878,V4v,Occipital/Temporal,"Occipital/Temporal | Parietal, and Parieto-occipital region | Temporal",1,1,TEO,V4v,V4,2,0,1,Occipital/Temporal::V4 + V4v,Temporal::TEO + TEad + TEm + TEpd,Occipital/Temporal::V4 + V4v,7m,2,0,1,low_resolution,nearest_centroid_corr>=0.95;fold_local_merged_confusion_group,TEO | TEad | TEm | TEpd,low_resolution,V4 | V4v,46,17,hybrid_projected_network_logcpm_exact
top3_network_beam_local_region_candidates,19R879,5,"Parietal, and Parieto-occipital region","Parietal, and Parieto-occipital region | Lateral Prefrontal Cortex | Frontal (agranular frontal motor areas)",1,1,5,VIP,LIPv,1,1,1,"Parietal, and Parieto-occipital region::1-2 + 5 + 7a + 7b + 7op + LIPd + LIPv + VIP","Parietal, and Parieto-occipital region::1-2 + 5 + 7a + 7b + 7op + LIPd + LIPv + VIP",3a/b,7m,1,1,1,low_resolution,nearest_centroid_corr>=0.95;fold_local_merged_confusion_group,1-2 | 5 | 7a | 7b | 7op | LIPd | LIPv | VIP,low_resolution,1-2 | 5 | 7a | 7b | 7op | LIPd | LIPv | VIP,30,11,hybrid_projected_network_logcpm_exact
top3_network_beam_local_region_candidates,19R880,AL,Temporal,Operculum/Insula | Temporal | Orbitomedial Prefrontal Cortex (OMPFC),0,1,STG,RTL,PrCo,7,0,0,AL,Temporal::RTL + STG,PrCo,TAa,6,0,0,low_resolution,nearest_centroid_corr>=0.95;fold_local_merged_confusion_group,RTL | STG,low_resolution,AL,51,17,hybrid_projected_network_logcpm_exact
top3_network_beam_local_region_candidates,19R881,RM,Temporal,Operculum/Insula | Orbitomedial Prefrontal Cortex (OMPFC) | Temporal,0,1,Iapl,RTM,Id,9,0,0,Temporal::RM + RT + RTM,Operculum/Insula::G + Iapl + Id + Ig + Ri + SII,Temporal::RM + RT + RTM,Operculum/Insula::Ia + Ial + Iapm + Pi,2,0,1,low_resolution,nearest_centroid_corr>=0.95;fold_local_merged_confusion_group,G | Iapl | Id | Ig | Ri | SII,low_resolution,RM | RT | RTM,51,16,hybrid_projected_network_logcpm_exact
top3_network_beam_local_region_candidates,19R882,TPO,Temporal,"Parietal, and Parieto-occipital region | Lateral Prefrontal Cortex | Operculum/Insula",0,0,Ri,LIPd,SII,111,0,0,outside_network_beam,Operculum/Insula::Ig + Ri + SII,LIPd,Lateral Prefrontal Cortex::44 + 45 + 8A + 8Bd + 8Bm + 8Bs + 9d + 9m,111,0,0,low_resolution,training_n<8;nearest_centroid_corr>=0.95;fold_local_merged_confusion_group,Ig | Ri | SII,outside_network_beam,,34,10,hybrid_projected_network_logcpm_exact
top3_network_beam_local_region_candidates,19R883,TEpd,Temporal,"Temporal | Operculum/Insula | Parietal, and Parieto-occipital region",1,1,TEad,TEpv,TEm,4,0,0,Temporal::TEO + TEad + TEav + TEm + TEpd + TEpv + TG,Temporal::TEO + TEad + TEav + TEm + TEpd + TEpv + TG,Temporal::AL + R + RM + RT + RTL + RTM + STG + TAa,Temporal::A1 + CL + CM + IPa + ML + PGa + TPO + Tpt,1,1,1,low_resolution,nearest_centroid_corr>=0.95;fold_local_merged_confusion_group,TEO | TEad | TEav | TEm | TEpd | TEpv | TG,low_resolution,TEO | TEad | TEav | TEm | TEpd | TEpv | TG,48,12,hybrid_projected_network_logcpm_exact
top3_network_beam_local_region_candidates,19R884,F2,Frontal (agranular frontal motor areas),Frontal (agranular frontal motor areas) | Lateral Prefrontal Cortex | Cingulate gyrus,1,1,F2,8Bs,F3,1,1,1,Frontal (agranular frontal motor areas)::F1 + F2,Frontal (agranular frontal motor areas)::F1 + F2,Lateral Prefrontal Cortex::44 + 45 + 8A + 8Bd + 8Bm + 8Bs + 9d + 9m,F3,1,1,1,low_resolution,nearest_centroid_corr>=0.95;fold_local_merged_confusion_group,F1 | F2,low_resolution,F1 | F2,30,14,hybrid_projected_network_logcpm_exact
top3_network_beam_local_region_candidates,19R885,11l,Orbitomedial Prefrontal Cortex (OMPFC),Cingulate gyrus | Orbitomedial Prefrontal Cortex (OMPFC) | Lateral Prefrontal Cortex,0,1,24b',12o,24c,19,0,0,Orbitomedial Prefrontal Cortex (OMPFC)::11l + 12m + 12o + 13l + 13m,Cingulate gyrus::23b + 23c + 24a' + 24b' + 24c',Orbitomedial Prefrontal Cortex (OMPFC)::11l + 12m + 12o + 13l + 13m,Cingulate gyrus::24b + 24c,2,0,1,low_resolution,training_n<8;nearest_centroid_corr>=0.95;fold_local_merged_confusion_group,23b | 23c | 24a' | 24b' | 24c',low_resolution,11l | 12m | 12o | 13l | 13m,36,13,hybrid_projected_network_logcpm_exact
top3_network_beam_local_region_candidates,19R886,TEpv,Temporal,"Temporal | Parietal, and Parieto-occipital region | Operculum/Insula",1,1,TEpd,TEad,TEm,4,0,0,TEpv,Temporal::TEO + TEad + TEav + TEm + TEpd + TG,TEpv,Temporal::AL + R + RM + RT + RTL + RTM + STG + TAa,2,0,1,low_resolution,nearest_centroid_corr>=0.95;fold_local_merged_confusion_group,TEO | TEad | TEav | TEm | TEpd | TG,low_resolution,TEpv,48,12,hybrid_projected_network_logcpm_exact
top3_network_beam_local_region_candidates,19R887,8Bs,Lateral Prefrontal Cortex,"Frontal (agranular frontal motor areas) | Lateral Prefrontal Cortex | Parietal, and Parieto-occipital region",0,1,F1,F2,LIPv,7,0,0,Lateral Prefrontal Cortex::44 + 45 + 8A + 8Bd + 8Bs,Frontal (agranular frontal motor areas)::F1 + F2,"Parietal, and Parieto-occipital region::1-2 + 5 + 7a + 7b + 7op + LIPd + LIPv + VIP",3a/b,4,0,0,low_resolution,nearest_centroid_corr>=0.95;fold_local_merged_confusion_group,F1 | F2,low_resolution,44 | 45 | 8A | 8Bd | 8Bs,30,11,hybrid_projected_network_logcpm_exact
top3_network_beam_local_region_candidates,19R888,14r,Orbitomedial Prefrontal Cortex (OMPFC),Orbitomedial Prefrontal Cortex (OMPFC) | Lateral Prefrontal Cortex | Operculum/Insula,1,1,13b,10o,11m,15,0,0,14r,Orbitomedial Prefrontal Cortex (OMPFC)::13a + 13b + 14c + 25 + 32,Lateral Prefrontal Cortex::10o + 12l + 12r + 46d + 46v,Orbitomedial Prefrontal Cortex (OMPFC)::11l + 11m + 12m + 12o + 13l + 13m,7,0,0,low_resolution,nearest_centroid_corr>=0.95;fold_local_merged_confusion_group,13a | 13b | 14c | 25 | 32,low_resolution,14r,37,11,hybrid_projected_network_logcpm_exact
top3_network_beam_local_region_candidates,19R889,13b,Orbitomedial Prefrontal Cortex (OMPFC),Orbitomedial Prefrontal Cortex (OMPFC) | Cingulate gyrus | Operculum/Insula,1,1,24a',24c,24c',21,0,0,Orbitomedial Prefrontal Cortex (OMPFC)::10m + 13a + 13b + 14c + 14r + 25 + 32,24a',Cingulate gyrus::23b + 23c + 24b + 24b' + 24c + 24c',Operculum/Insula::G + Iapl + Id + Ig + PrCo + Ri + SII,5,0,0,low_resolution,training_n<8;nearest_centroid_corr>=0.95,24a',low_resolution,10m | 13a | 13b | 14c | 14r | 25 | 32,34,9,hybrid_projected_network_logcpm_exact
top3_network_beam_local_region_candidates,19R890,7op,"Parietal, and Parieto-occipital region","Parietal, and Parieto-occipital region | Lateral Prefrontal Cortex | Operculum/Insula",1,1,Ri,1-2,SII,4,0,0,"Parietal, and Parieto-occipital region::7a + 7b + 7op",Operculum/Insula::Ig + Ri + SII,1-2,"Parietal, and Parieto-occipital region::7a + 7b + 7op",3,0,1,low_resolution,training_n<8;nearest_centroid_corr>=0.95;fold_local_merged_confusion_group,Ig | Ri | SII,low_resolution,7a | 7b | 7op,34,10,hybrid_projected_network_logcpm_exact
top3_network_beam_local_region_candidates,19R891,12r,Lateral Prefrontal Cortex,Lateral Prefrontal Cortex | Orbitomedial Prefrontal Cortex (OMPFC) | Operculum/Insula,1,1,12r,10m,12m,1,1,1,Lateral Prefrontal Cortex::10o + 12l + 12r + 46d + 46v,Lateral Prefrontal Cortex::10o + 12l + 12r + 46d + 46v,10m,Orbitomedial Prefrontal Cortex (OMPFC)::11l + 11m + 12m + 12o + 13l + 13m,1,1,1,low_resolution,training_n<8;nearest_centroid_corr>=0.95;fold_local_merged_confusion_group,10o | 12l | 12r | 46d | 46v,low_resolution,10o | 12l | 12r | 46d | 46v,37,9,hybrid_projected_network_logcpm_exact
top3_network_beam_local_region_candidates,19R892,HC,Hippocampal formation,Hippocampal formation | Operculum/Insula | Orbitomedial Prefrontal Cortex (OMPFC),1,1,HC,25,Ia,1,1,1,HC,HC,Orbitomedial Prefrontal Cortex (OMPFC)::10m + 13a + 13b + 14c + 14r + 25 + 32,Operculum/Insula::Ia + Ial + Iapm + Pi,1,1,1,low_resolution,training_n<8,HC,low_resolution,HC,25,5,hybrid_projected_network_logcpm_exact
top3_network_beam_local_region_candidates,19R893,5,"Parietal, and Parieto-occipital region","Parietal, and Parieto-occipital region | Lateral Prefrontal Cortex | Frontal (agranular frontal motor areas)",1,1,5,7m,7op,1,1,1,"Parietal, and Parieto-occipital region::1-2 + 5 + 7a + 7b + 7op + LIPd + LIPv + VIP","Parietal, and Parieto-occipital region::1-2 + 5 + 7a + 7b + 7op + LIPd + LIPv + VIP",7m,3a/b,1,1,1,low_resolution,nearest_centroid_corr>=0.95;fold_local_merged_confusion_group,1-2 | 5 | 7a | 7b | 7op | LIPd | LIPv | VIP,low_resolution,1-2 | 5 | 7a | 7b | 7op | LIPd | LIPv | VIP,30,11,hybrid_projected_network_logcpm_exact
top3_network_beam_local_region_candidates,19R894,1-2,"Parietal, and Parieto-occipital region","Parietal, and Parieto-occipital region | Lateral Prefrontal Cortex | Frontal (agranular frontal motor areas)",1,1,5,VIP,3a/b,15,0,0,1-2,"Parietal, and Parieto-occipital region::5 + 7a + 7b + 7op + LIPd + LIPv + VIP",3a/b,7m,7,0,0,low_resolution,nearest_centroid_corr>=0.95;fold_local_merged_confusion_group,5 | 7a | 7b | 7op | LIPd | LIPv | VIP,low_resolution,1-2,30,12,hybrid_projected_network_logcpm_exact
top3_network_beam_local_region_candidates,20R046,TEO,Temporal,"Temporal | Parietal, and Parieto-occipital region | Occipital/Temporal",1,1,TEpd,TEm,Tpt,17,0,0,TEO,Temporal::TEad + TEm + TEpd,Temporal::A1 + CL + CM + IPa + ML + TPO + Tpt,Occipital/Temporal::V4 + V4v,7,0,0,low_resolution,nearest_centroid_corr>=0.95;fold_local_merged_confusion_group,TEad | TEm | TEpd,low_resolution,TEO,46,18,hybrid_projected_network_logcpm_exact
top3_network_beam_local_region_candidates,20R047,14r,Orbitomedial Prefrontal Cortex (OMPFC),Operculum/Insula | Orbitomedial Prefrontal Cortex (OMPFC) | Temporal,0,1,14r,10m,13b,1,1,1,Orbitomedial Prefrontal Cortex (OMPFC)::13a + 13b + 14c + 14r + 25 + 32,Orbitomedial Prefrontal Cortex (OMPFC)::13a + 13b + 14c + 14r + 25 + 32,10m,Orbitomedial Prefrontal Cortex (OMPFC)::11l + 11m + 12m + 12o + 13l + 13m,1,1,1,low_resolution,nearest_centroid_corr>=0.95;fold_local_merged_confusion_group,13a | 13b | 14c | 14r | 25 | 32,low_resolution,13a | 13b | 14c | 14r | 25 | 32,51,17,hybrid_projected_network_logcpm_exact
top3_network_beam_local_region_candidates,20R048,STG,Temporal,Operculum/Insula | Temporal | Orbitomedial Prefrontal Cortex (OMPFC),0,1,STG,RTL,PrCo,1,1,1,Temporal::RTL + STG,Temporal::RTL + STG,PrCo,Temporal::IPa + PGa + TEO + TEad + TEav + TEm + TEpd + TEpv,1,1,1,low_resolution,nearest_centroid_corr>=0.95;fold_local_merged_confusion_group,RTL | STG,low_resolution,RTL | STG,51,17,hybrid_projected_network_logcpm_exact
top3_network_beam_local_region_candidates,20R049,7a,"Parietal, and Parieto-occipital region","Parietal, and Parieto-occipital region | Temporal | Lateral Prefrontal Cortex",1,1,7b,Tpt,1-2,4,0,0,"Parietal, and Parieto-occipital region::1-2 + 5 + 7a + 7b + 7op + LIPd + LIPv + VIP","Parietal, and Parieto-occipital region::1-2 + 5 + 7a + 7b + 7op + LIPd + LIPv + VIP",Temporal::A1 + AL + CL + CM + ML + R + TPO + Tpt,Temporal::PGa + TEO + TEa + TEad + TEav + TEm + TEpd,1,1,1,low_resolution,nearest_centroid_corr>=0.95;fold_local_merged_confusion_group,1-2 | 5 | 7a | 7b | 7op | LIPd | LIPv | VIP,low_resolution,1-2 | 5 | 7a | 7b | 7op | LIPd | LIPv | VIP,50,16,hybrid_projected_network_logcpm_exact
top3_network_beam_local_region_candidates,20R050,8A,Lateral Prefrontal Cortex,"Frontal (agranular frontal motor areas) | Parietal, and Parieto-occipital region | Lateral Prefrontal Cortex",0,1,5,VIP,7m,10,0,0,Lateral Prefrontal Cortex::44 + 45 + 8A + 8Bd + 8Bs,"Parietal, and Parieto-occipital region::1-2 + 5 + 7a + 7b + 7op + LIPd + LIPv + VIP",7m,3a/b,4,0,0,low_resolution,nearest_centroid_corr>=0.95;fold_local_merged_confusion_group,1-2 | 5 | 7a | 7b | 7op | LIPd | LIPv | VIP,low_resolution,44 | 45 | 8A | 8Bd | 8Bs,30,11,hybrid_projected_network_logcpm_exact
top3_network_beam_local_region_candidates,20R051,11m,Orbitomedial Prefrontal Cortex (OMPFC),Orbitomedial Prefrontal Cortex (OMPFC) | Cingulate gyrus | Operculum/Insula,1,1,24c,24a',24c',28,0,0,Orbitomedial Prefrontal Cortex (OMPFC)::10m + 11l + 11m + 12m + 12o + 13l + 13m + 32,Cingulate gyrus::23b + 23c + 24b + 24b' + 24c + 24c',24a',Operculum/Insula::G + Iapl + Id + Ig + PrCo + Ri + SII,5,0,0,low_resolution,nearest_centroid_corr>=0.95;fold_local_merged_confusion_group,23b | 23c | 24b | 24b' | 24c | 24c',low_resolution,10m | 11l | 11m | 12m | 12o | 13l | 13m | 32,34,10,hybrid_projected_network_logcpm_exact
top3_network_beam_local_region_candidates,20R052,thalamus,Subcortical,Subcortical | Hippocampal formation | Operculum/Insula,1,1,thalamus,amy,GPeGPi,1,1,1,thalamus,thalamus,amy,GPeGPi,1,1,1,low_resolution,training_n<8,thalamus,low_resolution,thalamus,21,13,hybrid_projected_network_logcpm_exact
top3_network_beam_local_region_candidates,20R053,V3v,Occipital/Temporal,"Occipital/Temporal | Parietal, and Parieto-occipital region | Temporal",1,1,V4,V2,V3v,3,0,1,Occipital/Temporal::V1 + V2 + V3d + V3v,Occipital/Temporal::V4 + V4v,Occipital/Temporal::V1 + V2 + V3d + V3v,Temporal::TEO + TEad + TEm + TEpd,2,0,1,low_resolution,training_n<8;nearest_centroid_corr>=0.95;fold_local_merged_confusion_group,V4 | V4v,low_resolution,V1 | V2 | V3d | V3v,46,17,hybrid_projected_network_logcpm_exact
top3_network_beam_local_region_candidates,20R054,LIPv,"Parietal, and Parieto-occipital region","Parietal, and Parieto-occipital region | Occipital/Temporal | Lateral Prefrontal Cortex",1,1,MST,V3d,FST,4,0,0,"Parietal, and Parieto-occipital region::1-2 + 5 + 7a + 7b + 7op + LIPd + LIPv + VIP",Occipital/Temporal::FST + MST,Occipital/Temporal::V1 + V2 + V3d + V3v + V4 + V4v,"Parietal, and Parieto-occipital region::1-2 + 5 + 7a + 7b + 7op + LIPd + LIPv + VIP",3,0,1,low_resolution,nearest_centroid_corr>=0.95;fold_local_merged_confusion_group,FST | MST,low_resolution,1-2 | 5 | 7a | 7b | 7op | LIPd | LIPv | VIP,32,8,hybrid_projected_network_logcpm_exact
top3_network_beam_local_region_candidates,20R055,ML,Temporal,"Parietal, and Parieto-occipital region | Temporal | Operculum/Insula",0,1,7op,7b,Tpt,4,0,0,Temporal::A1 + CL + CM + IPa + ML + PGa + TPO + Tpt,"Parietal, and Parieto-occipital region::7a + 7b + 7op",Temporal::A1 + CL + CM + IPa + ML + PGa + TPO + Tpt,1-2,2,0,1,low_resolution,nearest_centroid_corr>=0.95;fold_local_merged_confusion_group,7a | 7b | 7op,low_resolution,A1 | CL | CM | IPa | ML | PGa | TPO | Tpt,48,14,hybrid_projected_network_logcpm_exact
top3_network_beam_local_region_candidates,20R056,3a/b,"Parietal, and Parieto-occipital region","Parietal, and Parieto-occipital region | Occipital/Temporal | Temporal",1,1,A1,FST,MST,6,0,0,3a/b,Temporal::A1 + CL + CM + IPa + ML + TPO + Tpt,Occipital/Temporal::FST + MST,"Parietal, and Parieto-occipital region::1-2 + 5 + 7a + 7b + 7op + LIPd + LIPv + VIP",4,0,0,low_resolution,nearest_centroid_corr>=0.95;fold_local_merged_confusion_group,A1 | CL | CM | IPa | ML | TPO | Tpt,low_resolution,3a/b,46,17,hybrid_projected_network_logcpm_exact
top3_network_beam_local_region_candidates,20R057,A1,Temporal,"Parietal, and Parieto-occipital region | Temporal | Occipital/Temporal",0,1,CM,CL,3a/b,4,0,0,Temporal::A1 + CL + CM + IPa + ML + TPO + Tpt,Temporal::A1 + CL + CM + IPa + ML + TPO + Tpt,"Parietal, and Parieto-occipital region::3a/b + 5 + LIPd + LIPv + VIP",Temporal::TEO + TEad + TEm + TEpd,1,1,1,low_resolution,training_n<8;nearest_centroid_corr>=0.95;fold_local_merged_confusion_group,A1 | CL | CM | IPa | ML | TPO | Tpt,low_resolution,A1 | CL | CM | IPa | ML | TPO | Tpt,46,17,hybrid_projected_network_logcpm_exact
top3_network_beam_local_region_candidates,20R058,CM,Temporal,"Parietal, and Parieto-occipital region | Temporal | Occipital/Temporal",0,1,A1,CM,CL,2,0,1,Temporal::A1 + CL + CM + IPa + ML + TPO + Tpt,Temporal::A1 + CL + CM + IPa + ML + TPO + Tpt,"Parietal, and Parieto-occipital region::3a/b + 5 + LIPd + LIPv + VIP",Temporal::TEO + TEad + TEm + TEpd,1,1,1,low_resolution,nearest_centroid_corr>=0.95;fold_local_merged_confusion_group,A1 | CL | CM | IPa | ML | TPO | Tpt,low_resolution,A1 | CL | CM | IPa | ML | TPO | Tpt,46,17,hybrid_projected_network_logcpm_exact
top3_network_beam_local_region_candidates,20R059,V2,Occipital/Temporal,"Occipital/Temporal | Parietal, and Parieto-occipital region | Temporal",1,1,V2,V3v,FST,1,1,1,Occipital/Temporal::V1 + V2 + V3d + V3v,Occipital/Temporal::V1 + V2 + V3d + V3v,Occipital/Temporal::FST + MST,Occipital/Temporal::V4 + V4v,1,1,1,low_resolution,nearest_centroid_corr>=0.95;fold_local_merged_confusion_group,V1 | V2 | V3d | V3v,low_resolution,V1 | V2 | V3d | V3v,46,18,hybrid_projected_network_logcpm_exact
top3_network_beam_local_region_candidates,20R061,TAa,Temporal,"Temporal | Operculum/Insula | Parietal, and Parieto-occipital region",1,1,STG,TEad,AL,4,0,0,Temporal::AL + R + RM + RT + RTL + RTM + STG + TAa,Temporal::AL + R + RM + RT + RTL + RTM + STG + TAa,Temporal::TEO + TEad + TEav + TEm + TEpd + TEpv + TG,Temporal::A1 + CL + CM + IPa + ML + PGa + TPO + Tpt,1,1,1,low_resolution,nearest_centroid_corr>=0.95;fold_local_merged_confusion_group,AL | R | RM | RT | RTL | RTM | STG | TAa,low_resolution,AL | R | RM | RT | RTL | RTM | STG | TAa,48,11,hybrid_projected_network_logcpm_exact
top3_network_beam_local_region_candidates,20R070,7b,"Parietal, and Parieto-occipital region","Parietal, and Parieto-occipital region | Lateral Prefrontal Cortex | Temporal",1,1,5,7b,7op,2,0,1,"Parietal, and Parieto-occipital region::1-2 + 5 + 7a + 7b + 7op + LIPd + LIPv + VIP","Parietal, and Parieto-occipital region::1-2 + 5 + 7a + 7b + 7op + LIPd + LIPv + VIP",Temporal::A1 + AL + CL + CM + ML + R + TPO + Tpt,7m,1,1,1,low_resolution,nearest_centroid_corr>=0.95;fold_local_merged_confusion_group,1-2 | 5 | 7a | 7b | 7op | LIPd | LIPv | VIP,low_resolution,1-2 | 5 | 7a | 7b | 7op | LIPd | LIPv | VIP,50,16,hybrid_projected_network_logcpm_exact
top3_network_beam_local_region_candidates,20R071,7m,"Parietal, and Parieto-occipital region","Parietal, and Parieto-occipital region | Lateral Prefrontal Cortex | Frontal (agranular frontal motor areas)",1,1,LIPd,8Bs,7m,3,0,1,7m,"Parietal, and Parieto-occipital region::1-2 + 5 + 7a + 7b + 7op + LIPd + LIPv + VIP",Lateral Prefrontal Cortex::44 + 45 + 8A + 8Bd + 8Bs,7m,3,0,1,low_resolution,nearest_centroid_corr>=0.95;fold_local_merged_confusion_group,1-2 | 5 | 7a | 7b | 7op | LIPd | LIPv | VIP,low_resolution,7m,30,11,hybrid_projected_network_logcpm_exact
top3_network_beam_local_region_candidates,20R072,TEO,Temporal,"Occipital/Temporal | Parietal, and Parieto-occipital region | Temporal",0,1,TEO,V4v,V4,1,1,1,Temporal::TEO + TEad + TEm + TEpd,Temporal::TEO + TEad + TEm + TEpd,Occipital/Temporal::V4 + V4v,7m,1,1,1,low_resolution,training_n<8;nearest_centroid_corr>=0.95;fold_local_merged_confusion_group,TEO | TEad | TEm | TEpd,low_resolution,TEO | TEad | TEm | TEpd,46,17,hybrid_projected_network_logcpm_exact
top3_network_beam_local_region_candidates,20R073,MST,Occipital/Temporal,"Parietal, and Parieto-occipital region | Temporal | Occipital/Temporal",0,1,TEO,CL,LIPv,16,0,0,Occipital/Temporal::FST + MST,Temporal::TEO + TEad + TEm + TEpd,Temporal::A1 + CL + CM + ML + TPO + Tpt,"Parietal, and Parieto-occipital region::1-2 + 5 + 7a + 7b + 7op + LIPd + LIPv + VIP",6,0,0,low_resolution,nearest_centroid_corr>=0.95;fold_local_merged_confusion_group,TEO | TEad | TEm | TEpd,low_resolution,FST | MST,46,18,hybrid_projected_network_logcpm_exact
top3_network_beam_local_region_candidates,20R074,LIPd,"Parietal, and Parieto-occipital region","Parietal, and Parieto-occipital region | Temporal | Lateral Prefrontal Cortex",1,1,LIPv,LIPd,VIP,2,0,1,LIPd,"Parietal, and Parieto-occipital region::1-2 + 3a/b + 5 + 7a + 7b + 7op + LIPv + VIP",LIPd,Temporal::A1 + AL + CL + CM + ML + R + TPO + Tpt,2,0,1,low_resolution,nearest_centroid_corr>=0.95;fold_local_merged_confusion_group,1-2 | 3a/b | 5 | 7a | 7b | 7op | LIPv | VIP,low_resolution,LIPd,50,16,hybrid_projected_network_logcpm_exact
top3_network_beam_local_region_candidates,20R075,V4,Occipital/Temporal,"Occipital/Temporal | Parietal, and Parieto-occipital region | Temporal",1,1,V4,TEO,V3v,1,1,1,Occipital/Temporal::V4 + V4v,Occipital/Temporal::V4 + V4v,Temporal::TEO + TEad + TEm + TEpd,Occipital/Temporal::V1 + V2 + V3d + V3v,1,1,1,low_resolution,training_n<8;nearest_centroid_corr>=0.95;fold_local_merged_confusion_group,V4 | V4v,low_resolution,V4 | V4v,46,17,hybrid_projected_network_logcpm_exact
top3_network_beam_local_region_candidates,20R076,5,"Parietal, and Parieto-occipital region","Parietal, and Parieto-occipital region | Temporal | Lateral Prefrontal Cortex",1,1,7b,7op,ML,5,0,0,"Parietal, and Parieto-occipital region::5 + LIPd + LIPv + VIP","Parietal, and Parieto-occipital region::1-2 + 7a + 7b + 7op",Temporal::A1 + AL + CL + CM + ML + R + TPO + Tpt,7m,4,0,0,low_resolution,nearest_centroid_corr>=0.95;fold_local_merged_confusion_group,1-2 | 7a | 7b | 7op,low_resolution,5 | LIPd | LIPv | VIP,50,17,hybrid_projected_network_logcpm_exact
top3_network_beam_local_region_candidates,20R077,V1,Occipital/Temporal,"Occipital/Temporal | Parietal, and Parieto-occipital region | Temporal",1,1,V1,V2,V3d,1,1,1,Occipital/Temporal::V1 + V2 + V3d + V3v,Occipital/Temporal::V1 + V2 + V3d + V3v,Occipital/Temporal::FST + MST,MT,1,1,1,low_resolution,nearest_centroid_corr>=0.95;fold_local_merged_confusion_group,V1 | V2 | V3d | V3v,low_resolution,V1 | V2 | V3d | V3v,46,18,hybrid_projected_network_logcpm_exact
top3_network_beam_local_region_candidates,20R078,RTL,Temporal,Operculum/Insula | Temporal | Orbitomedial Prefrontal Cortex (OMPFC),0,1,RTL,STG,PrCo,1,1,1,Temporal::RTL + STG,Temporal::RTL + STG,PrCo,Temporal::RM + RT + RTM,1,1,1,low_resolution,training_n<8;nearest_centroid_corr>=0.95;fold_local_merged_confusion_group,RTL | STG,low_resolution,RTL | STG,51,17,hybrid_projected_network_logcpm_exact
top3_network_beam_local_region_candidates,20R079,VIP,"Parietal, and Parieto-occipital region","Parietal, and Parieto-occipital region | Lateral Prefrontal Cortex | Temporal",1,1,LIPd,LIPv,5,7,0,0,"Parietal, and Parieto-occipital region::1-2 + 5 + 7a + 7b + 7op + LIPd + LIPv + VIP","Parietal, and Parieto-occipital region::1-2 + 5 + 7a + 7b + 7op + LIPd + LIPv + VIP",Temporal::A1 + AL + CL + CM + ML + R + TPO + Tpt,3a/b,1,1,1,low_resolution,nearest_centroid_corr>=0.95;fold_local_merged_confusion_group,1-2 | 5 | 7a | 7b | 7op | LIPd | LIPv | VIP,low_resolution,1-2 | 5 | 7a | 7b | 7op | LIPd | LIPv | VIP,50,16,hybrid_projected_network_logcpm_exact
top3_network_beam_local_region_candidates,20R080,TPO,Temporal,"Parietal, and Parieto-occipital region | Temporal | Lateral Prefrontal Cortex",0,1,ML,7m,Tpt,10,0,0,Temporal::A1 + AL + CL + CM + ML + R + TPO + Tpt,Temporal::A1 + AL + CL + CM + ML + R + TPO + Tpt,7m,"Parietal, and Parieto-occipital region::1-2 + 5 + 7a + 7b + 7op + LIPd + LIPv + VIP",1,1,1,low_resolution,training_n<8;nearest_centroid_corr>=0.95;fold_local_merged_confusion_group,A1 | AL | CL | CM | ML | R | TPO | Tpt,low_resolution,A1 | AL | CL | CM | ML | R | TPO | Tpt,50,16,hybrid_projected_network_logcpm_exact
top3_network_beam_local_region_candidates,20R081,TFO,Temporal,Operculum/Insula | Temporal | Orbitomedial Prefrontal Cortex (OMPFC),0,1,36c,TF,TG,10,0,0,Temporal::A1 + CL + CM + ML + TEa + TFO + TPO + Tpt,36c,TF,TG,8,0,0,low_resolution,training_n<8;nearest_centroid_corr>=0.95,36c,low_resolution,A1 | CL | CM | ML | TEa | TFO | TPO | Tpt,51,15,hybrid_projected_network_logcpm_exact
top3_network_beam_local_region_candidates,20R082,ML,Temporal,"Parietal, and Parieto-occipital region | Temporal | Lateral Prefrontal Cortex",0,1,ML,7op,R,1,1,1,Temporal::A1 + AL + CL + CM + ML + R + TPO + Tpt,Temporal::A1 + AL + CL + CM + ML + R + TPO + Tpt,"Parietal, and Parieto-occipital region::1-2 + 7a + 7b + 7op",IPa,1,1,1,low_resolution,training_n<8;nearest_centroid_corr>=0.95;fold_local_merged_confusion_group,A1 | AL | CL | CM | ML | R | TPO | Tpt,low_resolution,A1 | AL | CL | CM | ML | R | TPO | Tpt,50,16,hybrid_projected_network_logcpm_exact
top3_network_beam_local_region_candidates,20R083,46v,Lateral Prefrontal Cortex,Lateral Prefrontal Cortex | Orbitomedial Prefrontal Cortex (OMPFC) | Cingulate gyrus,1,1,12r,12m,46v,3,0,1,Lateral Prefrontal Cortex::10o + 12l + 12r + 46d + 46v,Lateral Prefrontal Cortex::10o + 12l + 12r + 46d + 46v,Orbitomedial Prefrontal Cortex (OMPFC)::11l + 12m + 12o + 13l + 13m,Lateral Prefrontal Cortex::44 + 45 + 8A + 8Bd + 8Bm + 8Bs + 9d + 9m,1,1,1,low_resolution,nearest_centroid_corr>=0.95;fold_local_merged_confusion_group,10o | 12l | 12r | 46d | 46v,low_resolution,10o | 12l | 12r | 46d | 46v,36,15,hybrid_projected_network_logcpm_exact
top3_network_beam_local_region_candidates,20R085,RT,Temporal,Operculum/Insula | Orbitomedial Prefrontal Cortex (OMPFC) | Temporal,0,1,RT,RM,RTM,1,1,1,Temporal::RM + RT + RTM,Temporal::RM + RT + RTM,Operculum/Insula::G + Iapl + Id + Ig + Ri + SII,PrCo,1,1,1,low_resolution,training_n<8;nearest_centroid_corr>=0.95;fold_local_merged_confusion_group,RM | RT | RTM,low_resolution,RM | RT | RTM,51,16,hybrid_projected_network_logcpm_exact
top3_network_beam_local_region_candidates,20R086,Ig,Operculum/Insula,Operculum/Insula | Orbitomedial Prefrontal Cortex (OMPFC) | Temporal,1,1,Id,RM,Ig,3,0,1,Operculum/Insula::G + Ig + Ri + SII,Operculum/Insula::Iapl + Id,Temporal::RM + RT + RTM,Operculum/Insula::G + Ig + Ri + SII,3,0,1,low_resolution,nearest_centroid_corr>=0.95;fold_local_merged_confusion_group,Iapl | Id,low_resolution,G | Ig | Ri | SII,51,17,hybrid_projected_network_logcpm_exact
top3_network_beam_local_region_candidates,20R087,CM,Temporal,Operculum/Insula | Temporal | Orbitomedial Prefrontal Cortex (OMPFC),0,1,RM,Ig,G,40,0,0,Temporal::A1 + CL + CM + ML + TEa + TPO + Tpt,Temporal::RM + RT + RTM,Operculum/Insula::G + Iapl + Id + Ig + Ri + SII,TAa,9,0,0,low_resolution,nearest_centroid_corr>=0.95;fold_local_merged_confusion_group,RM | RT | RTM,low_resolution,A1 | CL | CM | ML | TEa | TPO | Tpt,51,16,hybrid_projected_network_logcpm_exact
top3_network_beam_local_region_candidates,20R088,11l,Orbitomedial Prefrontal Cortex (OMPFC),Lateral Prefrontal Cortex | Orbitomedial Prefrontal Cortex (OMPFC) | Cingulate gyrus,0,1,12m,46v,12r,6,0,0,Orbitomedial Prefrontal Cortex (OMPFC)::11l + 12m + 12o + 13l + 13m,Orbitomedial Prefrontal Cortex (OMPFC)::11l + 12m + 12o + 13l + 13m,Lateral Prefrontal Cortex::10o + 12l + 12r + 46d + 46v,10m,1,1,1,low_resolution,training_n<8;nearest_centroid_corr>=0.95;fold_local_merged_confusion_group,11l | 12m | 12o | 13l | 13m,low_resolution,11l | 12m | 12o | 13l | 13m,36,15,hybrid_projected_network_logcpm_exact
top3_network_beam_local_region_candidates,20R089,FST,Occipital/Temporal,"Parietal, and Parieto-occipital region | Occipital/Temporal | Temporal",0,1,TEO,V4,CL,16,0,0,Occipital/Temporal::FST + MST,Temporal::TEO + TEad + TEm + TEpd,Occipital/Temporal::V4 + V4v,Temporal::A1 + CL + CM + ML + TPO + Tpt,8,0,0,low_resolution,nearest_centroid_corr>=0.95;fold_local_merged_confusion_group,TEO | TEad | TEm | TEpd,low_resolution,FST | MST,46,18,hybrid_projected_network_logcpm_exact
top3_network_beam_local_region_candidates,20R090,7a,"Parietal, and Parieto-occipital region","Temporal | Parietal, and Parieto-occipital region | Operculum/Insula",0,1,TEm,TPO,Tpt,7,0,0,"Parietal, and Parieto-occipital region::1-2 + 7a + 7b + 7op",Temporal::TEO + TEad + TEav + TEm + TEpd + TEpv + TG,Temporal::A1 + CL + CM + IPa + ML + PGa + TPO + Tpt,"Parietal, and Parieto-occipital region::1-2 + 7a + 7b + 7op",3,0,1,low_resolution,nearest_centroid_corr>=0.95;fold_local_merged_confusion_group,TEO | TEad | TEav | TEm | TEpd | TEpv | TG,low_resolution,1-2 | 7a | 7b | 7op,48,11,hybrid_projected_network_logcpm_exact
top3_network_beam_local_region_candidates,20R091,V4v,Occipital/Temporal,"Temporal | Parietal, and Parieto-occipital region | Operculum/Insula",0,0,TEpd,TEm,TPO,111,0,0,outside_network_beam,Temporal::TEO + TEad + TEav + TEm + TEpd + TEpv + TG,Temporal::A1 + CL + CM + IPa + ML + PGa + TPO + Tpt,Temporal::AL + R + RM + RT + RTL + RTM + TAa,111,0,0,low_resolution,nearest_centroid_corr>=0.95;fold_local_merged_confusion_group,TEO | TEad | TEav | TEm | TEpd | TEpv | TG,outside_network_beam,,48,14,hybrid_projected_network_logcpm_exact
top3_network_beam_local_region_candidates,20R092,STG,Temporal,"Temporal | Parietal, and Parieto-occipital region | Operculum/Insula",1,1,AL,R,SII,16,0,0,STG,Temporal::AL + R + RM + RT + RTL + RTM + TAa,Operculum/Insula::G + Iapl + Id + Ig + PrCo + Ri + SII,Temporal::A1 + CL + CM + IPa + ML + PGa + TPO + Tpt,7,0,0,low_resolution,nearest_centroid_corr>=0.95;fold_local_merged_confusion_group,AL | R | RM | RT | RTL | RTM | TAa,low_resolution,STG,48,13,hybrid_projected_network_logcpm_exact
top3_network_beam_local_region_candidates,20R093,46d,Lateral Prefrontal Cortex,Lateral Prefrontal Cortex | Frontal (agranular frontal motor areas) | Cingulate gyrus,1,1,46v,12r,46d,3,0,1,Lateral Prefrontal Cortex::10o + 12l + 12r + 46d + 46v,Lateral Prefrontal Cortex::10o + 12l + 12r + 46d + 46v,Lateral Prefrontal Cortex::44 + 45 + 8A + 8Bd + 8Bm + 8Bs + 9d + 9m,F5,1,1,1,low_resolution,nearest_centroid_corr>=0.95;fold_local_merged_confusion_group,10o | 12l | 12r | 46d | 46v,low_resolution,10o | 12l | 12r | 46d | 46v,30,12,hybrid_projected_network_logcpm_exact
top3_network_beam_local_region_candidates,20R094,SII,Operculum/Insula,"Temporal | Operculum/Insula | Parietal, and Parieto-occipital region",0,1,AL,TAa,SII,3,0,1,Operculum/Insula::G + Iapl + Id + Ig + PrCo + Ri + SII,Temporal::AL + R + RM + RT + RTL + RTM + TAa,Operculum/Insula::G + Iapl + Id + Ig + PrCo + Ri + SII,Temporal::TEO + TEad + TEav + TEm + TEpd + TEpv + TG,2,0,1,low_resolution,nearest_centroid_corr>=0.95;fold_local_merged_confusion_group,AL | R | RM | RT | RTL | RTM | TAa,low_resolution,G | Iapl | Id | Ig | PrCo | Ri | SII,48,14,hybrid_projected_network_logcpm_exact
top3_network_beam_local_region_candidates,20R095,amy,Subcortical,Hippocampal formation | Operculum/Insula | Orbitomedial Prefrontal Cortex (OMPFC),0,0,Ia,Iapm,Pi,111,0,0,outside_network_beam,Operculum/Insula::Ia + Ial + Iapm + Pi,Orbitomedial Prefrontal Cortex (OMPFC)::13a + 14c + 25 + 32,Operculum/Insula::G + Iapl + Id + Ig + PrCo + Ri + SII,111,0,0,low_resolution,training_n<8;nearest_centroid_corr>=0.95;fold_local_merged_confusion_group,Ia | Ial | Iapm | Pi,outside_network_beam,,25,6,hybrid_projected_network_logcpm_exact
top3_network_beam_local_region_candidates,20R096,RTM,Temporal,Operculum/Insula | Orbitomedial Prefrontal Cortex (OMPFC) | Temporal,0,1,RTM,Pi,Ia,1,1,1,Temporal::RM + RT + RTM,Temporal::RM + RT + RTM,Operculum/Insula::Ia + Ial + Iapm + Pi,Operculum/Insula::G + Iapl + Id + Ig + Ri + SII,1,1,1,low_resolution,training_n<8;nearest_centroid_corr>=0.95;fold_local_merged_confusion_group,RM | RT | RTM,low_resolution,RM | RT | RTM,51,18,hybrid_projected_network_logcpm_exact
top3_network_beam_local_region_candidates,20R097,thalamus,Subcortical,Subcortical | Hippocampal formation | Operculum/Insula,1,1,thalamus,GPeGPi,amy,1,1,1,thalamus,thalamus,GPeGPi,amy,1,1,1,low_resolution,training_n<8,thalamus,low_resolution,thalamus,21,13,hybrid_projected_network_logcpm_exact
top3_network_beam_local_region_candidates,20R098,HC,Hippocampal formation,Hippocampal formation | Operculum/Insula | Orbitomedial Prefrontal Cortex (OMPFC),1,1,HC,25,Ia,1,1,1,HC,HC,Orbitomedial Prefrontal Cortex (OMPFC)::13a + 14c + 14r + 25 + 32,Operculum/Insula::Ia + Ial + Iapm + Pi,1,1,1,low_resolution,training_n<8,HC,low_resolution,HC,25,5,hybrid_projected_network_logcpm_exact
top3_network_beam_local_region_candidates,20R099,9d,Lateral Prefrontal Cortex,Frontal (agranular frontal motor areas) | Lateral Prefrontal Cortex | Cingulate gyrus,0,1,44,8Bd,8Bm,8,0,0,Lateral Prefrontal Cortex::10o + 12l + 12r + 46d + 46v + 9d,Lateral Prefrontal Cortex::44 + 45 + 8A + 8Bd + 8Bm + 8Bs + 9m,F7,F6,5,0,0,low_resolution,training_n<8;nearest_centroid_corr>=0.95;fold_local_merged_confusion_group,44 | 45 | 8A | 8Bd | 8Bm | 8Bs | 9m,low_resolution,10o | 12l | 12r | 46d | 46v | 9d,30,13,hybrid_projected_network_logcpm_exact
top3_network_beam_local_region_candidates,20R100,9m,Lateral Prefrontal Cortex,Cingulate gyrus | Frontal (agranular frontal motor areas) | Lateral Prefrontal Cortex,0,1,8Bm,24c',F5,6,0,0,Lateral Prefrontal Cortex::44 + 45 + 8A + 8Bd + 8Bm + 8Bs + 9d + 9m,Lateral Prefrontal Cortex::44 + 45 + 8A + 8Bd + 8Bm + 8Bs + 9d + 9m,24c',F5,1,1,1,low_resolution,training_n<8;nearest_centroid_corr>=0.95;fold_local_merged_confusion_group,44 | 45 | 8A | 8Bd | 8Bm | 8Bs | 9d | 9m,low_resolution,44 | 45 | 8A | 8Bd | 8Bm | 8Bs | 9d | 9m,30,13,hybrid_projected_network_logcpm_exact
top3_network_beam_local_region_candidates,20R101,13b,Orbitomedial Prefrontal Cortex (OMPFC),Lateral Prefrontal Cortex | Orbitomedial Prefrontal Cortex (OMPFC) | Cingulate gyrus,0,1,13m,13l,11m,7,0,0,13b,Orbitomedial Prefrontal Cortex (OMPFC)::11l + 12m + 12o + 13l + 13m,Orbitomedial Prefrontal Cortex (OMPFC)::10m + 11m,Lateral Prefrontal Cortex::10o + 12l + 12r + 46d + 46v,4,0,0,low_resolution,training_n<8;nearest_centroid_corr>=0.95;fold_local_merged_confusion_group,11l | 12m | 12o | 13l | 13m,low_resolution,13b,36,14,hybrid_projected_network_logcpm_exact
top3_network_beam_local_region_candidates,20R102,14r,Orbitomedial Prefrontal Cortex (OMPFC),Orbitomedial Prefrontal Cortex (OMPFC) | Cingulate gyrus | Operculum/Insula,1,1,14r,10m,14c,1,1,1,Orbitomedial Prefrontal Cortex (OMPFC)::10m + 13a + 13b + 14c + 14r + 25 + 32,Orbitomedial Prefrontal Cortex (OMPFC)::10m + 13a + 13b + 14c + 14r + 25 + 32,Orbitomedial Prefrontal Cortex (OMPFC)::11l + 11m + 12m + 12o + 13l + 13m,Cingulate gyrus::23b + 23c + 24b + 24b' + 24c + 24c',1,1,1,low_resolution,nearest_centroid_corr>=0.95;fold_local_merged_confusion_group,10m | 13a | 13b | 14c | 14r | 25 | 32,low_resolution,10m | 13a | 13b | 14c | 14r | 25 | 32,34,9,hybrid_projected_network_logcpm_exact
top3_network_beam_local_region_candidates,20R103,12r,Lateral Prefrontal Cortex,Lateral Prefrontal Cortex | Orbitomedial Prefrontal Cortex (OMPFC) | Cingulate gyrus,1,1,12l,12r,12m,2,0,1,Lateral Prefrontal Cortex::10o + 12l + 12r + 46d + 46v,Lateral Prefrontal Cortex::10o + 12l + 12r + 46d + 46v,Orbitomedial Prefrontal Cortex (OMPFC)::11l + 12m + 12o + 13l + 13m,Lateral Prefrontal Cortex::44 + 45 + 8A + 8Bd + 8Bm + 8Bs + 9d + 9m,1,1,1,low_resolution,training_n<8;nearest_centroid_corr>=0.95;fold_local_merged_confusion_group,10o | 12l | 12r | 46d | 46v,low_resolution,10o | 12l | 12r | 46d | 46v,36,14,hybrid_projected_network_logcpm_exact
top3_network_beam_local_region_candidates,20R104,24c,Cingulate gyrus,Orbitomedial Prefrontal Cortex (OMPFC) | Cingulate gyrus | Operculum/Insula,0,1,32,24b',24b,11,0,0,Cingulate gyrus::23b + 23c + 24b + 24b' + 24c + 24c',Orbitomedial Prefrontal Cortex (OMPFC)::10m + 13a + 13b + 14c + 14r + 25 + 32,Cingulate gyrus::23b + 23c + 24b + 24b' + 24c + 24c',Orbitomedial Prefrontal Cortex (OMPFC)::11l + 11m + 12m + 12o + 13l + 13m,2,0,1,low_resolution,nearest_centroid_corr>=0.95;fold_local_merged_confusion_group,10m | 13a | 13b | 14c | 14r | 25 | 32,low_resolution,23b | 23c | 24b | 24b' | 24c | 24c',34,9,hybrid_projected_network_logcpm_exact
top3_network_beam_local_region_candidates,20R105,10m,Orbitomedial Prefrontal Cortex (OMPFC),Orbitomedial Prefrontal Cortex (OMPFC) | Cingulate gyrus | Operculum/Insula,1,1,32,13b,24b',18,0,0,Orbitomedial Prefrontal Cortex (OMPFC)::10m + 13a + 13b + 14c + 14r + 25 + 32,Orbitomedial Prefrontal Cortex (OMPFC)::10m + 13a + 13b + 14c + 14r + 25 + 32,Cingulate gyrus::23b + 23c + 24b + 24b' + 24c + 24c',Orbitomedial Prefrontal Cortex (OMPFC)::11l + 11m + 12m + 13l + 13m,1,1,1,low_resolution,nearest_centroid_corr>=0.95;fold_local_merged_confusion_group,10m | 13a | 13b | 14c | 14r | 25 | 32,low_resolution,10m | 13a | 13b | 14c | 14r | 25 | 32,34,10,hybrid_projected_network_logcpm_exact
top3_network_beam_local_region_candidates,20R106,14r,Orbitomedial Prefrontal Cortex (OMPFC),Orbitomedial Prefrontal Cortex (OMPFC) | Cingulate gyrus | Lateral Prefrontal Cortex,1,1,14r,13b,10m,1,1,1,14r,14r,13b,10m,1,1,1,low_resolution,nearest_centroid_corr>=0.95,14r,low_resolution,14r,36,14,hybrid_projected_network_logcpm_exact
top3_network_beam_local_region_candidates,20R107,11m,Orbitomedial Prefrontal Cortex (OMPFC),Lateral Prefrontal Cortex | Cingulate gyrus | Orbitomedial Prefrontal Cortex (OMPFC),0,1,12l,12r,10o,12,0,0,Orbitomedial Prefrontal Cortex (OMPFC)::11l + 11m + 12m + 12o + 13l + 13m,Lateral Prefrontal Cortex::10o + 12l + 12r + 46d + 46v,Orbitomedial Prefrontal Cortex (OMPFC)::11l + 11m + 12m + 12o + 13l + 13m,10m,2,0,1,low_resolution,training_n<8;nearest_centroid_corr>=0.95;fold_local_merged_confusion_group,10o | 12l | 12r | 46d | 46v,low_resolution,11l | 11m | 12m | 12o | 13l | 13m,36,14,hybrid_projected_network_logcpm_exact
top3_network_beam_local_region_candidates,20R108,11l,Orbitomedial Prefrontal Cortex (OMPFC),"Lateral Prefrontal Cortex | Parietal, and Parieto-occipital region | Cingulate gyrus",0,0,46v,12l,46d,111,0,0,outside_network_beam,Lateral Prefrontal Cortex::10o + 12l + 12r + 46d + 46v + 8Bm + 9m,Lateral Prefrontal Cortex::44 + 45 + 8A + 8Bd + 8Bs + 9d,Cingulate gyrus::23b + 23c + 24b' + 24c',111,0,0,low_resolution,nearest_centroid_corr>=0.95;fold_local_merged_confusion_group,10o | 12l | 12r | 46d | 46v | 8Bm | 9m,outside_network_beam,,33,11,hybrid_projected_network_logcpm_exact
top3_network_beam_local_region_candidates,20R109,F2,Frontal (agranular frontal motor areas),"Frontal (agranular frontal motor areas) | Lateral Prefrontal Cortex | Parietal, and Parieto-occipital region",1,1,F1,F2,8Bs,2,0,1,Frontal (agranular frontal motor areas)::F1 + F2,Frontal (agranular frontal motor areas)::F1 + F2,Lateral Prefrontal Cortex::44 + 45 + 8A + 8Bd + 8Bs,F3,1,1,1,low_resolution,nearest_centroid_corr>=0.95;fold_local_merged_confusion_group,F1 | F2,low_resolution,F1 | F2,30,11,hybrid_projected_network_logcpm_exact
top3_network_beam_local_region_candidates,20R110,F3,Frontal (agranular frontal motor areas),Frontal (agranular frontal motor areas) | Lateral Prefrontal Cortex | Cingulate gyrus,1,1,F3,F7,F2,1,1,1,Frontal (agranular frontal motor areas)::F3 + F7,Frontal (agranular frontal motor areas)::F3 + F7,Frontal (agranular frontal motor areas)::F1 + F2,Lateral Prefrontal Cortex::44 + 45 + 8A + 8Bd + 8Bm + 8Bs + 9d + 9m,1,1,1,low_resolution,nearest_centroid_corr>=0.95;fold_local_merged_confusion_group,F3 | F7,low_resolution,F3 | F7,30,13,hybrid_projected_network_logcpm_exact
top3_network_beam_local_region_candidates,20R111,F5,Frontal (agranular frontal motor areas),Lateral Prefrontal Cortex | Cingulate gyrus | Frontal (agranular frontal motor areas),0,1,F5,8Bm,F6,1,1,1,F5,F5,Lateral Prefrontal Cortex::44 + 45 + 8A + 8Bd + 8Bm + 8Bs + 9d + 9m,F6,1,1,1,low_resolution,training_n<8;nearest_centroid_corr>=0.95,F5,low_resolution,F5,30,13,hybrid_projected_network_logcpm_exact
top3_network_beam_local_region_candidates,20R112,pu,Subcortical,Subcortical | Hippocampal formation | Operculum/Insula,1,1,cd,pu,NARegion,2,0,1,Subcortical::cd + pu,Subcortical::cd + pu,NARegion,cla,1,1,1,low_resolution,nearest_centroid_corr>=0.95;fold_local_merged_confusion_group,cd | pu,low_resolution,cd | pu,21,13,hybrid_projected_network_logcpm_exact
top3_network_beam_local_region_candidates,20R113,cd,Subcortical,Subcortical | Hippocampal formation | Operculum/Insula,1,1,pu,cd,NARegion,2,0,1,Subcortical::cd + pu,Subcortical::cd + pu,NARegion,cla,1,1,1,low_resolution,nearest_centroid_corr>=0.95;fold_local_merged_confusion_group,cd | pu,low_resolution,cd | pu,21,13,hybrid_projected_network_logcpm_exact
top3_network_beam_local_region_candidates,20R114,45,Lateral Prefrontal Cortex,"Frontal (agranular frontal motor areas) | Lateral Prefrontal Cortex | Parietal, and Parieto-occipital region",0,1,44,8Bs,8A,7,0,0,Lateral Prefrontal Cortex::44 + 45 + 8A + 8Bd + 8Bs,Lateral Prefrontal Cortex::44 + 45 + 8A + 8Bd + 8Bs,F3,Frontal (agranular frontal motor areas)::F6 + F7,1,1,1,low_resolution,training_n<8;nearest_centroid_corr>=0.95;fold_local_merged_confusion_group,44 | 45 | 8A | 8Bd | 8Bs,low_resolution,44 | 45 | 8A | 8Bd | 8Bs,30,11,hybrid_projected_network_logcpm_exact
top3_network_beam_local_region_candidates,20R115,44,Lateral Prefrontal Cortex,Frontal (agranular frontal motor areas) | Lateral Prefrontal Cortex | Cingulate gyrus,0,1,8Bs,44,F3,2,0,1,Lateral Prefrontal Cortex::44 + 45 + 8A + 8Bd + 8Bs + 9d,Lateral Prefrontal Cortex::44 + 45 + 8A + 8Bd + 8Bs + 9d,Frontal (agranular frontal motor areas)::F1 + F2 + F3,F7,1,1,1,low_resolution,nearest_centroid_corr>=0.95;fold_local_merged_confusion_group,44 | 45 | 8A | 8Bd | 8Bs | 9d,low_resolution,44 | 45 | 8A | 8Bd | 8Bs | 9d,30,13,hybrid_projected_network_logcpm_exact
top3_network_beam_local_region_candidates,20R116,8A,Lateral Prefrontal Cortex,Frontal (agranular frontal motor areas) | Lateral Prefrontal Cortex | Cingulate gyrus,0,1,44,8Bs,F3,11,0,0,Lateral Prefrontal Cortex::44 + 45 + 8A + 8Bd + 8Bm + 8Bs + 9d + 9m,Lateral Prefrontal Cortex::44 + 45 + 8A + 8Bd + 8Bm + 8Bs + 9d + 9m,Frontal (agranular frontal motor areas)::F1 + F2 + F3,F7,1,1,1,low_resolution,training_n<8;nearest_centroid_corr>=0.95;fold_local_merged_confusion_group,44 | 45 | 8A | 8Bd | 8Bm | 8Bs | 9d | 9m,low_resolution,44 | 45 | 8A | 8Bd | 8Bm | 8Bs | 9d | 9m,30,12,hybrid_projected_network_logcpm_exact
top3_network_beam_local_region_candidates,20R117,8Bs,Lateral Prefrontal Cortex,"Frontal (agranular frontal motor areas) | Lateral Prefrontal Cortex | Parietal, and Parieto-occipital region",0,1,F1,LIPv,F2,8,0,0,Lateral Prefrontal Cortex::44 + 45 + 8A + 8Bd + 8Bs + 9d,Frontal (agranular frontal motor areas)::F1 + F2,"Parietal, and Parieto-occipital region::1-2 + 5 + 7a + 7b + 7op + LIPd + LIPv + VIP",3a/b,4,0,0,low_resolution,nearest_centroid_corr>=0.95;fold_local_merged_confusion_group,F1 | F2,low_resolution,44 | 45 | 8A | 8Bd | 8Bs | 9d,30,10,hybrid_projected_network_logcpm_exact
top3_network_beam_local_region_candidates,20R118,NARegion,Subcortical,Subcortical | Hippocampal formation | Operculum/Insula,1,1,NARegion,cd,pu,1,1,1,NARegion,NARegion,Subcortical::cd + pu,cla,1,1,1,low_resolution,training_n<8;nearest_centroid_corr>=0.95,NARegion,low_resolution,NARegion,21,13,hybrid_projected_network_logcpm_exact
top3_network_beam_local_region_candidates,20R119,3a/b,"Parietal, and Parieto-occipital region","Parietal, and Parieto-occipital region | Occipital/Temporal | Temporal",1,1,MST,A1,V3d,6,0,0,3a/b,Occipital/Temporal::FST + MST,Temporal::A1 + CL + CM + ML + TPO + Tpt,Occipital/Temporal::V1 + V2 + V3d + V3v,5,0,0,low_resolution,nearest_centroid_corr>=0.95;fold_local_merged_confusion_group,FST | MST,low_resolution,3a/b,46,18,hybrid_projected_network_logcpm_exact
top3_network_beam_local_region_candidates,20R120,SII,Operculum/Insula,"Lateral Prefrontal Cortex | Parietal, and Parieto-occipital region | Temporal",0,0,AL,7b,1-2,111,0,0,outside_network_beam,Temporal::A1 + AL + CL + CM + ML + R + TPO + Tpt,"Parietal, and Parieto-occipital region::1-2 + 5 + 7a + 7b + 7op + LIPd + LIPv + VIP",Lateral Prefrontal Cortex::44 + 45 + 8A + 8Bd + 8Bs,111,0,0,low_resolution,nearest_centroid_corr>=0.95;fold_local_merged_confusion_group,A1 | AL | CL | CM | ML | R | TPO | Tpt,outside_network_beam,,50,16,hybrid_projected_network_logcpm_exact
top3_network_beam_local_region_candidates,20R121,Id,Operculum/Insula,Operculum/Insula | Orbitomedial Prefrontal Cortex (OMPFC) | Temporal,1,1,Ig,RM,G,10,0,0,Operculum/Insula::G + Iapl + Id + Ig + Ri + SII,Operculum/Insula::G + Iapl + Id + Ig + Ri + SII,Temporal::RM + RT + RTM,PrCo,1,1,1,low_resolution,nearest_centroid_corr>=0.95;fold_local_merged_confusion_group,G | Iapl | Id | Ig | Ri | SII,low_resolution,G | Iapl | Id | Ig | Ri | SII,51,17,hybrid_projected_network_logcpm_exact
top3_network_beam_local_region_candidates,20R122,HC,Hippocampal formation,Hippocampal formation | Operculum/Insula | Orbitomedial Prefrontal Cortex (OMPFC),1,1,Ia,25,Iapm,12,0,0,HC,Operculum/Insula::Ia + Iapm,Orbitomedial Prefrontal Cortex (OMPFC)::13a + 25,Operculum/Insula::Ial + Pi,6,0,0,low_resolution,training_n<8;nearest_centroid_corr>=0.95;fold_local_merged_confusion_group,Ia | Iapm,low_resolution,HC,25,9,hybrid_projected_network_logcpm_exact
top3_network_beam_local_region_candidates,20R123,STG,Temporal,"Temporal | Operculum/Insula | Parietal, and Parieto-occipital region",1,1,STG,TAa,TEav,1,1,1,Temporal::AL + R + RM + RT + RTL + RTM + STG + TAa,Temporal::AL + R + RM + RT + RTL + RTM + STG + TAa,Temporal::TEO + TEad + TEav + TEm + TEpd + TEpv + TG,Operculum/Insula::G + Iapl + Id + Ig + PrCo + Ri + SII,1,1,1,low_resolution,nearest_centroid_corr>=0.95;fold_local_merged_confusion_group,AL | R | RM | RT | RTL | RTM | STG | TAa,low_resolution,AL | R | RM | RT | RTL | RTM | STG | TAa,48,13,hybrid_projected_network_logcpm_exact
top3_network_beam_local_region_candidates,20R125,ML,Temporal,"Parietal, and Parieto-occipital region | Lateral Prefrontal Cortex | Temporal",0,1,ML,CL,CM,1,1,1,Temporal::A1 + CL + CM + IPa + ML + TPO + Tpt,Temporal::A1 + CL + CM + IPa + ML + TPO + Tpt,"Parietal, and Parieto-occipital region::1-2 + 5 + 7a + 7b + 7op + LIPd + LIPv + VIP",7m,1,1,1,low_resolution,training_n<8;nearest_centroid_corr>=0.95;fold_local_merged_confusion_group,A1 | CL | CM | IPa | ML | TPO | Tpt,low_resolution,A1 | CL | CM | IPa | ML | TPO | Tpt,50,16,hybrid_projected_network_logcpm_exact
top3_network_beam_local_region_candidates,20R126,VIP,"Parietal, and Parieto-occipital region","Parietal, and Parieto-occipital region | Lateral Prefrontal Cortex | Frontal (agranular frontal motor areas)",1,1,5,7m,7op,4,0,0,"Parietal, and Parieto-occipital region::1-2 + 5 + 7a + 7b + 7op + LIPd + LIPv + VIP","Parietal, and Parieto-occipital region::1-2 + 5 + 7a + 7b + 7op + LIPd + LIPv + VIP",7m,3a/b,1,1,1,low_resolution,nearest_centroid_corr>=0.95;fold_local_merged_confusion_group,1-2 | 5 | 7a | 7b | 7op | LIPd | LIPv | VIP,low_resolution,1-2 | 5 | 7a | 7b | 7op | LIPd | LIPv | VIP,30,11,hybrid_projected_network_logcpm_exact
top3_network_beam_local_region_candidates,20R127,CM,Temporal,"Parietal, and Parieto-occipital region | Occipital/Temporal | Temporal",0,1,A1,3a/b,CL,4,0,0,Temporal::A1 + CL + CM + IPa + ML + TPO + Tpt,Temporal::A1 + CL + CM + IPa + ML + TPO + Tpt,3a/b,Occipital/Temporal::FST + MST,1,1,1,low_resolution,nearest_centroid_corr>=0.95;fold_local_merged_confusion_group,A1 | CL | CM | IPa | ML | TPO | Tpt,low_resolution,A1 | CL | CM | IPa | ML | TPO | Tpt,46,17,hybrid_projected_network_logcpm_exact
top3_network_beam_local_region_candidates,20R128,A1,Temporal,"Parietal, and Parieto-occipital region | Occipital/Temporal | Lateral Prefrontal Cortex",0,0,MST,FST,LIPv,111,0,0,outside_network_beam,Occipital/Temporal::FST + MST,"Parietal, and Parieto-occipital region::1-2 + 5 + 7a + 7b + 7op + LIPd + LIPv + VIP",3a/b,111,0,0,low_resolution,nearest_centroid_corr>=0.95;fold_local_merged_confusion_group,FST | MST,outside_network_beam,,32,8,hybrid_projected_network_logcpm_exact
top3_network_beam_local_region_candidates,20R129,TAa,Temporal,"Occipital/Temporal | Parietal, and Parieto-occipital region | Temporal",0,1,V4v,TEO,Tpt,34,0,0,Temporal::RM + RT + RTL + RTM + STG + TAa,Occipital/Temporal::V4 + V4v,Temporal::PGa + TEO + TEa + TEm + TEpd,Temporal::A1 + CL + CM + IPa + ML + TPO + Tpt,12,0,0,low_resolution,training_n<8;nearest_centroid_corr>=0.95;fold_local_merged_confusion_group,V4 | V4v,low_resolution,RM | RT | RTL | RTM | STG | TAa,46,17,hybrid_projected_network_logcpm_exact
top3_network_beam_local_region_candidates,20R130,7op,"Parietal, and Parieto-occipital region","Parietal, and Parieto-occipital region | Lateral Prefrontal Cortex | Temporal",1,1,7op,7b,7a,1,1,1,"Parietal, and Parieto-occipital region::1-2 + 7a + 7b + 7op","Parietal, and Parieto-occipital region::1-2 + 7a + 7b + 7op",Temporal::A1 + CL + CM + IPa + ML + TPO + Tpt,Lateral Prefrontal Cortex::44 + 45 + 8A + 8Bd + 8Bm + 8Bs + 9d + 9m,1,1,1,low_resolution,nearest_centroid_corr>=0.95;fold_local_merged_confusion_group,1-2 | 7a | 7b | 7op,low_resolution,1-2 | 7a | 7b | 7op,50,16,hybrid_projected_network_logcpm_exact
top3_network_beam_local_region_candidates,20R131,TEpd,Temporal,"Occipital/Temporal | Temporal | Parietal, and Parieto-occipital region",0,1,V4v,TEO,ML,4,0,0,Temporal::TEO + TEad + TEm + TEpd,Occipital/Temporal::V4 + V4v,Temporal::TEO + TEad + TEm + TEpd,Temporal::A1 + CL + CM + IPa + ML + TPO + Tpt,2,0,1,low_resolution,training_n<8;nearest_centroid_corr>=0.95;fold_local_merged_confusion_group,V4 | V4v,low_resolution,TEO | TEad | TEm | TEpd,46,17,hybrid_projected_network_logcpm_exact
top3_network_beam_local_region_candidates,20R132,5,"Parietal, and Parieto-occipital region","Parietal, and Parieto-occipital region | Lateral Prefrontal Cortex | Temporal",1,1,7op,Tpt,7m,7,0,0,"Parietal, and Parieto-occipital region::1-2 + 5 + 7a + 7b + 7op + LIPd + LIPv + VIP","Parietal, and Parieto-occipital region::1-2 + 5 + 7a + 7b + 7op + LIPd + LIPv + VIP",Temporal::A1 + AL + CL + CM + ML + R + TPO + Tpt,7m,1,1,1,low_resolution,nearest_centroid_corr>=0.95;fold_local_merged_confusion_group,1-2 | 5 | 7a | 7b | 7op | LIPd | LIPv | VIP,low_resolution,1-2 | 5 | 7a | 7b | 7op | LIPd | LIPv | VIP,50,16,hybrid_projected_network_logcpm_exact
top3_network_beam_local_region_candidates,20R133,7b,"Parietal, and Parieto-occipital region","Parietal, and Parieto-occipital region | Lateral Prefrontal Cortex | Temporal",1,1,Tpt,7a,7op,4,0,0,"Parietal, and Parieto-occipital region::1-2 + 5 + 7a + 7b + 7op + LIPd + LIPv + VIP",Temporal::A1 + AL + CL + CM + ML + R + TPO + Tpt,"Parietal, and Parieto-occipital region::1-2 + 5 + 7a + 7b + 7op + LIPd + LIPv + VIP",IPa,2,0,1,low_resolution,training_n<8;nearest_centroid_corr>=0.95;fold_local_merged_confusion_group,A1 | AL | CL | CM | ML | R | TPO | Tpt,low_resolution,1-2 | 5 | 7a | 7b | 7op | LIPd | LIPv | VIP,50,16,hybrid_projected_network_logcpm_exact
top3_network_beam_local_region_candidates,20R134,V1,Occipital/Temporal,"Occipital/Temporal | Parietal, and Parieto-occipital region | Temporal",1,1,V1,V2,V3v,1,1,1,Occipital/Temporal::V1 + V2 + V3d + V3v,Occipital/Temporal::V1 + V2 + V3d + V3v,Occipital/Temporal::FST + MST,MT,1,1,1,low_resolution,nearest_centroid_corr>=0.95;fold_local_merged_confusion_group,V1 | V2 | V3d | V3v,low_resolution,V1 | V2 | V3d | V3v,46,17,hybrid_projected_network_logcpm_exact
top3_network_beam_local_region_candidates,20R135,V2,Occipital/Temporal,"Occipital/Temporal | Parietal, and Parieto-occipital region | Temporal",1,1,V1,V2,V3d,2,0,1,Occipital/Temporal::V1 + V2 + V3d + V3v,Occipital/Temporal::V1 + V2 + V3d + V3v,Occipital/Temporal::FST + MST,Temporal::A1 + CL + CM + IPa + ML + TPO + Tpt,1,1,1,low_resolution,nearest_centroid_corr>=0.95;fold_local_merged_confusion_group,V1 | V2 | V3d | V3v,low_resolution,V1 | V2 | V3d | V3v,46,17,hybrid_projected_network_logcpm_exact
top3_network_beam_local_region_candidates,20R136,V3v,Occipital/Temporal,"Occipital/Temporal | Parietal, and Parieto-occipital region | Temporal",1,1,V3d,V2,FST,4,0,0,Occipital/Temporal::V1 + V2 + V3v + V4 + V4v,Occipital/Temporal::FST + MST + V3d,Occipital/Temporal::V1 + V2 + V3v + V4 + V4v,"Parietal, and Parieto-occipital region::1-2 + 5 + 7a + 7b + 7op + LIPd + LIPv + VIP",2,0,1,low_resolution,training_n<8;nearest_centroid_corr>=0.95;fold_local_merged_confusion_group,FST | MST | V3d,low_resolution,V1 | V2 | V3v | V4 | V4v,46,17,hybrid_projected_network_logcpm_exact
top3_network_beam_local_region_candidates,20R137,7m,"Parietal, and Parieto-occipital region","Occipital/Temporal | Parietal, and Parieto-occipital region | Temporal",0,1,V2,V1,V3v,20,0,0,7m,Occipital/Temporal::V1 + V2 + V3d + V3v,Occipital/Temporal::FST + MST,Temporal::A1 + CL + CM + IPa + ML + TPO + Tpt,9,0,0,low_resolution,nearest_centroid_corr>=0.95;fold_local_merged_confusion_group,V1 | V2 | V3d | V3v,low_resolution,7m,46,19,hybrid_projected_network_logcpm_exact
top3_network_beam_local_region_candidates,20R138,9m,Lateral Prefrontal Cortex,Cingulate gyrus | Orbitomedial Prefrontal Cortex (OMPFC) | Lateral Prefrontal Cortex,0,1,10m,11m,13b,10,0,0,Lateral Prefrontal Cortex::44 + 45 + 8A + 8Bd + 8Bm + 8Bs + 9d + 9m,10m,11m,13b,7,0,0,low_resolution,nearest_centroid_corr>=0.95,10m,low_resolution,44 | 45 | 8A | 8Bd | 8Bm | 8Bs | 9d | 9m,36,14,hybrid_projected_network_logcpm_exact
top3_network_beam_local_region_candidates,20R139,9d,Lateral Prefrontal Cortex,"Lateral Prefrontal Cortex | Frontal (agranular frontal motor areas) | Parietal, and Parieto-occipital region",1,1,46d,46v,12r,6,0,0,Lateral Prefrontal Cortex::10o + 12l + 12r + 46d + 46v + 8Bm + 9d + 9m,Lateral Prefrontal Cortex::10o + 12l + 12r + 46d + 46v + 8Bm + 9d + 9m,Lateral Prefrontal Cortex::44 + 45 + 8A + 8Bd + 8Bs,F5,1,1,1,low_resolution,nearest_centroid_corr>=0.95;fold_local_merged_confusion_group,10o | 12l | 12r | 46d | 46v | 8Bm | 9d | 9m,low_resolution,10o | 12l | 12r | 46d | 46v | 8Bm | 9d | 9m,30,10,hybrid_projected_network_logcpm_exact
top3_network_beam_local_region_candidates,20R140,10m,Orbitomedial Prefrontal Cortex (OMPFC),Cingulate gyrus | Orbitomedial Prefrontal Cortex (OMPFC) | Lateral Prefrontal Cortex,0,1,13b,11m,13l,5,0,0,10m,13b,11m,Orbitomedial Prefrontal Cortex (OMPFC)::11l + 12m + 12o + 13l + 13m,4,0,0,low_resolution,nearest_centroid_corr>=0.95,13b,low_resolution,10m,36,14,hybrid_projected_network_logcpm_exact
top3_network_beam_local_region_candidates,20R141,11m,Orbitomedial Prefrontal Cortex (OMPFC),Lateral Prefrontal Cortex | Orbitomedial Prefrontal Cortex (OMPFC) | Cingulate gyrus,0,1,10o,10m,13m,9,0,0,Orbitomedial Prefrontal Cortex (OMPFC)::11l + 11m + 12m + 12o + 13l + 13m,Lateral Prefrontal Cortex::10o + 12l + 12r + 46d + 46v,10m,Orbitomedial Prefrontal Cortex (OMPFC)::11l + 11m + 12m + 12o + 13l + 13m,3,0,1,low_resolution,nearest_centroid_corr>=0.95;fold_local_merged_confusion_group,10o | 12l | 12r | 46d | 46v,low_resolution,11l | 11m | 12m | 12o | 13l | 13m,36,13,hybrid_projected_network_logcpm_exact
top3_network_beam_local_region_candidates,20R084,TEm,Temporal,"Temporal | Parietal, and Parieto-occipital region | Operculum/Insula",1,1,TEpd,TEm,TPO,2,0,1,Temporal::TEO + TEad + TEav + TEm + TEpd + TEpv + TG,Temporal::TEO + TEad + TEav + TEm + TEpd + TEpv + TG,Temporal::A1 + CL + CM + IPa + ML + PGa + TPO + Tpt,Operculum/Insula::G + Iapl + Id + Ig + PrCo + Ri + SII,1,1,1,low_resolution,nearest_centroid_corr>=0.95;fold_local_merged_confusion_group,TEO | TEad | TEav | TEm | TEpd | TEpv | TG,low_resolution,TEO | TEad | TEav | TEm | TEpd | TEpv | TG,48,14,hybrid_projected_network_logcpm_exact
top3_network_beam_local_region_candidates,20R124,R,Temporal,"Temporal | Parietal, and Parieto-occipital region | Operculum/Insula",1,1,AL,R,TAa,2,0,1,R,Temporal::AL + RM + RT + RTL + RTM + TAa,R,Temporal::TEO + TEad + TEav + TEm + TEpd + TEpv + TG,2,0,1,low_resolution,nearest_centroid_corr>=0.95;fold_local_merged_confusion_group,AL | RM | RT | RTL | RTM | TAa,low_resolution,R,48,14,hybrid_projected_network_logcpm_exact
top3_network_beam_local_region_candidates,20R142,14r,Orbitomedial Prefrontal Cortex (OMPFC),Orbitomedial Prefrontal Cortex (OMPFC) | Operculum/Insula | Cingulate gyrus,1,1,14r,10m,13b,1,1,1,Orbitomedial Prefrontal Cortex (OMPFC)::10m + 13a + 13b + 14c + 14r + 25 + 32,Orbitomedial Prefrontal Cortex (OMPFC)::10m + 13a + 13b + 14c + 14r + 25 + 32,Orbitomedial Prefrontal Cortex (OMPFC)::11l + 11m + 12m + 12o + 13l + 13m,Cingulate gyrus::23b + 23c + 24b + 24b' + 24c + 24c',1,1,1,low_resolution,nearest_centroid_corr>=0.95;fold_local_merged_confusion_group,10m | 13a | 13b | 14c | 14r | 25 | 32,low_resolution,10m | 13a | 13b | 14c | 14r | 25 | 32,34,9,hybrid_projected_network_logcpm_exact
top3_network_beam_local_region_candidates,20R143,46d,Lateral Prefrontal Cortex,Lateral Prefrontal Cortex | Cingulate gyrus | Frontal (agranular frontal motor areas),1,1,9d,12l,46d,3,0,1,Lateral Prefrontal Cortex::10o + 12l + 12r + 46d + 46v,Lateral Prefrontal Cortex::44 + 45 + 8A + 8Bd + 8Bm + 8Bs + 9d + 9m,Lateral Prefrontal Cortex::10o + 12l + 12r + 46d + 46v,F5,2,0,1,low_resolution,nearest_centroid_corr>=0.95;fold_local_merged_confusion_group,44 | 45 | 8A | 8Bd | 8Bm | 8Bs | 9d | 9m,low_resolution,10o | 12l | 12r | 46d | 46v,30,13,hybrid_projected_network_logcpm_exact
top3_network_beam_local_region_candidates,20R144,46v,Lateral Prefrontal Cortex,Lateral Prefrontal Cortex | Cingulate gyrus | Frontal (agranular frontal motor areas),1,1,12r,12l,46v,3,0,1,Lateral Prefrontal Cortex::10o + 12l + 12r + 46d + 46v,Lateral Prefrontal Cortex::10o + 12l + 12r + 46d + 46v,Lateral Prefrontal Cortex::44 + 45 + 8A + 8Bd + 8Bm + 8Bs + 9d + 9m,F5,1,1,1,low_resolution,nearest_centroid_corr>=0.95;fold_local_merged_confusion_group,10o | 12l | 12r | 46d | 46v,low_resolution,10o | 12l | 12r | 46d | 46v,30,13,hybrid_projected_network_logcpm_exact
top3_network_beam_local_region_candidates,20R145,12r,Lateral Prefrontal Cortex,Lateral Prefrontal Cortex | Cingulate gyrus | Frontal (agranular frontal motor areas),1,1,12l,12r,46v,2,0,1,Lateral Prefrontal Cortex::10o + 12l + 12r + 46d + 46v,Lateral Prefrontal Cortex::10o + 12l + 12r + 46d + 46v,Lateral Prefrontal Cortex::44 + 45 + 8A + 8Bd + 8Bm + 8Bs + 9d + 9m,F5,1,1,1,low_resolution,training_n<8;nearest_centroid_corr>=0.95;fold_local_merged_confusion_group,10o | 12l | 12r | 46d | 46v,low_resolution,10o | 12l | 12r | 46d | 46v,30,14,hybrid_projected_network_logcpm_exact
top3_network_beam_local_region_candidates,20R146,8A,Lateral Prefrontal Cortex,Lateral Prefrontal Cortex | Cingulate gyrus | Frontal (agranular frontal motor areas),1,1,9d,46d,45,13,0,0,Lateral Prefrontal Cortex::44 + 45 + 8A + 8Bd + 8Bm + 8Bs + 9d + 9m,Lateral Prefrontal Cortex::44 + 45 + 8A + 8Bd + 8Bm + 8Bs + 9d + 9m,Lateral Prefrontal Cortex::10o + 12l + 12r + 46d + 46v,F5,1,1,1,low_resolution,nearest_centroid_corr>=0.95;fold_local_merged_confusion_group,44 | 45 | 8A | 8Bd | 8Bm | 8Bs | 9d | 9m,low_resolution,44 | 45 | 8A | 8Bd | 8Bm | 8Bs | 9d | 9m,30,12,hybrid_projected_network_logcpm_exact
top3_network_beam_local_region_candidates,20R147,8Bs,Lateral Prefrontal Cortex,Lateral Prefrontal Cortex | Frontal (agranular frontal motor areas) | Cingulate gyrus,1,1,12l,46d,9d,22,0,0,Lateral Prefrontal Cortex::44 + 45 + 8A + 8Bd + 8Bm + 8Bs + 9d + 9m,Lateral Prefrontal Cortex::10o + 12l + 12r + 46d + 46v,Lateral Prefrontal Cortex::44 + 45 + 8A + 8Bd + 8Bm + 8Bs + 9d + 9m,F5,2,0,1,low_resolution,training_n<8;nearest_centroid_corr>=0.95;fold_local_merged_confusion_group,10o | 12l | 12r | 46d | 46v,low_resolution,44 | 45 | 8A | 8Bd | 8Bm | 8Bs | 9d | 9m,30,13,hybrid_projected_network_logcpm_exact
top3_network_beam_local_region_candidates,20R148,44,Lateral Prefrontal Cortex,"Lateral Prefrontal Cortex | Parietal, and Parieto-occipital region | Frontal (agranular frontal motor areas)",1,1,45,8A,9d,7,0,0,Lateral Prefrontal Cortex::44 + 45 + 8A + 8Bd + 8Bs + 9d,Lateral Prefrontal Cortex::44 + 45 + 8A + 8Bd + 8Bs + 9d,"Parietal, and Parieto-occipital region::1-2 + 5 + 7a + 7b + 7op + LIPd + LIPv + VIP",F6,1,1,1,low_resolution,nearest_centroid_corr>=0.95;fold_local_merged_confusion_group,44 | 45 | 8A | 8Bd | 8Bs | 9d,low_resolution,44 | 45 | 8A | 8Bd | 8Bs | 9d,30,11,hybrid_projected_network_logcpm_exact
top3_network_beam_local_region_candidates,20R149,45,Lateral Prefrontal Cortex,"Lateral Prefrontal Cortex | Frontal (agranular frontal motor areas) | Parietal, and Parieto-occipital region",1,1,44,9d,8Bs,6,0,0,Lateral Prefrontal Cortex::44 + 45 + 8A + 8Bd + 8Bs,Lateral Prefrontal Cortex::44 + 45 + 8A + 8Bd + 8Bs,9d,F3,1,1,1,low_resolution,training_n<8;nearest_centroid_corr>=0.95;fold_local_merged_confusion_group,44 | 45 | 8A | 8Bd | 8Bs,low_resolution,44 | 45 | 8A | 8Bd | 8Bs,30,11,hybrid_projected_network_logcpm_exact
top3_network_beam_local_region_candidates,20R150,F2,Frontal (agranular frontal motor areas),Cingulate gyrus | Lateral Prefrontal Cortex | Frontal (agranular frontal motor areas),0,1,F5,9m,12l,29,0,0,Frontal (agranular frontal motor areas)::F1 + F2,F5,Lateral Prefrontal Cortex::44 + 45 + 8A + 8Bd + 8Bm + 8Bs + 9d + 9m,Lateral Prefrontal Cortex::10o + 12l + 12r + 46d + 46v,13,0,0,low_resolution,training_n<8;nearest_centroid_corr>=0.95,F5,low_resolution,F1 | F2,30,13,hybrid_projected_network_logcpm_exact
top3_network_beam_local_region_candidates,20R151,F3,Frontal (agranular frontal motor areas),Cingulate gyrus | Lateral Prefrontal Cortex | Frontal (agranular frontal motor areas),0,1,9m,24b',24c',28,0,0,Frontal (agranular frontal motor areas)::F3 + F7,Lateral Prefrontal Cortex::44 + 45 + 8A + 8Bd + 8Bm + 8Bs + 9d + 9m,Cingulate gyrus::23b + 23c + 24a' + 24b' + 24c',Cingulate gyrus::24b + 24c,9,0,0,low_resolution,nearest_centroid_corr>=0.95;fold_local_merged_confusion_group,44 | 45 | 8A | 8Bd | 8Bm | 8Bs | 9d | 9m,low_resolution,F3 | F7,30,12,hybrid_projected_network_logcpm_exact
top3_network_beam_local_region_candidates,20R152,F5,Frontal (agranular frontal motor areas),Orbitomedial Prefrontal Cortex (OMPFC) | Cingulate gyrus | Lateral Prefrontal Cortex,0,0,11m,13b,10m,111,0,0,outside_network_beam,11m,13b,10m,111,0,0,low_resolution,training_n<8;nearest_centroid_corr>=0.95,11m,outside_network_beam,,36,14,hybrid_projected_network_logcpm_exact
top3_network_beam_local_region_candidates,20R153,24c,Cingulate gyrus,Cingulate gyrus | Orbitomedial Prefrontal Cortex (OMPFC) | Operculum/Insula,1,1,32,24b',24b,6,0,0,Cingulate gyrus::23b + 23c + 24b + 24b' + 24c + 24c',Orbitomedial Prefrontal Cortex (OMPFC)::10m + 13a + 13b + 14c + 14r + 25 + 32,Cingulate gyrus::23b + 23c + 24b + 24b' + 24c + 24c',Operculum/Insula::Ia + Ial + Iapm + Pi,2,0,1,low_resolution,nearest_centroid_corr>=0.95;fold_local_merged_confusion_group,10m | 13a | 13b | 14c | 14r | 25 | 32,low_resolution,23b | 23c | 24b | 24b' | 24c | 24c',34,9,hybrid_projected_network_logcpm_exact
top3_network_beam_local_region_candidates,20R154,Ig,Operculum/Insula,Operculum/Insula | Temporal | Orbitomedial Prefrontal Cortex (OMPFC),1,1,RM,Ig,G,2,0,1,Operculum/Insula::G + Iapl + Id + Ig + Ri + SII,Temporal::RM + RT + RTM,Operculum/Insula::G + Iapl + Id + Ig + Ri + SII,Temporal::RTL + STG,2,0,1,low_resolution,nearest_centroid_corr>=0.95;fold_local_merged_confusion_group,RM | RT | RTM,low_resolution,G | Iapl | Id | Ig | Ri | SII,51,17,hybrid_projected_network_logcpm_exact
top3_network_beam_local_region_candidates,20R155,pu,Subcortical,Subcortical | Hippocampal formation | Operculum/Insula,1,1,pu,cd,NARegion,1,1,1,Subcortical::cd + pu,Subcortical::cd + pu,NARegion,cla,1,1,1,low_resolution,nearest_centroid_corr>=0.95;fold_local_merged_confusion_group,cd | pu,low_resolution,cd | pu,21,12,hybrid_projected_network_logcpm_exact
top3_network_beam_local_region_candidates,20R156,1-2,"Parietal, and Parieto-occipital region",Cingulate gyrus | Orbitomedial Prefrontal Cortex (OMPFC) | Lateral Prefrontal Cortex,0,0,13l,24c',9m,111,0,0,outside_network_beam,Orbitomedial Prefrontal Cortex (OMPFC)::11l + 12m + 12o + 13l + 13m,Cingulate gyrus::23b + 23c + 24a' + 24b' + 24c',Lateral Prefrontal Cortex::44 + 45 + 8A + 8Bd + 8Bm + 8Bs + 9d + 9m,111,0,0,low_resolution,nearest_centroid_corr>=0.95;fold_local_merged_confusion_group,11l | 12m | 12o | 13l | 13m,outside_network_beam,,36,14,hybrid_projected_network_logcpm_exact
top3_network_beam_local_region_candidates,20R157,cd,Subcortical,Subcortical | Hippocampal formation | Operculum/Insula,1,1,pu,cd,NARegion,2,0,1,Subcortical::cd + pu,Subcortical::cd + pu,NARegion,cla,1,1,1,low_resolution,nearest_centroid_corr>=0.95;fold_local_merged_confusion_group,cd | pu,low_resolution,cd | pu,21,13,hybrid_projected_network_logcpm_exact
top3_network_beam_local_region_candidates,20R158,STG,Temporal,Operculum/Insula | Temporal | Orbitomedial Prefrontal Cortex (OMPFC),0,1,RM,STG,Ig,2,0,1,Temporal::RTL + STG,Temporal::RM + RT + RTM,Temporal::RTL + STG,Operculum/Insula::G + Iapl + Id + Ig + Ri + SII,2,0,1,low_resolution,nearest_centroid_corr>=0.95;fold_local_merged_confusion_group,RM | RT | RTM,low_resolution,RTL | STG,51,17,hybrid_projected_network_logcpm_exact
top3_network_beam_local_region_candidates,20R159,TEad,Temporal,"Temporal | Parietal, and Parieto-occipital region | Operculum/Insula",1,1,TEm,TEpd,TEad,3,0,1,Temporal::TEad + TEav + TG,Temporal::TEO + TEm + TEpd + TEpv,Temporal::TEad + TEav + TG,Temporal::AL + R + RM + RT + RTL + RTM + STG + TAa,2,0,1,low_resolution,nearest_centroid_corr>=0.95;fold_local_merged_confusion_group,TEO | TEm | TEpd | TEpv,low_resolution,TEad | TEav | TG,48,13,hybrid_projected_network_logcpm_exact
top3_network_beam_local_region_candidates,20R160,Id,Operculum/Insula,Operculum/Insula | Orbitomedial Prefrontal Cortex (OMPFC) | Temporal,1,1,RTM,Pi,Iapl,4,0,0,Operculum/Insula::G + Iapl + Id + Ig + Ri + SII,Temporal::RM + RT + RTM,Operculum/Insula::Ia + Ial + Iapm + Pi,Operculum/Insula::G + Iapl + Id + Ig + Ri + SII,3,0,1,low_resolution,training_n<8;nearest_centroid_corr>=0.95;fold_local_merged_confusion_group,RM | RT | RTM,low_resolution,G | Iapl | Id | Ig | Ri | SII,51,17,hybrid_projected_network_logcpm_exact
top3_network_beam_local_region_candidates,20R161,SII,Operculum/Insula,Lateral Prefrontal Cortex | Orbitomedial Prefrontal Cortex (OMPFC) | Operculum/Insula,0,1,Ig,G,SII,3,0,1,Operculum/Insula::G + Iapl + Id + Ig + PrCo + Ri + SII,Operculum/Insula::G + Iapl + Id + Ig + PrCo + Ri + SII,Lateral Prefrontal Cortex::44 + 45 + 8A + 8Bd + 8Bm + 8Bs + 9m,Lateral Prefrontal Cortex::10o + 12l + 12r + 46d + 46v,1,1,1,low_resolution,nearest_centroid_corr>=0.95;fold_local_merged_confusion_group,G | Iapl | Id | Ig | PrCo | Ri | SII,low_resolution,G | Iapl | Id | Ig | PrCo | Ri | SII,37,8,hybrid_projected_network_logcpm_exact
top3_network_beam_local_region_candidates,20R162,F3,Frontal (agranular frontal motor areas),Frontal (agranular frontal motor areas) | Lateral Prefrontal Cortex | Cingulate gyrus,1,1,F3,8Bd,44,1,1,1,Frontal (agranular frontal motor areas)::F3 + F7,Frontal (agranular frontal motor areas)::F3 + F7,Lateral Prefrontal Cortex::44 + 45 + 8A + 8Bd + 8Bm + 8Bs + 9d + 9m,F6,1,1,1,low_resolution,nearest_centroid_corr>=0.95;fold_local_merged_confusion_group,F3 | F7,low_resolution,F3 | F7,30,13,hybrid_projected_network_logcpm_exact
top3_network_beam_local_region_candidates,20R163,RTL,Temporal,Operculum/Insula | Temporal | Orbitomedial Prefrontal Cortex (OMPFC),0,1,RTL,STG,TEpv,1,1,1,Temporal::RTL + STG,Temporal::RTL + STG,Temporal::IPa + PGa + TEO + TEad + TEav + TEm + TEpd + TEpv,TAa,1,1,1,low_resolution,training_n<8;nearest_centroid_corr>=0.95;fold_local_merged_confusion_group,RTL | STG,low_resolution,RTL | STG,51,17,hybrid_projected_network_logcpm_exact
top3_network_beam_local_region_candidates,20R164,F2,Frontal (agranular frontal motor areas),Lateral Prefrontal Cortex | Frontal (agranular frontal motor areas) | Cingulate gyrus,0,1,8Bd,F6,44,15,0,0,Frontal (agranular frontal motor areas)::F1 + F2 + F3,Lateral Prefrontal Cortex::44 + 45 + 8A + 8Bd + 8Bm + 8Bs + 9d + 9m,F6,F7,5,0,0,low_resolution,nearest_centroid_corr>=0.95;fold_local_merged_confusion_group,44 | 45 | 8A | 8Bd | 8Bm | 8Bs | 9d | 9m,low_resolution,F1 | F2 | F3,30,12,hybrid_projected_network_logcpm_exact
top3_network_beam_local_region_candidates,20R165,TEav,Temporal,"Temporal | Operculum/Insula | Parietal, and Parieto-occipital region",1,1,TEad,TEav,TEpv,2,0,1,Temporal::TEO + TEad + TEav + TEm + TEpd + TEpv + TG,Temporal::TEO + TEad + TEav + TEm + TEpd + TEpv + TG,Temporal::AL + R + RM + RT + RTL + RTM + STG + TAa,TFO,1,1,1,low_resolution,nearest_centroid_corr>=0.95;fold_local_merged_confusion_group,TEO | TEad | TEav | TEm | TEpd | TEpv | TG,low_resolution,TEO | TEad | TEav | TEm | TEpd | TEpv | TG,48,12,hybrid_projected_network_logcpm_exact
top3_network_beam_local_region_candidates,20R166,TPO,Temporal,"Temporal | Parietal, and Parieto-occipital region | Lateral Prefrontal Cortex",1,1,TEm,TPO,AL,2,0,1,Temporal::A1 + AL + CL + CM + ML + R + TPO + Tpt,Temporal::TEO + TEad + TEav + TEm + TEpd,Temporal::A1 + AL + CL + CM + ML + R + TPO + Tpt,Temporal::PGa + RTL + STG + TAa + TEa,2,0,1,low_resolution,nearest_centroid_corr>=0.95;fold_local_merged_confusion_group,TEO | TEad | TEav | TEm | TEpd,low_resolution,A1 | AL | CL | CM | ML | R | TPO | Tpt,50,16,hybrid_projected_network_logcpm_exact
top3_network_beam_local_region_candidates,20R167,RM,Temporal,"Temporal | Parietal, and Parieto-occipital region | Operculum/Insula",1,1,AL,R,SII,21,0,0,Temporal::RM + RT + RTL + RTM + STG,Temporal::AL + R + TAa,Operculum/Insula::Ig + Ri + SII,"Parietal, and Parieto-occipital region::1-2 + 7a + 7b + 7op",6,0,0,low_resolution,nearest_centroid_corr>=0.95;fold_local_merged_confusion_group,AL | R | TAa,low_resolution,RM | RT | RTL | RTM | STG,48,13,hybrid_projected_network_logcpm_exact
top3_network_beam_local_region_candidates,20R168,thalamus,Subcortical,Subcortical | Hippocampal formation | Operculum/Insula,1,1,thalamus,GPeGPi,amy,1,1,1,thalamus,thalamus,GPeGPi,amy,1,1,1,low_resolution,training_n<8,thalamus,low_resolution,thalamus,21,12,hybrid_projected_network_logcpm_exact
top3_network_beam_local_region_candidates,20R169,F1,Frontal (agranular frontal motor areas),Frontal (agranular frontal motor areas) | Lateral Prefrontal Cortex | Cingulate gyrus,1,1,F3,F2,F7,8,0,0,Frontal (agranular frontal motor areas)::F1 + F2,F3,Frontal (agranular frontal motor areas)::F1 + F2,F7,2,0,1,low_resolution,nearest_centroid_corr>=0.95,F3,low_resolution,F1 | F2,30,14,hybrid_projected_network_logcpm_exact
top3_network_beam_local_region_candidates,20R170,R,Temporal,"Parietal, and Parieto-occipital region | Temporal | Occipital/Temporal",0,1,ML,CM,CL,16,0,0,Temporal::AL + R,Temporal::A1 + CL + CM + IPa + ML + TPO + Tpt,"Parietal, and Parieto-occipital region::1-2 + 7a + 7b + 7op",7m,7,0,0,low_resolution,training_n<8;nearest_centroid_corr>=0.95;fold_local_merged_confusion_group,A1 | CL | CM | IPa | ML | TPO | Tpt,low_resolution,AL | R,46,17,hybrid_projected_network_logcpm_exact
top3_network_beam_local_region_candidates,20R171,HC,Hippocampal formation,Hippocampal formation | Operculum/Insula | Orbitomedial Prefrontal Cortex (OMPFC),1,1,HC,25,14c,1,1,1,HC,HC,Orbitomedial Prefrontal Cortex (OMPFC)::10m + 13a + 13b + 14c + 25 + 32,14r,1,1,1,low_resolution,training_n<8,HC,low_resolution,HC,25,6,hybrid_projected_network_logcpm_exact
top3_network_beam_local_region_candidates,20R172,TEm,Temporal,"Temporal | Parietal, and Parieto-occipital region | Occipital/Temporal",1,1,TEpd,TEm,TEad,2,0,1,Temporal::TEO + TEad + TEm + TEpd,Temporal::TEO + TEad + TEm + TEpd,Temporal::A1 + CL + CM + IPa + ML + TPO + Tpt,Temporal::AL + R,1,1,1,low_resolution,nearest_centroid_corr>=0.95;fold_local_merged_confusion_group,TEO | TEad | TEm | TEpd,low_resolution,TEO | TEad | TEm | TEpd,46,17,hybrid_projected_network_logcpm_exact
top3_network_beam_local_region_candidates,20R173,AL,Temporal,"Temporal | Parietal, and Parieto-occipital region | Lateral Prefrontal Cortex",1,1,1-2,Tpt,R,4,0,0,Temporal::AL + R,"Parietal, and Parieto-occipital region::1-2 + 5 + 7a + 7b + 7op + LIPd + LIPv + VIP",Temporal::A1 + CL + CM + IPa + ML + TPO + Tpt,Temporal::AL + R,3,0,1,low_resolution,nearest_centroid_corr>=0.95;fold_local_merged_confusion_group,1-2 | 5 | 7a | 7b | 7op | LIPd | LIPv | VIP,low_resolution,AL | R,50,16,hybrid_projected_network_logcpm_exact
top3_network_beam_local_region_candidates,20R174,STG,Temporal,"Temporal | Parietal, and Parieto-occipital region | Operculum/Insula",1,1,AL,TEm,R,18,0,0,STG,Temporal::AL + R + TAa,Temporal::TEO + TEad + TEav + TEm + TEpd + TEpv + TG,Temporal::A1 + CL + CM + IPa + ML + PGa + TPO + Tpt,6,0,0,low_resolution,nearest_centroid_corr>=0.95;fold_local_merged_confusion_group,AL | R | TAa,low_resolution,STG,48,13,hybrid_projected_network_logcpm_exact
top3_network_beam_local_region_candidates,20R175,V2,Occipital/Temporal,"Occipital/Temporal | Parietal, and Parieto-occipital region | Temporal",1,1,V1,V2,V3d,2,0,1,Occipital/Temporal::V1 + V2 + V3d + V3v,Occipital/Temporal::V1 + V2 + V3d + V3v,Occipital/Temporal::FST + MST,Temporal::A1 + CL + CM + IPa + ML + TPO + Tpt,1,1,1,low_resolution,nearest_centroid_corr>=0.95;fold_local_merged_confusion_group,V1 | V2 | V3d | V3v,low_resolution,V1 | V2 | V3d | V3v,46,17,hybrid_projected_network_logcpm_exact
top3_network_beam_local_region_candidates,20R176,V1,Occipital/Temporal,"Occipital/Temporal | Parietal, and Parieto-occipital region | Temporal",1,1,V1,V2,V3d,1,1,1,Occipital/Temporal::V1 + V2 + V3d + V3v,Occipital/Temporal::V1 + V2 + V3d + V3v,Occipital/Temporal::FST + MST,MT,1,1,1,low_resolution,nearest_centroid_corr>=0.95;fold_local_merged_confusion_group,V1 | V2 | V3d | V3v,low_resolution,V1 | V2 | V3d | V3v,46,19,hybrid_projected_network_logcpm_exact
top3_network_beam_local_region_candidates,20R177,V3v,Occipital/Temporal,"Occipital/Temporal | Parietal, and Parieto-occipital region | Temporal",1,1,V2,FST,V3d,4,0,0,Occipital/Temporal::V3v + V4 + V4v,Occipital/Temporal::V1 + V2,Occipital/Temporal::FST + MST + V3d,Occipital/Temporal::V3v + V4 + V4v,3,0,1,low_resolution,nearest_centroid_corr>=0.95;fold_local_merged_confusion_group,V1 | V2,low_resolution,V3v | V4 | V4v,46,17,hybrid_projected_network_logcpm_exact
top3_network_beam_local_region_candidates,20R178,LIPv,"Parietal, and Parieto-occipital region","Parietal, and Parieto-occipital region | Lateral Prefrontal Cortex | Frontal (agranular frontal motor areas)",1,1,LIPd,LIPv,3a/b,2,0,1,"Parietal, and Parieto-occipital region::1-2 + 5 + 7a + 7b + 7op + LIPv + VIP",LIPd,"Parietal, and Parieto-occipital region::1-2 + 5 + 7a + 7b + 7op + LIPv + VIP",3a/b,2,0,1,low_resolution,nearest_centroid_corr>=0.95,LIPd,low_resolution,1-2 | 5 | 7a | 7b | 7op | LIPv | VIP,30,12,hybrid_projected_network_logcpm_exact
top3_network_beam_local_region_candidates,20R179,5,"Parietal, and Parieto-occipital region","Parietal, and Parieto-occipital region | Lateral Prefrontal Cortex | Temporal",1,1,7b,Tpt,7a,8,0,0,"Parietal, and Parieto-occipital region::1-2 + 5 + 7a + 7b + 7op + LIPd + LIPv + VIP","Parietal, and Parieto-occipital region::1-2 + 5 + 7a + 7b + 7op + LIPd + LIPv + VIP",Temporal::A1 + AL + CL + CM + ML + R + TPO + Tpt,7m,1,1,1,low_resolution,nearest_centroid_corr>=0.95;fold_local_merged_confusion_group,1-2 | 5 | 7a | 7b | 7op | LIPd | LIPv | VIP,low_resolution,1-2 | 5 | 7a | 7b | 7op | LIPd | LIPv | VIP,50,16,hybrid_projected_network_logcpm_exact
top3_network_beam_local_region_candidates,20R180,TPO,Temporal,"Parietal, and Parieto-occipital region | Occipital/Temporal | Temporal",0,1,5,CL,TEO,23,0,0,Temporal::A1 + CL + CM + IPa + ML + TPO + Tpt,"Parietal, and Parieto-occipital region::1-2 + 5 + 7a + 7b + 7op + LIPd + LIPv + VIP",Temporal::A1 + CL + CM + IPa + ML + TPO + Tpt,Temporal::TEO + TEad + TEm + TEpd,2,0,1,low_resolution,nearest_centroid_corr>=0.95;fold_local_merged_confusion_group,1-2 | 5 | 7a | 7b | 7op | LIPd | LIPv | VIP,low_resolution,A1 | CL | CM | IPa | ML | TPO | Tpt,46,17,hybrid_projected_network_logcpm_exact
top3_network_beam_local_region_candidates,20R181,TFO,Temporal,Temporal | Operculum/Insula | Orbitomedial Prefrontal Cortex (OMPFC),1,1,TFO,TEpv,RTL,1,1,1,Temporal::TEO + TEad + TEav + TEm + TEpd + TEpv + TFO,Temporal::TEO + TEad + TEav + TEm + TEpd + TEpv + TFO,Temporal::RTL + STG,TF,1,1,1,low_resolution,training_n<8;nearest_centroid_corr>=0.95;fold_local_merged_confusion_group,TEO | TEad | TEav | TEm | TEpd | TEpv | TFO,low_resolution,TEO | TEad | TEav | TEm | TEpd | TEpv | TFO,51,17,hybrid_projected_network_logcpm_exact
top3_network_beam_local_region_candidates,20R182,LIPd,"Parietal, and Parieto-occipital region","Parietal, and Parieto-occipital region | Lateral Prefrontal Cortex | Temporal",1,1,7op,IPa,ML,16,0,0,"Parietal, and Parieto-occipital region::1-2 + 5 + 7a + 7b + 7op + LIPd + LIPv + VIP","Parietal, and Parieto-occipital region::1-2 + 5 + 7a + 7b + 7op + LIPd + LIPv + VIP",IPa,Temporal::A1 + AL + CL + CM + ML + R + TPO + Tpt,1,1,1,low_resolution,nearest_centroid_corr>=0.95;fold_local_merged_confusion_group,1-2 | 5 | 7a | 7b | 7op | LIPd | LIPv | VIP,low_resolution,1-2 | 5 | 7a | 7b | 7op | LIPd | LIPv | VIP,50,16,hybrid_projected_network_logcpm_exact
top3_network_beam_local_region_candidates,20R183,8A,Lateral Prefrontal Cortex,Lateral Prefrontal Cortex | Frontal (agranular frontal motor areas) | Cingulate gyrus,1,1,45,9d,8A,3,0,1,Lateral Prefrontal Cortex::44 + 45 + 8A + 8Bd + 8Bm + 8Bs + 9d + 9m,Lateral Prefrontal Cortex::44 + 45 + 8A + 8Bd + 8Bm + 8Bs + 9d + 9m,F4,F6,1,1,1,low_resolution,nearest_centroid_corr>=0.95;fold_local_merged_confusion_group,44 | 45 | 8A | 8Bd | 8Bm | 8Bs | 9d | 9m,low_resolution,44 | 45 | 8A | 8Bd | 8Bm | 8Bs | 9d | 9m,30,13,hybrid_projected_network_logcpm_exact
top3_network_beam_local_region_candidates,20R184,Tpt,Temporal,"Parietal, and Parieto-occipital region | Temporal | Lateral Prefrontal Cortex",0,1,1-2,Tpt,7b,2,0,1,Temporal::A1 + CL + CM + IPa + ML + TPO + Tpt,"Parietal, and Parieto-occipital region::1-2 + 5 + 7a + 7b + 7op + LIPd + LIPv + VIP",Temporal::A1 + CL + CM + IPa + ML + TPO + Tpt,Temporal::PGa + TEO + TEa + TEad + TEav + TEm + TEpd,2,0,1,low_resolution,nearest_centroid_corr>=0.95;fold_local_merged_confusion_group,1-2 | 5 | 7a | 7b | 7op | LIPd | LIPv | VIP,low_resolution,A1 | CL | CM | IPa | ML | TPO | Tpt,50,16,hybrid_projected_network_logcpm_exact
top3_network_beam_local_region_candidates,20R185,7op,"Parietal, and Parieto-occipital region","Parietal, and Parieto-occipital region | Temporal | Lateral Prefrontal Cortex",1,1,Tpt,7b,1-2,4,0,0,"Parietal, and Parieto-occipital region::1-2 + 5 + 7a + 7b + 7op + LIPd + LIPv + VIP",Temporal::A1 + AL + CL + CM + ML + R + TPO + Tpt,"Parietal, and Parieto-occipital region::1-2 + 5 + 7a + 7b + 7op + LIPd + LIPv + VIP",IPa,2,0,1,low_resolution,training_n<8;nearest_centroid_corr>=0.95;fold_local_merged_confusion_group,A1 | AL | CL | CM | ML | R | TPO | Tpt,low_resolution,1-2 | 5 | 7a | 7b | 7op | LIPd | LIPv | VIP,50,16,hybrid_projected_network_logcpm_exact
top3_network_beam_local_region_candidates,20R186,7a,"Parietal, and Parieto-occipital region","Parietal, and Parieto-occipital region | Lateral Prefrontal Cortex | Temporal",1,1,Tpt,7b,1-2,5,0,0,"Parietal, and Parieto-occipital region::1-2 + 5 + 7a + 7b + 7op + LIPd + LIPv + VIP",Temporal::A1 + AL + CL + CM + ML + R + TPO + Tpt,"Parietal, and Parieto-occipital region::1-2 + 5 + 7a + 7b + 7op + LIPd + LIPv + VIP",Temporal::TEO + TEad + TEav + TEm + TEpd,2,0,1,low_resolution,training_n<8;nearest_centroid_corr>=0.95;fold_local_merged_confusion_group,A1 | AL | CL | CM | ML | R | TPO | Tpt,low_resolution,1-2 | 5 | 7a | 7b | 7op | LIPd | LIPv | VIP,50,16,hybrid_projected_network_logcpm_exact
top3_network_beam_local_region_candidates,20R187,FST,Occipital/Temporal,"Parietal, and Parieto-occipital region | Temporal | Lateral Prefrontal Cortex",0,0,LIPd,CL,CM,111,0,0,outside_network_beam,"Parietal, and Parieto-occipital region::1-2 + 5 + 7a + 7b + 7op + LIPd + LIPv + VIP",Temporal::A1 + AL + CL + CM + ML + R + TPO + Tpt,3a/b,111,0,0,low_resolution,nearest_centroid_corr>=0.95;fold_local_merged_confusion_group,1-2 | 5 | 7a | 7b | 7op | LIPd | LIPv | VIP,outside_network_beam,,50,16,hybrid_projected_network_logcpm_exact
top3_network_beam_local_region_candidates,20R188,HC,Hippocampal formation,Hippocampal formation | Operculum/Insula | Orbitomedial Prefrontal Cortex (OMPFC),1,1,HC,25,Ia,1,1,1,HC,HC,Orbitomedial Prefrontal Cortex (OMPFC)::13a + 25 + 32,Operculum/Insula::Ia + Ial + Iapm + Pi,1,1,1,low_resolution,training_n<8,HC,low_resolution,HC,25,7,hybrid_projected_network_logcpm_exact
top3_network_beam_local_region_candidates,20R189,V4,Occipital/Temporal,"Occipital/Temporal | Parietal, and Parieto-occipital region | Temporal",1,1,V3v,V4,TEO,2,0,1,Occipital/Temporal::V4 + V4v,Occipital/Temporal::V1 + V2 + V3d + V3v,Occipital/Temporal::V4 + V4v,Temporal::TEO + TEad + TEm + TEpd,2,0,1,low_resolution,nearest_centroid_corr>=0.95;fold_local_merged_confusion_group,V1 | V2 | V3d | V3v,low_resolution,V4 | V4v,46,17,hybrid_projected_network_logcpm_exact
top3_network_beam_local_region_candidates,20R190,VIP,"Parietal, and Parieto-occipital region","Parietal, and Parieto-occipital region | Lateral Prefrontal Cortex | Frontal (agranular frontal motor areas)",1,1,5,LIPv,VIP,3,0,1,"Parietal, and Parieto-occipital region::1-2 + 5 + 7a + 7b + 7op + LIPd + LIPv + VIP","Parietal, and Parieto-occipital region::1-2 + 5 + 7a + 7b + 7op + LIPd + LIPv + VIP",3a/b,Frontal (agranular frontal motor areas)::F1 + F2,1,1,1,low_resolution,nearest_centroid_corr>=0.95;fold_local_merged_confusion_group,1-2 | 5 | 7a | 7b | 7op | LIPd | LIPv | VIP,low_resolution,1-2 | 5 | 7a | 7b | 7op | LIPd | LIPv | VIP,30,11,hybrid_projected_network_logcpm_exact
top3_network_beam_local_region_candidates,20R191,13l,Orbitomedial Prefrontal Cortex (OMPFC),Lateral Prefrontal Cortex | Orbitomedial Prefrontal Cortex (OMPFC) | Cingulate gyrus,0,1,13l,12l,8Bm,1,1,1,Orbitomedial Prefrontal Cortex (OMPFC)::11l + 12m + 12o + 13l + 13m,Orbitomedial Prefrontal Cortex (OMPFC)::11l + 12m + 12o + 13l + 13m,Lateral Prefrontal Cortex::10o + 12l + 12r + 46d + 46v,Lateral Prefrontal Cortex::44 + 45 + 8A + 8Bd + 8Bm + 8Bs + 9d + 9m,1,1,1,low_resolution,nearest_centroid_corr>=0.95;fold_local_merged_confusion_group,11l | 12m | 12o | 13l | 13m,low_resolution,11l | 12m | 12o | 13l | 13m,36,15,hybrid_projected_network_logcpm_exact
top3_network_beam_local_region_candidates,20R192,45,Lateral Prefrontal Cortex,"Lateral Prefrontal Cortex | Parietal, and Parieto-occipital region | Frontal (agranular frontal motor areas)",1,1,44,45,8A,2,0,1,Lateral Prefrontal Cortex::44 + 45 + 8A + 8Bd + 8Bs,Lateral Prefrontal Cortex::44 + 45 + 8A + 8Bd + 8Bs,9d,"Parietal, and Parieto-occipital region::1-2 + 5 + 7a + 7b + 7op + LIPd + LIPv + VIP",1,1,1,low_resolution,training_n<8;nearest_centroid_corr>=0.95;fold_local_merged_confusion_group,44 | 45 | 8A | 8Bd | 8Bs,low_resolution,44 | 45 | 8A | 8Bd | 8Bs,30,11,hybrid_projected_network_logcpm_exact
top3_network_beam_local_region_candidates,20R193,46v,Lateral Prefrontal Cortex,Lateral Prefrontal Cortex | Frontal (agranular frontal motor areas) | Cingulate gyrus,1,1,44,8Bs,9d,26,0,0,Lateral Prefrontal Cortex::10o + 12l + 12r + 46d + 46v,Lateral Prefrontal Cortex::44 + 45 + 8A + 8Bd + 8Bm + 8Bs + 9d + 9m,Frontal (agranular frontal motor areas)::F1 + F2 + F3,F7,8,0,0,low_resolution,training_n<8;nearest_centroid_corr>=0.95;fold_local_merged_confusion_group,44 | 45 | 8A | 8Bd | 8Bm | 8Bs | 9d | 9m,low_resolution,10o | 12l | 12r | 46d | 46v,30,13,hybrid_projected_network_logcpm_exact
top3_network_beam_local_region_candidates,20R194,46d,Lateral Prefrontal Cortex,Lateral Prefrontal Cortex | Frontal (agranular frontal motor areas) | Cingulate gyrus,1,1,45,9d,8A,4,0,0,Lateral Prefrontal Cortex::10o + 12l + 12r + 46d + 46v,Lateral Prefrontal Cortex::44 + 45 + 8A + 8Bd + 8Bm + 8Bs + 9d + 9m,Lateral Prefrontal Cortex::10o + 12l + 12r + 46d + 46v,F4,2,0,1,low_resolution,nearest_centroid_corr>=0.95;fold_local_merged_confusion_group,44 | 45 | 8A | 8Bd | 8Bm | 8Bs | 9d | 9m,low_resolution,10o | 12l | 12r | 46d | 46v,30,13,hybrid_projected_network_logcpm_exact
top3_network_beam_local_region_candidates,20R195,F6,Frontal (agranular frontal motor areas),Frontal (agranular frontal motor areas) | Lateral Prefrontal Cortex | Cingulate gyrus,1,1,8Bm,F6,8Bd,2,0,1,F6,Lateral Prefrontal Cortex::44 + 45 + 8A + 8Bd + 8Bm + 8Bs + 9d + 9m,F6,Frontal (agranular frontal motor areas)::F1 + F2 + F3,2,0,1,low_resolution,training_n<8;nearest_centroid_corr>=0.95;fold_local_merged_confusion_group,44 | 45 | 8A | 8Bd | 8Bm | 8Bs | 9d | 9m,low_resolution,F6,30,13,hybrid_projected_network_logcpm_exact
top3_network_beam_local_region_candidates,20R196,F7,Frontal (agranular frontal motor areas),Frontal (agranular frontal motor areas) | Lateral Prefrontal Cortex | Cingulate gyrus,1,1,F3,44,8Bd,6,0,0,F7,Frontal (agranular frontal motor areas)::F1 + F2 + F3,Lateral Prefrontal Cortex::44 + 45 + 8A + 8Bd + 8Bm + 8Bs + 9d + 9m,F7,3,0,1,low_resolution,nearest_centroid_corr>=0.95;fold_local_merged_confusion_group,F1 | F2 | F3,low_resolution,F7,30,13,hybrid_projected_network_logcpm_exact
top3_network_beam_local_region_candidates,20R197,8Bs,Lateral Prefrontal Cortex,Cingulate gyrus | Lateral Prefrontal Cortex | Frontal (agranular frontal motor areas),0,1,44,F3,F7,4,0,0,Lateral Prefrontal Cortex::44 + 45 + 8A + 8Bd + 8Bm + 8Bs + 9d + 9m,Lateral Prefrontal Cortex::44 + 45 + 8A + 8Bd + 8Bm + 8Bs + 9d + 9m,F3,F7,1,1,1,low_resolution,training_n<8;nearest_centroid_corr>=0.95;fold_local_merged_confusion_group,44 | 45 | 8A | 8Bd | 8Bm | 8Bs | 9d | 9m,low_resolution,44 | 45 | 8A | 8Bd | 8Bm | 8Bs | 9d | 9m,30,14,hybrid_projected_network_logcpm_exact
top3_network_beam_local_region_candidates,20R198,8Bd,Lateral Prefrontal Cortex,Frontal (agranular frontal motor areas) | Lateral Prefrontal Cortex | Cingulate gyrus,0,1,F3,44,F7,6,0,0,Lateral Prefrontal Cortex::44 + 45 + 8A + 8Bd + 8Bs + 9d,Frontal (agranular frontal motor areas)::F1 + F2 + F3,Lateral Prefrontal Cortex::44 + 45 + 8A + 8Bd + 8Bs + 9d,F7,2,0,1,low_resolution,nearest_centroid_corr>=0.95;fold_local_merged_confusion_group,F1 | F2 | F3,low_resolution,44 | 45 | 8A | 8Bd | 8Bs | 9d,30,13,hybrid_projected_network_logcpm_exact
top3_network_beam_local_region_candidates,20R199,8Bm,Lateral Prefrontal Cortex,Cingulate gyrus | Lateral Prefrontal Cortex | Orbitomedial Prefrontal Cortex (OMPFC),0,1,24c',9m,13l,20,0,0,Lateral Prefrontal Cortex::8Bm + 9d + 9m,Cingulate gyrus::23b + 23c + 24a' + 24b' + 24c',Lateral Prefrontal Cortex::8Bm + 9d + 9m,Orbitomedial Prefrontal Cortex (OMPFC)::11l + 12m + 12o + 13l + 13m,2,0,1,low_resolution,training_n<8;nearest_centroid_corr>=0.95;fold_local_merged_confusion_group,23b | 23c | 24a' | 24b' | 24c',low_resolution,8Bm | 9d | 9m,36,15,hybrid_projected_network_logcpm_exact
top3_network_beam_local_region_candidates,20R200,8Bd,Lateral Prefrontal Cortex,Cingulate gyrus | Lateral Prefrontal Cortex | Orbitomedial Prefrontal Cortex (OMPFC),0,1,24c',13l,13m,25,0,0,Lateral Prefrontal Cortex::44 + 45 + 8A + 8Bd + 8Bm + 8Bs + 9d + 9m,Cingulate gyrus::23b + 23c + 24a' + 24b' + 24c',Orbitomedial Prefrontal Cortex (OMPFC)::11l + 12m + 12o + 13l + 13m,Lateral Prefrontal Cortex::44 + 45 + 8A + 8Bd + 8Bm + 8Bs + 9d + 9m,3,0,1,low_resolution,training_n<8;nearest_centroid_corr>=0.95;fold_local_merged_confusion_group,23b | 23c | 24a' | 24b' | 24c',low_resolution,44 | 45 | 8A | 8Bd | 8Bm | 8Bs | 9d | 9m,36,14,hybrid_projected_network_logcpm_exact
top3_network_beam_local_region_candidates,20R201,45,Lateral Prefrontal Cortex,Lateral Prefrontal Cortex | Cingulate gyrus | Frontal (agranular frontal motor areas),1,1,12l,12r,46d,10,0,0,Lateral Prefrontal Cortex::44 + 45 + 8A + 8Bd + 8Bm + 8Bs + 9d + 9m,Lateral Prefrontal Cortex::10o + 12l + 12r + 46d + 46v,Lateral Prefrontal Cortex::44 + 45 + 8A + 8Bd + 8Bm + 8Bs + 9d + 9m,F5,2,0,1,low_resolution,training_n<8;nearest_centroid_corr>=0.95;fold_local_merged_confusion_group,10o | 12l | 12r | 46d | 46v,low_resolution,44 | 45 | 8A | 8Bd | 8Bm | 8Bs | 9d | 9m,30,14,hybrid_projected_network_logcpm_exact
top3_network_beam_local_region_candidates,20R202,12l,Lateral Prefrontal Cortex,Lateral Prefrontal Cortex | Orbitomedial Prefrontal Cortex (OMPFC) | Cingulate gyrus,1,1,12m,12l,12r,2,0,1,Lateral Prefrontal Cortex::10o + 12l + 12r + 46d + 46v + 8Bm + 9d + 9m,Orbitomedial Prefrontal Cortex (OMPFC)::11l + 12m + 12o + 13l + 13m,Lateral Prefrontal Cortex::10o + 12l + 12r + 46d + 46v + 8Bm + 9d + 9m,10m,2,0,1,low_resolution,training_n<8;nearest_centroid_corr>=0.95;fold_local_merged_confusion_group,11l | 12m | 12o | 13l | 13m,low_resolution,10o | 12l | 12r | 46d | 46v | 8Bm | 9d | 9m,36,14,hybrid_projected_network_logcpm_exact
top3_network_beam_local_region_candidates,20R203,32,Orbitomedial Prefrontal Cortex (OMPFC),Orbitomedial Prefrontal Cortex (OMPFC) | Cingulate gyrus | Operculum/Insula,1,1,24b',10m,32,3,0,1,Orbitomedial Prefrontal Cortex (OMPFC)::10m + 13a + 13b + 14c + 14r + 25 + 32,Cingulate gyrus::23b + 23c + 24b + 24b' + 24c + 24c',Orbitomedial Prefrontal Cortex (OMPFC)::10m + 13a + 13b + 14c + 14r + 25 + 32,Orbitomedial Prefrontal Cortex (OMPFC)::11l + 11m + 12m + 12o + 13l + 13m,2,0,1,low_resolution,training_n<8;nearest_centroid_corr>=0.95;fold_local_merged_confusion_group,23b | 23c | 24b | 24b' | 24c | 24c',low_resolution,10m | 13a | 13b | 14c | 14r | 25 | 32,34,9,hybrid_projected_network_logcpm_exact
top3_network_beam_local_region_candidates,20R204,AL,Temporal,"Temporal | Operculum/Insula | Parietal, and Parieto-occipital region",1,1,AL,R,TAa,1,1,1,Temporal::AL + R + RM + RT + RTL + RTM + TAa,Temporal::AL + R + RM + RT + RTL + RTM + TAa,Temporal::TEO + TEad + TEav + TEm + TEpd + TEpv + TG,Operculum/Insula::G + Iapl + Id + Ig + PrCo + Ri + SII,1,1,1,low_resolution,nearest_centroid_corr>=0.95;fold_local_merged_confusion_group,AL | R | RM | RT | RTL | RTM | TAa,low_resolution,AL | R | RM | RT | RTL | RTM | TAa,48,14,hybrid_projected_network_logcpm_exact
top3_network_beam_local_region_candidates,20R205,TEm,Temporal,"Temporal | Parietal, and Parieto-occipital region | Occipital/Temporal",1,1,TEpd,TEm,Tpt,2,0,1,Temporal::TEO + TEad + TEm + TEpd,Temporal::TEO + TEad + TEm + TEpd,Temporal::A1 + CL + CM + IPa + ML + TPO + Tpt,"Parietal, and Parieto-occipital region::1-2 + 5 + 7a + 7b + 7op + LIPd + LIPv + VIP",1,1,1,low_resolution,nearest_centroid_corr>=0.95;fold_local_merged_confusion_group,TEO | TEad | TEm | TEpd,low_resolution,TEO | TEad | TEm | TEpd,46,17,hybrid_projected_network_logcpm_exact
top3_network_beam_local_region_candidates,20R206,TEpd,Temporal,"Temporal | Parietal, and Parieto-occipital region | Occipital/Temporal",1,1,TEpd,TEm,Tpt,1,1,1,Temporal::TEO + TEad + TEm + TEpd,Temporal::TEO + TEad + TEm + TEpd,Temporal::A1 + CL + CM + IPa + ML + TPO + Tpt,"Parietal, and Parieto-occipital region::1-2 + 5 + 7a + 7b + 7op + LIPd + LIPv + VIP",1,1,1,low_resolution,training_n<8;nearest_centroid_corr>=0.95;fold_local_merged_confusion_group,TEO | TEad | TEm | TEpd,low_resolution,TEO | TEad | TEm | TEpd,46,17,hybrid_projected_network_logcpm_exact
top3_network_beam_local_region_candidates,20R207,TEpv,Temporal,"Temporal | Operculum/Insula | Parietal, and Parieto-occipital region",1,1,TEpv,TEad,TEm,1,1,1,Temporal::TEO + TEad + TEav + TEm + TEpd + TEpv + TG,Temporal::TEO + TEad + TEav + TEm + TEpd + TEpv + TG,TFO,Temporal::AL + R + RM + RT + RTL + RTM + TAa,1,1,1,low_resolution,training_n<8;nearest_centroid_corr>=0.95;fold_local_merged_confusion_group,TEO | TEad | TEav | TEm | TEpd | TEpv | TG,low_resolution,TEO | TEad | TEav | TEm | TEpd | TEpv | TG,48,14,hybrid_projected_network_logcpm_exact
top3_network_beam_local_region_candidates,20R208,23c,Cingulate gyrus,Cingulate gyrus | Lateral Prefrontal Cortex | Frontal (agranular frontal motor areas),1,1,23b,24c',23c,3,0,1,Cingulate gyrus::23b + 23c + 24b',Cingulate gyrus::23b + 23c + 24b',24c',Lateral Prefrontal Cortex::44 + 45 + 8A + 8Bd + 8Bm + 8Bs + 9d + 9m,1,1,1,low_resolution,training_n<8;nearest_centroid_corr>=0.95;fold_local_merged_confusion_group,23b | 23c | 24b',low_resolution,23b | 23c | 24b',30,15,hybrid_projected_network_logcpm_exact
top3_network_beam_local_region_candidates,20R209,thalamus,Subcortical,Subcortical | Hippocampal formation | Operculum/Insula,1,1,thalamus,GPeGPi,amy,1,1,1,thalamus,thalamus,GPeGPi,amy,1,1,1,low_resolution,training_n<8,thalamus,low_resolution,thalamus,21,12,hybrid_projected_network_logcpm_exact
top3_network_beam_local_region_candidates,20R210,HC,Hippocampal formation,Hippocampal formation | Operculum/Insula | Orbitomedial Prefrontal Cortex (OMPFC),1,1,HC,25,Pi,1,1,1,HC,HC,Orbitomedial Prefrontal Cortex (OMPFC)::10m + 13a + 13b + 14c + 25 + 32,Operculum/Insula::Ia + Ial + Iapm + Pi,1,1,1,low_resolution,training_n<8,HC,low_resolution,HC,25,6,hybrid_projected_network_logcpm_exact
top3_network_beam_local_region_candidates,20R211,F1,Frontal (agranular frontal motor areas),"Frontal (agranular frontal motor areas) | Lateral Prefrontal Cortex | Parietal, and Parieto-occipital region",1,1,F1,F2,LIPv,1,1,1,Frontal (agranular frontal motor areas)::F1 + F2,Frontal (agranular frontal motor areas)::F1 + F2,"Parietal, and Parieto-occipital region::1-2 + 5 + 7a + 7b + 7op + LIPd + LIPv + VIP",Lateral Prefrontal Cortex::44 + 45 + 8A + 8Bd + 8Bs,1,1,1,low_resolution,nearest_centroid_corr>=0.95;fold_local_merged_confusion_group,F1 | F2,low_resolution,F1 | F2,30,10,hybrid_projected_network_logcpm_exact
top3_network_beam_local_region_candidates,20R212,3a/b,"Parietal, and Parieto-occipital region","Parietal, and Parieto-occipital region | Lateral Prefrontal Cortex | Temporal",1,1,ML,CM,CL,6,0,0,3a/b,Temporal::A1 + AL + CL + CM + ML + R + TPO + Tpt,"Parietal, and Parieto-occipital region::1-2 + 5 + 7a + 7b + 7op + LIPd + LIPv + VIP",3a/b,3,0,1,low_resolution,training_n<8;nearest_centroid_corr>=0.95;fold_local_merged_confusion_group,A1 | AL | CL | CM | ML | R | TPO | Tpt,low_resolution,3a/b,50,16,hybrid_projected_network_logcpm_exact
top3_network_beam_local_region_candidates,20R213,1-2,"Parietal, and Parieto-occipital region","Parietal, and Parieto-occipital region | Lateral Prefrontal Cortex | Temporal",1,1,ML,1-2,Tpt,2,0,1,"Parietal, and Parieto-occipital region::1-2 + 7a + 7b + 7op",Temporal::A1 + AL + CL + CM + ML + R + TPO + Tpt,"Parietal, and Parieto-occipital region::1-2 + 7a + 7b + 7op",7m,2,0,1,low_resolution,training_n<8;nearest_centroid_corr>=0.95;fold_local_merged_confusion_group,A1 | AL | CL | CM | ML | R | TPO | Tpt,low_resolution,1-2 | 7a | 7b | 7op,50,16,hybrid_projected_network_logcpm_exact
top3_network_beam_local_region_candidates,20R214,Ig,Operculum/Insula,Operculum/Insula | Orbitomedial Prefrontal Cortex (OMPFC) | Cingulate gyrus,1,1,Ig,Id,G,1,1,1,Operculum/Insula::G + Iapl + Id + Ig,Operculum/Insula::G + Iapl + Id + Ig,Operculum/Insula::PrCo + Ri + SII,Cingulate gyrus::23b + 23c + 24b + 24b' + 24c + 24c',1,1,1,low_resolution,nearest_centroid_corr>=0.95;fold_local_merged_confusion_group,G | Iapl | Id | Ig,low_resolution,G | Iapl | Id | Ig,34,10,hybrid_projected_network_logcpm_exact
top3_network_beam_local_region_candidates,20R215,RM,Temporal,Operculum/Insula | Orbitomedial Prefrontal Cortex (OMPFC) | Temporal,0,1,Ia,RTM,Pi,11,0,0,Temporal::RM + RT + RTM,Operculum/Insula::Ia + Ial + Iapm + Pi,Temporal::RM + RT + RTM,Operculum/Insula::G + Iapl + Id + Ig + Ri + SII,2,0,1,low_resolution,training_n<8;nearest_centroid_corr>=0.95;fold_local_merged_confusion_group,Ia | Ial | Iapm | Pi,low_resolution,RM | RT | RTM,51,16,hybrid_projected_network_logcpm_exact
top3_network_beam_local_region_candidates,20R216,AL,Temporal,"Parietal, and Parieto-occipital region | Temporal | Lateral Prefrontal Cortex",0,1,Tpt,1-2,ML,16,0,0,Temporal::AL + R,Temporal::A1 + CL + CM + IPa + ML + TPO + Tpt,"Parietal, and Parieto-occipital region::1-2 + 7a + 7b + 7op",Temporal::AL + R,3,0,1,low_resolution,training_n<8;nearest_centroid_corr>=0.95;fold_local_merged_confusion_group,A1 | CL | CM | IPa | ML | TPO | Tpt,low_resolution,AL | R,50,16,hybrid_projected_network_logcpm_exact
top3_network_beam_local_region_candidates,20R217,STG,Temporal,Operculum/Insula | Temporal | Orbitomedial Prefrontal Cortex (OMPFC),0,1,RTL,STG,TAa,2,0,1,Temporal::RTL + STG,Temporal::RTL + STG,TAa,AL,1,1,1,low_resolution,training_n<8;nearest_centroid_corr>=0.95;fold_local_merged_confusion_group,RTL | STG,low_resolution,RTL | STG,51,17,hybrid_projected_network_logcpm_exact
top3_network_beam_local_region_candidates,20R218,TEad,Temporal,Temporal | Operculum/Insula | Orbitomedial Prefrontal Cortex (OMPFC),1,1,TFO,RTL,TEpv,18,0,0,Temporal::TEO + TEad + TEav + TEm + TEpd + TEpv + TFO,Temporal::TEO + TEad + TEav + TEm + TEpd + TEpv + TFO,Temporal::RTL + STG,10m,1,1,1,low_resolution,nearest_centroid_corr>=0.95;fold_local_merged_confusion_group,TEO | TEad | TEav | TEm | TEpd | TEpv | TFO,low_resolution,TEO | TEad | TEav | TEm | TEpd | TEpv | TFO,51,17,hybrid_projected_network_logcpm_exact
top3_network_beam_local_region_candidates,20R219,TEav,Temporal,Operculum/Insula | Temporal | Orbitomedial Prefrontal Cortex (OMPFC),0,1,STG,TEav,TAa,2,0,1,Temporal::IPa + PGa + TEO + TEad + TEav + TEm + TEpd + TEpv,Temporal::RTL + STG,Temporal::IPa + PGa + TEO + TEad + TEav + TEm + TEpd + TEpv,TAa,2,0,1,low_resolution,nearest_centroid_corr>=0.95;fold_local_merged_confusion_group,RTL | STG,low_resolution,IPa | PGa | TEO | TEad | TEav | TEm | TEpd | TEpv,51,17,hybrid_projected_network_logcpm_exact
top3_network_beam_local_region_candidates,20R220,amy,Subcortical,Hippocampal formation | Operculum/Insula | Orbitomedial Prefrontal Cortex (OMPFC),0,0,Ia,Iapm,Pi,111,0,0,outside_network_beam,Operculum/Insula::Ia + Ial + Iapm + Pi,Operculum/Insula::G + Iapl + Id + Ig + PrCo + Ri + SII,Orbitomedial Prefrontal Cortex (OMPFC)::13a + 14c + 25 + 32,111,0,0,low_resolution,training_n<8;nearest_centroid_corr>=0.95;fold_local_merged_confusion_group,Ia | Ial | Iapm | Pi,outside_network_beam,,25,6,hybrid_projected_network_logcpm_exact
top3_network_beam_local_region_candidates,20R221,pu,Subcortical,Subcortical | Hippocampal formation | Operculum/Insula,1,1,pu,cd,NARegion,1,1,1,Subcortical::cd + pu,Subcortical::cd + pu,NARegion,cla,1,1,1,low_resolution,nearest_centroid_corr>=0.95;fold_local_merged_confusion_group,cd | pu,low_resolution,cd | pu,21,13,hybrid_projected_network_logcpm_exact
top3_network_beam_local_region_candidates,20R222,1-2,"Parietal, and Parieto-occipital region",Operculum/Insula | Orbitomedial Prefrontal Cortex (OMPFC) | Temporal,0,0,10m,RTL,13l,111,0,0,outside_network_beam,10m,Temporal::RTL + STG,Orbitomedial Prefrontal Cortex (OMPFC)::11l + 11m + 12m + 12o + 13l + 13m + 32,111,0,0,low_resolution,nearest_centroid_corr>=0.95,10m,outside_network_beam,,51,17,hybrid_projected_network_logcpm_exact
top3_network_beam_local_region_candidates,20R223,Id,Operculum/Insula,Operculum/Insula | Orbitomedial Prefrontal Cortex (OMPFC) | Temporal,1,1,Id,Iapl,Ia,1,1,1,Operculum/Insula::G + Iapl + Id + Ig + Ri + SII,Operculum/Insula::G + Iapl + Id + Ig + Ri + SII,Operculum/Insula::Ia + Ial + Iapm + Pi,Temporal::RM + RT + RTM,1,1,1,low_resolution,nearest_centroid_corr>=0.95;fold_local_merged_confusion_group,G | Iapl | Id | Ig | Ri | SII,low_resolution,G | Iapl | Id | Ig | Ri | SII,51,17,hybrid_projected_network_logcpm_exact
top3_network_beam_local_region_candidates,20R224,RT,Temporal,Operculum/Insula | Temporal | Orbitomedial Prefrontal Cortex (OMPFC),0,1,RT,RM,RTM,1,1,1,Temporal::RM + RT + RTM,Temporal::RM + RT + RTM,Temporal::RTL + STG,Operculum/Insula::G + Iapl + Id + Ig + Ri + SII,1,1,1,low_resolution,training_n<8;nearest_centroid_corr>=0.95;fold_local_merged_confusion_group,RM | RT | RTM,low_resolution,RM | RT | RTM,51,16,hybrid_projected_network_logcpm_exact
top3_network_beam_local_region_candidates,20R225,RTM,Temporal,Operculum/Insula | Orbitomedial Prefrontal Cortex (OMPFC) | Temporal,0,1,RTM,Pi,RT,1,1,1,Temporal::RM + RT + RTM,Temporal::RM + RT + RTM,Operculum/Insula::Ia + Ial + Iapm + Pi,Operculum/Insula::G + Iapl + Id + Ig + Ri + SII,1,1,1,low_resolution,training_n<8;nearest_centroid_corr>=0.95;fold_local_merged_confusion_group,RM | RT | RTM,low_resolution,RM | RT | RTM,51,17,hybrid_projected_network_logcpm_exact
top3_network_beam_local_region_candidates,20R226,RTL,Temporal,Operculum/Insula | Temporal | Orbitomedial Prefrontal Cortex (OMPFC),0,1,RTL,STG,RT,1,1,1,Temporal::RTL + STG,Temporal::RTL + STG,Temporal::RM + RT + RTM,PrCo,1,1,1,low_resolution,training_n<8;nearest_centroid_corr>=0.95;fold_local_merged_confusion_group,RTL | STG,low_resolution,RTL | STG,51,17,hybrid_projected_network_logcpm_exact
top3_network_beam_local_region_candidates,20R227,STG,Temporal,Operculum/Insula | Orbitomedial Prefrontal Cortex (OMPFC) | Temporal,0,1,RTL,13b,12o,5,0,0,Temporal::RTL + STG,Temporal::RTL + STG,Orbitomedial Prefrontal Cortex (OMPFC)::13a + 13b + 14c + 14r + 25,Orbitomedial Prefrontal Cortex (OMPFC)::11l + 11m + 12m + 12o + 13l + 13m,1,1,1,low_resolution,training_n<8;nearest_centroid_corr>=0.95;fold_local_merged_confusion_group,RTL | STG,low_resolution,RTL | STG,51,18,hybrid_projected_network_logcpm_exact
top3_network_beam_local_region_candidates,20R228,Id,Operculum/Insula,"Lateral Prefrontal Cortex | Parietal, and Parieto-occipital region | Operculum/Insula",0,1,SII,Ig,9d,27,0,0,Operculum/Insula::G + Ia + Ial + Iapl + Iapm + Id + Pi + PrCo,Operculum/Insula::Ig + Ri + SII,Lateral Prefrontal Cortex::44 + 45 + 8A + 8Bd + 8Bm + 8Bs + 9d + 9m,1-2,6,0,0,low_resolution,nearest_centroid_corr>=0.95;fold_local_merged_confusion_group,Ig | Ri | SII,low_resolution,G | Ia | Ial | Iapl | Iapm | Id | Pi | PrCo,34,9,hybrid_projected_network_logcpm_exact
top3_network_beam_local_region_candidates,20R229,RM,Temporal,Operculum/Insula | Orbitomedial Prefrontal Cortex (OMPFC) | Temporal,0,1,Ig,RM,G,2,0,1,Temporal::RM + RT + RTM,Operculum/Insula::G + Iapl + Id + Ig + Ri + SII,Temporal::RM + RT + RTM,Temporal::RTL + STG,2,0,1,low_resolution,nearest_centroid_corr>=0.95;fold_local_merged_confusion_group,G | Iapl | Id | Ig | Ri | SII,low_resolution,RM | RT | RTM,51,17,hybrid_projected_network_logcpm_exact
top3_network_beam_local_region_candidates,20R230,TEm,Temporal,"Temporal | Parietal, and Parieto-occipital region | Operculum/Insula",1,1,TEpd,TEm,TPO,2,0,1,Temporal::TEO + TEad + TEav + TEm + TEpd + TEpv + TG,Temporal::TEO + TEad + TEav + TEm + TEpd + TEpv + TG,Temporal::A1 + CL + CM + IPa + ML + PGa + TPO + Tpt,1-2,1,1,1,low_resolution,nearest_centroid_corr>=0.95;fold_local_merged_confusion_group,TEO | TEad | TEav | TEm | TEpd | TEpv | TG,low_resolution,TEO | TEad | TEav | TEm | TEpd | TEpv | TG,48,14,hybrid_projected_network_logcpm_exact
top3_network_beam_local_region_candidates,20R231,TEad,Temporal,"Temporal | Parietal, and Parieto-occipital region | Operculum/Insula",1,1,TEm,TEpd,TEad,3,0,1,Temporal::TEO + TEad + TEav + TEm + TEpd + TEpv + TG,Temporal::TEO + TEad + TEav + TEm + TEpd + TEpv + TG,Temporal::AL + R + RM + RT + RTL + RTM + TAa,Temporal::A1 + CL + CM + IPa + ML + PGa + TPO + Tpt,1,1,1,low_resolution,nearest_centroid_corr>=0.95;fold_local_merged_confusion_group,TEO | TEad | TEav | TEm | TEpd | TEpv | TG,low_resolution,TEO | TEad | TEav | TEm | TEpd | TEpv | TG,48,14,hybrid_projected_network_logcpm_exact
top3_network_beam_local_region_candidates,20R232,TEav,Temporal,Operculum/Insula | Temporal | Orbitomedial Prefrontal Cortex (OMPFC),0,1,TFO,RTL,TEpv,5,0,0,Temporal::A1 + CL + CM + IPa + ML + PGa + TEav + TPO,TFO,Temporal::RTL + STG,Temporal::TEpv + Tpt,4,0,0,low_resolution,nearest_centroid_corr>=0.95,TFO,low_resolution,A1 | CL | CM | IPa | ML | PGa | TEav | TPO,51,19,hybrid_projected_network_logcpm_exact
top3_network_beam_local_region_candidates,20R233,thalamus,Subcortical,Subcortical | Hippocampal formation | Operculum/Insula,1,1,GPeGPi,thalamus,cla,2,0,1,thalamus,GPeGPi,thalamus,cla,2,0,1,high_resolution,,GPeGPi,low_resolution,thalamus,21,12,hybrid_projected_network_logcpm_exact
top3_network_beam_local_region_candidates,20R234,10o,Lateral Prefrontal Cortex,Lateral Prefrontal Cortex | Cingulate gyrus | Orbitomedial Prefrontal Cortex (OMPFC),1,1,12l,10o,10m,2,0,1,Lateral Prefrontal Cortex::10o + 12l + 12r + 46d + 46v,Lateral Prefrontal Cortex::10o + 12l + 12r + 46d + 46v,10m,11m,1,1,1,low_resolution,training_n<8;nearest_centroid_corr>=0.95;fold_local_merged_confusion_group,10o | 12l | 12r | 46d | 46v,low_resolution,10o | 12l | 12r | 46d | 46v,36,15,hybrid_projected_network_logcpm_exact
top3_network_beam_local_region_candidates,20R235,12l,Lateral Prefrontal Cortex,Lateral Prefrontal Cortex | Cingulate gyrus | Orbitomedial Prefrontal Cortex (OMPFC),1,1,12l,9m,13l,1,1,1,Lateral Prefrontal Cortex::10o + 12l + 12r + 46d + 46v + 8Bm + 9d + 9m,Lateral Prefrontal Cortex::10o + 12l + 12r + 46d + 46v + 8Bm + 9d + 9m,Orbitomedial Prefrontal Cortex (OMPFC)::11l + 12m + 12o + 13l + 13m,10m,1,1,1,low_resolution,training_n<8;nearest_centroid_corr>=0.95;fold_local_merged_confusion_group,10o | 12l | 12r | 46d | 46v | 8Bm | 9d | 9m,low_resolution,10o | 12l | 12r | 46d | 46v | 8Bm | 9d | 9m,36,14,hybrid_projected_network_logcpm_exact
top3_network_beam_local_region_candidates,20R236,13m,Orbitomedial Prefrontal Cortex (OMPFC),Orbitomedial Prefrontal Cortex (OMPFC) | Operculum/Insula | Cingulate gyrus,1,1,13l,12o,13b,5,0,0,Orbitomedial Prefrontal Cortex (OMPFC)::11l + 11m + 12m + 12o + 13l + 13m,Orbitomedial Prefrontal Cortex (OMPFC)::11l + 11m + 12m + 12o + 13l + 13m,Orbitomedial Prefrontal Cortex (OMPFC)::10m + 13a + 13b + 14c + 14r + 25 + 32,Cingulate gyrus::23b + 23c + 24b + 24b' + 24c + 24c',1,1,1,low_resolution,nearest_centroid_corr>=0.95;fold_local_merged_confusion_group,11l | 11m | 12m | 12o | 13l | 13m,low_resolution,11l | 11m | 12m | 12o | 13l | 13m,34,9,hybrid_projected_network_logcpm_exact
top3_network_beam_local_region_candidates,20R237,13l,Orbitomedial Prefrontal Cortex (OMPFC),Orbitomedial Prefrontal Cortex (OMPFC) | Operculum/Insula | Cingulate gyrus,1,1,12o,13m,13l,3,0,1,Orbitomedial Prefrontal Cortex (OMPFC)::11l + 11m + 12m + 12o + 13l + 13m,Orbitomedial Prefrontal Cortex (OMPFC)::11l + 11m + 12m + 12o + 13l + 13m,Orbitomedial Prefrontal Cortex (OMPFC)::10m + 13a + 13b + 14c + 14r + 25 + 32,Cingulate gyrus::23b + 23c + 24b + 24b' + 24c + 24c',1,1,1,low_resolution,training_n<8;nearest_centroid_corr>=0.95;fold_local_merged_confusion_group,11l | 11m | 12m | 12o | 13l | 13m,low_resolution,11l | 11m | 12m | 12o | 13l | 13m,34,9,hybrid_projected_network_logcpm_exact
top3_network_beam_local_region_candidates,20R238,24b',Cingulate gyrus,Orbitomedial Prefrontal Cortex (OMPFC) | Cingulate gyrus | Operculum/Insula,0,1,32,10m,14r,19,0,0,24b',Orbitomedial Prefrontal Cortex (OMPFC)::10m + 13a + 13b + 14c + 14r + 25 + 32,Cingulate gyrus::24b + 24c,Orbitomedial Prefrontal Cortex (OMPFC)::11l + 11m + 12m + 12o + 13l + 13m,7,0,0,low_resolution,nearest_centroid_corr>=0.95;fold_local_merged_confusion_group,10m | 13a | 13b | 14c | 14r | 25 | 32,low_resolution,24b',34,11,hybrid_projected_network_logcpm_exact
top3_network_beam_local_region_candidates,20R239,24c',Cingulate gyrus,Cingulate gyrus | Orbitomedial Prefrontal Cortex (OMPFC) | Lateral Prefrontal Cortex,1,1,24b',24c,32,6,0,0,Cingulate gyrus::23b + 23c + 24a' + 24b' + 24c',Cingulate gyrus::23b + 23c + 24a' + 24b' + 24c',Cingulate gyrus::24b + 24c,32,1,1,1,low_resolution,training_n<8;nearest_centroid_corr>=0.95;fold_local_merged_confusion_group,23b | 23c | 24a' | 24b' | 24c',low_resolution,23b | 23c | 24a' | 24b' | 24c',36,13,hybrid_projected_network_logcpm_exact
top3_network_beam_local_region_candidates,20R240,Ig,Operculum/Insula,Operculum/Insula | Orbitomedial Prefrontal Cortex (OMPFC) | Temporal,1,1,Id,Iapl,RM,5,0,0,Operculum/Insula::G + Iapl + Id + Ig + Ri + SII,Operculum/Insula::G + Iapl + Id + Ig + Ri + SII,Temporal::RM + RT + RTM,PrCo,1,1,1,low_resolution,nearest_centroid_corr>=0.95;fold_local_merged_confusion_group,G | Iapl | Id | Ig | Ri | SII,low_resolution,G | Iapl | Id | Ig | Ri | SII,51,17,hybrid_projected_network_logcpm_exact
top3_network_beam_local_region_candidates,20R241,Id,Operculum/Insula,Operculum/Insula | Orbitomedial Prefrontal Cortex (OMPFC) | Cingulate gyrus,1,1,Ia,Iapl,Id,3,0,1,Operculum/Insula::G + Iapl + Id + Ig + PrCo + Ri + SII,Operculum/Insula::Ia + Ial + Iapm + Pi,Operculum/Insula::G + Iapl + Id + Ig + PrCo + Ri + SII,Cingulate gyrus::23b + 23c + 24b + 24b' + 24c + 24c',2,0,1,low_resolution,training_n<8;nearest_centroid_corr>=0.95;fold_local_merged_confusion_group,Ia | Ial | Iapm | Pi,low_resolution,G | Iapl | Id | Ig | PrCo | Ri | SII,34,9,hybrid_projected_network_logcpm_exact
top3_network_beam_local_region_candidates,20R242,RT,Temporal,Operculum/Insula | Orbitomedial Prefrontal Cortex (OMPFC) | Temporal,0,1,RTM,RTL,Id,5,0,0,RT,Temporal::RM + RTM,Temporal::RTL + STG,Operculum/Insula::G + Iapl + Id + Ig + Ri + SII,4,0,0,low_resolution,training_n<8;nearest_centroid_corr>=0.95;fold_local_merged_confusion_group,RM | RTM,low_resolution,RT,51,18,hybrid_projected_network_logcpm_exact
top3_network_beam_local_region_candidates,20R243,RTM,Temporal,Operculum/Insula | Orbitomedial Prefrontal Cortex (OMPFC) | Temporal,0,1,Id,RT,RTM,3,0,1,Temporal::RM + RTM,Operculum/Insula::G + Iapl + Id + Ig + Ri + SII,RT,Temporal::RM + RTM,3,0,1,low_resolution,nearest_centroid_corr>=0.95;fold_local_merged_confusion_group,G | Iapl | Id | Ig | Ri | SII,low_resolution,RM | RTM,51,19,hybrid_projected_network_logcpm_exact
top3_network_beam_local_region_candidates,20R244,RTL,Temporal,Operculum/Insula | Temporal | Orbitomedial Prefrontal Cortex (OMPFC),0,1,RTL,TFO,STG,1,1,1,Temporal::AL + RTL + STG,Temporal::AL + RTL + STG,TFO,10m,1,1,1,low_resolution,training_n<8;nearest_centroid_corr>=0.95;fold_local_merged_confusion_group,AL | RTL | STG,low_resolution,AL | RTL | STG,51,16,hybrid_projected_network_logcpm_exact
top3_network_beam_local_region_candidates,20R245,TEm,Temporal,"Temporal | Operculum/Insula | Parietal, and Parieto-occipital region",1,1,TEpv,TEad,STG,10,0,0,Temporal::TEO + TEad + TEav + TEm + TEpd + TEpv + TG,Temporal::TEO + TEad + TEav + TEm + TEpd + TEpv + TG,STG,Temporal::AL + R + RM + RT + RTL + RTM + TAa,1,1,1,low_resolution,training_n<8;nearest_centroid_corr>=0.95;fold_local_merged_confusion_group,TEO | TEad | TEav | TEm | TEpd | TEpv | TG,low_resolution,TEO | TEad | TEav | TEm | TEpd | TEpv | TG,48,14,hybrid_projected_network_logcpm_exact
top3_network_beam_local_region_candidates,20R246,5,"Parietal, and Parieto-occipital region","Frontal (agranular frontal motor areas) | Lateral Prefrontal Cortex | Parietal, and Parieto-occipital region",0,1,F1,F2,LIPv,10,0,0,"Parietal, and Parieto-occipital region::1-2 + 5 + 7a + 7b + 7op + LIPd + LIPv + VIP",Frontal (agranular frontal motor areas)::F1 + F2,"Parietal, and Parieto-occipital region::1-2 + 5 + 7a + 7b + 7op + LIPd + LIPv + VIP",3a/b,2,0,1,low_resolution,nearest_centroid_corr>=0.95;fold_local_merged_confusion_group,F1 | F2,low_resolution,1-2 | 5 | 7a | 7b | 7op | LIPd | LIPv | VIP,30,11,hybrid_projected_network_logcpm_exact
top3_network_beam_local_region_candidates,20R247,7b,"Parietal, and Parieto-occipital region","Parietal, and Parieto-occipital region | Lateral Prefrontal Cortex | Frontal (agranular frontal motor areas)",1,1,5,7m,7op,12,0,0,"Parietal, and Parieto-occipital region::1-2 + 5 + 7a + 7b + 7op + LIPd + LIPv + VIP","Parietal, and Parieto-occipital region::1-2 + 5 + 7a + 7b + 7op + LIPd + LIPv + VIP",7m,3a/b,1,1,1,low_resolution,nearest_centroid_corr>=0.95;fold_local_merged_confusion_group,1-2 | 5 | 7a | 7b | 7op | LIPd | LIPv | VIP,low_resolution,1-2 | 5 | 7a | 7b | 7op | LIPd | LIPv | VIP,30,11,hybrid_projected_network_logcpm_exact
top3_network_beam_local_region_candidates,20R248,CM,Temporal,"Parietal, and Parieto-occipital region | Temporal | Lateral Prefrontal Cortex",0,1,ML,CM,CL,2,0,1,Temporal::A1 + AL + CL + CM + ML + R + TPO + Tpt,Temporal::A1 + AL + CL + CM + ML + R + TPO + Tpt,"Parietal, and Parieto-occipital region::1-2 + 5 + 7a + 7b + 7op + LIPd + LIPv + VIP",3a/b,1,1,1,low_resolution,training_n<8;nearest_centroid_corr>=0.95;fold_local_merged_confusion_group,A1 | AL | CL | CM | ML | R | TPO | Tpt,low_resolution,A1 | AL | CL | CM | ML | R | TPO | Tpt,50,16,hybrid_projected_network_logcpm_exact
top3_network_beam_local_region_candidates,20R249,A1,Temporal,"Parietal, and Parieto-occipital region | Occipital/Temporal | Temporal",0,1,A1,CM,CL,1,1,1,Temporal::A1 + CL + CM + IPa + ML + TPO + Tpt,Temporal::A1 + CL + CM + IPa + ML + TPO + Tpt,3a/b,Occipital/Temporal::FST + MST,1,1,1,low_resolution,nearest_centroid_corr>=0.95;fold_local_merged_confusion_group,A1 | CL | CM | IPa | ML | TPO | Tpt,low_resolution,A1 | CL | CM | IPa | ML | TPO | Tpt,46,17,hybrid_projected_network_logcpm_exact
top3_network_beam_local_region_candidates,20R250,TEm,Temporal,"Temporal | Parietal, and Parieto-occipital region | Lateral Prefrontal Cortex",1,1,AL,TEm,TAa,2,0,1,Temporal::TEO + TEm + TEpd,Temporal::A1 + AL + CL + CM + ML + R + TPO + Tpt,Temporal::TEO + TEm + TEpd,Temporal::IPa + PGa + RTL + STG + TAa + TEa,2,0,1,low_resolution,nearest_centroid_corr>=0.95;fold_local_merged_confusion_group,A1 | AL | CL | CM | ML | R | TPO | Tpt,low_resolution,TEO | TEm | TEpd,50,16,hybrid_projected_network_logcpm_exact
top3_network_beam_local_region_candidates,20R251,TEpd,Temporal,"Parietal, and Parieto-occipital region | Temporal | Occipital/Temporal",0,1,TEO,V4v,ML,16,0,0,Temporal::TEO + TEpd,Temporal::TEO + TEpd,Occipital/Temporal::V4 + V4v,Temporal::A1 + CL + CM + IPa + ML + TPO + Tpt,1,1,1,low_resolution,nearest_centroid_corr>=0.95;fold_local_merged_confusion_group,TEO | TEpd,low_resolution,TEO | TEpd,46,18,hybrid_projected_network_logcpm_exact
top3_network_beam_local_region_candidates,20R252,TEpv,Temporal,"Temporal | Parietal, and Parieto-occipital region | Operculum/Insula",1,1,TEpd,TEm,Tpt,15,0,0,TEpv,Temporal::TEO + TEad + TEav + TEm + TEpd + TG,Temporal::A1 + CL + CM + IPa + ML + PGa + TPO + Tpt,Temporal::AL + R + RM + RT + RTL + RTM + STG + TAa,7,0,0,low_resolution,nearest_centroid_corr>=0.95;fold_local_merged_confusion_group,TEO | TEad | TEav | TEm | TEpd | TG,low_resolution,TEpv,48,13,hybrid_projected_network_logcpm_exact
top3_network_beam_local_region_candidates,20R253,G,Operculum/Insula,Orbitomedial Prefrontal Cortex (OMPFC) | Lateral Prefrontal Cortex | Cingulate gyrus,0,0,13m,13l,11m,111,0,0,outside_network_beam,Orbitomedial Prefrontal Cortex (OMPFC)::11l + 12m + 12o + 13l + 13m,11m,13b,111,0,0,low_resolution,training_n<8;nearest_centroid_corr>=0.95;fold_local_merged_confusion_group,11l | 12m | 12o | 13l | 13m,outside_network_beam,,36,14,hybrid_projected_network_logcpm_exact
top3_network_beam_local_region_candidates,20R254,Iapm,Operculum/Insula,Operculum/Insula | Orbitomedial Prefrontal Cortex (OMPFC) | Cingulate gyrus,1,1,Ia,Iapm,Ial,2,0,1,Operculum/Insula::Ia + Ial + Iapm + Pi,Operculum/Insula::Ia + Ial + Iapm + Pi,Operculum/Insula::G + Iapl + Id + Ig + PrCo + Ri + SII,Orbitomedial Prefrontal Cortex (OMPFC)::10m + 13a + 13b + 14c + 14r + 25 + 32,1,1,1,low_resolution,training_n<8;nearest_centroid_corr>=0.95;fold_local_merged_confusion_group,Ia | Ial | Iapm | Pi,low_resolution,Ia | Ial | Iapm | Pi,34,9,hybrid_projected_network_logcpm_exact
top3_network_beam_local_region_candidates,20R255,Ial,Operculum/Insula,Operculum/Insula | Orbitomedial Prefrontal Cortex (OMPFC) | Cingulate gyrus,1,1,Iapm,Ia,Iapl,4,0,0,Operculum/Insula::Ia + Ial + Iapm + Pi,Operculum/Insula::Ia + Ial + Iapm + Pi,Operculum/Insula::G + Iapl + Id + Ig + PrCo + Ri + SII,Orbitomedial Prefrontal Cortex (OMPFC)::10m + 13a + 13b + 14c + 14r + 25 + 32,1,1,1,low_resolution,training_n<8;nearest_centroid_corr>=0.95;fold_local_merged_confusion_group,Ia | Ial | Iapm | Pi,low_resolution,Ia | Ial | Iapm | Pi,34,9,hybrid_projected_network_logcpm_exact
top3_network_beam_local_region_candidates,20R256,Pir,Subcortical,Operculum/Insula | Orbitomedial Prefrontal Cortex (OMPFC) | Temporal,0,0,14r,13l,10m,111,0,0,outside_network_beam,Orbitomedial Prefrontal Cortex (OMPFC)::13a + 13b + 14c + 14r + 25,Orbitomedial Prefrontal Cortex (OMPFC)::11l + 11m + 12m + 12o + 13l + 13m + 32,10m,111,0,0,low_resolution,nearest_centroid_corr>=0.95;fold_local_merged_confusion_group,13a | 13b | 14c | 14r | 25,outside_network_beam,,51,17,hybrid_projected_network_logcpm_exact
top3_network_beam_local_region_candidates,20R257,LIPv,"Parietal, and Parieto-occipital region","Parietal, and Parieto-occipital region | Lateral Prefrontal Cortex | Temporal",1,1,5,ML,7op,22,0,0,"Parietal, and Parieto-occipital region::1-2 + 5 + 7a + 7b + 7op + LIPd + LIPv + VIP","Parietal, and Parieto-occipital region::1-2 + 5 + 7a + 7b + 7op + LIPd + LIPv + VIP",Temporal::A1 + AL + CL + CM + ML + R + TPO + Tpt,7m,1,1,1,low_resolution,nearest_centroid_corr>=0.95;fold_local_merged_confusion_group,1-2 | 5 | 7a | 7b | 7op | LIPd | LIPv | VIP,low_resolution,1-2 | 5 | 7a | 7b | 7op | LIPd | LIPv | VIP,50,16,hybrid_projected_network_logcpm_exact
top3_network_beam_local_region_candidates,20R258,LIPd,"Parietal, and Parieto-occipital region","Parietal, and Parieto-occipital region | Temporal | Lateral Prefrontal Cortex",1,1,1-2,Tpt,7b,35,0,0,"Parietal, and Parieto-occipital region::1-2 + 5 + 7a + 7b + 7op + LIPd + LIPv + VIP","Parietal, and Parieto-occipital region::1-2 + 5 + 7a + 7b + 7op + LIPd + LIPv + VIP",Temporal::A1 + AL + CL + CM + ML + R + TPO + Tpt,Lateral Prefrontal Cortex::44 + 45 + 8A + 8Bd + 8Bs,1,1,1,low_resolution,nearest_centroid_corr>=0.95;fold_local_merged_confusion_group,1-2 | 5 | 7a | 7b | 7op | LIPd | LIPv | VIP,low_resolution,1-2 | 5 | 7a | 7b | 7op | LIPd | LIPv | VIP,50,18,hybrid_projected_network_logcpm_exact
top3_network_beam_local_region_candidates,20R259,CM,Temporal,"Parietal, and Parieto-occipital region | Occipital/Temporal | Lateral Prefrontal Cortex",0,0,3a/b,FST,LIPv,111,0,0,outside_network_beam,3a/b,Occipital/Temporal::FST + MST,"Parietal, and Parieto-occipital region::1-2 + 5 + 7a + 7b + 7op + LIPd + LIPv + VIP",111,0,0,low_resolution,nearest_centroid_corr>=0.95,3a/b,outside_network_beam,,32,8,hybrid_projected_network_logcpm_exact
top3_network_beam_local_region_candidates,20R260,A1,Temporal,"Parietal, and Parieto-occipital region | Occipital/Temporal | Temporal",0,1,A1,CM,CL,1,1,1,Temporal::A1 + CL + CM + IPa + ML + TPO + Tpt,Temporal::A1 + CL + CM + IPa + ML + TPO + Tpt,3a/b,Occipital/Temporal::FST + MST,1,1,1,low_resolution,nearest_centroid_corr>=0.95;fold_local_merged_confusion_group,A1 | CL | CM | IPa | ML | TPO | Tpt,low_resolution,A1 | CL | CM | IPa | ML | TPO | Tpt,46,17,hybrid_projected_network_logcpm_exact
top3_network_beam_local_region_candidates,20R261,CL,Temporal,"Parietal, and Parieto-occipital region | Temporal | Lateral Prefrontal Cortex",0,1,ML,1-2,Tpt,19,0,0,Temporal::A1 + CL + CM,Temporal::AL + IPa + ML + R + TPO + Tpt,"Parietal, and Parieto-occipital region::1-2 + 5 + 7a + 7b + 7op + LIPd + LIPv + VIP",Temporal::A1 + CL + CM,3,0,1,low_resolution,training_n<8;nearest_centroid_corr>=0.95;fold_local_merged_confusion_group,AL | IPa | ML | R | TPO | Tpt,low_resolution,A1 | CL | CM,50,16,hybrid_projected_network_logcpm_exact
top3_network_beam_local_region_candidates,20R262,TFO,Temporal,"Parietal, and Parieto-occipital region | Temporal | Lateral Prefrontal Cortex",0,1,Tpt,TEpd,1-2,31,0,0,Temporal::TEO + TEad + TEav + TEm + TEpd + TFO,Temporal::A1 + AL + CL + CM + ML + R + TPO + Tpt,Temporal::TEO + TEad + TEav + TEm + TEpd + TFO,"Parietal, and Parieto-occipital region::1-2 + 5 + 7a + 7b + 7op + LIPd + LIPv + VIP",2,0,1,low_resolution,training_n<8;nearest_centroid_corr>=0.95;fold_local_merged_confusion_group,A1 | AL | CL | CM | ML | R | TPO | Tpt,low_resolution,TEO | TEad | TEav | TEm | TEpd | TFO,50,15,hybrid_projected_network_logcpm_exact
top3_network_beam_local_region_candidates,20R263,amy,Subcortical,Hippocampal formation | Operculum/Insula | Orbitomedial Prefrontal Cortex (OMPFC),0,0,Ia,HC,Iapm,111,0,0,outside_network_beam,Operculum/Insula::Ia + Ial + Iapm + Pi,HC,Orbitomedial Prefrontal Cortex (OMPFC)::13a + 14c + 25 + 32,111,0,0,low_resolution,training_n<8;nearest_centroid_corr>=0.95;fold_local_merged_confusion_group,Ia | Ial | Iapm | Pi,outside_network_beam,,25,6,hybrid_projected_network_logcpm_exact
top3_network_beam_local_region_candidates,20R264,Iapl,Operculum/Insula,Orbitomedial Prefrontal Cortex (OMPFC) | Operculum/Insula | Cingulate gyrus,0,1,Ial,Id,Iapl,3,0,1,Operculum/Insula::Iapl + Id + Ig + PrCo + Ri + SII,Operculum/Insula::Ia + Ial + Iapm + Pi,Operculum/Insula::Iapl + Id + Ig + PrCo + Ri + SII,G,2,0,1,low_resolution,nearest_centroid_corr>=0.95;fold_local_merged_confusion_group,Ia | Ial | Iapm | Pi,low_resolution,Iapl | Id | Ig | PrCo | Ri | SII,34,10,hybrid_projected_network_logcpm_exact
top3_network_beam_local_region_candidates,20R265,CL,Temporal,"Parietal, and Parieto-occipital region | Temporal | Lateral Prefrontal Cortex",0,1,CM,ML,CL,3,0,1,Temporal::A1 + AL + CL + CM + ML + R + TPO + Tpt,Temporal::A1 + AL + CL + CM + ML + R + TPO + Tpt,3a/b,"Parietal, and Parieto-occipital region::1-2 + 5 + 7a + 7b + 7op + LIPd + LIPv + VIP",1,1,1,low_resolution,training_n<8;nearest_centroid_corr>=0.95;fold_local_merged_confusion_group,A1 | AL | CL | CM | ML | R | TPO | Tpt,low_resolution,A1 | AL | CL | CM | ML | R | TPO | Tpt,50,16,hybrid_projected_network_logcpm_exact
top3_network_beam_local_region_candidates,20R270,10o,Lateral Prefrontal Cortex,Cingulate gyrus | Lateral Prefrontal Cortex | Orbitomedial Prefrontal Cortex (OMPFC),0,1,13b,10m,11m,5,0,0,Lateral Prefrontal Cortex::10o + 12l + 12r + 46d + 46v,13b,10m,11m,5,0,0,low_resolution,nearest_centroid_corr>=0.95,13b,low_resolution,10o | 12l | 12r | 46d | 46v,36,14,hybrid_projected_network_logcpm_exact
top3_network_beam_local_region_candidates,20R271,V4v,Occipital/Temporal,"Occipital/Temporal | Parietal, and Parieto-occipital region | Temporal",1,1,V4,V3v,TEO,9,0,0,Occipital/Temporal::V4 + V4v,Occipital/Temporal::V4 + V4v,Occipital/Temporal::V1 + V2 + V3d + V3v,Temporal::TEO + TEad + TEm + TEpd,1,1,1,low_resolution,training_n<8;nearest_centroid_corr>=0.95;fold_local_merged_confusion_group,V4 | V4v,low_resolution,V4 | V4v,46,17,hybrid_projected_network_logcpm_exact
top3_network_beam_local_region_candidates,20R272,thalamus,Subcortical,Subcortical | Hippocampal formation | Operculum/Insula,1,1,thalamus,amy,GPeGPi,1,1,1,thalamus,thalamus,amy,GPeGPi,1,1,1,low_resolution,training_n<8,thalamus,low_resolution,thalamus,21,12,hybrid_projected_network_logcpm_exact
top3_network_beam_local_region_candidates,20R273,TEm,Temporal,"Temporal | Parietal, and Parieto-occipital region | Occipital/Temporal",1,1,TEpd,IPa,TPO,7,0,0,Temporal::TEO + TEad + TEm + TEpd,Temporal::TEO + TEad + TEm + TEpd,Temporal::A1 + CL + CM + IPa + ML + TPO + Tpt,"Parietal, and Parieto-occipital region::1-2 + 5 + 7a + 7b + 7op + LIPd + LIPv + VIP",1,1,1,low_resolution,nearest_centroid_corr>=0.95;fold_local_merged_confusion_group,TEO | TEad | TEm | TEpd,low_resolution,TEO | TEad | TEm | TEpd,46,17,hybrid_projected_network_logcpm_exact
top3_network_beam_local_region_candidates,20R274,LIPv,"Parietal, and Parieto-occipital region","Parietal, and Parieto-occipital region | Lateral Prefrontal Cortex | Occipital/Temporal",1,1,5,7m,VIP,4,0,0,"Parietal, and Parieto-occipital region::1-2 + 5 + 7a + 7b + 7op + LIPd + LIPv + VIP","Parietal, and Parieto-occipital region::1-2 + 5 + 7a + 7b + 7op + LIPd + LIPv + VIP",7m,Occipital/Temporal::V1 + V2 + V3d + V3v + V4 + V4v,1,1,1,low_resolution,nearest_centroid_corr>=0.95;fold_local_merged_confusion_group,1-2 | 5 | 7a | 7b | 7op | LIPd | LIPv | VIP,low_resolution,1-2 | 5 | 7a | 7b | 7op | LIPd | LIPv | VIP,32,8,hybrid_projected_network_logcpm_exact
top3_network_beam_local_region_candidates,20R275,GPeGPi,Subcortical,Subcortical | Hippocampal formation | Operculum/Insula,1,1,GPeGPi,thalamus,cla,1,1,1,GPeGPi,GPeGPi,thalamus,cla,1,1,1,high_resolution,,GPeGPi,high_resolution,GPeGPi,21,12,hybrid_projected_network_logcpm_exact
top3_network_beam_local_region_candidates,20R276,GPeGPi,Subcortical,Subcortical | Hippocampal formation | Operculum/Insula,1,1,GPeGPi,NARegion,cla,1,1,1,GPeGPi,GPeGPi,NARegion,cla,1,1,1,high_resolution,,GPeGPi,high_resolution,GPeGPi,21,12,hybrid_projected_network_logcpm_exact
top3_network_beam_local_region_candidates,20R277,7a,"Parietal, and Parieto-occipital region","Parietal, and Parieto-occipital region | Lateral Prefrontal Cortex | Temporal",1,1,ML,7op,5,17,0,0,"Parietal, and Parieto-occipital region::1-2 + 5 + 7a + 7b + 7op + LIPd + LIPv + VIP",Temporal::A1 + AL + CL + CM + ML + R + TPO + Tpt,"Parietal, and Parieto-occipital region::1-2 + 5 + 7a + 7b + 7op + LIPd + LIPv + VIP",7m,2,0,1,low_resolution,training_n<8;nearest_centroid_corr>=0.95;fold_local_merged_confusion_group,A1 | AL | CL | CM | ML | R | TPO | Tpt,low_resolution,1-2 | 5 | 7a | 7b | 7op | LIPd | LIPv | VIP,50,16,hybrid_projected_network_logcpm_exact
top3_network_beam_local_region_candidates,20R278,LIPd,"Parietal, and Parieto-occipital region","Parietal, and Parieto-occipital region | Lateral Prefrontal Cortex | Frontal (agranular frontal motor areas)",1,1,5,7m,7op,6,0,0,"Parietal, and Parieto-occipital region::1-2 + 5 + 7a + 7b + 7op + LIPd + LIPv + VIP","Parietal, and Parieto-occipital region::1-2 + 5 + 7a + 7b + 7op + LIPd + LIPv + VIP",7m,3a/b,1,1,1,low_resolution,nearest_centroid_corr>=0.95;fold_local_merged_confusion_group,1-2 | 5 | 7a | 7b | 7op | LIPd | LIPv | VIP,low_resolution,1-2 | 5 | 7a | 7b | 7op | LIPd | LIPv | VIP,30,11,hybrid_projected_network_logcpm_exact
top3_network_beam_local_region_candidates,20R279,LIPv,"Parietal, and Parieto-occipital region","Parietal, and Parieto-occipital region | Lateral Prefrontal Cortex | Frontal (agranular frontal motor areas)",1,1,5,VIP,7m,4,0,0,"Parietal, and Parieto-occipital region::1-2 + 5 + 7a + 7b + 7op + LIPd + LIPv + VIP","Parietal, and Parieto-occipital region::1-2 + 5 + 7a + 7b + 7op + LIPd + LIPv + VIP",7m,3a/b,1,1,1,low_resolution,nearest_centroid_corr>=0.95;fold_local_merged_confusion_group,1-2 | 5 | 7a | 7b | 7op | LIPd | LIPv | VIP,low_resolution,1-2 | 5 | 7a | 7b | 7op | LIPd | LIPv | VIP,30,11,hybrid_projected_network_logcpm_exact
top3_network_beam_local_region_candidates,20R280,Tpt,Temporal,"Parietal, and Parieto-occipital region | Lateral Prefrontal Cortex | Temporal",0,1,7op,7b,ML,7,0,0,Temporal::A1 + CL + CM + IPa + ML + TPO + Tpt,"Parietal, and Parieto-occipital region::1-2 + 5 + 7a + 7b + 7op + LIPd + LIPv + VIP",Temporal::A1 + CL + CM + IPa + ML + TPO + Tpt,Temporal::AL + R,2,0,1,low_resolution,nearest_centroid_corr>=0.95;fold_local_merged_confusion_group,1-2 | 5 | 7a | 7b | 7op | LIPd | LIPv | VIP,low_resolution,A1 | CL | CM | IPa | ML | TPO | Tpt,50,16,hybrid_projected_network_logcpm_exact
top3_network_beam_local_region_candidates,20R281,MST,Occipital/Temporal,"Parietal, and Parieto-occipital region | Occipital/Temporal | Temporal",0,1,V3d,FST,MST,3,0,1,Occipital/Temporal::FST + MST,Occipital/Temporal::V1 + V2 + V3d + V3v,Occipital/Temporal::FST + MST,"Parietal, and Parieto-occipital region::1-2 + 5 + 7a + 7b + 7op + LIPd + LIPv + VIP",2,0,1,low_resolution,training_n<8;nearest_centroid_corr>=0.95;fold_local_merged_confusion_group,V1 | V2 | V3d | V3v,low_resolution,FST | MST,46,19,hybrid_projected_network_logcpm_exact
top3_network_beam_local_region_candidates,20R282,FST,Occipital/Temporal,"Parietal, and Parieto-occipital region | Occipital/Temporal | Temporal",0,1,FST,LIPv,MST,1,1,1,Occipital/Temporal::FST + MST,Occipital/Temporal::FST + MST,"Parietal, and Parieto-occipital region::1-2 + 5 + 7a + 7b + 7op + LIPd + LIPv + VIP",Temporal::A1 + CL + CM + IPa + ML + TPO + Tpt,1,1,1,low_resolution,training_n<8;nearest_centroid_corr>=0.95;fold_local_merged_confusion_group,FST | MST,low_resolution,FST | MST,46,17,hybrid_projected_network_logcpm_exact
top3_network_beam_local_region_candidates,20R283,V4,Occipital/Temporal,"Parietal, and Parieto-occipital region | Occipital/Temporal | Temporal",0,1,TEO,V4,5,2,0,1,Occipital/Temporal::V4 + V4v,Temporal::TEO + TEad + TEm + TEpd,Occipital/Temporal::V4 + V4v,"Parietal, and Parieto-occipital region::1-2 + 5 + 7a + 7b + 7op + LIPd + LIPv + VIP",2,0,1,low_resolution,nearest_centroid_corr>=0.95;fold_local_merged_confusion_group,TEO | TEad | TEm | TEpd,low_resolution,V4 | V4v,46,17,hybrid_projected_network_logcpm_exact
top3_network_beam_local_region_candidates,20R284,TFO,Temporal,"Occipital/Temporal | Parietal, and Parieto-occipital region | Temporal",0,1,V3v,7m,V4,40,0,0,TFO,Occipital/Temporal::V1 + V2 + V3d + V3v,7m,Occipital/Temporal::V4 + V4v,17,0,0,low_resolution,nearest_centroid_corr>=0.95;fold_local_merged_confusion_group,V1 | V2 | V3d | V3v,low_resolution,TFO,46,19,hybrid_projected_network_logcpm_exact
top3_network_beam_local_region_candidates,20R285,GPeGPi,Subcortical,Subcortical | Hippocampal formation | Operculum/Insula,1,1,GPeGPi,thalamus,cla,1,1,1,GPeGPi,GPeGPi,thalamus,cla,1,1,1,high_resolution,,GPeGPi,high_resolution,GPeGPi,21,13,hybrid_projected_network_logcpm_exact
top3_network_beam_local_region_candidates,20R286,GPeGPi,Subcortical,Subcortical | Hippocampal formation | Operculum/Insula,1,1,GPeGPi,NARegion,cd,1,1,1,GPeGPi,GPeGPi,NARegion,Subcortical::cd + pu,1,1,1,high_resolution,,GPeGPi,high_resolution,GPeGPi,21,12,hybrid_projected_network_logcpm_exact
top3_network_beam_local_region_candidates,20R287,24c',Cingulate gyrus,Cingulate gyrus | Lateral Prefrontal Cortex | Frontal (agranular frontal motor areas),1,1,24c',23b,24b',1,1,1,24c',24c',Cingulate gyrus::23b + 23c + 24a' + 24b',F5,1,1,1,low_resolution,training_n<8;nearest_centroid_corr>=0.95,24c',low_resolution,24c',30,13,hybrid_projected_network_logcpm_exact
top3_network_beam_local_region_candidates,20R288,24b',Cingulate gyrus,Cingulate gyrus | Orbitomedial Prefrontal Cortex (OMPFC) | Lateral Prefrontal Cortex,1,1,24c',24b',24c,2,0,1,24b',Cingulate gyrus::23b + 23c + 24a' + 24c',24b',Cingulate gyrus::24b + 24c,2,0,1,low_resolution,training_n<8;nearest_centroid_corr>=0.95;fold_local_merged_confusion_group,23b | 23c | 24a' | 24c',low_resolution,24b',36,15,hybrid_projected_network_logcpm_exact
top3_network_beam_local_region_candidates,20R289,24a',Cingulate gyrus,Cingulate gyrus | Orbitomedial Prefrontal Cortex (OMPFC) | Lateral Prefrontal Cortex,1,1,24b',24c',23b,5,0,0,24a',Cingulate gyrus::23b + 23c + 24b' + 24c',24a',Cingulate gyrus::24b + 24c,2,0,1,low_resolution,training_n<8;nearest_centroid_corr>=0.95;fold_local_merged_confusion_group,23b | 23c | 24b' | 24c',low_resolution,24a',36,15,hybrid_projected_network_logcpm_exact
top3_network_beam_local_region_candidates,20R290,12m,Orbitomedial Prefrontal Cortex (OMPFC),Lateral Prefrontal Cortex | Cingulate gyrus | Orbitomedial Prefrontal Cortex (OMPFC),0,1,12l,12r,46v,4,0,0,Orbitomedial Prefrontal Cortex (OMPFC)::11l + 12m + 12o + 13l + 13m,Lateral Prefrontal Cortex::10o + 12l + 12r + 46d + 46v,Orbitomedial Prefrontal Cortex (OMPFC)::11l + 12m + 12o + 13l + 13m,Lateral Prefrontal Cortex::44 + 45 + 8A + 8Bd + 8Bm + 8Bs + 9d + 9m,2,0,1,low_resolution,training_n<8;nearest_centroid_corr>=0.95;fold_local_merged_confusion_group,10o | 12l | 12r | 46d | 46v,low_resolution,11l | 12m | 12o | 13l | 13m,36,15,hybrid_projected_network_logcpm_exact
top3_network_beam_local_region_candidates,20R291,NARegion,Subcortical,Subcortical | Hippocampal formation | Operculum/Insula,1,1,cla,NARegion,pu,2,0,1,NARegion,cla,NARegion,Subcortical::cd + pu,2,0,1,low_resolution,training_n<8,cla,low_resolution,NARegion,21,13,hybrid_projected_network_logcpm_exact
top3_network_beam_local_region_candidates,20R293,Iapl,Operculum/Insula,Operculum/Insula | Orbitomedial Prefrontal Cortex (OMPFC) | Temporal,1,1,Ig,G,RM,7,0,0,Operculum/Insula::G + Iapl + Id + Ig + Ri + SII,Operculum/Insula::G + Iapl + Id + Ig + Ri + SII,Temporal::RM + RT + RTM,PrCo,1,1,1,low_resolution,nearest_centroid_corr>=0.95;fold_local_merged_confusion_group,G | Iapl | Id | Ig | Ri | SII,low_resolution,G | Iapl | Id | Ig | Ri | SII,51,17,hybrid_projected_network_logcpm_exact
top3_network_beam_local_region_candidates,20R294,Iapm,Operculum/Insula,Operculum/Insula | Orbitomedial Prefrontal Cortex (OMPFC) | Cingulate gyrus,1,1,Iapm,Ial,Ia,1,1,1,Operculum/Insula::Ia + Ial + Iapm + Pi,Operculum/Insula::Ia + Ial + Iapm + Pi,Operculum/Insula::G + Iapl + Id + Ig + PrCo + Ri + SII,Orbitomedial Prefrontal Cortex (OMPFC)::10m + 13a + 13b + 14c + 14r + 25 + 32,1,1,1,low_resolution,training_n<8;nearest_centroid_corr>=0.95;fold_local_merged_confusion_group,Ia | Ial | Iapm | Pi,low_resolution,Ia | Ial | Iapm | Pi,34,9,hybrid_projected_network_logcpm_exact
top3_network_beam_local_region_candidates,20R300,F4,Frontal (agranular frontal motor areas),"Parietal, and Parieto-occipital region | Lateral Prefrontal Cortex | Temporal",0,0,ML,1-2,7op,111,0,0,outside_network_beam,Temporal::A1 + AL + CL + CM + ML + R + TPO + Tpt,"Parietal, and Parieto-occipital region::1-2 + 5 + 7a + 7b + 7op + LIPd + LIPv + VIP",Lateral Prefrontal Cortex::44 + 45 + 8A + 8Bd + 8Bs,111,0,0,low_resolution,training_n<8;nearest_centroid_corr>=0.95;fold_local_merged_confusion_group,A1 | AL | CL | CM | ML | R | TPO | Tpt,outside_network_beam,,50,16,hybrid_projected_network_logcpm_exact
top3_network_beam_local_region_candidates,20R301,G,Operculum/Insula,Operculum/Insula | Orbitomedial Prefrontal Cortex (OMPFC) | Temporal,1,1,Ig,SII,RM,4,0,0,Operculum/Insula::G + Iapl + Id + Ig + PrCo + Ri + SII,Operculum/Insula::G + Iapl + Id + Ig + PrCo + Ri + SII,Temporal::RM + RT + RTM,AL,1,1,1,low_resolution,nearest_centroid_corr>=0.95;fold_local_merged_confusion_group,G | Iapl | Id | Ig | PrCo | Ri | SII,low_resolution,G | Iapl | Id | Ig | PrCo | Ri | SII,51,16,hybrid_projected_network_logcpm_exact
top3_network_beam_local_region_candidates,20R302,Iapl,Operculum/Insula,Operculum/Insula | Orbitomedial Prefrontal Cortex (OMPFC) | Temporal,1,1,RM,G,PrCo,9,0,0,Operculum/Insula::G + Iapl + Id + Ig + Ri + SII,Temporal::RM + RT + RTM,Operculum/Insula::G + Iapl + Id + Ig + Ri + SII,PrCo,2,0,1,low_resolution,nearest_centroid_corr>=0.95;fold_local_merged_confusion_group,RM | RT | RTM,low_resolution,G | Iapl | Id | Ig | Ri | SII,51,18,hybrid_projected_network_logcpm_exact
top3_network_beam_local_region_candidates,20R303,Ial,Operculum/Insula,Operculum/Insula | Orbitomedial Prefrontal Cortex (OMPFC) | Cingulate gyrus,1,1,Ial,Pi,32,1,1,1,Operculum/Insula::Ia + Ial + Iapm + Pi,Operculum/Insula::Ia + Ial + Iapm + Pi,Orbitomedial Prefrontal Cortex (OMPFC)::10m + 13a + 13b + 14c + 14r + 25 + 32,Orbitomedial Prefrontal Cortex (OMPFC)::11l + 11m + 12m + 12o + 13l + 13m,1,1,1,low_resolution,training_n<8;nearest_centroid_corr>=0.95;fold_local_merged_confusion_group,Ia | Ial | Iapm | Pi,low_resolution,Ia | Ial | Iapm | Pi,34,9,hybrid_projected_network_logcpm_exact
top3_network_beam_local_region_candidates,20R304,Iapm,Operculum/Insula,Operculum/Insula | Orbitomedial Prefrontal Cortex (OMPFC) | Cingulate gyrus,1,1,Iapm,Ia,Ial,1,1,1,Operculum/Insula::Ia + Ial + Iapm + Pi,Operculum/Insula::Ia + Ial + Iapm + Pi,Operculum/Insula::G + Iapl + Id + Ig + PrCo + Ri + SII,Orbitomedial Prefrontal Cortex (OMPFC)::10m + 13a + 13b + 14c + 14r + 25 + 32,1,1,1,low_resolution,training_n<8;nearest_centroid_corr>=0.95;fold_local_merged_confusion_group,Ia | Ial | Iapm | Pi,low_resolution,Ia | Ial | Iapm | Pi,34,9,hybrid_projected_network_logcpm_exact
top3_network_beam_local_region_candidates,20R305,Pir,Subcortical,Operculum/Insula | Orbitomedial Prefrontal Cortex (OMPFC) | Cingulate gyrus,0,0,13l,12o,13m,111,0,0,outside_network_beam,Orbitomedial Prefrontal Cortex (OMPFC)::11l + 11m + 12m + 12o + 13l + 13m,Orbitomedial Prefrontal Cortex (OMPFC)::10m + 13a + 13b + 14c + 14r + 25 + 32,Operculum/Insula::G + Iapl + Id + Ig + PrCo + Ri + SII,111,0,0,low_resolution,nearest_centroid_corr>=0.95;fold_local_merged_confusion_group,11l | 11m | 12m | 12o | 13l | 13m,outside_network_beam,,34,9,hybrid_projected_network_logcpm_exact
top3_network_beam_local_region_candidates,20R306,NARegion,Subcortical,Subcortical | Hippocampal formation | Operculum/Insula,1,1,NARegion,cd,pu,1,1,1,Subcortical::NARegion + cd + pu,Subcortical::NARegion + cd + pu,cla,GPeGPi,1,1,1,low_resolution,training_n<8;nearest_centroid_corr>=0.95;fold_local_merged_confusion_group,NARegion | cd | pu,low_resolution,NARegion | cd | pu,21,12,hybrid_projected_network_logcpm_exact
top3_network_beam_local_region_candidates,20R307,Id,Operculum/Insula,Operculum/Insula | Orbitomedial Prefrontal Cortex (OMPFC) | Temporal,1,1,Iapl,RTM,RT,5,0,0,Operculum/Insula::G + Iapl + Id + Ig + Ri + SII,Operculum/Insula::G + Iapl + Id + Ig + Ri + SII,Temporal::RM + RT + RTM,Operculum/Insula::Ia + Ial + Iapm + Pi,1,1,1,low_resolution,nearest_centroid_corr>=0.95;fold_local_merged_confusion_group,G | Iapl | Id | Ig | Ri | SII,low_resolution,G | Iapl | Id | Ig | Ri | SII,51,18,hybrid_projected_network_logcpm_exact
top3_network_beam_local_region_candidates,20R308,RTM,Temporal,Operculum/Insula | Orbitomedial Prefrontal Cortex (OMPFC) | Temporal,0,1,RTM,RT,Iapl,1,1,1,Temporal::RM + RT + RTM,Temporal::RM + RT + RTM,Operculum/Insula::G + Iapl + Id + Ig + Ri + SII,Operculum/Insula::Ia + Ial + Iapm + Pi,1,1,1,low_resolution,training_n<8;nearest_centroid_corr>=0.95;fold_local_merged_confusion_group,RM | RT | RTM,low_resolution,RM | RT | RTM,51,18,hybrid_projected_network_logcpm_exact
top3_network_beam_local_region_candidates,20R309,LIPd,"Parietal, and Parieto-occipital region","Parietal, and Parieto-occipital region | Lateral Prefrontal Cortex | Occipital/Temporal",1,1,MST,V3d,FST,6,0,0,"Parietal, and Parieto-occipital region::1-2 + 5 + 7a + 7b + 7op + LIPd + LIPv + VIP",Occipital/Temporal::FST + MST,Occipital/Temporal::V1 + V2 + V3d + V3v + V4 + V4v,"Parietal, and Parieto-occipital region::1-2 + 5 + 7a + 7b + 7op + LIPd + LIPv + VIP",3,0,1,low_resolution,nearest_centroid_corr>=0.95;fold_local_merged_confusion_group,FST | MST,low_resolution,1-2 | 5 | 7a | 7b | 7op | LIPd | LIPv | VIP,32,8,hybrid_projected_network_logcpm_exact
top3_network_beam_local_region_candidates,20R310,7a,"Parietal, and Parieto-occipital region","Parietal, and Parieto-occipital region | Temporal | Lateral Prefrontal Cortex",1,1,Tpt,7b,7op,4,0,0,"Parietal, and Parieto-occipital region::1-2 + 5 + 7a + 7b + 7op + LIPd + LIPv + VIP",Temporal::A1 + AL + CL + CM + ML + R + TPO + Tpt,"Parietal, and Parieto-occipital region::1-2 + 5 + 7a + 7b + 7op + LIPd + LIPv + VIP",IPa,2,0,1,low_resolution,training_n<8;nearest_centroid_corr>=0.95;fold_local_merged_confusion_group,A1 | AL | CL | CM | ML | R | TPO | Tpt,low_resolution,1-2 | 5 | 7a | 7b | 7op | LIPd | LIPv | VIP,50,16,hybrid_projected_network_logcpm_exact
top3_network_beam_local_region_candidates,20R311,Tpt,Temporal,"Parietal, and Parieto-occipital region | Temporal | Lateral Prefrontal Cortex",0,1,7b,7op,1-2,4,0,0,Temporal::A1 + CL + CM + IPa + ML + TPO + Tpt,"Parietal, and Parieto-occipital region::1-2 + 5 + 7a + 7b + 7op + LIPd + LIPv + VIP",Temporal::A1 + CL + CM + IPa + ML + TPO + Tpt,Temporal::AL + R,2,0,1,low_resolution,nearest_centroid_corr>=0.95;fold_local_merged_confusion_group,1-2 | 5 | 7a | 7b | 7op | LIPd | LIPv | VIP,low_resolution,A1 | CL | CM | IPa | ML | TPO | Tpt,50,16,hybrid_projected_network_logcpm_exact
top3_network_beam_local_region_candidates,20R312,TPO,Temporal,"Parietal, and Parieto-occipital region | Lateral Prefrontal Cortex | Temporal",0,1,ML,LIPd,7op,19,0,0,Temporal::A1 + AL + CL + CM + ML + R + TPO + Tpt,Temporal::A1 + AL + CL + CM + ML + R + TPO + Tpt,"Parietal, and Parieto-occipital region::3a/b + 5 + LIPd + LIPv + VIP","Parietal, and Parieto-occipital region::1-2 + 7a + 7b + 7op",1,1,1,low_resolution,training_n<8;nearest_centroid_corr>=0.95;fold_local_merged_confusion_group,A1 | AL | CL | CM | ML | R | TPO | Tpt,low_resolution,A1 | AL | CL | CM | ML | R | TPO | Tpt,50,16,hybrid_projected_network_logcpm_exact
top3_network_beam_local_region_candidates,20R313,MST,Occipital/Temporal,"Occipital/Temporal | Parietal, and Parieto-occipital region | Temporal",1,1,FST,MST,V3d,2,0,1,Occipital/Temporal::FST + MST,Occipital/Temporal::FST + MST,Occipital/Temporal::V1 + V2 + V3d + V3v,"Parietal, and Parieto-occipital region::1-2 + 5 + 7a + 7b + 7op + LIPd + LIPv + VIP",1,1,1,low_resolution,nearest_centroid_corr>=0.95;fold_local_merged_confusion_group,FST | MST,low_resolution,FST | MST,46,17,hybrid_projected_network_logcpm_exact
top3_network_beam_local_region_candidates,20R314,FST,Occipital/Temporal,"Occipital/Temporal | Parietal, and Parieto-occipital region | Temporal",1,1,FST,MST,VIP,1,1,1,Occipital/Temporal::FST + MST + V1 + V2 + V3d + V3v,Occipital/Temporal::FST + MST + V1 + V2 + V3d + V3v,"Parietal, and Parieto-occipital region::1-2 + 5 + 7a + 7b + 7op + LIPd + LIPv + VIP",Temporal::A1 + CL + CM + IPa + ML + TPO + Tpt,1,1,1,low_resolution,training_n<8;nearest_centroid_corr>=0.95;fold_local_merged_confusion_group,FST | MST | V1 | V2 | V3d | V3v,low_resolution,FST | MST | V1 | V2 | V3d | V3v,46,16,hybrid_projected_network_logcpm_exact
top3_network_beam_local_region_candidates,20R315,TEO,Temporal,"Parietal, and Parieto-occipital region | Occipital/Temporal | Temporal",0,1,CL,5,V4,5,0,0,Temporal::TEO + TEad + TEm + TEpd,Temporal::A1 + CL + CM + ML + TPO + Tpt,"Parietal, and Parieto-occipital region::1-2 + 5 + 7a + 7b + 7op + LIPd + LIPv + VIP",Occipital/Temporal::V4 + V4v,5,0,0,low_resolution,training_n<8;nearest_centroid_corr>=0.95;fold_local_merged_confusion_group,A1 | CL | CM | ML | TPO | Tpt,low_resolution,TEO | TEad | TEm | TEpd,46,18,hybrid_projected_network_logcpm_exact
top3_network_beam_local_region_candidates,20R316,Ig,Operculum/Insula,Operculum/Insula | Orbitomedial Prefrontal Cortex (OMPFC) | Temporal,1,1,Ig,RM,G,1,1,1,Operculum/Insula::G + Iapl + Id + Ig + Ri + SII,Operculum/Insula::G + Iapl + Id + Ig + Ri + SII,Temporal::RM + RT + RTM,PrCo,1,1,1,low_resolution,nearest_centroid_corr>=0.95;fold_local_merged_confusion_group,G | Iapl | Id | Ig | Ri | SII,low_resolution,G | Iapl | Id | Ig | Ri | SII,51,16,hybrid_projected_network_logcpm_exact
top3_network_beam_local_region_candidates,20R320,8Bm,Lateral Prefrontal Cortex,Frontal (agranular frontal motor areas) | Lateral Prefrontal Cortex | Cingulate gyrus,0,1,8Bd,44,F3,12,0,0,Lateral Prefrontal Cortex::44 + 45 + 8A + 8Bd + 8Bm + 8Bs + 9d + 9m,Lateral Prefrontal Cortex::44 + 45 + 8A + 8Bd + 8Bm + 8Bs + 9d + 9m,Frontal (agranular frontal motor areas)::F1 + F2 + F3,F7,1,1,1,low_resolution,nearest_centroid_corr>=0.95;fold_local_merged_confusion_group,44 | 45 | 8A | 8Bd | 8Bm | 8Bs | 9d | 9m,low_resolution,44 | 45 | 8A | 8Bd | 8Bm | 8Bs | 9d | 9m,30,13,hybrid_projected_network_logcpm_exact
top3_network_beam_local_region_candidates,20R321,8Bd,Lateral Prefrontal Cortex,Frontal (agranular frontal motor areas) | Lateral Prefrontal Cortex | Cingulate gyrus,0,1,F2,8Bs,F1,9,0,0,Lateral Prefrontal Cortex::44 + 45 + 8A + 8Bd + 8Bm + 8Bs + 9d + 9m,Frontal (agranular frontal motor areas)::F1 + F2 + F3,Lateral Prefrontal Cortex::44 + 45 + 8A + 8Bd + 8Bm + 8Bs + 9d + 9m,F7,2,0,1,low_resolution,nearest_centroid_corr>=0.95;fold_local_merged_confusion_group,F1 | F2 | F3,low_resolution,44 | 45 | 8A | 8Bd | 8Bm | 8Bs | 9d | 9m,30,12,hybrid_projected_network_logcpm_exact
top3_network_beam_local_region_candidates,20R322,32,Orbitomedial Prefrontal Cortex (OMPFC),Cingulate gyrus | Orbitomedial Prefrontal Cortex (OMPFC) | Operculum/Insula,0,1,24b,32,24b',2,0,1,Orbitomedial Prefrontal Cortex (OMPFC)::10m + 13a + 13b + 14c + 14r + 25 + 32,Cingulate gyrus::23b + 23c + 24b + 24b' + 24c + 24c',Orbitomedial Prefrontal Cortex (OMPFC)::10m + 13a + 13b + 14c + 14r + 25 + 32,Orbitomedial Prefrontal Cortex (OMPFC)::11l + 11m + 12m + 12o + 13l + 13m,2,0,1,low_resolution,training_n<8;nearest_centroid_corr>=0.95;fold_local_merged_confusion_group,23b | 23c | 24b | 24b' | 24c | 24c',low_resolution,10m | 13a | 13b | 14c | 14r | 25 | 32,34,9,hybrid_projected_network_logcpm_exact
top3_network_beam_local_region_candidates,20R323,12m,Orbitomedial Prefrontal Cortex (OMPFC),"Lateral Prefrontal Cortex | Orbitomedial Prefrontal Cortex (OMPFC) | Parietal, and Parieto-occipital region",0,1,44,8Bd,45,16,0,0,Orbitomedial Prefrontal Cortex (OMPFC)::11l + 11m + 12m + 13l + 13m,Lateral Prefrontal Cortex::44 + 45 + 8A + 8Bd + 8Bs,Lateral Prefrontal Cortex::10o + 12l + 12r + 46d + 46v + 8Bm + 9d + 9m,"Parietal, and Parieto-occipital region::1-2 + 5 + 7a + 7b + 7op + LIPd + LIPv + VIP",4,0,0,low_resolution,training_n<8;nearest_centroid_corr>=0.95;fold_local_merged_confusion_group,44 | 45 | 8A | 8Bd | 8Bs,low_resolution,11l | 11m | 12m | 13l | 13m,36,11,hybrid_projected_network_logcpm_exact
top3_network_beam_local_region_candidates,20R324,F4,Frontal (agranular frontal motor areas),"Parietal, and Parieto-occipital region | Occipital/Temporal | Temporal",0,0,ML,CL,TEO,111,0,0,outside_network_beam,Temporal::A1 + CL + CM + IPa + ML + TPO + Tpt,Temporal::TEO + TEad + TEm + TEpd,"Parietal, and Parieto-occipital region::1-2 + 5 + 7a + 7b + 7op + LIPd + LIPv + VIP",111,0,0,low_resolution,training_n<8;nearest_centroid_corr>=0.95;fold_local_merged_confusion_group,A1 | CL | CM | IPa | ML | TPO | Tpt,outside_network_beam,,46,17,hybrid_projected_network_logcpm_exact
top3_network_beam_local_region_candidates,20R325,G,Operculum/Insula,"Temporal | Parietal, and Parieto-occipital region | Lateral Prefrontal Cortex",0,0,AL,R,Tpt,111,0,0,outside_network_beam,Temporal::A1 + AL + CL + CM + ML + R + TPO + Tpt,"Parietal, and Parieto-occipital region::1-2 + 5 + 7a + 7b + 7op + LIPd + LIPv + VIP",Temporal::TEO + TEad + TEav + TEm + TEpd,111,0,0,low_resolution,nearest_centroid_corr>=0.95;fold_local_merged_confusion_group,A1 | AL | CL | CM | ML | R | TPO | Tpt,outside_network_beam,,50,16,hybrid_projected_network_logcpm_exact
top3_network_beam_local_region_candidates,20R326,PrCo,Operculum/Insula,"Parietal, and Parieto-occipital region | Lateral Prefrontal Cortex | Temporal",0,0,1-2,Tpt,7b,111,0,0,outside_network_beam,"Parietal, and Parieto-occipital region::1-2 + 5 + 7a + 7b + 7op + LIPd + LIPv + VIP",Temporal::A1 + AL + CL + CM + ML + R + TPO + Tpt,Lateral Prefrontal Cortex::44 + 45 + 8A + 8Bd + 8Bs,111,0,0,low_resolution,nearest_centroid_corr>=0.95;fold_local_merged_confusion_group,1-2 | 5 | 7a | 7b | 7op | LIPd | LIPv | VIP,outside_network_beam,,50,16,hybrid_projected_network_logcpm_exact
top3_network_beam_local_region_candidates,20R327,Iapl,Operculum/Insula,Operculum/Insula | Orbitomedial Prefrontal Cortex (OMPFC) | Temporal,1,1,Ig,RM,G,11,0,0,Operculum/Insula::G + Iapl + Id + Ig + Ri + SII,Operculum/Insula::G + Iapl + Id + Ig + Ri + SII,Temporal::RM + RT + RTM,PrCo,1,1,1,low_resolution,nearest_centroid_corr>=0.95;fold_local_merged_confusion_group,G | Iapl | Id | Ig | Ri | SII,low_resolution,G | Iapl | Id | Ig | Ri | SII,51,16,hybrid_projected_network_logcpm_exact
top3_network_beam_local_region_candidates,20R328,Iapm,Operculum/Insula,Operculum/Insula | Orbitomedial Prefrontal Cortex (OMPFC) | Temporal,1,1,Ia,Iapm,Pi,2,0,1,Operculum/Insula::Ia + Ial + Iapm + Pi,Operculum/Insula::Ia + Ial + Iapm + Pi,Operculum/Insula::G + Iapl + Id + Ig + Ri + SII,Temporal::RM + RT + RTM,1,1,1,low_resolution,training_n<8;nearest_centroid_corr>=0.95;fold_local_merged_confusion_group,Ia | Ial | Iapm | Pi,low_resolution,Ia | Ial | Iapm | Pi,51,18,hybrid_projected_network_logcpm_exact
top3_network_beam_local_region_candidates,20R331,8Bd,Lateral Prefrontal Cortex,Cingulate gyrus | Lateral Prefrontal Cortex | Orbitomedial Prefrontal Cortex (OMPFC),0,1,12l,8Bm,9d,11,0,0,Lateral Prefrontal Cortex::44 + 45 + 8A + 8Bd + 8Bm + 8Bs + 9d + 9m,Lateral Prefrontal Cortex::10o + 12l + 12r + 46d + 46v,Lateral Prefrontal Cortex::44 + 45 + 8A + 8Bd + 8Bm + 8Bs + 9d + 9m,Orbitomedial Prefrontal Cortex (OMPFC)::11l + 12m + 12o + 13b + 13l + 13m,2,0,1,low_resolution,training_n<8;nearest_centroid_corr>=0.95;fold_local_merged_confusion_group,10o | 12l | 12r | 46d | 46v,low_resolution,44 | 45 | 8A | 8Bd | 8Bm | 8Bs | 9d | 9m,36,13,hybrid_projected_network_logcpm_exact
top3_network_beam_local_region_candidates,20R332,F6,Frontal (agranular frontal motor areas),Lateral Prefrontal Cortex | Cingulate gyrus | Frontal (agranular frontal motor areas),0,1,8Bd,8Bm,F6,3,0,1,F6,Lateral Prefrontal Cortex::44 + 45 + 8A + 8Bd + 8Bm + 8Bs + 9d + 9m,F6,F5,2,0,1,low_resolution,nearest_centroid_corr>=0.95;fold_local_merged_confusion_group,44 | 45 | 8A | 8Bd | 8Bm | 8Bs | 9d | 9m,low_resolution,F6,30,13,hybrid_projected_network_logcpm_exact
top3_network_beam_local_region_candidates,20R335,13l,Orbitomedial Prefrontal Cortex (OMPFC),Orbitomedial Prefrontal Cortex (OMPFC) | Lateral Prefrontal Cortex | Operculum/Insula,1,1,12m,12r,12l,14,0,0,Orbitomedial Prefrontal Cortex (OMPFC)::11l + 11m + 12m + 12o + 13l + 13m,Orbitomedial Prefrontal Cortex (OMPFC)::11l + 11m + 12m + 12o + 13l + 13m,Lateral Prefrontal Cortex::10o + 12l + 12r + 46d + 46v,9d,1,1,1,low_resolution,training_n<8;nearest_centroid_corr>=0.95;fold_local_merged_confusion_group,11l | 11m | 12m | 12o | 13l | 13m,low_resolution,11l | 11m | 12m | 12o | 13l | 13m,37,9,hybrid_projected_network_logcpm_exact
top3_network_beam_local_region_candidates,20R336,GPeGPi,Subcortical,Subcortical | Hippocampal formation | Operculum/Insula,1,1,NARegion,cd,pu,5,0,0,GPeGPi,NARegion,Subcortical::cd + pu,cla,4,0,0,low_resolution,training_n<8;nearest_centroid_corr>=0.95,NARegion,high_resolution,GPeGPi,21,13,hybrid_projected_network_logcpm_exact
top3_network_beam_local_region_candidates,20R337,24c',Cingulate gyrus,Cingulate gyrus | Orbitomedial Prefrontal Cortex (OMPFC) | Lateral Prefrontal Cortex,1,1,23b,8Bm,23c,6,0,0,Cingulate gyrus::23b + 23c + 24a' + 24b' + 24c',Cingulate gyrus::23b + 23c + 24a' + 24b' + 24c',Lateral Prefrontal Cortex::44 + 45 + 8A + 8Bd + 8Bm + 8Bs + 9d + 9m,Orbitomedial Prefrontal Cortex (OMPFC)::11l + 12m + 12o + 13l + 13m,1,1,1,low_resolution,training_n<8;nearest_centroid_corr>=0.95;fold_local_merged_confusion_group,23b | 23c | 24a' | 24b' | 24c',low_resolution,23b | 23c | 24a' | 24b' | 24c',36,14,hybrid_projected_network_logcpm_exact
top3_network_beam_local_region_candidates,20R338,RTM,Temporal,Operculum/Insula | Orbitomedial Prefrontal Cortex (OMPFC) | Temporal,0,1,RTM,Pi,Ia,1,1,1,Temporal::RM + RT + RTM,Temporal::RM + RT + RTM,Operculum/Insula::Ia + Ial + Iapm + Pi,Operculum/Insula::G + Iapl + Id + Ig + Ri + SII,1,1,1,low_resolution,training_n<8;nearest_centroid_corr>=0.95;fold_local_merged_confusion_group,RM | RT | RTM,low_resolution,RM | RT | RTM,51,18,hybrid_projected_network_logcpm_exact
top3_network_beam_local_region_candidates,20R340,RTL,Temporal,Temporal | Operculum/Insula | Orbitomedial Prefrontal Cortex (OMPFC),1,1,AL,SII,TAa,25,0,0,Temporal::RTL + STG,AL,Operculum/Insula::G + Iapl + Id + Ig + Ri + SII,TAa,5,0,0,low_resolution,nearest_centroid_corr>=0.95,AL,low_resolution,RTL | STG,51,17,hybrid_projected_network_logcpm_exact
top3_network_beam_local_region_candidates,20R341,Pi,Operculum/Insula,Operculum/Insula | Orbitomedial Prefrontal Cortex (OMPFC) | Temporal,1,1,Ia,RTM,Iapm,10,0,0,Operculum/Insula::Ia + Ial + Iapm + Pi,Operculum/Insula::Ia + Ial + Iapm + Pi,Temporal::RM + RT + RTM,Operculum/Insula::G + Iapl + Id + Ig + Ri + SII,1,1,1,low_resolution,training_n<8;nearest_centroid_corr>=0.95;fold_local_merged_confusion_group,Ia | Ial | Iapm | Pi,low_resolution,Ia | Ial | Iapm | Pi,51,17,hybrid_projected_network_logcpm_exact
top3_network_beam_local_region_candidates,20R342,Ia,Operculum/Insula,Operculum/Insula | Orbitomedial Prefrontal Cortex (OMPFC) | Temporal,1,1,Pi,RTM,Ia,3,0,1,Operculum/Insula::Ia + Ial + Iapm + Pi,Operculum/Insula::Ia + Ial + Iapm + Pi,Temporal::RM + RT + RTM,Operculum/Insula::G + Iapl + Id + Ig + Ri + SII,1,1,1,low_resolution,training_n<8;nearest_centroid_corr>=0.95;fold_local_merged_confusion_group,Ia | Ial | Iapm | Pi,low_resolution,Ia | Ial | Iapm | Pi,51,18,hybrid_projected_network_logcpm_exact
top3_network_beam_local_region_candidates,20R343,13m,Orbitomedial Prefrontal Cortex (OMPFC),Orbitomedial Prefrontal Cortex (OMPFC) | Lateral Prefrontal Cortex | Operculum/Insula,1,1,12m,PrCo,11l,11,0,0,Orbitomedial Prefrontal Cortex (OMPFC)::11l + 11m + 12m + 12o + 13l + 13m,Orbitomedial Prefrontal Cortex (OMPFC)::11l + 11m + 12m + 12o + 13l + 13m,PrCo,Lateral Prefrontal Cortex::10o + 12l + 12r + 46d + 46v,1,1,1,low_resolution,training_n<8;nearest_centroid_corr>=0.95;fold_local_merged_confusion_group,11l | 11m | 12m | 12o | 13l | 13m,low_resolution,11l | 11m | 12m | 12o | 13l | 13m,37,10,hybrid_projected_network_logcpm_exact
top3_network_beam_local_region_candidates,20R344,13l,Orbitomedial Prefrontal Cortex (OMPFC),Orbitomedial Prefrontal Cortex (OMPFC) | Cingulate gyrus | Lateral Prefrontal Cortex,1,1,13m,13l,11l,2,0,1,Orbitomedial Prefrontal Cortex (OMPFC)::11l + 12m + 12o + 13l + 13m,Orbitomedial Prefrontal Cortex (OMPFC)::11l + 12m + 12o + 13l + 13m,11m,Lateral Prefrontal Cortex::10o + 12l + 12r + 46d + 46v,1,1,1,low_resolution,training_n<8;nearest_centroid_corr>=0.95;fold_local_merged_confusion_group,11l | 12m | 12o | 13l | 13m,low_resolution,11l | 12m | 12o | 13l | 13m,36,15,hybrid_projected_network_logcpm_exact
top3_network_beam_local_region_candidates,20R345,14c,Orbitomedial Prefrontal Cortex (OMPFC),Orbitomedial Prefrontal Cortex (OMPFC) | Operculum/Insula | Cingulate gyrus,1,1,13a,13b,14c,3,0,1,Orbitomedial Prefrontal Cortex (OMPFC)::10m + 13a + 13b + 14c + 14r + 25 + 32,Orbitomedial Prefrontal Cortex (OMPFC)::10m + 13a + 13b + 14c + 14r + 25 + 32,Orbitomedial Prefrontal Cortex (OMPFC)::11l + 11m + 12m + 12o + 13l + 13m,Cingulate gyrus::23b + 23c + 24b + 24b' + 24c + 24c',1,1,1,low_resolution,training_n<8;nearest_centroid_corr>=0.95;fold_local_merged_confusion_group,10m | 13a | 13b | 14c | 14r | 25 | 32,low_resolution,10m | 13a | 13b | 14c | 14r | 25 | 32,34,9,hybrid_projected_network_logcpm_exact
top3_network_beam_local_region_candidates,20R346,GPeGPi,Subcortical,Subcortical | Hippocampal formation | Operculum/Insula,1,1,GPeGPi,thalamus,amy,1,1,1,GPeGPi,GPeGPi,thalamus,amy,1,1,1,high_resolution,,GPeGPi,high_resolution,GPeGPi,21,13,hybrid_projected_network_logcpm_exact
top3_network_beam_local_region_candidates,20R347,GPeGPi,Subcortical,Subcortical | Hippocampal formation | Operculum/Insula,1,1,GPeGPi,amy,HC,1,1,1,GPeGPi,GPeGPi,amy,HC,1,1,1,high_resolution,,GPeGPi,high_resolution,GPeGPi,21,12,hybrid_projected_network_logcpm_exact
top3_network_beam_local_region_candidates,20R504,13l,Orbitomedial Prefrontal Cortex (OMPFC),Operculum/Insula | Orbitomedial Prefrontal Cortex (OMPFC) | Cingulate gyrus,0,1,12o,13m,13l,3,0,1,Orbitomedial Prefrontal Cortex (OMPFC)::11l + 11m + 12m + 12o + 13l + 13m,Orbitomedial Prefrontal Cortex (OMPFC)::11l + 11m + 12m + 12o + 13l + 13m,Orbitomedial Prefrontal Cortex (OMPFC)::10m + 13a + 13b + 14c + 14r + 25 + 32,Operculum/Insula::G + Iapl + Id + Ig + PrCo + Ri + SII,1,1,1,low_resolution,training_n<8;nearest_centroid_corr>=0.95;fold_local_merged_confusion_group,11l | 11m | 12m | 12o | 13l | 13m,low_resolution,11l | 11m | 12m | 12o | 13l | 13m,34,9,hybrid_projected_network_logcpm_exact
top3_network_beam_local_region_candidates,20R505,13m,Orbitomedial Prefrontal Cortex (OMPFC),Orbitomedial Prefrontal Cortex (OMPFC) | Cingulate gyrus | Operculum/Insula,1,1,12o,13l,11l,4,0,0,Orbitomedial Prefrontal Cortex (OMPFC)::11l + 11m + 12m + 12o + 13l + 13m,Orbitomedial Prefrontal Cortex (OMPFC)::11l + 11m + 12m + 12o + 13l + 13m,Orbitomedial Prefrontal Cortex (OMPFC)::10m + 13a + 13b + 14c + 14r + 25 + 32,Operculum/Insula::G + Iapl + Id + Ig + PrCo + Ri + SII,1,1,1,low_resolution,training_n<8;nearest_centroid_corr>=0.95;fold_local_merged_confusion_group,11l | 11m | 12m | 12o | 13l | 13m,low_resolution,11l | 11m | 12m | 12o | 13l | 13m,34,9,hybrid_projected_network_logcpm_exact
top3_network_beam_local_region_candidates,20R360,Ri,Operculum/Insula,"Parietal, and Parieto-occipital region | Lateral Prefrontal Cortex | Temporal",0,0,3a/b,CL,CM,111,0,0,outside_network_beam,3a/b,Temporal::A1 + AL + CL + CM + ML + R + TPO + Tpt,"Parietal, and Parieto-occipital region::1-2 + 5 + 7a + 7b + 7op + LIPd + LIPv + VIP",111,0,0,low_resolution,nearest_centroid_corr>=0.95,3a/b,outside_network_beam,,50,16,hybrid_projected_network_logcpm_exact
top3_network_beam_local_region_candidates,20R361,PGa,Temporal,"Parietal, and Parieto-occipital region | Temporal | Occipital/Temporal",0,1,LIPd,CM,CL,26,0,0,Temporal::PGa + TAa + TEO + TEa + TEm + TEpd,"Parietal, and Parieto-occipital region::3a/b + 5 + LIPd + LIPv + VIP",Temporal::A1 + CL + CM + IPa + ML + TPO + Tpt,7m,5,0,0,low_resolution,nearest_centroid_corr>=0.95;fold_local_merged_confusion_group,3a/b | 5 | LIPd | LIPv | VIP,low_resolution,PGa | TAa | TEO | TEa | TEm | TEpd,46,18,hybrid_projected_network_logcpm_exact
top3_network_beam_local_region_candidates,20R362,IPa,Temporal,"Parietal, and Parieto-occipital region | Temporal | Occipital/Temporal",0,1,ML,7m,7op,12,0,0,IPa,Temporal::A1 + CL + CM + ML + TPO + Tpt,7m,"Parietal, and Parieto-occipital region::1-2 + 5 + 7a + 7b + 7op + LIPd + LIPv + VIP",6,0,0,low_resolution,training_n<8;nearest_centroid_corr>=0.95;fold_local_merged_confusion_group,A1 | CL | CM | ML | TPO | Tpt,low_resolution,IPa,46,20,hybrid_projected_network_logcpm_exact
top3_network_beam_local_region_candidates,20R363,Ri,Operculum/Insula,"Parietal, and Parieto-occipital region | Temporal | Lateral Prefrontal Cortex",0,0,ML,CM,7op,111,0,0,outside_network_beam,Temporal::A1 + AL + CL + CM + ML + R + TPO + Tpt,"Parietal, and Parieto-occipital region::1-2 + 5 + 7a + 7b + 7op + LIPd + LIPv + VIP",IPa,111,0,0,low_resolution,training_n<8;nearest_centroid_corr>=0.95;fold_local_merged_confusion_group,A1 | AL | CL | CM | ML | R | TPO | Tpt,outside_network_beam,,50,16,hybrid_projected_network_logcpm_exact
top3_network_beam_local_region_candidates,20R364,PGa,Temporal,"Temporal | Operculum/Insula | Parietal, and Parieto-occipital region",1,1,AL,R,SII,10,0,0,Temporal::PGa + TEO + TEa + TEm + TEpd + TEpv,Temporal::AL + R + RM + RT + RTL + RTM + TAa,Operculum/Insula::G + Iapl + Id + Ig + PrCo + Ri + SII,Temporal::PGa + TEO + TEa + TEm + TEpd + TEpv,3,0,1,low_resolution,nearest_centroid_corr>=0.95;fold_local_merged_confusion_group,AL | R | RM | RT | RTL | RTM | TAa,low_resolution,PGa | TEO | TEa | TEm | TEpd | TEpv,48,14,hybrid_projected_network_logcpm_exact
top3_network_beam_local_region_candidates,20R365,IPa,Temporal,"Temporal | Parietal, and Parieto-occipital region | Operculum/Insula",1,1,SII,7op,TPO,5,0,0,Temporal::IPa + PGa + TEa,Operculum/Insula::G + Iapl + Id + Ig + PrCo + Ri + SII,"Parietal, and Parieto-occipital region::7a + 7b + 7op",Temporal::A1 + CL + CM + ML + TPO + Tpt,4,0,0,low_resolution,nearest_centroid_corr>=0.95;fold_local_merged_confusion_group,G | Iapl | Id | Ig | PrCo | Ri | SII,low_resolution,IPa | PGa | TEa,48,13,hybrid_projected_network_logcpm_exact
top3_network_beam_local_region_candidates,20R366,GPeGPi,Subcortical,Subcortical | Hippocampal formation | Operculum/Insula,1,1,NARegion,cla,GPeGPi,3,0,1,GPeGPi,NARegion,cla,GPeGPi,3,0,1,low_resolution,training_n<8;nearest_centroid_corr>=0.95,NARegion,high_resolution,GPeGPi,21,12,hybrid_projected_network_logcpm_exact
top3_network_beam_local_region_candidates,20R367,23c,Cingulate gyrus,"Cingulate gyrus | Lateral Prefrontal Cortex | Parietal, and Parieto-occipital region",1,1,23b,24c',9m,6,0,0,Cingulate gyrus::23b + 23c + 24b' + 24c',Cingulate gyrus::23b + 23c + 24b' + 24c',Lateral Prefrontal Cortex::10o + 12l + 12r + 46d + 46v + 9m,Cingulate gyrus::24b + 24c,1,1,1,low_resolution,training_n<8;nearest_centroid_corr>=0.95;fold_local_merged_confusion_group,23b | 23c | 24b' | 24c',low_resolution,23b | 23c | 24b' | 24c',33,11,hybrid_projected_network_logcpm_exact
top3_network_beam_local_region_candidates,20R368,PGa,Temporal,"Temporal | Parietal, and Parieto-occipital region | Operculum/Insula",1,1,TAa,AL,Ig,6,0,0,Temporal::PGa + TEa,Temporal::AL + R + RM + RT + RTL + RTM + TAa,Operculum/Insula::G + Iapl + Id + Ig + PrCo + Ri + SII,Temporal::TEO + TEad + TEav + TEm + TEpd + TEpv + TG,4,0,0,low_resolution,training_n<8;nearest_centroid_corr>=0.95;fold_local_merged_confusion_group,AL | R | RM | RT | RTL | RTM | TAa,low_resolution,PGa | TEa,48,15,hybrid_projected_network_logcpm_exact
top3_network_beam_local_region_candidates,20R369,IPa,Temporal,"Temporal | Parietal, and Parieto-occipital region | Lateral Prefrontal Cortex",1,1,TEm,PGa,TPO,5,0,0,IPa,Temporal::TEO + TEad + TEav + TEm + TEpd,Temporal::PGa + RTL + STG + TAa + TEa,Temporal::A1 + AL + CL + CM + ML + R + TPO + Tpt,4,0,0,low_resolution,nearest_centroid_corr>=0.95;fold_local_merged_confusion_group,TEO | TEad | TEav | TEm | TEpd,low_resolution,IPa,50,16,hybrid_projected_network_logcpm_exact
top3_network_beam_local_region_candidates,20R370,23c,Cingulate gyrus,Cingulate gyrus | Lateral Prefrontal Cortex | Orbitomedial Prefrontal Cortex (OMPFC),1,1,23b,23c,24c',2,0,1,Cingulate gyrus::23b + 23c + 24b',Cingulate gyrus::23b + 23c + 24b',24c',24a',1,1,1,low_resolution,training_n<8;nearest_centroid_corr>=0.95;fold_local_merged_confusion_group,23b | 23c | 24b',low_resolution,23b | 23c | 24b',36,16,hybrid_projected_network_logcpm_exact
top3_network_beam_local_region_candidates,20R371,TF,Temporal,Temporal | Operculum/Insula | Orbitomedial Prefrontal Cortex (OMPFC),1,1,TFO,TG,TEpv,39,0,0,TF,TFO,TG,Temporal::IPa + PGa + TEO + TEad + TEav + TEm + TEpd + TEpv,15,0,0,low_resolution,nearest_centroid_corr>=0.95,TFO,low_resolution,TF,51,17,hybrid_projected_network_logcpm_exact
top3_network_beam_local_region_candidates,20R372,IPa,Temporal,"Temporal | Parietal, and Parieto-occipital region | Lateral Prefrontal Cortex",1,1,PGa,TAa,IPa,3,0,1,IPa,Temporal::PGa + RTL + STG + TAa + TEa,IPa,Temporal::A1 + AL + CL + CM + ML + R + TPO + Tpt,2,0,1,low_resolution,nearest_centroid_corr>=0.95;fold_local_merged_confusion_group,PGa | RTL | STG | TAa | TEa,low_resolution,IPa,50,16,hybrid_projected_network_logcpm_exact
top3_network_beam_local_region_candidates,20R373,PGa,Temporal,"Temporal | Parietal, and Parieto-occipital region | Lateral Prefrontal Cortex",1,1,TEm,TAa,AL,6,0,0,Temporal::PGa + RTL + STG + TAa + TEa,Temporal::TEO + TEad + TEav + TEm + TEpd,Temporal::PGa + RTL + STG + TAa + TEa,Temporal::A1 + AL + CL + CM + ML + R + TPO + Tpt,2,0,1,low_resolution,nearest_centroid_corr>=0.95;fold_local_merged_confusion_group,TEO | TEad | TEav | TEm | TEpd,low_resolution,PGa | RTL | STG | TAa | TEa,50,16,hybrid_projected_network_logcpm_exact
top3_network_beam_local_region_candidates,20R374,23b,Cingulate gyrus,Cingulate gyrus | Lateral Prefrontal Cortex | Orbitomedial Prefrontal Cortex (OMPFC),1,1,24b',24c',24c,7,0,0,Cingulate gyrus::23b + 23c + 24a' + 24b',Cingulate gyrus::23b + 23c + 24a' + 24b',24c',Cingulate gyrus::24b + 24c,1,1,1,low_resolution,training_n<8;nearest_centroid_corr>=0.95;fold_local_merged_confusion_group,23b | 23c | 24a' | 24b',low_resolution,23b | 23c | 24a' | 24b',36,15,hybrid_projected_network_logcpm_exact
top3_network_beam_local_region_candidates,20R375,11m,Orbitomedial Prefrontal Cortex (OMPFC),Lateral Prefrontal Cortex | Orbitomedial Prefrontal Cortex (OMPFC) | Cingulate gyrus,0,1,12l,13l,12m,21,0,0,11m,Lateral Prefrontal Cortex::10o + 12l + 12r + 46d + 46v,Orbitomedial Prefrontal Cortex (OMPFC)::11l + 12m + 12o + 13l + 13m,Lateral Prefrontal Cortex::44 + 45 + 8A + 8Bd + 8Bm + 8Bs + 9d + 9m,7,0,0,low_resolution,training_n<8;nearest_centroid_corr>=0.95;fold_local_merged_confusion_group,10o | 12l | 12r | 46d | 46v,low_resolution,11m,36,14,hybrid_projected_network_logcpm_exact
top3_network_beam_local_region_candidates,20R376,25,Orbitomedial Prefrontal Cortex (OMPFC),Orbitomedial Prefrontal Cortex (OMPFC) | Operculum/Insula | Cingulate gyrus,1,1,25,Ial,32,1,1,1,Orbitomedial Prefrontal Cortex (OMPFC)::10m + 13a + 13b + 14c + 14r + 25 + 32,Orbitomedial Prefrontal Cortex (OMPFC)::10m + 13a + 13b + 14c + 14r + 25 + 32,Operculum/Insula::Ia + Ial + Iapm + Pi,Cingulate gyrus::23b + 23c + 24b + 24c + 24c',1,1,1,low_resolution,training_n<8;nearest_centroid_corr>=0.95;fold_local_merged_confusion_group,10m | 13a | 13b | 14c | 14r | 25 | 32,low_resolution,10m | 13a | 13b | 14c | 14r | 25 | 32,34,10,hybrid_projected_network_logcpm_exact
top3_network_beam_local_region_candidates,20R377,13l,Orbitomedial Prefrontal Cortex (OMPFC),Orbitomedial Prefrontal Cortex (OMPFC) | Lateral Prefrontal Cortex | Operculum/Insula,1,1,13m,13l,10m,2,0,1,Orbitomedial Prefrontal Cortex (OMPFC)::11l + 11m + 12m + 12o + 13l + 13m,Orbitomedial Prefrontal Cortex (OMPFC)::11l + 11m + 12m + 12o + 13l + 13m,10m,Lateral Prefrontal Cortex::10o + 12l + 12r + 46d + 46v,1,1,1,low_resolution,training_n<8;nearest_centroid_corr>=0.95;fold_local_merged_confusion_group,11l | 11m | 12m | 12o | 13l | 13m,low_resolution,11l | 11m | 12m | 12o | 13l | 13m,37,9,hybrid_projected_network_logcpm_exact
top3_network_beam_local_region_candidates,20R378,25,Orbitomedial Prefrontal Cortex (OMPFC),Hippocampal formation | Operculum/Insula | Orbitomedial Prefrontal Cortex (OMPFC),0,1,25,13a,Ia,1,1,1,Orbitomedial Prefrontal Cortex (OMPFC)::10m + 13a + 13b + 14c + 25 + 32,Orbitomedial Prefrontal Cortex (OMPFC)::10m + 13a + 13b + 14c + 25 + 32,Operculum/Insula::Ia + Ial + Iapm + Pi,Operculum/Insula::G + Iapl + Id + Ig + PrCo + Ri + SII,1,1,1,low_resolution,training_n<8;nearest_centroid_corr>=0.95;fold_local_merged_confusion_group,10m | 13a | 13b | 14c | 25 | 32,low_resolution,10m | 13a | 13b | 14c | 25 | 32,25,6,hybrid_projected_network_logcpm_exact
top3_network_beam_local_region_candidates,20R379,13a,Orbitomedial Prefrontal Cortex (OMPFC),Orbitomedial Prefrontal Cortex (OMPFC) | Operculum/Insula | Cingulate gyrus,1,1,14c,14r,32,5,0,0,Orbitomedial Prefrontal Cortex (OMPFC)::10m + 13a + 13b + 25 + 32,Orbitomedial Prefrontal Cortex (OMPFC)::14c + 14r,Orbitomedial Prefrontal Cortex (OMPFC)::10m + 13a + 13b + 25 + 32,Orbitomedial Prefrontal Cortex (OMPFC)::11l + 11m + 12m + 12o + 13l + 13m,2,0,1,low_resolution,nearest_centroid_corr>=0.95;fold_local_merged_confusion_group,14c | 14r,low_resolution,10m | 13a | 13b | 25 | 32,34,12,hybrid_projected_network_logcpm_exact
top3_network_beam_local_region_candidates,20R380,MST,Occipital/Temporal,"Parietal, and Parieto-occipital region | Occipital/Temporal | Temporal",0,1,CL,5,7m,19,0,0,MST,Temporal::A1 + CL + CM + IPa + ML + TPO + Tpt,"Parietal, and Parieto-occipital region::1-2 + 5 + 7a + 7b + 7op + LIPd + LIPv + VIP",7m,9,0,0,low_resolution,training_n<8;nearest_centroid_corr>=0.95;fold_local_merged_confusion_group,A1 | CL | CM | IPa | ML | TPO | Tpt,low_resolution,MST,46,20,hybrid_projected_network_logcpm_exact
top3_network_beam_local_region_candidates,20R381,FST,Occipital/Temporal,"Parietal, and Parieto-occipital region | Occipital/Temporal | Lateral Prefrontal Cortex",0,1,MST,V3d,LIPv,4,0,0,Occipital/Temporal::FST + MST,Occipital/Temporal::FST + MST,Occipital/Temporal::V1 + V2 + V3d + V3v + V4 + V4v,"Parietal, and Parieto-occipital region::1-2 + 5 + 7a + 7b + 7op + LIPd + LIPv + VIP",1,1,1,low_resolution,nearest_centroid_corr>=0.95;fold_local_merged_confusion_group,FST | MST,low_resolution,FST | MST,32,8,hybrid_projected_network_logcpm_exact
top3_network_beam_local_region_candidates,20R382,Ri,Operculum/Insula,"Parietal, and Parieto-occipital region | Temporal | Lateral Prefrontal Cortex",0,0,IPa,ML,R,111,0,0,outside_network_beam,IPa,Temporal::A1 + AL + CL + CM + ML + R + TPO + Tpt,"Parietal, and Parieto-occipital region::1-2 + 5 + 7a + 7b + 7op + LIPd + LIPv + VIP",111,0,0,low_resolution,training_n<8;nearest_centroid_corr>=0.95,IPa,outside_network_beam,,50,16,hybrid_projected_network_logcpm_exact
top3_network_beam_local_region_candidates,20R383,TF,Temporal,Operculum/Insula | Orbitomedial Prefrontal Cortex (OMPFC) | Temporal,0,1,36c,TFO,TG,4,0,0,TF,36c,TFO,TG,4,0,0,low_resolution,training_n<8;nearest_centroid_corr>=0.95,36c,low_resolution,TF,51,16,hybrid_projected_network_logcpm_exact
top3_network_beam_local_region_candidates,20R384,23c,Cingulate gyrus,Cingulate gyrus | Lateral Prefrontal Cortex | Orbitomedial Prefrontal Cortex (OMPFC),1,1,23b,11l,23c,3,0,1,Cingulate gyrus::23b + 23c + 24b' + 24c',Cingulate gyrus::23b + 23c + 24b' + 24c',Orbitomedial Prefrontal Cortex (OMPFC)::11l + 12m + 12o + 13l + 13m,Lateral Prefrontal Cortex::44 + 45 + 8A + 8Bd + 8Bm + 8Bs + 9d + 9m,1,1,1,low_resolution,training_n<8;nearest_centroid_corr>=0.95;fold_local_merged_confusion_group,23b | 23c | 24b' | 24c',low_resolution,23b | 23c | 24b' | 24c',36,15,hybrid_projected_network_logcpm_exact
top3_network_beam_local_region_candidates,20R385,23b,Cingulate gyrus,Cingulate gyrus | Lateral Prefrontal Cortex | Orbitomedial Prefrontal Cortex (OMPFC),1,1,23c,23b,10m,2,0,1,Cingulate gyrus::23b + 23c + 24a' + 24b' + 24c',Cingulate gyrus::23b + 23c + 24a' + 24b' + 24c',10m,Orbitomedial Prefrontal Cortex (OMPFC)::11l + 12m + 12o + 13l + 13m,1,1,1,low_resolution,training_n<8;nearest_centroid_corr>=0.95;fold_local_merged_confusion_group,23b | 23c | 24a' | 24b' | 24c',low_resolution,23b | 23c | 24a' | 24b' | 24c',36,14,hybrid_projected_network_logcpm_exact
top3_network_beam_local_region_candidates,20R386,PGa,Temporal,"Parietal, and Parieto-occipital region | Temporal | Lateral Prefrontal Cortex",0,1,TPO,Tpt,TEm,13,0,0,Temporal::PGa + RTL + STG + TAa + TEa,Temporal::A1 + AL + CL + CM + ML + R + TPO + Tpt,Temporal::TEO + TEad + TEav + TEm + TEpd,IPa,5,0,0,low_resolution,nearest_centroid_corr>=0.95;fold_local_merged_confusion_group,A1 | AL | CL | CM | ML | R | TPO | Tpt,low_resolution,PGa | RTL | STG | TAa | TEa,50,16,hybrid_projected_network_logcpm_exact
top3_network_beam_local_region_candidates,20R387,23b,Cingulate gyrus,Cingulate gyrus | Lateral Prefrontal Cortex | Orbitomedial Prefrontal Cortex (OMPFC),1,1,23c,24a',23b,3,0,1,Cingulate gyrus::23b + 23c + 24a' + 24b' + 24c',Cingulate gyrus::23b + 23c + 24a' + 24b' + 24c',24a,Lateral Prefrontal Cortex::44 + 45 + 8A + 8Bd + 8Bm + 8Bs + 9d + 9m,1,1,1,low_resolution,training_n<8;nearest_centroid_corr>=0.95;fold_local_merged_confusion_group,23b | 23c | 24a' | 24b' | 24c',low_resolution,23b | 23c | 24a' | 24b' | 24c',36,14,hybrid_projected_network_logcpm_exact
top3_network_beam_local_region_candidates,20R388,23c,Cingulate gyrus,Frontal (agranular frontal motor areas) | Lateral Prefrontal Cortex | Cingulate gyrus,0,1,F3,44,8Bs,16,0,0,Cingulate gyrus::23b + 23c + 24b',Frontal (agranular frontal motor areas)::F1 + F2 + F3,Lateral Prefrontal Cortex::44 + 45 + 8A + 8Bd + 8Bm + 8Bs + 9d + 9m,F7,8,0,0,low_resolution,nearest_centroid_corr>=0.95;fold_local_merged_confusion_group,F1 | F2 | F3,low_resolution,23b | 23c | 24b',30,14,hybrid_projected_network_logcpm_exact
top3_network_beam_local_region_candidates,20R506,Pi,Operculum/Insula,Operculum/Insula | Orbitomedial Prefrontal Cortex (OMPFC) | Temporal,1,1,Ia,Ial,Pi,3,0,1,Operculum/Insula::Ia + Ial + Iapm + Pi,Operculum/Insula::Ia + Ial + Iapm + Pi,Temporal::RM + RT + RTM,Operculum/Insula::G + Iapl + Id + Ig + Ri + SII,1,1,1,low_resolution,training_n<8;nearest_centroid_corr>=0.95;fold_local_merged_confusion_group,Ia | Ial | Iapm | Pi,low_resolution,Ia | Ial | Iapm | Pi,51,17,hybrid_projected_network_logcpm_exact
top3_network_beam_local_region_candidates,20R507,Ia,Operculum/Insula,Operculum/Insula | Orbitomedial Prefrontal Cortex (OMPFC) | Cingulate gyrus,1,1,Iapm,Ia,Pi,2,0,1,Operculum/Insula::Ia + Ial + Iapm + Pi,Operculum/Insula::Ia + Ial + Iapm + Pi,Operculum/Insula::G + Iapl + Id + Ig + PrCo + Ri + SII,Orbitomedial Prefrontal Cortex (OMPFC)::10m + 13a + 13b + 14c + 14r + 25 + 32,1,1,1,low_resolution,training_n<8;nearest_centroid_corr>=0.95;fold_local_merged_confusion_group,Ia | Ial | Iapm | Pi,low_resolution,Ia | Ial | Iapm | Pi,34,9,hybrid_projected_network_logcpm_exact
top3_network_beam_local_region_candidates,20R508,Ia,Operculum/Insula,Operculum/Insula | Orbitomedial Prefrontal Cortex (OMPFC) | Temporal,1,1,Ia,Pi,Iapm,1,1,1,Operculum/Insula::Ia + Ial + Iapm + Pi,Operculum/Insula::Ia + Ial + Iapm + Pi,Temporal::RM + RT + RTM,Operculum/Insula::G + Iapl + Id + Ig + Ri + SII,1,1,1,low_resolution,training_n<8;nearest_centroid_corr>=0.95;fold_local_merged_confusion_group,Ia | Ial | Iapm | Pi,low_resolution,Ia | Ial | Iapm | Pi,51,17,hybrid_projected_network_logcpm_exact
top3_network_beam_local_region_candidates,20R509,NARegion,Subcortical,Subcortical | Hippocampal formation | Operculum/Insula,1,1,cd,pu,NARegion,3,0,1,NARegion,Subcortical::cd + pu,NARegion,cla,2,0,1,low_resolution,nearest_centroid_corr>=0.95;fold_local_merged_confusion_group,cd | pu,low_resolution,NARegion,21,13,hybrid_projected_network_logcpm_exact
top3_network_beam_local_region_candidates,20R510,RM,Temporal,Operculum/Insula | Temporal | Orbitomedial Prefrontal Cortex (OMPFC),0,1,Ig,RM,G,2,0,1,Temporal::RM + RT + RTM,Operculum/Insula::G + Iapl + Id + Ig + Ri + SII,Temporal::RM + RT + RTM,PrCo,2,0,1,low_resolution,nearest_centroid_corr>=0.95;fold_local_merged_confusion_group,G | Iapl | Id | Ig | Ri | SII,low_resolution,RM | RT | RTM,51,17,hybrid_projected_network_logcpm_exact
top3_network_beam_local_region_candidates,20R511,Ia,Operculum/Insula,Operculum/Insula | Orbitomedial Prefrontal Cortex (OMPFC) | Temporal,1,1,Iapl,Id,RTM,5,0,0,Operculum/Insula::Ia + Ial + Iapm + Pi,Operculum/Insula::G + Iapl + Id + Ig + Ri + SII,Temporal::RM + RT + RTM,Operculum/Insula::Ia + Ial + Iapm + Pi,3,0,1,low_resolution,nearest_centroid_corr>=0.95;fold_local_merged_confusion_group,G | Iapl | Id | Ig | Ri | SII,low_resolution,Ia | Ial | Iapm | Pi,51,17,hybrid_projected_network_logcpm_exact
top3_network_beam_local_region_candidates,20R512,amy,Subcortical,Hippocampal formation | Operculum/Insula | Orbitomedial Prefrontal Cortex (OMPFC),0,0,HC,Ia,25,111,0,0,outside_network_beam,HC,Operculum/Insula::Ia + Ial + Iapm + Pi,Orbitomedial Prefrontal Cortex (OMPFC)::13a + 14c + 25 + 32,111,0,0,high_resolution,,HC,outside_network_beam,,25,6,hybrid_projected_network_logcpm_exact
top3_network_beam_local_region_candidates,20R513,24c',Cingulate gyrus,Cingulate gyrus | Lateral Prefrontal Cortex | Frontal (agranular frontal motor areas),1,1,8Bd,F6,23a,13,0,0,24c',Lateral Prefrontal Cortex::44 + 45 + 8A + 8Bd + 8Bm + 8Bs + 9d + 9m,F6,23a,8,0,0,low_resolution,nearest_centroid_corr>=0.95;fold_local_merged_confusion_group,44 | 45 | 8A | 8Bd | 8Bm | 8Bs | 9d | 9m,low_resolution,24c',30,13,hybrid_projected_network_logcpm_exact
top3_network_beam_local_region_candidates,20R514,NARegion,Subcortical,Subcortical | Hippocampal formation | Operculum/Insula,1,1,NARegion,cla,cd,1,1,1,NARegion,NARegion,cla,Subcortical::cd + pu,1,1,1,low_resolution,training_n<8;nearest_centroid_corr>=0.95,NARegion,low_resolution,NARegion,21,12,hybrid_projected_network_logcpm_exact
top3_network_beam_local_region_candidates,20R515,NARegion,Subcortical,Subcortical | Hippocampal formation | Operculum/Insula,1,1,NARegion,cd,pu,1,1,1,NARegion,NARegion,Subcortical::cd + pu,cla,1,1,1,low_resolution,training_n<8;nearest_centroid_corr>=0.95,NARegion,low_resolution,NARegion,21,13,hybrid_projected_network_logcpm_exact
top3_network_beam_local_region_candidates,20R516,13m,Orbitomedial Prefrontal Cortex (OMPFC),Orbitomedial Prefrontal Cortex (OMPFC) | Cingulate gyrus | Lateral Prefrontal Cortex,1,1,13l,24c',23b,4,0,0,Orbitomedial Prefrontal Cortex (OMPFC)::11l + 12m + 12o + 13b + 13l + 13m,Orbitomedial Prefrontal Cortex (OMPFC)::11l + 12m + 12o + 13b + 13l + 13m,Cingulate gyrus::23b + 23c + 24a' + 24b' + 24c',23a,1,1,1,low_resolution,nearest_centroid_corr>=0.95;fold_local_merged_confusion_group,11l | 12m | 12o | 13b | 13l | 13m,low_resolution,11l | 12m | 12o | 13b | 13l | 13m,36,13,hybrid_projected_network_logcpm_exact
top3_network_beam_local_region_candidates,20R517,13a,Orbitomedial Prefrontal Cortex (OMPFC),Orbitomedial Prefrontal Cortex (OMPFC) | Operculum/Insula | Cingulate gyrus,1,1,13a,Iapl,13b,1,1,1,Orbitomedial Prefrontal Cortex (OMPFC)::10m + 13a + 13b + 14c + 14r + 25 + 32,Orbitomedial Prefrontal Cortex (OMPFC)::10m + 13a + 13b + 14c + 14r + 25 + 32,Operculum/Insula::G + Iapl + Id + Ig + PrCo + Ri + SII,Cingulate gyrus::23b + 23c + 24b + 24b' + 24c + 24c',1,1,1,low_resolution,training_n<8;nearest_centroid_corr>=0.95;fold_local_merged_confusion_group,10m | 13a | 13b | 14c | 14r | 25 | 32,low_resolution,10m | 13a | 13b | 14c | 14r | 25 | 32,34,9,hybrid_projected_network_logcpm_exact
top3_network_beam_local_region_candidates,20R518,GPeGPi,Subcortical,Subcortical | Hippocampal formation | Operculum/Insula,1,1,GPeGPi,thalamus,cla,1,1,1,GPeGPi,GPeGPi,thalamus,cla,1,1,1,high_resolution,,GPeGPi,high_resolution,GPeGPi,21,13,hybrid_projected_network_logcpm_exact
top3_network_beam_local_region_candidates,20R519,amy,Subcortical,Hippocampal formation | Operculum/Insula | Orbitomedial Prefrontal Cortex (OMPFC),0,0,HC,25,Ia,111,0,0,outside_network_beam,HC,Orbitomedial Prefrontal Cortex (OMPFC)::13a + 14c + 25 + 32,Operculum/Insula::Ia + Ial + Iapm + Pi,111,0,0,high_resolution,,HC,outside_network_beam,,25,6,hybrid_projected_network_logcpm_exact
top3_network_beam_local_region_candidates,20R520,24b',Cingulate gyrus,Cingulate gyrus | Lateral Prefrontal Cortex | Frontal (agranular frontal motor areas),1,1,23b,23a,24c',27,0,0,24b',Cingulate gyrus::23b + 23c + 24a',23a,24c',14,0,0,low_resolution,training_n<8;nearest_centroid_corr>=0.95;fold_local_merged_confusion_group,23b | 23c | 24a',low_resolution,24b',30,15,hybrid_projected_network_logcpm_exact
top3_network_beam_local_region_candidates,20R521,MST,Occipital/Temporal,"Occipital/Temporal | Parietal, and Parieto-occipital region | Temporal",1,1,FST,V3d,MST,3,0,1,Occipital/Temporal::FST + MST,Occipital/Temporal::FST + MST,Occipital/Temporal::V1 + V2 + V3d + V3v,"Parietal, and Parieto-occipital region::1-2 + 5 + 7a + 7b + 7op + LIPd + LIPv + VIP",1,1,1,low_resolution,nearest_centroid_corr>=0.95;fold_local_merged_confusion_group,FST | MST,low_resolution,FST | MST,46,18,hybrid_projected_network_logcpm_exact
top3_network_beam_local_region_candidates,20R522,FST,Occipital/Temporal,"Occipital/Temporal | Parietal, and Parieto-occipital region | Temporal",1,1,V3d,MST,FST,3,0,1,Occipital/Temporal::FST + MST + V1 + V2 + V3d + V3v,Occipital/Temporal::FST + MST + V1 + V2 + V3d + V3v,"Parietal, and Parieto-occipital region::1-2 + 5 + 7a + 7b + 7op + LIPd + LIPv + VIP",MT,1,1,1,low_resolution,training_n<8;nearest_centroid_corr>=0.95;fold_local_merged_confusion_group,FST | MST | V1 | V2 | V3d | V3v,low_resolution,FST | MST | V1 | V2 | V3d | V3v,46,17,hybrid_projected_network_logcpm_exact
top3_network_beam_local_region_candidates,20R523,V3d,Occipital/Temporal,"Occipital/Temporal | Parietal, and Parieto-occipital region | Temporal",1,1,V3d,MST,FST,1,1,1,Occipital/Temporal::FST + MST + V1 + V2 + V3d + V3v,Occipital/Temporal::FST + MST + V1 + V2 + V3d + V3v,"Parietal, and Parieto-occipital region::1-2 + 5 + 7a + 7b + 7op + LIPd + LIPv + VIP",Temporal::A1 + CL + CM + IPa + ML + TPO + Tpt,1,1,1,low_resolution,training_n<8;nearest_centroid_corr>=0.95;fold_local_merged_confusion_group,FST | MST | V1 | V2 | V3d | V3v,low_resolution,FST | MST | V1 | V2 | V3d | V3v,46,18,hybrid_projected_network_logcpm_exact
top3_network_beam_local_region_candidates,20R524,V3d,Occipital/Temporal,"Occipital/Temporal | Parietal, and Parieto-occipital region | Temporal",1,1,V3d,MST,FST,1,1,1,Occipital/Temporal::FST + MST + V1 + V2 + V3d + V3v,Occipital/Temporal::FST + MST + V1 + V2 + V3d + V3v,"Parietal, and Parieto-occipital region::1-2 + 5 + 7a + 7b + 7op + LIPd + LIPv + VIP",Temporal::A1 + CL + CM + IPa + ML + TPO + Tpt,1,1,1,low_resolution,training_n<8;nearest_centroid_corr>=0.95;fold_local_merged_confusion_group,FST | MST | V1 | V2 | V3d | V3v,low_resolution,FST | MST | V1 | V2 | V3d | V3v,46,18,hybrid_projected_network_logcpm_exact
top3_network_beam_local_region_candidates,20R525,CL,Temporal,"Parietal, and Parieto-occipital region | Temporal | Occipital/Temporal",0,1,LIPd,LIPv,ML,7,0,0,Temporal::A1 + CL + CM,"Parietal, and Parieto-occipital region::1-2 + 5 + 7a + 7b + 7op + LIPd + LIPv + VIP",Temporal::IPa + ML + TPO + Tpt,3a/b,5,0,0,low_resolution,nearest_centroid_corr>=0.95;fold_local_merged_confusion_group,1-2 | 5 | 7a | 7b | 7op | LIPd | LIPv | VIP,low_resolution,A1 | CL | CM,46,18,hybrid_projected_network_logcpm_exact
top3_network_beam_local_region_candidates,20R526,23b,Cingulate gyrus,"Parietal, and Parieto-occipital region | Lateral Prefrontal Cortex | Temporal",0,0,7op,7a,ML,111,0,0,outside_network_beam,"Parietal, and Parieto-occipital region::1-2 + 5 + 7a + 7b + 7op + LIPd + LIPv + VIP",Temporal::A1 + AL + CL + CM + ML + R + TPO + Tpt,Lateral Prefrontal Cortex::44 + 45 + 8A + 8Bd + 8Bs,111,0,0,low_resolution,nearest_centroid_corr>=0.95;fold_local_merged_confusion_group,1-2 | 5 | 7a | 7b | 7op | LIPd | LIPv | VIP,outside_network_beam,,50,16,hybrid_projected_network_logcpm_exact
top3_network_beam_local_region_candidates,20R528,V3d,Occipital/Temporal,"Occipital/Temporal | Parietal, and Parieto-occipital region | Temporal",1,1,V3d,MST,FST,1,1,1,Occipital/Temporal::V1 + V2 + V3d + V3v,Occipital/Temporal::V1 + V2 + V3d + V3v,Occipital/Temporal::FST + MST,"Parietal, and Parieto-occipital region::1-2 + 5 + 7a + 7b + 7op + LIPd + LIPv + VIP",1,1,1,low_resolution,training_n<8;nearest_centroid_corr>=0.95;fold_local_merged_confusion_group,V1 | V2 | V3d | V3v,low_resolution,V1 | V2 | V3d | V3v,46,19,hybrid_projected_network_logcpm_exact
top3_network_beam_local_region_candidates,20R529,ML,Temporal,"Parietal, and Parieto-occipital region | Occipital/Temporal | Temporal",0,1,FST,CL,A1,19,0,0,Temporal::A1 + CL + CM + IPa + ML + TPO + Tpt,Occipital/Temporal::FST + MST,Temporal::A1 + CL + CM + IPa + ML + TPO + Tpt,"Parietal, and Parieto-occipital region::1-2 + 5 + 7a + 7b + 7op + LIPd + LIPv + VIP",2,0,1,low_resolution,nearest_centroid_corr>=0.95;fold_local_merged_confusion_group,FST | MST,low_resolution,A1 | CL | CM | IPa | ML | TPO | Tpt,46,17,hybrid_projected_network_logcpm_exact
top3_network_beam_local_region_candidates,20R530,13a,Orbitomedial Prefrontal Cortex (OMPFC),Orbitomedial Prefrontal Cortex (OMPFC) | Cingulate gyrus | Lateral Prefrontal Cortex,1,1,13a,14r,13b,1,1,1,Orbitomedial Prefrontal Cortex (OMPFC)::13a + 14c + 25,Orbitomedial Prefrontal Cortex (OMPFC)::13a + 14c + 25,14r,13b,1,1,1,low_resolution,training_n<8;nearest_centroid_corr>=0.95;fold_local_merged_confusion_group,13a | 14c | 25,low_resolution,13a | 14c | 25,36,14,hybrid_projected_network_logcpm_exact
top3_network_beam_local_region_candidates,20R531,G,Operculum/Insula,"Parietal, and Parieto-occipital region | Temporal | Lateral Prefrontal Cortex",0,0,R,IPa,AL,111,0,0,outside_network_beam,Temporal::A1 + AL + CL + CM + ML + R + TPO + Tpt,IPa,Temporal::PGa + RTL + STG + TAa + TEa,111,0,0,low_resolution,nearest_centroid_corr>=0.95;fold_local_merged_confusion_group,A1 | AL | CL | CM | ML | R | TPO | Tpt,outside_network_beam,,50,16,hybrid_projected_network_logcpm_exact
top3_network_beam_local_region_candidates,20R532,Pir,Subcortical,Operculum/Insula | Orbitomedial Prefrontal Cortex (OMPFC) | Temporal,0,0,TFO,14r,13a,111,0,0,outside_network_beam,TFO,Orbitomedial Prefrontal Cortex (OMPFC)::13a + 13b + 14c + 14r + 25,Orbitomedial Prefrontal Cortex (OMPFC)::11l + 11m + 12m + 12o + 13l + 13m + 32,111,0,0,low_resolution,nearest_centroid_corr>=0.95,TFO,outside_network_beam,,51,17,hybrid_projected_network_logcpm_exact
top3_network_beam_local_region_candidates,20R533,24a,Cingulate gyrus,Cingulate gyrus | Orbitomedial Prefrontal Cortex (OMPFC) | Lateral Prefrontal Cortex,1,1,24a',24b',13a,23,0,0,24a,Cingulate gyrus::23b + 23c + 24a' + 24b' + 24c',Orbitomedial Prefrontal Cortex (OMPFC)::13a + 14c + 25,Cingulate gyrus::24b + 24c,12,0,0,low_resolution,training_n<8;nearest_centroid_corr>=0.95;fold_local_merged_confusion_group,23b | 23c | 24a' | 24b' | 24c',low_resolution,24a,36,13,hybrid_projected_network_logcpm_exact
top3_network_beam_local_region_candidates,20R534,V3d,Occipital/Temporal,"Occipital/Temporal | Parietal, and Parieto-occipital region | Temporal",1,1,V3d,MST,FST,1,1,1,V3d,V3d,Occipital/Temporal::FST + MST,Occipital/Temporal::V1 + V2 + V3v,1,1,1,low_resolution,training_n<8;nearest_centroid_corr>=0.95,V3d,low_resolution,V3d,46,20,hybrid_projected_network_logcpm_exact
top3_network_beam_local_region_candidates,20R535,13a,Orbitomedial Prefrontal Cortex (OMPFC),Cingulate gyrus | Lateral Prefrontal Cortex | Orbitomedial Prefrontal Cortex (OMPFC),0,1,13a,14r,13b,1,1,1,Orbitomedial Prefrontal Cortex (OMPFC)::13a + 14c + 25,Orbitomedial Prefrontal Cortex (OMPFC)::13a + 14c + 25,14r,13b,1,1,1,low_resolution,training_n<8;nearest_centroid_corr>=0.95;fold_local_merged_confusion_group,13a | 14c | 25,low_resolution,13a | 14c | 25,36,14,hybrid_projected_network_logcpm_exact
top3_network_beam_local_region_candidates,20R536,F2,Frontal (agranular frontal motor areas),"Frontal (agranular frontal motor areas) | Lateral Prefrontal Cortex | Parietal, and Parieto-occipital region",1,1,F1,F2,VIP,2,0,1,Frontal (agranular frontal motor areas)::F1 + F2,Frontal (agranular frontal motor areas)::F1 + F2,"Parietal, and Parieto-occipital region::1-2 + 5 + 7a + 7b + 7op + LIPd + LIPv + VIP",Lateral Prefrontal Cortex::44 + 45 + 8A + 8Bd + 8Bs,1,1,1,low_resolution,nearest_centroid_corr>=0.95;fold_local_merged_confusion_group,F1 | F2,low_resolution,F1 | F2,30,11,hybrid_projected_network_logcpm_exact
top3_network_beam_local_region_candidates,20R537,F3,Frontal (agranular frontal motor areas),Frontal (agranular frontal motor areas) | Lateral Prefrontal Cortex | Cingulate gyrus,1,1,F3,F7,F2,1,1,1,F3,F3,F7,Frontal (agranular frontal motor areas)::F1 + F2,1,1,1,low_resolution,nearest_centroid_corr>=0.95,F3,low_resolution,F3,30,14,hybrid_projected_network_logcpm_exact
top3_network_beam_local_region_candidates,20R538,F3,Frontal (agranular frontal motor areas),Frontal (agranular frontal motor areas) | Lateral Prefrontal Cortex | Cingulate gyrus,1,1,F1,F3,F2,2,0,1,F3,Frontal (agranular frontal motor areas)::F1 + F2,F3,Lateral Prefrontal Cortex::44 + 45 + 8A + 8Bd + 8Bm + 8Bs + 9d + 9m,2,0,1,low_resolution,nearest_centroid_corr>=0.95;fold_local_merged_confusion_group,F1 | F2,low_resolution,F3,30,14,hybrid_projected_network_logcpm_exact
top3_network_beam_local_region_candidates,20R539,F6,Frontal (agranular frontal motor areas),Frontal (agranular frontal motor areas) | Lateral Prefrontal Cortex | Cingulate gyrus,1,1,F3,F2,F7,14,0,0,F6,Frontal (agranular frontal motor areas)::F1 + F2 + F3,F7,Lateral Prefrontal Cortex::44 + 45 + 8A + 8Bd + 8Bm + 8Bs + 9d + 9m,6,0,0,low_resolution,nearest_centroid_corr>=0.95;fold_local_merged_confusion_group,F1 | F2 | F3,low_resolution,F6,30,12,hybrid_projected_network_logcpm_exact
top3_network_beam_local_region_candidates,20R540,F7,Frontal (agranular frontal motor areas),Frontal (agranular frontal motor areas) | Lateral Prefrontal Cortex | Cingulate gyrus,1,1,F2,F3,8Bs,6,0,0,Frontal (agranular frontal motor areas)::F6 + F7,Frontal (agranular frontal motor areas)::F1 + F2 + F3,Lateral Prefrontal Cortex::44 + 45 + 8A + 8Bd + 8Bm + 8Bs + 9d + 9m,Frontal (agranular frontal motor areas)::F6 + F7,3,0,1,low_resolution,nearest_centroid_corr>=0.95;fold_local_merged_confusion_group,F1 | F2 | F3,low_resolution,F6 | F7,30,12,hybrid_projected_network_logcpm_exact
top3_network_beam_local_region_candidates,20R611,10m,Orbitomedial Prefrontal Cortex (OMPFC),Lateral Prefrontal Cortex | Cingulate gyrus | Orbitomedial Prefrontal Cortex (OMPFC),0,1,10o,10m,11m,2,0,1,10m,Lateral Prefrontal Cortex::10o + 12l + 12r + 46d + 46v,10m,11m,2,0,1,low_resolution,nearest_centroid_corr>=0.95;fold_local_merged_confusion_group,10o | 12l | 12r | 46d | 46v,low_resolution,10m,36,14,hybrid_projected_network_logcpm_exact
top3_network_beam_local_region_candidates,20R612,10o,Lateral Prefrontal Cortex,Lateral Prefrontal Cortex | Orbitomedial Prefrontal Cortex (OMPFC) | Cingulate gyrus,1,1,12r,12l,12m,5,0,0,Lateral Prefrontal Cortex::10o + 12l + 12r + 46d + 46v,Lateral Prefrontal Cortex::10o + 12l + 12r + 46d + 46v,Orbitomedial Prefrontal Cortex (OMPFC)::11l + 12m + 12o + 13l + 13m,10m,1,1,1,low_resolution,nearest_centroid_corr>=0.95;fold_local_merged_confusion_group,10o | 12l | 12r | 46d | 46v,low_resolution,10o | 12l | 12r | 46d | 46v,36,14,hybrid_projected_network_logcpm_exact
top3_network_beam_local_region_candidates,20R613,10m,Orbitomedial Prefrontal Cortex (OMPFC),Lateral Prefrontal Cortex | Orbitomedial Prefrontal Cortex (OMPFC) | Cingulate gyrus,0,1,10o,10m,11l,2,0,1,10m,Lateral Prefrontal Cortex::10o + 12l + 12r + 46d + 46v,10m,Orbitomedial Prefrontal Cortex (OMPFC)::11l + 12m + 12o + 13l + 13m,2,0,1,low_resolution,nearest_centroid_corr>=0.95;fold_local_merged_confusion_group,10o | 12l | 12r | 46d | 46v,low_resolution,10m,36,14,hybrid_projected_network_logcpm_exact
top3_network_beam_local_region_candidates,20R614,10o,Lateral Prefrontal Cortex,Lateral Prefrontal Cortex | Orbitomedial Prefrontal Cortex (OMPFC) | Cingulate gyrus,1,1,10o,12r,12m,1,1,1,Lateral Prefrontal Cortex::10o + 12l + 12r + 46d + 46v,Lateral Prefrontal Cortex::10o + 12l + 12r + 46d + 46v,Orbitomedial Prefrontal Cortex (OMPFC)::11l + 12m + 12o + 13l + 13m,10m,1,1,1,low_resolution,nearest_centroid_corr>=0.95;fold_local_merged_confusion_group,10o | 12l | 12r | 46d | 46v,low_resolution,10o | 12l | 12r | 46d | 46v,36,14,hybrid_projected_network_logcpm_exact
top3_network_beam_local_region_candidates,20R615,V1,Occipital/Temporal,"Occipital/Temporal | Parietal, and Parieto-occipital region | Temporal",1,1,V1,V2,V3d,1,1,1,Occipital/Temporal::V1 + V2 + V3d + V3v,Occipital/Temporal::V1 + V2 + V3d + V3v,Occipital/Temporal::FST + MST,MT,1,1,1,low_resolution,nearest_centroid_corr>=0.95;fold_local_merged_confusion_group,V1 | V2 | V3d | V3v,low_resolution,V1 | V2 | V3d | V3v,46,19,hybrid_projected_network_logcpm_exact
top3_network_beam_local_region_candidates,20R616,V2,Occipital/Temporal,"Occipital/Temporal | Parietal, and Parieto-occipital region | Temporal",1,1,V2,V3v,V1,1,1,1,Occipital/Temporal::V1 + V2 + V3d + V3v,Occipital/Temporal::V1 + V2 + V3d + V3v,Occipital/Temporal::FST + MST,Occipital/Temporal::V4 + V4v,1,1,1,low_resolution,nearest_centroid_corr>=0.95;fold_local_merged_confusion_group,V1 | V2 | V3d | V3v,low_resolution,V1 | V2 | V3d | V3v,46,17,hybrid_projected_network_logcpm_exact
top3_network_beam_local_region_candidates,20R617,V1,Occipital/Temporal,"Occipital/Temporal | Parietal, and Parieto-occipital region | Temporal",1,1,V1,V2,V3v,1,1,1,Occipital/Temporal::V1 + V2 + V3d + V3v,Occipital/Temporal::V1 + V2 + V3d + V3v,Occipital/Temporal::FST + MST,MT,1,1,1,low_resolution,nearest_centroid_corr>=0.95;fold_local_merged_confusion_group,V1 | V2 | V3d | V3v,low_resolution,V1 | V2 | V3d | V3v,46,18,hybrid_projected_network_logcpm_exact
top3_network_beam_local_region_candidates,20R618,V2,Occipital/Temporal,"Occipital/Temporal | Parietal, and Parieto-occipital region | Temporal",1,1,V1,V2,V3d,2,0,1,Occipital/Temporal::V1 + V2 + V3d + V3v,Occipital/Temporal::V1 + V2 + V3d + V3v,Occipital/Temporal::FST + MST,MT,1,1,1,low_resolution,nearest_centroid_corr>=0.95;fold_local_merged_confusion_group,V1 | V2 | V3d | V3v,low_resolution,V1 | V2 | V3d | V3v,46,17,hybrid_projected_network_logcpm_exact
top3_network_beam_local_region_candidates,20R619,TG,Temporal,Operculum/Insula | Orbitomedial Prefrontal Cortex (OMPFC) | Temporal,0,1,TG,Pi,14c,1,1,1,TG,TG,Operculum/Insula::Ia + Ial + Iapm + Pi,Orbitomedial Prefrontal Cortex (OMPFC)::13a + 13b + 14c + 14r + 25,1,1,1,low_resolution,training_n<8;nearest_centroid_corr>=0.95,TG,low_resolution,TG,51,18,hybrid_projected_network_logcpm_exact
top3_network_beam_local_region_candidates,20R620,TG,Temporal,Operculum/Insula | Temporal | Orbitomedial Prefrontal Cortex (OMPFC),0,1,TG,TF,36c,1,1,1,TG,TG,TF,36c,1,1,1,low_resolution,training_n<8;nearest_centroid_corr>=0.95,TG,low_resolution,TG,51,18,hybrid_projected_network_logcpm_exact
top3_network_beam_local_region_candidates,20R621,TG,Temporal,Operculum/Insula | Temporal | Orbitomedial Prefrontal Cortex (OMPFC),0,1,TG,36c,TF,1,1,1,TG,TG,36c,TF,1,1,1,low_resolution,training_n<8;nearest_centroid_corr>=0.95,TG,low_resolution,TG,51,18,hybrid_projected_network_logcpm_exact
top3_network_beam_local_region_candidates,20R622,V2,Occipital/Temporal,"Occipital/Temporal | Parietal, and Parieto-occipital region | Temporal",1,1,V2,V3v,V4,1,1,1,Occipital/Temporal::V1 + V2 + V3d + V3v,Occipital/Temporal::V1 + V2 + V3d + V3v,Occipital/Temporal::V4 + V4v,Occipital/Temporal::FST + MST,1,1,1,low_resolution,nearest_centroid_corr>=0.95;fold_local_merged_confusion_group,V1 | V2 | V3d | V3v,low_resolution,V1 | V2 | V3d | V3v,46,18,hybrid_projected_network_logcpm_exact
top3_network_beam_local_region_candidates,20R623,10m,Orbitomedial Prefrontal Cortex (OMPFC),Lateral Prefrontal Cortex | Orbitomedial Prefrontal Cortex (OMPFC) | Temporal,0,1,10o,12r,12l,5,0,0,Orbitomedial Prefrontal Cortex (OMPFC)::10m + 11m + 13b + 14r,Lateral Prefrontal Cortex::10o + 12l + 12r + 46d + 46v,Orbitomedial Prefrontal Cortex (OMPFC)::11l + 12m + 12o + 13l + 13m + 32,Orbitomedial Prefrontal Cortex (OMPFC)::10m + 11m + 13b + 14r,3,0,1,low_resolution,nearest_centroid_corr>=0.95;fold_local_merged_confusion_group,10o | 12l | 12r | 46d | 46v,low_resolution,10m | 11m | 13b | 14r,53,13,hybrid_projected_network_logcpm_exact
top3_network_beam_local_region_candidates,20R624,10o,Lateral Prefrontal Cortex,Lateral Prefrontal Cortex | Orbitomedial Prefrontal Cortex (OMPFC) | Cingulate gyrus,1,1,10o,10m,11l,1,1,1,Lateral Prefrontal Cortex::10o + 12l + 12r + 46d + 46v,Lateral Prefrontal Cortex::10o + 12l + 12r + 46d + 46v,10m,Orbitomedial Prefrontal Cortex (OMPFC)::11l + 12m + 12o + 13l + 13m,1,1,1,low_resolution,nearest_centroid_corr>=0.95;fold_local_merged_confusion_group,10o | 12l | 12r | 46d | 46v,low_resolution,10o | 12l | 12r | 46d | 46v,36,14,hybrid_projected_network_logcpm_exact
top3_network_beam_local_region_candidates,20R625,V2,Occipital/Temporal,"Occipital/Temporal | Parietal, and Parieto-occipital region | Temporal",1,1,V4,V3v,TEO,4,0,0,Occipital/Temporal::V1 + V2 + V3d + V3v,Occipital/Temporal::V4 + V4v,Occipital/Temporal::V1 + V2 + V3d + V3v,Temporal::TEO + TEad + TEm + TEpd,2,0,1,low_resolution,training_n<8;nearest_centroid_corr>=0.95;fold_local_merged_confusion_group,V4 | V4v,low_resolution,V1 | V2 | V3d | V3v,46,17,hybrid_projected_network_logcpm_exact
top3_network_beam_local_region_candidates,20R626,V1,Occipital/Temporal,"Occipital/Temporal | Parietal, and Parieto-occipital region | Temporal",1,1,V1,V2,V3v,1,1,1,Occipital/Temporal::V1 + V2 + V3d + V3v,Occipital/Temporal::V1 + V2 + V3d + V3v,Occipital/Temporal::FST + MST,MT,1,1,1,low_resolution,nearest_centroid_corr>=0.95;fold_local_merged_confusion_group,V1 | V2 | V3d | V3v,low_resolution,V1 | V2 | V3d | V3v,46,18,hybrid_projected_network_logcpm_exact
top3_network_beam_local_region_candidates,20R627,10m,Orbitomedial Prefrontal Cortex (OMPFC),Orbitomedial Prefrontal Cortex (OMPFC) | Lateral Prefrontal Cortex | Cingulate gyrus,1,1,10o,11l,11m,4,0,0,10m,Lateral Prefrontal Cortex::10o + 12l + 12r + 46d + 46v,Orbitomedial Prefrontal Cortex (OMPFC)::11l + 12m + 12o + 13l + 13m,11m,4,0,0,low_resolution,nearest_centroid_corr>=0.95;fold_local_merged_confusion_group,10o | 12l | 12r | 46d | 46v,low_resolution,10m,36,14,hybrid_projected_network_logcpm_exact
top3_network_beam_local_region_candidates,20R628,10o,Lateral Prefrontal Cortex,"Lateral Prefrontal Cortex | Orbitomedial Prefrontal Cortex (OMPFC) | Parietal, and Parieto-occipital region",1,1,12l,12r,12m,5,0,0,Lateral Prefrontal Cortex::10o + 12l + 12r + 46d + 46v + 8Bm + 9d + 9m,Lateral Prefrontal Cortex::10o + 12l + 12r + 46d + 46v + 8Bm + 9d + 9m,Orbitomedial Prefrontal Cortex (OMPFC)::11l + 12m + 13l + 13m,Orbitomedial Prefrontal Cortex (OMPFC)::10m + 11m,1,1,1,low_resolution,training_n<8;nearest_centroid_corr>=0.95;fold_local_merged_confusion_group,10o | 12l | 12r | 46d | 46v | 8Bm | 9d | 9m,low_resolution,10o | 12l | 12r | 46d | 46v | 8Bm | 9d | 9m,36,11,hybrid_projected_network_logcpm_exact
top3_network_beam_local_region_candidates,20R629,10o,Lateral Prefrontal Cortex,Lateral Prefrontal Cortex | Orbitomedial Prefrontal Cortex (OMPFC) | Cingulate gyrus,1,1,12l,12r,11l,8,0,0,Lateral Prefrontal Cortex::10o + 12l + 12r + 46d + 46v,Lateral Prefrontal Cortex::10o + 12l + 12r + 46d + 46v,Orbitomedial Prefrontal Cortex (OMPFC)::11l + 12m + 12o + 13b + 13l + 13m,11m,1,1,1,low_resolution,training_n<8;nearest_centroid_corr>=0.95;fold_local_merged_confusion_group,10o | 12l | 12r | 46d | 46v,low_resolution,10o | 12l | 12r | 46d | 46v,36,13,hybrid_projected_network_logcpm_exact
top3_network_beam_local_region_candidates,20R630,V1,Occipital/Temporal,"Occipital/Temporal | Parietal, and Parieto-occipital region | Temporal",1,1,V1,V2,V3v,1,1,1,Occipital/Temporal::V1 + V2 + V3d + V3v,Occipital/Temporal::V1 + V2 + V3d + V3v,Occipital/Temporal::FST + MST,MT,1,1,1,low_resolution,nearest_centroid_corr>=0.95;fold_local_merged_confusion_group,V1 | V2 | V3d | V3v,low_resolution,V1 | V2 | V3d | V3v,46,17,hybrid_projected_network_logcpm_exact
top3_network_beam_local_region_candidates,20R631,V2,Occipital/Temporal,"Occipital/Temporal | Parietal, and Parieto-occipital region | Temporal",1,1,V1,V2,V3v,2,0,1,Occipital/Temporal::V1 + V2 + V3d + V3v,Occipital/Temporal::V1 + V2 + V3d + V3v,Occipital/Temporal::FST + MST,MT,1,1,1,low_resolution,nearest_centroid_corr>=0.95;fold_local_merged_confusion_group,V1 | V2 | V3d | V3v,low_resolution,V1 | V2 | V3d | V3v,46,17,hybrid_projected_network_logcpm_exact
top3_network_beam_local_region_candidates,20R632,cd,Subcortical,Subcortical | Hippocampal formation | Operculum/Insula,1,1,cd,pu,NARegion,1,1,1,Subcortical::cd + pu,Subcortical::cd + pu,NARegion,cla,1,1,1,low_resolution,training_n<8;nearest_centroid_corr>=0.95;fold_local_merged_confusion_group,cd | pu,low_resolution,cd | pu,21,12,hybrid_projected_network_logcpm_exact
top3_network_beam_local_region_candidates,20R633,pu,Subcortical,Subcortical | Hippocampal formation | Operculum/Insula,1,1,pu,cd,NARegion,1,1,1,Subcortical::cd + pu,Subcortical::cd + pu,NARegion,cla,1,1,1,low_resolution,nearest_centroid_corr>=0.95;fold_local_merged_confusion_group,cd | pu,low_resolution,cd | pu,21,13,hybrid_projected_network_logcpm_exact
top3_network_beam_local_region_candidates,20R634,cd,Subcortical,Subcortical | Hippocampal formation | Operculum/Insula,1,1,cd,pu,NARegion,1,1,1,Subcortical::cd + pu,Subcortical::cd + pu,NARegion,cla,1,1,1,low_resolution,training_n<8;nearest_centroid_corr>=0.95;fold_local_merged_confusion_group,cd | pu,low_resolution,cd | pu,21,13,hybrid_projected_network_logcpm_exact
top3_network_beam_local_region_candidates,20R635,pu,Subcortical,Subcortical | Hippocampal formation | Operculum/Insula,1,1,cd,pu,NARegion,2,0,1,Subcortical::cd + pu,Subcortical::cd + pu,NARegion,cla,1,1,1,low_resolution,nearest_centroid_corr>=0.95;fold_local_merged_confusion_group,cd | pu,low_resolution,cd | pu,21,13,hybrid_projected_network_logcpm_exact
top3_network_beam_local_region_candidates,20R636,F3,Frontal (agranular frontal motor areas),"Frontal (agranular frontal motor areas) | Lateral Prefrontal Cortex | Parietal, and Parieto-occipital region",1,1,F1,F2,8Bs,4,0,0,F3,Frontal (agranular frontal motor areas)::F1 + F2,Lateral Prefrontal Cortex::44 + 45 + 8A + 8Bd + 8Bs,F3,3,0,1,low_resolution,nearest_centroid_corr>=0.95;fold_local_merged_confusion_group,F1 | F2,low_resolution,F3,30,11,hybrid_projected_network_logcpm_exact
top3_network_beam_local_region_candidates,20R637,F2,Frontal (agranular frontal motor areas),"Frontal (agranular frontal motor areas) | Lateral Prefrontal Cortex | Parietal, and Parieto-occipital region",1,1,F1,F2,8Bs,2,0,1,Frontal (agranular frontal motor areas)::F1 + F2,Frontal (agranular frontal motor areas)::F1 + F2,Lateral Prefrontal Cortex::44 + 45 + 8A + 8Bd + 8Bs,F3,1,1,1,low_resolution,nearest_centroid_corr>=0.95;fold_local_merged_confusion_group,F1 | F2,low_resolution,F1 | F2,30,11,hybrid_projected_network_logcpm_exact
top3_network_beam_local_region_candidates,20R638,F1,Frontal (agranular frontal motor areas),"Frontal (agranular frontal motor areas) | Lateral Prefrontal Cortex | Parietal, and Parieto-occipital region",1,1,F1,F2,LIPv,1,1,1,Frontal (agranular frontal motor areas)::F1 + F2,Frontal (agranular frontal motor areas)::F1 + F2,"Parietal, and Parieto-occipital region::1-2 + 5 + 7a + 7b + 7op + LIPd + LIPv + VIP",3a/b,1,1,1,low_resolution,nearest_centroid_corr>=0.95;fold_local_merged_confusion_group,F1 | F2,low_resolution,F1 | F2,30,11,hybrid_projected_network_logcpm_exact
top3_network_beam_local_region_candidates,20R639,1-2,"Parietal, and Parieto-occipital region","Parietal, and Parieto-occipital region | Temporal | Occipital/Temporal",1,1,5,V4,CL,23,0,0,"Parietal, and Parieto-occipital region::1-2 + 5 + 7a + 7b + 7op + LIPd + LIPv + VIP","Parietal, and Parieto-occipital region::1-2 + 5 + 7a + 7b + 7op + LIPd + LIPv + VIP",Occipital/Temporal::V4 + V4v,Temporal::A1 + CL + CM + IPa + ML + TPO + Tpt,1,1,1,low_resolution,nearest_centroid_corr>=0.95;fold_local_merged_confusion_group,1-2 | 5 | 7a | 7b | 7op | LIPd | LIPv | VIP,low_resolution,1-2 | 5 | 7a | 7b | 7op | LIPd | LIPv | VIP,46,17,hybrid_projected_network_logcpm_exact
top3_network_beam_local_region_candidates,20R640,3a/b,"Parietal, and Parieto-occipital region","Parietal, and Parieto-occipital region | Occipital/Temporal | Lateral Prefrontal Cortex",1,1,3a/b,FST,LIPv,1,1,1,3a/b,3a/b,Occipital/Temporal::FST + MST,"Parietal, and Parieto-occipital region::1-2 + 5 + 7a + 7b + 7op + LIPd + LIPv + VIP",1,1,1,low_resolution,nearest_centroid_corr>=0.95,3a/b,low_resolution,3a/b,32,8,hybrid_projected_network_logcpm_exact
top3_network_beam_local_region_candidates,20R641,F1,Frontal (agranular frontal motor areas),Frontal (agranular frontal motor areas) | Lateral Prefrontal Cortex | Cingulate gyrus,1,1,F3,F2,F1,3,0,1,Frontal (agranular frontal motor areas)::F1 + F2,F3,Frontal (agranular frontal motor areas)::F1 + F2,Lateral Prefrontal Cortex::44 + 45 + 8A + 8Bd + 8Bm + 8Bs + 9d + 9m,2,0,1,low_resolution,nearest_centroid_corr>=0.95,F3,low_resolution,F1 | F2,30,14,hybrid_projected_network_logcpm_exact
top3_network_beam_local_region_candidates,20R642,Ig,Operculum/Insula,"Parietal, and Parieto-occipital region | Operculum/Insula | Temporal",0,1,SII,IPa,AL,11,0,0,Operculum/Insula::G + Iapl + Id + Ig + PrCo + Ri + SII,Operculum/Insula::G + Iapl + Id + Ig + PrCo + Ri + SII,Temporal::A1 + CL + CM + IPa + ML + PGa + TPO + Tpt,Temporal::AL + R + RM + RT + RTL + RTM + TAa,1,1,1,low_resolution,nearest_centroid_corr>=0.95;fold_local_merged_confusion_group,G | Iapl | Id | Ig | PrCo | Ri | SII,low_resolution,G | Iapl | Id | Ig | PrCo | Ri | SII,48,14,hybrid_projected_network_logcpm_exact
top3_network_beam_local_region_candidates,qbt-L-10o_BRRL200004689-1A,10o,Lateral Prefrontal Cortex,Orbitomedial Prefrontal Cortex (OMPFC) | Lateral Prefrontal Cortex | Temporal,0,1,11l,11m,10m,7,0,0,Lateral Prefrontal Cortex::10o + 12l + 12r + 46d + 46v,Orbitomedial Prefrontal Cortex (OMPFC)::11l + 12m + 12o + 13l + 13m + 32,Orbitomedial Prefrontal Cortex (OMPFC)::10m + 11m + 13b + 14r,Lateral Prefrontal Cortex::10o + 12l + 12r + 46d + 46v,3,0,1,low_resolution,nearest_centroid_corr>=0.95;fold_local_merged_confusion_group,11l | 12m | 12o | 13l | 13m | 32,low_resolution,10o | 12l | 12r | 46d | 46v,53,13,hybrid_projected_network_logcpm_exact
top3_network_beam_local_region_candidates,qbt-L-46d_BRRL200004690-1A,46d,Lateral Prefrontal Cortex,"Orbitomedial Prefrontal Cortex (OMPFC) | Lateral Prefrontal Cortex | Parietal, and Parieto-occipital region",0,1,46v,11l,10o,9,0,0,Lateral Prefrontal Cortex::10o + 12l + 12r + 46d + 46v + 9m,Lateral Prefrontal Cortex::10o + 12l + 12r + 46d + 46v + 9m,Orbitomedial Prefrontal Cortex (OMPFC)::11l + 12m + 13l + 13m,Orbitomedial Prefrontal Cortex (OMPFC)::10m + 11m,1,1,1,low_resolution,nearest_centroid_corr>=0.95;fold_local_merged_confusion_group,10o | 12l | 12r | 46d | 46v | 9m,low_resolution,10o | 12l | 12r | 46d | 46v | 9m,36,11,hybrid_projected_network_logcpm_exact
top3_network_beam_local_region_candidates,xz-L-10m-10o_BRRL200004691-1A,10m,Orbitomedial Prefrontal Cortex (OMPFC),Orbitomedial Prefrontal Cortex (OMPFC) | Temporal | Lateral Prefrontal Cortex,1,1,10o,10m,11m,2,0,1,Orbitomedial Prefrontal Cortex (OMPFC)::10m + 11m,Lateral Prefrontal Cortex::10o + 12l + 12r + 46d + 46v,Orbitomedial Prefrontal Cortex (OMPFC)::10m + 11m,Orbitomedial Prefrontal Cortex (OMPFC)::11l + 12m + 12o + 13l + 13m + 32,2,0,1,low_resolution,nearest_centroid_corr>=0.95;fold_local_merged_confusion_group,10o | 12l | 12r | 46d | 46v,low_resolution,10m | 11m,53,14,hybrid_projected_network_logcpm_exact
top3_network_beam_local_region_candidates,xz-L-10m_BRRL200004692-1A,10m,Orbitomedial Prefrontal Cortex (OMPFC),Orbitomedial Prefrontal Cortex (OMPFC) | Lateral Prefrontal Cortex | Cingulate gyrus,1,1,24c,12o,24b,8,0,0,10m,Cingulate gyrus::24b + 24c,Orbitomedial Prefrontal Cortex (OMPFC)::11l + 11m + 12m + 12o + 13l + 13m,13b,4,0,0,low_resolution,nearest_centroid_corr>=0.95;fold_local_merged_confusion_group,24b | 24c,low_resolution,10m,36,15,hybrid_projected_network_logcpm_exact
top3_network_beam_local_region_candidates,xz-L-10o_BRRL200004693-1A,10o,Lateral Prefrontal Cortex,Orbitomedial Prefrontal Cortex (OMPFC) | Temporal | Operculum/Insula,0,0,14r,11m,10m,111,0,0,outside_network_beam,Orbitomedial Prefrontal Cortex (OMPFC)::13a + 13b + 14c + 14r + 25,Orbitomedial Prefrontal Cortex (OMPFC)::11l + 11m + 12m + 12o + 13l + 13m + 32,10m,111,0,0,low_resolution,nearest_centroid_corr>=0.95;fold_local_merged_confusion_group,13a | 13b | 14c | 14r | 25,outside_network_beam,,51,17,hybrid_projected_network_logcpm_exact
top3_network_beam_local_region_candidates,xz-L-11m_BRRL200004694-1A,11m,Orbitomedial Prefrontal Cortex (OMPFC),"Orbitomedial Prefrontal Cortex (OMPFC) | Temporal | Parietal, and Parieto-occipital region",1,1,11l,13m,13l,7,0,0,11m,Orbitomedial Prefrontal Cortex (OMPFC)::11l + 12m + 13l + 13m,Orbitomedial Prefrontal Cortex (OMPFC)::12o + 32,10m,4,0,0,low_resolution,nearest_centroid_corr>=0.95;fold_local_merged_confusion_group,11l | 12m | 13l | 13m,low_resolution,11m,50,19,hybrid_projected_network_logcpm_exact
top3_network_beam_local_region_candidates,xz-L-11l_BRRL200004695-1A,11l,Orbitomedial Prefrontal Cortex (OMPFC),Orbitomedial Prefrontal Cortex (OMPFC) | Temporal | Operculum/Insula,1,1,PrCo,11l,13m,2,0,1,Orbitomedial Prefrontal Cortex (OMPFC)::11l + 11m + 12m + 12o + 13l + 13m + 32,PrCo,Orbitomedial Prefrontal Cortex (OMPFC)::11l + 11m + 12m + 12o + 13l + 13m + 32,Operculum/Insula::G + Iapl + Id + Ig + Ri + SII,2,0,1,low_resolution,nearest_centroid_corr>=0.95,PrCo,low_resolution,11l | 11m | 12m | 12o | 13l | 13m | 32,51,17,hybrid_projected_network_logcpm_exact
top3_network_beam_local_region_candidates,xz-R-10o_BRRL200004706-1A,10o,Lateral Prefrontal Cortex,"Orbitomedial Prefrontal Cortex (OMPFC) | Temporal | Parietal, and Parieto-occipital region",0,0,11l,11m,12o,111,0,0,outside_network_beam,Orbitomedial Prefrontal Cortex (OMPFC)::11l + 12m + 13l + 13m,Orbitomedial Prefrontal Cortex (OMPFC)::10m + 11m,Orbitomedial Prefrontal Cortex (OMPFC)::12o + 32,111,0,0,low_resolution,nearest_centroid_corr>=0.95;fold_local_merged_confusion_group,11l | 12m | 13l | 13m,outside_network_beam,,50,17,hybrid_projected_network_logcpm_exact
top3_network_beam_local_region_candidates,xz-R-11l_BRRL200004707-1A,11l,Orbitomedial Prefrontal Cortex (OMPFC),"Temporal | Orbitomedial Prefrontal Cortex (OMPFC) | Parietal, and Parieto-occipital region",0,1,TAa,TEav,PGa,4,0,0,Orbitomedial Prefrontal Cortex (OMPFC)::11l + 12m,Temporal::CL + IPa + ML + PGa + TAa + TEa + TPO + Tpt,Temporal::TEO + TEad + TEav + TEm + TEpd + TEpv + TG,Orbitomedial Prefrontal Cortex (OMPFC)::11l + 12m,3,0,1,low_resolution,training_n<8;nearest_centroid_corr>=0.95;fold_local_merged_confusion_group,CL | IPa | ML | PGa | TAa | TEa | TPO | Tpt,low_resolution,11l | 12m,50,19,hybrid_projected_network_logcpm_exact
top3_network_beam_local_region_candidates,qbt-R-F2_BRRL200004708-1A,F2,Frontal (agranular frontal motor areas),"Parietal, and Parieto-occipital region | Lateral Prefrontal Cortex | Orbitomedial Prefrontal Cortex (OMPFC)",0,0,8Bs,8Bd,8A,111,0,0,outside_network_beam,Lateral Prefrontal Cortex::44 + 45 + 8A + 8Bd + 8Bm + 8Bs + 9d,"Parietal, and Parieto-occipital region::1-2 + 5 + 7a + 7b + 7op + LIPd + LIPv + VIP",3a/b,111,0,0,low_resolution,nearest_centroid_corr>=0.95;fold_local_merged_confusion_group,44 | 45 | 8A | 8Bd | 8Bm | 8Bs | 9d,outside_network_beam,,36,11,hybrid_projected_network_logcpm_exact
top3_network_beam_local_region_candidates,xz-L-Prco_BRRL200006258-1A,PrCo,Operculum/Insula,Orbitomedial Prefrontal Cortex (OMPFC) | Temporal | Operculum/Insula,0,1,PrCo,G,STG,1,1,1,PrCo,PrCo,Operculum/Insula::G + Iapl + Id + Ig + Ri + SII,Temporal::RTL + STG,1,1,1,low_resolution,training_n<8;nearest_centroid_corr>=0.95,PrCo,low_resolution,PrCo,51,17,hybrid_projected_network_logcpm_exact
top3_network_beam_local_region_candidates,xz-L-Ial_BRRL200004697-1A,Ial,Operculum/Insula,Operculum/Insula | Orbitomedial Prefrontal Cortex (OMPFC) | Temporal,1,1,Ial,Pi,Iapm,1,1,1,Operculum/Insula::Ia + Ial + Iapm + Pi,Operculum/Insula::Ia + Ial + Iapm + Pi,Orbitomedial Prefrontal Cortex (OMPFC)::13a + 13b + 14c + 14r + 25,Orbitomedial Prefrontal Cortex (OMPFC)::11l + 11m + 12m + 12o + 13l + 13m + 32,1,1,1,low_resolution,training_n<8;nearest_centroid_corr>=0.95;fold_local_merged_confusion_group,Ia | Ial | Iapm | Pi,low_resolution,Ia | Ial | Iapm | Pi,51,17,hybrid_projected_network_logcpm_exact
top3_network_beam_local_region_candidates,xz-R-F4_BRRL200004709-1A,F4,Frontal (agranular frontal motor areas),"Parietal, and Parieto-occipital region | Lateral Prefrontal Cortex | Orbitomedial Prefrontal Cortex (OMPFC)",0,0,8A,8Bs,8Bd,111,0,0,outside_network_beam,Lateral Prefrontal Cortex::44 + 45 + 8A + 8Bd + 8Bm + 8Bs + 9d,"Parietal, and Parieto-occipital region::1-2 + 5 + 7a + 7b + 7op + LIPd + LIPv + VIP",Lateral Prefrontal Cortex::10o + 12l + 12r + 46d + 46v + 9m,111,0,0,low_resolution,nearest_centroid_corr>=0.95;fold_local_merged_confusion_group,44 | 45 | 8A | 8Bd | 8Bm | 8Bs | 9d,outside_network_beam,,36,11,hybrid_projected_network_logcpm_exact
top3_network_beam_local_region_candidates,xz-R-G_BRRL200004710-1A,G,Operculum/Insula,Orbitomedial Prefrontal Cortex (OMPFC) | Operculum/Insula | Temporal,0,1,Ial,Iapm,Pi,20,0,0,Operculum/Insula::G + Iapl + Id + Ig + Ri + SII,Operculum/Insula::Ia + Ial + Iapm + Pi,Operculum/Insula::G + Iapl + Id + Ig + Ri + SII,Orbitomedial Prefrontal Cortex (OMPFC)::13a + 13b + 14c + 14r + 25,2,0,1,low_resolution,nearest_centroid_corr>=0.95;fold_local_merged_confusion_group,Ia | Ial | Iapm | Pi,low_resolution,G | Iapl | Id | Ig | Ri | SII,51,16,hybrid_projected_network_logcpm_exact
top3_network_beam_local_region_candidates,xz-R-Ial_BRRL200004711-1A,Ial,Operculum/Insula,Orbitomedial Prefrontal Cortex (OMPFC) | Operculum/Insula | Temporal,0,1,Ial,Pi,Iapm,1,1,1,Operculum/Insula::Ia + Ial + Iapm + Pi,Operculum/Insula::Ia + Ial + Iapm + Pi,Orbitomedial Prefrontal Cortex (OMPFC)::13a + 13b + 14c + 14r + 25,Orbitomedial Prefrontal Cortex (OMPFC)::11l + 11m + 12m + 12o + 13l + 13m + 32,1,1,1,low_resolution,training_n<8;nearest_centroid_corr>=0.95;fold_local_merged_confusion_group,Ia | Ial | Iapm | Pi,low_resolution,Ia | Ial | Iapm | Pi,51,17,hybrid_projected_network_logcpm_exact
top3_network_beam_local_region_candidates,xz-R-24b_BRRL200004712-1A,24b,Cingulate gyrus,Orbitomedial Prefrontal Cortex (OMPFC) | Lateral Prefrontal Cortex | Cingulate gyrus,0,1,9m,11l,11m,35,0,0,24b,Lateral Prefrontal Cortex::44 + 45 + 8A + 8Bd + 8Bm + 8Bs + 9d + 9m,Orbitomedial Prefrontal Cortex (OMPFC)::11l + 12m + 12o + 13b + 13l + 13m,11m,15,0,0,low_resolution,nearest_centroid_corr>=0.95;fold_local_merged_confusion_group,44 | 45 | 8A | 8Bd | 8Bm | 8Bs | 9d | 9m,low_resolution,24b,36,15,hybrid_projected_network_logcpm_exact
top3_network_beam_local_region_candidates,xz-R-24c_BRRL200004713-1A,24c,Cingulate gyrus,"Lateral Prefrontal Cortex | Parietal, and Parieto-occipital region | Frontal (agranular frontal motor areas)",0,0,F7,8Bs,F2,111,0,0,outside_network_beam,Frontal (agranular frontal motor areas)::F6 + F7,Lateral Prefrontal Cortex::44 + 45 + 8A + 8Bd + 8Bs,Frontal (agranular frontal motor areas)::F1 + F2,111,0,0,low_resolution,training_n<8;nearest_centroid_corr>=0.95;fold_local_merged_confusion_group,F6 | F7,outside_network_beam,,30,11,hybrid_projected_network_logcpm_exact
top3_network_beam_local_region_candidates,xz-L-Ig_BRRL200004699-1A,Ig,Operculum/Insula,Temporal | Operculum/Insula | Orbitomedial Prefrontal Cortex (OMPFC),0,1,G,Ig,RM,2,0,1,Operculum/Insula::G + Iapl + Id + Ig + Ri + SII,Operculum/Insula::G + Iapl + Id + Ig + Ri + SII,Temporal::RM + RT + RTM,PrCo,1,1,1,low_resolution,nearest_centroid_corr>=0.95;fold_local_merged_confusion_group,G | Iapl | Id | Ig | Ri | SII,low_resolution,G | Iapl | Id | Ig | Ri | SII,51,16,hybrid_projected_network_logcpm_exact
top3_network_beam_local_region_candidates,xz-L-Id_BRRL200004700-1A,Id,Operculum/Insula,Operculum/Insula | Orbitomedial Prefrontal Cortex (OMPFC) | Temporal,1,1,Iapl,Id,Pi,2,0,1,Operculum/Insula::G + Iapl + Id + Ig + Ri + SII,Operculum/Insula::G + Iapl + Id + Ig + Ri + SII,Operculum/Insula::Ia + Ial + Iapm + Pi,Temporal::RM + RT + RTM,1,1,1,low_resolution,nearest_centroid_corr>=0.95;fold_local_merged_confusion_group,G | Iapl | Id | Ig | Ri | SII,low_resolution,G | Iapl | Id | Ig | Ri | SII,51,17,hybrid_projected_network_logcpm_exact
top3_network_beam_local_region_candidates,xz-L-RM_BRRL200004701-1A,RM,Temporal,Temporal | Operculum/Insula | Orbitomedial Prefrontal Cortex (OMPFC),1,1,Id,Iapl,Pi,9,0,0,Temporal::RM + RT + RTM,Operculum/Insula::G + Iapl + Id + Ig + Ri + SII,Operculum/Insula::Ia + Ial + Iapm + Pi,PrCo,4,0,0,low_resolution,nearest_centroid_corr>=0.95;fold_local_merged_confusion_group,G | Iapl | Id | Ig | Ri | SII,low_resolution,RM | RT | RTM,51,17,hybrid_projected_network_logcpm_exact
top3_network_beam_local_region_candidates,xz-L-AL_BRRL200004702-1A,AL,Temporal,"Temporal | Parietal, and Parieto-occipital region | Occipital/Temporal",1,1,TEa,CL,LIPd,29,0,0,Temporal::AL + R,Temporal::PGa + TAa + TEO + TEa + TEm + TEpd,Temporal::A1 + CL + CM + ML + TPO + Tpt,"Parietal, and Parieto-occipital region::3a/b + 5 + LIPd + LIPv + VIP",7,0,0,low_resolution,training_n<8;nearest_centroid_corr>=0.95;fold_local_merged_confusion_group,PGa | TAa | TEO | TEa | TEm | TEpd,low_resolution,AL | R,46,19,hybrid_projected_network_logcpm_exact
top3_network_beam_local_region_candidates,xz-L-TPO_BRRL200004703-1A,TPO,Temporal,Temporal | Operculum/Insula | Orbitomedial Prefrontal Cortex (OMPFC),1,1,TEav,STG,G,37,0,0,Temporal::A1 + CL + CM + ML + TEa + TPO + Tpt,Temporal::IPa + PGa + TEO + TEad + TEav + TEm + TEpd + TEpv,Temporal::RTL + STG,Operculum/Insula::G + Iapl + Id + Ig + Ri + SII,14,0,0,low_resolution,nearest_centroid_corr>=0.95;fold_local_merged_confusion_group,IPa | PGa | TEO | TEad | TEav | TEm | TEpd | TEpv,low_resolution,A1 | CL | CM | ML | TEa | TPO | Tpt,51,17,hybrid_projected_network_logcpm_exact
top3_network_beam_local_region_candidates,xz-L-PGa_BRRL200004704-1A,PGa,Temporal,"Temporal | Operculum/Insula | Parietal, and Parieto-occipital region",1,1,G,TEav,TAa,10,0,0,Temporal::A1 + CL + CM + IPa + ML + PGa + TPO + Tpt,Operculum/Insula::G + Iapl + Id + Ig + PrCo + Ri + SII,Temporal::TEO + TEad + TEav + TEm + TEpd + TEpv + TG,Temporal::AL + R + RM + RT + RTL + RTM + STG + TAa,4,0,0,low_resolution,nearest_centroid_corr>=0.95;fold_local_merged_confusion_group,G | Iapl | Id | Ig | PrCo | Ri | SII,low_resolution,A1 | CL | CM | IPa | ML | PGa | TPO | Tpt,48,11,hybrid_projected_network_logcpm_exact
top3_network_beam_local_region_candidates,qbt-L-LIpd_BRRL200004705-1A,LIPd,"Parietal, and Parieto-occipital region","Temporal | Parietal, and Parieto-occipital region | Occipital/Temporal",0,1,TEa,LIPd,MST,2,0,1,"Parietal, and Parieto-occipital region::1-2 + 5 + 7a + 7b + 7op + LIPd + LIPv + VIP",TEa,"Parietal, and Parieto-occipital region::1-2 + 5 + 7a + 7b + 7op + LIPd + LIPv + VIP",Occipital/Temporal::FST + MST,2,0,1,low_resolution,training_n<8;nearest_centroid_corr>=0.95,TEa,low_resolution,1-2 | 5 | 7a | 7b | 7op | LIPd | LIPv | VIP,46,20,hybrid_projected_network_logcpm_exact
top3_network_beam_local_region_candidates,qbt-R-3a-b-7-27_BRRL200004714-1A,3a/b,"Parietal, and Parieto-occipital region","Occipital/Temporal | Parietal, and Parieto-occipital region | Temporal",0,1,MT,MST,FST,7,0,0,"Parietal, and Parieto-occipital region::3a/b + 5 + LIPd + LIPv + VIP",MT,Occipital/Temporal::FST + MST,"Parietal, and Parieto-occipital region::3a/b + 5 + LIPd + LIPv + VIP",3,0,1,low_resolution,training_n<8;nearest_centroid_corr>=0.95,MT,low_resolution,3a/b | 5 | LIPd | LIPv | VIP,46,17,hybrid_projected_network_logcpm_exact
top3_network_beam_local_region_candidates,xz-R-F1-7-28_BRRL200004923-1A,F1,Frontal (agranular frontal motor areas),"Parietal, and Parieto-occipital region | Frontal (agranular frontal motor areas) | Lateral Prefrontal Cortex",0,1,F1,F2,3a/b,1,1,1,Frontal (agranular frontal motor areas)::F1 + F2,Frontal (agranular frontal motor areas)::F1 + F2,3a/b,"Parietal, and Parieto-occipital region::1-2 + 5 + 7a + 7b + 7op + LIPd + LIPv + VIP",1,1,1,low_resolution,nearest_centroid_corr>=0.95;fold_local_merged_confusion_group,F1 | F2,low_resolution,F1 | F2,30,11,hybrid_projected_network_logcpm_exact
top3_network_beam_local_region_candidates,xz-R-3a-b-7-28_BRRL200004924-1A,3a/b,"Parietal, and Parieto-occipital region","Parietal, and Parieto-occipital region | Occipital/Temporal | Temporal",1,1,MST,MT,VIP,7,0,0,"Parietal, and Parieto-occipital region::3a/b + 5 + LIPd + LIPv + VIP",Occipital/Temporal::FST + MST,MT,"Parietal, and Parieto-occipital region::3a/b + 5 + LIPd + LIPv + VIP",3,0,1,low_resolution,nearest_centroid_corr>=0.95;fold_local_merged_confusion_group,FST | MST,low_resolution,3a/b | 5 | LIPd | LIPv | VIP,46,17,hybrid_projected_network_logcpm_exact
top3_network_beam_local_region_candidates,xz-R-1-2-7-28_BRRL200004925-1A,1-2,"Parietal, and Parieto-occipital region","Parietal, and Parieto-occipital region | Temporal | Occipital/Temporal",1,1,TEa,VIP,3a/b,28,0,0,"Parietal, and Parieto-occipital region::1-2 + 7a + 7b + 7op",Temporal::A1 + CL + CM + ML + TEa + TPO + Tpt,"Parietal, and Parieto-occipital region::3a/b + 5 + LIPd + LIPv + VIP",MT,8,0,0,low_resolution,training_n<8;nearest_centroid_corr>=0.95;fold_local_merged_confusion_group,A1 | CL | CM | ML | TEa | TPO | Tpt,low_resolution,1-2 | 7a | 7b | 7op,46,19,hybrid_projected_network_logcpm_exact
top3_network_beam_local_region_candidates,xz-R-SII-7-28_BRRL200004926-1A,SII,Operculum/Insula,"Temporal | Parietal, and Parieto-occipital region | Orbitomedial Prefrontal Cortex (OMPFC)",0,0,PGa,IPa,TPO,111,0,0,outside_network_beam,Temporal::A1 + CL + CM + IPa + ML + PGa + TPO + Tpt,TEa,"Parietal, and Parieto-occipital region::1-2 + 5 + 7a + 7b + 7op + LIPd + LIPv + VIP",111,0,0,low_resolution,nearest_centroid_corr>=0.95;fold_local_merged_confusion_group,A1 | CL | CM | IPa | ML | PGa | TPO | Tpt,outside_network_beam,,50,17,hybrid_projected_network_logcpm_exact
top3_network_beam_local_region_candidates,xz-R-Ig-7-28_BRRL200004927-1A,Ig,Operculum/Insula,"Temporal | Parietal, and Parieto-occipital region | Operculum/Insula",0,1,PGa,SII,IPa,18,0,0,Operculum/Insula::G + Iapl + Id + Ig + PrCo + Ri + SII,Temporal::A1 + CL + CM + IPa + ML + PGa + TEa + Tpt,Operculum/Insula::G + Iapl + Id + Ig + PrCo + Ri + SII,TPO,2,0,1,low_resolution,nearest_centroid_corr>=0.95;fold_local_merged_confusion_group,A1 | CL | CM | IPa | ML | PGa | TEa | Tpt,low_resolution,G | Iapl | Id | Ig | PrCo | Ri | SII,48,14,hybrid_projected_network_logcpm_exact
top3_network_beam_local_region_candidates,xz-R-Id-7-28_BRRL200004928-1A,Id,Operculum/Insula,Operculum/Insula | Temporal | Orbitomedial Prefrontal Cortex (OMPFC),1,1,Iapl,Id,G,2,0,1,Operculum/Insula::G + Iapl + Id + Ig + Ri + SII,Operculum/Insula::G + Iapl + Id + Ig + Ri + SII,Temporal::RM + RT + RTM,PrCo,1,1,1,low_resolution,nearest_centroid_corr>=0.95;fold_local_merged_confusion_group,G | Iapl | Id | Ig | Ri | SII,low_resolution,G | Iapl | Id | Ig | Ri | SII,51,17,hybrid_projected_network_logcpm_exact
top3_network_beam_local_region_candidates,xz-R-RM-7-28_BRRL200004929-1A,RM,Temporal,Temporal | Operculum/Insula | Orbitomedial Prefrontal Cortex (OMPFC),1,1,Pi,Id,Ial,17,0,0,Temporal::RM + RT + RTM,Operculum/Insula::Ia + Ial + Iapm + Pi,Operculum/Insula::G + Iapl + Id + Ig + Ri + SII,Temporal::RM + RT + RTM,3,0,1,low_resolution,training_n<8;nearest_centroid_corr>=0.95;fold_local_merged_confusion_group,Ia | Ial | Iapm | Pi,low_resolution,RM | RT | RTM,51,17,hybrid_projected_network_logcpm_exact
top3_network_beam_local_region_candidates,xz-R-R-7-28_BRRL200004930-1A,R,Temporal,"Temporal | Operculum/Insula | Parietal, and Parieto-occipital region",1,1,G,PrCo,RM,17,0,0,Temporal::AL + R + RM + RT + RTL + RTM + TAa,Operculum/Insula::G + Iapl + Id + Ig + PrCo + Ri + SII,Temporal::AL + R + RM + RT + RTL + RTM + TAa,STG,2,0,1,low_resolution,nearest_centroid_corr>=0.95;fold_local_merged_confusion_group,G | Iapl | Id | Ig | PrCo | Ri | SII,low_resolution,AL | R | RM | RT | RTL | RTM | TAa,48,13,hybrid_projected_network_logcpm_exact
top3_network_beam_local_region_candidates,xz-R-TAa-7-28_BRRL200004931-1A,TAa,Temporal,"Temporal | Parietal, and Parieto-occipital region | Operculum/Insula",1,1,G,Ig,PrCo,10,0,0,TAa,Operculum/Insula::G + Iapl + Id + Ig + PrCo + Ri + SII,Temporal::TEO + TEad + TEav + TEm + TEpd + TEpv + TG,Temporal::AL + R + RM + RT + RTL + RTM + STG,5,0,0,low_resolution,nearest_centroid_corr>=0.95;fold_local_merged_confusion_group,G | Iapl | Id | Ig | PrCo | Ri | SII,low_resolution,TAa,48,12,hybrid_projected_network_logcpm_exact
top3_network_beam_local_region_candidates,xz-R-TPO-7-28_BRRL200004932-1A,TPO,Temporal,"Temporal | Parietal, and Parieto-occipital region | Occipital/Temporal",1,1,PGa,TAa,IPa,11,0,0,Temporal::A1 + CL + CM + ML + TPO + Tpt,Temporal::PGa + RT + RTL + RTM + STG + TAa + TEa,IPa,Temporal::TEO + TEad + TEm + TEpd,8,0,0,low_resolution,nearest_centroid_corr>=0.95;fold_local_merged_confusion_group,PGa | RT | RTL | RTM | STG | TAa | TEa,low_resolution,A1 | CL | CM | ML | TPO | Tpt,46,18,hybrid_projected_network_logcpm_exact
top3_network_beam_local_region_candidates,xz-R-PGa-7-28_BRRL200004933-1A,PGa,Temporal,"Temporal | Parietal, and Parieto-occipital region | Occipital/Temporal",1,1,PGa,IPa,TPO,1,1,1,Temporal::PGa + RT + RTL + RTM + STG + TAa + TEa,Temporal::PGa + RT + RTL + RTM + STG + TAa + TEa,Temporal::A1 + CL + CM + IPa + ML + TPO + Tpt,"Parietal, and Parieto-occipital region::1-2 + 5 + 7a + 7b + 7op + LIPd + LIPv + VIP",1,1,1,low_resolution,nearest_centroid_corr>=0.95;fold_local_merged_confusion_group,PGa | RT | RTL | RTM | STG | TAa | TEa,low_resolution,PGa | RT | RTL | RTM | STG | TAa | TEa,46,17,hybrid_projected_network_logcpm_exact
top3_network_beam_local_region_candidates,xz-R-Ipa-7-28_BRRL200004934-1A,IPa,Temporal,"Temporal | Parietal, and Parieto-occipital region | Occipital/Temporal",1,1,PGa,TEm,TEad,18,0,0,Temporal::A1 + CL + CM + IPa + ML + TPO + Tpt,Temporal::PGa + TAa + TEa,Temporal::TEO + TEad + TEm + TEpd,Temporal::A1 + CL + CM + IPa + ML + TPO + Tpt,3,0,1,low_resolution,nearest_centroid_corr>=0.95;fold_local_merged_confusion_group,PGa | TAa | TEa,low_resolution,A1 | CL | CM | IPa | ML | TPO | Tpt,46,18,hybrid_projected_network_logcpm_exact
top3_network_beam_local_region_candidates,xz-R-TEa-7-28_BRRL200004935-1A,TEa,Temporal,"Temporal | Parietal, and Parieto-occipital region | Occipital/Temporal",1,1,PGa,TPO,TEm,27,0,0,TEa,Temporal::PGa + RT + RTL + RTM + STG + TAa,Temporal::A1 + CL + CM + IPa + ML + TPO + Tpt,Temporal::TEO + TEad + TEm + TEpd,11,0,0,low_resolution,nearest_centroid_corr>=0.95;fold_local_merged_confusion_group,PGa | RT | RTL | RTM | STG | TAa,low_resolution,TEa,46,19,hybrid_projected_network_logcpm_exact
top3_network_beam_local_region_candidates,xz-R-TEm-7-28_BRRL200004936-1A,TEm,Temporal,"Temporal | Parietal, and Parieto-occipital region | Operculum/Insula",1,1,TEad,PGa,TAa,10,0,0,TEm,Temporal::TEad + TEav + TG,Temporal::A1 + CL + CM + IPa + ML + PGa + TPO + Tpt,Temporal::AL + R + RM + RT + RTL + RTM + TAa,7,0,0,low_resolution,nearest_centroid_corr>=0.95;fold_local_merged_confusion_group,TEad | TEav | TG,low_resolution,TEm,48,15,hybrid_projected_network_logcpm_exact
top3_network_beam_local_region_candidates,xz-R-24a-7-28_BRRL200004937-1A,24a,Cingulate gyrus,"Parietal, and Parieto-occipital region | Temporal | Lateral Prefrontal Cortex",0,0,46d,8Bs,8Bd,111,0,0,outside_network_beam,Lateral Prefrontal Cortex::10o + 12l + 12r + 46d + 46v + 8Bm + 9d + 9m,Lateral Prefrontal Cortex::44 + 45 + 8A + 8Bd + 8Bs,"Parietal, and Parieto-occipital region::1-2 + 5 + 7a + 7b + 7op + LIPd + LIPv + VIP",111,0,0,low_resolution,nearest_centroid_corr>=0.95;fold_local_merged_confusion_group,10o | 12l | 12r | 46d | 46v | 8Bm | 9d | 9m,outside_network_beam,,50,16,hybrid_projected_network_logcpm_exact
top3_network_beam_local_region_candidates,qbt-R-VIP-7-29_BRRL200004938-1A,VIP,"Parietal, and Parieto-occipital region","Parietal, and Parieto-occipital region | Occipital/Temporal | Temporal",1,1,MT,MST,LIPv,5,0,0,"Parietal, and Parieto-occipital region::3a/b + 5 + LIPd + LIPv + VIP",MT,Occipital/Temporal::FST + MST,"Parietal, and Parieto-occipital region::3a/b + 5 + LIPd + LIPv + VIP",3,0,1,low_resolution,training_n<8;nearest_centroid_corr>=0.95,MT,low_resolution,3a/b | 5 | LIPd | LIPv | VIP,46,17,hybrid_projected_network_logcpm_exact
top3_network_beam_local_region_candidates,qbt-R-LIpd-7-29_BRRL200004939-1A,LIPd,"Parietal, and Parieto-occipital region","Parietal, and Parieto-occipital region | Occipital/Temporal | Temporal",1,1,TEa,VIP,LIPv,5,0,0,"Parietal, and Parieto-occipital region::1-2 + 5 + 7a + 7b + 7op + LIPd + LIPv + VIP",TEa,"Parietal, and Parieto-occipital region::1-2 + 5 + 7a + 7b + 7op + LIPd + LIPv + VIP",MT,2,0,1,low_resolution,training_n<8;nearest_centroid_corr>=0.95,TEa,low_resolution,1-2 | 5 | 7a | 7b | 7op | LIPd | LIPv | VIP,46,19,hybrid_projected_network_logcpm_exact
top3_network_beam_local_region_candidates,qbt-R-7a-7-29_BRRL200004940-1A,7a,"Parietal, and Parieto-occipital region","Parietal, and Parieto-occipital region | Temporal | Occipital/Temporal",1,1,LIPd,TEa,IPa,6,0,0,"Parietal, and Parieto-occipital region::7a + 7b + 7op","Parietal, and Parieto-occipital region::5 + LIPd + LIPv + VIP",Temporal::PGa + RT + RTL + RTM + STG + TAa + TEa,IPa,5,0,0,low_resolution,nearest_centroid_corr>=0.95;fold_local_merged_confusion_group,5 | LIPd | LIPv | VIP,low_resolution,7a | 7b | 7op,46,20,hybrid_projected_network_logcpm_exact
top3_network_beam_local_region_candidates,qbt-R-MST-7-29_BRRL200004941-1A,MST,Occipital/Temporal,"Parietal, and Parieto-occipital region | Occipital/Temporal | Temporal",0,1,MT,MST,VIP,2,0,1,Occipital/Temporal::FST + MST,MT,Occipital/Temporal::FST + MST,"Parietal, and Parieto-occipital region::1-2 + 5 + 7a + 7b + 7op + LIPd + LIPv + VIP",2,0,1,low_resolution,training_n<8;nearest_centroid_corr>=0.95,MT,low_resolution,FST | MST,46,19,hybrid_projected_network_logcpm_exact
top3_network_beam_local_region_candidates,qbt-R-FST-7-29_BRRL200004943-1A,FST,Occipital/Temporal,"Occipital/Temporal | Parietal, and Parieto-occipital region | Temporal",1,1,MT,MST,VIP,4,0,0,Occipital/Temporal::FST + MST,MT,Occipital/Temporal::FST + MST,"Parietal, and Parieto-occipital region::1-2 + 5 + 7a + 7b + 7op + LIPd + LIPv + VIP",2,0,1,low_resolution,training_n<8;nearest_centroid_corr>=0.95,MT,low_resolution,FST | MST,46,18,hybrid_projected_network_logcpm_exact
top3_network_beam_local_region_candidates,qbt-R-V4v-7-29_BRRL200004944-1A,V4v,Occipital/Temporal,"Occipital/Temporal | Temporal | Parietal, and Parieto-occipital region",1,1,TEa,LIPd,CL,17,0,0,Occipital/Temporal::V4 + V4v,Temporal::PGa + RT + RTL + RTM + STG + TAa + TEa,"Parietal, and Parieto-occipital region::1-2 + 5 + 7a + 7b + 7op + LIPd + LIPv + VIP",Temporal::A1 + CL + CM + ML + TPO + Tpt,4,0,0,low_resolution,training_n<8;nearest_centroid_corr>=0.95;fold_local_merged_confusion_group,PGa | RT | RTL | RTM | STG | TAa | TEa,low_resolution,V4 | V4v,46,18,hybrid_projected_network_logcpm_exact
top3_network_beam_local_region_candidates,qbt-R-V3v-7-29_BRRL200004945-1A,V3v,Occipital/Temporal,"Temporal | Parietal, and Parieto-occipital region | Operculum/Insula",0,0,TEav,PrCo,G,111,0,0,outside_network_beam,Temporal::TEO + TEad + TEav + TEm + TEpd + TEpv + TG,Operculum/Insula::G + Iapl + Id + Ig + PrCo + Ri + SII,Temporal::AL + R + RM + RT + RTL + RTM + TAa,111,0,0,low_resolution,nearest_centroid_corr>=0.95;fold_local_merged_confusion_group,TEO | TEad | TEav | TEm | TEpd | TEpv | TG,outside_network_beam,,48,14,hybrid_projected_network_logcpm_exact
top3_network_beam_local_region_candidates,qbt-R-V2-7-29_BRRL200004946-1A,V2,Occipital/Temporal,Operculum/Insula | Temporal | Orbitomedial Prefrontal Cortex (OMPFC),0,0,36c,Pi,TF,111,0,0,outside_network_beam,36c,Operculum/Insula::Ia + Ial + Iapm + Pi,TF,111,0,0,low_resolution,training_n<8;nearest_centroid_corr>=0.95,36c,outside_network_beam,,51,17,hybrid_projected_network_logcpm_exact
top3_network_beam_local_region_candidates,xz-R-7m-7-30_BRRL200004947-1A,7m,"Parietal, and Parieto-occipital region","Parietal, and Parieto-occipital region | Temporal | Lateral Prefrontal Cortex",1,1,7a,7op,7b,19,0,0,7m,"Parietal, and Parieto-occipital region::1-2 + 5 + 7a + 7b + 7op + LIPd + LIPv + VIP",Temporal::PGa + TEO + TEa + TEad + TEav + TEm + TEpd,Temporal::A1 + AL + CL + CM + ML + R + TPO + Tpt,7,0,0,low_resolution,nearest_centroid_corr>=0.95;fold_local_merged_confusion_group,1-2 | 5 | 7a | 7b | 7op | LIPd | LIPv | VIP,low_resolution,7m,50,16,hybrid_projected_network_logcpm_exact
top3_network_beam_local_region_candidates,xz-R-VIP-7-30_BRRL200004948-1A,VIP,"Parietal, and Parieto-occipital region","Occipital/Temporal | Parietal, and Parieto-occipital region | Temporal",0,1,MT,MST,LIPv,5,0,0,"Parietal, and Parieto-occipital region::3a/b + 5 + LIPd + LIPv + VIP",MT,Occipital/Temporal::FST + MST,"Parietal, and Parieto-occipital region::3a/b + 5 + LIPd + LIPv + VIP",3,0,1,low_resolution,training_n<8;nearest_centroid_corr>=0.95,MT,low_resolution,3a/b | 5 | LIPd | LIPv | VIP,46,19,hybrid_projected_network_logcpm_exact
top3_network_beam_local_region_candidates,xz-R-LIpd-7-30_BRRL200004949-1A,LIPd,"Parietal, and Parieto-occipital region","Parietal, and Parieto-occipital region | Temporal | Occipital/Temporal",1,1,TEa,VIP,CL,4,0,0,"Parietal, and Parieto-occipital region::1-2 + 5 + 7a + 7b + 7op + LIPd + LIPv + VIP",TEa,"Parietal, and Parieto-occipital region::1-2 + 5 + 7a + 7b + 7op + LIPd + LIPv + VIP",Temporal::A1 + CL + CM + IPa + ML + TPO + Tpt,2,0,1,low_resolution,training_n<8;nearest_centroid_corr>=0.95,TEa,low_resolution,1-2 | 5 | 7a | 7b | 7op | LIPd | LIPv | VIP,46,19,hybrid_projected_network_logcpm_exact
top3_network_beam_local_region_candidates,xz-R-LIpv-7-30_BRRL200004950-1A,LIPv,"Parietal, and Parieto-occipital region","Occipital/Temporal | Parietal, and Parieto-occipital region | Temporal",0,1,MT,VIP,MST,5,0,0,"Parietal, and Parieto-occipital region::1-2 + 5 + 7a + 7b + 7op + LIPd + LIPv + VIP",MT,"Parietal, and Parieto-occipital region::1-2 + 5 + 7a + 7b + 7op + LIPd + LIPv + VIP",Occipital/Temporal::FST + MST,2,0,1,low_resolution,training_n<8;nearest_centroid_corr>=0.95,MT,low_resolution,1-2 | 5 | 7a | 7b | 7op | LIPd | LIPv | VIP,46,17,hybrid_projected_network_logcpm_exact
top3_network_beam_local_region_candidates,xz-R-7a-7-30_BRRL200004951-1A,7a,"Parietal, and Parieto-occipital region","Parietal, and Parieto-occipital region | Temporal | Occipital/Temporal",1,1,TEa,LIPd,PGa,11,0,0,"Parietal, and Parieto-occipital region::1-2 + 7a + 7b + 7op",Temporal::PGa + RT + RTL + RTM + STG + TAa + TEa,"Parietal, and Parieto-occipital region::3a/b + 5 + LIPd + LIPv + VIP",Temporal::A1 + CL + CM + IPa + ML + TPO + Tpt,4,0,0,low_resolution,training_n<8;nearest_centroid_corr>=0.95;fold_local_merged_confusion_group,PGa | RT | RTL | RTM | STG | TAa | TEa,low_resolution,1-2 | 7a | 7b | 7op,46,17,hybrid_projected_network_logcpm_exact
top3_network_beam_local_region_candidates,xz-R-MST-7-30_BRRL200004952-1A,MST,Occipital/Temporal,"Occipital/Temporal | Parietal, and Parieto-occipital region | Temporal",1,1,MST,MT,FST,1,1,1,Occipital/Temporal::FST + MST + V1 + V2 + V3d + V3v,Occipital/Temporal::FST + MST + V1 + V2 + V3d + V3v,MT,"Parietal, and Parieto-occipital region::1-2 + 5 + 7a + 7b + 7op + LIPd + LIPv + VIP",1,1,1,low_resolution,training_n<8;nearest_centroid_corr>=0.95;fold_local_merged_confusion_group,FST | MST | V1 | V2 | V3d | V3v,low_resolution,FST | MST | V1 | V2 | V3d | V3v,46,18,hybrid_projected_network_logcpm_exact
top3_network_beam_local_region_candidates,xz-R-V2-7-30_BRRL200004953-1A,V2,Occipital/Temporal,Temporal | Operculum/Insula | Orbitomedial Prefrontal Cortex (OMPFC),0,0,Pi,Ial,Iapm,111,0,0,outside_network_beam,Operculum/Insula::Ia + Ial + Iapm + Pi,Operculum/Insula::G + Iapl + Id + Ig + Ri + SII,Temporal::RM + RT + RTM,111,0,0,low_resolution,training_n<8;nearest_centroid_corr>=0.95;fold_local_merged_confusion_group,Ia | Ial | Iapm | Pi,outside_network_beam,,51,17,hybrid_projected_network_logcpm_exact
top3_network_beam_local_region_candidates,qbt-L-F3-8-2_BRRL200004954-1A,F3,Frontal (agranular frontal motor areas),"Frontal (agranular frontal motor areas) | Lateral Prefrontal Cortex | Parietal, and Parieto-occipital region",1,1,F2,F1,8Bs,8,0,0,F3,Frontal (agranular frontal motor areas)::F1 + F2,Lateral Prefrontal Cortex::44 + 45 + 8A + 8Bd + 8Bs,Frontal (agranular frontal motor areas)::F6 + F7,6,0,0,low_resolution,nearest_centroid_corr>=0.95;fold_local_merged_confusion_group,F1 | F2,low_resolution,F3,30,11,hybrid_projected_network_logcpm_exact
top3_network_beam_local_region_candidates,qbt-L-F2-8-2_BRRL200004955-1A,F2,Frontal (agranular frontal motor areas),"Frontal (agranular frontal motor areas) | Lateral Prefrontal Cortex | Parietal, and Parieto-occipital region",1,1,F1,F2,VIP,2,0,1,Frontal (agranular frontal motor areas)::F1 + F2,Frontal (agranular frontal motor areas)::F1 + F2,"Parietal, and Parieto-occipital region::1-2 + 5 + 7a + 7b + 7op + LIPd + LIPv + VIP",Lateral Prefrontal Cortex::44 + 45 + 8A + 8Bd + 8Bs,1,1,1,low_resolution,nearest_centroid_corr>=0.95;fold_local_merged_confusion_group,F1 | F2,low_resolution,F1 | F2,30,11,hybrid_projected_network_logcpm_exact
top3_network_beam_local_region_candidates,qbt-L-F1-8-2_BRRL200004956-1A,F1,Frontal (agranular frontal motor areas),"Frontal (agranular frontal motor areas) | Lateral Prefrontal Cortex | Parietal, and Parieto-occipital region",1,1,F1,F2,VIP,1,1,1,Frontal (agranular frontal motor areas)::F1 + F2,Frontal (agranular frontal motor areas)::F1 + F2,"Parietal, and Parieto-occipital region::1-2 + 5 + 7a + 7b + 7op + LIPd + LIPv + VIP",3a/b,1,1,1,low_resolution,nearest_centroid_corr>=0.95;fold_local_merged_confusion_group,F1 | F2,low_resolution,F1 | F2,30,11,hybrid_projected_network_logcpm_exact
top3_network_beam_local_region_candidates,qbt-L-STGr-8-2_BRRL200004957-1A,STG,Temporal,Temporal | Operculum/Insula | Orbitomedial Prefrontal Cortex (OMPFC),1,1,PrCo,TAa,TEav,4,0,0,Temporal::RTL + STG,PrCo,TAa,Temporal::IPa + PGa + TEO + TEad + TEav + TEm + TEpd + TEpv,4,0,0,low_resolution,nearest_centroid_corr>=0.95,PrCo,low_resolution,RTL | STG,51,16,hybrid_projected_network_logcpm_exact
top3_network_beam_local_region_candidates,qbt-L-1-2-8-2_BRRL200004958-1A,1-2,"Parietal, and Parieto-occipital region","Parietal, and Parieto-occipital region | Temporal | Occipital/Temporal",1,1,TEa,LIPd,3a/b,26,0,0,"Parietal, and Parieto-occipital region::1-2 + 5 + 7a + 7b + 7op + LIPd + LIPv + VIP",Temporal::PGa + TAa + TEa,"Parietal, and Parieto-occipital region::1-2 + 5 + 7a + 7b + 7op + LIPd + LIPv + VIP",3a/b,2,0,1,low_resolution,training_n<8;nearest_centroid_corr>=0.95;fold_local_merged_confusion_group,PGa | TAa | TEa,low_resolution,1-2 | 5 | 7a | 7b | 7op | LIPd | LIPv | VIP,46,19,hybrid_projected_network_logcpm_exact
top3_network_beam_local_region_candidates,qbt-L-SII-8-2_BRRL200004959-1A,SII,Operculum/Insula,"Temporal | Parietal, and Parieto-occipital region | Occipital/Temporal",0,0,7a,TEa,IPa,111,0,0,outside_network_beam,"Parietal, and Parieto-occipital region::1-2 + 5 + 7a + 7b + 7op + LIPd + LIPv + VIP",Temporal::PGa + RT + RTL + RTM + STG + TAa + TEa,Temporal::A1 + CL + CM + IPa + ML + TPO + Tpt,111,0,0,low_resolution,nearest_centroid_corr>=0.95;fold_local_merged_confusion_group,1-2 | 5 | 7a | 7b | 7op | LIPd | LIPv | VIP,outside_network_beam,,46,17,hybrid_projected_network_logcpm_exact
top3_network_beam_local_region_candidates,xz-L-F1-8-2_BRRL200004960-1A,F1,Frontal (agranular frontal motor areas),"Parietal, and Parieto-occipital region | Frontal (agranular frontal motor areas) | Lateral Prefrontal Cortex",0,1,F1,LIPv,3a/b,1,1,1,Frontal (agranular frontal motor areas)::F1 + F2,Frontal (agranular frontal motor areas)::F1 + F2,"Parietal, and Parieto-occipital region::1-2 + 5 + 7a + 7b + 7op + LIPd + LIPv + VIP",3a/b,1,1,1,low_resolution,nearest_centroid_corr>=0.95;fold_local_merged_confusion_group,F1 | F2,low_resolution,F1 | F2,30,11,hybrid_projected_network_logcpm_exact
top3_network_beam_local_region_candidates,xz-L-3a-b-8-2_BRRL200004961-1A,3a/b,"Parietal, and Parieto-occipital region","Parietal, and Parieto-occipital region | Temporal | Occipital/Temporal",1,1,TEa,CL,LIPd,4,0,0,3a/b,Temporal::PGa + RT + RTL + RTM + STG + TAa + TEa,Temporal::A1 + CL + CM + IPa + ML + TPO + Tpt,"Parietal, and Parieto-occipital region::1-2 + 5 + 7a + 7b + 7op + LIPd + LIPv + VIP",4,0,0,low_resolution,training_n<8;nearest_centroid_corr>=0.95;fold_local_merged_confusion_group,PGa | RT | RTL | RTM | STG | TAa | TEa,low_resolution,3a/b,46,17,hybrid_projected_network_logcpm_exact
top3_network_beam_local_region_candidates,xz-L-1-2-8-2_BRRL200004962-1A,1-2,"Parietal, and Parieto-occipital region","Temporal | Parietal, and Parieto-occipital region | Occipital/Temporal",0,1,PGa,TPO,7a,8,0,0,"Parietal, and Parieto-occipital region::1-2 + 5 + 7a + 7b + 7op + LIPd + LIPv + VIP",Temporal::PGa + RT + RTL + RTM + STG + TAa + TEa,Temporal::A1 + CL + CM + IPa + ML + TPO + Tpt,"Parietal, and Parieto-occipital region::1-2 + 5 + 7a + 7b + 7op + LIPd + LIPv + VIP",3,0,1,low_resolution,nearest_centroid_corr>=0.95;fold_local_merged_confusion_group,PGa | RT | RTL | RTM | STG | TAa | TEa,low_resolution,1-2 | 5 | 7a | 7b | 7op | LIPd | LIPv | VIP,46,17,hybrid_projected_network_logcpm_exact
top3_network_beam_local_region_candidates,xz-L-F2-8-2_BRRL200004964-1A,F2,Frontal (agranular frontal motor areas),"Parietal, and Parieto-occipital region | Lateral Prefrontal Cortex | Frontal (agranular frontal motor areas)",0,1,F1,3a/b,VIP,5,0,0,Frontal (agranular frontal motor areas)::F1 + F2,Frontal (agranular frontal motor areas)::F1 + F2,3a/b,"Parietal, and Parieto-occipital region::1-2 + 5 + 7a + 7b + 7op + LIPd + LIPv + VIP",1,1,1,low_resolution,nearest_centroid_corr>=0.95;fold_local_merged_confusion_group,F1 | F2,low_resolution,F1 | F2,30,11,hybrid_projected_network_logcpm_exact
top3_network_beam_local_region_candidates,qbt-L-Ig-8-10_BRRL200004965-1A,Ig,Operculum/Insula,"Temporal | Parietal, and Parieto-occipital region | Operculum/Insula",0,1,PGa,PrCo,TAa,17,0,0,Operculum/Insula::G + Iapl + Id + Ig + PrCo + Ri + SII,Temporal::A1 + CL + CM + IPa + ML + PGa + TEa + Tpt,Operculum/Insula::G + Iapl + Id + Ig + PrCo + Ri + SII,Temporal::AL + R + RM + RT + RTL + RTM + TAa,2,0,1,low_resolution,nearest_centroid_corr>=0.95;fold_local_merged_confusion_group,A1 | CL | CM | IPa | ML | PGa | TEa | Tpt,low_resolution,G | Iapl | Id | Ig | PrCo | Ri | SII,48,14,hybrid_projected_network_logcpm_exact
top3_network_beam_local_region_candidates,qbt-L-Id-8-10_BRRL200004966-1A,Id,Operculum/Insula,Temporal | Operculum/Insula | Orbitomedial Prefrontal Cortex (OMPFC),0,1,Iapl,Id,G,2,0,1,Operculum/Insula::G + Iapl + Id + Ig + Ri + SII,Operculum/Insula::G + Iapl + Id + Ig + Ri + SII,PrCo,Operculum/Insula::Ia + Ial + Iapm + Pi,1,1,1,low_resolution,nearest_centroid_corr>=0.95;fold_local_merged_confusion_group,G | Iapl | Id | Ig | Ri | SII,low_resolution,G | Iapl | Id | Ig | Ri | SII,51,18,hybrid_projected_network_logcpm_exact
top3_network_beam_local_region_candidates,qbt-L-pi-8-10_BRRL200004967-1A,Pi,Operculum/Insula,Temporal | Operculum/Insula | Orbitomedial Prefrontal Cortex (OMPFC),0,1,Ial,Iapl,Id,4,0,0,Operculum/Insula::Ia + Ial + Iapm + Pi,Operculum/Insula::Ia + Ial + Iapm + Pi,Operculum/Insula::G + Iapl + Id + Ig + PrCo + Ri + SII,Temporal::RM + RT + RTM,1,1,1,low_resolution,nearest_centroid_corr>=0.95;fold_local_merged_confusion_group,Ia | Ial | Iapm | Pi,low_resolution,Ia | Ial | Iapm | Pi,51,16,hybrid_projected_network_logcpm_exact
top3_network_beam_local_region_candidates,qbt-L-TEa-8-10_BRRL200004968-1A,TEa,Temporal,"Temporal | Occipital/Temporal | Parietal, and Parieto-occipital region",1,1,TEa,V4v,IPa,1,1,1,TEa,TEa,Occipital/Temporal::V4 + V4v,Temporal::A1 + CL + CM + IPa + ML + TPO + Tpt,1,1,1,low_resolution,training_n<8;nearest_centroid_corr>=0.95,TEa,low_resolution,TEa,46,18,hybrid_projected_network_logcpm_exact
top3_network_beam_local_region_candidates,qbt-L-TEad-8-11_BRRL200004969-1A,TEad,Temporal,"Temporal | Occipital/Temporal | Parietal, and Parieto-occipital region",1,1,TEa,V4v,V4,34,0,0,Temporal::PGa + TEO + TEa + TEad + TEav + TEm + TEpd,Temporal::PGa + TEO + TEa + TEad + TEav + TEm + TEpd,Occipital/Temporal::V4 + V4v,IPa,1,1,1,low_resolution,training_n<8;nearest_centroid_corr>=0.95;fold_local_merged_confusion_group,PGa | TEO | TEa | TEad | TEav | TEm | TEpd,low_resolution,PGa | TEO | TEa | TEad | TEav | TEm | TEpd,46,18,hybrid_projected_network_logcpm_exact
top3_network_beam_local_region_candidates,qbt-L-24c-8-11_BRRL200004971-1A,24c,Cingulate gyrus,"Lateral Prefrontal Cortex | Orbitomedial Prefrontal Cortex (OMPFC) | Parietal, and Parieto-occipital region",0,0,9m,46v,46d,111,0,0,outside_network_beam,Lateral Prefrontal Cortex::10o + 12l + 12r + 46d + 46v + 9m,Lateral Prefrontal Cortex::44 + 45 + 8A + 8Bd + 8Bm + 8Bs + 9d,Orbitomedial Prefrontal Cortex (OMPFC)::11l + 12m + 13l + 13m,111,0,0,low_resolution,nearest_centroid_corr>=0.95;fold_local_merged_confusion_group,10o | 12l | 12r | 46d | 46v | 9m,outside_network_beam,,36,11,hybrid_projected_network_logcpm_exact
top3_network_beam_local_region_candidates,xz-L-24c-8-11_BRRL200004974-1A,24c,Cingulate gyrus,Cingulate gyrus | Orbitomedial Prefrontal Cortex (OMPFC) | Lateral Prefrontal Cortex,1,1,24c,12o,11l,1,1,1,Cingulate gyrus::24b + 24c,Cingulate gyrus::24b + 24c,Orbitomedial Prefrontal Cortex (OMPFC)::11l + 12m + 12o + 13l + 13m,Lateral Prefrontal Cortex::44 + 45 + 8A + 8Bd + 8Bm + 8Bs + 9d + 9m,1,1,1,low_resolution,nearest_centroid_corr>=0.95;fold_local_merged_confusion_group,24b | 24c,low_resolution,24b | 24c,36,14,hybrid_projected_network_logcpm_exact
top3_network_beam_local_region_candidates,xz-L-9m-8-12_BRRL200004975-1A,9m,Lateral Prefrontal Cortex,Orbitomedial Prefrontal Cortex (OMPFC) | Lateral Prefrontal Cortex | Cingulate gyrus,0,1,24c,12o,11l,10,0,0,Lateral Prefrontal Cortex::10o + 12l + 12r + 46d + 46v + 8Bm + 9d + 9m,Cingulate gyrus::24b + 24c,Orbitomedial Prefrontal Cortex (OMPFC)::11l + 12m + 12o + 13l + 13m,11m,6,0,0,low_resolution,nearest_centroid_corr>=0.95;fold_local_merged_confusion_group,24b | 24c,low_resolution,10o | 12l | 12r | 46d | 46v | 8Bm | 9d | 9m,36,14,hybrid_projected_network_logcpm_exact
top3_network_beam_local_region_candidates,xz-L-9d-8-12_BRRL200004976-1A,9d,Lateral Prefrontal Cortex,"Lateral Prefrontal Cortex | Orbitomedial Prefrontal Cortex (OMPFC) | Parietal, and Parieto-occipital region",1,1,8Bd,46d,46v,5,0,0,Lateral Prefrontal Cortex::10o + 12l + 12r + 46d + 46v + 8Bm + 9d + 9m,Lateral Prefrontal Cortex::44 + 45 + 8A + 8Bd + 8Bs,Lateral Prefrontal Cortex::10o + 12l + 12r + 46d + 46v + 8Bm + 9d + 9m,Orbitomedial Prefrontal Cortex (OMPFC)::11l + 12m + 13l + 13m,2,0,1,low_resolution,nearest_centroid_corr>=0.95;fold_local_merged_confusion_group,44 | 45 | 8A | 8Bd | 8Bs,low_resolution,10o | 12l | 12r | 46d | 46v | 8Bm | 9d | 9m,36,11,hybrid_projected_network_logcpm_exact
top3_network_beam_local_region_candidates,xz-L-46d-8-12_BRRL200004977-1A,46d,Lateral Prefrontal Cortex,"Lateral Prefrontal Cortex | Orbitomedial Prefrontal Cortex (OMPFC) | Parietal, and Parieto-occipital region",1,1,46v,46d,12m,2,0,1,Lateral Prefrontal Cortex::10o + 12l + 12r + 46d + 46v + 8Bm + 9d + 9m,Lateral Prefrontal Cortex::10o + 12l + 12r + 46d + 46v + 8Bm + 9d + 9m,Orbitomedial Prefrontal Cortex (OMPFC)::11l + 12m + 13l + 13m,Orbitomedial Prefrontal Cortex (OMPFC)::10m + 11m,1,1,1,low_resolution,nearest_centroid_corr>=0.95;fold_local_merged_confusion_group,10o | 12l | 12r | 46d | 46v | 8Bm | 9d | 9m,low_resolution,10o | 12l | 12r | 46d | 46v | 8Bm | 9d | 9m,36,11,hybrid_projected_network_logcpm_exact
top3_network_beam_local_region_candidates,xz-L-46v-8-12_BRRL200004978-1A,46v,Lateral Prefrontal Cortex,"Parietal, and Parieto-occipital region | Lateral Prefrontal Cortex | Temporal",0,1,46d,46v,45,2,0,1,Lateral Prefrontal Cortex::10o + 12l + 12r + 46d + 46v,Lateral Prefrontal Cortex::10o + 12l + 12r + 46d + 46v,Lateral Prefrontal Cortex::44 + 45 + 8A + 8Bd + 8Bm + 8Bs + 9d + 9m,"Parietal, and Parieto-occipital region::1-2 + 5 + 7a + 7b + 7op + LIPd + LIPv + VIP",1,1,1,low_resolution,nearest_centroid_corr>=0.95;fold_local_merged_confusion_group,10o | 12l | 12r | 46d | 46v,low_resolution,10o | 12l | 12r | 46d | 46v,50,16,hybrid_projected_network_logcpm_exact
top3_network_beam_local_region_candidates,xz-L-12r-8-12_BRRL200004979-1A,12r,Lateral Prefrontal Cortex,"Parietal, and Parieto-occipital region | Lateral Prefrontal Cortex | Temporal",0,1,45,46d,8A,23,0,0,Lateral Prefrontal Cortex::10o + 12l + 12r + 46d + 46v,Lateral Prefrontal Cortex::44 + 45 + 8A + 8Bd + 8Bm + 8Bs + 9d + 9m,Lateral Prefrontal Cortex::10o + 12l + 12r + 46d + 46v,"Parietal, and Parieto-occipital region::1-2 + 5 + 7a + 7b + 7op + LIPd + LIPv + VIP",2,0,1,low_resolution,nearest_centroid_corr>=0.95;fold_local_merged_confusion_group,44 | 45 | 8A | 8Bd | 8Bm | 8Bs | 9d | 9m,low_resolution,10o | 12l | 12r | 46d | 46v,50,16,hybrid_projected_network_logcpm_exact
top3_network_beam_local_region_candidates,xz-L-12m-8-12_BRRL200004980-1A,12m,Orbitomedial Prefrontal Cortex (OMPFC),"Parietal, and Parieto-occipital region | Temporal | Lateral Prefrontal Cortex",0,0,45,46d,7a,111,0,0,outside_network_beam,Lateral Prefrontal Cortex::44 + 45 + 8A + 8Bd + 8Bs,Lateral Prefrontal Cortex::10o + 12l + 12r + 46d + 46v + 8Bm + 9d + 9m,"Parietal, and Parieto-occipital region::1-2 + 5 + 7a + 7b + 7op + LIPd + LIPv + VIP",111,0,0,low_resolution,nearest_centroid_corr>=0.95;fold_local_merged_confusion_group,44 | 45 | 8A | 8Bd | 8Bs,outside_network_beam,,50,16,hybrid_projected_network_logcpm_exact
top3_network_beam_local_region_candidates,xz-L-13b-8-12_BRRL200004981-1A,13b,Orbitomedial Prefrontal Cortex (OMPFC),Orbitomedial Prefrontal Cortex (OMPFC) | Temporal | Operculum/Insula,1,1,11m,11l,12o,8,0,0,Orbitomedial Prefrontal Cortex (OMPFC)::13a + 13b + 14c + 14r + 25,Orbitomedial Prefrontal Cortex (OMPFC)::11l + 11m + 12m + 12o + 13l + 13m + 32,PrCo,10m,4,0,0,low_resolution,training_n<8;nearest_centroid_corr>=0.95;fold_local_merged_confusion_group,11l | 11m | 12m | 12o | 13l | 13m | 32,low_resolution,13a | 13b | 14c | 14r | 25,51,17,hybrid_projected_network_logcpm_exact
top3_network_beam_local_region_candidates,xz-L-14r-8-12_BRRL200004982-1A,14r,Orbitomedial Prefrontal Cortex (OMPFC),Orbitomedial Prefrontal Cortex (OMPFC) | Operculum/Insula | Temporal,1,1,14c,14r,11m,2,0,1,Orbitomedial Prefrontal Cortex (OMPFC)::12o + 13a + 13b + 14c + 14r + 25 + 32,Orbitomedial Prefrontal Cortex (OMPFC)::12o + 13a + 13b + 14c + 14r + 25 + 32,Orbitomedial Prefrontal Cortex (OMPFC)::11l + 11m + 12m + 13l + 13m,10m,1,1,1,low_resolution,nearest_centroid_corr>=0.95;fold_local_merged_confusion_group,12o | 13a | 13b | 14c | 14r | 25 | 32,low_resolution,12o | 13a | 13b | 14c | 14r | 25 | 32,51,17,hybrid_projected_network_logcpm_exact
top3_network_beam_local_region_candidates,xz-L-32-8-12_BRRL200004983-1A,32,Orbitomedial Prefrontal Cortex (OMPFC),Orbitomedial Prefrontal Cortex (OMPFC) | Cingulate gyrus | Operculum/Insula,1,1,32,24c,24b,1,1,1,Orbitomedial Prefrontal Cortex (OMPFC)::10m + 13a + 13b + 14c + 14r + 25 + 32,Orbitomedial Prefrontal Cortex (OMPFC)::10m + 13a + 13b + 14c + 14r + 25 + 32,Cingulate gyrus::23b + 23c + 24b + 24b' + 24c + 24c',Operculum/Insula::Ia + Ial + Iapm + Pi,1,1,1,low_resolution,training_n<8;nearest_centroid_corr>=0.95;fold_local_merged_confusion_group,10m | 13a | 13b | 14c | 14r | 25 | 32,low_resolution,10m | 13a | 13b | 14c | 14r | 25 | 32,34,9,hybrid_projected_network_logcpm_exact
top3_network_beam_local_region_candidates,xz-L-24c-8-12_BRRL200004984-1A,24c,Cingulate gyrus,Orbitomedial Prefrontal Cortex (OMPFC) | Cingulate gyrus | Operculum/Insula,0,1,32,24b,24c,3,0,1,Cingulate gyrus::23b + 23c + 24b + 24b' + 24c + 24c',Orbitomedial Prefrontal Cortex (OMPFC)::10m + 13a + 13b + 14c + 14r + 25 + 32,Cingulate gyrus::23b + 23c + 24b + 24b' + 24c + 24c',Orbitomedial Prefrontal Cortex (OMPFC)::11l + 11m + 12m + 12o + 13l + 13m,2,0,1,low_resolution,nearest_centroid_corr>=0.95;fold_local_merged_confusion_group,10m | 13a | 13b | 14c | 14r | 25 | 32,low_resolution,23b | 23c | 24b | 24b' | 24c | 24c',34,9,hybrid_projected_network_logcpm_exact
top3_network_beam_local_region_candidates,qbt-L-9m-8-13_BRRL200004985-1A,9m,Lateral Prefrontal Cortex,Lateral Prefrontal Cortex | Orbitomedial Prefrontal Cortex (OMPFC) | Cingulate gyrus,1,1,11l,12o,24c,4,0,0,Lateral Prefrontal Cortex::10o + 12l + 12r + 46d + 46v + 8Bm + 9d + 9m,Orbitomedial Prefrontal Cortex (OMPFC)::11l + 12m + 12o + 13l + 13m,Cingulate gyrus::24b + 24c,Lateral Prefrontal Cortex::10o + 12l + 12r + 46d + 46v + 8Bm + 9d + 9m,3,0,1,low_resolution,nearest_centroid_corr>=0.95;fold_local_merged_confusion_group,11l | 12m | 12o | 13l | 13m,low_resolution,10o | 12l | 12r | 46d | 46v | 8Bm | 9d | 9m,36,14,hybrid_projected_network_logcpm_exact
top3_network_beam_local_region_candidates,qbt-L-46v-8-13_BRRL200004986-1A,46v,Lateral Prefrontal Cortex,"Lateral Prefrontal Cortex | Parietal, and Parieto-occipital region | Orbitomedial Prefrontal Cortex (OMPFC)",1,1,46d,46v,12m,2,0,1,Lateral Prefrontal Cortex::10o + 12l + 12r + 46d + 46v + 9m,Lateral Prefrontal Cortex::10o + 12l + 12r + 46d + 46v + 9m,Orbitomedial Prefrontal Cortex (OMPFC)::11l + 12m + 13l + 13m,Lateral Prefrontal Cortex::44 + 45 + 8A + 8Bd + 8Bm + 8Bs + 9d,1,1,1,low_resolution,nearest_centroid_corr>=0.95;fold_local_merged_confusion_group,10o | 12l | 12r | 46d | 46v | 9m,low_resolution,10o | 12l | 12r | 46d | 46v | 9m,36,11,hybrid_projected_network_logcpm_exact
top3_network_beam_local_region_candidates,qbt-L-12r-8-13_BRRL200004987-1A,12r,Lateral Prefrontal Cortex,"Parietal, and Parieto-occipital region | Lateral Prefrontal Cortex | Temporal",0,1,46d,45,46v,14,0,0,Lateral Prefrontal Cortex::10o + 12l + 12r + 46d + 46v,Lateral Prefrontal Cortex::10o + 12l + 12r + 46d + 46v,Lateral Prefrontal Cortex::44 + 45 + 8A + 8Bd + 8Bm + 8Bs + 9d + 9m,"Parietal, and Parieto-occipital region::1-2 + 5 + 7a + 7b + 7op + LIPd + LIPv + VIP",1,1,1,low_resolution,nearest_centroid_corr>=0.95;fold_local_merged_confusion_group,10o | 12l | 12r | 46d | 46v,low_resolution,10o | 12l | 12r | 46d | 46v,50,16,hybrid_projected_network_logcpm_exact
top3_network_beam_local_region_candidates,qbt-L-12m-8-13_BRRL200004988-1A,12m,Orbitomedial Prefrontal Cortex (OMPFC),"Temporal | Parietal, and Parieto-occipital region | Lateral Prefrontal Cortex",0,0,46v,46d,12r,111,0,0,outside_network_beam,Lateral Prefrontal Cortex::10o + 12l + 12r + 46d + 46v + 8Bm + 9d + 9m,Lateral Prefrontal Cortex::44 + 45 + 8A + 8Bd + 8Bs,"Parietal, and Parieto-occipital region::1-2 + 5 + 7a + 7b + 7op + LIPd + LIPv + VIP",111,0,0,low_resolution,nearest_centroid_corr>=0.95;fold_local_merged_confusion_group,10o | 12l | 12r | 46d | 46v | 8Bm | 9d | 9m,outside_network_beam,,50,16,hybrid_projected_network_logcpm_exact
top3_network_beam_local_region_candidates,qbt-L-11m-8-13_BRRL200004989-1A,11m,Orbitomedial Prefrontal Cortex (OMPFC),"Lateral Prefrontal Cortex | Orbitomedial Prefrontal Cortex (OMPFC) | Parietal, and Parieto-occipital region",0,1,46v,11l,13m,10,0,0,Orbitomedial Prefrontal Cortex (OMPFC)::10m + 11m + 13b + 14r,Lateral Prefrontal Cortex::10o + 12l + 12r + 46d + 46v + 9m,Orbitomedial Prefrontal Cortex (OMPFC)::11l + 12m + 13l + 13m,Orbitomedial Prefrontal Cortex (OMPFC)::10m + 11m + 13b + 14r,3,0,1,low_resolution,nearest_centroid_corr>=0.95;fold_local_merged_confusion_group,10o | 12l | 12r | 46d | 46v | 9m,low_resolution,10m | 11m | 13b | 14r,36,10,hybrid_projected_network_logcpm_exact
top3_network_beam_local_region_candidates,qbt-L-11l-8-13_BRRL200004990-1A,11l,Orbitomedial Prefrontal Cortex (OMPFC),"Temporal | Parietal, and Parieto-occipital region | Orbitomedial Prefrontal Cortex (OMPFC)",0,1,12m,11m,13l,4,0,0,Orbitomedial Prefrontal Cortex (OMPFC)::11l + 12m + 13l + 13m,Orbitomedial Prefrontal Cortex (OMPFC)::11l + 12m + 13l + 13m,Orbitomedial Prefrontal Cortex (OMPFC)::10m + 11m,TAa,1,1,1,low_resolution,training_n<8;nearest_centroid_corr>=0.95;fold_local_merged_confusion_group,11l | 12m | 13l | 13m,low_resolution,11l | 12m | 13l | 13m,50,18,hybrid_projected_network_logcpm_exact
top3_network_beam_local_region_candidates,qbt-L-13b-8-13_BRRL200004991-1A,13b,Orbitomedial Prefrontal Cortex (OMPFC),Orbitomedial Prefrontal Cortex (OMPFC) | Temporal | Lateral Prefrontal Cortex,1,1,11l,10o,11m,11,0,0,Orbitomedial Prefrontal Cortex (OMPFC)::10m + 11m + 13b + 14r,Orbitomedial Prefrontal Cortex (OMPFC)::11l + 12m + 12o + 13l + 13m + 32,Lateral Prefrontal Cortex::10o + 12l + 12r + 46d + 46v,Orbitomedial Prefrontal Cortex (OMPFC)::10m + 11m + 13b + 14r,3,0,1,low_resolution,nearest_centroid_corr>=0.95;fold_local_merged_confusion_group,11l | 12m | 12o | 13l | 13m | 32,low_resolution,10m | 11m | 13b | 14r,53,14,hybrid_projected_network_logcpm_exact
top3_network_beam_local_region_candidates,qbt-L-10m-8-13_BRRL200004992-1A,10m,Orbitomedial Prefrontal Cortex (OMPFC),Orbitomedial Prefrontal Cortex (OMPFC) | Operculum/Insula | Cingulate gyrus,1,1,24c,Iapl,Id,32,0,0,Orbitomedial Prefrontal Cortex (OMPFC)::10m + 13a + 13b + 14c + 14r + 25 + 32,Cingulate gyrus::23b + 23c + 24b + 24b' + 24c + 24c',Operculum/Insula::G + Iapl + Id + Ig + PrCo + Ri + SII,24a,5,0,0,low_resolution,nearest_centroid_corr>=0.95;fold_local_merged_confusion_group,23b | 23c | 24b | 24b' | 24c | 24c',low_resolution,10m | 13a | 13b | 14c | 14r | 25 | 32,34,10,hybrid_projected_network_logcpm_exact
top3_network_beam_local_region_candidates,qbt-L-24c-8-13_BRRL200004993-1A,24c,Cingulate gyrus,Orbitomedial Prefrontal Cortex (OMPFC) | Cingulate gyrus | Operculum/Insula,0,1,32,24b,14c,4,0,0,Cingulate gyrus::23b + 23c + 24b + 24b' + 24c + 24c',Orbitomedial Prefrontal Cortex (OMPFC)::10m + 13a + 13b + 14c + 14r + 25 + 32,Cingulate gyrus::23b + 23c + 24b + 24b' + 24c + 24c',Orbitomedial Prefrontal Cortex (OMPFC)::11l + 11m + 12m + 12o + 13l + 13m,2,0,1,low_resolution,nearest_centroid_corr>=0.95;fold_local_merged_confusion_group,10m | 13a | 13b | 14c | 14r | 25 | 32,low_resolution,23b | 23c | 24b | 24b' | 24c | 24c',34,9,hybrid_projected_network_logcpm_exact
top3_network_beam_local_region_candidates,qbt-L-F5-8-14_BRRL200006259-1A,F5,Frontal (agranular frontal motor areas),"Lateral Prefrontal Cortex | Frontal (agranular frontal motor areas) | Parietal, and Parieto-occipital region",0,1,8Bs,F7,F2,28,0,0,F5,Lateral Prefrontal Cortex::44 + 45 + 8A + 8Bd + 8Bs,Frontal (agranular frontal motor areas)::F6 + F7,Frontal (agranular frontal motor areas)::F1 + F2,11,0,0,low_resolution,nearest_centroid_corr>=0.95;fold_local_merged_confusion_group,44 | 45 | 8A | 8Bd | 8Bs,low_resolution,F5,30,11,hybrid_projected_network_logcpm_exact
top3_network_beam_local_region_candidates,qbt-L-F4-8-14_BRRL200006260-1A,F4,Frontal (agranular frontal motor areas),"Parietal, and Parieto-occipital region | Lateral Prefrontal Cortex | Frontal (agranular frontal motor areas)",0,1,8Bs,F7,F4,3,0,1,F4,Lateral Prefrontal Cortex::44 + 45 + 8A + 8Bd + 8Bs,Frontal (agranular frontal motor areas)::F6 + F7,F4,3,0,1,low_resolution,nearest_centroid_corr>=0.95;fold_local_merged_confusion_group,44 | 45 | 8A | 8Bd | 8Bs,low_resolution,F4,30,11,hybrid_projected_network_logcpm_exact
top3_network_beam_local_region_candidates,qbt-L-Prco-8-14_BRRL200006261-1A,PrCo,Operculum/Insula,Orbitomedial Prefrontal Cortex (OMPFC) | Temporal | Operculum/Insula,0,1,PrCo,12o,11l,1,1,1,Operculum/Insula::G + Iapl + Id + Ig + PrCo + Ri + SII,Operculum/Insula::G + Iapl + Id + Ig + PrCo + Ri + SII,Orbitomedial Prefrontal Cortex (OMPFC)::11l + 11m + 12m + 12o + 13l + 13m + 32,Orbitomedial Prefrontal Cortex (OMPFC)::13a + 13b + 14c + 14r + 25,1,1,1,low_resolution,training_n<8;nearest_centroid_corr>=0.95;fold_local_merged_confusion_group,G | Iapl | Id | Ig | PrCo | Ri | SII,low_resolution,G | Iapl | Id | Ig | PrCo | Ri | SII,51,16,hybrid_projected_network_logcpm_exact
top3_network_beam_local_region_candidates,qbt-L-G-8-14_BRRL200006262-1A,G,Operculum/Insula,"Temporal | Parietal, and Parieto-occipital region | Operculum/Insula",0,1,PGa,SII,PrCo,4,0,0,Operculum/Insula::G + Ig + Ri + SII,Temporal::A1 + CL + CM + IPa + ML + PGa + TEa + Tpt,Operculum/Insula::G + Ig + Ri + SII,PrCo,2,0,1,low_resolution,nearest_centroid_corr>=0.95;fold_local_merged_confusion_group,A1 | CL | CM | IPa | ML | PGa | TEa | Tpt,low_resolution,G | Ig | Ri | SII,48,16,hybrid_projected_network_logcpm_exact
top3_network_beam_local_region_candidates,qbt-L-Ial-8-14_BRRL200006263-1A,Ial,Operculum/Insula,Operculum/Insula | Temporal | Orbitomedial Prefrontal Cortex (OMPFC),1,1,Pi,Iapm,Ial,3,0,1,Operculum/Insula::Ia + Ial + Iapm + Pi,Operculum/Insula::Ia + Ial + Iapm + Pi,Operculum/Insula::G + Iapl + Id + Ig + Ri + SII,Temporal::RM + RT + RTM,1,1,1,low_resolution,training_n<8;nearest_centroid_corr>=0.95;fold_local_merged_confusion_group,Ia | Ial | Iapm | Pi,low_resolution,Ia | Ial | Iapm | Pi,51,17,hybrid_projected_network_logcpm_exact
top3_network_beam_local_region_candidates,qbt-L-Iapm-8-14_BRRL200006264-1A,Iapm,Operculum/Insula,Operculum/Insula | Orbitomedial Prefrontal Cortex (OMPFC) | Temporal,1,1,Ial,Pi,Iapm,3,0,1,Operculum/Insula::Ia + Ial + Iapm + Pi,Operculum/Insula::Ia + Ial + Iapm + Pi,Operculum/Insula::G + Iapl + Id + Ig + Ri + SII,Orbitomedial Prefrontal Cortex (OMPFC)::13a + 13b + 14c + 14r + 25,1,1,1,low_resolution,nearest_centroid_corr>=0.95;fold_local_merged_confusion_group,Ia | Ial | Iapm | Pi,low_resolution,Ia | Ial | Iapm | Pi,51,17,hybrid_projected_network_logcpm_exact
top3_network_beam_local_region_candidates,xz-L-F4-8-17_BRRL200006266-1A,F4,Frontal (agranular frontal motor areas),"Temporal | Parietal, and Parieto-occipital region | Occipital/Temporal",0,0,TEa,PGa,IPa,111,0,0,outside_network_beam,Temporal::PGa + RT + RTL + RTM + STG + TAa + TEa,Temporal::A1 + CL + CM + IPa + ML + TPO + Tpt,"Parietal, and Parieto-occipital region::1-2 + 5 + 7a + 7b + 7op + LIPd + LIPv + VIP",111,0,0,low_resolution,training_n<8;nearest_centroid_corr>=0.95;fold_local_merged_confusion_group,PGa | RT | RTL | RTM | STG | TAa | TEa,outside_network_beam,,46,17,hybrid_projected_network_logcpm_exact
top3_network_beam_local_region_candidates,xz-L-G-8-17_BRRL200006267-1A,G,Operculum/Insula,Temporal | Operculum/Insula | Orbitomedial Prefrontal Cortex (OMPFC),0,1,PrCo,G,TEav,2,0,1,Operculum/Insula::G + Iapl + Id + Ig + Ri + SII,PrCo,Operculum/Insula::G + Iapl + Id + Ig + Ri + SII,Temporal::IPa + PGa + TEO + TEad + TEav + TEm + TEpd + TEpv,2,0,1,low_resolution,nearest_centroid_corr>=0.95,PrCo,low_resolution,G | Iapl | Id | Ig | Ri | SII,51,17,hybrid_projected_network_logcpm_exact
top3_network_beam_local_region_candidates,xz-L-Iapl-8-17_BRRL200006268-1A,Iapl,Operculum/Insula,Operculum/Insula | Orbitomedial Prefrontal Cortex (OMPFC) | Temporal,1,1,Id,Pi,Iapl,3,0,1,Operculum/Insula::G + Iapl + Id + Ig + Ri + SII,Operculum/Insula::G + Iapl + Id + Ig + Ri + SII,Operculum/Insula::Ia + Ial + Iapm + Pi,Temporal::RM + RT + RTM,1,1,1,low_resolution,nearest_centroid_corr>=0.95;fold_local_merged_confusion_group,G | Iapl | Id | Ig | Ri | SII,low_resolution,G | Iapl | Id | Ig | Ri | SII,51,17,hybrid_projected_network_logcpm_exact
top3_network_beam_local_region_candidates,xz-L-Iapm-8-17_BRRL200006269-1A,Iapm,Operculum/Insula,Operculum/Insula | Orbitomedial Prefrontal Cortex (OMPFC) | Temporal,1,1,Ial,Iapm,Pi,2,0,1,Operculum/Insula::Ia + Ial + Iapm + Pi,Operculum/Insula::Ia + Ial + Iapm + Pi,Operculum/Insula::G + Iapl + Id + Ig + Ri + SII,Temporal::RM + RT + RTM,1,1,1,low_resolution,nearest_centroid_corr>=0.95;fold_local_merged_confusion_group,Ia | Ial | Iapm | Pi,low_resolution,Ia | Ial | Iapm | Pi,51,17,hybrid_projected_network_logcpm_exact
top3_network_beam_local_region_candidates,qbt-R-9d-8-18_BRRL200006271-1A,9d,Lateral Prefrontal Cortex,"Lateral Prefrontal Cortex | Orbitomedial Prefrontal Cortex (OMPFC) | Parietal, and Parieto-occipital region",1,1,46v,46d,12m,16,0,0,Lateral Prefrontal Cortex::10o + 12l + 12r + 46d + 46v + 8Bm + 9d + 9m,Lateral Prefrontal Cortex::10o + 12l + 12r + 46d + 46v + 8Bm + 9d + 9m,Orbitomedial Prefrontal Cortex (OMPFC)::11l + 12m + 13l + 13m,Orbitomedial Prefrontal Cortex (OMPFC)::10m + 11m,1,1,1,low_resolution,nearest_centroid_corr>=0.95;fold_local_merged_confusion_group,10o | 12l | 12r | 46d | 46v | 8Bm | 9d | 9m,low_resolution,10o | 12l | 12r | 46d | 46v | 8Bm | 9d | 9m,36,11,hybrid_projected_network_logcpm_exact
top3_network_beam_local_region_candidates,qbt-R-46d-8-18_BRRL200006272-1A,46d,Lateral Prefrontal Cortex,"Lateral Prefrontal Cortex | Parietal, and Parieto-occipital region | Orbitomedial Prefrontal Cortex (OMPFC)",1,1,46v,46d,12m,2,0,1,Lateral Prefrontal Cortex::10o + 12l + 12r + 46d + 46v + 9m,Lateral Prefrontal Cortex::10o + 12l + 12r + 46d + 46v + 9m,Orbitomedial Prefrontal Cortex (OMPFC)::11l + 12m + 13l + 13m,Lateral Prefrontal Cortex::44 + 45 + 8A + 8Bd + 8Bm + 8Bs + 9d,1,1,1,low_resolution,nearest_centroid_corr>=0.95;fold_local_merged_confusion_group,10o | 12l | 12r | 46d | 46v | 9m,low_resolution,10o | 12l | 12r | 46d | 46v | 9m,36,11,hybrid_projected_network_logcpm_exact
top3_network_beam_local_region_candidates,qbt-R-46v-8-18_BRRL200006273-1A,46v,Lateral Prefrontal Cortex,"Lateral Prefrontal Cortex | Parietal, and Parieto-occipital region | Orbitomedial Prefrontal Cortex (OMPFC)",1,1,46v,46d,11l,1,1,1,Lateral Prefrontal Cortex::10o + 12l + 12r + 46d + 46v + 9m,Lateral Prefrontal Cortex::10o + 12l + 12r + 46d + 46v + 9m,Orbitomedial Prefrontal Cortex (OMPFC)::11l + 12m + 13l + 13m,Orbitomedial Prefrontal Cortex (OMPFC)::10m + 11m,1,1,1,low_resolution,nearest_centroid_corr>=0.95;fold_local_merged_confusion_group,10o | 12l | 12r | 46d | 46v | 9m,low_resolution,10o | 12l | 12r | 46d | 46v | 9m,36,11,hybrid_projected_network_logcpm_exact
top3_network_beam_local_region_candidates,qbt-R-F4-8-19_BRRL200006274-1A,F4,Frontal (agranular frontal motor areas),"Parietal, and Parieto-occipital region | Temporal | Occipital/Temporal",0,0,LIPd,TEa,3a/b,111,0,0,outside_network_beam,"Parietal, and Parieto-occipital region::1-2 + 5 + 7a + 7b + 7op + LIPd + LIPv + VIP",Temporal::PGa + RT + RTL + RTM + STG + TAa + TEa,3a/b,111,0,0,low_resolution,nearest_centroid_corr>=0.95;fold_local_merged_confusion_group,1-2 | 5 | 7a | 7b | 7op | LIPd | LIPv | VIP,outside_network_beam,,46,17,hybrid_projected_network_logcpm_exact
top3_network_beam_local_region_candidates,qbt-R-Prco-8-19_BRRL200006275-1A,PrCo,Operculum/Insula,"Temporal | Parietal, and Parieto-occipital region | Occipital/Temporal",0,0,TEa,LIPd,7a,111,0,0,outside_network_beam,Temporal::PGa + RT + RTL + RTM + STG + TAa + TEa,"Parietal, and Parieto-occipital region::1-2 + 5 + 7a + 7b + 7op + LIPd + LIPv + VIP",Temporal::A1 + CL + CM + IPa + ML + TPO + Tpt,111,0,0,low_resolution,training_n<8;nearest_centroid_corr>=0.95;fold_local_merged_confusion_group,PGa | RT | RTL | RTM | STG | TAa | TEa,outside_network_beam,,46,17,hybrid_projected_network_logcpm_exact
top3_network_beam_local_region_candidates,qbt-R-G-8-19_BRRL200006276-1A,G,Operculum/Insula,Temporal | Operculum/Insula | Orbitomedial Prefrontal Cortex (OMPFC),0,1,PrCo,PGa,TEav,5,0,0,Operculum/Insula::G + Iapl + Id + Ig + Ri + SII,PrCo,Temporal::IPa + PGa + TEO + TEad + TEav + TEm + TEpd + TEpv,TAa,4,0,0,low_resolution,nearest_centroid_corr>=0.95,PrCo,low_resolution,G | Iapl | Id | Ig | Ri | SII,51,17,hybrid_projected_network_logcpm_exact
top3_network_beam_local_region_candidates,qbt-R-Iapl-8-19_BRRL200006277-1A,Iapl,Operculum/Insula,Operculum/Insula | Temporal | Orbitomedial Prefrontal Cortex (OMPFC),1,1,Id,Iapl,G,2,0,1,Operculum/Insula::G + Iapl + Id + Ig + Ri + SII,Operculum/Insula::G + Iapl + Id + Ig + Ri + SII,Operculum/Insula::Ia + Ial + Iapm + Pi,PrCo,1,1,1,low_resolution,nearest_centroid_corr>=0.95;fold_local_merged_confusion_group,G | Iapl | Id | Ig | Ri | SII,low_resolution,G | Iapl | Id | Ig | Ri | SII,51,16,hybrid_projected_network_logcpm_exact
top3_network_beam_local_region_candidates,xz-R-F6-8-20_BRRL200006279-1A,F6,Frontal (agranular frontal motor areas),"Lateral Prefrontal Cortex | Frontal (agranular frontal motor areas) | Parietal, and Parieto-occipital region",0,1,8Bd,F7,F6,3,0,1,F6,Lateral Prefrontal Cortex::44 + 45 + 8A + 8Bd + 8Bs,F7,F6,3,0,1,low_resolution,nearest_centroid_corr>=0.95;fold_local_merged_confusion_group,44 | 45 | 8A | 8Bd | 8Bs,low_resolution,F6,30,12,hybrid_projected_network_logcpm_exact
top3_network_beam_local_region_candidates,xz-R-F7-8-20_BRRL200006280-1A,F7,Frontal (agranular frontal motor areas),"Lateral Prefrontal Cortex | Parietal, and Parieto-occipital region | Frontal (agranular frontal motor areas)",0,1,F7,8Bd,8Bs,1,1,1,F7,F7,Lateral Prefrontal Cortex::44 + 45 + 8A + 8Bd + 8Bs,F4,1,1,1,low_resolution,training_n<8;nearest_centroid_corr>=0.95,F7,low_resolution,F7,30,12,hybrid_projected_network_logcpm_exact
top3_network_beam_local_region_candidates,xz-R-8Bd-8-20_BRRL200006281-1A,8Bd,Lateral Prefrontal Cortex,"Parietal, and Parieto-occipital region | Lateral Prefrontal Cortex | Frontal (agranular frontal motor areas)",0,1,8Bs,F7,8A,8,0,0,Lateral Prefrontal Cortex::10o + 12l + 12r + 46d + 46v + 8Bd + 8Bm + 9m,Lateral Prefrontal Cortex::44 + 45 + 8A + 8Bs,Frontal (agranular frontal motor areas)::F6 + F7,F4,6,0,0,low_resolution,nearest_centroid_corr>=0.95;fold_local_merged_confusion_group,44 | 45 | 8A | 8Bs,low_resolution,10o | 12l | 12r | 46d | 46v | 8Bd | 8Bm | 9m,30,11,hybrid_projected_network_logcpm_exact
top3_network_beam_local_region_candidates,xz-R-8Bs-8-20_BRRL200006282-1A,8Bs,Lateral Prefrontal Cortex,"Parietal, and Parieto-occipital region | Lateral Prefrontal Cortex | Frontal (agranular frontal motor areas)",0,1,8A,45,F4,14,0,0,Lateral Prefrontal Cortex::44 + 45 + 8A + 8Bd + 8Bs,Lateral Prefrontal Cortex::44 + 45 + 8A + 8Bd + 8Bs,F4,F7,1,1,1,low_resolution,nearest_centroid_corr>=0.95;fold_local_merged_confusion_group,44 | 45 | 8A | 8Bd | 8Bs,low_resolution,44 | 45 | 8A | 8Bd | 8Bs,30,11,hybrid_projected_network_logcpm_exact
top3_network_beam_local_region_candidates,xz-R-8A-8-20_BRRL200006283-1A,8A,Lateral Prefrontal Cortex,"Parietal, and Parieto-occipital region | Lateral Prefrontal Cortex | Orbitomedial Prefrontal Cortex (OMPFC)",0,1,46d,46v,45,12,0,0,Lateral Prefrontal Cortex::44 + 45 + 8A + 8Bd + 8Bm + 8Bs + 9d,Lateral Prefrontal Cortex::10o + 12l + 12r + 46d + 46v + 9m,Lateral Prefrontal Cortex::44 + 45 + 8A + 8Bd + 8Bm + 8Bs + 9d,Orbitomedial Prefrontal Cortex (OMPFC)::11l + 12m + 13l + 13m,2,0,1,low_resolution,nearest_centroid_corr>=0.95;fold_local_merged_confusion_group,10o | 12l | 12r | 46d | 46v | 9m,low_resolution,44 | 45 | 8A | 8Bd | 8Bm | 8Bs | 9d,36,11,hybrid_projected_network_logcpm_exact
top3_network_beam_local_region_candidates,xz-R-46d-8-20_BRRL200006284-1A,46d,Lateral Prefrontal Cortex,"Parietal, and Parieto-occipital region | Lateral Prefrontal Cortex | Temporal",0,1,8A,46d,45,2,0,1,Lateral Prefrontal Cortex::10o + 12l + 12r + 44 + 45 + 46d + 46v,Lateral Prefrontal Cortex::8A + 8Bd + 8Bm + 8Bs + 9d + 9m,Lateral Prefrontal Cortex::10o + 12l + 12r + 44 + 45 + 46d + 46v,"Parietal, and Parieto-occipital region::1-2 + 5 + 7a + 7b + 7op + LIPd + LIPv + VIP",2,0,1,low_resolution,nearest_centroid_corr>=0.95;fold_local_merged_confusion_group,8A | 8Bd | 8Bm | 8Bs | 9d | 9m,low_resolution,10o | 12l | 12r | 44 | 45 | 46d | 46v,50,16,hybrid_projected_network_logcpm_exact
top3_network_beam_local_region_candidates,xz-R-46v-8-20_BRRL200006285-1A,46v,Lateral Prefrontal Cortex,"Parietal, and Parieto-occipital region | Lateral Prefrontal Cortex | Temporal",0,1,8A,45,46d,24,0,0,Lateral Prefrontal Cortex::10o + 12l + 12r + 46d + 46v,Lateral Prefrontal Cortex::44 + 45 + 8A + 8Bd + 8Bm + 8Bs + 9d + 9m,Lateral Prefrontal Cortex::10o + 12l + 12r + 46d + 46v,"Parietal, and Parieto-occipital region::1-2 + 5 + 7a + 7b + 7op + LIPd + LIPv + VIP",2,0,1,low_resolution,nearest_centroid_corr>=0.95;fold_local_merged_confusion_group,44 | 45 | 8A | 8Bd | 8Bm | 8Bs | 9d | 9m,low_resolution,10o | 12l | 12r | 46d | 46v,50,16,hybrid_projected_network_logcpm_exact
top3_network_beam_local_region_candidates,xz-R-45-8-20_BRRL200006286-1A,45,Lateral Prefrontal Cortex,"Parietal, and Parieto-occipital region | Temporal | Lateral Prefrontal Cortex",0,1,8A,TEa,8Bs,7,0,0,Lateral Prefrontal Cortex::44 + 45 + 8A + 8Bd + 8Bs,Lateral Prefrontal Cortex::44 + 45 + 8A + 8Bd + 8Bs,Temporal::PGa + RTL + STG + TAa + TEa,"Parietal, and Parieto-occipital region::1-2 + 7a + 7b + 7op",1,1,1,low_resolution,nearest_centroid_corr>=0.95;fold_local_merged_confusion_group,44 | 45 | 8A | 8Bd | 8Bs,low_resolution,44 | 45 | 8A | 8Bd | 8Bs,50,16,hybrid_projected_network_logcpm_exact
top3_network_beam_local_region_candidates,xz-R-14c-8-20_BRRL200006287-1A,14c,Orbitomedial Prefrontal Cortex (OMPFC),Orbitomedial Prefrontal Cortex (OMPFC) | Temporal | Operculum/Insula,1,1,Iapl,Ial,Id,5,0,0,Orbitomedial Prefrontal Cortex (OMPFC)::13a + 13b + 14c + 14r + 25 + 32,Operculum/Insula::G + Iapl + Id + Ig + Ri + SII,Operculum/Insula::Ia + Ial + Iapm + Pi,Orbitomedial Prefrontal Cortex (OMPFC)::13a + 13b + 14c + 14r + 25 + 32,3,0,1,low_resolution,nearest_centroid_corr>=0.95;fold_local_merged_confusion_group,G | Iapl | Id | Ig | Ri | SII,low_resolution,13a | 13b | 14c | 14r | 25 | 32,51,18,hybrid_projected_network_logcpm_exact
top3_network_beam_local_region_candidates,qbt-L-5-8-24_BRRL200007485-1A,5,"Parietal, and Parieto-occipital region","Parietal, and Parieto-occipital region | Temporal | Occipital/Temporal",1,1,VIP,TEa,LIPv,9,0,0,"Parietal, and Parieto-occipital region::1-2 + 5 + 7a + 7b + 7op + LIPd + LIPv + VIP","Parietal, and Parieto-occipital region::1-2 + 5 + 7a + 7b + 7op + LIPd + LIPv + VIP",Temporal::PGa + RT + RTL + RTM + STG + TAa + TEa,Temporal::A1 + CL + CM + IPa + ML + TPO + Tpt,1,1,1,low_resolution,nearest_centroid_corr>=0.95;fold_local_merged_confusion_group,1-2 | 5 | 7a | 7b | 7op | LIPd | LIPv | VIP,low_resolution,1-2 | 5 | 7a | 7b | 7op | LIPd | LIPv | VIP,46,17,hybrid_projected_network_logcpm_exact
top3_network_beam_local_region_candidates,qbt-L-7b-8-24_BRRL200007486-1A,7b,"Parietal, and Parieto-occipital region","Parietal, and Parieto-occipital region | Temporal | Occipital/Temporal",1,1,TEa,LIPd,7a,19,0,0,"Parietal, and Parieto-occipital region::1-2 + 5 + 7a + 7b + 7op + LIPd + LIPv + VIP",Temporal::PGa + RT + RTL + RTM + STG + TAa + TEa,"Parietal, and Parieto-occipital region::1-2 + 5 + 7a + 7b + 7op + LIPd + LIPv + VIP",7m,2,0,1,low_resolution,training_n<8;nearest_centroid_corr>=0.95;fold_local_merged_confusion_group,PGa | RT | RTL | RTM | STG | TAa | TEa,low_resolution,1-2 | 5 | 7a | 7b | 7op | LIPd | LIPv | VIP,46,18,hybrid_projected_network_logcpm_exact
top3_network_beam_local_region_candidates,qbt-L-7op-8-24_BRRL200007487-1A,7op,"Parietal, and Parieto-occipital region","Parietal, and Parieto-occipital region | Temporal | Occipital/Temporal",1,1,TEa,LIPd,VIP,25,0,0,"Parietal, and Parieto-occipital region::1-2 + 5 + 7a + 7b + 7op + LIPd + LIPv + VIP",Temporal::PGa + TAa + TEa,"Parietal, and Parieto-occipital region::1-2 + 5 + 7a + 7b + 7op + LIPd + LIPv + VIP",Temporal::A1 + CL + CM + ML + TPO + Tpt,2,0,1,low_resolution,training_n<8;nearest_centroid_corr>=0.95;fold_local_merged_confusion_group,PGa | TAa | TEa,low_resolution,1-2 | 5 | 7a | 7b | 7op | LIPd | LIPv | VIP,46,19,hybrid_projected_network_logcpm_exact
top3_network_beam_local_region_candidates,qbt-L-AI-8-24_BRRL200007488-1A,A1,Temporal,"Occipital/Temporal | Parietal, and Parieto-occipital region | Temporal",0,1,MT,MST,FST,8,0,0,Temporal::A1 + CL + CM + ML + TEa + TPO + Tpt,MT,Occipital/Temporal::FST + MST,"Parietal, and Parieto-occipital region::1-2 + 5 + 7a + 7b + 7op + LIPd + LIPv + VIP",5,0,0,low_resolution,training_n<8;nearest_centroid_corr>=0.95,MT,low_resolution,A1 | CL | CM | ML | TEa | TPO | Tpt,46,19,hybrid_projected_network_logcpm_exact
top3_network_beam_local_region_candidates,qbt-L-CL-8-24_BRRL200007489-1A,CL,Temporal,"Occipital/Temporal | Parietal, and Parieto-occipital region | Temporal",0,1,MT,VIP,MST,9,0,0,Temporal::A1 + CL + CM + IPa + ML + TPO + Tpt,MT,"Parietal, and Parieto-occipital region::1-2 + 5 + 7a + 7b + 7op + LIPd + LIPv + VIP",Occipital/Temporal::FST + MST,5,0,0,low_resolution,training_n<8;nearest_centroid_corr>=0.95,MT,low_resolution,A1 | CL | CM | IPa | ML | TPO | Tpt,46,17,hybrid_projected_network_logcpm_exact
top3_network_beam_local_region_candidates,qbt-L-TPO-8-24_BRRL200007490-1A,TPO,Temporal,"Temporal | Parietal, and Parieto-occipital region | Occipital/Temporal",1,1,TEa,PGa,7a,8,0,0,Temporal::A1 + CL + CM + ML + TPO + Tpt,Temporal::PGa + RT + RTL + RTM + STG + TAa + TEa,"Parietal, and Parieto-occipital region::1-2 + 5 + 7a + 7b + 7op + LIPd + LIPv + VIP",IPa,4,0,0,low_resolution,training_n<8;nearest_centroid_corr>=0.95;fold_local_merged_confusion_group,PGa | RT | RTL | RTM | STG | TAa | TEa,low_resolution,A1 | CL | CM | ML | TPO | Tpt,46,18,hybrid_projected_network_logcpm_exact
top3_network_beam_local_region_candidates,qbt-L-PGa-8-24_BRRL200007491-1A,PGa,Temporal,"Temporal | Parietal, and Parieto-occipital region | Occipital/Temporal",1,1,TEa,LIPd,CL,21,0,0,Temporal::IPa + PGa + RT + RTL + RTM + STG + TAa,TEa,"Parietal, and Parieto-occipital region::1-2 + 5 + 7a + 7b + 7op + LIPd + LIPv + VIP",Temporal::A1 + CL + CM + ML + TPO + Tpt,5,0,0,low_resolution,training_n<8;nearest_centroid_corr>=0.95,TEa,low_resolution,IPa | PGa | RT | RTL | RTM | STG | TAa,46,18,hybrid_projected_network_logcpm_exact
top3_network_beam_local_region_candidates,qbt-L-IPa-8-24_BRRL200007492-1A,IPa,Temporal,"Occipital/Temporal | Parietal, and Parieto-occipital region | Temporal",0,1,TEa,MST,MT,28,0,0,Temporal::A1 + CL + CM + IPa + ML + TPO + Tpt,TEa,Occipital/Temporal::FST + MST,MT,6,0,0,low_resolution,training_n<8;nearest_centroid_corr>=0.95,TEa,low_resolution,A1 | CL | CM | IPa | ML | TPO | Tpt,46,19,hybrid_projected_network_logcpm_exact
top3_network_beam_local_region_candidates,xz-L-5-8-25_BRRL200007494-1A,5,"Parietal, and Parieto-occipital region","Parietal, and Parieto-occipital region | Temporal | Occipital/Temporal",1,1,TEa,VIP,CL,6,0,0,"Parietal, and Parieto-occipital region::1-2 + 5 + 7a + 7b + 7op + LIPd + LIPv + VIP",TEa,"Parietal, and Parieto-occipital region::1-2 + 5 + 7a + 7b + 7op + LIPd + LIPv + VIP",Temporal::A1 + CL + CM + IPa + ML + TPO + Tpt,2,0,1,low_resolution,training_n<8;nearest_centroid_corr>=0.95,TEa,low_resolution,1-2 | 5 | 7a | 7b | 7op | LIPd | LIPv | VIP,46,19,hybrid_projected_network_logcpm_exact
top3_network_beam_local_region_candidates,xz-L-VIP-8-25_BRRL200007847-1A,VIP,"Parietal, and Parieto-occipital region","Parietal, and Parieto-occipital region | Occipital/Temporal | Temporal",1,1,LIPv,MST,VIP,3,0,1,"Parietal, and Parieto-occipital region::3a/b + 5 + LIPd + LIPv + VIP","Parietal, and Parieto-occipital region::3a/b + 5 + LIPd + LIPv + VIP",Occipital/Temporal::FST + MST,TEa,1,1,1,low_resolution,nearest_centroid_corr>=0.95;fold_local_merged_confusion_group,3a/b | 5 | LIPd | LIPv | VIP,low_resolution,3a/b | 5 | LIPd | LIPv | VIP,46,19,hybrid_projected_network_logcpm_exact
top3_network_beam_local_region_candidates,xz-L-LIdv-8-25_BRRL200007541-1A,LIPv,"Parietal, and Parieto-occipital region","Parietal, and Parieto-occipital region | Occipital/Temporal | Temporal",1,1,MST,VIP,LIPv,3,0,1,"Parietal, and Parieto-occipital region::1-2 + 5 + 7a + 7b + 7op + LIPd + LIPv + VIP",Occipital/Temporal::FST + MST,"Parietal, and Parieto-occipital region::1-2 + 5 + 7a + 7b + 7op + LIPd + LIPv + VIP",MT,2,0,1,low_resolution,nearest_centroid_corr>=0.95;fold_local_merged_confusion_group,FST | MST,low_resolution,1-2 | 5 | 7a | 7b | 7op | LIPd | LIPv | VIP,46,19,hybrid_projected_network_logcpm_exact
top3_network_beam_local_region_candidates,xz-L-7b-8-25_BRRL200007542-1A,7b,"Parietal, and Parieto-occipital region","Temporal | Parietal, and Parieto-occipital region | Orbitomedial Prefrontal Cortex (OMPFC)",0,1,PGa,IPa,7a,13,0,0,"Parietal, and Parieto-occipital region::1-2 + 3a/b + 5 + 7a + 7b + 7op + LIPv + VIP",Temporal::IPa + PGa + TEa,"Parietal, and Parieto-occipital region::1-2 + 3a/b + 5 + 7a + 7b + 7op + LIPv + VIP",Temporal::A1 + CL + CM + ML + TPO + Tpt,2,0,1,low_resolution,nearest_centroid_corr>=0.95;fold_local_merged_confusion_group,IPa | PGa | TEa,low_resolution,1-2 | 3a/b | 5 | 7a | 7b | 7op | LIPv | VIP,50,18,hybrid_projected_network_logcpm_exact
top3_network_beam_local_region_candidates,xz-L-7op-8-25_BRRL200007543-1A,7op,"Parietal, and Parieto-occipital region","Temporal | Parietal, and Parieto-occipital region | Occipital/Temporal",0,1,TEa,PGa,7a,9,0,0,"Parietal, and Parieto-occipital region::1-2 + 7a + 7b + 7op",Temporal::PGa + RT + RTL + RTM + STG + TAa + TEa,"Parietal, and Parieto-occipital region::1-2 + 7a + 7b + 7op",Temporal::A1 + CL + CM + IPa + ML + TPO + Tpt,2,0,1,low_resolution,training_n<8;nearest_centroid_corr>=0.95;fold_local_merged_confusion_group,PGa | RT | RTL | RTM | STG | TAa | TEa,low_resolution,1-2 | 7a | 7b | 7op,46,17,hybrid_projected_network_logcpm_exact
top3_network_beam_local_region_candidates,xz-L-CM-8-25_BRRL200007544-1A,CM,Temporal,"Occipital/Temporal | Parietal, and Parieto-occipital region | Temporal",0,1,MST,MT,A1,16,0,0,Temporal::A1 + AL + CL + CM + ML + R + TPO + Tpt,Occipital/Temporal::FST + MST,MT,Temporal::A1 + AL + CL + CM + ML + R + TPO + Tpt,3,0,1,low_resolution,nearest_centroid_corr>=0.95;fold_local_merged_confusion_group,FST | MST,low_resolution,A1 | AL | CL | CM | ML | R | TPO | Tpt,46,19,hybrid_projected_network_logcpm_exact
top3_network_beam_local_region_candidates,xz-L-AI-8-25_BRRL200007545-1A,A1,Temporal,"Parietal, and Parieto-occipital region | Occipital/Temporal | Temporal",0,1,MST,LIPv,3a/b,9,0,0,Temporal::A1 + CL + CM + IPa + ML + TEa + TPO + Tpt,Occipital/Temporal::FST + MST,"Parietal, and Parieto-occipital region::1-2 + 5 + 7a + 7b + 7op + LIPd + LIPv + VIP",3a/b,5,0,0,low_resolution,nearest_centroid_corr>=0.95;fold_local_merged_confusion_group,FST | MST,low_resolution,A1 | CL | CM | IPa | ML | TEa | TPO | Tpt,46,17,hybrid_projected_network_logcpm_exact
top3_network_beam_local_region_candidates,xz-L-CL-8-25_BRRL200007546-1A,CL,Temporal,"Parietal, and Parieto-occipital region | Occipital/Temporal | Temporal",0,1,MST,LIPv,TEa,11,0,0,Temporal::A1 + CL + CM + IPa + ML + TPO + Tpt,Occipital/Temporal::FST + MST,"Parietal, and Parieto-occipital region::3a/b + 5 + LIPd + LIPv + VIP",Temporal::PGa + RT + RTL + RTM + STG + TAa + TEa,4,0,0,low_resolution,nearest_centroid_corr>=0.95;fold_local_merged_confusion_group,FST | MST,low_resolution,A1 | CL | CM | IPa | ML | TPO | Tpt,46,18,hybrid_projected_network_logcpm_exact
top3_network_beam_local_region_candidates,xz-L-TEa-8-25_BRRL200007547-1A,TEa,Temporal,"Occipital/Temporal | Parietal, and Parieto-occipital region | Temporal",0,1,MST,FST,MT,19,0,0,TEa,Occipital/Temporal::FST + MST,MT,"Parietal, and Parieto-occipital region::1-2 + 5 + 7a + 7b + 7op + LIPd + LIPv + VIP",10,0,0,low_resolution,nearest_centroid_corr>=0.95;fold_local_merged_confusion_group,FST | MST,low_resolution,TEa,46,20,hybrid_projected_network_logcpm_exact
top3_network_beam_local_region_candidates,xz-L-TEo-8-25_BRRL200007548-1A,TEO,Temporal,"Occipital/Temporal | Parietal, and Parieto-occipital region | Temporal",0,1,MST,FST,MT,19,0,0,Temporal::PGa + RT + RTL + STG + TAa + TEO + TEm + TEpd,Occipital/Temporal::FST + MST,MT,Occipital/Temporal::V1 + V2 + V3d + V3v,10,0,0,low_resolution,nearest_centroid_corr>=0.95;fold_local_merged_confusion_group,FST | MST,low_resolution,PGa | RT | RTL | STG | TAa | TEO | TEm | TEpd,46,20,hybrid_projected_network_logcpm_exact
top3_network_beam_local_region_candidates,xz-L-TEpv-8-25_BRRL200007549-1A,TEpv,Temporal,"Temporal | Occipital/Temporal | Parietal, and Parieto-occipital region",1,1,TEad,PGa,TEm,7,0,0,TEpv,TEad,Temporal::PGa + RT + RTL + STG + TAa + TEO + TEm + TEpd,Temporal::TEav + TG,4,0,0,low_resolution,nearest_centroid_corr>=0.95,TEad,low_resolution,TEpv,46,20,hybrid_projected_network_logcpm_exact
top3_network_beam_local_region_candidates,xz-L-TFO-8-25_BRRL200007550-1A,TFO,Temporal,Temporal | Operculum/Insula | Orbitomedial Prefrontal Cortex (OMPFC),1,1,TEav,Pi,TG,8,0,0,Temporal::A1 + CL + CM + ML + TEa + TFO + TPO + Tpt,Temporal::IPa + PGa + TEO + TEad + TEav + TEm + TEpd + TEpv,Operculum/Insula::Ia + Ial + Iapm + Pi,TG,8,0,0,low_resolution,nearest_centroid_corr>=0.95;fold_local_merged_confusion_group,IPa | PGa | TEO | TEad | TEav | TEm | TEpd | TEpv,low_resolution,A1 | CL | CM | ML | TEa | TFO | TPO | Tpt,51,15,hybrid_projected_network_logcpm_exact
top3_network_beam_local_region_candidates,xz-R-Pi-8-26_BRRL200007553-1A,Pi,Operculum/Insula,Operculum/Insula | Orbitomedial Prefrontal Cortex (OMPFC) | Temporal,1,1,Ial,Pi,Iapm,2,0,1,Operculum/Insula::Ia + Ial + Iapm + Pi,Operculum/Insula::Ia + Ial + Iapm + Pi,Temporal::RM + RT + RTM,TG,1,1,1,low_resolution,nearest_centroid_corr>=0.95;fold_local_merged_confusion_group,Ia | Ial | Iapm | Pi,low_resolution,Ia | Ial | Iapm | Pi,51,17,hybrid_projected_network_logcpm_exact
top3_network_beam_local_region_candidates,xz-R-AL-8-26_BRRL200007554-1A,AL,Temporal,"Temporal | Parietal, and Parieto-occipital region | Operculum/Insula",1,1,TAa,PGa,R,9,0,0,Temporal::AL + R + RM + RT + RTL + RTM,TAa,Temporal::A1 + CL + CM + IPa + ML + PGa + TPO + Tpt,Temporal::AL + R + RM + RT + RTL + RTM,3,0,1,low_resolution,training_n<8;nearest_centroid_corr>=0.95,TAa,low_resolution,AL | R | RM | RT | RTL | RTM,48,15,hybrid_projected_network_logcpm_exact
top3_network_beam_local_region_candidates,xz-R-STGr-8-26_BRRL200007555-1A,STG,Temporal,"Temporal | Operculum/Insula | Parietal, and Parieto-occipital region",1,1,PrCo,TEav,G,4,0,0,Temporal::AL + R + RM + RT + RTL + RTM + STG + TAa,Operculum/Insula::G + Iapl + Id + Ig + PrCo + Ri + SII,Temporal::TEO + TEad + TEav + TEm + TEpd + TEpv + TG,Temporal::AL + R + RM + RT + RTL + RTM + STG + TAa,3,0,1,low_resolution,nearest_centroid_corr>=0.95;fold_local_merged_confusion_group,G | Iapl | Id | Ig | PrCo | Ri | SII,low_resolution,AL | R | RM | RT | RTL | RTM | STG | TAa,48,13,hybrid_projected_network_logcpm_exact
top3_network_beam_local_region_candidates,xz-R-TEad-8-26_BRRL200007556-1A,TEad,Temporal,"Temporal | Parietal, and Parieto-occipital region | Operculum/Insula",1,1,TEav,TAa,TEad,3,0,1,Temporal::TEad + TEav + TG,Temporal::TEad + TEav + TG,Temporal::AL + R + RM + RT + RTL + RTM + TAa,Operculum/Insula::G + Iapl + Id + Ig + PrCo + Ri + SII,1,1,1,low_resolution,nearest_centroid_corr>=0.95;fold_local_merged_confusion_group,TEad | TEav | TG,low_resolution,TEad | TEav | TG,48,14,hybrid_projected_network_logcpm_exact
top3_network_beam_local_region_candidates,qbt-L-VIP-8-27_BRRL200007560-1A,VIP,"Parietal, and Parieto-occipital region","Parietal, and Parieto-occipital region | Temporal | Occipital/Temporal",1,1,MT,LIPv,VIP,3,0,1,"Parietal, and Parieto-occipital region::3a/b + 5 + LIPd + LIPv + VIP",MT,"Parietal, and Parieto-occipital region::3a/b + 5 + LIPd + LIPv + VIP",Occipital/Temporal::FST + MST,2,0,1,low_resolution,training_n<8;nearest_centroid_corr>=0.95,MT,low_resolution,3a/b | 5 | LIPd | LIPv | VIP,46,17,hybrid_projected_network_logcpm_exact
top3_network_beam_local_region_candidates,qbt-L-LIpv-8-27_BRRL200007561-1A,LIPv,"Parietal, and Parieto-occipital region","Parietal, and Parieto-occipital region | Occipital/Temporal | Temporal",1,1,MT,MST,FST,5,0,0,"Parietal, and Parieto-occipital region::3a/b + 5 + LIPd + LIPv + VIP",MT,Occipital/Temporal::FST + MST,"Parietal, and Parieto-occipital region::3a/b + 5 + LIPd + LIPv + VIP",3,0,1,low_resolution,training_n<8;nearest_centroid_corr>=0.95,MT,low_resolution,3a/b | 5 | LIPd | LIPv | VIP,46,17,hybrid_projected_network_logcpm_exact
top3_network_beam_local_region_candidates,qbt-L-LIpd-8-27_BRRL200007562-1A,LIPd,"Parietal, and Parieto-occipital region","Parietal, and Parieto-occipital region | Occipital/Temporal | Temporal",1,1,LIPv,MST,LIPd,3,0,1,"Parietal, and Parieto-occipital region::1-2 + 5 + 7a + 7b + 7op + LIPd + LIPv + VIP","Parietal, and Parieto-occipital region::1-2 + 5 + 7a + 7b + 7op + LIPd + LIPv + VIP",Occipital/Temporal::FST + MST,Temporal::PGa + RT + RTL + RTM + STG + TAa + TEa,1,1,1,low_resolution,nearest_centroid_corr>=0.95;fold_local_merged_confusion_group,1-2 | 5 | 7a | 7b | 7op | LIPd | LIPv | VIP,low_resolution,1-2 | 5 | 7a | 7b | 7op | LIPd | LIPv | VIP,46,17,hybrid_projected_network_logcpm_exact
top3_network_beam_local_region_candidates,qbt-L-7a-8-27_BRRL200007563-1A,7a,"Parietal, and Parieto-occipital region","Temporal | Parietal, and Parieto-occipital region | Occipital/Temporal",0,1,TEa,LIPd,IPa,7,0,0,"Parietal, and Parieto-occipital region::1-2 + 7a + 7b + 7op",Temporal::PGa + RT + RTL + RTM + STG + TAa + TEa,"Parietal, and Parieto-occipital region::5 + LIPd + LIPv + VIP",IPa,4,0,0,low_resolution,training_n<8;nearest_centroid_corr>=0.95;fold_local_merged_confusion_group,PGa | RT | RTL | RTM | STG | TAa | TEa,low_resolution,1-2 | 7a | 7b | 7op,46,19,hybrid_projected_network_logcpm_exact
top3_network_beam_local_region_candidates,qbt-L-TPt-8-27_BRRL200007926-1A,Tpt,Temporal,"Temporal | Parietal, and Parieto-occipital region | Occipital/Temporal",1,1,TEa,LIPd,CL,27,0,0,Temporal::A1 + AL + CL + CM + ML + R + TPO + Tpt,Temporal::PGa + RT + RTL + RTM + STG + TAa + TEa,"Parietal, and Parieto-occipital region::1-2 + 5 + 7a + 7b + 7op + LIPd + LIPv + VIP",Temporal::A1 + AL + CL + CM + ML + R + TPO + Tpt,3,0,1,low_resolution,training_n<8;nearest_centroid_corr>=0.95;fold_local_merged_confusion_group,PGa | RT | RTL | RTM | STG | TAa | TEa,low_resolution,A1 | AL | CL | CM | ML | R | TPO | Tpt,46,17,hybrid_projected_network_logcpm_exact
top3_network_beam_local_region_candidates,qbt-L-MST-8-27_BRRL200007927-1A,MST,Occipital/Temporal,"Occipital/Temporal | Parietal, and Parieto-occipital region | Temporal",1,1,MT,MST,FST,2,0,1,Occipital/Temporal::FST + MST + V1 + V2 + V3d + V3v,MT,Occipital/Temporal::FST + MST + V1 + V2 + V3d + V3v,"Parietal, and Parieto-occipital region::1-2 + 5 + 7a + 7b + 7op + LIPd + LIPv + VIP",2,0,1,low_resolution,training_n<8;nearest_centroid_corr>=0.95,MT,low_resolution,FST | MST | V1 | V2 | V3d | V3v,46,18,hybrid_projected_network_logcpm_exact
top3_network_beam_local_region_candidates,qbt-L-FST-8-27_BRRL200007928-1A,FST,Occipital/Temporal,"Occipital/Temporal | Parietal, and Parieto-occipital region | Temporal",1,1,MT,MST,VIP,5,0,0,Occipital/Temporal::FST + MST,MT,Occipital/Temporal::FST + MST,"Parietal, and Parieto-occipital region::1-2 + 5 + 7a + 7b + 7op + LIPd + LIPv + VIP",2,0,1,low_resolution,training_n<8;nearest_centroid_corr>=0.95,MT,low_resolution,FST | MST,46,19,hybrid_projected_network_logcpm_exact
top3_network_beam_local_region_candidates,qbt-L-V4-8-27_BRRL200007929-1A,V4,Occipital/Temporal,"Occipital/Temporal | Parietal, and Parieto-occipital region | Temporal",1,1,MT,MST,FST,13,0,0,Occipital/Temporal::V4 + V4v,MT,Occipital/Temporal::FST + MST,"Parietal, and Parieto-occipital region::1-2 + 5 + 7a + 7b + 7op + LIPd + LIPv + VIP",8,0,0,low_resolution,training_n<8;nearest_centroid_corr>=0.95,MT,low_resolution,V4 | V4v,46,17,hybrid_projected_network_logcpm_exact
top3_network_beam_local_region_candidates,qbt-L-F7-8-31_BRRL200008124-1A,F7,Frontal (agranular frontal motor areas),"Lateral Prefrontal Cortex | Frontal (agranular frontal motor areas) | Parietal, and Parieto-occipital region",0,1,8Bs,F7,8Bd,2,0,1,F7,Lateral Prefrontal Cortex::44 + 45 + 8A + 8Bd + 8Bs,F7,F3,2,0,1,low_resolution,nearest_centroid_corr>=0.95;fold_local_merged_confusion_group,44 | 45 | 8A | 8Bd | 8Bs,low_resolution,F7,30,11,hybrid_projected_network_logcpm_exact
top3_network_beam_local_region_candidates,qbt-L-8Bd-8-31_BRRL200008125-1A,8Bd,Lateral Prefrontal Cortex,"Lateral Prefrontal Cortex | Frontal (agranular frontal motor areas) | Parietal, and Parieto-occipital region",1,1,F7,8Bs,8A,4,0,0,Lateral Prefrontal Cortex::10o + 12l + 12r + 46d + 46v + 8Bd + 8Bm + 9m,Frontal (agranular frontal motor areas)::F6 + F7,Lateral Prefrontal Cortex::44 + 45 + 8A + 8Bs,Lateral Prefrontal Cortex::10o + 12l + 12r + 46d + 46v + 8Bd + 8Bm + 9m,3,0,1,low_resolution,training_n<8;nearest_centroid_corr>=0.95;fold_local_merged_confusion_group,F6 | F7,low_resolution,10o | 12l | 12r | 46d | 46v | 8Bd | 8Bm | 9m,30,11,hybrid_projected_network_logcpm_exact
top3_network_beam_local_region_candidates,qbt-L-8Bs-8-31_BRRL200008126-1A,8Bs,Lateral Prefrontal Cortex,"Lateral Prefrontal Cortex | Frontal (agranular frontal motor areas) | Parietal, and Parieto-occipital region",1,1,8Bd,45,F7,15,0,0,Lateral Prefrontal Cortex::44 + 45 + 8A + 8Bs,Lateral Prefrontal Cortex::10o + 12l + 12r + 46d + 46v + 8Bd + 8Bm + 9m,Lateral Prefrontal Cortex::44 + 45 + 8A + 8Bs,Frontal (agranular frontal motor areas)::F6 + F7,2,0,1,low_resolution,nearest_centroid_corr>=0.95;fold_local_merged_confusion_group,10o | 12l | 12r | 46d | 46v | 8Bd | 8Bm | 9m,low_resolution,44 | 45 | 8A | 8Bs,30,11,hybrid_projected_network_logcpm_exact
top3_network_beam_local_region_candidates,qbt-L-8A-8-31_BRRL200008127-1A,8A,Lateral Prefrontal Cortex,"Parietal, and Parieto-occipital region | Lateral Prefrontal Cortex | Frontal (agranular frontal motor areas)",0,1,45,46d,8A,3,0,1,Lateral Prefrontal Cortex::44 + 45 + 8A + 8Bd + 8Bs,Lateral Prefrontal Cortex::44 + 45 + 8A + 8Bd + 8Bs,Lateral Prefrontal Cortex::10o + 12l + 12r + 46d + 46v + 8Bm + 9m,F4,1,1,1,low_resolution,nearest_centroid_corr>=0.95;fold_local_merged_confusion_group,44 | 45 | 8A | 8Bd | 8Bs,low_resolution,44 | 45 | 8A | 8Bd | 8Bs,30,11,hybrid_projected_network_logcpm_exact
top3_network_beam_local_region_candidates,qbt-L-45-8-31_BRRL200008128-1A,45,Lateral Prefrontal Cortex,"Parietal, and Parieto-occipital region | Lateral Prefrontal Cortex | Temporal",0,1,8A,LIPd,8Bs,10,0,0,Lateral Prefrontal Cortex::44 + 45 + 8A + 8Bd + 8Bs,Lateral Prefrontal Cortex::44 + 45 + 8A + 8Bd + 8Bs,"Parietal, and Parieto-occipital region::1-2 + 5 + 7a + 7b + 7op + LIPd + LIPv + VIP",7m,1,1,1,low_resolution,nearest_centroid_corr>=0.95;fold_local_merged_confusion_group,44 | 45 | 8A | 8Bd | 8Bs,low_resolution,44 | 45 | 8A | 8Bd | 8Bs,50,16,hybrid_projected_network_logcpm_exact
top3_network_beam_local_region_candidates,qbt-L-12o-8-31_BRRL200008129-1A,12o,Orbitomedial Prefrontal Cortex (OMPFC),"Orbitomedial Prefrontal Cortex (OMPFC) | Lateral Prefrontal Cortex | Parietal, and Parieto-occipital region",1,1,13l,46v,46d,22,0,0,Orbitomedial Prefrontal Cortex (OMPFC)::11l + 12m + 12o + 13l + 13m + 32,Orbitomedial Prefrontal Cortex (OMPFC)::11l + 12m + 12o + 13l + 13m + 32,Lateral Prefrontal Cortex::10o + 12l + 12r + 46d + 46v + 8Bm + 9d + 9m,Orbitomedial Prefrontal Cortex (OMPFC)::10m + 11m,1,1,1,low_resolution,nearest_centroid_corr>=0.95;fold_local_merged_confusion_group,11l | 12m | 12o | 13l | 13m | 32,low_resolution,11l | 12m | 12o | 13l | 13m | 32,36,9,hybrid_projected_network_logcpm_exact
top3_network_beam_local_region_candidates,qbt-L-13l-8-31_BRRL200008130-1A,13l,Orbitomedial Prefrontal Cortex (OMPFC),Orbitomedial Prefrontal Cortex (OMPFC) | Operculum/Insula | Temporal,1,1,PrCo,G,11l,8,0,0,Orbitomedial Prefrontal Cortex (OMPFC)::11l + 11m + 12m + 13l,PrCo,Operculum/Insula::G + Iapl + Id + Ig + Ri + SII,Orbitomedial Prefrontal Cortex (OMPFC)::11l + 11m + 12m + 13l,3,0,1,low_resolution,nearest_centroid_corr>=0.95,PrCo,low_resolution,11l | 11m | 12m | 13l,51,18,hybrid_projected_network_logcpm_exact
top3_network_beam_local_region_candidates,qbt-L-13m-8-31_BRRL200008131-1A,13m,Orbitomedial Prefrontal Cortex (OMPFC),"Temporal | Orbitomedial Prefrontal Cortex (OMPFC) | Parietal, and Parieto-occipital region",0,1,11l,13l,11m,6,0,0,Orbitomedial Prefrontal Cortex (OMPFC)::11l + 12m + 13l + 13m,Orbitomedial Prefrontal Cortex (OMPFC)::11l + 12m + 13l + 13m,Orbitomedial Prefrontal Cortex (OMPFC)::10m + 11m,Orbitomedial Prefrontal Cortex (OMPFC)::12o + 32,1,1,1,low_resolution,nearest_centroid_corr>=0.95;fold_local_merged_confusion_group,11l | 12m | 13l | 13m,low_resolution,11l | 12m | 13l | 13m,50,18,hybrid_projected_network_logcpm_exact
top3_network_beam_local_region_candidates,qbt-L-14c-8-31_BRRL200008132-1A,14c,Orbitomedial Prefrontal Cortex (OMPFC),Orbitomedial Prefrontal Cortex (OMPFC) | Operculum/Insula | Temporal,1,1,Ial,14c,Iapl,2,0,1,Orbitomedial Prefrontal Cortex (OMPFC)::13a + 13b + 14c + 14r + 25 + 32,Operculum/Insula::Ia + Ial + Iapm + Pi,Orbitomedial Prefrontal Cortex (OMPFC)::13a + 13b + 14c + 14r + 25 + 32,Operculum/Insula::G + Iapl + Id + Ig + Ri + SII,2,0,1,low_resolution,nearest_centroid_corr>=0.95;fold_local_merged_confusion_group,Ia | Ial | Iapm | Pi,low_resolution,13a | 13b | 14c | 14r | 25 | 32,51,17,hybrid_projected_network_logcpm_exact
top3_network_beam_local_region_candidates,qbt-L-32-8-31_BRRL200008305-1A,32,Orbitomedial Prefrontal Cortex (OMPFC),Orbitomedial Prefrontal Cortex (OMPFC) | Operculum/Insula | Cingulate gyrus,1,1,25,Ial,24c,12,0,0,32,Orbitomedial Prefrontal Cortex (OMPFC)::10m + 13a + 13b + 14c + 14r + 25,Operculum/Insula::Ia + Ial + Iapm + Pi,Cingulate gyrus::23b + 23c + 24b + 24b' + 24c + 24c',5,0,0,low_resolution,training_n<8;nearest_centroid_corr>=0.95;fold_local_merged_confusion_group,10m | 13a | 13b | 14c | 14r | 25,low_resolution,32,34,11,hybrid_projected_network_logcpm_exact
top3_network_beam_local_region_candidates,xz-L-F6-9-1_BRRL200008306-1A,F6,Frontal (agranular frontal motor areas),"Lateral Prefrontal Cortex | Frontal (agranular frontal motor areas) | Parietal, and Parieto-occipital region",0,1,F7,8Bd,8Bs,6,0,0,F6,F7,Lateral Prefrontal Cortex::44 + 45 + 8A + 8Bd + 8Bs,F6,3,0,1,low_resolution,training_n<8;nearest_centroid_corr>=0.95,F7,low_resolution,F6,30,12,hybrid_projected_network_logcpm_exact
top3_network_beam_local_region_candidates,xz-L-F7-9-1_BRRL200008307-1A,F7,Frontal (agranular frontal motor areas),"Lateral Prefrontal Cortex | Parietal, and Parieto-occipital region | Frontal (agranular frontal motor areas)",0,1,F7,8Bd,8Bs,1,1,1,F7,F7,Lateral Prefrontal Cortex::44 + 45 + 8A + 8Bd + 8Bs,F4,1,1,1,low_resolution,training_n<8;nearest_centroid_corr>=0.95,F7,low_resolution,F7,30,12,hybrid_projected_network_logcpm_exact
top3_network_beam_local_region_candidates,xz-L-8Bd-9-1_BRRL200008308-1A,8Bd,Lateral Prefrontal Cortex,"Lateral Prefrontal Cortex | Parietal, and Parieto-occipital region | Frontal (agranular frontal motor areas)",1,1,F7,F4,8A,6,0,0,Lateral Prefrontal Cortex::44 + 45 + 8A + 8Bd + 8Bm + 8Bs + 9m,Frontal (agranular frontal motor areas)::F6 + F7,F4,Lateral Prefrontal Cortex::44 + 45 + 8A + 8Bd + 8Bm + 8Bs + 9m,3,0,1,low_resolution,training_n<8;nearest_centroid_corr>=0.95;fold_local_merged_confusion_group,F6 | F7,low_resolution,44 | 45 | 8A | 8Bd | 8Bm | 8Bs | 9m,30,11,hybrid_projected_network_logcpm_exact
top3_network_beam_local_region_candidates,xz-L-8Bs-9-1_BRRL200008309-1A,8Bs,Lateral Prefrontal Cortex,"Parietal, and Parieto-occipital region | Lateral Prefrontal Cortex | Frontal (agranular frontal motor areas)",0,1,8A,45,F4,8,0,0,Lateral Prefrontal Cortex::44 + 45 + 8A + 8Bd + 8Bs,Lateral Prefrontal Cortex::44 + 45 + 8A + 8Bd + 8Bs,F4,F7,1,1,1,low_resolution,nearest_centroid_corr>=0.95;fold_local_merged_confusion_group,44 | 45 | 8A | 8Bd | 8Bs,low_resolution,44 | 45 | 8A | 8Bd | 8Bs,30,11,hybrid_projected_network_logcpm_exact
top3_network_beam_local_region_candidates,xz-L-8A-9-1_BRRL200008310-1A,8A,Lateral Prefrontal Cortex,"Parietal, and Parieto-occipital region | Lateral Prefrontal Cortex | Frontal (agranular frontal motor areas)",0,1,F4,8A,45,2,0,1,8A,F4,8A,Lateral Prefrontal Cortex::44 + 45 + 8Bd + 8Bs,2,0,1,low_resolution,nearest_centroid_corr>=0.95,F4,low_resolution,8A,30,12,hybrid_projected_network_logcpm_exact
top3_network_beam_local_region_candidates,xz-L-45-9-1_BRRL200008311-1A,45,Lateral Prefrontal Cortex,"Parietal, and Parieto-occipital region | Lateral Prefrontal Cortex | Temporal",0,1,8Bs,8A,45,3,0,1,Lateral Prefrontal Cortex::44 + 45 + 8A + 8Bd + 8Bm + 8Bs + 9d + 9m,Lateral Prefrontal Cortex::44 + 45 + 8A + 8Bd + 8Bm + 8Bs + 9d + 9m,Lateral Prefrontal Cortex::10o + 12l + 12r + 46d + 46v,"Parietal, and Parieto-occipital region::1-2 + 5 + 7a + 7b + 7op + LIPd + LIPv + VIP",1,1,1,low_resolution,nearest_centroid_corr>=0.95;fold_local_merged_confusion_group,44 | 45 | 8A | 8Bd | 8Bm | 8Bs | 9d | 9m,low_resolution,44 | 45 | 8A | 8Bd | 8Bm | 8Bs | 9d | 9m,50,16,hybrid_projected_network_logcpm_exact
top3_network_beam_local_region_candidates,xz-L-12o-9-1_BRRL200008312-1A,12o,Orbitomedial Prefrontal Cortex (OMPFC),Orbitomedial Prefrontal Cortex (OMPFC) | Operculum/Insula | Temporal,1,1,14c,32,12o,3,0,1,Orbitomedial Prefrontal Cortex (OMPFC)::10m + 11l + 11m + 12m + 12o + 13l + 13m + 32,Orbitomedial Prefrontal Cortex (OMPFC)::13a + 14c + 25,Orbitomedial Prefrontal Cortex (OMPFC)::10m + 11l + 11m + 12m + 12o + 13l + 13m + 32,Orbitomedial Prefrontal Cortex (OMPFC)::13b + 14r,2,0,1,low_resolution,nearest_centroid_corr>=0.95;fold_local_merged_confusion_group,13a | 14c | 25,low_resolution,10m | 11l | 11m | 12m | 12o | 13l | 13m | 32,51,17,hybrid_projected_network_logcpm_exact
top3_network_beam_local_region_candidates,xz-L-13l-9-1_BRRL200008313-1A,13l,Orbitomedial Prefrontal Cortex (OMPFC),"Temporal | Orbitomedial Prefrontal Cortex (OMPFC) | Parietal, and Parieto-occipital region",0,1,12m,11l,13m,5,0,0,Orbitomedial Prefrontal Cortex (OMPFC)::11l + 12m + 13l + 13m,Orbitomedial Prefrontal Cortex (OMPFC)::11l + 12m + 13l + 13m,TAa,Orbitomedial Prefrontal Cortex (OMPFC)::10m + 11m,1,1,1,low_resolution,training_n<8;nearest_centroid_corr>=0.95;fold_local_merged_confusion_group,11l | 12m | 13l | 13m,low_resolution,11l | 12m | 13l | 13m,50,17,hybrid_projected_network_logcpm_exact
top3_network_beam_local_region_candidates,xz-L-13m-9-1_BRRL200008314-1A,13m,Orbitomedial Prefrontal Cortex (OMPFC),"Parietal, and Parieto-occipital region | Temporal | Orbitomedial Prefrontal Cortex (OMPFC)",0,1,12m,11l,13l,14,0,0,Orbitomedial Prefrontal Cortex (OMPFC)::11l + 12m + 13l + 13m,Orbitomedial Prefrontal Cortex (OMPFC)::11l + 12m + 13l + 13m,TAa,Temporal::A1 + CL + CM + IPa + ML + PGa + TPO + Tpt,1,1,1,low_resolution,training_n<8;nearest_centroid_corr>=0.95;fold_local_merged_confusion_group,11l | 12m | 13l | 13m,low_resolution,11l | 12m | 13l | 13m,50,18,hybrid_projected_network_logcpm_exact
top3_network_beam_local_region_candidates,xz-L-14c-9-1_BRRL200008315-1A,14c,Orbitomedial Prefrontal Cortex (OMPFC),Orbitomedial Prefrontal Cortex (OMPFC) | Operculum/Insula | Temporal,1,1,14c,12o,Ial,1,1,1,Orbitomedial Prefrontal Cortex (OMPFC)::13a + 13b + 14c + 14r + 25 + 32,Orbitomedial Prefrontal Cortex (OMPFC)::13a + 13b + 14c + 14r + 25 + 32,Orbitomedial Prefrontal Cortex (OMPFC)::11l + 11m + 12m + 12o + 13l + 13m,Operculum/Insula::Ia + Ial + Iapm + Pi,1,1,1,low_resolution,training_n<8;nearest_centroid_corr>=0.95;fold_local_merged_confusion_group,13a | 13b | 14c | 14r | 25 | 32,low_resolution,13a | 13b | 14c | 14r | 25 | 32,51,17,hybrid_projected_network_logcpm_exact
top3_network_beam_local_region_candidates,qbt-R-SII-9-2_BRRL200008316-1A,SII,Operculum/Insula,"Parietal, and Parieto-occipital region | Orbitomedial Prefrontal Cortex (OMPFC) | Temporal",0,0,LIPd,IPa,7op,111,0,0,outside_network_beam,"Parietal, and Parieto-occipital region::1-2 + 5 + 7a + 7b + 7op + LIPd + LIPv + VIP",Temporal::A1 + CL + CM + IPa + ML + PGa + TPO + Tpt,3a/b,111,0,0,low_resolution,nearest_centroid_corr>=0.95;fold_local_merged_confusion_group,1-2 | 5 | 7a | 7b | 7op | LIPd | LIPv | VIP,outside_network_beam,,50,17,hybrid_projected_network_logcpm_exact
top3_network_beam_local_region_candidates,qbt-R-R-9-2_BRRL200008317-1A,R,Temporal,"Temporal | Occipital/Temporal | Parietal, and Parieto-occipital region",1,1,TEa,CL,LIPd,28,0,0,Temporal::AL + R,Temporal::PGa + TAa + TEa,Temporal::A1 + CL + CM + ML + TPO + Tpt,"Parietal, and Parieto-occipital region::1-2 + 5 + 7a + 7b + 7op + LIPd + LIPv + VIP",12,0,0,low_resolution,training_n<8;nearest_centroid_corr>=0.95;fold_local_merged_confusion_group,PGa | TAa | TEa,low_resolution,AL | R,46,19,hybrid_projected_network_logcpm_exact
top3_network_beam_local_region_candidates,qbt-R-PGa-9-2_BRRL200008318-1A,PGa,Temporal,"Temporal | Parietal, and Parieto-occipital region | Operculum/Insula",1,1,PGa,TEad,TAa,1,1,1,Temporal::A1 + CL + CM + IPa + ML + PGa + TPO + Tpt,Temporal::A1 + CL + CM + IPa + ML + PGa + TPO + Tpt,Temporal::TEO + TEad + TEav + TEm + TEpd + TEpv + TG,Temporal::AL + R + RM + RT + RTL + RTM + TAa,1,1,1,low_resolution,nearest_centroid_corr>=0.95;fold_local_merged_confusion_group,A1 | CL | CM | IPa | ML | PGa | TPO | Tpt,low_resolution,A1 | CL | CM | IPa | ML | PGa | TPO | Tpt,48,13,hybrid_projected_network_logcpm_exact
top3_network_beam_local_region_candidates,qbt-R-TEm-9-2_BRRL200008319-1A,TEm,Temporal,"Temporal | Parietal, and Parieto-occipital region | Operculum/Insula",1,1,PGa,TAa,PrCo,16,0,0,Temporal::TEad + TEav + TEm + TG,Temporal::A1 + CL + CM + IPa + ML + PGa + TPO + Tpt,Temporal::AL + R + RM + RT + RTL + RTM + TAa,Operculum/Insula::G + Iapl + Id + Ig + PrCo + Ri + SII,4,0,0,low_resolution,nearest_centroid_corr>=0.95;fold_local_merged_confusion_group,A1 | CL | CM | IPa | ML | PGa | TPO | Tpt,low_resolution,TEad | TEav | TEm | TG,48,15,hybrid_projected_network_logcpm_exact
top3_network_beam_local_region_candidates,qbt-R-TEav-9-3_BRRL200008320-1A,TEav,Temporal,"Temporal | Occipital/Temporal | Parietal, and Parieto-occipital region",1,1,PGa,IPa,TEa,20,0,0,Temporal::TEav + TG,Temporal::PGa + RT + RTL + STG + TAa + TEO + TEm + TEpd,IPa,Temporal::A1 + CL + CM + ML + TEa + TPO + Tpt,9,0,0,low_resolution,nearest_centroid_corr>=0.95;fold_local_merged_confusion_group,PGa | RT | RTL | STG | TAa | TEO | TEm | TEpd,low_resolution,TEav | TG,46,19,hybrid_projected_network_logcpm_exact
top3_network_beam_local_region_candidates,xz-R-TEav-9-3_BRRL200008321-1A,TEav,Temporal,"Temporal | Parietal, and Parieto-occipital region | Occipital/Temporal",1,1,PGa,TAa,TEad,11,0,0,TEav,Temporal::PGa + RT + RTL + STG + TAa + TEO + TEm + TEpd,TEad,IPa,8,0,0,low_resolution,nearest_centroid_corr>=0.95;fold_local_merged_confusion_group,PGa | RT | RTL | STG | TAa | TEO | TEm | TEpd,low_resolution,TEav,46,20,hybrid_projected_network_logcpm_exact
top3_network_beam_local_region_candidates,xz-R-24c-9-3_BRRL200008323-1A,24c,Cingulate gyrus,"Temporal | Parietal, and Parieto-occipital region | Orbitomedial Prefrontal Cortex (OMPFC)",0,0,PGa,TAa,R,111,0,0,outside_network_beam,Temporal::A1 + CL + CM + IPa + ML + PGa + TPO + Tpt,TAa,Temporal::AL + R + RTL + STG,111,0,0,low_resolution,nearest_centroid_corr>=0.95;fold_local_merged_confusion_group,A1 | CL | CM | IPa | ML | PGa | TPO | Tpt,outside_network_beam,,50,17,hybrid_projected_network_logcpm_exact
