route,sample_id,label,true_network,network_beam,network_top1_hit,network_top3_hit,pred_top1,pred_top2,pred_top3,true_rank,hit1,hit3,true_resolution_group,pred_group_top1,pred_group_top2,pred_group_top3,group_true_rank,group_hit1,group_hit3,pred_top1_resolution_tier,pred_top1_resolution_reasons,pred_top1_group_members,truth_resolution_tier,truth_group_members,n_candidate_regions,n_candidate_groups,monkey_id,route_family
top3_network_beam_local_region_candidates,19R348,7m,"Parietal, and Parieto-occipital region","Occipital/Temporal | Parietal, and Parieto-occipital region | Temporal",0,1,TEO,V3v,V4,18,0,0,7m,Temporal::PGa + RT + RTL + STG + TAa + TEO + TEm + TEpd,Occipital/Temporal::FST + MST + V3d + V3v + V4 + V4v,Occipital/Temporal::V1 + V2,6,0,0,low_resolution,nearest_centroid_corr>=0.95;fold_local_merged_confusion_group,PGa | RT | RTL | STG | TAa | TEO | TEm | TEpd,low_resolution,7m,46,18,2,hybrid_projected_network_logcpm_exact
top3_network_beam_local_region_candidates,19R349,VIP,"Parietal, and Parieto-occipital region","Occipital/Temporal | Parietal, and Parieto-occipital region | Temporal",0,1,V3d,FST,V2,11,0,0,"Parietal, and Parieto-occipital region::3a/b + 5 + LIPd + LIPv + VIP",Occipital/Temporal::FST + MST + V3d + V3v + V4 + V4v,Occipital/Temporal::V1 + V2,Temporal::A1 + CL + CM + ML + TPO + Tpt,5,0,0,low_resolution,training_n<8;nearest_centroid_corr>=0.95;fold_local_merged_confusion_group,FST | MST | V3d | V3v | V4 | V4v,low_resolution,3a/b | 5 | LIPd | LIPv | VIP,46,18,2,hybrid_projected_network_logcpm_exact
top3_network_beam_local_region_candidates,19R350,V4v,Occipital/Temporal,"Parietal, and Parieto-occipital region | Lateral Prefrontal Cortex | Occipital/Temporal",0,1,7m,5,7op,8,0,0,Occipital/Temporal::V1 + V2 + V3d + V3v + V4 + V4v,"Parietal, and Parieto-occipital region::5 + 7m + LIPd + LIPv + VIP","Parietal, and Parieto-occipital region::1-2 + 7a + 7b + 7op",3a/b,4,0,0,low_resolution,training_n<8;nearest_centroid_corr>=0.95;fold_local_merged_confusion_group,5 | 7m | LIPd | LIPv | VIP,low_resolution,V1 | V2 | V3d | V3v | V4 | V4v,32,8,2,hybrid_projected_network_logcpm_exact
top3_network_beam_local_region_candidates,19R356,13b,Orbitomedial Prefrontal Cortex (OMPFC),Lateral Prefrontal Cortex | Cingulate gyrus | Orbitomedial Prefrontal Cortex (OMPFC),0,1,12l,12r,12m,22,0,0,Orbitomedial Prefrontal Cortex (OMPFC)::11l + 12m + 12o + 13b + 13l + 13m,Lateral Prefrontal Cortex::10o + 12l + 12r + 46d + 46v,Orbitomedial Prefrontal Cortex (OMPFC)::11l + 12m + 12o + 13b + 13l + 13m,Lateral Prefrontal Cortex::44 + 45 + 8A + 8Bd + 8Bm + 8Bs + 9d + 9m,2,0,1,low_resolution,training_n<8;nearest_centroid_corr>=0.95;fold_local_merged_confusion_group,10o | 12l | 12r | 46d | 46v,low_resolution,11l | 12m | 12o | 13b | 13l | 13m,36,13,2,hybrid_projected_network_logcpm_exact
top3_network_beam_local_region_candidates,19R357,11l,Orbitomedial Prefrontal Cortex (OMPFC),Lateral Prefrontal Cortex | Cingulate gyrus | Orbitomedial Prefrontal Cortex (OMPFC),0,1,12r,12l,12m,7,0,0,Orbitomedial Prefrontal Cortex (OMPFC)::11l + 12m + 12o + 13b + 13l + 13m,Lateral Prefrontal Cortex::10o + 12l + 12r + 46d + 46v,Orbitomedial Prefrontal Cortex (OMPFC)::11l + 12m + 12o + 13b + 13l + 13m,Lateral Prefrontal Cortex::44 + 45 + 8A + 8Bd + 8Bm + 8Bs + 9d + 9m,2,0,1,low_resolution,nearest_centroid_corr>=0.95;fold_local_merged_confusion_group,10o | 12l | 12r | 46d | 46v,low_resolution,11l | 12m | 12o | 13b | 13l | 13m,36,13,2,hybrid_projected_network_logcpm_exact
top3_network_beam_local_region_candidates,19R358,14r,Orbitomedial Prefrontal Cortex (OMPFC),Cingulate gyrus | Lateral Prefrontal Cortex | Orbitomedial Prefrontal Cortex (OMPFC),0,1,24c,12o,24c',26,0,0,14r,Cingulate gyrus::24b + 24c,Orbitomedial Prefrontal Cortex (OMPFC)::11l + 12m + 12o + 13b + 13l + 13m,Cingulate gyrus::23b + 23c + 24b' + 24c',10,0,0,low_resolution,nearest_centroid_corr>=0.95;fold_local_merged_confusion_group,24b | 24c,low_resolution,14r,36,13,2,hybrid_projected_network_logcpm_exact
top3_network_beam_local_region_candidates,19R359,10m,Orbitomedial Prefrontal Cortex (OMPFC),Cingulate gyrus | Orbitomedial Prefrontal Cortex (OMPFC) | Lateral Prefrontal Cortex,0,1,11m,12o,10m,3,0,1,Orbitomedial Prefrontal Cortex (OMPFC)::10m + 11m,Orbitomedial Prefrontal Cortex (OMPFC)::10m + 11m,Orbitomedial Prefrontal Cortex (OMPFC)::11l + 12m + 12o + 13b + 13l + 13m,Cingulate gyrus::24b + 24c,1,1,1,low_resolution,training_n<8;nearest_centroid_corr>=0.95;fold_local_merged_confusion_group,10m | 11m,low_resolution,10m | 11m,36,13,2,hybrid_projected_network_logcpm_exact
top3_network_beam_local_region_candidates,19R361,F3,Frontal (agranular frontal motor areas),Frontal (agranular frontal motor areas) | Lateral Prefrontal Cortex | Cingulate gyrus,1,1,44,8Bd,F7,4,0,0,Frontal (agranular frontal motor areas)::F1 + F2 + F3,Lateral Prefrontal Cortex::44 + 45 + 8A + 8Bd + 8Bs + 9d,F7,Frontal (agranular frontal motor areas)::F1 + F2 + F3,3,0,1,low_resolution,training_n<8;nearest_centroid_corr>=0.95;fold_local_merged_confusion_group,44 | 45 | 8A | 8Bd | 8Bs | 9d,low_resolution,F1 | F2 | F3,30,12,2,hybrid_projected_network_logcpm_exact
top3_network_beam_local_region_candidates,19R369,F1,Frontal (agranular frontal motor areas),"Parietal, and Parieto-occipital region | Lateral Prefrontal Cortex | Frontal (agranular frontal motor areas)",0,1,5,F1,3a/b,2,0,1,Frontal (agranular frontal motor areas)::F1 + F2,"Parietal, and Parieto-occipital region::3a/b + 5 + LIPd + LIPv + VIP",Frontal (agranular frontal motor areas)::F1 + F2,7m,2,0,1,low_resolution,nearest_centroid_corr>=0.95;fold_local_merged_confusion_group,3a/b | 5 | LIPd | LIPv | VIP,low_resolution,F1 | F2,30,11,2,hybrid_projected_network_logcpm_exact
top3_network_beam_local_region_candidates,19R372,1-2,"Parietal, and Parieto-occipital region","Parietal, and Parieto-occipital region | Lateral Prefrontal Cortex | Frontal (agranular frontal motor areas)",1,1,5,F1,LIPv,20,0,0,"Parietal, and Parieto-occipital region::1-2 + 7a + 7b","Parietal, and Parieto-occipital region::3a/b + 5 + LIPd + LIPv + VIP",Frontal (agranular frontal motor areas)::F1 + F2,Lateral Prefrontal Cortex::44 + 45 + 8A + 8Bd + 8Bs,9,0,0,low_resolution,nearest_centroid_corr>=0.95;fold_local_merged_confusion_group,3a/b | 5 | LIPd | LIPv | VIP,low_resolution,1-2 | 7a | 7b,30,11,2,hybrid_projected_network_logcpm_exact
top3_network_beam_local_region_candidates,19R376,AL,Temporal,Orbitomedial Prefrontal Cortex (OMPFC) | Operculum/Insula | Temporal,0,1,RT,RTL,RM,24,0,0,AL,Temporal::RM + RT + RTM,Temporal::RTL + STG,Operculum/Insula::G + Iapl + Id + Ig + PrCO + Ri + SII,10,0,0,low_resolution,training_n<8;nearest_centroid_corr>=0.95;fold_local_merged_confusion_group,RM | RT | RTM,low_resolution,AL,51,17,2,hybrid_projected_network_logcpm_exact
top3_network_beam_local_region_candidates,19R378,pu,Subcortical,Subcortical | Hippocampal formation | Operculum/Insula,1,1,pu,Cd,NAcc,1,1,1,Subcortical::Cd + pu,Subcortical::Cd + pu,NAcc,Cla,1,1,1,low_resolution,nearest_centroid_corr>=0.95;fold_local_merged_confusion_group,Cd | pu,low_resolution,Cd | pu,20,11,2,hybrid_projected_network_logcpm_exact
top3_network_beam_local_region_candidates,19R352,Amy,Subcortical,Subcortical | Hippocampal formation | Operculum/Insula,1,1,Tha,GP,NAcc,9,0,0,Amy,Tha,GP,NAcc,8,0,0,low_resolution,training_n<8,Tha,low_resolution,Amy,20,11,2,hybrid_projected_network_logcpm_exact
top3_network_beam_local_region_candidates,19R364,G,Operculum/Insula,Orbitomedial Prefrontal Cortex (OMPFC) | Operculum/Insula | Cingulate gyrus,0,1,Iapl,Id,23b,10,0,0,Operculum/Insula::G + Iapl + Id + Ig + PrCO + Ri + SII,Operculum/Insula::G + Iapl + Id + Ig + PrCO + Ri + SII,Cingulate gyrus::23b + 23c + 24a' + 24b + 24b' + 24c + 24c',Operculum/Insula::Ia + Ial + Iapm + Pi,1,1,1,low_resolution,nearest_centroid_corr>=0.95;fold_local_merged_confusion_group,G | Iapl | Id | Ig | PrCO | Ri | SII,low_resolution,G | Iapl | Id | Ig | PrCO | Ri | SII,34,8,2,hybrid_projected_network_logcpm_exact
top3_network_beam_local_region_candidates,19R368,3a/b,"Parietal, and Parieto-occipital region","Occipital/Temporal | Parietal, and Parieto-occipital region | Temporal",0,1,3a/b,A1,CL,1,1,1,"Parietal, and Parieto-occipital region::3a/b + 5 + LIPd + LIPv + VIP","Parietal, and Parieto-occipital region::3a/b + 5 + LIPd + LIPv + VIP",Temporal::A1 + CL + CM + ML + TPO + Tpt,Occipital/Temporal::FST + MST + V3d + V3v + V4 + V4v,1,1,1,low_resolution,nearest_centroid_corr>=0.95;fold_local_merged_confusion_group,3a/b | 5 | LIPd | LIPv | VIP,low_resolution,3a/b | 5 | LIPd | LIPv | VIP,46,18,2,hybrid_projected_network_logcpm_exact
top3_network_beam_local_region_candidates,19R371,V3v,Occipital/Temporal,"Occipital/Temporal | Parietal, and Parieto-occipital region | Temporal",1,1,V2,V1,V3v,3,0,1,Occipital/Temporal::FST + MST + V3d + V3v + V4 + V4v,Occipital/Temporal::V1 + V2,Occipital/Temporal::FST + MST + V3d + V3v + V4 + V4v,Temporal::A1 + CL + CM + ML + TPO + Tpt,2,0,1,low_resolution,nearest_centroid_corr>=0.95;fold_local_merged_confusion_group,V1 | V2,low_resolution,FST | MST | V3d | V3v | V4 | V4v,46,18,2,hybrid_projected_network_logcpm_exact
top3_network_beam_local_region_candidates,19R627,10m,Orbitomedial Prefrontal Cortex (OMPFC),Cingulate gyrus | Orbitomedial Prefrontal Cortex (OMPFC) | Lateral Prefrontal Cortex,0,1,11m,10m,9m,2,0,1,Orbitomedial Prefrontal Cortex (OMPFC)::10m + 11m + 12m + 12o + 13b + 13l + 13m,Orbitomedial Prefrontal Cortex (OMPFC)::10m + 11m + 12m + 12o + 13b + 13l + 13m,Lateral Prefrontal Cortex::10o + 12l + 12r + 46d + 46v + 9d + 9m,Orbitomedial Prefrontal Cortex (OMPFC)::14c + 14r + 32,1,1,1,low_resolution,training_n<8;nearest_centroid_corr>=0.95;fold_local_merged_confusion_group,10m | 11m | 12m | 12o | 13b | 13l | 13m,low_resolution,10m | 11m | 12m | 12o | 13b | 13l | 13m,35,13,34,hybrid_projected_network_logcpm_exact
top3_network_beam_local_region_candidates,19R628,46d,Lateral Prefrontal Cortex,Lateral Prefrontal Cortex | Cingulate gyrus | Frontal (agranular frontal motor areas),1,1,12r,46v,46d,3,0,1,Lateral Prefrontal Cortex::10o + 12l + 12r + 46d + 46v + 9m,Lateral Prefrontal Cortex::10o + 12l + 12r + 46d + 46v + 9m,Lateral Prefrontal Cortex::44 + 45 + 8A + 8Bd + 8Bs + 9d,Frontal (agranular frontal motor areas)::F1 + F2 + F3 + F5 + F6,1,1,1,low_resolution,training_n<8;nearest_centroid_corr>=0.95;fold_local_merged_confusion_group,10o | 12l | 12r | 46d | 46v | 9m,low_resolution,10o | 12l | 12r | 46d | 46v | 9m,29,11,34,hybrid_projected_network_logcpm_exact
top3_network_beam_local_region_candidates,19R629,46v,Lateral Prefrontal Cortex,Lateral Prefrontal Cortex | Cingulate gyrus | Orbitomedial Prefrontal Cortex (OMPFC),1,1,10o,12r,12l,7,0,0,Lateral Prefrontal Cortex::10o + 12l + 12r + 46d + 46v + 9d + 9m,Lateral Prefrontal Cortex::10o + 12l + 12r + 46d + 46v + 9d + 9m,Orbitomedial Prefrontal Cortex (OMPFC)::10m + 11m + 12m + 12o + 13b + 13l + 13m,11l,1,1,1,low_resolution,nearest_centroid_corr>=0.95;fold_local_merged_confusion_group,10o | 12l | 12r | 46d | 46v | 9d | 9m,low_resolution,10o | 12l | 12r | 46d | 46v | 9d | 9m,35,13,34,hybrid_projected_network_logcpm_exact
top3_network_beam_local_region_candidates,19R630,12r,Lateral Prefrontal Cortex,Lateral Prefrontal Cortex | Cingulate gyrus | Orbitomedial Prefrontal Cortex (OMPFC),1,1,10o,13m,11m,5,0,0,Lateral Prefrontal Cortex::10o + 12l + 12r + 46d + 46v + 9d + 9m,Lateral Prefrontal Cortex::10o + 12l + 12r + 46d + 46v + 9d + 9m,Orbitomedial Prefrontal Cortex (OMPFC)::10m + 11m + 12m + 12o + 13b + 13l + 13m,11l,1,1,1,low_resolution,nearest_centroid_corr>=0.95;fold_local_merged_confusion_group,10o | 12l | 12r | 46d | 46v | 9d | 9m,low_resolution,10o | 12l | 12r | 46d | 46v | 9d | 9m,35,13,34,hybrid_projected_network_logcpm_exact
top3_network_beam_local_region_candidates,19R631,11l,Orbitomedial Prefrontal Cortex (OMPFC),Orbitomedial Prefrontal Cortex (OMPFC) | Cingulate gyrus | Lateral Prefrontal Cortex,1,1,10o,11m,13m,11,0,0,11l,Lateral Prefrontal Cortex::10o + 12l + 12r + 46d + 46v + 9d + 9m,Orbitomedial Prefrontal Cortex (OMPFC)::10m + 11m + 12m + 12o + 13b + 13l + 13m,11l,3,0,1,low_resolution,nearest_centroid_corr>=0.95;fold_local_merged_confusion_group,10o | 12l | 12r | 46d | 46v | 9d | 9m,low_resolution,11l,35,13,34,hybrid_projected_network_logcpm_exact
top3_network_beam_local_region_candidates,19R632,10o,Lateral Prefrontal Cortex,Orbitomedial Prefrontal Cortex (OMPFC) | Operculum/Insula | Cingulate gyrus,0,0,11m,10m,13b,111,0,0,outside_network_beam,Orbitomedial Prefrontal Cortex (OMPFC)::10m + 11l + 11m + 12m + 12o + 13b + 13l + 13m,Orbitomedial Prefrontal Cortex (OMPFC)::13a + 14c + 14r,PrCO,111,0,0,low_resolution,training_n<8;nearest_centroid_corr>=0.95;fold_local_merged_confusion_group,10m | 11l | 11m | 12m | 12o | 13b | 13l | 13m,outside_network_beam,,33,13,34,hybrid_projected_network_logcpm_exact
top3_network_beam_local_region_candidates,19R633,9m,Lateral Prefrontal Cortex,Cingulate gyrus | Frontal (agranular frontal motor areas) | Lateral Prefrontal Cortex,0,1,12l,F6,9m,3,0,1,Lateral Prefrontal Cortex::10o + 12l + 12r + 46d + 46v + 9m,Lateral Prefrontal Cortex::10o + 12l + 12r + 46d + 46v + 9m,Frontal (agranular frontal motor areas)::F1 + F2 + F3 + F5 + F6,8Bm,1,1,1,low_resolution,training_n<8;nearest_centroid_corr>=0.95;fold_local_merged_confusion_group,10o | 12l | 12r | 46d | 46v | 9m,low_resolution,10o | 12l | 12r | 46d | 46v | 9m,29,11,34,hybrid_projected_network_logcpm_exact
top3_network_beam_local_region_candidates,19R634,9d,Lateral Prefrontal Cortex,Cingulate gyrus | Lateral Prefrontal Cortex | Frontal (agranular frontal motor areas),0,1,12l,F5,12r,5,0,0,Lateral Prefrontal Cortex::44 + 45 + 8A + 8Bd + 8Bs + 9d,Lateral Prefrontal Cortex::10o + 12l + 12r + 46d + 46v + 9m,Frontal (agranular frontal motor areas)::F1 + F2 + F3 + F5 + F6,Lateral Prefrontal Cortex::44 + 45 + 8A + 8Bd + 8Bs + 9d,3,0,1,low_resolution,training_n<8;nearest_centroid_corr>=0.95;fold_local_merged_confusion_group,10o | 12l | 12r | 46d | 46v | 9m,low_resolution,44 | 45 | 8A | 8Bd | 8Bs | 9d,29,11,34,hybrid_projected_network_logcpm_exact
top3_network_beam_local_region_candidates,19R635,12l,Lateral Prefrontal Cortex,Lateral Prefrontal Cortex | Orbitomedial Prefrontal Cortex (OMPFC) | Cingulate gyrus,1,1,10o,12r,11m,5,0,0,Lateral Prefrontal Cortex::10o + 12l + 12r + 46d + 46v + 9d + 9m,Lateral Prefrontal Cortex::10o + 12l + 12r + 46d + 46v + 9d + 9m,Orbitomedial Prefrontal Cortex (OMPFC)::10m + 11m + 12m + 12o + 13b + 13l + 13m,11l,1,1,1,low_resolution,nearest_centroid_corr>=0.95;fold_local_merged_confusion_group,10o | 12l | 12r | 46d | 46v | 9d | 9m,low_resolution,10o | 12l | 12r | 46d | 46v | 9d | 9m,35,13,34,hybrid_projected_network_logcpm_exact
top3_network_beam_local_region_candidates,19R636,12m,Orbitomedial Prefrontal Cortex (OMPFC),Cingulate gyrus | Orbitomedial Prefrontal Cortex (OMPFC) | Lateral Prefrontal Cortex,0,1,10o,13m,12l,8,0,0,Orbitomedial Prefrontal Cortex (OMPFC)::10m + 11m + 12m + 12o + 13b + 13l + 13m,Lateral Prefrontal Cortex::10o + 12l + 12r + 46d + 46v + 9d + 9m,Orbitomedial Prefrontal Cortex (OMPFC)::10m + 11m + 12m + 12o + 13b + 13l + 13m,11l,2,0,1,low_resolution,nearest_centroid_corr>=0.95;fold_local_merged_confusion_group,10o | 12l | 12r | 46d | 46v | 9d | 9m,low_resolution,10m | 11m | 12m | 12o | 13b | 13l | 13m,35,13,34,hybrid_projected_network_logcpm_exact
top3_network_beam_local_region_candidates,19R637,13b,Orbitomedial Prefrontal Cortex (OMPFC),Orbitomedial Prefrontal Cortex (OMPFC) | Cingulate gyrus | Operculum/Insula,1,1,10m,11m,13b,3,0,1,Orbitomedial Prefrontal Cortex (OMPFC)::10m + 11l + 11m + 12m + 12o + 13b + 13l + 13m,Orbitomedial Prefrontal Cortex (OMPFC)::10m + 11l + 11m + 12m + 12o + 13b + 13l + 13m,Orbitomedial Prefrontal Cortex (OMPFC)::13a + 14c + 14r,32,1,1,1,low_resolution,nearest_centroid_corr>=0.95;fold_local_merged_confusion_group,10m | 11l | 11m | 12m | 12o | 13b | 13l | 13m,low_resolution,10m | 11l | 11m | 12m | 12o | 13b | 13l | 13m,33,13,34,hybrid_projected_network_logcpm_exact
top3_network_beam_local_region_candidates,19R638,14r,Orbitomedial Prefrontal Cortex (OMPFC),Orbitomedial Prefrontal Cortex (OMPFC) | Operculum/Insula | Cingulate gyrus,1,1,14r,10m,11m,1,1,1,Orbitomedial Prefrontal Cortex (OMPFC)::13a + 14c + 14r,Orbitomedial Prefrontal Cortex (OMPFC)::13a + 14c + 14r,Orbitomedial Prefrontal Cortex (OMPFC)::10m + 11l + 11m + 12m + 12o + 13b + 13l + 13m,32,1,1,1,low_resolution,training_n<8;nearest_centroid_corr>=0.95;fold_local_merged_confusion_group,13a | 14c | 14r,low_resolution,13a | 14c | 14r,33,13,34,hybrid_projected_network_logcpm_exact
top3_network_beam_local_region_candidates,19R639,32,Orbitomedial Prefrontal Cortex (OMPFC),Cingulate gyrus | Orbitomedial Prefrontal Cortex (OMPFC) | Lateral Prefrontal Cortex,0,1,12o,10m,24c,8,0,0,Orbitomedial Prefrontal Cortex (OMPFC)::14c + 14r + 32,Orbitomedial Prefrontal Cortex (OMPFC)::10m + 11m + 12m + 12o + 13b + 13l + 13m,Cingulate gyrus::23b + 23c + 24b' + 24c + 24c',Orbitomedial Prefrontal Cortex (OMPFC)::14c + 14r + 32,3,0,1,low_resolution,training_n<8;nearest_centroid_corr>=0.95;fold_local_merged_confusion_group,10m | 11m | 12m | 12o | 13b | 13l | 13m,low_resolution,14c | 14r | 32,35,13,34,hybrid_projected_network_logcpm_exact
top3_network_beam_local_region_candidates,19R640,8Bm,Lateral Prefrontal Cortex,Frontal (agranular frontal motor areas) | Lateral Prefrontal Cortex | Cingulate gyrus,0,1,F6,12l,8Bd,8,0,0,8Bm,Frontal (agranular frontal motor areas)::F1 + F2 + F3 + F5 + F6,Lateral Prefrontal Cortex::10o + 12l + 12r + 46d + 46v + 9m,Lateral Prefrontal Cortex::44 + 45 + 8A + 8Bd + 8Bs + 9d,5,0,0,low_resolution,training_n<8;nearest_centroid_corr>=0.95;fold_local_merged_confusion_group,F1 | F2 | F3 | F5 | F6,low_resolution,8Bm,29,11,34,hybrid_projected_network_logcpm_exact
top3_network_beam_local_region_candidates,19R641,8Bd,Lateral Prefrontal Cortex,Frontal (agranular frontal motor areas) | Lateral Prefrontal Cortex | Cingulate gyrus,0,1,12l,F5,12r,6,0,0,Lateral Prefrontal Cortex::44 + 45 + 8A + 8Bd + 8Bs + 9d,Lateral Prefrontal Cortex::10o + 12l + 12r + 46d + 46v + 9m,Frontal (agranular frontal motor areas)::F1 + F2 + F3 + F5 + F6,Lateral Prefrontal Cortex::44 + 45 + 8A + 8Bd + 8Bs + 9d,3,0,1,low_resolution,training_n<8;nearest_centroid_corr>=0.95;fold_local_merged_confusion_group,10o | 12l | 12r | 46d | 46v | 9m,low_resolution,44 | 45 | 8A | 8Bd | 8Bs | 9d,29,11,34,hybrid_projected_network_logcpm_exact
top3_network_beam_local_region_candidates,19R642,45,Lateral Prefrontal Cortex,Lateral Prefrontal Cortex | Cingulate gyrus | Orbitomedial Prefrontal Cortex (OMPFC),1,1,12r,12m,12l,15,0,0,Lateral Prefrontal Cortex::44 + 45 + 8A + 8Bd + 8Bs,Lateral Prefrontal Cortex::10o + 12l + 12r + 46d + 46v + 9d + 9m,Orbitomedial Prefrontal Cortex (OMPFC)::10m + 11m + 12m + 12o + 13b + 13l + 13m,Lateral Prefrontal Cortex::44 + 45 + 8A + 8Bd + 8Bs,3,0,1,low_resolution,training_n<8;nearest_centroid_corr>=0.95;fold_local_merged_confusion_group,10o | 12l | 12r | 46d | 46v | 9d | 9m,low_resolution,44 | 45 | 8A | 8Bd | 8Bs,35,13,34,hybrid_projected_network_logcpm_exact
top3_network_beam_local_region_candidates,19R643,24b,Cingulate gyrus,Cingulate gyrus | Orbitomedial Prefrontal Cortex (OMPFC) | Operculum/Insula,1,1,32,24b',24c,15,0,0,24b,32,Cingulate gyrus::23b + 23c + 24b' + 24c + 24c',Orbitomedial Prefrontal Cortex (OMPFC)::13a + 14c + 14r,7,0,0,low_resolution,training_n<8;nearest_centroid_corr>=0.95,32,low_resolution,24b,33,13,34,hybrid_projected_network_logcpm_exact
top3_network_beam_local_region_candidates,19R644,24c,Cingulate gyrus,Cingulate gyrus | Orbitomedial Prefrontal Cortex (OMPFC) | Operculum/Insula,1,1,24c,25,32,1,1,1,Cingulate gyrus::23b + 23c + 24b' + 24c + 24c',Cingulate gyrus::23b + 23c + 24b' + 24c + 24c',25,32,1,1,1,low_resolution,nearest_centroid_corr>=0.95;fold_local_merged_confusion_group,23b | 23c | 24b' | 24c | 24c',low_resolution,23b | 23c | 24b' | 24c | 24c',33,13,34,hybrid_projected_network_logcpm_exact
top3_network_beam_local_region_candidates,19R645,F6,Frontal (agranular frontal motor areas),Frontal (agranular frontal motor areas) | Cingulate gyrus | Lateral Prefrontal Cortex,1,1,F3,8Bd,F6,3,0,1,Frontal (agranular frontal motor areas)::F1 + F2 + F3 + F5 + F6,Frontal (agranular frontal motor areas)::F1 + F2 + F3 + F5 + F6,Lateral Prefrontal Cortex::44 + 45 + 8A + 8Bd + 8Bs + 9d,8Bm,1,1,1,low_resolution,training_n<8;nearest_centroid_corr>=0.95;fold_local_merged_confusion_group,F1 | F2 | F3 | F5 | F6,low_resolution,F1 | F2 | F3 | F5 | F6,29,11,34,hybrid_projected_network_logcpm_exact
top3_network_beam_local_region_candidates,19R646,F7,Frontal (agranular frontal motor areas),Frontal (agranular frontal motor areas) | Lateral Prefrontal Cortex | Cingulate gyrus,1,1,8Bd,F3,44,7,0,0,F7,Lateral Prefrontal Cortex::44 + 45 + 8A + 8Bd + 8Bs + 9d,Frontal (agranular frontal motor areas)::F1 + F2 + F3 + F5 + F6,F7,3,0,1,low_resolution,training_n<8;nearest_centroid_corr>=0.95;fold_local_merged_confusion_group,44 | 45 | 8A | 8Bd | 8Bs | 9d,low_resolution,F7,29,11,34,hybrid_projected_network_logcpm_exact
top3_network_beam_local_region_candidates,19R647,8Bs,Lateral Prefrontal Cortex,Frontal (agranular frontal motor areas) | Lateral Prefrontal Cortex | Cingulate gyrus,0,1,F2,44,8Bd,6,0,0,Lateral Prefrontal Cortex::44 + 45 + 8A + 8Bd + 8Bs + 9d,Frontal (agranular frontal motor areas)::F1 + F2 + F3 + F5 + F6,Lateral Prefrontal Cortex::44 + 45 + 8A + 8Bd + 8Bs + 9d,F7,2,0,1,low_resolution,nearest_centroid_corr>=0.95;fold_local_merged_confusion_group,F1 | F2 | F3 | F5 | F6,low_resolution,44 | 45 | 8A | 8Bd | 8Bs | 9d,29,11,34,hybrid_projected_network_logcpm_exact
top3_network_beam_local_region_candidates,19R648,8A,Lateral Prefrontal Cortex,"Lateral Prefrontal Cortex | Frontal (agranular frontal motor areas) | Parietal, and Parieto-occipital region",1,1,5,45,44,5,0,0,Lateral Prefrontal Cortex::44 + 45 + 46d + 46v + 8A + 8Bd + 8Bs + 9d,"Parietal, and Parieto-occipital region::1-2 + 5 + 7a + 7b + 7m + 7op + LIPv + VIP",Lateral Prefrontal Cortex::44 + 45 + 46d + 46v + 8A + 8Bd + 8Bs + 9d,F4,2,0,1,low_resolution,training_n<8;nearest_centroid_corr>=0.95;fold_local_merged_confusion_group,1-2 | 5 | 7a | 7b | 7m | 7op | LIPv | VIP,low_resolution,44 | 45 | 46d | 46v | 8A | 8Bd | 8Bs | 9d,30,9,34,hybrid_projected_network_logcpm_exact
top3_network_beam_local_region_candidates,19R649,12o,Orbitomedial Prefrontal Cortex (OMPFC),Operculum/Insula | Orbitomedial Prefrontal Cortex (OMPFC) | Cingulate gyrus,0,1,12o,10m,32,1,1,1,Orbitomedial Prefrontal Cortex (OMPFC)::10m + 11l + 11m + 12m + 12o + 13b + 13l + 13m,Orbitomedial Prefrontal Cortex (OMPFC)::10m + 11l + 11m + 12m + 12o + 13b + 13l + 13m,32,Orbitomedial Prefrontal Cortex (OMPFC)::13a + 14c + 14r,1,1,1,low_resolution,training_n<8;nearest_centroid_corr>=0.95;fold_local_merged_confusion_group,10m | 11l | 11m | 12m | 12o | 13b | 13l | 13m,low_resolution,10m | 11l | 11m | 12m | 12o | 13b | 13l | 13m,33,13,34,hybrid_projected_network_logcpm_exact
top3_network_beam_local_region_candidates,19R650,14c,Orbitomedial Prefrontal Cortex (OMPFC),Operculum/Insula | Hippocampal formation | Orbitomedial Prefrontal Cortex (OMPFC),0,1,32,14r,13a,4,0,0,14c,32,Orbitomedial Prefrontal Cortex (OMPFC)::10m + 11l + 11m + 12m + 13l + 13m + 14r,Orbitomedial Prefrontal Cortex (OMPFC)::13a + 13b,4,0,0,low_resolution,training_n<8;nearest_centroid_corr>=0.95,32,low_resolution,14c,25,10,34,hybrid_projected_network_logcpm_exact
top3_network_beam_local_region_candidates,19R651,F3,Frontal (agranular frontal motor areas),Frontal (agranular frontal motor areas) | Lateral Prefrontal Cortex | Cingulate gyrus,1,1,F3,44,F2,1,1,1,Frontal (agranular frontal motor areas)::F1 + F2 + F3 + F5 + F6,Frontal (agranular frontal motor areas)::F1 + F2 + F3 + F5 + F6,Lateral Prefrontal Cortex::44 + 45 + 8A + 8Bd + 8Bs + 9d,F7,1,1,1,low_resolution,training_n<8;nearest_centroid_corr>=0.95;fold_local_merged_confusion_group,F1 | F2 | F3 | F5 | F6,low_resolution,F1 | F2 | F3 | F5 | F6,29,11,34,hybrid_projected_network_logcpm_exact
top3_network_beam_local_region_candidates,19R652,F2,Frontal (agranular frontal motor areas),Frontal (agranular frontal motor areas) | Lateral Prefrontal Cortex | Cingulate gyrus,1,1,F2,F1,44,1,1,1,Frontal (agranular frontal motor areas)::F1 + F2 + F3 + F5 + F6,Frontal (agranular frontal motor areas)::F1 + F2 + F3 + F5 + F6,Lateral Prefrontal Cortex::44 + 45 + 8A + 8Bd + 8Bs + 9d,F7,1,1,1,low_resolution,nearest_centroid_corr>=0.95;fold_local_merged_confusion_group,F1 | F2 | F3 | F5 | F6,low_resolution,F1 | F2 | F3 | F5 | F6,29,11,34,hybrid_projected_network_logcpm_exact
top3_network_beam_local_region_candidates,19R653,F4,Frontal (agranular frontal motor areas),Frontal (agranular frontal motor areas) | Lateral Prefrontal Cortex | Cingulate gyrus,1,1,44,8Bd,F3,11,0,0,F4,Lateral Prefrontal Cortex::44 + 45 + 8A + 8Bd + 8Bs + 9d,Frontal (agranular frontal motor areas)::F1 + F2 + F3 + F5 + F6,F7,4,0,0,low_resolution,training_n<8;nearest_centroid_corr>=0.95;fold_local_merged_confusion_group,44 | 45 | 8A | 8Bd | 8Bs | 9d,low_resolution,F4,29,11,34,hybrid_projected_network_logcpm_exact
top3_network_beam_local_region_candidates,19R654,3a/b,"Parietal, and Parieto-occipital region",Operculum/Insula | Cingulate gyrus | Orbitomedial Prefrontal Cortex (OMPFC),0,0,PrCO,Ig,G,111,0,0,outside_network_beam,PrCO,Operculum/Insula::G + Iapl + Id + Ig + SII,Cingulate gyrus::23b + 23c + 24b' + 24c + 24c',111,0,0,low_resolution,training_n<8;nearest_centroid_corr>=0.95,PrCO,outside_network_beam,,33,13,34,hybrid_projected_network_logcpm_exact
top3_network_beam_local_region_candidates,19R655,1-2,"Parietal, and Parieto-occipital region",Operculum/Insula | Orbitomedial Prefrontal Cortex (OMPFC) | Cingulate gyrus,0,0,12o,10m,PrCO,111,0,0,outside_network_beam,Orbitomedial Prefrontal Cortex (OMPFC)::10m + 11l + 11m + 12m + 12o + 13b + 13l + 13m,PrCO,Orbitomedial Prefrontal Cortex (OMPFC)::13a + 14c + 14r,111,0,0,low_resolution,training_n<8;nearest_centroid_corr>=0.95;fold_local_merged_confusion_group,10m | 11l | 11m | 12m | 12o | 13b | 13l | 13m,outside_network_beam,,33,13,34,hybrid_projected_network_logcpm_exact
top3_network_beam_local_region_candidates,19R656,STG,Temporal,Operculum/Insula | Temporal | Orbitomedial Prefrontal Cortex (OMPFC),0,1,RT,TEav,RTM,8,0,0,Temporal::STG + TEad + TEav + TEm + TEpd + TEpv + TFO,RT,Temporal::STG + TEad + TEav + TEm + TEpd + TEpv + TFO,Temporal::RM + RTM,2,0,1,low_resolution,training_n<8;nearest_centroid_corr>=0.95,RT,low_resolution,STG | TEad | TEav | TEm | TEpd | TEpv | TFO,50,19,34,hybrid_projected_network_logcpm_exact
top3_network_beam_local_region_candidates,19R657,pu,Subcortical,Subcortical | Hippocampal formation | Operculum/Insula,1,1,pu,Cd,NAcc,1,1,1,Subcortical::Cd + pu,Subcortical::Cd + pu,NAcc,Cla,1,1,1,low_resolution,training_n<8;nearest_centroid_corr>=0.95;fold_local_merged_confusion_group,Cd | pu,low_resolution,Cd | pu,21,12,34,hybrid_projected_network_logcpm_exact
top3_network_beam_local_region_candidates,19R658,Cd,Subcortical,Subcortical | Hippocampal formation | Operculum/Insula,1,1,NAcc,Cd,pu,2,0,1,Subcortical::Cd + pu,NAcc,Subcortical::Cd + pu,Cla,2,0,1,low_resolution,training_n<8,NAcc,low_resolution,Cd | pu,21,12,34,hybrid_projected_network_logcpm_exact
top3_network_beam_local_region_candidates,19R659,SII,Operculum/Insula,Operculum/Insula | Temporal | Orbitomedial Prefrontal Cortex (OMPFC),1,1,AL,R,STG,12,0,0,Operculum/Insula::G + Ig + SII,Temporal::AL + RTL,R,Temporal::STG + TEad + TEav + TEm + TEpd + TEpv + TFO,5,0,0,low_resolution,nearest_centroid_corr>=0.95;fold_local_merged_confusion_group,AL | RTL,low_resolution,G | Ig | SII,50,19,34,hybrid_projected_network_logcpm_exact
top3_network_beam_local_region_candidates,19R660,RM,Temporal,"Parietal, and Parieto-occipital region | Lateral Prefrontal Cortex | Temporal",0,1,AL,1-2,IPa,33,0,0,Temporal::RM + RTM,Temporal::A1 + AL + CL + CM + ML + TPO + Tpt,"Parietal, and Parieto-occipital region::1-2 + 5 + 7a + 7b + 7op + LIPd + LIPv + VIP",Temporal::IPa + PGa + RTL + STG + TAa + TEad + TEm + TEpd,9,0,0,low_resolution,nearest_centroid_corr>=0.95;fold_local_merged_confusion_group,A1 | AL | CL | CM | ML | TPO | Tpt,low_resolution,RM | RTM,49,17,34,hybrid_projected_network_logcpm_exact
top3_network_beam_local_region_candidates,19R661,R,Temporal,"Temporal | Parietal, and Parieto-occipital region | Operculum/Insula",1,1,AL,TEm,SII,5,0,0,Temporal::AL + R + RTL + STG + TEad + TEav + TEm + TEpd,Temporal::AL + R + RTL + STG + TEad + TEav + TEm + TEpd,Operculum/Insula::G + Iapl + Id + Ig + PrCO + SII,Temporal::A1 + CL + CM + IPa + ML + PGa + Tpt,1,1,1,low_resolution,nearest_centroid_corr>=0.95;fold_local_merged_confusion_group,AL | R | RTL | STG | TEad | TEav | TEm | TEpd,low_resolution,AL | R | RTL | STG | TEad | TEav | TEm | TEpd,47,16,34,hybrid_projected_network_logcpm_exact
top3_network_beam_local_region_candidates,19R662,TEav,Temporal,"Frontal (agranular frontal motor areas) | Lateral Prefrontal Cortex | Parietal, and Parieto-occipital region",0,0,F1,F2,5,111,0,0,outside_network_beam,Frontal (agranular frontal motor areas)::F1 + F2 + F3 + F5 + F6 + F7,"Parietal, and Parieto-occipital region::1-2 + 5 + 7a + 7b + 7m + 7op + LIPv + VIP",Lateral Prefrontal Cortex::44 + 45 + 46d + 46v + 8A + 8Bd + 8Bs + 9d,111,0,0,low_resolution,nearest_centroid_corr>=0.95;fold_local_merged_confusion_group,F1 | F2 | F3 | F5 | F6 | F7,outside_network_beam,,30,9,34,hybrid_projected_network_logcpm_exact
top3_network_beam_local_region_candidates,19R663,5,"Parietal, and Parieto-occipital region","Parietal, and Parieto-occipital region | Lateral Prefrontal Cortex | Frontal (agranular frontal motor areas)",1,1,LIPv,3a/b,VIP,4,0,0,"Parietal, and Parieto-occipital region::1-2 + 5 + 7a + 7b + 7m + 7op + LIPv + VIP","Parietal, and Parieto-occipital region::1-2 + 5 + 7a + 7b + 7m + 7op + LIPv + VIP",3a/b,Frontal (agranular frontal motor areas)::F1 + F2 + F3 + F5 + F6 + F7,1,1,1,low_resolution,training_n<8;nearest_centroid_corr>=0.95;fold_local_merged_confusion_group,1-2 | 5 | 7a | 7b | 7m | 7op | LIPv | VIP,low_resolution,1-2 | 5 | 7a | 7b | 7m | 7op | LIPv | VIP,30,9,34,hybrid_projected_network_logcpm_exact
top3_network_beam_local_region_candidates,19R664,7b,"Parietal, and Parieto-occipital region","Parietal, and Parieto-occipital region | Temporal | Operculum/Insula",1,1,1-2,7b,Tpt,2,0,1,"Parietal, and Parieto-occipital region::1-2 + 5 + 7a + 7b + 7op + LIPd","Parietal, and Parieto-occipital region::1-2 + 5 + 7a + 7b + 7op + LIPd",Temporal::A1 + CL + CM + IPa + ML + PGa + Tpt,Temporal::AL + R + RTL + STG + TEad + TEav + TEm + TEpd,1,1,1,low_resolution,nearest_centroid_corr>=0.95;fold_local_merged_confusion_group,1-2 | 5 | 7a | 7b | 7op | LIPd,low_resolution,1-2 | 5 | 7a | 7b | 7op | LIPd,47,16,34,hybrid_projected_network_logcpm_exact
top3_network_beam_local_region_candidates,19R665,7op,"Parietal, and Parieto-occipital region","Parietal, and Parieto-occipital region | Lateral Prefrontal Cortex | Temporal",1,1,7b,1-2,Tpt,6,0,0,"Parietal, and Parieto-occipital region::1-2 + 5 + 7a + 7b + 7op + LIPd + LIPv + VIP","Parietal, and Parieto-occipital region::1-2 + 5 + 7a + 7b + 7op + LIPd + LIPv + VIP",Temporal::A1 + AL + CL + CM + ML + TPO + Tpt,Lateral Prefrontal Cortex::12l + 12r + 44 + 45 + 8A + 8Bd + 8Bs + 9m,1,1,1,low_resolution,training_n<8;nearest_centroid_corr>=0.95;fold_local_merged_confusion_group,1-2 | 5 | 7a | 7b | 7op | LIPd | LIPv | VIP,low_resolution,1-2 | 5 | 7a | 7b | 7op | LIPd | LIPv | VIP,49,17,34,hybrid_projected_network_logcpm_exact
top3_network_beam_local_region_candidates,19R666,A1,Temporal,"Parietal, and Parieto-occipital region | Lateral Prefrontal Cortex | Temporal",0,1,ML,7op,Tpt,28,0,0,Temporal::A1 + AL + CL + CM + ML + TPO + Tpt,Temporal::A1 + AL + CL + CM + ML + TPO + Tpt,"Parietal, and Parieto-occipital region::1-2 + 5 + 7a + 7b + 7op + LIPd + LIPv + VIP",Temporal::IPa + PGa + RTL + STG + TAa + TEad + TEm + TEpd,1,1,1,low_resolution,training_n<8;nearest_centroid_corr>=0.95;fold_local_merged_confusion_group,A1 | AL | CL | CM | ML | TPO | Tpt,low_resolution,A1 | AL | CL | CM | ML | TPO | Tpt,49,17,34,hybrid_projected_network_logcpm_exact
top3_network_beam_local_region_candidates,19R667,ML,Temporal,"Parietal, and Parieto-occipital region | Lateral Prefrontal Cortex | Temporal",0,1,7b,ML,7op,2,0,1,Temporal::A1 + AL + CL + CM + ML + TPO + Tpt,"Parietal, and Parieto-occipital region::1-2 + 5 + 7a + 7b + 7op + LIPd + LIPv + VIP",Temporal::A1 + AL + CL + CM + ML + TPO + Tpt,Temporal::IPa + PGa + RTL + STG + TAa + TEad + TEm + TEpd,2,0,1,low_resolution,training_n<8;nearest_centroid_corr>=0.95;fold_local_merged_confusion_group,1-2 | 5 | 7a | 7b | 7op | LIPd | LIPv | VIP,low_resolution,A1 | AL | CL | CM | ML | TPO | Tpt,49,17,34,hybrid_projected_network_logcpm_exact
top3_network_beam_local_region_candidates,19R668,STG,Temporal,"Temporal | Operculum/Insula | Parietal, and Parieto-occipital region",1,1,TEpv,AL,TFO,7,0,0,Temporal::AL + R + RTL + STG + TEad + TEav + TEm + TEpd,TEpv,Temporal::AL + R + RTL + STG + TEad + TEav + TEm + TEpd,TFO,2,0,1,low_resolution,training_n<8;nearest_centroid_corr>=0.95,TEpv,low_resolution,AL | R | RTL | STG | TEad | TEav | TEm | TEpd,47,16,34,hybrid_projected_network_logcpm_exact
top3_network_beam_local_region_candidates,19R669,TEpd,Temporal,"Temporal | Parietal, and Parieto-occipital region | Operculum/Insula",1,1,TEm,TEpv,TEpd,3,0,1,Temporal::AL + R + RTL + STG + TEad + TEav + TEm + TEpd,Temporal::AL + R + RTL + STG + TEad + TEav + TEm + TEpd,TEpv,TAa,1,1,1,low_resolution,nearest_centroid_corr>=0.95;fold_local_merged_confusion_group,AL | R | RTL | STG | TEad | TEav | TEm | TEpd,low_resolution,AL | R | RTL | STG | TEad | TEav | TEm | TEpd,47,16,34,hybrid_projected_network_logcpm_exact
top3_network_beam_local_region_candidates,19R670,TEpv,Temporal,Temporal | Operculum/Insula | Orbitomedial Prefrontal Cortex (OMPFC),1,1,TEpv,TEad,TEav,1,1,1,Temporal::STG + TEad + TEav + TEm + TEpd + TEpv + TFO,Temporal::STG + TEad + TEav + TEm + TEpd + TEpv + TFO,Temporal::AL + RTL,TAa,1,1,1,low_resolution,training_n<8;nearest_centroid_corr>=0.95;fold_local_merged_confusion_group,STG | TEad | TEav | TEm | TEpd | TEpv | TFO,low_resolution,STG | TEad | TEav | TEm | TEpd | TEpv | TFO,50,19,34,hybrid_projected_network_logcpm_exact
top3_network_beam_local_region_candidates,19R671,VIP,"Parietal, and Parieto-occipital region","Parietal, and Parieto-occipital region | Lateral Prefrontal Cortex | Frontal (agranular frontal motor areas)",1,1,LIPv,VIP,5,2,0,1,"Parietal, and Parieto-occipital region::1-2 + 5 + 7a + 7b + 7m + 7op + LIPv + VIP","Parietal, and Parieto-occipital region::1-2 + 5 + 7a + 7b + 7m + 7op + LIPv + VIP",3a/b,LIPd,1,1,1,low_resolution,training_n<8;nearest_centroid_corr>=0.95;fold_local_merged_confusion_group,1-2 | 5 | 7a | 7b | 7m | 7op | LIPv | VIP,low_resolution,1-2 | 5 | 7a | 7b | 7m | 7op | LIPv | VIP,30,9,34,hybrid_projected_network_logcpm_exact
top3_network_beam_local_region_candidates,19R672,Tpt,Temporal,"Parietal, and Parieto-occipital region | Temporal | Lateral Prefrontal Cortex",0,1,1-2,ML,Tpt,3,0,1,Temporal::A1 + AL + CL + CM + ML + TPO + Tpt,"Parietal, and Parieto-occipital region::1-2 + 5 + 7a + 7b + 7op + LIPd + LIPv + VIP",Temporal::A1 + AL + CL + CM + ML + TPO + Tpt,Temporal::IPa + PGa + RTL + STG + TAa + TEad + TEm + TEpd,2,0,1,low_resolution,nearest_centroid_corr>=0.95;fold_local_merged_confusion_group,1-2 | 5 | 7a | 7b | 7op | LIPd | LIPv | VIP,low_resolution,A1 | AL | CL | CM | ML | TPO | Tpt,49,17,34,hybrid_projected_network_logcpm_exact
top3_network_beam_local_region_candidates,19R673,TEO,Temporal,"Temporal | Parietal, and Parieto-occipital region | Occipital/Temporal",1,1,TEpd,Tpt,TPO,20,0,0,TEO,Temporal::PGa + TAa + TEa + TEad + TEm + TEpd + TEpv,Temporal::A1 + CL + CM + IPa + ML + TPO + Tpt,"Parietal, and Parieto-occipital region::1-2 + 5 + 7a + 7b + 7op + LIPd + LIPv + VIP",6,0,0,low_resolution,training_n<8;nearest_centroid_corr>=0.95;fold_local_merged_confusion_group,PGa | TAa | TEa | TEad | TEm | TEpd | TEpv,low_resolution,TEO,45,16,34,hybrid_projected_network_logcpm_exact
top3_network_beam_local_region_candidates,19R674,V4,Occipital/Temporal,"Temporal | Parietal, and Parieto-occipital region | Occipital/Temporal",0,1,TEpd,Tpt,7b,18,0,0,Occipital/Temporal::V1 + V2 + V3v + V4 + V4v,Temporal::PGa + TAa + TEa + TEad + TEm + TEpd + TEpv,Temporal::A1 + CL + CM + IPa + ML + TPO + Tpt,"Parietal, and Parieto-occipital region::1-2 + 5 + 7a + 7b + 7op + LIPd + LIPv + VIP",4,0,0,low_resolution,training_n<8;nearest_centroid_corr>=0.95;fold_local_merged_confusion_group,PGa | TAa | TEa | TEad | TEm | TEpd | TEpv,low_resolution,V1 | V2 | V3v | V4 | V4v,45,16,34,hybrid_projected_network_logcpm_exact
top3_network_beam_local_region_candidates,19R675,TPO,Temporal,"Parietal, and Parieto-occipital region | Temporal | Lateral Prefrontal Cortex",0,1,ML,7op,IPa,7,0,0,Temporal::A1 + AL + CL + CM + ML + TPO + Tpt,Temporal::A1 + AL + CL + CM + ML + TPO + Tpt,"Parietal, and Parieto-occipital region::1-2 + 5 + 7a + 7b + 7op + LIPd + LIPv + VIP",Temporal::IPa + PGa + RTL + STG + TAa + TEad + TEm + TEpd,1,1,1,low_resolution,training_n<8;nearest_centroid_corr>=0.95;fold_local_merged_confusion_group,A1 | AL | CL | CM | ML | TPO | Tpt,low_resolution,A1 | AL | CL | CM | ML | TPO | Tpt,49,17,34,hybrid_projected_network_logcpm_exact
top3_network_beam_local_region_candidates,19R676,TFO,Temporal,Temporal | Operculum/Insula | Orbitomedial Prefrontal Cortex (OMPFC),1,1,TEav,STG,G,34,0,0,Temporal::STG + TEad + TEav + TEm + TEpd + TEpv + TFO,Temporal::STG + TEad + TEav + TEm + TEpd + TEpv + TFO,Operculum/Insula::G + Ig + SII,Temporal::RM + RTM,1,1,1,low_resolution,training_n<8;nearest_centroid_corr>=0.95;fold_local_merged_confusion_group,STG | TEad | TEav | TEm | TEpd | TEpv | TFO,low_resolution,STG | TEad | TEav | TEm | TEpd | TEpv | TFO,50,19,34,hybrid_projected_network_logcpm_exact
top3_network_beam_local_region_candidates,19R677,7m,"Parietal, and Parieto-occipital region","Parietal, and Parieto-occipital region | Temporal | Lateral Prefrontal Cortex",1,1,7b,Tpt,1-2,23,0,0,"Parietal, and Parieto-occipital region::3a/b + 7m","Parietal, and Parieto-occipital region::1-2 + 5 + 7a + 7b + 7op + LIPd + LIPv + VIP",Temporal::A1 + AL + CL + CM + ML + TPO + Tpt,Lateral Prefrontal Cortex::12l + 12r + 44 + 45 + 8A + 8Bd + 8Bs + 9m,8,0,0,low_resolution,training_n<8;nearest_centroid_corr>=0.95;fold_local_merged_confusion_group,1-2 | 5 | 7a | 7b | 7op | LIPd | LIPv | VIP,low_resolution,3a/b | 7m,49,17,34,hybrid_projected_network_logcpm_exact
top3_network_beam_local_region_candidates,19R678,V3v,Occipital/Temporal,"Occipital/Temporal | Parietal, and Parieto-occipital region | Temporal",1,1,TEO,V4,V3v,3,0,1,Occipital/Temporal::V1 + V2 + V3v + V4 + V4v,TEO,Occipital/Temporal::V1 + V2 + V3v + V4 + V4v,7m,2,0,1,low_resolution,training_n<8;nearest_centroid_corr>=0.95,TEO,low_resolution,V1 | V2 | V3v | V4 | V4v,45,16,34,hybrid_projected_network_logcpm_exact
top3_network_beam_local_region_candidates,19R679,V4v,Occipital/Temporal,"Temporal | Parietal, and Parieto-occipital region | Operculum/Insula",0,0,TFO,1-2,TEpv,111,0,0,outside_network_beam,TFO,"Parietal, and Parieto-occipital region::1-2 + 5 + 7a + 7b + 7op + LIPd",TEpv,111,0,0,low_resolution,training_n<8;nearest_centroid_corr>=0.95,TFO,outside_network_beam,,47,16,34,hybrid_projected_network_logcpm_exact
top3_network_beam_local_region_candidates,19R680,V3d,Occipital/Temporal,"Occipital/Temporal | Parietal, and Parieto-occipital region | Temporal",1,1,TEO,FST,V4,16,0,0,Occipital/Temporal::FST + MST + V3d,TEO,Occipital/Temporal::FST + MST + V3d,Occipital/Temporal::V1 + V2 + V3v + V4 + V4v,2,0,1,low_resolution,training_n<8;nearest_centroid_corr>=0.95,TEO,low_resolution,FST | MST | V3d,45,16,34,hybrid_projected_network_logcpm_exact
top3_network_beam_local_region_candidates,19R722,V1,Occipital/Temporal,"Occipital/Temporal | Parietal, and Parieto-occipital region | Temporal",1,1,V2,V4,TEO,6,0,0,Occipital/Temporal::V1 + V2 + V3v + V4 + V4v,Occipital/Temporal::V1 + V2 + V3v + V4 + V4v,TEO,7m,1,1,1,low_resolution,nearest_centroid_corr>=0.95;fold_local_merged_confusion_group,V1 | V2 | V3v | V4 | V4v,low_resolution,V1 | V2 | V3v | V4 | V4v,45,16,34,hybrid_projected_network_logcpm_exact
top3_network_beam_local_region_candidates,19R723,V2,Occipital/Temporal,"Occipital/Temporal | Parietal, and Parieto-occipital region | Temporal",1,1,V2,V1,V4,1,1,1,Occipital/Temporal::V1 + V2 + V3v + V4 + V4v,Occipital/Temporal::V1 + V2 + V3v + V4 + V4v,7m,TEO,1,1,1,low_resolution,nearest_centroid_corr>=0.95;fold_local_merged_confusion_group,V1 | V2 | V3v | V4 | V4v,low_resolution,V1 | V2 | V3v | V4 | V4v,45,16,34,hybrid_projected_network_logcpm_exact
top3_network_beam_local_region_candidates,19R724,10m,Orbitomedial Prefrontal Cortex (OMPFC),Operculum/Insula | Orbitomedial Prefrontal Cortex (OMPFC) | Cingulate gyrus,0,1,10m,12m,14r,1,1,1,Orbitomedial Prefrontal Cortex (OMPFC)::10m + 11l + 11m + 12m + 12o + 13b + 13l + 13m,Orbitomedial Prefrontal Cortex (OMPFC)::10m + 11l + 11m + 12m + 12o + 13b + 13l + 13m,Orbitomedial Prefrontal Cortex (OMPFC)::13a + 14c + 14r,24b,1,1,1,low_resolution,nearest_centroid_corr>=0.95;fold_local_merged_confusion_group,10m | 11l | 11m | 12m | 12o | 13b | 13l | 13m,low_resolution,10m | 11l | 11m | 12m | 12o | 13b | 13l | 13m,33,13,34,hybrid_projected_network_logcpm_exact
top3_network_beam_local_region_candidates,19R725,46d,Lateral Prefrontal Cortex,"Lateral Prefrontal Cortex | Parietal, and Parieto-occipital region | Frontal (agranular frontal motor areas)",1,1,12r,46d,46v,2,0,1,Lateral Prefrontal Cortex::44 + 45 + 46d + 46v + 8A + 8Bd + 8Bs + 9d,Lateral Prefrontal Cortex::12l + 12r + 9m,Lateral Prefrontal Cortex::44 + 45 + 46d + 46v + 8A + 8Bd + 8Bs + 9d,"Parietal, and Parieto-occipital region::1-2 + 5 + 7a + 7b + 7m + 7op + LIPv + VIP",2,0,1,low_resolution,training_n<8;nearest_centroid_corr>=0.95;fold_local_merged_confusion_group,12l | 12r | 9m,low_resolution,44 | 45 | 46d | 46v | 8A | 8Bd | 8Bs | 9d,30,9,34,hybrid_projected_network_logcpm_exact
top3_network_beam_local_region_candidates,19R726,46v,Lateral Prefrontal Cortex,Lateral Prefrontal Cortex | Cingulate gyrus | Frontal (agranular frontal motor areas),1,1,12r,46d,46v,3,0,1,Lateral Prefrontal Cortex::10o + 12l + 12r + 46d + 46v + 9m,Lateral Prefrontal Cortex::10o + 12l + 12r + 46d + 46v + 9m,Lateral Prefrontal Cortex::44 + 45 + 8A + 8Bd + 8Bs + 9d,8Bm,1,1,1,low_resolution,training_n<8;nearest_centroid_corr>=0.95;fold_local_merged_confusion_group,10o | 12l | 12r | 46d | 46v | 9m,low_resolution,10o | 12l | 12r | 46d | 46v | 9m,29,11,34,hybrid_projected_network_logcpm_exact
top3_network_beam_local_region_candidates,19R727,12r,Lateral Prefrontal Cortex,Operculum/Insula | Orbitomedial Prefrontal Cortex (OMPFC) | Lateral Prefrontal Cortex,0,1,10o,12l,12m,4,0,0,Lateral Prefrontal Cortex::10o + 12l + 12r + 46d + 46v + 9m,Lateral Prefrontal Cortex::10o + 12l + 12r + 46d + 46v + 9m,Orbitomedial Prefrontal Cortex (OMPFC)::11l + 12m + 12o + 13l + 13m,Orbitomedial Prefrontal Cortex (OMPFC)::10m + 11m + 13b + 14c + 14r + 32,1,1,1,low_resolution,nearest_centroid_corr>=0.95;fold_local_merged_confusion_group,10o | 12l | 12r | 46d | 46v | 9m,low_resolution,10o | 12l | 12r | 46d | 46v | 9m,37,10,34,hybrid_projected_network_logcpm_exact
top3_network_beam_local_region_candidates,19R728,11l,Orbitomedial Prefrontal Cortex (OMPFC),Lateral Prefrontal Cortex | Cingulate gyrus | Orbitomedial Prefrontal Cortex (OMPFC),0,1,46v,12r,46d,18,0,0,11l,Lateral Prefrontal Cortex::10o + 12l + 12r + 46d + 46v + 9d + 9m,Orbitomedial Prefrontal Cortex (OMPFC)::10m + 11m + 12m + 12o + 13b + 13l + 13m,8Bm,5,0,0,low_resolution,training_n<8;nearest_centroid_corr>=0.95;fold_local_merged_confusion_group,10o | 12l | 12r | 46d | 46v | 9d | 9m,low_resolution,11l,35,13,34,hybrid_projected_network_logcpm_exact
top3_network_beam_local_region_candidates,19R729,10o,Lateral Prefrontal Cortex,Orbitomedial Prefrontal Cortex (OMPFC) | Operculum/Insula | Cingulate gyrus,0,0,10m,11m,14r,111,0,0,outside_network_beam,Orbitomedial Prefrontal Cortex (OMPFC)::10m + 11l + 11m + 12m + 12o + 13b + 13l + 13m,Orbitomedial Prefrontal Cortex (OMPFC)::13a + 14c + 14r,PrCO,111,0,0,low_resolution,nearest_centroid_corr>=0.95;fold_local_merged_confusion_group,10m | 11l | 11m | 12m | 12o | 13b | 13l | 13m,outside_network_beam,,33,13,34,hybrid_projected_network_logcpm_exact
top3_network_beam_local_region_candidates,19R730,9m,Lateral Prefrontal Cortex,Cingulate gyrus | Frontal (agranular frontal motor areas) | Lateral Prefrontal Cortex,0,1,12l,9m,8Bm,2,0,1,Lateral Prefrontal Cortex::10o + 12l + 12r + 46d + 46v + 9m,Lateral Prefrontal Cortex::10o + 12l + 12r + 46d + 46v + 9m,8Bm,Cingulate gyrus::23b + 23c + 24b' + 24c + 24c',1,1,1,low_resolution,training_n<8;nearest_centroid_corr>=0.95;fold_local_merged_confusion_group,10o | 12l | 12r | 46d | 46v | 9m,low_resolution,10o | 12l | 12r | 46d | 46v | 9m,29,11,34,hybrid_projected_network_logcpm_exact
top3_network_beam_local_region_candidates,19R731,9d,Lateral Prefrontal Cortex,Lateral Prefrontal Cortex | Cingulate gyrus | Frontal (agranular frontal motor areas),1,1,9d,12l,8Bm,1,1,1,Lateral Prefrontal Cortex::44 + 45 + 8A + 8Bd + 8Bs + 9d,Lateral Prefrontal Cortex::44 + 45 + 8A + 8Bd + 8Bs + 9d,Lateral Prefrontal Cortex::10o + 12l + 12r + 46d + 46v + 9m,8Bm,1,1,1,low_resolution,training_n<8;nearest_centroid_corr>=0.95;fold_local_merged_confusion_group,44 | 45 | 8A | 8Bd | 8Bs | 9d,low_resolution,44 | 45 | 8A | 8Bd | 8Bs | 9d,29,11,34,hybrid_projected_network_logcpm_exact
top3_network_beam_local_region_candidates,19R732,14r,Orbitomedial Prefrontal Cortex (OMPFC),Operculum/Insula | Orbitomedial Prefrontal Cortex (OMPFC) | Cingulate gyrus,0,1,14r,10m,11m,1,1,1,Orbitomedial Prefrontal Cortex (OMPFC)::13a + 14c + 14r,Orbitomedial Prefrontal Cortex (OMPFC)::13a + 14c + 14r,Orbitomedial Prefrontal Cortex (OMPFC)::10m + 11l + 11m + 12m + 12o + 13b + 13l + 13m,Cingulate gyrus::23b + 23c + 24b' + 24c + 24c',1,1,1,low_resolution,training_n<8;nearest_centroid_corr>=0.95;fold_local_merged_confusion_group,13a | 14c | 14r,low_resolution,13a | 14c | 14r,33,13,34,hybrid_projected_network_logcpm_exact
top3_network_beam_local_region_candidates,19R733,13b,Orbitomedial Prefrontal Cortex (OMPFC),Operculum/Insula | Orbitomedial Prefrontal Cortex (OMPFC) | Cingulate gyrus,0,1,10m,14r,11m,5,0,0,Orbitomedial Prefrontal Cortex (OMPFC)::10m + 11l + 11m + 12m + 12o + 13b + 13l + 13m,Orbitomedial Prefrontal Cortex (OMPFC)::10m + 11l + 11m + 12m + 12o + 13b + 13l + 13m,Orbitomedial Prefrontal Cortex (OMPFC)::13a + 14c + 14r,32,1,1,1,low_resolution,nearest_centroid_corr>=0.95;fold_local_merged_confusion_group,10m | 11l | 11m | 12m | 12o | 13b | 13l | 13m,low_resolution,10m | 11l | 11m | 12m | 12o | 13b | 13l | 13m,33,13,34,hybrid_projected_network_logcpm_exact
top3_network_beam_local_region_candidates,19R734,13m,Orbitomedial Prefrontal Cortex (OMPFC),Operculum/Insula | Orbitomedial Prefrontal Cortex (OMPFC) | Cingulate gyrus,0,1,10m,14r,11m,8,0,0,Orbitomedial Prefrontal Cortex (OMPFC)::10m + 11l + 11m + 12m + 12o + 13b + 13l + 13m,Orbitomedial Prefrontal Cortex (OMPFC)::10m + 11l + 11m + 12m + 12o + 13b + 13l + 13m,Orbitomedial Prefrontal Cortex (OMPFC)::13a + 14c + 14r,24b,1,1,1,low_resolution,nearest_centroid_corr>=0.95;fold_local_merged_confusion_group,10m | 11l | 11m | 12m | 12o | 13b | 13l | 13m,low_resolution,10m | 11l | 11m | 12m | 12o | 13b | 13l | 13m,33,13,34,hybrid_projected_network_logcpm_exact
top3_network_beam_local_region_candidates,19R735,13l,Orbitomedial Prefrontal Cortex (OMPFC),Operculum/Insula | Orbitomedial Prefrontal Cortex (OMPFC) | Cingulate gyrus,0,1,12m,13l,13m,2,0,1,Orbitomedial Prefrontal Cortex (OMPFC)::10m + 11l + 11m + 12m + 12o + 13b + 13l + 13m,Orbitomedial Prefrontal Cortex (OMPFC)::10m + 11l + 11m + 12m + 12o + 13b + 13l + 13m,Orbitomedial Prefrontal Cortex (OMPFC)::13a + 14c + 14r,PrCO,1,1,1,low_resolution,training_n<8;nearest_centroid_corr>=0.95;fold_local_merged_confusion_group,10m | 11l | 11m | 12m | 12o | 13b | 13l | 13m,low_resolution,10m | 11l | 11m | 12m | 12o | 13b | 13l | 13m,33,13,34,hybrid_projected_network_logcpm_exact
top3_network_beam_local_region_candidates,19R736,12o,Orbitomedial Prefrontal Cortex (OMPFC),Lateral Prefrontal Cortex | Orbitomedial Prefrontal Cortex (OMPFC) | Cingulate gyrus,0,1,12r,12l,12m,25,0,0,Orbitomedial Prefrontal Cortex (OMPFC)::10m + 11m + 12m + 12o + 13b + 13l + 13m,Lateral Prefrontal Cortex::10o + 12l + 12r + 46d + 46v + 9d + 9m,Orbitomedial Prefrontal Cortex (OMPFC)::10m + 11m + 12m + 12o + 13b + 13l + 13m,8Bm,2,0,1,low_resolution,training_n<8;nearest_centroid_corr>=0.95;fold_local_merged_confusion_group,10o | 12l | 12r | 46d | 46v | 9d | 9m,low_resolution,10m | 11m | 12m | 12o | 13b | 13l | 13m,35,13,34,hybrid_projected_network_logcpm_exact
top3_network_beam_local_region_candidates,19R737,12l,Lateral Prefrontal Cortex,Lateral Prefrontal Cortex | Frontal (agranular frontal motor areas) | Orbitomedial Prefrontal Cortex (OMPFC),1,1,12r,12m,12l,3,0,1,Lateral Prefrontal Cortex::10o + 12l + 12r + 9m,Lateral Prefrontal Cortex::10o + 12l + 12r + 9m,Orbitomedial Prefrontal Cortex (OMPFC)::10m + 11l + 11m + 12m + 12o + 13b + 13l + 13m,Frontal (agranular frontal motor areas)::F1 + F2 + F3 + F5 + F6 + F7,1,1,1,low_resolution,training_n<8;nearest_centroid_corr>=0.95;fold_local_merged_confusion_group,10o | 12l | 12r | 9m,low_resolution,10o | 12l | 12r | 9m,33,8,34,hybrid_projected_network_logcpm_exact
top3_network_beam_local_region_candidates,19R739,F3,Frontal (agranular frontal motor areas),Frontal (agranular frontal motor areas) | Lateral Prefrontal Cortex | Cingulate gyrus,1,1,F3,44,8Bd,1,1,1,Frontal (agranular frontal motor areas)::F1 + F2 + F3 + F5 + F6,Frontal (agranular frontal motor areas)::F1 + F2 + F3 + F5 + F6,Lateral Prefrontal Cortex::44 + 45 + 8A + 8Bd + 8Bs + 9d,F7,1,1,1,low_resolution,training_n<8;nearest_centroid_corr>=0.95;fold_local_merged_confusion_group,F1 | F2 | F3 | F5 | F6,low_resolution,F1 | F2 | F3 | F5 | F6,29,11,34,hybrid_projected_network_logcpm_exact
top3_network_beam_local_region_candidates,19R740,F2,Frontal (agranular frontal motor areas),Frontal (agranular frontal motor areas) | Lateral Prefrontal Cortex | Cingulate gyrus,1,1,F2,F1,44,1,1,1,Frontal (agranular frontal motor areas)::F1 + F2 + F3 + F5 + F6,Frontal (agranular frontal motor areas)::F1 + F2 + F3 + F5 + F6,Lateral Prefrontal Cortex::44 + 45 + 8A + 8Bd + 8Bs + 9d,F7,1,1,1,low_resolution,nearest_centroid_corr>=0.95;fold_local_merged_confusion_group,F1 | F2 | F3 | F5 | F6,low_resolution,F1 | F2 | F3 | F5 | F6,29,11,34,hybrid_projected_network_logcpm_exact
top3_network_beam_local_region_candidates,19R741,8Bs,Lateral Prefrontal Cortex,Frontal (agranular frontal motor areas) | Lateral Prefrontal Cortex | Cingulate gyrus,0,1,F2,44,F1,8,0,0,Lateral Prefrontal Cortex::44 + 45 + 8A + 8Bd + 8Bs + 9d,Frontal (agranular frontal motor areas)::F1 + F2 + F3 + F5 + F6,Lateral Prefrontal Cortex::44 + 45 + 8A + 8Bd + 8Bs + 9d,F7,2,0,1,low_resolution,nearest_centroid_corr>=0.95;fold_local_merged_confusion_group,F1 | F2 | F3 | F5 | F6,low_resolution,44 | 45 | 8A | 8Bd | 8Bs | 9d,29,11,34,hybrid_projected_network_logcpm_exact
top3_network_beam_local_region_candidates,19R742,8A,Lateral Prefrontal Cortex,"Frontal (agranular frontal motor areas) | Lateral Prefrontal Cortex | Parietal, and Parieto-occipital region",0,1,F2,44,8Bs,9,0,0,Lateral Prefrontal Cortex::44 + 45 + 46d + 46v + 8A + 8Bd + 8Bs + 9d,Frontal (agranular frontal motor areas)::F1 + F2 + F3 + F5 + F6 + F7,Lateral Prefrontal Cortex::44 + 45 + 46d + 46v + 8A + 8Bd + 8Bs + 9d,F4,2,0,1,low_resolution,nearest_centroid_corr>=0.95;fold_local_merged_confusion_group,F1 | F2 | F3 | F5 | F6 | F7,low_resolution,44 | 45 | 46d | 46v | 8A | 8Bd | 8Bs | 9d,30,9,34,hybrid_projected_network_logcpm_exact
top3_network_beam_local_region_candidates,19R743,44,Lateral Prefrontal Cortex,Lateral Prefrontal Cortex | Cingulate gyrus | Frontal (agranular frontal motor areas),1,1,8Bm,F5,9d,11,0,0,Lateral Prefrontal Cortex::44 + 45 + 8A + 8Bd + 8Bs + 9d,8Bm,Frontal (agranular frontal motor areas)::F1 + F2 + F3 + F5 + F6,Lateral Prefrontal Cortex::44 + 45 + 8A + 8Bd + 8Bs + 9d,3,0,1,low_resolution,training_n<8;nearest_centroid_corr>=0.95,8Bm,low_resolution,44 | 45 | 8A | 8Bd | 8Bs | 9d,29,11,34,hybrid_projected_network_logcpm_exact
top3_network_beam_local_region_candidates,19R738,45,Lateral Prefrontal Cortex,"Lateral Prefrontal Cortex | Orbitomedial Prefrontal Cortex (OMPFC) | Parietal, and Parieto-occipital region",1,1,12r,12m,12l,14,0,0,Lateral Prefrontal Cortex::44 + 45 + 46d + 46v + 8A + 8Bd + 8Bs + 9d,Lateral Prefrontal Cortex::10o + 12l + 12r + 9m,Orbitomedial Prefrontal Cortex (OMPFC)::11l + 11m + 12m + 13l + 13m,Lateral Prefrontal Cortex::44 + 45 + 46d + 46v + 8A + 8Bd + 8Bs + 9d,3,0,1,low_resolution,training_n<8;nearest_centroid_corr>=0.95;fold_local_merged_confusion_group,10o | 12l | 12r | 9m,low_resolution,44 | 45 | 46d | 46v | 8A | 8Bd | 8Bs | 9d,36,10,34,hybrid_projected_network_logcpm_exact
top3_network_beam_local_region_candidates,19R746,1-2,"Parietal, and Parieto-occipital region","Temporal | Parietal, and Parieto-occipital region | Operculum/Insula",0,1,AL,TAa,TEm,5,0,0,"Parietal, and Parieto-occipital region::1-2 + 5 + 7a + 7b + 7op + LIPd",Temporal::AL + R + RTL + STG + TEad + TEav + TEm + TEpd,TAa,TEpv,4,0,0,low_resolution,nearest_centroid_corr>=0.95;fold_local_merged_confusion_group,AL | R | RTL | STG | TEad | TEav | TEm | TEpd,low_resolution,1-2 | 5 | 7a | 7b | 7op | LIPd,47,16,34,hybrid_projected_network_logcpm_exact
top3_network_beam_local_region_candidates,19R747,3a/b,"Parietal, and Parieto-occipital region","Parietal, and Parieto-occipital region | Lateral Prefrontal Cortex | Temporal",1,1,ML,1-2,Tpt,24,0,0,"Parietal, and Parieto-occipital region::3a/b + 7m",Temporal::A1 + AL + CL + CM + ML + TPO + Tpt,"Parietal, and Parieto-occipital region::1-2 + 5 + 7a + 7b + 7op + LIPd + LIPv + VIP",Lateral Prefrontal Cortex::12l + 12r + 44 + 45 + 8A + 8Bd + 8Bs + 9m,7,0,0,low_resolution,training_n<8;nearest_centroid_corr>=0.95;fold_local_merged_confusion_group,A1 | AL | CL | CM | ML | TPO | Tpt,low_resolution,3a/b | 7m,49,17,34,hybrid_projected_network_logcpm_exact
top3_network_beam_local_region_candidates,19R748,SII,Operculum/Insula,"Temporal | Operculum/Insula | Parietal, and Parieto-occipital region",0,1,TEm,AL,R,11,0,0,Operculum/Insula::G + Iapl + Id + Ig + PrCO + SII,Temporal::AL + R + RTL + STG + TEad + TEav + TEm + TEpd,TAa,Temporal::A1 + CL + CM + IPa + ML + PGa + Tpt,7,0,0,low_resolution,nearest_centroid_corr>=0.95;fold_local_merged_confusion_group,AL | R | RTL | STG | TEad | TEav | TEm | TEpd,low_resolution,G | Iapl | Id | Ig | PrCO | SII,47,16,34,hybrid_projected_network_logcpm_exact
top3_network_beam_local_region_candidates,19R749,AL,Temporal,Operculum/Insula | Temporal | Orbitomedial Prefrontal Cortex (OMPFC),0,1,STG,Ig,RM,7,0,0,Temporal::AL + RTL,Temporal::STG + TEad + TEav + TEm + TEpd + TEpv + TFO,Operculum/Insula::G + Ig + SII,Temporal::RM + RTM,4,0,0,low_resolution,nearest_centroid_corr>=0.95;fold_local_merged_confusion_group,STG | TEad | TEav | TEm | TEpd | TEpv | TFO,low_resolution,AL | RTL,50,19,34,hybrid_projected_network_logcpm_exact
top3_network_beam_local_region_candidates,19R750,STG,Temporal,Operculum/Insula | Temporal | Orbitomedial Prefrontal Cortex (OMPFC),0,1,RTL,TF,STG,3,0,1,Temporal::STG + TEad + TEav + TEm + TEpd + TEpv + TFO,Temporal::AL + RTL,TF,Temporal::STG + TEad + TEav + TEm + TEpd + TEpv + TFO,3,0,1,low_resolution,training_n<8;nearest_centroid_corr>=0.95;fold_local_merged_confusion_group,AL | RTL,low_resolution,STG | TEad | TEav | TEm | TEpd | TEpv | TFO,50,19,34,hybrid_projected_network_logcpm_exact
top3_network_beam_local_region_candidates,19R751,7b,"Parietal, and Parieto-occipital region","Parietal, and Parieto-occipital region | Temporal | Operculum/Insula",1,1,SII,IPa,TPO,10,0,0,"Parietal, and Parieto-occipital region::1-2 + 5 + 7a + 7b + 7op + LIPd",Operculum/Insula::G + Iapl + Id + Ig + PrCO + SII,Temporal::A1 + CL + CM + IPa + ML + PGa + Tpt,Temporal::TEa + TPO,6,0,0,low_resolution,training_n<8;nearest_centroid_corr>=0.95;fold_local_merged_confusion_group,G | Iapl | Id | Ig | PrCO | SII,low_resolution,1-2 | 5 | 7a | 7b | 7op | LIPd,47,16,34,hybrid_projected_network_logcpm_exact
top3_network_beam_local_region_candidates,19R752,7op,"Parietal, and Parieto-occipital region","Parietal, and Parieto-occipital region | Temporal | Lateral Prefrontal Cortex",1,1,ML,Tpt,7b,4,0,0,"Parietal, and Parieto-occipital region::1-2 + 5 + 7a + 7b + 7op + LIPd + LIPv + VIP",Temporal::A1 + AL + CL + CM + ML + TPO + Tpt,"Parietal, and Parieto-occipital region::1-2 + 5 + 7a + 7b + 7op + LIPd + LIPv + VIP",Temporal::IPa + PGa + RTL + STG + TAa + TEad + TEm + TEpd,2,0,1,low_resolution,training_n<8;nearest_centroid_corr>=0.95;fold_local_merged_confusion_group,A1 | AL | CL | CM | ML | TPO | Tpt,low_resolution,1-2 | 5 | 7a | 7b | 7op | LIPd | LIPv | VIP,49,17,34,hybrid_projected_network_logcpm_exact
top3_network_beam_local_region_candidates,19R753,A1,Temporal,"Parietal, and Parieto-occipital region | Occipital/Temporal | Temporal",0,1,3a/b,MST,A1,3,0,1,Temporal::A1 + CL + CM + IPa + ML + TPO + Tpt,3a/b,Occipital/Temporal::FST + MST + V3d,Temporal::A1 + CL + CM + IPa + ML + TPO + Tpt,3,0,1,low_resolution,nearest_centroid_corr>=0.95,3a/b,low_resolution,A1 | CL | CM | IPa | ML | TPO | Tpt,45,16,34,hybrid_projected_network_logcpm_exact
top3_network_beam_local_region_candidates,19R754,CL,Temporal,"Parietal, and Parieto-occipital region | Temporal | Occipital/Temporal",0,1,CM,CL,A1,2,0,1,Temporal::A1 + CL + CM + IPa + ML + TPO + Tpt,Temporal::A1 + CL + CM + IPa + ML + TPO + Tpt,3a/b,TEO,1,1,1,low_resolution,training_n<8;nearest_centroid_corr>=0.95;fold_local_merged_confusion_group,A1 | CL | CM | IPa | ML | TPO | Tpt,low_resolution,A1 | CL | CM | IPa | ML | TPO | Tpt,45,16,34,hybrid_projected_network_logcpm_exact
top3_network_beam_local_region_candidates,19R755,TEpd,Temporal,"Temporal | Operculum/Insula | Parietal, and Parieto-occipital region",1,1,TEpv,TEm,TEad,4,0,0,Temporal::AL + R + RTL + STG + TEad + TEav + TEm + TEpd,TEpv,Temporal::AL + R + RTL + STG + TEad + TEav + TEm + TEpd,TAa,2,0,1,low_resolution,training_n<8;nearest_centroid_corr>=0.95,TEpv,low_resolution,AL | R | RTL | STG | TEad | TEav | TEm | TEpd,47,16,34,hybrid_projected_network_logcpm_exact
top3_network_beam_local_region_candidates,19R756,TEpv,Temporal,Operculum/Insula | Temporal | Orbitomedial Prefrontal Cortex (OMPFC),0,1,TEav,STG,TF,9,0,0,Temporal::STG + TEad + TEav + TEm + TEpd + TEpv + TFO,Temporal::STG + TEad + TEav + TEm + TEpd + TEpv + TFO,TF,Temporal::AL + RTL,1,1,1,low_resolution,training_n<8;nearest_centroid_corr>=0.95;fold_local_merged_confusion_group,STG | TEad | TEav | TEm | TEpd | TEpv | TFO,low_resolution,STG | TEad | TEav | TEm | TEpd | TEpv | TFO,50,19,34,hybrid_projected_network_logcpm_exact
top3_network_beam_local_region_candidates,19R757,V1,Occipital/Temporal,"Occipital/Temporal | Parietal, and Parieto-occipital region | Temporal",1,1,V1,V2,V3d,1,1,1,Occipital/Temporal::V1 + V2 + V3v + V4 + V4v,Occipital/Temporal::V1 + V2 + V3v + V4 + V4v,Occipital/Temporal::FST + MST + V3d,Temporal::A1 + CL + CM + IPa + ML + TPO + Tpt,1,1,1,low_resolution,training_n<8;nearest_centroid_corr>=0.95;fold_local_merged_confusion_group,V1 | V2 | V3v | V4 | V4v,low_resolution,V1 | V2 | V3v | V4 | V4v,45,16,34,hybrid_projected_network_logcpm_exact
top3_network_beam_local_region_candidates,19R758,V2,Occipital/Temporal,"Occipital/Temporal | Parietal, and Parieto-occipital region | Temporal",1,1,V2,V4,7m,1,1,1,Occipital/Temporal::V1 + V2 + V3v + V4 + V4v,Occipital/Temporal::V1 + V2 + V3v + V4 + V4v,7m,TEO,1,1,1,low_resolution,nearest_centroid_corr>=0.95;fold_local_merged_confusion_group,V1 | V2 | V3v | V4 | V4v,low_resolution,V1 | V2 | V3v | V4 | V4v,45,16,34,hybrid_projected_network_logcpm_exact
top3_network_beam_local_region_candidates,19R759,V3v,Occipital/Temporal,"Occipital/Temporal | Temporal | Parietal, and Parieto-occipital region",1,1,V4,V2,V3v,3,0,1,Occipital/Temporal::V1 + V2 + V3v + V4 + V4v,Occipital/Temporal::V1 + V2 + V3v + V4 + V4v,7m,TEO,1,1,1,low_resolution,training_n<8;nearest_centroid_corr>=0.95;fold_local_merged_confusion_group,V1 | V2 | V3v | V4 | V4v,low_resolution,V1 | V2 | V3v | V4 | V4v,45,16,34,hybrid_projected_network_logcpm_exact
top3_network_beam_local_region_candidates,19R760,V4v,Occipital/Temporal,"Temporal | Parietal, and Parieto-occipital region | Occipital/Temporal",0,1,TEpd,IPa,Tpt,13,0,0,Occipital/Temporal::V1 + V2 + V3v + V4 + V4v,Temporal::PGa + TAa + TEa + TEad + TEm + TEpd + TEpv,Temporal::A1 + CL + CM + IPa + ML + TPO + Tpt,"Parietal, and Parieto-occipital region::1-2 + 5 + 7a + 7b + 7op + LIPd + LIPv + VIP",4,0,0,low_resolution,training_n<8;nearest_centroid_corr>=0.95;fold_local_merged_confusion_group,PGa | TAa | TEa | TEad | TEm | TEpd | TEpv,low_resolution,V1 | V2 | V3v | V4 | V4v,45,16,34,hybrid_projected_network_logcpm_exact
top3_network_beam_local_region_candidates,19R793,Ig,Operculum/Insula,Operculum/Insula | Temporal | Orbitomedial Prefrontal Cortex (OMPFC),1,1,RM,Ig,Iapl,2,0,1,Operculum/Insula::G + Ig + SII,Temporal::RM + RTM,Operculum/Insula::G + Ig + SII,Operculum/Insula::Ia + Ial + Iapl + Iapm + Id + Pi,2,0,1,low_resolution,nearest_centroid_corr>=0.95;fold_local_merged_confusion_group,RM | RTM,low_resolution,G | Ig | SII,50,19,34,hybrid_projected_network_logcpm_exact
top3_network_beam_local_region_candidates,19R795,Id,Operculum/Insula,Operculum/Insula | Orbitomedial Prefrontal Cortex (OMPFC) | Temporal,1,1,Id,Iapl,Ia,1,1,1,Operculum/Insula::Ia + Ial + Iapl + Iapm + Id + Pi,Operculum/Insula::Ia + Ial + Iapl + Iapm + Id + Pi,Temporal::RM + RTM,RT,1,1,1,low_resolution,nearest_centroid_corr>=0.95;fold_local_merged_confusion_group,Ia | Ial | Iapl | Iapm | Id | Pi,low_resolution,Ia | Ial | Iapl | Iapm | Id | Pi,50,19,34,hybrid_projected_network_logcpm_exact
top3_network_beam_local_region_candidates,19R796,RTM,Temporal,Operculum/Insula | Orbitomedial Prefrontal Cortex (OMPFC) | Temporal,0,1,RTM,Pi,Ia,1,1,1,Temporal::RM + RTM,Temporal::RM + RTM,Operculum/Insula::Ia + Ial + Iapl + Iapm + Id + Pi,RT,1,1,1,low_resolution,training_n<8;nearest_centroid_corr>=0.95;fold_local_merged_confusion_group,RM | RTM,low_resolution,RM | RTM,50,19,34,hybrid_projected_network_logcpm_exact
top3_network_beam_local_region_candidates,19R797,F1,Frontal (agranular frontal motor areas),"Frontal (agranular frontal motor areas) | Lateral Prefrontal Cortex | Parietal, and Parieto-occipital region",1,1,F4,5,45,7,0,0,Frontal (agranular frontal motor areas)::F1 + F2 + F3 + F5 + F6 + F7,F4,"Parietal, and Parieto-occipital region::1-2 + 5 + 7a + 7b + 7m + 7op + LIPv + VIP",Lateral Prefrontal Cortex::44 + 45 + 46d + 46v + 8A + 8Bd + 8Bs + 9d,4,0,0,low_resolution,training_n<8;nearest_centroid_corr>=0.95,F4,low_resolution,F1 | F2 | F3 | F5 | F6 | F7,30,9,34,hybrid_projected_network_logcpm_exact
top3_network_beam_local_region_candidates,19R798,NAcc,Subcortical,Subcortical | Hippocampal formation | Operculum/Insula,1,1,NAcc,Cd,pu,1,1,1,NAcc,NAcc,Subcortical::Cd + pu,Cla,1,1,1,low_resolution,training_n<8,NAcc,low_resolution,NAcc,21,12,34,hybrid_projected_network_logcpm_exact
top3_network_beam_local_region_candidates,19R799,F5,Frontal (agranular frontal motor areas),Operculum/Insula | Orbitomedial Prefrontal Cortex (OMPFC) | Cingulate gyrus,0,0,10m,14r,12m,111,0,0,outside_network_beam,Orbitomedial Prefrontal Cortex (OMPFC)::10m + 11l + 11m + 12m + 12o + 13b + 13l + 13m,Orbitomedial Prefrontal Cortex (OMPFC)::13a + 14c + 14r,24b,111,0,0,low_resolution,nearest_centroid_corr>=0.95;fold_local_merged_confusion_group,10m | 11l | 11m | 12m | 12o | 13b | 13l | 13m,outside_network_beam,,33,13,34,hybrid_projected_network_logcpm_exact
top3_network_beam_local_region_candidates,19R800,RT,Temporal,Operculum/Insula | Temporal | Orbitomedial Prefrontal Cortex (OMPFC),0,1,RTM,RM,RT,3,0,1,RT,Temporal::RM + RTM,RT,Operculum/Insula::Ia + Ial + Iapl + Iapm + Id + Pi,2,0,1,low_resolution,training_n<8;nearest_centroid_corr>=0.95;fold_local_merged_confusion_group,RM | RTM,low_resolution,RT,50,19,34,hybrid_projected_network_logcpm_exact
top3_network_beam_local_region_candidates,19R801,Cd,Subcortical,Subcortical | Hippocampal formation | Operculum/Insula,1,1,Cd,pu,NAcc,1,1,1,Subcortical::Cd + pu,Subcortical::Cd + pu,NAcc,Cla,1,1,1,low_resolution,training_n<8;nearest_centroid_corr>=0.95;fold_local_merged_confusion_group,Cd | pu,low_resolution,Cd | pu,21,12,34,hybrid_projected_network_logcpm_exact
top3_network_beam_local_region_candidates,19R802,TAa,Temporal,Operculum/Insula | Temporal | Orbitomedial Prefrontal Cortex (OMPFC),0,1,Id,Iapl,RTM,31,0,0,TAa,Operculum/Insula::Ia + Ial + Iapl + Iapm + Id + Pi,Temporal::RM + RTM,Temporal::STG + TEad + TEav + TEm + TEpd + TEpv + TFO,14,0,0,low_resolution,nearest_centroid_corr>=0.95;fold_local_merged_confusion_group,Ia | Ial | Iapl | Iapm | Id | Pi,low_resolution,TAa,50,19,34,hybrid_projected_network_logcpm_exact
top3_network_beam_local_region_candidates,19R803,Amy,Subcortical,Operculum/Insula | Hippocampal formation | Orbitomedial Prefrontal Cortex (OMPFC),0,0,Ia,Iapm,Pi,111,0,0,outside_network_beam,Operculum/Insula::Ia + Iapm,Operculum/Insula::G + Ial + Iapl + Id + Ig + Pi + PrCO + SII,25,111,0,0,low_resolution,training_n<8;nearest_centroid_corr>=0.95;fold_local_merged_confusion_group,Ia | Iapm,outside_network_beam,,25,10,34,hybrid_projected_network_logcpm_exact
top3_network_beam_local_region_candidates,19R804,24a',Cingulate gyrus,Cingulate gyrus | Orbitomedial Prefrontal Cortex (OMPFC) | Operculum/Insula,1,1,24c,24b',24a',3,0,1,24a',Cingulate gyrus::23b + 23c + 24b' + 24c + 24c',24a',24a,2,0,1,low_resolution,nearest_centroid_corr>=0.95;fold_local_merged_confusion_group,23b | 23c | 24b' | 24c | 24c',low_resolution,24a',33,13,34,hybrid_projected_network_logcpm_exact
top3_network_beam_local_region_candidates,19R805,TEm,Temporal,"Temporal | Operculum/Insula | Parietal, and Parieto-occipital region",1,1,TAa,TEm,TEad,2,0,1,Temporal::AL + R + RTL + STG + TEad + TEav + TEm + TEpd,TAa,Temporal::AL + R + RTL + STG + TEad + TEav + TEm + TEpd,Temporal::A1 + CL + CM + IPa + ML + PGa + Tpt,2,0,1,low_resolution,training_n<8;nearest_centroid_corr>=0.95,TAa,low_resolution,AL | R | RTL | STG | TEad | TEav | TEm | TEpd,47,16,34,hybrid_projected_network_logcpm_exact
top3_network_beam_local_region_candidates,19R806,AL,Temporal,"Temporal | Operculum/Insula | Parietal, and Parieto-occipital region",1,1,STG,AL,TAa,2,0,1,Temporal::AL + R + RTL + STG + TEad + TEav + TEm + TEpd,Temporal::AL + R + RTL + STG + TEad + TEav + TEm + TEpd,TAa,TEpv,1,1,1,low_resolution,nearest_centroid_corr>=0.95;fold_local_merged_confusion_group,AL | R | RTL | STG | TEad | TEav | TEm | TEpd,low_resolution,AL | R | RTL | STG | TEad | TEav | TEm | TEpd,47,16,34,hybrid_projected_network_logcpm_exact
top3_network_beam_local_region_candidates,19R807,pu,Subcortical,Subcortical | Hippocampal formation | Operculum/Insula,1,1,Cla,NAcc,Amy,19,0,0,Subcortical::Cd + pu,Cla,NAcc,Amy,10,0,0,low_resolution,training_n<8,Cla,low_resolution,Cd | pu,21,12,34,hybrid_projected_network_logcpm_exact
top3_network_beam_local_region_candidates,19R808,Iapm,Operculum/Insula,Operculum/Insula | Orbitomedial Prefrontal Cortex (OMPFC) | Cingulate gyrus,1,1,Ial,Pi,Iapm,3,0,1,Operculum/Insula::Ia + Ial + Iapm + Pi,Operculum/Insula::Ia + Ial + Iapm + Pi,Operculum/Insula::G + Iapl + Id + Ig + SII,Orbitomedial Prefrontal Cortex (OMPFC)::13a + 14c + 14r,1,1,1,low_resolution,training_n<8;nearest_centroid_corr>=0.95;fold_local_merged_confusion_group,Ia | Ial | Iapm | Pi,low_resolution,Ia | Ial | Iapm | Pi,33,13,34,hybrid_projected_network_logcpm_exact
top3_network_beam_local_region_candidates,19R809,PrCO,Operculum/Insula,Operculum/Insula | Orbitomedial Prefrontal Cortex (OMPFC) | Cingulate gyrus,1,1,Iapl,Id,Ig,8,0,0,PrCO,Operculum/Insula::G + Iapl + Id + Ig + SII,Cingulate gyrus::23b + 23c + 24b' + 24c + 24c',24a',4,0,0,low_resolution,training_n<8;nearest_centroid_corr>=0.95;fold_local_merged_confusion_group,G | Iapl | Id | Ig | SII,low_resolution,PrCO,33,13,34,hybrid_projected_network_logcpm_exact
top3_network_beam_local_region_candidates,19R810,24c',Cingulate gyrus,Cingulate gyrus | Frontal (agranular frontal motor areas) | Lateral Prefrontal Cortex,1,1,9m,24c,23b,5,0,0,Cingulate gyrus::23b + 23c + 24b' + 24c + 24c',Lateral Prefrontal Cortex::10o + 12l + 12r + 46d + 46v + 9m,Cingulate gyrus::23b + 23c + 24b' + 24c + 24c',8Bm,2,0,1,low_resolution,training_n<8;nearest_centroid_corr>=0.95;fold_local_merged_confusion_group,10o | 12l | 12r | 46d | 46v | 9m,low_resolution,23b | 23c | 24b' | 24c | 24c',29,11,34,hybrid_projected_network_logcpm_exact
top3_network_beam_local_region_candidates,19R811,Iapl,Operculum/Insula,Operculum/Insula | Orbitomedial Prefrontal Cortex (OMPFC) | Cingulate gyrus,1,1,Ial,Pi,14c,7,0,0,Operculum/Insula::G + Iapl + Id + Ig + SII,Operculum/Insula::Ia + Ial + Iapm + Pi,Orbitomedial Prefrontal Cortex (OMPFC)::13a + 14c + 14r,Orbitomedial Prefrontal Cortex (OMPFC)::10m + 11l + 11m + 12m + 12o + 13b + 13l + 13m,4,0,0,low_resolution,training_n<8;nearest_centroid_corr>=0.95;fold_local_merged_confusion_group,Ia | Ial | Iapm | Pi,low_resolution,G | Iapl | Id | Ig | SII,33,13,34,hybrid_projected_network_logcpm_exact
top3_network_beam_local_region_candidates,19R812,TEad,Temporal,"Temporal | Operculum/Insula | Parietal, and Parieto-occipital region",1,1,TEad,TEpv,TEm,1,1,1,Temporal::AL + R + RTL + STG + TEad + TEav + TEm + TEpd,Temporal::AL + R + RTL + STG + TEad + TEav + TEm + TEpd,TEpv,TAa,1,1,1,low_resolution,training_n<8;nearest_centroid_corr>=0.95;fold_local_merged_confusion_group,AL | R | RTL | STG | TEad | TEav | TEm | TEpd,low_resolution,AL | R | RTL | STG | TEad | TEav | TEm | TEpd,47,16,34,hybrid_projected_network_logcpm_exact
top3_network_beam_local_region_candidates,19R813,Ial,Operculum/Insula,Operculum/Insula | Orbitomedial Prefrontal Cortex (OMPFC) | Cingulate gyrus,1,1,Ial,32,Pi,1,1,1,Operculum/Insula::Ia + Ial + Iapm + Pi,Operculum/Insula::Ia + Ial + Iapm + Pi,32,Orbitomedial Prefrontal Cortex (OMPFC)::10m + 11l + 11m + 12m + 12o + 13b + 13l + 13m,1,1,1,low_resolution,training_n<8;nearest_centroid_corr>=0.95;fold_local_merged_confusion_group,Ia | Ial | Iapm | Pi,low_resolution,Ia | Ial | Iapm | Pi,33,13,34,hybrid_projected_network_logcpm_exact
top3_network_beam_local_region_candidates,19R814,Cd,Subcortical,Subcortical | Hippocampal formation | Operculum/Insula,1,1,Cd,pu,NAcc,1,1,1,Subcortical::Cd + pu,Subcortical::Cd + pu,NAcc,Cla,1,1,1,low_resolution,training_n<8;nearest_centroid_corr>=0.95;fold_local_merged_confusion_group,Cd | pu,low_resolution,Cd | pu,21,12,34,hybrid_projected_network_logcpm_exact
top3_network_beam_local_region_candidates,19R815,TPO,Temporal,Temporal | Operculum/Insula | Orbitomedial Prefrontal Cortex (OMPFC),1,1,STG,TEav,TEad,16,0,0,TPO,Temporal::STG + TEad + TEav + TEm + TEpd + TEpv + TFO,Operculum/Insula::G + Ig + SII,PrCO,10,0,0,low_resolution,nearest_centroid_corr>=0.95;fold_local_merged_confusion_group,STG | TEad | TEav | TEm | TEpd | TEpv | TFO,low_resolution,TPO,50,19,34,hybrid_projected_network_logcpm_exact
top3_network_beam_local_region_candidates,19R816,G,Operculum/Insula,Operculum/Insula | Orbitomedial Prefrontal Cortex (OMPFC) | Temporal,1,1,Iapl,Id,RM,5,0,0,Operculum/Insula::G + Ig + SII,Operculum/Insula::Ia + Ial + Iapl + Iapm + Id + Pi,Temporal::RM + RTM,Operculum/Insula::G + Ig + SII,3,0,1,low_resolution,training_n<8;nearest_centroid_corr>=0.95;fold_local_merged_confusion_group,Ia | Ial | Iapl | Iapm | Id | Pi,low_resolution,G | Ig | SII,50,19,34,hybrid_projected_network_logcpm_exact
top3_network_beam_local_region_candidates,19R817,Pir,Subcortical,Operculum/Insula | Orbitomedial Prefrontal Cortex (OMPFC) | Temporal,0,0,13l,12o,Iapm,111,0,0,outside_network_beam,Orbitomedial Prefrontal Cortex (OMPFC)::10m + 11l + 11m + 12m + 12o + 13l + 13m + 14r,Operculum/Insula::Ia + Ial + Iapl + Iapm + Id + Pi,Orbitomedial Prefrontal Cortex (OMPFC)::13a + 13b,111,0,0,low_resolution,training_n<8;nearest_centroid_corr>=0.95;fold_local_merged_confusion_group,10m | 11l | 11m | 12m | 12o | 13l | 13m | 14r,outside_network_beam,,50,19,34,hybrid_projected_network_logcpm_exact
top3_network_beam_local_region_candidates,19R818,24b,Cingulate gyrus,Cingulate gyrus | Orbitomedial Prefrontal Cortex (OMPFC) | Operculum/Insula,1,1,32,24c,24b',29,0,0,24b,32,Cingulate gyrus::23b + 23c + 24b' + 24c + 24c',Orbitomedial Prefrontal Cortex (OMPFC)::10m + 11l + 11m + 12m + 12o + 13b + 13l + 13m,11,0,0,low_resolution,training_n<8;nearest_centroid_corr>=0.95,32,low_resolution,24b,33,13,34,hybrid_projected_network_logcpm_exact
top3_network_beam_local_region_candidates,19R819,VIP,"Parietal, and Parieto-occipital region","Parietal, and Parieto-occipital region | Temporal | Frontal (agranular frontal motor areas)",1,1,5,ML,CL,4,0,0,"Parietal, and Parieto-occipital region::1-2 + 5 + 7a + 7b + 7op + LIPd + LIPv + VIP","Parietal, and Parieto-occipital region::1-2 + 5 + 7a + 7b + 7op + LIPd + LIPv + VIP",Temporal::A1 + CL + CM + IPa + ML + TPO + Tpt,7m,1,1,1,low_resolution,training_n<8;nearest_centroid_corr>=0.95;fold_local_merged_confusion_group,1-2 | 5 | 7a | 7b | 7op | LIPd | LIPv | VIP,low_resolution,1-2 | 5 | 7a | 7b | 7op | LIPd | LIPv | VIP,43,13,34,hybrid_projected_network_logcpm_exact
top3_network_beam_local_region_candidates,19R820,Ial,Operculum/Insula,Operculum/Insula | Orbitomedial Prefrontal Cortex (OMPFC) | Cingulate gyrus,1,1,Iapm,Ia,Pi,4,0,0,Operculum/Insula::Ia + Ial + Iapm + Pi,Operculum/Insula::Ia + Ial + Iapm + Pi,Operculum/Insula::G + Iapl + Id + Ig + SII,25,1,1,1,low_resolution,training_n<8;nearest_centroid_corr>=0.95;fold_local_merged_confusion_group,Ia | Ial | Iapm | Pi,low_resolution,Ia | Ial | Iapm | Pi,33,13,34,hybrid_projected_network_logcpm_exact
top3_network_beam_local_region_candidates,19R821,8Bd,Lateral Prefrontal Cortex,Frontal (agranular frontal motor areas) | Cingulate gyrus | Lateral Prefrontal Cortex,0,1,8Bd,9d,F6,1,1,1,Lateral Prefrontal Cortex::44 + 45 + 8A + 8Bd + 8Bs + 9d,Lateral Prefrontal Cortex::44 + 45 + 8A + 8Bd + 8Bs + 9d,Frontal (agranular frontal motor areas)::F1 + F2 + F3 + F5 + F6,8Bm,1,1,1,low_resolution,training_n<8;nearest_centroid_corr>=0.95;fold_local_merged_confusion_group,44 | 45 | 8A | 8Bd | 8Bs | 9d,low_resolution,44 | 45 | 8A | 8Bd | 8Bs | 9d,29,11,34,hybrid_projected_network_logcpm_exact
top3_network_beam_local_region_candidates,19R822,TEO,Temporal,"Temporal | Parietal, and Parieto-occipital region | Occipital/Temporal",1,1,TEpd,TEm,TEpv,30,0,0,TEO,Temporal::PGa + TAa + TEa + TEad + TEm + TEpd + TEpv,Temporal::A1 + CL + CM + IPa + ML + TPO + Tpt,Temporal::AL + R + RTL + STG,10,0,0,low_resolution,training_n<8;nearest_centroid_corr>=0.95;fold_local_merged_confusion_group,PGa | TAa | TEa | TEad | TEm | TEpd | TEpv,low_resolution,TEO,45,16,34,hybrid_projected_network_logcpm_exact
top3_network_beam_local_region_candidates,19R823,R,Temporal,"Temporal | Operculum/Insula | Parietal, and Parieto-occipital region",1,1,R,AL,IPa,1,1,1,Temporal::AL + R + RTL + STG + TEad + TEav + TEm + TEpd,Temporal::AL + R + RTL + STG + TEad + TEav + TEm + TEpd,Temporal::A1 + CL + CM + IPa + ML + PGa + Tpt,Operculum/Insula::G + Iapl + Id + Ig + PrCO + SII,1,1,1,low_resolution,training_n<8;nearest_centroid_corr>=0.95;fold_local_merged_confusion_group,AL | R | RTL | STG | TEad | TEav | TEm | TEpd,low_resolution,AL | R | RTL | STG | TEad | TEav | TEm | TEpd,47,16,34,hybrid_projected_network_logcpm_exact
top3_network_beam_local_region_candidates,19R744,F5,Frontal (agranular frontal motor areas),Cingulate gyrus | Orbitomedial Prefrontal Cortex (OMPFC) | Operculum/Insula,0,0,PrCO,11l,12o,111,0,0,outside_network_beam,PrCO,Orbitomedial Prefrontal Cortex (OMPFC)::10m + 11l + 11m + 12m + 12o + 13b + 13l + 13m,Cingulate gyrus::23b + 23c + 24b' + 24c + 24c',111,0,0,low_resolution,training_n<8;nearest_centroid_corr>=0.95,PrCO,outside_network_beam,,33,13,34,hybrid_projected_network_logcpm_exact
top3_network_beam_local_region_candidates,19R745,F1,Frontal (agranular frontal motor areas),"Frontal (agranular frontal motor areas) | Lateral Prefrontal Cortex | Parietal, and Parieto-occipital region",1,1,F1,F2,3a/b,1,1,1,Frontal (agranular frontal motor areas)::F1 + F2 + F3 + F5 + F6 + F7,Frontal (agranular frontal motor areas)::F1 + F2 + F3 + F5 + F6 + F7,3a/b,"Parietal, and Parieto-occipital region::1-2 + 5 + 7a + 7b + 7m + 7op + LIPv + VIP",1,1,1,low_resolution,nearest_centroid_corr>=0.95;fold_local_merged_confusion_group,F1 | F2 | F3 | F5 | F6 | F7,low_resolution,F1 | F2 | F3 | F5 | F6 | F7,30,9,34,hybrid_projected_network_logcpm_exact
top3_network_beam_local_region_candidates,19R824,V4,Occipital/Temporal,"Temporal | Parietal, and Parieto-occipital region | Occipital/Temporal",0,1,TEpd,TEm,7b,21,0,0,Occipital/Temporal::V1 + V2 + V3v + V4 + V4v,Temporal::PGa + TAa + TEa + TEad + TEm + TEpd + TEpv,"Parietal, and Parieto-occipital region::1-2 + 5 + 7a + 7b + 7op + LIPd + LIPv + VIP",Temporal::A1 + CL + CM + IPa + ML + TPO + Tpt,5,0,0,low_resolution,training_n<8;nearest_centroid_corr>=0.95;fold_local_merged_confusion_group,PGa | TAa | TEa | TEad | TEm | TEpd | TEpv,low_resolution,V1 | V2 | V3v | V4 | V4v,45,16,34,hybrid_projected_network_logcpm_exact
top3_network_beam_local_region_candidates,19R826,9d,Lateral Prefrontal Cortex,Cingulate gyrus | Lateral Prefrontal Cortex | Orbitomedial Prefrontal Cortex (OMPFC),0,1,12l,12r,9m,9,0,0,Lateral Prefrontal Cortex::10o + 12l + 12r + 46d + 46v + 9d + 9m,Lateral Prefrontal Cortex::10o + 12l + 12r + 46d + 46v + 9d + 9m,8Bm,Orbitomedial Prefrontal Cortex (OMPFC)::10m + 11m + 12m + 12o + 13b + 13l + 13m,1,1,1,low_resolution,training_n<8;nearest_centroid_corr>=0.95;fold_local_merged_confusion_group,10o | 12l | 12r | 46d | 46v | 9d | 9m,low_resolution,10o | 12l | 12r | 46d | 46v | 9d | 9m,35,13,34,hybrid_projected_network_logcpm_exact
top3_network_beam_local_region_candidates,19R827,8Bm,Lateral Prefrontal Cortex,Cingulate gyrus | Frontal (agranular frontal motor areas) | Lateral Prefrontal Cortex,0,1,8Bm,F6,9d,1,1,1,8Bm,8Bm,Frontal (agranular frontal motor areas)::F1 + F2 + F3 + F5 + F6,Lateral Prefrontal Cortex::44 + 45 + 8A + 8Bd + 8Bs + 9d,1,1,1,low_resolution,training_n<8;nearest_centroid_corr>=0.95,8Bm,low_resolution,8Bm,29,11,34,hybrid_projected_network_logcpm_exact
top3_network_beam_local_region_candidates,19R828,7m,"Parietal, and Parieto-occipital region","Parietal, and Parieto-occipital region | Lateral Prefrontal Cortex | Cingulate gyrus",1,1,7a,7op,1-2,25,0,0,"Parietal, and Parieto-occipital region::5 + 7m + LIPv + VIP","Parietal, and Parieto-occipital region::1-2 + 7a + 7b + 7op + LIPd",Lateral Prefrontal Cortex::44 + 45 + 46d + 46v + 8A + 8Bd + 8Bs + 9d,12r,6,0,0,low_resolution,training_n<8;nearest_centroid_corr>=0.95;fold_local_merged_confusion_group,1-2 | 7a | 7b | 7op | LIPd,low_resolution,5 | 7m | LIPv | VIP,32,12,34,hybrid_projected_network_logcpm_exact
top3_network_beam_local_region_candidates,19R829,F4,Frontal (agranular frontal motor areas),Operculum/Insula | Lateral Prefrontal Cortex | Cingulate gyrus,0,0,PrCO,12l,9m,111,0,0,outside_network_beam,Operculum/Insula::G + Iapl + Id + Ig + PrCO + SII,Lateral Prefrontal Cortex::10o + 12l + 12r + 46d + 46v + 9m,8Bm,111,0,0,low_resolution,training_n<8;nearest_centroid_corr>=0.95;fold_local_merged_confusion_group,G | Iapl | Id | Ig | PrCO | SII,outside_network_beam,,33,12,34,hybrid_projected_network_logcpm_exact
top3_network_beam_local_region_candidates,19R830,12m,Orbitomedial Prefrontal Cortex (OMPFC),Operculum/Insula | Cingulate gyrus | Orbitomedial Prefrontal Cortex (OMPFC),0,1,13l,12m,13m,2,0,1,Orbitomedial Prefrontal Cortex (OMPFC)::10m + 11l + 11m + 12m + 12o + 13b + 13l + 13m,Orbitomedial Prefrontal Cortex (OMPFC)::10m + 11l + 11m + 12m + 12o + 13b + 13l + 13m,PrCO,Orbitomedial Prefrontal Cortex (OMPFC)::13a + 14c + 14r,1,1,1,low_resolution,training_n<8;nearest_centroid_corr>=0.95;fold_local_merged_confusion_group,10m | 11l | 11m | 12m | 12o | 13b | 13l | 13m,low_resolution,10m | 11l | 11m | 12m | 12o | 13b | 13l | 13m,33,13,34,hybrid_projected_network_logcpm_exact
top3_network_beam_local_region_candidates,19R831,32,Orbitomedial Prefrontal Cortex (OMPFC),Cingulate gyrus | Orbitomedial Prefrontal Cortex (OMPFC) | Operculum/Insula,0,1,Ial,24c,32,3,0,1,32,Operculum/Insula::Ia + Ial + Iapm + Pi,Cingulate gyrus::23b + 23c + 24b' + 24c + 24c',32,3,0,1,low_resolution,training_n<8;nearest_centroid_corr>=0.95;fold_local_merged_confusion_group,Ia | Ial | Iapm | Pi,low_resolution,32,33,13,34,hybrid_projected_network_logcpm_exact
top3_network_beam_local_region_candidates,19R832,TAa,Temporal,"Temporal | Operculum/Insula | Parietal, and Parieto-occipital region",1,1,TEpv,TEad,TEm,4,0,0,TAa,TEpv,Temporal::AL + R + RTL + STG + TEad + TEav + TEm + TEpd,TAa,3,0,1,low_resolution,training_n<8;nearest_centroid_corr>=0.95,TEpv,low_resolution,TAa,47,16,34,hybrid_projected_network_logcpm_exact
top3_network_beam_local_region_candidates,19R833,TFO,Temporal,Operculum/Insula | Temporal | Orbitomedial Prefrontal Cortex (OMPFC),0,1,TF,14r,11m,5,0,0,Temporal::STG + TEad + TEav + TEm + TEpd + TEpv + TFO,TF,Orbitomedial Prefrontal Cortex (OMPFC)::10m + 11l + 11m + 12m + 12o + 13l + 13m + 14r,Temporal::STG + TEad + TEav + TEm + TEpd + TEpv + TFO,3,0,1,low_resolution,training_n<8;nearest_centroid_corr>=0.95,TF,low_resolution,STG | TEad | TEav | TEm | TEpd | TEpv | TFO,50,19,34,hybrid_projected_network_logcpm_exact
top3_network_beam_local_region_candidates,19R834,Iapl,Operculum/Insula,Operculum/Insula | Orbitomedial Prefrontal Cortex (OMPFC) | Temporal,1,1,Iapm,Ia,Pi,8,0,0,Operculum/Insula::Ia + Ial + Iapl + Iapm + Id + Pi,Operculum/Insula::Ia + Ial + Iapl + Iapm + Id + Pi,Temporal::RM + RTM,TG,1,1,1,low_resolution,training_n<8;nearest_centroid_corr>=0.95;fold_local_merged_confusion_group,Ia | Ial | Iapl | Iapm | Id | Pi,low_resolution,Ia | Ial | Iapl | Iapm | Id | Pi,50,19,34,hybrid_projected_network_logcpm_exact
top3_network_beam_local_region_candidates,19R835,14c,Orbitomedial Prefrontal Cortex (OMPFC),Operculum/Insula | Orbitomedial Prefrontal Cortex (OMPFC) | Cingulate gyrus,0,1,14r,14c,10m,2,0,1,Orbitomedial Prefrontal Cortex (OMPFC)::13a + 14c + 14r,Orbitomedial Prefrontal Cortex (OMPFC)::13a + 14c + 14r,Orbitomedial Prefrontal Cortex (OMPFC)::10m + 11l + 11m + 12m + 12o + 13b + 13l + 13m,32,1,1,1,low_resolution,training_n<8;nearest_centroid_corr>=0.95;fold_local_merged_confusion_group,13a | 14c | 14r,low_resolution,13a | 14c | 14r,33,13,34,hybrid_projected_network_logcpm_exact
top3_network_beam_local_region_candidates,19R836,PrCO,Operculum/Insula,Operculum/Insula | Temporal | Orbitomedial Prefrontal Cortex (OMPFC),1,1,RT,RTM,Pi,14,0,0,PrCO,RT,Temporal::RM + RTM,Operculum/Insula::Ia + Ial + Iapl + Iapm + Id + Pi,9,0,0,low_resolution,training_n<8;nearest_centroid_corr>=0.95,RT,low_resolution,PrCO,50,19,34,hybrid_projected_network_logcpm_exact
top3_network_beam_local_region_candidates,19R837,RM,Temporal,Operculum/Insula | Temporal | Orbitomedial Prefrontal Cortex (OMPFC),0,1,RM,Id,Iapl,1,1,1,Temporal::RM + RTM,Temporal::RM + RTM,Operculum/Insula::Ia + Ial + Iapl + Iapm + Id + Pi,RT,1,1,1,low_resolution,nearest_centroid_corr>=0.95;fold_local_merged_confusion_group,RM | RTM,low_resolution,RM | RTM,50,19,34,hybrid_projected_network_logcpm_exact
top3_network_beam_local_region_candidates,19R838,F6,Frontal (agranular frontal motor areas),Frontal (agranular frontal motor areas) | Cingulate gyrus | Lateral Prefrontal Cortex,1,1,8Bm,8Bd,F3,4,0,0,Frontal (agranular frontal motor areas)::F1 + F2 + F3 + F5 + F6,8Bm,Lateral Prefrontal Cortex::44 + 45 + 8A + 8Bd + 8Bs + 9d,Frontal (agranular frontal motor areas)::F1 + F2 + F3 + F5 + F6,3,0,1,low_resolution,training_n<8;nearest_centroid_corr>=0.95,8Bm,low_resolution,F1 | F2 | F3 | F5 | F6,29,11,34,hybrid_projected_network_logcpm_exact
top3_network_beam_local_region_candidates,19R839,pu,Subcortical,Subcortical | Hippocampal formation | Operculum/Insula,1,1,pu,Cd,NAcc,1,1,1,Subcortical::Cd + pu,Subcortical::Cd + pu,NAcc,Cla,1,1,1,low_resolution,training_n<8;nearest_centroid_corr>=0.95;fold_local_merged_confusion_group,Cd | pu,low_resolution,Cd | pu,21,12,34,hybrid_projected_network_logcpm_exact
top3_network_beam_local_region_candidates,19R840,24c,Cingulate gyrus,Cingulate gyrus | Orbitomedial Prefrontal Cortex (OMPFC) | Operculum/Insula,1,1,32,24c,24b',2,0,1,Cingulate gyrus::23b + 23c + 24b' + 24c + 24c',32,Cingulate gyrus::23b + 23c + 24b' + 24c + 24c',Orbitomedial Prefrontal Cortex (OMPFC)::10m + 11l + 11m + 12m + 12o + 13b + 13l + 13m,2,0,1,low_resolution,training_n<8;nearest_centroid_corr>=0.95,32,low_resolution,23b | 23c | 24b' | 24c | 24c',33,13,34,hybrid_projected_network_logcpm_exact
top3_network_beam_local_region_candidates,19R841,24a',Cingulate gyrus,Operculum/Insula | Orbitomedial Prefrontal Cortex (OMPFC) | Cingulate gyrus,0,1,23c,24a,23b,4,0,0,24a',Cingulate gyrus::23b + 23c + 24b' + 24c + 24c',24a,24a',3,0,1,low_resolution,training_n<8;nearest_centroid_corr>=0.95;fold_local_merged_confusion_group,23b | 23c | 24b' | 24c | 24c',low_resolution,24a',33,13,34,hybrid_projected_network_logcpm_exact
top3_network_beam_local_region_candidates,19R842,TEav,Temporal,Operculum/Insula | Temporal | Orbitomedial Prefrontal Cortex (OMPFC),0,1,TEav,RTM,RT,1,1,1,Temporal::STG + TEad + TEav + TEm + TEpd + TEpv + TFO,Temporal::STG + TEad + TEav + TEm + TEpd + TEpv + TFO,Temporal::RM + RTM,RT,1,1,1,low_resolution,training_n<8;nearest_centroid_corr>=0.95;fold_local_merged_confusion_group,STG | TEad | TEav | TEm | TEpd | TEpv | TFO,low_resolution,STG | TEad | TEav | TEm | TEpd | TEpv | TFO,50,19,34,hybrid_projected_network_logcpm_exact
top3_network_beam_local_region_candidates,19R843,F7,Frontal (agranular frontal motor areas),Frontal (agranular frontal motor areas) | Lateral Prefrontal Cortex | Cingulate gyrus,1,1,8Bd,44,F6,9,0,0,F7,Lateral Prefrontal Cortex::44 + 45 + 8A + 8Bd + 8Bs + 9d,Frontal (agranular frontal motor areas)::F1 + F2 + F3 + F5 + F6,F7,3,0,1,low_resolution,training_n<8;nearest_centroid_corr>=0.95;fold_local_merged_confusion_group,44 | 45 | 8A | 8Bd | 8Bs | 9d,low_resolution,F7,29,11,34,hybrid_projected_network_logcpm_exact
top3_network_beam_local_region_candidates,19R844,STG,Temporal,Operculum/Insula | Temporal | Orbitomedial Prefrontal Cortex (OMPFC),0,1,RTL,TF,STG,3,0,1,Temporal::STG + TEad + TEav + TEm + TEpd + TEpv + TFO,Temporal::AL + RTL,TF,Temporal::STG + TEad + TEav + TEm + TEpd + TEpv + TFO,3,0,1,low_resolution,training_n<8;nearest_centroid_corr>=0.95;fold_local_merged_confusion_group,AL | RTL,low_resolution,STG | TEad | TEav | TEm | TEpd | TEpv | TFO,50,19,34,hybrid_projected_network_logcpm_exact
top3_network_beam_local_region_candidates,19R845,TEad,Temporal,Operculum/Insula | Temporal | Orbitomedial Prefrontal Cortex (OMPFC),0,1,TEav,STG,RTL,8,0,0,Temporal::STG + TEad + TEav + TEm + TEpd + TEpv + TFO,Temporal::STG + TEad + TEav + TEm + TEpd + TEpv + TFO,Temporal::AL + RTL,Temporal::RM + RTM,1,1,1,low_resolution,training_n<8;nearest_centroid_corr>=0.95;fold_local_merged_confusion_group,STG | TEad | TEav | TEm | TEpd | TEpv | TFO,low_resolution,STG | TEad | TEav | TEm | TEpd | TEpv | TFO,50,19,34,hybrid_projected_network_logcpm_exact
top3_network_beam_local_region_candidates,19R846,RTL,Temporal,Operculum/Insula | Temporal | Orbitomedial Prefrontal Cortex (OMPFC),0,1,RT,RTL,STG,2,0,1,Temporal::AL + RTL,RT,Temporal::AL + RTL,Temporal::STG + TEad + TEav + TEm + TEpd + TEpv + TFO,2,0,1,low_resolution,training_n<8;nearest_centroid_corr>=0.95,RT,low_resolution,AL | RTL,50,19,34,hybrid_projected_network_logcpm_exact
top3_network_beam_local_region_candidates,19R873,LIPd,"Parietal, and Parieto-occipital region","Parietal, and Parieto-occipital region | Lateral Prefrontal Cortex | Temporal",1,1,ML,LIPd,7a,2,0,1,"Parietal, and Parieto-occipital region::1-2 + 5 + 7a + 7b + 7op + LIPd + LIPv + VIP",Temporal::A1 + AL + CL + CM + ML + TPO + Tpt,"Parietal, and Parieto-occipital region::1-2 + 5 + 7a + 7b + 7op + LIPd + LIPv + VIP",Temporal::IPa + PGa + RTL + STG + TAa + TEad + TEm + TEpd,2,0,1,low_resolution,training_n<8;nearest_centroid_corr>=0.95;fold_local_merged_confusion_group,A1 | AL | CL | CM | ML | TPO | Tpt,low_resolution,1-2 | 5 | 7a | 7b | 7op | LIPd | LIPv | VIP,49,17,34,hybrid_projected_network_logcpm_exact
top3_network_beam_local_region_candidates,19R874,LIPv,"Parietal, and Parieto-occipital region","Parietal, and Parieto-occipital region | Lateral Prefrontal Cortex | Occipital/Temporal",1,1,FST,VIP,LIPv,3,0,1,"Parietal, and Parieto-occipital region::1-2 + 5 + 7a + 7b + 7op + LIPd + LIPv + VIP",Occipital/Temporal::FST + MST + V1 + V2 + V3d + V3v + V4 + V4v,"Parietal, and Parieto-occipital region::1-2 + 5 + 7a + 7b + 7op + LIPd + LIPv + VIP",3a/b,2,0,1,low_resolution,training_n<8;nearest_centroid_corr>=0.95;fold_local_merged_confusion_group,FST | MST | V1 | V2 | V3d | V3v | V4 | V4v,low_resolution,1-2 | 5 | 7a | 7b | 7op | LIPd | LIPv | VIP,32,8,34,hybrid_projected_network_logcpm_exact
top3_network_beam_local_region_candidates,19R875,7a,"Parietal, and Parieto-occipital region","Parietal, and Parieto-occipital region | Temporal | Lateral Prefrontal Cortex",1,1,7b,Tpt,7a,3,0,1,"Parietal, and Parieto-occipital region::1-2 + 5 + 7a + 7b + 7op + LIPd + LIPv + VIP","Parietal, and Parieto-occipital region::1-2 + 5 + 7a + 7b + 7op + LIPd + LIPv + VIP",Temporal::A1 + AL + CL + CM + ML + TPO + Tpt,Temporal::IPa + PGa + RTL + STG + TAa + TEad + TEm + TEpd,1,1,1,low_resolution,training_n<8;nearest_centroid_corr>=0.95;fold_local_merged_confusion_group,1-2 | 5 | 7a | 7b | 7op | LIPd | LIPv | VIP,low_resolution,1-2 | 5 | 7a | 7b | 7op | LIPd | LIPv | VIP,49,17,34,hybrid_projected_network_logcpm_exact
top3_network_beam_local_region_candidates,19R876,Tpt,Temporal,"Temporal | Parietal, and Parieto-occipital region | Operculum/Insula",1,1,TEpv,TEm,AL,9,0,0,Temporal::A1 + CL + CM + IPa + ML + PGa + Tpt,TEpv,Temporal::AL + R + RTL + STG + TEad + TEav + TEm + TEpd,TAa,6,0,0,low_resolution,training_n<8;nearest_centroid_corr>=0.95,TEpv,low_resolution,A1 | CL | CM | IPa | ML | PGa | Tpt,47,16,34,hybrid_projected_network_logcpm_exact
top3_network_beam_local_region_candidates,19R877,HC,Hippocampal formation,Hippocampal formation | Operculum/Insula | Orbitomedial Prefrontal Cortex (OMPFC),1,1,HC,25,13a,1,1,1,HC,HC,25,Orbitomedial Prefrontal Cortex (OMPFC)::13a + 13b,1,1,1,low_resolution,training_n<8,HC,low_resolution,HC,25,10,34,hybrid_projected_network_logcpm_exact
top3_network_beam_local_region_candidates,19R878,V4v,Occipital/Temporal,"Occipital/Temporal | Temporal | Parietal, and Parieto-occipital region",1,1,TEpd,V4v,V4,2,0,1,Occipital/Temporal::V1 + V2 + V3v + V4 + V4v,Temporal::PGa + TAa + TEa + TEad + TEm + TEpd + TEpv,Occipital/Temporal::V1 + V2 + V3v + V4 + V4v,Temporal::A1 + CL + CM + IPa + ML + TPO + Tpt,2,0,1,low_resolution,training_n<8;nearest_centroid_corr>=0.95;fold_local_merged_confusion_group,PGa | TAa | TEa | TEad | TEm | TEpd | TEpv,low_resolution,V1 | V2 | V3v | V4 | V4v,45,16,34,hybrid_projected_network_logcpm_exact
top3_network_beam_local_region_candidates,19R879,5,"Parietal, and Parieto-occipital region","Parietal, and Parieto-occipital region | Frontal (agranular frontal motor areas) | Lateral Prefrontal Cortex",1,1,LIPv,VIP,5,3,0,1,"Parietal, and Parieto-occipital region::1-2 + 5 + 7a + 7b + 7m + 7op + LIPv + VIP","Parietal, and Parieto-occipital region::1-2 + 5 + 7a + 7b + 7m + 7op + LIPv + VIP",3a/b,LIPd,1,1,1,low_resolution,training_n<8;nearest_centroid_corr>=0.95;fold_local_merged_confusion_group,1-2 | 5 | 7a | 7b | 7m | 7op | LIPv | VIP,low_resolution,1-2 | 5 | 7a | 7b | 7m | 7op | LIPv | VIP,30,9,34,hybrid_projected_network_logcpm_exact
top3_network_beam_local_region_candidates,19R882,TPO,Temporal,"Parietal, and Parieto-occipital region | Operculum/Insula | Lateral Prefrontal Cortex",0,0,SII,8Bs,9d,111,0,0,outside_network_beam,Operculum/Insula::G + Ig + PrCO + SII,Lateral Prefrontal Cortex::44 + 45 + 46d + 46v + 8A + 8Bd + 8Bs + 9d,Ri,111,0,0,low_resolution,training_n<8;nearest_centroid_corr>=0.95;fold_local_merged_confusion_group,G | Ig | PrCO | SII,outside_network_beam,,34,8,34,hybrid_projected_network_logcpm_exact
top3_network_beam_local_region_candidates,19R883,TEpd,Temporal,"Temporal | Operculum/Insula | Parietal, and Parieto-occipital region",1,1,TEpv,TEad,TEm,6,0,0,Temporal::AL + R + RTL + STG + TEad + TEav + TEm + TEpd,TEpv,Temporal::AL + R + RTL + STG + TEad + TEav + TEm + TEpd,TAa,2,0,1,low_resolution,training_n<8;nearest_centroid_corr>=0.95,TEpv,low_resolution,AL | R | RTL | STG | TEad | TEav | TEm | TEpd,47,16,34,hybrid_projected_network_logcpm_exact
top3_network_beam_local_region_candidates,19R884,F2,Frontal (agranular frontal motor areas),Frontal (agranular frontal motor areas) | Lateral Prefrontal Cortex | Cingulate gyrus,1,1,F2,44,F1,1,1,1,Frontal (agranular frontal motor areas)::F1 + F2 + F3 + F5 + F6,Frontal (agranular frontal motor areas)::F1 + F2 + F3 + F5 + F6,Lateral Prefrontal Cortex::44 + 45 + 8A + 8Bd + 8Bs + 9d,F7,1,1,1,low_resolution,nearest_centroid_corr>=0.95;fold_local_merged_confusion_group,F1 | F2 | F3 | F5 | F6,low_resolution,F1 | F2 | F3 | F5 | F6,29,11,34,hybrid_projected_network_logcpm_exact
top3_network_beam_local_region_candidates,19R887,8Bs,Lateral Prefrontal Cortex,"Frontal (agranular frontal motor areas) | Lateral Prefrontal Cortex | Parietal, and Parieto-occipital region",0,1,F1,F2,LIPv,8,0,0,Lateral Prefrontal Cortex::44 + 45 + 46d + 46v + 8A + 8Bd + 8Bs + 9d,Frontal (agranular frontal motor areas)::F1 + F2 + F3 + F5 + F6 + F7,"Parietal, and Parieto-occipital region::1-2 + 5 + 7a + 7b + 7m + 7op + LIPv + VIP",Lateral Prefrontal Cortex::44 + 45 + 46d + 46v + 8A + 8Bd + 8Bs + 9d,3,0,1,low_resolution,nearest_centroid_corr>=0.95;fold_local_merged_confusion_group,F1 | F2 | F3 | F5 | F6 | F7,low_resolution,44 | 45 | 46d | 46v | 8A | 8Bd | 8Bs | 9d,30,9,34,hybrid_projected_network_logcpm_exact
top3_network_beam_local_region_candidates,19R890,7op,"Parietal, and Parieto-occipital region","Parietal, and Parieto-occipital region | Operculum/Insula | Lateral Prefrontal Cortex",1,1,SII,44,1-2,7,0,0,"Parietal, and Parieto-occipital region::1-2 + 5 + 7a + 7b + 7op + LIPd",Operculum/Insula::G + Ig + PrCO + SII,Lateral Prefrontal Cortex::44 + 45 + 46d + 46v + 8A + 8Bd + 8Bs + 9d,"Parietal, and Parieto-occipital region::1-2 + 5 + 7a + 7b + 7op + LIPd",3,0,1,low_resolution,training_n<8;nearest_centroid_corr>=0.95;fold_local_merged_confusion_group,G | Ig | PrCO | SII,low_resolution,1-2 | 5 | 7a | 7b | 7op | LIPd,34,8,34,hybrid_projected_network_logcpm_exact
top3_network_beam_local_region_candidates,19R891,12r,Lateral Prefrontal Cortex,Operculum/Insula | Orbitomedial Prefrontal Cortex (OMPFC) | Lateral Prefrontal Cortex,0,1,12m,10m,9m,7,0,0,Lateral Prefrontal Cortex::10o + 12l + 12r + 46d + 46v + 9m,Orbitomedial Prefrontal Cortex (OMPFC)::11l + 12m + 12o + 13l + 13m,Orbitomedial Prefrontal Cortex (OMPFC)::10m + 11m + 13b + 14c + 14r + 32,Lateral Prefrontal Cortex::10o + 12l + 12r + 46d + 46v + 9m,3,0,1,low_resolution,training_n<8;nearest_centroid_corr>=0.95;fold_local_merged_confusion_group,11l | 12m | 12o | 13l | 13m,low_resolution,10o | 12l | 12r | 46d | 46v | 9m,37,10,34,hybrid_projected_network_logcpm_exact
top3_network_beam_local_region_candidates,19R892,HC,Hippocampal formation,Hippocampal formation | Operculum/Insula | Orbitomedial Prefrontal Cortex (OMPFC),1,1,HC,Ia,25,1,1,1,HC,HC,Operculum/Insula::Ia + Iapm,25,1,1,1,low_resolution,training_n<8,HC,low_resolution,HC,25,10,34,hybrid_projected_network_logcpm_exact
top3_network_beam_local_region_candidates,19R893,5,"Parietal, and Parieto-occipital region","Parietal, and Parieto-occipital region | Frontal (agranular frontal motor areas) | Lateral Prefrontal Cortex",1,1,5,VIP,LIPv,1,1,1,"Parietal, and Parieto-occipital region::1-2 + 5 + 7a + 7b + 7m + 7op + LIPv + VIP","Parietal, and Parieto-occipital region::1-2 + 5 + 7a + 7b + 7m + 7op + LIPv + VIP",LIPd,3a/b,1,1,1,low_resolution,training_n<8;nearest_centroid_corr>=0.95;fold_local_merged_confusion_group,1-2 | 5 | 7a | 7b | 7m | 7op | LIPv | VIP,low_resolution,1-2 | 5 | 7a | 7b | 7m | 7op | LIPv | VIP,30,9,34,hybrid_projected_network_logcpm_exact
top3_network_beam_local_region_candidates,19R894,1-2,"Parietal, and Parieto-occipital region","Parietal, and Parieto-occipital region | Frontal (agranular frontal motor areas) | Lateral Prefrontal Cortex",1,1,VIP,LIPv,5,10,0,0,"Parietal, and Parieto-occipital region::1-2 + 5 + 7a + 7b + 7m + 7op + LIPv + VIP","Parietal, and Parieto-occipital region::1-2 + 5 + 7a + 7b + 7m + 7op + LIPv + VIP",3a/b,LIPd,1,1,1,low_resolution,nearest_centroid_corr>=0.95;fold_local_merged_confusion_group,1-2 | 5 | 7a | 7b | 7m | 7op | LIPv | VIP,low_resolution,1-2 | 5 | 7a | 7b | 7m | 7op | LIPv | VIP,30,9,34,hybrid_projected_network_logcpm_exact
top3_network_beam_local_region_candidates,20R046,TEO,Temporal,"Temporal | Parietal, and Parieto-occipital region | Operculum/Insula",1,1,TEpd,TEm,Tpt,25,0,0,TEO,Temporal::AL + R + RTL + STG + TEad + TEav + TEm + TEpd,Temporal::A1 + CL + CM + IPa + ML + PGa + Tpt,"Parietal, and Parieto-occipital region::1-2 + 5 + 7a + 7b + 7op + LIPd",11,0,0,low_resolution,training_n<8;nearest_centroid_corr>=0.95;fold_local_merged_confusion_group,AL | R | RTL | STG | TEad | TEav | TEm | TEpd,low_resolution,TEO,47,16,34,hybrid_projected_network_logcpm_exact
top3_network_beam_local_region_candidates,20R047,14r,Orbitomedial Prefrontal Cortex (OMPFC),Operculum/Insula | Orbitomedial Prefrontal Cortex (OMPFC) | Temporal,0,1,14r,10m,11m,1,1,1,Orbitomedial Prefrontal Cortex (OMPFC)::10m + 11l + 11m + 12m + 12o + 13l + 13m + 14r,Orbitomedial Prefrontal Cortex (OMPFC)::10m + 11l + 11m + 12m + 12o + 13l + 13m + 14r,Orbitomedial Prefrontal Cortex (OMPFC)::13a + 13b,Temporal::AL + RTL,1,1,1,low_resolution,training_n<8;nearest_centroid_corr>=0.95;fold_local_merged_confusion_group,10m | 11l | 11m | 12m | 12o | 13l | 13m | 14r,low_resolution,10m | 11l | 11m | 12m | 12o | 13l | 13m | 14r,50,19,34,hybrid_projected_network_logcpm_exact
top3_network_beam_local_region_candidates,20R049,7a,"Parietal, and Parieto-occipital region","Parietal, and Parieto-occipital region | Temporal | Lateral Prefrontal Cortex",1,1,7b,1-2,TEm,11,0,0,"Parietal, and Parieto-occipital region::1-2 + 5 + 7a + 7b + 7op + LIPd + LIPv + VIP","Parietal, and Parieto-occipital region::1-2 + 5 + 7a + 7b + 7op + LIPd + LIPv + VIP",Temporal::IPa + PGa + RTL + STG + TAa + TEad + TEm + TEpd,Temporal::A1 + AL + CL + CM + ML + TPO + Tpt,1,1,1,low_resolution,training_n<8;nearest_centroid_corr>=0.95;fold_local_merged_confusion_group,1-2 | 5 | 7a | 7b | 7op | LIPd | LIPv | VIP,low_resolution,1-2 | 5 | 7a | 7b | 7op | LIPd | LIPv | VIP,49,17,34,hybrid_projected_network_logcpm_exact
top3_network_beam_local_region_candidates,20R050,8A,Lateral Prefrontal Cortex,"Frontal (agranular frontal motor areas) | Lateral Prefrontal Cortex | Parietal, and Parieto-occipital region",0,1,5,LIPv,VIP,13,0,0,Lateral Prefrontal Cortex::44 + 45 + 46d + 46v + 8A + 8Bd + 8Bs + 9d,"Parietal, and Parieto-occipital region::1-2 + 5 + 7a + 7b + 7m + 7op + LIPv + VIP",Frontal (agranular frontal motor areas)::F1 + F2 + F3 + F5 + F6 + F7,3a/b,4,0,0,low_resolution,training_n<8;nearest_centroid_corr>=0.95;fold_local_merged_confusion_group,1-2 | 5 | 7a | 7b | 7m | 7op | LIPv | VIP,low_resolution,44 | 45 | 46d | 46v | 8A | 8Bd | 8Bs | 9d,30,9,34,hybrid_projected_network_logcpm_exact
top3_network_beam_local_region_candidates,20R052,Tha,Subcortical,Subcortical | Hippocampal formation | Operculum/Insula,1,1,Tha,Amy,GP,1,1,1,Tha,Tha,Amy,GP,1,1,1,low_resolution,training_n<8,Tha,low_resolution,Tha,21,12,34,hybrid_projected_network_logcpm_exact
top3_network_beam_local_region_candidates,20R053,V3v,Occipital/Temporal,"Occipital/Temporal | Parietal, and Parieto-occipital region | Temporal",1,1,V4,TEO,V4v,6,0,0,Occipital/Temporal::V1 + V2 + V3v + V4 + V4v,Occipital/Temporal::V1 + V2 + V3v + V4 + V4v,TEO,7m,1,1,1,low_resolution,training_n<8;nearest_centroid_corr>=0.95;fold_local_merged_confusion_group,V1 | V2 | V3v | V4 | V4v,low_resolution,V1 | V2 | V3v | V4 | V4v,45,16,34,hybrid_projected_network_logcpm_exact
top3_network_beam_local_region_candidates,20R054,LIPv,"Parietal, and Parieto-occipital region","Parietal, and Parieto-occipital region | Occipital/Temporal | Lateral Prefrontal Cortex",1,1,MST,FST,V3d,6,0,0,"Parietal, and Parieto-occipital region::1-2 + 5 + 7a + 7b + 7op + LIPd + LIPv + VIP",Occipital/Temporal::FST + MST + V1 + V2 + V3d + V3v + V4 + V4v,3a/b,"Parietal, and Parieto-occipital region::1-2 + 5 + 7a + 7b + 7op + LIPd + LIPv + VIP",3,0,1,low_resolution,training_n<8;nearest_centroid_corr>=0.95;fold_local_merged_confusion_group,FST | MST | V1 | V2 | V3d | V3v | V4 | V4v,low_resolution,1-2 | 5 | 7a | 7b | 7op | LIPd | LIPv | VIP,32,8,34,hybrid_projected_network_logcpm_exact
top3_network_beam_local_region_candidates,20R059,V2,Occipital/Temporal,"Occipital/Temporal | Parietal, and Parieto-occipital region | Temporal",1,1,V4,TEO,V2,3,0,1,Occipital/Temporal::V1 + V2 + V3v + V4 + V4v,Occipital/Temporal::V1 + V2 + V3v + V4 + V4v,TEO,Occipital/Temporal::FST + MST + V3d,1,1,1,low_resolution,training_n<8;nearest_centroid_corr>=0.95;fold_local_merged_confusion_group,V1 | V2 | V3v | V4 | V4v,low_resolution,V1 | V2 | V3v | V4 | V4v,45,16,34,hybrid_projected_network_logcpm_exact
top3_network_beam_local_region_candidates,20R071,7m,"Parietal, and Parieto-occipital region","Parietal, and Parieto-occipital region | Lateral Prefrontal Cortex | Frontal (agranular frontal motor areas)",1,1,LIPd,7a,45,19,0,0,"Parietal, and Parieto-occipital region::1-2 + 5 + 7a + 7b + 7m + 7op + LIPv + VIP",LIPd,"Parietal, and Parieto-occipital region::1-2 + 5 + 7a + 7b + 7m + 7op + LIPv + VIP",Lateral Prefrontal Cortex::44 + 45 + 46d + 46v + 8A + 8Bd + 8Bs + 9d,2,0,1,low_resolution,nearest_centroid_corr>=0.95,LIPd,low_resolution,1-2 | 5 | 7a | 7b | 7m | 7op | LIPv | VIP,30,9,34,hybrid_projected_network_logcpm_exact
top3_network_beam_local_region_candidates,20R072,TEO,Temporal,"Temporal | Parietal, and Parieto-occipital region | Occipital/Temporal",1,1,TEpd,V4v,IPa,17,0,0,TEO,Temporal::PGa + TAa + TEa + TEad + TEm + TEpd + TEpv,Occipital/Temporal::V1 + V2 + V3v + V4 + V4v,Temporal::A1 + CL + CM + IPa + ML + TPO + Tpt,5,0,0,low_resolution,training_n<8;nearest_centroid_corr>=0.95;fold_local_merged_confusion_group,PGa | TAa | TEa | TEad | TEm | TEpd | TEpv,low_resolution,TEO,45,16,34,hybrid_projected_network_logcpm_exact
top3_network_beam_local_region_candidates,20R073,MST,Occipital/Temporal,"Parietal, and Parieto-occipital region | Temporal | Occipital/Temporal",0,1,LIPv,CL,ML,22,0,0,Occipital/Temporal::FST + MST + V3d,"Parietal, and Parieto-occipital region::1-2 + 5 + 7a + 7b + 7op + LIPd + LIPv + VIP",Temporal::A1 + CL + CM + IPa + ML + TPO + Tpt,Occipital/Temporal::V1 + V2 + V3v + V4 + V4v,6,0,0,low_resolution,training_n<8;nearest_centroid_corr>=0.95;fold_local_merged_confusion_group,1-2 | 5 | 7a | 7b | 7op | LIPd | LIPv | VIP,low_resolution,FST | MST | V3d,45,16,34,hybrid_projected_network_logcpm_exact
top3_network_beam_local_region_candidates,20R074,LIPd,"Parietal, and Parieto-occipital region","Parietal, and Parieto-occipital region | Temporal | Lateral Prefrontal Cortex",1,1,LIPv,LIPd,CL,2,0,1,"Parietal, and Parieto-occipital region::1-2 + 5 + 7a + 7b + 7op + LIPd + LIPv + VIP","Parietal, and Parieto-occipital region::1-2 + 5 + 7a + 7b + 7op + LIPd + LIPv + VIP",Temporal::A1 + AL + CL + CM + ML + TPO + Tpt,Temporal::TEO + TEa,1,1,1,low_resolution,training_n<8;nearest_centroid_corr>=0.95;fold_local_merged_confusion_group,1-2 | 5 | 7a | 7b | 7op | LIPd | LIPv | VIP,low_resolution,1-2 | 5 | 7a | 7b | 7op | LIPd | LIPv | VIP,49,17,34,hybrid_projected_network_logcpm_exact
top3_network_beam_local_region_candidates,20R075,V4,Occipital/Temporal,"Parietal, and Parieto-occipital region | Temporal | Occipital/Temporal",0,1,V4,V4v,V3v,1,1,1,Occipital/Temporal::V1 + V2 + V3v + V4 + V4v,Occipital/Temporal::V1 + V2 + V3v + V4 + V4v,7m,TEO,1,1,1,low_resolution,training_n<8;nearest_centroid_corr>=0.95;fold_local_merged_confusion_group,V1 | V2 | V3v | V4 | V4v,low_resolution,V1 | V2 | V3v | V4 | V4v,45,16,34,hybrid_projected_network_logcpm_exact
top3_network_beam_local_region_candidates,20R077,V1,Occipital/Temporal,"Occipital/Temporal | Parietal, and Parieto-occipital region | Temporal",1,1,V1,V2,V3d,1,1,1,Occipital/Temporal::V1 + V2 + V3v + V4 + V4v,Occipital/Temporal::V1 + V2 + V3v + V4 + V4v,Occipital/Temporal::FST + MST + V3d,3a/b,1,1,1,low_resolution,training_n<8;nearest_centroid_corr>=0.95;fold_local_merged_confusion_group,V1 | V2 | V3v | V4 | V4v,low_resolution,V1 | V2 | V3v | V4 | V4v,45,16,34,hybrid_projected_network_logcpm_exact
top3_network_beam_local_region_candidates,20R078,RTL,Temporal,Operculum/Insula | Temporal | Orbitomedial Prefrontal Cortex (OMPFC),0,1,RTL,STG,RT,1,1,1,Temporal::AL + RTL,Temporal::AL + RTL,Temporal::STG + TEad + TEav + TEm + TEpd + TEpv + TFO,RT,1,1,1,low_resolution,training_n<8;nearest_centroid_corr>=0.95;fold_local_merged_confusion_group,AL | RTL,low_resolution,AL | RTL,50,19,34,hybrid_projected_network_logcpm_exact
top3_network_beam_local_region_candidates,20R080,TPO,Temporal,"Parietal, and Parieto-occipital region | Temporal | Lateral Prefrontal Cortex",0,1,ML,5,Tpt,8,0,0,Temporal::A1 + AL + CL + CM + ML + TPO + Tpt,Temporal::A1 + AL + CL + CM + ML + TPO + Tpt,"Parietal, and Parieto-occipital region::1-2 + 5 + 7a + 7b + 7op + LIPd + LIPv + VIP",Temporal::IPa + PGa + RTL + STG + TAa + TEad + TEm + TEpd,1,1,1,low_resolution,training_n<8;nearest_centroid_corr>=0.95;fold_local_merged_confusion_group,A1 | AL | CL | CM | ML | TPO | Tpt,low_resolution,A1 | AL | CL | CM | ML | TPO | Tpt,49,17,34,hybrid_projected_network_logcpm_exact
top3_network_beam_local_region_candidates,20R081,TFO,Temporal,Operculum/Insula | Temporal | Orbitomedial Prefrontal Cortex (OMPFC),0,1,TEav,RTM,Pi,30,0,0,Temporal::STG + TEad + TEav + TEm + TEpd + TEpv + TFO,Temporal::STG + TEad + TEav + TEm + TEpd + TEpv + TFO,Temporal::RM + RTM,Operculum/Insula::Ia + Ial + Iapl + Iapm + Id + Pi,1,1,1,low_resolution,training_n<8;nearest_centroid_corr>=0.95;fold_local_merged_confusion_group,STG | TEad | TEav | TEm | TEpd | TEpv | TFO,low_resolution,STG | TEad | TEav | TEm | TEpd | TEpv | TFO,50,19,34,hybrid_projected_network_logcpm_exact
top3_network_beam_local_region_candidates,20R082,ML,Temporal,"Parietal, and Parieto-occipital region | Temporal | Operculum/Insula",0,1,1-2,AL,ML,3,0,1,Temporal::A1 + CL + CM + IPa + ML + PGa + Tpt,"Parietal, and Parieto-occipital region::1-2 + 5 + 7a + 7b + 7op + LIPd",Temporal::AL + R + RTL + STG + TEad + TEav + TEm + TEpd,Temporal::A1 + CL + CM + IPa + ML + PGa + Tpt,3,0,1,low_resolution,nearest_centroid_corr>=0.95;fold_local_merged_confusion_group,1-2 | 5 | 7a | 7b | 7op | LIPd,low_resolution,A1 | CL | CM | IPa | ML | PGa | Tpt,47,16,34,hybrid_projected_network_logcpm_exact
top3_network_beam_local_region_candidates,20R083,46v,Lateral Prefrontal Cortex,Lateral Prefrontal Cortex | Operculum/Insula | Orbitomedial Prefrontal Cortex (OMPFC),1,1,12m,12r,12l,10,0,0,Lateral Prefrontal Cortex::10o + 12l + 12r + 46d + 46v + 9m,Orbitomedial Prefrontal Cortex (OMPFC)::11l + 12m + 12o + 13l + 13m,Lateral Prefrontal Cortex::10o + 12l + 12r + 46d + 46v + 9m,Orbitomedial Prefrontal Cortex (OMPFC)::10m + 11m + 13b + 14c + 14r + 32,2,0,1,low_resolution,training_n<8;nearest_centroid_corr>=0.95;fold_local_merged_confusion_group,11l | 12m | 12o | 13l | 13m,low_resolution,10o | 12l | 12r | 46d | 46v | 9m,37,10,34,hybrid_projected_network_logcpm_exact
top3_network_beam_local_region_candidates,20R085,RT,Temporal,Operculum/Insula | Temporal | Orbitomedial Prefrontal Cortex (OMPFC),0,1,RM,RTM,Id,4,0,0,RT,Temporal::RM + RTM,Operculum/Insula::Ia + Ial + Iapl + Iapm + Id + Pi,RT,3,0,1,low_resolution,nearest_centroid_corr>=0.95;fold_local_merged_confusion_group,RM | RTM,low_resolution,RT,50,19,34,hybrid_projected_network_logcpm_exact
top3_network_beam_local_region_candidates,20R086,Ig,Operculum/Insula,Operculum/Insula | Orbitomedial Prefrontal Cortex (OMPFC) | Cingulate gyrus,1,1,Ig,Id,Iapl,1,1,1,Operculum/Insula::G + Iapl + Id + Ig + SII,Operculum/Insula::G + Iapl + Id + Ig + SII,Cingulate gyrus::23b + 23c + 24b' + 24c + 24c',24a',1,1,1,low_resolution,nearest_centroid_corr>=0.95;fold_local_merged_confusion_group,G | Iapl | Id | Ig | SII,low_resolution,G | Iapl | Id | Ig | SII,33,13,34,hybrid_projected_network_logcpm_exact
top3_network_beam_local_region_candidates,20R087,CM,Temporal,Operculum/Insula | Temporal | Orbitomedial Prefrontal Cortex (OMPFC),0,1,Ig,G,STG,44,0,0,Temporal::A1 + CL + CM + IPa + ML + PGa + TEa + Tpt,Operculum/Insula::G + Ig + SII,Temporal::STG + TEad + TEav + TEm + TEpd + TEpv + TFO,Temporal::RM + RTM,6,0,0,low_resolution,nearest_centroid_corr>=0.95;fold_local_merged_confusion_group,G | Ig | SII,low_resolution,A1 | CL | CM | IPa | ML | PGa | TEa | Tpt,50,19,34,hybrid_projected_network_logcpm_exact
top3_network_beam_local_region_candidates,20R088,11l,Orbitomedial Prefrontal Cortex (OMPFC),Operculum/Insula | Orbitomedial Prefrontal Cortex (OMPFC) | Cingulate gyrus,0,1,13l,12m,13m,8,0,0,Orbitomedial Prefrontal Cortex (OMPFC)::10m + 11l + 11m + 12m + 12o + 13b + 13l + 13m,Orbitomedial Prefrontal Cortex (OMPFC)::10m + 11l + 11m + 12m + 12o + 13b + 13l + 13m,PrCO,Orbitomedial Prefrontal Cortex (OMPFC)::13a + 14c + 14r,1,1,1,low_resolution,training_n<8;nearest_centroid_corr>=0.95;fold_local_merged_confusion_group,10m | 11l | 11m | 12m | 12o | 13b | 13l | 13m,low_resolution,10m | 11l | 11m | 12m | 12o | 13b | 13l | 13m,33,13,34,hybrid_projected_network_logcpm_exact
top3_network_beam_local_region_candidates,20R089,FST,Occipital/Temporal,"Parietal, and Parieto-occipital region | Temporal | Occipital/Temporal",0,1,ML,V4v,5,22,0,0,Occipital/Temporal::FST + MST + V3d,Temporal::A1 + CL + CM + IPa + ML + TPO + Tpt,Occipital/Temporal::V1 + V2 + V3v + V4 + V4v,"Parietal, and Parieto-occipital region::1-2 + 5 + 7a + 7b + 7op + LIPd + LIPv + VIP",7,0,0,low_resolution,training_n<8;nearest_centroid_corr>=0.95;fold_local_merged_confusion_group,A1 | CL | CM | IPa | ML | TPO | Tpt,low_resolution,FST | MST | V3d,45,16,34,hybrid_projected_network_logcpm_exact
top3_network_beam_local_region_candidates,20R090,7a,"Parietal, and Parieto-occipital region","Temporal | Parietal, and Parieto-occipital region | Operculum/Insula",0,1,TEm,TAa,TEpv,13,0,0,"Parietal, and Parieto-occipital region::1-2 + 5 + 7a + 7b + 7op + LIPd",Temporal::AL + R + RTL + STG + TEad + TEav + TEm + TEpd,TAa,TEpv,4,0,0,low_resolution,nearest_centroid_corr>=0.95;fold_local_merged_confusion_group,AL | R | RTL | STG | TEad | TEav | TEm | TEpd,low_resolution,1-2 | 5 | 7a | 7b | 7op | LIPd,47,16,34,hybrid_projected_network_logcpm_exact
top3_network_beam_local_region_candidates,20R091,V4v,Occipital/Temporal,"Temporal | Parietal, and Parieto-occipital region | Operculum/Insula",0,0,TEpd,TEm,TAa,111,0,0,outside_network_beam,Temporal::AL + R + RTL + STG + TEad + TEav + TEm + TEpd,TAa,TEpv,111,0,0,low_resolution,training_n<8;nearest_centroid_corr>=0.95;fold_local_merged_confusion_group,AL | R | RTL | STG | TEad | TEav | TEm | TEpd,outside_network_beam,,47,16,34,hybrid_projected_network_logcpm_exact
top3_network_beam_local_region_candidates,20R093,46d,Lateral Prefrontal Cortex,Lateral Prefrontal Cortex | Cingulate gyrus | Frontal (agranular frontal motor areas),1,1,46v,46d,12r,2,0,1,Lateral Prefrontal Cortex::10o + 12l + 12r + 46d + 46v + 9m,Lateral Prefrontal Cortex::10o + 12l + 12r + 46d + 46v + 9m,Lateral Prefrontal Cortex::44 + 45 + 8A + 8Bd + 8Bs + 9d,Frontal (agranular frontal motor areas)::F1 + F2 + F3 + F5 + F6,1,1,1,low_resolution,training_n<8;nearest_centroid_corr>=0.95;fold_local_merged_confusion_group,10o | 12l | 12r | 46d | 46v | 9m,low_resolution,10o | 12l | 12r | 46d | 46v | 9m,29,11,34,hybrid_projected_network_logcpm_exact
top3_network_beam_local_region_candidates,20R095,Amy,Subcortical,Hippocampal formation | Operculum/Insula | Orbitomedial Prefrontal Cortex (OMPFC),0,0,Ia,Iapm,Pi,111,0,0,outside_network_beam,Operculum/Insula::Ia + Iapm,Operculum/Insula::G + Ial + Iapl + Id + Ig + Pi + PrCO + SII,25,111,0,0,low_resolution,training_n<8;nearest_centroid_corr>=0.95;fold_local_merged_confusion_group,Ia | Iapm,outside_network_beam,,25,10,34,hybrid_projected_network_logcpm_exact
top3_network_beam_local_region_candidates,20R096,RTM,Temporal,Operculum/Insula | Orbitomedial Prefrontal Cortex (OMPFC) | Temporal,0,1,RTM,Pi,Ia,1,1,1,Temporal::RM + RTM,Temporal::RM + RTM,Operculum/Insula::Ia + Ial + Iapl + Iapm + Id + Pi,RT,1,1,1,low_resolution,training_n<8;nearest_centroid_corr>=0.95;fold_local_merged_confusion_group,RM | RTM,low_resolution,RM | RTM,50,19,34,hybrid_projected_network_logcpm_exact
top3_network_beam_local_region_candidates,20R097,Tha,Subcortical,Subcortical | Hippocampal formation | Operculum/Insula,1,1,Tha,GP,Amy,1,1,1,Tha,Tha,GP,Amy,1,1,1,low_resolution,training_n<8,Tha,low_resolution,Tha,21,12,34,hybrid_projected_network_logcpm_exact
top3_network_beam_local_region_candidates,20R098,HC,Hippocampal formation,Hippocampal formation | Operculum/Insula | Orbitomedial Prefrontal Cortex (OMPFC),1,1,HC,Ia,Pi,1,1,1,HC,HC,Operculum/Insula::Ia + Iapm,Operculum/Insula::G + Ial + Iapl + Id + Ig + Pi + PrCO + SII,1,1,1,low_resolution,training_n<8,HC,low_resolution,HC,25,10,34,hybrid_projected_network_logcpm_exact
top3_network_beam_local_region_candidates,20R084,TEm,Temporal,"Temporal | Operculum/Insula | Parietal, and Parieto-occipital region",1,1,TEm,TEpd,TAa,1,1,1,Temporal::AL + R + RTL + STG + TEad + TEav + TEm + TEpd,Temporal::AL + R + RTL + STG + TEad + TEav + TEm + TEpd,TAa,Temporal::A1 + CL + CM + IPa + ML + PGa + Tpt,1,1,1,low_resolution,nearest_centroid_corr>=0.95;fold_local_merged_confusion_group,AL | R | RTL | STG | TEad | TEav | TEm | TEpd,low_resolution,AL | R | RTL | STG | TEad | TEav | TEm | TEpd,47,16,34,hybrid_projected_network_logcpm_exact
top3_network_beam_local_region_candidates,20R505,13m,Orbitomedial Prefrontal Cortex (OMPFC),Operculum/Insula | Orbitomedial Prefrontal Cortex (OMPFC) | Cingulate gyrus,0,1,13l,13m,12o,2,0,1,Orbitomedial Prefrontal Cortex (OMPFC)::10m + 11l + 11m + 12m + 12o + 13b + 13l + 13m,Orbitomedial Prefrontal Cortex (OMPFC)::10m + 11l + 11m + 12m + 12o + 13b + 13l + 13m,PrCO,Orbitomedial Prefrontal Cortex (OMPFC)::13a + 14c + 14r,1,1,1,low_resolution,training_n<8;nearest_centroid_corr>=0.95;fold_local_merged_confusion_group,10m | 11l | 11m | 12m | 12o | 13b | 13l | 13m,low_resolution,10m | 11l | 11m | 12m | 12o | 13b | 13l | 13m,33,13,34,hybrid_projected_network_logcpm_exact
top3_network_beam_local_region_candidates,20R376,25,Orbitomedial Prefrontal Cortex (OMPFC),Operculum/Insula | Orbitomedial Prefrontal Cortex (OMPFC) | Cingulate gyrus,0,1,25,Ial,14c,1,1,1,25,25,Operculum/Insula::Ia + Ial + Iapm + Pi,Orbitomedial Prefrontal Cortex (OMPFC)::13a + 14c + 14r,1,1,1,low_resolution,training_n<8;nearest_centroid_corr>=0.95,25,low_resolution,25,33,13,34,hybrid_projected_network_logcpm_exact
top3_network_beam_local_region_candidates,20R377,13l,Orbitomedial Prefrontal Cortex (OMPFC),Operculum/Insula | Orbitomedial Prefrontal Cortex (OMPFC) | Cingulate gyrus,0,1,12m,13l,13m,2,0,1,Orbitomedial Prefrontal Cortex (OMPFC)::10m + 11l + 11m + 12m + 12o + 13b + 13l + 13m,Orbitomedial Prefrontal Cortex (OMPFC)::10m + 11l + 11m + 12m + 12o + 13b + 13l + 13m,Orbitomedial Prefrontal Cortex (OMPFC)::13a + 14c + 14r,PrCO,1,1,1,low_resolution,training_n<8;nearest_centroid_corr>=0.95;fold_local_merged_confusion_group,10m | 11l | 11m | 12m | 12o | 13b | 13l | 13m,low_resolution,10m | 11l | 11m | 12m | 12o | 13b | 13l | 13m,33,13,34,hybrid_projected_network_logcpm_exact
top3_network_beam_local_region_candidates,20R378,25,Orbitomedial Prefrontal Cortex (OMPFC),Hippocampal formation | Operculum/Insula | Orbitomedial Prefrontal Cortex (OMPFC),0,1,25,13a,Pi,1,1,1,25,25,Orbitomedial Prefrontal Cortex (OMPFC)::13a + 13b,Operculum/Insula::G + Ial + Iapl + Id + Ig + Pi + PrCO + SII,1,1,1,low_resolution,training_n<8;nearest_centroid_corr>=0.95,25,low_resolution,25,25,10,34,hybrid_projected_network_logcpm_exact
top3_network_beam_local_region_candidates,20R379,13a,Orbitomedial Prefrontal Cortex (OMPFC),Operculum/Insula | Orbitomedial Prefrontal Cortex (OMPFC) | Cingulate gyrus,0,1,14c,14r,32,5,0,0,Orbitomedial Prefrontal Cortex (OMPFC)::13a + 14c + 14r,Orbitomedial Prefrontal Cortex (OMPFC)::13a + 14c + 14r,32,Orbitomedial Prefrontal Cortex (OMPFC)::10m + 11l + 11m + 12m + 12o + 13b + 13l + 13m,1,1,1,low_resolution,training_n<8;nearest_centroid_corr>=0.95;fold_local_merged_confusion_group,13a | 14c | 14r,low_resolution,13a | 14c | 14r,33,13,34,hybrid_projected_network_logcpm_exact
top3_network_beam_local_region_candidates,20R382,Ri,Operculum/Insula,"Parietal, and Parieto-occipital region | Temporal | Operculum/Insula",0,1,R,IPa,SII,7,0,0,Ri,Temporal::AL + R + RTL + STG + TEad + TEav + TEm + TEpd,Temporal::A1 + CL + CM + IPa + ML + PGa + Tpt,Operculum/Insula::G + Iapl + Id + Ig + PrCO + SII,6,0,0,low_resolution,training_n<8;nearest_centroid_corr>=0.95;fold_local_merged_confusion_group,AL | R | RTL | STG | TEad | TEav | TEm | TEpd,low_resolution,Ri,47,16,34,hybrid_projected_network_logcpm_exact
top3_network_beam_local_region_candidates,20R383,TF,Temporal,Operculum/Insula | Orbitomedial Prefrontal Cortex (OMPFC) | Temporal,0,1,TF,12o,32,1,1,1,TF,TF,Orbitomedial Prefrontal Cortex (OMPFC)::10m + 11l + 11m + 12m + 12o + 13l + 13m + 14r,Orbitomedial Prefrontal Cortex (OMPFC)::14c + 32,1,1,1,low_resolution,training_n<8;nearest_centroid_corr>=0.95,TF,low_resolution,TF,50,19,34,hybrid_projected_network_logcpm_exact
top3_network_beam_local_region_candidates,20R384,23c,Cingulate gyrus,Cingulate gyrus | Lateral Prefrontal Cortex | Orbitomedial Prefrontal Cortex (OMPFC),1,1,23b,23c,9m,2,0,1,Cingulate gyrus::23b + 23c + 24b' + 24c + 24c',Cingulate gyrus::23b + 23c + 24b' + 24c + 24c',Lateral Prefrontal Cortex::10o + 12l + 12r + 46d + 46v + 9d + 9m,Orbitomedial Prefrontal Cortex (OMPFC)::10m + 11m + 12m + 12o + 13b + 13l + 13m,1,1,1,low_resolution,training_n<8;nearest_centroid_corr>=0.95;fold_local_merged_confusion_group,23b | 23c | 24b' | 24c | 24c',low_resolution,23b | 23c | 24b' | 24c | 24c',35,13,34,hybrid_projected_network_logcpm_exact
top3_network_beam_local_region_candidates,20R385,23b,Cingulate gyrus,Cingulate gyrus | Orbitomedial Prefrontal Cortex (OMPFC) | Lateral Prefrontal Cortex,1,1,23b,11m,10m,1,1,1,Cingulate gyrus::23b + 23c + 24b' + 24c + 24c',Cingulate gyrus::23b + 23c + 24b' + 24c + 24c',Orbitomedial Prefrontal Cortex (OMPFC)::10m + 11m + 12m + 12o + 13b + 13l + 13m,Lateral Prefrontal Cortex::10o + 12l + 12r + 46d + 46v + 9d + 9m,1,1,1,low_resolution,training_n<8;nearest_centroid_corr>=0.95;fold_local_merged_confusion_group,23b | 23c | 24b' | 24c | 24c',low_resolution,23b | 23c | 24b' | 24c | 24c',35,13,34,hybrid_projected_network_logcpm_exact
top3_network_beam_local_region_candidates,20R509,NAcc,Subcortical,Subcortical | Hippocampal formation | Operculum/Insula,1,1,Cd,NAcc,pu,2,0,1,NAcc,Subcortical::Cd + pu,NAcc,Cla,2,0,1,low_resolution,training_n<8;nearest_centroid_corr>=0.95;fold_local_merged_confusion_group,Cd | pu,low_resolution,NAcc,21,12,34,hybrid_projected_network_logcpm_exact
top3_network_beam_local_region_candidates,20R613,10m,Orbitomedial Prefrontal Cortex (OMPFC),Orbitomedial Prefrontal Cortex (OMPFC) | Cingulate gyrus | Lateral Prefrontal Cortex,1,1,10o,11m,10m,3,0,1,Orbitomedial Prefrontal Cortex (OMPFC)::10m + 11m + 12m + 12o + 13b + 13l + 13m,Lateral Prefrontal Cortex::10o + 12l + 12r + 46d + 46v + 9d + 9m,Orbitomedial Prefrontal Cortex (OMPFC)::10m + 11m + 12m + 12o + 13b + 13l + 13m,Orbitomedial Prefrontal Cortex (OMPFC)::14c + 14r + 32,2,0,1,low_resolution,nearest_centroid_corr>=0.95;fold_local_merged_confusion_group,10o | 12l | 12r | 46d | 46v | 9d | 9m,low_resolution,10m | 11m | 12m | 12o | 13b | 13l | 13m,35,13,34,hybrid_projected_network_logcpm_exact
top3_network_beam_local_region_candidates,20R614,10o,Lateral Prefrontal Cortex,Orbitomedial Prefrontal Cortex (OMPFC) | Operculum/Insula | Lateral Prefrontal Cortex,0,1,10o,10m,12l,1,1,1,Lateral Prefrontal Cortex::10o + 12l + 12r + 46d + 46v + 9m,Lateral Prefrontal Cortex::10o + 12l + 12r + 46d + 46v + 9m,Orbitomedial Prefrontal Cortex (OMPFC)::10m + 11m + 13b + 14c + 14r + 32,Orbitomedial Prefrontal Cortex (OMPFC)::11l + 12m + 12o + 13l + 13m,1,1,1,low_resolution,nearest_centroid_corr>=0.95;fold_local_merged_confusion_group,10o | 12l | 12r | 46d | 46v | 9m,low_resolution,10o | 12l | 12r | 46d | 46v | 9m,37,10,34,hybrid_projected_network_logcpm_exact
top3_network_beam_local_region_candidates,20R615,V1,Occipital/Temporal,"Occipital/Temporal | Parietal, and Parieto-occipital region | Temporal",1,1,V1,V2,V3d,1,1,1,Occipital/Temporal::V1 + V2 + V3v + V4 + V4v,Occipital/Temporal::V1 + V2 + V3v + V4 + V4v,Occipital/Temporal::FST + MST + V3d,Temporal::A1 + CL + CM + IPa + ML + TPO + Tpt,1,1,1,low_resolution,training_n<8;nearest_centroid_corr>=0.95;fold_local_merged_confusion_group,V1 | V2 | V3v | V4 | V4v,low_resolution,V1 | V2 | V3v | V4 | V4v,45,16,34,hybrid_projected_network_logcpm_exact
top3_network_beam_local_region_candidates,20R619,TG,Temporal,Operculum/Insula | Orbitomedial Prefrontal Cortex (OMPFC) | Temporal,0,1,TG,Pi,TF,1,1,1,TG,TG,Operculum/Insula::Ia + Ial + Iapl + Iapm + Id + Pi,TF,1,1,1,low_resolution,training_n<8;nearest_centroid_corr>=0.95,TG,low_resolution,TG,50,19,34,hybrid_projected_network_logcpm_exact
top3_network_beam_local_region_candidates,20R620,TG,Temporal,Operculum/Insula | Temporal | Orbitomedial Prefrontal Cortex (OMPFC),0,1,TF,TG,Pi,2,0,1,TG,TF,TG,Operculum/Insula::Ia + Ial + Iapl + Iapm + Id + Pi,2,0,1,low_resolution,training_n<8;nearest_centroid_corr>=0.95,TF,low_resolution,TG,50,19,34,hybrid_projected_network_logcpm_exact
top3_network_beam_local_region_candidates,20R621,TG,Temporal,Operculum/Insula | Temporal | Orbitomedial Prefrontal Cortex (OMPFC),0,1,TF,TG,Pi,2,0,1,TG,TF,TG,Operculum/Insula::Ia + Ial + Iapl + Iapm + Id + Pi,2,0,1,low_resolution,training_n<8;nearest_centroid_corr>=0.95,TF,low_resolution,TG,50,19,34,hybrid_projected_network_logcpm_exact
top3_network_beam_local_region_candidates,20R623,10m,Orbitomedial Prefrontal Cortex (OMPFC),Orbitomedial Prefrontal Cortex (OMPFC) | Operculum/Insula | Lateral Prefrontal Cortex,1,1,10o,12l,10m,3,0,1,Orbitomedial Prefrontal Cortex (OMPFC)::10m + 11m + 13b + 14c + 14r + 32,Lateral Prefrontal Cortex::10o + 12l + 12r + 46d + 46v + 9m,Orbitomedial Prefrontal Cortex (OMPFC)::10m + 11m + 13b + 14c + 14r + 32,Orbitomedial Prefrontal Cortex (OMPFC)::11l + 12m + 12o + 13l + 13m,2,0,1,low_resolution,nearest_centroid_corr>=0.95;fold_local_merged_confusion_group,10o | 12l | 12r | 46d | 46v | 9m,low_resolution,10m | 11m | 13b | 14c | 14r | 32,37,10,34,hybrid_projected_network_logcpm_exact
top3_network_beam_local_region_candidates,20R624,10o,Lateral Prefrontal Cortex,Cingulate gyrus | Orbitomedial Prefrontal Cortex (OMPFC) | Lateral Prefrontal Cortex,0,1,10o,11m,10m,1,1,1,Lateral Prefrontal Cortex::10o + 12l + 12r + 46d + 46v + 9d + 9m,Lateral Prefrontal Cortex::10o + 12l + 12r + 46d + 46v + 9d + 9m,Orbitomedial Prefrontal Cortex (OMPFC)::10m + 11m + 12m + 12o + 13b + 13l + 13m,11l,1,1,1,low_resolution,nearest_centroid_corr>=0.95;fold_local_merged_confusion_group,10o | 12l | 12r | 46d | 46v | 9d | 9m,low_resolution,10o | 12l | 12r | 46d | 46v | 9d | 9m,35,13,34,hybrid_projected_network_logcpm_exact
top3_network_beam_local_region_candidates,20R625,V2,Occipital/Temporal,"Occipital/Temporal | Parietal, and Parieto-occipital region | Temporal",1,1,V4,7m,V4v,5,0,0,Occipital/Temporal::V1 + V2 + V3v + V4 + V4v,Occipital/Temporal::V1 + V2 + V3v + V4 + V4v,7m,TEO,1,1,1,low_resolution,training_n<8;nearest_centroid_corr>=0.95;fold_local_merged_confusion_group,V1 | V2 | V3v | V4 | V4v,low_resolution,V1 | V2 | V3v | V4 | V4v,45,16,34,hybrid_projected_network_logcpm_exact
top3_network_beam_local_region_candidates,20R636,F3,Frontal (agranular frontal motor areas),Frontal (agranular frontal motor areas) | Lateral Prefrontal Cortex | Cingulate gyrus,1,1,F1,F2,F3,3,0,1,Frontal (agranular frontal motor areas)::F1 + F2 + F3 + F5 + F6,Frontal (agranular frontal motor areas)::F1 + F2 + F3 + F5 + F6,Lateral Prefrontal Cortex::44 + 45 + 8A + 8Bd + 8Bs + 9d,F7,1,1,1,low_resolution,nearest_centroid_corr>=0.95;fold_local_merged_confusion_group,F1 | F2 | F3 | F5 | F6,low_resolution,F1 | F2 | F3 | F5 | F6,29,11,34,hybrid_projected_network_logcpm_exact
top3_network_beam_local_region_candidates,20R637,F2,Frontal (agranular frontal motor areas),Frontal (agranular frontal motor areas) | Lateral Prefrontal Cortex | Cingulate gyrus,1,1,F1,F2,44,2,0,1,Frontal (agranular frontal motor areas)::F1 + F2 + F3 + F5 + F6,Frontal (agranular frontal motor areas)::F1 + F2 + F3 + F5 + F6,Lateral Prefrontal Cortex::44 + 45 + 8A + 8Bd + 8Bs + 9d,F7,1,1,1,low_resolution,nearest_centroid_corr>=0.95;fold_local_merged_confusion_group,F1 | F2 | F3 | F5 | F6,low_resolution,F1 | F2 | F3 | F5 | F6,29,11,34,hybrid_projected_network_logcpm_exact
top3_network_beam_local_region_candidates,20R638,F1,Frontal (agranular frontal motor areas),"Frontal (agranular frontal motor areas) | Lateral Prefrontal Cortex | Parietal, and Parieto-occipital region",1,1,F1,F2,3a/b,1,1,1,Frontal (agranular frontal motor areas)::F1 + F2 + F3 + F5 + F6 + F7,Frontal (agranular frontal motor areas)::F1 + F2 + F3 + F5 + F6 + F7,3a/b,"Parietal, and Parieto-occipital region::1-2 + 5 + 7a + 7b + 7m + 7op + LIPv + VIP",1,1,1,low_resolution,nearest_centroid_corr>=0.95;fold_local_merged_confusion_group,F1 | F2 | F3 | F5 | F6 | F7,low_resolution,F1 | F2 | F3 | F5 | F6 | F7,30,9,34,hybrid_projected_network_logcpm_exact
top3_network_beam_local_region_candidates,20R639,1-2,"Parietal, and Parieto-occipital region","Parietal, and Parieto-occipital region | Temporal | Lateral Prefrontal Cortex",1,1,CL,TEO,5,17,0,0,"Parietal, and Parieto-occipital region::1-2 + 5 + 7a + 7b + 7op + LIPd + LIPv + VIP",Temporal::A1 + AL + CL + CM + ML + TPO + Tpt,Temporal::TEO + TEa,"Parietal, and Parieto-occipital region::1-2 + 5 + 7a + 7b + 7op + LIPd + LIPv + VIP",3,0,1,low_resolution,training_n<8;nearest_centroid_corr>=0.95;fold_local_merged_confusion_group,A1 | AL | CL | CM | ML | TPO | Tpt,low_resolution,1-2 | 5 | 7a | 7b | 7op | LIPd | LIPv | VIP,49,17,34,hybrid_projected_network_logcpm_exact
top3_network_beam_local_region_candidates,20R530,13a,Orbitomedial Prefrontal Cortex (OMPFC),Orbitomedial Prefrontal Cortex (OMPFC) | Cingulate gyrus | Lateral Prefrontal Cortex,1,1,13a,14r,13b,1,1,1,Orbitomedial Prefrontal Cortex (OMPFC)::13a + 14c + 14r + 25,Orbitomedial Prefrontal Cortex (OMPFC)::13a + 14c + 14r + 25,13b,11m,1,1,1,low_resolution,training_n<8;nearest_centroid_corr>=0.95;fold_local_merged_confusion_group,13a | 14c | 14r | 25,low_resolution,13a | 14c | 14r | 25,36,13,67,hybrid_projected_network_logcpm_exact
top3_network_beam_local_region_candidates,20R531,G,Operculum/Insula,"Parietal, and Parieto-occipital region | Temporal | Lateral Prefrontal Cortex",0,0,R,IPa,AL,111,0,0,outside_network_beam,Temporal::A1 + AL + CL + CM + ML + R + TPO + Tpt,IPa,Temporal::PGa + RTL + STG + TAa + TEa,111,0,0,low_resolution,nearest_centroid_corr>=0.95;fold_local_merged_confusion_group,A1 | AL | CL | CM | ML | R | TPO | Tpt,outside_network_beam,,50,16,67,hybrid_projected_network_logcpm_exact
top3_network_beam_local_region_candidates,20R532,Pir,Subcortical,Operculum/Insula | Orbitomedial Prefrontal Cortex (OMPFC) | Temporal,0,0,TFO,13l,13m,111,0,0,outside_network_beam,Temporal::TEO + TEad + TEav + TEm + TEpd + TEpv + TFO,Orbitomedial Prefrontal Cortex (OMPFC)::10m + 11l + 11m + 12m + 12o + 13l + 13m + 32,Orbitomedial Prefrontal Cortex (OMPFC)::13a + 13b + 14c + 14r + 25,111,0,0,low_resolution,nearest_centroid_corr>=0.95;fold_local_merged_confusion_group,TEO | TEad | TEav | TEm | TEpd | TEpv | TFO,outside_network_beam,,51,17,67,hybrid_projected_network_logcpm_exact
top3_network_beam_local_region_candidates,20R533,24a,Cingulate gyrus,Cingulate gyrus | Orbitomedial Prefrontal Cortex (OMPFC) | Lateral Prefrontal Cortex,1,1,24a',24b',23b,23,0,0,24a,Cingulate gyrus::23b + 23c + 24a' + 24b' + 24c',Cingulate gyrus::24b + 24c,11m,12,0,0,low_resolution,training_n<8;nearest_centroid_corr>=0.95;fold_local_merged_confusion_group,23b | 23c | 24a' | 24b' | 24c',low_resolution,24a,36,13,67,hybrid_projected_network_logcpm_exact
top3_network_beam_local_region_candidates,20R534,V3d,Occipital/Temporal,"Occipital/Temporal | Parietal, and Parieto-occipital region | Temporal",1,1,V3d,MST,FST,1,1,1,V3d,V3d,Occipital/Temporal::FST + MST,Occipital/Temporal::V1 + V2 + V3v,1,1,1,low_resolution,training_n<8;nearest_centroid_corr>=0.95,V3d,low_resolution,V3d,46,20,67,hybrid_projected_network_logcpm_exact
top3_network_beam_local_region_candidates,20R535,13a,Orbitomedial Prefrontal Cortex (OMPFC),Lateral Prefrontal Cortex | Cingulate gyrus | Orbitomedial Prefrontal Cortex (OMPFC),0,1,11m,13b,14r,8,0,0,Orbitomedial Prefrontal Cortex (OMPFC)::13a + 14c + 14r + 25,11m,13b,Orbitomedial Prefrontal Cortex (OMPFC)::13a + 14c + 14r + 25,3,0,1,low_resolution,training_n<8;nearest_centroid_corr>=0.95,11m,low_resolution,13a | 14c | 14r | 25,36,13,67,hybrid_projected_network_logcpm_exact
top3_network_beam_local_region_candidates,20R536,F2,Frontal (agranular frontal motor areas),"Frontal (agranular frontal motor areas) | Lateral Prefrontal Cortex | Parietal, and Parieto-occipital region",1,1,F1,F2,VIP,2,0,1,Frontal (agranular frontal motor areas)::F1 + F2,Frontal (agranular frontal motor areas)::F1 + F2,"Parietal, and Parieto-occipital region::1-2 + 5 + 7a + 7b + 7op + LIPd + LIPv + VIP",3a/b,1,1,1,low_resolution,nearest_centroid_corr>=0.95;fold_local_merged_confusion_group,F1 | F2,low_resolution,F1 | F2,30,10,67,hybrid_projected_network_logcpm_exact
top3_network_beam_local_region_candidates,20R537,F3,Frontal (agranular frontal motor areas),Frontal (agranular frontal motor areas) | Lateral Prefrontal Cortex | Cingulate gyrus,1,1,F3,8Bs,44,1,1,1,Frontal (agranular frontal motor areas)::F3 + F6 + F7,Frontal (agranular frontal motor areas)::F3 + F6 + F7,Lateral Prefrontal Cortex::44 + 45 + 8A + 8Bd + 8Bm + 8Bs + 9d + 9m,Frontal (agranular frontal motor areas)::F1 + F2,1,1,1,low_resolution,nearest_centroid_corr>=0.95;fold_local_merged_confusion_group,F3 | F6 | F7,low_resolution,F3 | F6 | F7,30,11,67,hybrid_projected_network_logcpm_exact
top3_network_beam_local_region_candidates,20R538,F3,Frontal (agranular frontal motor areas),Frontal (agranular frontal motor areas) | Lateral Prefrontal Cortex | Cingulate gyrus,1,1,F1,F3,F2,2,0,1,Frontal (agranular frontal motor areas)::F3 + F6 + F7,Frontal (agranular frontal motor areas)::F1 + F2,Frontal (agranular frontal motor areas)::F3 + F6 + F7,Lateral Prefrontal Cortex::44 + 45 + 8A + 8Bd + 8Bm + 8Bs + 9d + 9m,2,0,1,low_resolution,nearest_centroid_corr>=0.95;fold_local_merged_confusion_group,F1 | F2,low_resolution,F3 | F6 | F7,30,11,67,hybrid_projected_network_logcpm_exact
top3_network_beam_local_region_candidates,20R539,F6,Frontal (agranular frontal motor areas),Frontal (agranular frontal motor areas) | Lateral Prefrontal Cortex | Cingulate gyrus,1,1,F3,F2,8Bs,13,0,0,Frontal (agranular frontal motor areas)::F3 + F6 + F7,Frontal (agranular frontal motor areas)::F3 + F6 + F7,Frontal (agranular frontal motor areas)::F1 + F2,Lateral Prefrontal Cortex::44 + 45 + 8A + 8Bd + 8Bm + 8Bs + 9d + 9m,1,1,1,low_resolution,nearest_centroid_corr>=0.95;fold_local_merged_confusion_group,F3 | F6 | F7,low_resolution,F3 | F6 | F7,30,11,67,hybrid_projected_network_logcpm_exact
top3_network_beam_local_region_candidates,20R540,F7,Frontal (agranular frontal motor areas),Frontal (agranular frontal motor areas) | Lateral Prefrontal Cortex | Cingulate gyrus,1,1,F2,8Bs,F3,6,0,0,Frontal (agranular frontal motor areas)::F3 + F6 + F7,Frontal (agranular frontal motor areas)::F1 + F2,Lateral Prefrontal Cortex::44 + 45 + 8A + 8Bd + 8Bm + 8Bs + 9d + 9m,Frontal (agranular frontal motor areas)::F3 + F6 + F7,3,0,1,low_resolution,nearest_centroid_corr>=0.95;fold_local_merged_confusion_group,F1 | F2,low_resolution,F3 | F6 | F7,30,11,67,hybrid_projected_network_logcpm_exact
top3_network_beam_local_region_candidates,20R511,Ia,Operculum/Insula,Operculum/Insula | Orbitomedial Prefrontal Cortex (OMPFC) | Temporal,1,1,Iapl,Id,RTM,5,0,0,Operculum/Insula::Ia + Ial + Iapm + Pi,Operculum/Insula::G + Iapl + Id + Ig + Ri + SII,Temporal::RM + RT + RTM,Operculum/Insula::Ia + Ial + Iapm + Pi,3,0,1,low_resolution,nearest_centroid_corr>=0.95;fold_local_merged_confusion_group,G | Iapl | Id | Ig | Ri | SII,low_resolution,Ia | Ial | Iapm | Pi,51,17,79,hybrid_projected_network_logcpm_exact
top3_network_beam_local_region_candidates,20R512,Amy,Subcortical,Hippocampal formation | Operculum/Insula | Orbitomedial Prefrontal Cortex (OMPFC),0,0,HC,Ia,25,111,0,0,outside_network_beam,HC,Operculum/Insula::Ia + Ial + Iapm + Pi,Orbitomedial Prefrontal Cortex (OMPFC)::13a + 14c + 25,111,0,0,high_resolution,,HC,outside_network_beam,,25,9,79,hybrid_projected_network_logcpm_exact
top3_network_beam_local_region_candidates,20R513,24c',Cingulate gyrus,Cingulate gyrus | Lateral Prefrontal Cortex | Frontal (agranular frontal motor areas),1,1,8Bd,F6,8Bm,11,0,0,24c',Lateral Prefrontal Cortex::44 + 45 + 8A + 8Bd + 8Bm + 8Bs + 9d + 9m,F6,F7,7,0,0,low_resolution,nearest_centroid_corr>=0.95;fold_local_merged_confusion_group,44 | 45 | 8A | 8Bd | 8Bm | 8Bs | 9d | 9m,low_resolution,24c',29,13,79,hybrid_projected_network_logcpm_exact
top3_network_beam_local_region_candidates,20R514,NAcc,Subcortical,Subcortical | Hippocampal formation | Operculum/Insula,1,1,NAcc,Cla,Cd,1,1,1,Subcortical::Cd + NAcc + pu,Subcortical::Cd + NAcc + pu,Cla,GP,1,1,1,low_resolution,training_n<8;nearest_centroid_corr>=0.95;fold_local_merged_confusion_group,Cd | NAcc | pu,low_resolution,Cd | NAcc | pu,21,12,79,hybrid_projected_network_logcpm_exact
top3_network_beam_local_region_candidates,20R515,NAcc,Subcortical,Subcortical | Hippocampal formation | Operculum/Insula,1,1,NAcc,Cd,pu,1,1,1,Subcortical::Cd + NAcc + pu,Subcortical::Cd + NAcc + pu,Cla,GP,1,1,1,low_resolution,training_n<8;nearest_centroid_corr>=0.95;fold_local_merged_confusion_group,Cd | NAcc | pu,low_resolution,Cd | NAcc | pu,21,12,79,hybrid_projected_network_logcpm_exact
top3_network_beam_local_region_candidates,20R516,13m,Orbitomedial Prefrontal Cortex (OMPFC),Orbitomedial Prefrontal Cortex (OMPFC) | Lateral Prefrontal Cortex | Cingulate gyrus,1,1,13l,13m,11l,2,0,1,Orbitomedial Prefrontal Cortex (OMPFC)::11l + 12m + 12o + 13l + 13m,Orbitomedial Prefrontal Cortex (OMPFC)::11l + 12m + 12o + 13l + 13m,11m,Lateral Prefrontal Cortex::10o + 12l + 12r + 46d + 46v,1,1,1,low_resolution,nearest_centroid_corr>=0.95;fold_local_merged_confusion_group,11l | 12m | 12o | 13l | 13m,low_resolution,11l | 12m | 12o | 13l | 13m,35,15,79,hybrid_projected_network_logcpm_exact
top3_network_beam_local_region_candidates,20R517,13a,Orbitomedial Prefrontal Cortex (OMPFC),Orbitomedial Prefrontal Cortex (OMPFC) | Operculum/Insula | Cingulate gyrus,1,1,13a,Iapl,Id,1,1,1,Orbitomedial Prefrontal Cortex (OMPFC)::10m + 13a + 13b + 14c + 14r + 25 + 32,Orbitomedial Prefrontal Cortex (OMPFC)::10m + 13a + 13b + 14c + 14r + 25 + 32,Operculum/Insula::G + Iapl + Id + Ig + PrCO + Ri + SII,Cingulate gyrus::24b + 24c,1,1,1,low_resolution,training_n<8;nearest_centroid_corr>=0.95;fold_local_merged_confusion_group,10m | 13a | 13b | 14c | 14r | 25 | 32,low_resolution,10m | 13a | 13b | 14c | 14r | 25 | 32,33,10,79,hybrid_projected_network_logcpm_exact
top3_network_beam_local_region_candidates,20R518,GP,Subcortical,Subcortical | Hippocampal formation | Operculum/Insula,1,1,GP,Tha,Cla,1,1,1,GP,GP,Tha,Cla,1,1,1,high_resolution,,GP,high_resolution,GP,21,12,79,hybrid_projected_network_logcpm_exact
top3_network_beam_local_region_candidates,20R519,Amy,Subcortical,Hippocampal formation | Operculum/Insula | Orbitomedial Prefrontal Cortex (OMPFC),0,0,HC,25,Ia,111,0,0,outside_network_beam,HC,Orbitomedial Prefrontal Cortex (OMPFC)::13a + 14c + 25,Operculum/Insula::Ia + Ial + Iapm + Pi,111,0,0,high_resolution,,HC,outside_network_beam,,25,9,79,hybrid_projected_network_logcpm_exact
top3_network_beam_local_region_candidates,20R520,24b',Cingulate gyrus,Cingulate gyrus | Lateral Prefrontal Cortex | Frontal (agranular frontal motor areas),1,1,F6,23c,8Bm,27,0,0,24b',F6,Cingulate gyrus::23b + 23c + 24a',Lateral Prefrontal Cortex::44 + 45 + 8A + 8Bd + 8Bm + 8Bs + 9d + 9m,13,0,0,low_resolution,nearest_centroid_corr>=0.95,F6,low_resolution,24b',29,13,79,hybrid_projected_network_logcpm_exact
top3_network_beam_local_region_candidates,20R521,MST,Occipital/Temporal,"Occipital/Temporal | Parietal, and Parieto-occipital region | Temporal",1,1,V3d,FST,MST,3,0,1,Occipital/Temporal::FST + MST,Occipital/Temporal::V1 + V2 + V3d + V3v,Occipital/Temporal::FST + MST,"Parietal, and Parieto-occipital region::1-2 + 5 + 7a + 7b + 7op + LIPd + LIPv + VIP",2,0,1,low_resolution,training_n<8;nearest_centroid_corr>=0.95;fold_local_merged_confusion_group,V1 | V2 | V3d | V3v,low_resolution,FST | MST,46,19,79,hybrid_projected_network_logcpm_exact
top3_network_beam_local_region_candidates,20R522,FST,Occipital/Temporal,"Occipital/Temporal | Parietal, and Parieto-occipital region | Temporal",1,1,V3d,FST,MST,2,0,1,Occipital/Temporal::FST + MST,Occipital/Temporal::V1 + V2 + V3d + V3v,Occipital/Temporal::FST + MST,"Parietal, and Parieto-occipital region::1-2 + 5 + 7a + 7b + 7op + LIPd + LIPv + VIP",2,0,1,low_resolution,training_n<8;nearest_centroid_corr>=0.95;fold_local_merged_confusion_group,V1 | V2 | V3d | V3v,low_resolution,FST | MST,46,19,79,hybrid_projected_network_logcpm_exact
top3_network_beam_local_region_candidates,20R525,CL,Temporal,"Parietal, and Parieto-occipital region | Temporal | Occipital/Temporal",0,1,LIPd,3a/b,LIPv,6,0,0,Temporal::A1 + CL + CM + IPa + ML + TPO + Tpt,"Parietal, and Parieto-occipital region::1-2 + 5 + 7a + 7b + 7op + LIPd + LIPv + VIP",3a/b,7m,4,0,0,low_resolution,nearest_centroid_corr>=0.95;fold_local_merged_confusion_group,1-2 | 5 | 7a | 7b | 7op | LIPd | LIPv | VIP,low_resolution,A1 | CL | CM | IPa | ML | TPO | Tpt,46,19,79,hybrid_projected_network_logcpm_exact
top3_network_beam_local_region_candidates,20R526,23b,Cingulate gyrus,"Parietal, and Parieto-occipital region | Lateral Prefrontal Cortex | Temporal",0,0,7op,7a,7b,111,0,0,outside_network_beam,"Parietal, and Parieto-occipital region::1-2 + 5 + 7a + 7b + 7op + LIPd + LIPv + VIP",Lateral Prefrontal Cortex::8A + 8Bd + 8Bm + 8Bs + 9d + 9m,Temporal::IPa + ML + TPO + Tpt,111,0,0,low_resolution,nearest_centroid_corr>=0.95;fold_local_merged_confusion_group,1-2 | 5 | 7a | 7b | 7op | LIPd | LIPv | VIP,outside_network_beam,,50,17,79,hybrid_projected_network_logcpm_exact
top3_network_beam_local_region_candidates,20R528,V3d,Occipital/Temporal,"Occipital/Temporal | Parietal, and Parieto-occipital region | Temporal",1,1,V3d,MST,FST,1,1,1,Occipital/Temporal::V1 + V2 + V3d + V3v,Occipital/Temporal::V1 + V2 + V3d + V3v,Occipital/Temporal::FST + MST,"Parietal, and Parieto-occipital region::1-2 + 5 + 7a + 7b + 7op + LIPd + LIPv + VIP",1,1,1,low_resolution,training_n<8;nearest_centroid_corr>=0.95;fold_local_merged_confusion_group,V1 | V2 | V3d | V3v,low_resolution,V1 | V2 | V3d | V3v,46,19,79,hybrid_projected_network_logcpm_exact
top3_network_beam_local_region_candidates,20R529,ML,Temporal,"Parietal, and Parieto-occipital region | Occipital/Temporal | Temporal",0,1,FST,A1,VIP,19,0,0,Temporal::A1 + CL + CM + IPa + ML + TPO + Tpt,Occipital/Temporal::FST + MST,Temporal::A1 + CL + CM + IPa + ML + TPO + Tpt,"Parietal, and Parieto-occipital region::1-2 + 5 + 7a + 7b + 7op + LIPd + LIPv + VIP",2,0,1,low_resolution,training_n<8;nearest_centroid_corr>=0.95;fold_local_merged_confusion_group,FST | MST,low_resolution,A1 | CL | CM | IPa | ML | TPO | Tpt,46,19,79,hybrid_projected_network_logcpm_exact
top3_network_beam_local_region_candidates,19R416,F6,Frontal (agranular frontal motor areas),Orbitomedial Prefrontal Cortex (OMPFC) | Operculum/Insula | Cingulate gyrus,0,0,Iapl,Id,Ial,111,0,0,outside_network_beam,Operculum/Insula::G + Iapl + Id + Ig + PrCO + SII,Operculum/Insula::Ial + Pi,Operculum/Insula::Ia + Iapm,111,0,0,low_resolution,nearest_centroid_corr>=0.95;fold_local_merged_confusion_group,G | Iapl | Id | Ig | PrCO | SII,outside_network_beam,,34,14,92,hybrid_projected_network_logcpm_exact
top3_network_beam_local_region_candidates,19R421,F2,Frontal (agranular frontal motor areas),"Frontal (agranular frontal motor areas) | Lateral Prefrontal Cortex | Parietal, and Parieto-occipital region",1,1,F3,F1,F2,3,0,1,Frontal (agranular frontal motor areas)::F1 + F2 + F3 + F6 + F7,Frontal (agranular frontal motor areas)::F1 + F2 + F3 + F6 + F7,Lateral Prefrontal Cortex::44 + 45 + 8A + 8Bd + 8Bm + 8Bs,"Parietal, and Parieto-occipital region::1-2 + 5 + 7a + 7b + 7op + LIPd + LIPv + VIP",1,1,1,low_resolution,nearest_centroid_corr>=0.95;fold_local_merged_confusion_group,F1 | F2 | F3 | F6 | F7,low_resolution,F1 | F2 | F3 | F6 | F7,30,9,92,hybrid_projected_network_logcpm_exact
top3_network_beam_local_region_candidates,19R422,F1,Frontal (agranular frontal motor areas),"Occipital/Temporal | Parietal, and Parieto-occipital region | Lateral Prefrontal Cortex",0,0,3a/b,FST,VIP,111,0,0,outside_network_beam,3a/b,Occipital/Temporal::FST + MST + V3d,"Parietal, and Parieto-occipital region::1-2 + 5 + 7a + 7b + 7op + LIPd + LIPv + VIP",111,0,0,low_resolution,nearest_centroid_corr>=0.95,3a/b,outside_network_beam,,32,11,92,hybrid_projected_network_logcpm_exact
top3_network_beam_local_region_candidates,19R423,Cd,Subcortical,Subcortical | Hippocampal formation | Operculum/Insula,1,1,Cd,pu,NAcc,1,1,1,Subcortical::Cd + NAcc + pu,Subcortical::Cd + NAcc + pu,GP,Amy,1,1,1,low_resolution,training_n<8;nearest_centroid_corr>=0.95;fold_local_merged_confusion_group,Cd | NAcc | pu,low_resolution,Cd | NAcc | pu,20,10,92,hybrid_projected_network_logcpm_exact
top3_network_beam_local_region_candidates,19R425,3a/b,"Parietal, and Parieto-occipital region","Parietal, and Parieto-occipital region | Occipital/Temporal | Lateral Prefrontal Cortex",1,1,LIPv,VIP,MST,6,0,0,3a/b,"Parietal, and Parieto-occipital region::1-2 + 5 + 7a + 7b + 7op + LIPd + LIPv + VIP",Occipital/Temporal::FST + MST + V3d,3a/b,3,0,1,low_resolution,nearest_centroid_corr>=0.95;fold_local_merged_confusion_group,1-2 | 5 | 7a | 7b | 7op | LIPd | LIPv | VIP,low_resolution,3a/b,32,11,92,hybrid_projected_network_logcpm_exact
top3_network_beam_local_region_candidates,19R426,1-2,"Parietal, and Parieto-occipital region","Parietal, and Parieto-occipital region | Temporal | Lateral Prefrontal Cortex",1,1,7op,7a,7b,10,0,0,1-2,"Parietal, and Parieto-occipital region::5 + 7a + 7b + 7op + LIPd + LIPv + VIP",Temporal::A1 + CL + CM + ML + TPO,IPa,7,0,0,low_resolution,training_n<8;nearest_centroid_corr>=0.95;fold_local_merged_confusion_group,5 | 7a | 7b | 7op | LIPd | LIPv | VIP,low_resolution,1-2,50,18,92,hybrid_projected_network_logcpm_exact
top3_network_beam_local_region_candidates,19R428,TEad,Temporal,Temporal | Occipital/Temporal | Operculum/Insula,1,1,TAa,TEav,TEpv,5,0,0,TEad,Temporal::PGa + TAa + TEa + TEav,TEpv,Operculum/Insula::G + Iapl + Id + Ig + PrCO + SII,4,0,0,low_resolution,training_n<8;nearest_centroid_corr>=0.95;fold_local_merged_confusion_group,PGa | TAa | TEa | TEav,low_resolution,TEad,47,19,92,hybrid_projected_network_logcpm_exact
top3_network_beam_local_region_candidates,19R429,TEav,Temporal,Temporal | Operculum/Insula | Orbitomedial Prefrontal Cortex (OMPFC),1,1,Pi,RTM,Iapl,13,0,0,Temporal::RTL + STG + TEav,Operculum/Insula::Ia + Ial + Iapm + Pi,Temporal::RT + RTM,Operculum/Insula::G + Iapl + Id + Ig + PrCO + SII,6,0,0,low_resolution,training_n<8;nearest_centroid_corr>=0.95;fold_local_merged_confusion_group,Ia | Ial | Iapm | Pi,low_resolution,RTL | STG | TEav,51,22,92,hybrid_projected_network_logcpm_exact
top3_network_beam_local_region_candidates,19R432,V4,Occipital/Temporal,"Occipital/Temporal | Parietal, and Parieto-occipital region | Temporal",1,1,FST,V3v,MST,6,0,0,Occipital/Temporal::V4 + V4v,Occipital/Temporal::FST + MST + V1 + V2 + V3d + V3v,"Parietal, and Parieto-occipital region::5 + LIPd + LIPv + VIP",Occipital/Temporal::V4 + V4v,3,0,1,low_resolution,nearest_centroid_corr>=0.95;fold_local_merged_confusion_group,FST | MST | V1 | V2 | V3d | V3v,low_resolution,V4 | V4v,46,17,92,hybrid_projected_network_logcpm_exact
top3_network_beam_local_region_candidates,19R461,5,"Parietal, and Parieto-occipital region","Parietal, and Parieto-occipital region | Lateral Prefrontal Cortex | Occipital/Temporal",1,1,7m,5,7op,2,0,1,"Parietal, and Parieto-occipital region::1-2 + 5 + 7a + 7b + 7op + LIPd + LIPv + VIP",7m,"Parietal, and Parieto-occipital region::1-2 + 5 + 7a + 7b + 7op + LIPd + LIPv + VIP",3a/b,2,0,1,low_resolution,training_n<8;nearest_centroid_corr>=0.95,7m,low_resolution,1-2 | 5 | 7a | 7b | 7op | LIPd | LIPv | VIP,32,11,92,hybrid_projected_network_logcpm_exact
top3_network_beam_local_region_candidates,19R462,7a,"Parietal, and Parieto-occipital region","Parietal, and Parieto-occipital region | Lateral Prefrontal Cortex | Occipital/Temporal",1,1,7a,1-2,7op,1,1,1,"Parietal, and Parieto-occipital region::1-2 + 5 + 7a + 7b + 7op + LIPd + LIPv + VIP","Parietal, and Parieto-occipital region::1-2 + 5 + 7a + 7b + 7op + LIPd + LIPv + VIP",7m,Lateral Prefrontal Cortex::10o + 12l + 12r + 45 + 8A + 8Bd + 8Bm + 8Bs,1,1,1,low_resolution,nearest_centroid_corr>=0.95;fold_local_merged_confusion_group,1-2 | 5 | 7a | 7b | 7op | LIPd | LIPv | VIP,low_resolution,1-2 | 5 | 7a | 7b | 7op | LIPd | LIPv | VIP,32,11,92,hybrid_projected_network_logcpm_exact
top3_network_beam_local_region_candidates,19R464,TPO,Temporal,"Parietal, and Parieto-occipital region | Occipital/Temporal | Lateral Prefrontal Cortex",0,0,7m,V4v,5,111,0,0,outside_network_beam,7m,Occipital/Temporal::V4 + V4v,"Parietal, and Parieto-occipital region::1-2 + 5 + 7a + 7b + 7op + LIPd + LIPv + VIP",111,0,0,low_resolution,training_n<8;nearest_centroid_corr>=0.95,7m,outside_network_beam,,32,11,92,hybrid_projected_network_logcpm_exact
top3_network_beam_local_region_candidates,19R465,TFO,Temporal,Operculum/Insula | Temporal | Orbitomedial Prefrontal Cortex (OMPFC),0,1,TF,36c,TFO,3,0,1,Temporal::TEpv + TFO + Tpt,TF,36c,Temporal::TEpv + TFO + Tpt,3,0,1,low_resolution,training_n<8;nearest_centroid_corr>=0.95,TF,low_resolution,TEpv | TFO | Tpt,51,22,92,hybrid_projected_network_logcpm_exact
top3_network_beam_local_region_candidates,19R466,TEO,Temporal,"Occipital/Temporal | Parietal, and Parieto-occipital region | Temporal",0,1,V4,V3v,TEO,3,0,1,Temporal::AL + PGa + R + TAa + TEO + TEa + TEm + TEpd,Occipital/Temporal::V4 + V4v,Occipital/Temporal::FST + MST + V1 + V2 + V3d + V3v,Temporal::AL + PGa + R + TAa + TEO + TEa + TEm + TEpd,3,0,1,low_resolution,training_n<8;nearest_centroid_corr>=0.95;fold_local_merged_confusion_group,V4 | V4v,low_resolution,AL | PGa | R | TAa | TEO | TEa | TEm | TEpd,46,17,92,hybrid_projected_network_logcpm_exact
top3_network_beam_local_region_candidates,19R467,V1,Occipital/Temporal,"Occipital/Temporal | Parietal, and Parieto-occipital region | Temporal",1,1,V2,V3v,FST,19,0,0,Occipital/Temporal::FST + MST + V1 + V2 + V3d + V3v,Occipital/Temporal::FST + MST + V1 + V2 + V3d + V3v,Occipital/Temporal::V4 + V4v,"Parietal, and Parieto-occipital region::5 + LIPd + LIPv + VIP",1,1,1,low_resolution,nearest_centroid_corr>=0.95;fold_local_merged_confusion_group,FST | MST | V1 | V2 | V3d | V3v,low_resolution,FST | MST | V1 | V2 | V3d | V3v,46,17,92,hybrid_projected_network_logcpm_exact
top3_network_beam_local_region_candidates,19R468,V2,Occipital/Temporal,"Occipital/Temporal | Parietal, and Parieto-occipital region | Temporal",1,1,7m,V4v,ML,19,0,0,Occipital/Temporal::FST + MST + V1 + V2 + V3d + V3v,"Parietal, and Parieto-occipital region::1-2 + 7a + 7b + 7m + 7op",Occipital/Temporal::V4 + V4v,Temporal::A1 + CL + CM + ML + TPO,6,0,0,low_resolution,training_n<8;nearest_centroid_corr>=0.95;fold_local_merged_confusion_group,1-2 | 7a | 7b | 7m | 7op,low_resolution,FST | MST | V1 | V2 | V3d | V3v,46,17,92,hybrid_projected_network_logcpm_exact
top3_network_beam_local_region_candidates,19R469,V3v,Occipital/Temporal,"Parietal, and Parieto-occipital region | Lateral Prefrontal Cortex | Occipital/Temporal",0,1,7m,5,7op,20,0,0,Occipital/Temporal::V1 + V2 + V3v,7m,"Parietal, and Parieto-occipital region::1-2 + 5 + 7a + 7b + 7op + LIPd + LIPv + VIP",Lateral Prefrontal Cortex::10o + 12l + 12r + 45 + 8A + 8Bd + 8Bm + 8Bs,8,0,0,low_resolution,training_n<8;nearest_centroid_corr>=0.95,7m,low_resolution,V1 | V2 | V3v,32,11,92,hybrid_projected_network_logcpm_exact
top3_network_beam_local_region_candidates,19R470,V2,Occipital/Temporal,"Occipital/Temporal | Parietal, and Parieto-occipital region | Temporal",1,1,V4v,TEpd,7m,24,0,0,Occipital/Temporal::FST + MST + V1 + V2 + V3d + V3v,Occipital/Temporal::V4 + V4v,Temporal::AL + PGa + R + TAa + TEO + TEa + TEm + TEpd,"Parietal, and Parieto-occipital region::1-2 + 7a + 7b + 7m + 7op",8,0,0,low_resolution,training_n<8;nearest_centroid_corr>=0.95;fold_local_merged_confusion_group,V4 | V4v,low_resolution,FST | MST | V1 | V2 | V3d | V3v,46,17,92,hybrid_projected_network_logcpm_exact
top3_network_beam_local_region_candidates,19R471,F1,Frontal (agranular frontal motor areas),"Frontal (agranular frontal motor areas) | Parietal, and Parieto-occipital region | Lateral Prefrontal Cortex",1,1,F1,F2,3a/b,1,1,1,Frontal (agranular frontal motor areas)::F1 + F2 + F3 + F6 + F7,Frontal (agranular frontal motor areas)::F1 + F2 + F3 + F6 + F7,3a/b,"Parietal, and Parieto-occipital region::1-2 + 5 + 7a + 7b + 7op + LIPd + LIPv + VIP",1,1,1,low_resolution,nearest_centroid_corr>=0.95;fold_local_merged_confusion_group,F1 | F2 | F3 | F6 | F7,low_resolution,F1 | F2 | F3 | F6 | F7,30,9,92,hybrid_projected_network_logcpm_exact
top3_network_beam_local_region_candidates,19R472,V2,Occipital/Temporal,"Occipital/Temporal | Parietal, and Parieto-occipital region | Temporal",1,1,V1,V2,V3d,2,0,1,Occipital/Temporal::FST + MST + V1 + V2 + V3d + V3v,Occipital/Temporal::FST + MST + V1 + V2 + V3d + V3v,Temporal::A1 + CL + CM + ML + TPO,MT,1,1,1,low_resolution,training_n<8;nearest_centroid_corr>=0.95;fold_local_merged_confusion_group,FST | MST | V1 | V2 | V3d | V3v,low_resolution,FST | MST | V1 | V2 | V3d | V3v,46,17,92,hybrid_projected_network_logcpm_exact
top3_network_beam_local_region_candidates,19R495,9m,Lateral Prefrontal Cortex,Orbitomedial Prefrontal Cortex (OMPFC) | Cingulate gyrus | Lateral Prefrontal Cortex,0,1,13m,13l,12o,11,0,0,Lateral Prefrontal Cortex::44 + 45 + 8A + 8Bd + 8Bm + 8Bs + 9m,Orbitomedial Prefrontal Cortex (OMPFC)::11l + 11m + 12m + 12o + 13b + 13l + 13m,Lateral Prefrontal Cortex::10o + 12l + 12r + 46d + 46v + 9d,Cingulate gyrus::23b + 23c + 24c',4,0,0,low_resolution,training_n<8;nearest_centroid_corr>=0.95;fold_local_merged_confusion_group,11l | 11m | 12m | 12o | 13b | 13l | 13m,low_resolution,44 | 45 | 8A | 8Bd | 8Bm | 8Bs | 9m,36,15,92,hybrid_projected_network_logcpm_exact
top3_network_beam_local_region_candidates,19R496,9d,Lateral Prefrontal Cortex,"Parietal, and Parieto-occipital region | Lateral Prefrontal Cortex | Frontal (agranular frontal motor areas)",0,1,8Bs,8A,44,22,0,0,9d,Lateral Prefrontal Cortex::44 + 45 + 8A + 8Bd + 8Bm + 8Bs,"Parietal, and Parieto-occipital region::1-2 + 5 + 7a + 7b + 7op + LIPd + LIPv + VIP",3a/b,7,0,0,low_resolution,nearest_centroid_corr>=0.95;fold_local_merged_confusion_group,44 | 45 | 8A | 8Bd | 8Bm | 8Bs,low_resolution,9d,30,9,92,hybrid_projected_network_logcpm_exact
top3_network_beam_local_region_candidates,19R497,46d,Lateral Prefrontal Cortex,"Lateral Prefrontal Cortex | Parietal, and Parieto-occipital region | Frontal (agranular frontal motor areas)",1,1,44,8Bs,LIPd,24,0,0,Lateral Prefrontal Cortex::10o + 12l + 12r + 46d + 46v + 9m,Lateral Prefrontal Cortex::44 + 45 + 8A + 8Bd + 8Bm + 8Bs,"Parietal, and Parieto-occipital region::1-2 + 5 + 7a + 7b + 7op + LIPd + LIPv + VIP",7m,8,0,0,low_resolution,training_n<8;nearest_centroid_corr>=0.95;fold_local_merged_confusion_group,44 | 45 | 8A | 8Bd | 8Bm | 8Bs,low_resolution,10o | 12l | 12r | 46d | 46v | 9m,30,9,92,hybrid_projected_network_logcpm_exact
top3_network_beam_local_region_candidates,19R498,12l,Lateral Prefrontal Cortex,Frontal (agranular frontal motor areas) | Lateral Prefrontal Cortex | Cingulate gyrus,0,1,8Bd,F6,F7,21,0,0,Lateral Prefrontal Cortex::10o + 12l + 12r + 46d + 46v + 9d,Lateral Prefrontal Cortex::44 + 45 + 8A + 8Bd + 8Bm + 8Bs + 9m,Frontal (agranular frontal motor areas)::F1 + F2 + F3 + F4 + F6 + F7,Lateral Prefrontal Cortex::10o + 12l + 12r + 46d + 46v + 9d,3,0,1,low_resolution,nearest_centroid_corr>=0.95;fold_local_merged_confusion_group,44 | 45 | 8A | 8Bd | 8Bm | 8Bs | 9m,low_resolution,10o | 12l | 12r | 46d | 46v | 9d,30,9,92,hybrid_projected_network_logcpm_exact
top3_network_beam_local_region_candidates,19R499,11m,Orbitomedial Prefrontal Cortex (OMPFC),Operculum/Insula | Orbitomedial Prefrontal Cortex (OMPFC) | Cingulate gyrus,0,1,32,Ial,24c,31,0,0,Orbitomedial Prefrontal Cortex (OMPFC)::11l + 11m + 12m + 12o + 13l + 13m,Orbitomedial Prefrontal Cortex (OMPFC)::10m + 13b + 32,Operculum/Insula::Ial + Pi,Cingulate gyrus::23b + 23c + 24b + 24b' + 24c + 24c',10,0,0,low_resolution,training_n<8;nearest_centroid_corr>=0.95;fold_local_merged_confusion_group,10m | 13b | 32,low_resolution,11l | 11m | 12m | 12o | 13l | 13m,34,14,92,hybrid_projected_network_logcpm_exact
top3_network_beam_local_region_candidates,19R500,11l,Orbitomedial Prefrontal Cortex (OMPFC),Operculum/Insula | Orbitomedial Prefrontal Cortex (OMPFC) | Cingulate gyrus,0,1,32,24b,24b',27,0,0,Orbitomedial Prefrontal Cortex (OMPFC)::11l + 11m + 12m + 12o + 13l + 13m,Orbitomedial Prefrontal Cortex (OMPFC)::10m + 13b + 32,Cingulate gyrus::23b + 23c + 24b + 24b' + 24c + 24c',Orbitomedial Prefrontal Cortex (OMPFC)::13a + 14c,8,0,0,low_resolution,training_n<8;nearest_centroid_corr>=0.95;fold_local_merged_confusion_group,10m | 13b | 32,low_resolution,11l | 11m | 12m | 12o | 13l | 13m,34,14,92,hybrid_projected_network_logcpm_exact
top3_network_beam_local_region_candidates,19R501,F4,Frontal (agranular frontal motor areas),"Parietal, and Parieto-occipital region | Lateral Prefrontal Cortex | Temporal",0,0,ML,1-2,3a/b,111,0,0,outside_network_beam,Temporal::A1 + CL + CM + ML + TPO,1-2,3a/b,111,0,0,low_resolution,training_n<8;nearest_centroid_corr>=0.95;fold_local_merged_confusion_group,A1 | CL | CM | ML | TPO,outside_network_beam,,50,18,92,hybrid_projected_network_logcpm_exact
top3_network_beam_local_region_candidates,19R502,TEav,Temporal,Temporal | Operculum/Insula | Orbitomedial Prefrontal Cortex (OMPFC),1,1,RT,Iapl,Id,10,0,0,Temporal::RTL + STG + TEav,Temporal::RT + RTM,Operculum/Insula::G + Iapl + Id + Ig + PrCO + SII,Temporal::RM + TAa,5,0,0,low_resolution,training_n<8;nearest_centroid_corr>=0.95;fold_local_merged_confusion_group,RT | RTM,low_resolution,RTL | STG | TEav,51,22,92,hybrid_projected_network_logcpm_exact
top3_network_beam_local_region_candidates,19R503,TG,Temporal,Operculum/Insula | Temporal | Orbitomedial Prefrontal Cortex (OMPFC),0,1,Pi,Ial,Ia,6,0,0,TG,Operculum/Insula::Ia + Ial + Iapm + Pi,Temporal::RT + RTM,TG,3,0,1,low_resolution,training_n<8;nearest_centroid_corr>=0.95;fold_local_merged_confusion_group,Ia | Ial | Iapm | Pi,low_resolution,TG,51,22,92,hybrid_projected_network_logcpm_exact
top3_network_beam_local_region_candidates,19R504,STG,Temporal,Operculum/Insula | Temporal | Orbitomedial Prefrontal Cortex (OMPFC),0,1,Iapl,Id,RT,11,0,0,Temporal::RTL + STG + TEav,Operculum/Insula::G + Iapl + Id + Ig + PrCO + SII,Temporal::RT + RTM,Temporal::RM + TAa,5,0,0,low_resolution,nearest_centroid_corr>=0.95;fold_local_merged_confusion_group,G | Iapl | Id | Ig | PrCO | SII,low_resolution,RTL | STG | TEav,51,22,92,hybrid_projected_network_logcpm_exact
top3_network_beam_local_region_candidates,19R505,PrCO,Operculum/Insula,Operculum/Insula | Temporal | Orbitomedial Prefrontal Cortex (OMPFC),1,1,10m,13b,13m,15,0,0,Operculum/Insula::G + Iapl + Id + Ig + PrCO + SII,10m,13b,Orbitomedial Prefrontal Cortex (OMPFC)::11l + 11m + 12m + 12o + 13l + 13m,8,0,0,low_resolution,nearest_centroid_corr>=0.95,10m,low_resolution,G | Iapl | Id | Ig | PrCO | SII,51,22,92,hybrid_projected_network_logcpm_exact
top3_network_beam_local_region_candidates,19R506,SII,Operculum/Insula,"Parietal, and Parieto-occipital region | Temporal | Occipital/Temporal",0,0,ML,CM,7m,111,0,0,outside_network_beam,Temporal::A1 + CL + CM + ML + TPO,"Parietal, and Parieto-occipital region::1-2 + 7a + 7b + 7m + 7op","Parietal, and Parieto-occipital region::5 + LIPd + LIPv + VIP",111,0,0,low_resolution,training_n<8;nearest_centroid_corr>=0.95;fold_local_merged_confusion_group,A1 | CL | CM | ML | TPO,outside_network_beam,,46,17,92,hybrid_projected_network_logcpm_exact
top3_network_beam_local_region_candidates,19R507,RM,Temporal,"Parietal, and Parieto-occipital region | Temporal | Lateral Prefrontal Cortex",0,1,ML,R,CM,36,0,0,RM,Temporal::A1 + CL + CM + ML + TPO,Temporal::AL + PGa + R + TAa + TEO + TEad + TEm + TEpd,"Parietal, and Parieto-occipital region::5 + 7a + 7b + 7op + LIPd + LIPv + VIP",13,0,0,low_resolution,training_n<8;nearest_centroid_corr>=0.95;fold_local_merged_confusion_group,A1 | CL | CM | ML | TPO,low_resolution,RM,50,18,92,hybrid_projected_network_logcpm_exact
top3_network_beam_local_region_candidates,19R508,R,Temporal,"Parietal, and Parieto-occipital region | Occipital/Temporal | Temporal",0,1,CM,ML,CL,17,0,0,Temporal::AL + PGa + R + TAa + TEO + TEa + TEm + TEpd,Temporal::A1 + CL + CM + ML + TPO,3a/b,"Parietal, and Parieto-occipital region::1-2 + 7a + 7b + 7m + 7op",5,0,0,low_resolution,training_n<8;nearest_centroid_corr>=0.95;fold_local_merged_confusion_group,A1 | CL | CM | ML | TPO,low_resolution,AL | PGa | R | TAa | TEO | TEa | TEm | TEpd,46,17,92,hybrid_projected_network_logcpm_exact
top3_network_beam_local_region_candidates,19R509,AL,Temporal,"Parietal, and Parieto-occipital region | Temporal | Lateral Prefrontal Cortex",0,1,Tpt,7b,1-2,11,0,0,Temporal::AL + PGa + R + TAa + TEO + TEad + TEm + TEpd,Temporal::TEpv + TFO + Tpt,"Parietal, and Parieto-occipital region::5 + 7a + 7b + 7op + LIPd + LIPv + VIP",1-2,5,0,0,low_resolution,training_n<8;nearest_centroid_corr>=0.95;fold_local_merged_confusion_group,TEpv | TFO | Tpt,low_resolution,AL | PGa | R | TAa | TEO | TEad | TEm | TEpd,50,18,92,hybrid_projected_network_logcpm_exact
top3_network_beam_local_region_candidates,19R510,STG,Temporal,"Temporal | Parietal, and Parieto-occipital region | Lateral Prefrontal Cortex",1,1,R,TPO,7op,37,0,0,Temporal::RTL + STG,Temporal::AL + PGa + R + TAa + TEO + TEad + TEm + TEpd,Temporal::A1 + CL + CM + ML + TPO,"Parietal, and Parieto-occipital region::5 + 7a + 7b + 7op + LIPd + LIPv + VIP",14,0,0,low_resolution,training_n<8;nearest_centroid_corr>=0.95;fold_local_merged_confusion_group,AL | PGa | R | TAa | TEO | TEad | TEm | TEpd,low_resolution,RTL | STG,50,18,92,hybrid_projected_network_logcpm_exact
top3_network_beam_local_region_candidates,19R511,HC,Hippocampal formation,Hippocampal formation | Operculum/Insula | Temporal,1,1,HC,36c,TF,1,1,1,HC,HC,36c,TF,1,1,1,low_resolution,training_n<8,HC,low_resolution,HC,39,18,92,hybrid_projected_network_logcpm_exact
top3_network_beam_local_region_candidates,19R512,7op,"Parietal, and Parieto-occipital region","Temporal | Parietal, and Parieto-occipital region | Orbitomedial Prefrontal Cortex (OMPFC)",0,1,7a,Tpt,7b,10,0,0,"Parietal, and Parieto-occipital region::5 + 7a + 7b + 7m + 7op + LIPd + LIPv + VIP","Parietal, and Parieto-occipital region::5 + 7a + 7b + 7m + 7op + LIPd + LIPv + VIP",Temporal::A1 + CL + CM + ML + TEpv + TFO + TPO + Tpt,Temporal::IPa + PGa + TAa + TEO + TEa + TEm + TEpd,1,1,1,low_resolution,nearest_centroid_corr>=0.95;fold_local_merged_confusion_group,5 | 7a | 7b | 7m | 7op | LIPd | LIPv | VIP,low_resolution,5 | 7a | 7b | 7m | 7op | LIPd | LIPv | VIP,50,18,92,hybrid_projected_network_logcpm_exact
top3_network_beam_local_region_candidates,19R513,VIP,"Parietal, and Parieto-occipital region","Parietal, and Parieto-occipital region | Occipital/Temporal | Lateral Prefrontal Cortex",1,1,VIP,LIPv,FST,1,1,1,"Parietal, and Parieto-occipital region::1-2 + 5 + 7a + 7b + 7op + LIPd + LIPv + VIP","Parietal, and Parieto-occipital region::1-2 + 5 + 7a + 7b + 7op + LIPd + LIPv + VIP",Occipital/Temporal::FST + MST + V3d,Occipital/Temporal::V4 + V4v,1,1,1,low_resolution,nearest_centroid_corr>=0.95;fold_local_merged_confusion_group,1-2 | 5 | 7a | 7b | 7op | LIPd | LIPv | VIP,low_resolution,1-2 | 5 | 7a | 7b | 7op | LIPd | LIPv | VIP,32,11,92,hybrid_projected_network_logcpm_exact
top3_network_beam_local_region_candidates,19R514,TEpd,Temporal,Temporal | Operculum/Insula | Orbitomedial Prefrontal Cortex (OMPFC),1,1,TEpv,TFO,STG,24,0,0,Temporal::TEO + TEad + TEm + TEpd,Temporal::TEpv + TFO + Tpt,Temporal::RTL + STG + TEav,Orbitomedial Prefrontal Cortex (OMPFC)::11l + 11m + 12m + 12o + 13l + 13m,4,0,0,low_resolution,training_n<8;nearest_centroid_corr>=0.95;fold_local_merged_confusion_group,TEpv | TFO | Tpt,low_resolution,TEO | TEad | TEm | TEpd,51,22,92,hybrid_projected_network_logcpm_exact
top3_network_beam_local_region_candidates,19R515,TEO,Temporal,"Occipital/Temporal | Parietal, and Parieto-occipital region | Temporal",0,1,V3d,V3v,FST,11,0,0,Temporal::AL + PGa + R + TAa + TEO + TEa + TEm + TEpd,Occipital/Temporal::FST + MST + V1 + V2 + V3d + V3v,Occipital/Temporal::V4 + V4v,"Parietal, and Parieto-occipital region::5 + LIPd + LIPv + VIP",6,0,0,low_resolution,training_n<8;nearest_centroid_corr>=0.95;fold_local_merged_confusion_group,FST | MST | V1 | V2 | V3d | V3v,low_resolution,AL | PGa | R | TAa | TEO | TEa | TEm | TEpd,46,17,92,hybrid_projected_network_logcpm_exact
top3_network_beam_local_region_candidates,19R517,V1,Occipital/Temporal,"Occipital/Temporal | Temporal | Parietal, and Parieto-occipital region",1,1,V1,V2,V3v,1,1,1,Occipital/Temporal::FST + MST + V1 + V2 + V3d + V3v,Occipital/Temporal::FST + MST + V1 + V2 + V3d + V3v,Temporal::A1 + CL + CM + ML + TPO,MT,1,1,1,low_resolution,training_n<8;nearest_centroid_corr>=0.95;fold_local_merged_confusion_group,FST | MST | V1 | V2 | V3d | V3v,low_resolution,FST | MST | V1 | V2 | V3d | V3v,46,17,92,hybrid_projected_network_logcpm_exact
top3_network_beam_local_region_candidates,19R518,Tha,Subcortical,Subcortical | Hippocampal formation | Operculum/Insula,1,1,Tha,GP,Amy,1,1,1,Tha,Tha,GP,Amy,1,1,1,low_resolution,training_n<8,Tha,low_resolution,Tha,20,10,92,hybrid_projected_network_logcpm_exact
top3_network_beam_local_region_candidates,19R519,Amy,Subcortical,Operculum/Insula | Orbitomedial Prefrontal Cortex (OMPFC) | Temporal,0,0,Ia,RTM,Pi,111,0,0,outside_network_beam,Operculum/Insula::Ia + Ial + Iapm + Pi,Temporal::RT + RTM,Operculum/Insula::G + Iapl + Id + Ig + PrCO + SII,111,0,0,low_resolution,training_n<8;nearest_centroid_corr>=0.95;fold_local_merged_confusion_group,Ia | Ial | Iapm | Pi,outside_network_beam,,51,22,92,hybrid_projected_network_logcpm_exact
top3_network_beam_local_region_candidates,19R578,F5,Frontal (agranular frontal motor areas),Orbitomedial Prefrontal Cortex (OMPFC) | Operculum/Insula | Cingulate gyrus,0,0,Ig,G,Id,111,0,0,outside_network_beam,Operculum/Insula::G + Iapl + Id + Ig + PrCO + SII,Cingulate gyrus::23b + 23c + 24b + 24b' + 24c + 24c',24a',111,0,0,low_resolution,nearest_centroid_corr>=0.95;fold_local_merged_confusion_group,G | Iapl | Id | Ig | PrCO | SII,outside_network_beam,,34,14,92,hybrid_projected_network_logcpm_exact
top3_network_beam_local_region_candidates,19R579,PrCO,Operculum/Insula,Operculum/Insula | Orbitomedial Prefrontal Cortex (OMPFC) | Cingulate gyrus,1,1,Iapl,Id,Ig,9,0,0,Operculum/Insula::G + Iapl + Id + Ig + PrCO + SII,Operculum/Insula::G + Iapl + Id + Ig + PrCO + SII,Cingulate gyrus::23b + 23c + 24b + 24b' + 24c + 24c',Operculum/Insula::Ia + Iapm,1,1,1,low_resolution,nearest_centroid_corr>=0.95;fold_local_merged_confusion_group,G | Iapl | Id | Ig | PrCO | SII,low_resolution,G | Iapl | Id | Ig | PrCO | SII,34,14,92,hybrid_projected_network_logcpm_exact
top3_network_beam_local_region_candidates,19R580,Ial,Operculum/Insula,Operculum/Insula | Orbitomedial Prefrontal Cortex (OMPFC) | Cingulate gyrus,1,1,Iapl,Iapm,Ia,6,0,0,Operculum/Insula::Ial + Pi,Operculum/Insula::G + Iapl + Id + Ig + PrCO + SII,Operculum/Insula::Ia + Iapm,Operculum/Insula::Ial + Pi,3,0,1,low_resolution,nearest_centroid_corr>=0.95;fold_local_merged_confusion_group,G | Iapl | Id | Ig | PrCO | SII,low_resolution,Ial | Pi,34,14,92,hybrid_projected_network_logcpm_exact
top3_network_beam_local_region_candidates,19R581,24c,Cingulate gyrus,Cingulate gyrus | Orbitomedial Prefrontal Cortex (OMPFC) | Lateral Prefrontal Cortex,1,1,24b',24c,24c',2,0,1,Cingulate gyrus::24b + 24c,24b',Cingulate gyrus::24b + 24c,Cingulate gyrus::23b + 23c + 24c',2,0,1,low_resolution,training_n<8;nearest_centroid_corr>=0.95,24b',low_resolution,24b | 24c,36,15,92,hybrid_projected_network_logcpm_exact
top3_network_beam_local_region_candidates,19R582,7b,"Parietal, and Parieto-occipital region","Parietal, and Parieto-occipital region | Temporal | Lateral Prefrontal Cortex",1,1,7b,7a,Tpt,1,1,1,"Parietal, and Parieto-occipital region::5 + 7a + 7b + 7op + LIPd + LIPv + VIP","Parietal, and Parieto-occipital region::5 + 7a + 7b + 7op + LIPd + LIPv + VIP",Temporal::TEpv + TFO + Tpt,Temporal::A1 + CL + CM + ML + TPO,1,1,1,low_resolution,training_n<8;nearest_centroid_corr>=0.95;fold_local_merged_confusion_group,5 | 7a | 7b | 7op | LIPd | LIPv | VIP,low_resolution,5 | 7a | 7b | 7op | LIPd | LIPv | VIP,50,18,92,hybrid_projected_network_logcpm_exact
top3_network_beam_local_region_candidates,19R583,7op,"Parietal, and Parieto-occipital region","Parietal, and Parieto-occipital region | Temporal | Lateral Prefrontal Cortex",1,1,7op,7b,7a,1,1,1,"Parietal, and Parieto-occipital region::5 + 7a + 7b + 7op + LIPd + LIPv + VIP","Parietal, and Parieto-occipital region::5 + 7a + 7b + 7op + LIPd + LIPv + VIP",Temporal::TEpv + TFO + Tpt,Temporal::A1 + CL + CM + ML + TPO,1,1,1,low_resolution,training_n<8;nearest_centroid_corr>=0.95;fold_local_merged_confusion_group,5 | 7a | 7b | 7op | LIPd | LIPv | VIP,low_resolution,5 | 7a | 7b | 7op | LIPd | LIPv | VIP,50,18,92,hybrid_projected_network_logcpm_exact
top3_network_beam_local_region_candidates,19R584,A1,Temporal,"Parietal, and Parieto-occipital region | Occipital/Temporal | Temporal",0,1,CM,CL,A1,3,0,1,Temporal::A1 + CL + CM + ML + TPO,Temporal::A1 + CL + CM + ML + TPO,3a/b,"Parietal, and Parieto-occipital region::5 + LIPd + LIPv + VIP",1,1,1,low_resolution,training_n<8;nearest_centroid_corr>=0.95;fold_local_merged_confusion_group,A1 | CL | CM | ML | TPO,low_resolution,A1 | CL | CM | ML | TPO,46,17,92,hybrid_projected_network_logcpm_exact
top3_network_beam_local_region_candidates,19R585,CL,Temporal,"Parietal, and Parieto-occipital region | Temporal | Occipital/Temporal",0,1,ML,CM,CL,3,0,1,Temporal::A1 + CL + CM + ML + TPO,Temporal::A1 + CL + CM + ML + TPO,"Parietal, and Parieto-occipital region::5 + LIPd + LIPv + VIP",3a/b,1,1,1,low_resolution,training_n<8;nearest_centroid_corr>=0.95;fold_local_merged_confusion_group,A1 | CL | CM | ML | TPO,low_resolution,A1 | CL | CM | ML | TPO,46,17,92,hybrid_projected_network_logcpm_exact
top3_network_beam_local_region_candidates,19R586,TEpd,Temporal,"Temporal | Occipital/Temporal | Parietal, and Parieto-occipital region",1,1,TEpd,TEO,V4v,1,1,1,Temporal::AL + PGa + R + TAa + TEO + TEa + TEm + TEpd,Temporal::AL + PGa + R + TAa + TEO + TEa + TEm + TEpd,Occipital/Temporal::V4 + V4v,Tpt,1,1,1,low_resolution,training_n<8;nearest_centroid_corr>=0.95;fold_local_merged_confusion_group,AL | PGa | R | TAa | TEO | TEa | TEm | TEpd,low_resolution,AL | PGa | R | TAa | TEO | TEa | TEm | TEpd,46,17,92,hybrid_projected_network_logcpm_exact
top3_network_beam_local_region_candidates,19R587,TEpv,Temporal,Temporal | Operculum/Insula | Orbitomedial Prefrontal Cortex (OMPFC),1,1,TEav,TAa,TEad,21,0,0,Temporal::TEpv + TFO + Tpt,Temporal::RTL + STG + TEav,Temporal::RM + TAa,Temporal::TEO + TEad + TEm + TEpd,10,0,0,low_resolution,training_n<8;nearest_centroid_corr>=0.95;fold_local_merged_confusion_group,RTL | STG | TEav,low_resolution,TEpv | TFO | Tpt,51,22,92,hybrid_projected_network_logcpm_exact
top3_network_beam_local_region_candidates,19R588,9m,Lateral Prefrontal Cortex,Cingulate gyrus | Lateral Prefrontal Cortex | Frontal (agranular frontal motor areas),0,1,8Bm,F6,23c,9,0,0,Lateral Prefrontal Cortex::44 + 45 + 8A + 8Bd + 8Bm + 8Bs + 9m,Lateral Prefrontal Cortex::44 + 45 + 8A + 8Bd + 8Bm + 8Bs + 9m,Frontal (agranular frontal motor areas)::F1 + F2 + F3 + F4 + F6 + F7,Cingulate gyrus::23b + 23c + 24a' + 24b' + 24c',1,1,1,low_resolution,training_n<8;nearest_centroid_corr>=0.95;fold_local_merged_confusion_group,44 | 45 | 8A | 8Bd | 8Bm | 8Bs | 9m,low_resolution,44 | 45 | 8A | 8Bd | 8Bm | 8Bs | 9m,30,9,92,hybrid_projected_network_logcpm_exact
top3_network_beam_local_region_candidates,19R589,9d,Lateral Prefrontal Cortex,Frontal (agranular frontal motor areas) | Lateral Prefrontal Cortex | Cingulate gyrus,0,1,F3,8Bs,F2,15,0,0,Lateral Prefrontal Cortex::10o + 12l + 12r + 46d + 46v + 9d,Frontal (agranular frontal motor areas)::F1 + F2 + F3 + F4 + F6 + F7,Lateral Prefrontal Cortex::44 + 45 + 8A + 8Bd + 8Bm + 8Bs + 9m,23a,5,0,0,low_resolution,nearest_centroid_corr>=0.95;fold_local_merged_confusion_group,F1 | F2 | F3 | F4 | F6 | F7,low_resolution,10o | 12l | 12r | 46d | 46v | 9d,30,9,92,hybrid_projected_network_logcpm_exact
top3_network_beam_local_region_candidates,19R590,12m,Orbitomedial Prefrontal Cortex (OMPFC),Lateral Prefrontal Cortex | Orbitomedial Prefrontal Cortex (OMPFC) | Cingulate gyrus,0,1,8Bd,23c,44,11,0,0,Orbitomedial Prefrontal Cortex (OMPFC)::11l + 11m + 12m + 12o + 13b + 13l + 13m,Lateral Prefrontal Cortex::44 + 45 + 8A + 8Bd + 8Bm + 8Bs + 9m,Cingulate gyrus::23b + 23c + 24c',Lateral Prefrontal Cortex::10o + 12l + 12r + 46d + 46v + 9d,4,0,0,low_resolution,nearest_centroid_corr>=0.95;fold_local_merged_confusion_group,44 | 45 | 8A | 8Bd | 8Bm | 8Bs | 9m,low_resolution,11l | 11m | 12m | 12o | 13b | 13l | 13m,36,15,92,hybrid_projected_network_logcpm_exact
top3_network_beam_local_region_candidates,19R591,13b,Orbitomedial Prefrontal Cortex (OMPFC),Orbitomedial Prefrontal Cortex (OMPFC) | Operculum/Insula | Cingulate gyrus,1,1,13a,14c,13m,8,0,0,Orbitomedial Prefrontal Cortex (OMPFC)::10m + 13b + 32,Orbitomedial Prefrontal Cortex (OMPFC)::13a + 14c,Orbitomedial Prefrontal Cortex (OMPFC)::11l + 11m + 12m + 12o + 13l + 13m,Orbitomedial Prefrontal Cortex (OMPFC)::10m + 13b + 32,3,0,1,low_resolution,training_n<8;nearest_centroid_corr>=0.95;fold_local_merged_confusion_group,13a | 14c,low_resolution,10m | 13b | 32,34,14,92,hybrid_projected_network_logcpm_exact
top3_network_beam_local_region_candidates,19R592,14r,Orbitomedial Prefrontal Cortex (OMPFC),Orbitomedial Prefrontal Cortex (OMPFC) | Cingulate gyrus | Lateral Prefrontal Cortex,1,1,13m,23b,13l,17,0,0,14r,Orbitomedial Prefrontal Cortex (OMPFC)::11l + 11m + 12m + 12o + 13b + 13l + 13m,Cingulate gyrus::23b + 23c + 24c',Orbitomedial Prefrontal Cortex (OMPFC)::13a + 14c,8,0,0,low_resolution,training_n<8;nearest_centroid_corr>=0.95;fold_local_merged_confusion_group,11l | 11m | 12m | 12o | 13b | 13l | 13m,low_resolution,14r,36,15,92,hybrid_projected_network_logcpm_exact
top3_network_beam_local_region_candidates,19R593,32,Orbitomedial Prefrontal Cortex (OMPFC),Cingulate gyrus | Orbitomedial Prefrontal Cortex (OMPFC) | Operculum/Insula,0,1,32,24b,24b',1,1,1,Orbitomedial Prefrontal Cortex (OMPFC)::10m + 13b + 32,Orbitomedial Prefrontal Cortex (OMPFC)::10m + 13b + 32,Cingulate gyrus::23b + 23c + 24b + 24b' + 24c + 24c',Orbitomedial Prefrontal Cortex (OMPFC)::13a + 14c,1,1,1,low_resolution,training_n<8;nearest_centroid_corr>=0.95;fold_local_merged_confusion_group,10m | 13b | 32,low_resolution,10m | 13b | 32,34,14,92,hybrid_projected_network_logcpm_exact
top3_network_beam_local_region_candidates,19R594,44,Lateral Prefrontal Cortex,Lateral Prefrontal Cortex | Cingulate gyrus | Frontal (agranular frontal motor areas),1,1,8Bm,9d,8Bd,16,0,0,Lateral Prefrontal Cortex::44 + 45 + 8A + 8Bd + 8Bm + 8Bs + 9m,Lateral Prefrontal Cortex::44 + 45 + 8A + 8Bd + 8Bm + 8Bs + 9m,Lateral Prefrontal Cortex::10o + 12l + 12r + 46d + 46v + 9d,Frontal (agranular frontal motor areas)::F1 + F2 + F3 + F4 + F6 + F7,1,1,1,low_resolution,training_n<8;nearest_centroid_corr>=0.95;fold_local_merged_confusion_group,44 | 45 | 8A | 8Bd | 8Bm | 8Bs | 9m,low_resolution,44 | 45 | 8A | 8Bd | 8Bm | 8Bs | 9m,30,9,92,hybrid_projected_network_logcpm_exact
top3_network_beam_local_region_candidates,19R595,12o,Orbitomedial Prefrontal Cortex (OMPFC),Orbitomedial Prefrontal Cortex (OMPFC) | Cingulate gyrus | Operculum/Insula,1,1,24c,PrCO,Iapl,9,0,0,Orbitomedial Prefrontal Cortex (OMPFC)::11l + 11m + 12m + 12o + 13l + 13m,Cingulate gyrus::23b + 23c + 24b + 24b' + 24c + 24c',Operculum/Insula::G + Iapl + Id + Ig + PrCO + SII,Orbitomedial Prefrontal Cortex (OMPFC)::10m + 13b + 32,4,0,0,low_resolution,nearest_centroid_corr>=0.95;fold_local_merged_confusion_group,23b | 23c | 24b | 24b' | 24c | 24c',low_resolution,11l | 11m | 12m | 12o | 13l | 13m,34,14,92,hybrid_projected_network_logcpm_exact
top3_network_beam_local_region_candidates,19R596,13a,Orbitomedial Prefrontal Cortex (OMPFC),Orbitomedial Prefrontal Cortex (OMPFC) | Operculum/Insula | Cingulate gyrus,1,1,G,Ig,Iapl,14,0,0,Orbitomedial Prefrontal Cortex (OMPFC)::13a + 14c,Operculum/Insula::G + Iapl + Id + Ig + PrCO + SII,Cingulate gyrus::23b + 23c + 24b + 24b' + 24c + 24c',24a',5,0,0,low_resolution,nearest_centroid_corr>=0.95;fold_local_merged_confusion_group,G | Iapl | Id | Ig | PrCO | SII,low_resolution,13a | 14c,34,14,92,hybrid_projected_network_logcpm_exact
top3_network_beam_local_region_candidates,19R597,13b,Orbitomedial Prefrontal Cortex (OMPFC),Orbitomedial Prefrontal Cortex (OMPFC) | Lateral Prefrontal Cortex | Operculum/Insula,1,1,13b,11m,10m,1,1,1,13b,13b,Orbitomedial Prefrontal Cortex (OMPFC)::10m + 11l + 11m + 12m + 12o + 13l + 13m,Lateral Prefrontal Cortex::10o + 12l + 12r + 46d + 46v + 9m,1,1,1,low_resolution,training_n<8;nearest_centroid_corr>=0.95,13b,low_resolution,13b,37,10,92,hybrid_projected_network_logcpm_exact
top3_network_beam_local_region_candidates,19R598,14c,Orbitomedial Prefrontal Cortex (OMPFC),Orbitomedial Prefrontal Cortex (OMPFC) | Operculum/Insula | Cingulate gyrus,1,1,14c,13a,14r,1,1,1,Orbitomedial Prefrontal Cortex (OMPFC)::13a + 14c,Orbitomedial Prefrontal Cortex (OMPFC)::13a + 14c,14r,Orbitomedial Prefrontal Cortex (OMPFC)::10m + 13b + 32,1,1,1,low_resolution,training_n<8;nearest_centroid_corr>=0.95;fold_local_merged_confusion_group,13a | 14c,low_resolution,13a | 14c,34,14,92,hybrid_projected_network_logcpm_exact
top3_network_beam_local_region_candidates,19R599,25,Orbitomedial Prefrontal Cortex (OMPFC),Orbitomedial Prefrontal Cortex (OMPFC) | Operculum/Insula | Cingulate gyrus,1,1,Id,Iapl,24c,22,0,0,25,Operculum/Insula::G + Iapl + Id + Ig + PrCO + SII,Cingulate gyrus::23b + 23c + 24b + 24b' + 24c + 24c',24a',9,0,0,low_resolution,nearest_centroid_corr>=0.95;fold_local_merged_confusion_group,G | Iapl | Id | Ig | PrCO | SII,low_resolution,25,34,14,92,hybrid_projected_network_logcpm_exact
top3_network_beam_local_region_candidates,19R600,44,Lateral Prefrontal Cortex,"Frontal (agranular frontal motor areas) | Lateral Prefrontal Cortex | Parietal, and Parieto-occipital region",0,1,F1,F2,8Bs,11,0,0,Lateral Prefrontal Cortex::44 + 45 + 8A + 8Bd + 8Bm + 8Bs,Frontal (agranular frontal motor areas)::F1 + F2 + F3 + F6 + F7,Lateral Prefrontal Cortex::44 + 45 + 8A + 8Bd + 8Bm + 8Bs,"Parietal, and Parieto-occipital region::1-2 + 5 + 7a + 7b + 7op + LIPd + LIPv + VIP",2,0,1,low_resolution,nearest_centroid_corr>=0.95;fold_local_merged_confusion_group,F1 | F2 | F3 | F6 | F7,low_resolution,44 | 45 | 8A | 8Bd | 8Bm | 8Bs,30,9,92,hybrid_projected_network_logcpm_exact
top3_network_beam_local_region_candidates,19R601,12o,Orbitomedial Prefrontal Cortex (OMPFC),Cingulate gyrus | Operculum/Insula | Orbitomedial Prefrontal Cortex (OMPFC),0,1,24b',24b,32,10,0,0,Orbitomedial Prefrontal Cortex (OMPFC)::11l + 11m + 12m + 12o + 13l + 13m,Cingulate gyrus::23b + 23c + 24b + 24b' + 24c + 24c',Orbitomedial Prefrontal Cortex (OMPFC)::10m + 13b + 32,Orbitomedial Prefrontal Cortex (OMPFC)::13a + 14c,5,0,0,low_resolution,training_n<8;nearest_centroid_corr>=0.95;fold_local_merged_confusion_group,23b | 23c | 24b | 24b' | 24c | 24c',low_resolution,11l | 11m | 12m | 12o | 13l | 13m,34,14,92,hybrid_projected_network_logcpm_exact
top3_network_beam_local_region_candidates,19R602,13a,Orbitomedial Prefrontal Cortex (OMPFC),Operculum/Insula | Orbitomedial Prefrontal Cortex (OMPFC) | Cingulate gyrus,0,1,25,Ial,Pi,9,0,0,Orbitomedial Prefrontal Cortex (OMPFC)::13a + 14c,25,Operculum/Insula::Ial + Pi,Operculum/Insula::Ia + Iapm,5,0,0,low_resolution,training_n<8,25,low_resolution,13a | 14c,34,14,92,hybrid_projected_network_logcpm_exact
top3_network_beam_local_region_candidates,19R603,13b,Orbitomedial Prefrontal Cortex (OMPFC),Operculum/Insula | Orbitomedial Prefrontal Cortex (OMPFC) | Cingulate gyrus,0,1,25,Ial,32,25,0,0,Orbitomedial Prefrontal Cortex (OMPFC)::10m + 13b + 32,25,Operculum/Insula::Ial + Pi,Orbitomedial Prefrontal Cortex (OMPFC)::10m + 13b + 32,3,0,1,low_resolution,training_n<8,25,low_resolution,10m | 13b | 32,34,14,92,hybrid_projected_network_logcpm_exact
top3_network_beam_local_region_candidates,19R604,14c,Orbitomedial Prefrontal Cortex (OMPFC),Operculum/Insula | Orbitomedial Prefrontal Cortex (OMPFC) | Cingulate gyrus,0,1,32,14c,13a,2,0,1,Orbitomedial Prefrontal Cortex (OMPFC)::13a + 14c,Orbitomedial Prefrontal Cortex (OMPFC)::10m + 13b + 32,Orbitomedial Prefrontal Cortex (OMPFC)::13a + 14c,14r,2,0,1,low_resolution,training_n<8;nearest_centroid_corr>=0.95;fold_local_merged_confusion_group,10m | 13b | 32,low_resolution,13a | 14c,34,14,92,hybrid_projected_network_logcpm_exact
top3_network_beam_local_region_candidates,19R605,25,Orbitomedial Prefrontal Cortex (OMPFC),Operculum/Insula | Orbitomedial Prefrontal Cortex (OMPFC) | Cingulate gyrus,0,1,Iapl,13a,14c,30,0,0,25,Operculum/Insula::G + Iapl + Id + Ig + PrCO + SII,Orbitomedial Prefrontal Cortex (OMPFC)::13a + 14c,Cingulate gyrus::23b + 23c + 24b + 24b' + 24c + 24c',12,0,0,low_resolution,nearest_centroid_corr>=0.95;fold_local_merged_confusion_group,G | Iapl | Id | Ig | PrCO | SII,low_resolution,25,34,14,92,hybrid_projected_network_logcpm_exact
top3_network_beam_local_region_candidates,19R606,45,Lateral Prefrontal Cortex,"Frontal (agranular frontal motor areas) | Lateral Prefrontal Cortex | Parietal, and Parieto-occipital region",0,1,F1,F2,8Bs,21,0,0,Lateral Prefrontal Cortex::44 + 45 + 8A + 8Bd + 8Bm + 8Bs,Frontal (agranular frontal motor areas)::F1 + F2 + F3 + F6 + F7,Lateral Prefrontal Cortex::44 + 45 + 8A + 8Bd + 8Bm + 8Bs,"Parietal, and Parieto-occipital region::1-2 + 5 + 7a + 7b + 7op + LIPd + LIPv + VIP",2,0,1,low_resolution,nearest_centroid_corr>=0.95;fold_local_merged_confusion_group,F1 | F2 | F3 | F6 | F7,low_resolution,44 | 45 | 8A | 8Bd | 8Bm | 8Bs,30,9,92,hybrid_projected_network_logcpm_exact
top3_network_beam_local_region_candidates,19R607,F5,Frontal (agranular frontal motor areas),Frontal (agranular frontal motor areas) | Lateral Prefrontal Cortex | Cingulate gyrus,1,1,F2,F3,F1,22,0,0,F5,Frontal (agranular frontal motor areas)::F1 + F2 + F3 + F4 + F6 + F7,Lateral Prefrontal Cortex::44 + 45 + 8A + 8Bd + 8Bm + 8Bs + 9m,23a,8,0,0,low_resolution,nearest_centroid_corr>=0.95;fold_local_merged_confusion_group,F1 | F2 | F3 | F4 | F6 | F7,low_resolution,F5,30,9,92,hybrid_projected_network_logcpm_exact
top3_network_beam_local_region_candidates,19R608,12r,Lateral Prefrontal Cortex,"Lateral Prefrontal Cortex | Parietal, and Parieto-occipital region | Orbitomedial Prefrontal Cortex (OMPFC)",1,1,45,8Bd,8A,15,0,0,Lateral Prefrontal Cortex::10o + 12l + 12r + 46d + 46v,Lateral Prefrontal Cortex::44 + 45 + 8A + 8Bd + 8Bm + 8Bs + 9d + 9m,"Parietal, and Parieto-occipital region::1-2 + 5 + LIPd + LIPv + VIP",Lateral Prefrontal Cortex::10o + 12l + 12r + 46d + 46v,3,0,1,low_resolution,nearest_centroid_corr>=0.95;fold_local_merged_confusion_group,44 | 45 | 8A | 8Bd | 8Bm | 8Bs | 9d | 9m,low_resolution,10o | 12l | 12r | 46d | 46v,36,10,92,hybrid_projected_network_logcpm_exact
top3_network_beam_local_region_candidates,19R609,32,Orbitomedial Prefrontal Cortex (OMPFC),Cingulate gyrus | Orbitomedial Prefrontal Cortex (OMPFC) | Operculum/Insula,0,1,24c,32,24b',2,0,1,Orbitomedial Prefrontal Cortex (OMPFC)::10m + 13b + 32,Cingulate gyrus::23b + 23c + 24b + 24b' + 24c + 24c',Orbitomedial Prefrontal Cortex (OMPFC)::10m + 13b + 32,Operculum/Insula::G + Iapl + Id + Ig + PrCO + SII,2,0,1,low_resolution,nearest_centroid_corr>=0.95;fold_local_merged_confusion_group,23b | 23c | 24b | 24b' | 24c | 24c',low_resolution,10m | 13b | 32,34,14,92,hybrid_projected_network_logcpm_exact
top3_network_beam_local_region_candidates,19R610,24c,Cingulate gyrus,Cingulate gyrus | Orbitomedial Prefrontal Cortex (OMPFC) | Operculum/Insula,1,1,32,24b',24b,4,0,0,Cingulate gyrus::23b + 23c + 24b + 24b' + 24c + 24c',Orbitomedial Prefrontal Cortex (OMPFC)::10m + 13b + 32,Cingulate gyrus::23b + 23c + 24b + 24b' + 24c + 24c',Orbitomedial Prefrontal Cortex (OMPFC)::13a + 14c,2,0,1,low_resolution,training_n<8;nearest_centroid_corr>=0.95;fold_local_merged_confusion_group,10m | 13b | 32,low_resolution,23b | 23c | 24b | 24b' | 24c | 24c',34,14,92,hybrid_projected_network_logcpm_exact
top3_network_beam_local_region_candidates,19R611,7b,"Parietal, and Parieto-occipital region","Temporal | Parietal, and Parieto-occipital region | Lateral Prefrontal Cortex",0,1,7a,7b,Tpt,2,0,1,"Parietal, and Parieto-occipital region::5 + 7a + 7b + 7op + LIPd + LIPv + VIP","Parietal, and Parieto-occipital region::5 + 7a + 7b + 7op + LIPd + LIPv + VIP",Temporal::TEpv + TFO + Tpt,Temporal::A1 + CL + CM + ML + TPO,1,1,1,low_resolution,nearest_centroid_corr>=0.95;fold_local_merged_confusion_group,5 | 7a | 7b | 7op | LIPd | LIPv | VIP,low_resolution,5 | 7a | 7b | 7op | LIPd | LIPv | VIP,50,18,92,hybrid_projected_network_logcpm_exact
top3_network_beam_local_region_candidates,19R612,7op,"Parietal, and Parieto-occipital region","Parietal, and Parieto-occipital region | Temporal | Lateral Prefrontal Cortex",1,1,7op,7b,7a,1,1,1,"Parietal, and Parieto-occipital region::5 + 7a + 7b + 7op + LIPd + LIPv + VIP","Parietal, and Parieto-occipital region::5 + 7a + 7b + 7op + LIPd + LIPv + VIP",Temporal::TEpv + TFO + Tpt,Temporal::A1 + CL + CM + ML + TPO,1,1,1,low_resolution,training_n<8;nearest_centroid_corr>=0.95;fold_local_merged_confusion_group,5 | 7a | 7b | 7op | LIPd | LIPv | VIP,low_resolution,5 | 7a | 7b | 7op | LIPd | LIPv | VIP,50,18,92,hybrid_projected_network_logcpm_exact
top3_network_beam_local_region_candidates,19R613,ML,Temporal,"Parietal, and Parieto-occipital region | Temporal | Lateral Prefrontal Cortex",0,1,7op,44,TPO,11,0,0,Temporal::A1 + CL + CM + ML + TPO,"Parietal, and Parieto-occipital region::5 + 7a + 7b + 7op + LIPd + LIPv + VIP",Lateral Prefrontal Cortex::44 + 45 + 8A + 8Bd + 8Bm + 8Bs + 9d + 9m,Temporal::A1 + CL + CM + ML + TPO,3,0,1,low_resolution,training_n<8;nearest_centroid_corr>=0.95;fold_local_merged_confusion_group,5 | 7a | 7b | 7op | LIPd | LIPv | VIP,low_resolution,A1 | CL | CM | ML | TPO,50,18,92,hybrid_projected_network_logcpm_exact
top3_network_beam_local_region_candidates,19R614,R,Temporal,Operculum/Insula | Orbitomedial Prefrontal Cortex (OMPFC) | Temporal,0,1,STG,RTL,13m,38,0,0,R,Temporal::RTL + STG + TEav,Orbitomedial Prefrontal Cortex (OMPFC)::11l + 11m + 12m + 12o + 13l + 13m,13b,18,0,0,low_resolution,nearest_centroid_corr>=0.95;fold_local_merged_confusion_group,RTL | STG | TEav,low_resolution,R,51,22,92,hybrid_projected_network_logcpm_exact
top3_network_beam_local_region_candidates,19R880,AL,Temporal,Operculum/Insula | Temporal | Orbitomedial Prefrontal Cortex (OMPFC),0,1,RTL,STG,AL,3,0,1,AL,Temporal::RTL + STG + TEav,AL,Orbitomedial Prefrontal Cortex (OMPFC)::11l + 11m + 12m + 12o + 13l + 13m,2,0,1,low_resolution,training_n<8;nearest_centroid_corr>=0.95;fold_local_merged_confusion_group,RTL | STG | TEav,low_resolution,AL,51,22,92,hybrid_projected_network_logcpm_exact
top3_network_beam_local_region_candidates,19R881,RM,Temporal,Operculum/Insula | Orbitomedial Prefrontal Cortex (OMPFC) | Temporal,0,1,RTM,Iapl,Id,8,0,0,Temporal::RM + TAa,Temporal::RT + RTM,Operculum/Insula::G + Iapl + Id + Ig + PrCO + SII,Operculum/Insula::Ia + Ial + Iapm + Pi,4,0,0,low_resolution,training_n<8;nearest_centroid_corr>=0.95;fold_local_merged_confusion_group,RT | RTM,low_resolution,RM | TAa,51,22,92,hybrid_projected_network_logcpm_exact
top3_network_beam_local_region_candidates,19R885,11l,Orbitomedial Prefrontal Cortex (OMPFC),Cingulate gyrus | Orbitomedial Prefrontal Cortex (OMPFC) | Operculum/Insula,0,1,24c,24c',24a',26,0,0,Orbitomedial Prefrontal Cortex (OMPFC)::11l + 11m + 12m + 12o + 13l + 13m,Cingulate gyrus::23b + 23c + 24b + 24b' + 24c + 24c',24a',Operculum/Insula::G + Iapl + Id + Ig + PrCO + SII,10,0,0,low_resolution,nearest_centroid_corr>=0.95;fold_local_merged_confusion_group,23b | 23c | 24b | 24b' | 24c | 24c',low_resolution,11l | 11m | 12m | 12o | 13l | 13m,34,14,92,hybrid_projected_network_logcpm_exact
top3_network_beam_local_region_candidates,19R886,TEpv,Temporal,"Temporal | Parietal, and Parieto-occipital region | Operculum/Insula",1,1,TEad,TEm,TEpv,3,0,1,TEpv,Temporal::IPa + PGa + TEO + TEa + TEad + TEm + TEpd,TEpv,Temporal::AL + R + TAa + TEav,2,0,1,low_resolution,training_n<8;nearest_centroid_corr>=0.95;fold_local_merged_confusion_group,IPa | PGa | TEO | TEa | TEad | TEm | TEpd,low_resolution,TEpv,48,17,92,hybrid_projected_network_logcpm_exact
top3_network_beam_local_region_candidates,19R888,14r,Orbitomedial Prefrontal Cortex (OMPFC),Orbitomedial Prefrontal Cortex (OMPFC) | Lateral Prefrontal Cortex | Operculum/Insula,1,1,13b,10o,13m,21,0,0,14r,13b,Lateral Prefrontal Cortex::10o + 12l + 12r + 46d + 46v + 9m,Orbitomedial Prefrontal Cortex (OMPFC)::10m + 11l + 11m + 12m + 12o + 13l + 13m,7,0,0,low_resolution,training_n<8;nearest_centroid_corr>=0.95,13b,low_resolution,14r,37,10,92,hybrid_projected_network_logcpm_exact
top3_network_beam_local_region_candidates,19R889,13b,Orbitomedial Prefrontal Cortex (OMPFC),Orbitomedial Prefrontal Cortex (OMPFC) | Cingulate gyrus | Operculum/Insula,1,1,Id,Iapl,Ig,27,0,0,Orbitomedial Prefrontal Cortex (OMPFC)::10m + 13b + 32,Operculum/Insula::G + Iapl + Id + Ig + PrCO + SII,Cingulate gyrus::23b + 23c + 24b + 24b' + 24c + 24c',24a',5,0,0,low_resolution,nearest_centroid_corr>=0.95;fold_local_merged_confusion_group,G | Iapl | Id | Ig | PrCO | SII,low_resolution,10m | 13b | 32,34,14,92,hybrid_projected_network_logcpm_exact
top3_network_beam_local_region_candidates,20R048,STG,Temporal,Operculum/Insula | Temporal | Orbitomedial Prefrontal Cortex (OMPFC),0,1,STG,RTL,PrCO,1,1,1,Temporal::RTL + STG + TEav,Temporal::RTL + STG + TEav,Operculum/Insula::G + Iapl + Id + Ig + PrCO + SII,Temporal::RM + TAa,1,1,1,low_resolution,nearest_centroid_corr>=0.95;fold_local_merged_confusion_group,RTL | STG | TEav,low_resolution,RTL | STG | TEav,51,22,92,hybrid_projected_network_logcpm_exact
top3_network_beam_local_region_candidates,20R051,11m,Orbitomedial Prefrontal Cortex (OMPFC),Cingulate gyrus | Orbitomedial Prefrontal Cortex (OMPFC) | Operculum/Insula,0,1,Id,Iapl,24c,31,0,0,Orbitomedial Prefrontal Cortex (OMPFC)::11l + 11m + 12m + 12o + 13l + 13m,Operculum/Insula::G + Iapl + Id + Ig + PrCO + SII,Cingulate gyrus::23b + 23c + 24b + 24b' + 24c + 24c',24a',10,0,0,low_resolution,nearest_centroid_corr>=0.95;fold_local_merged_confusion_group,G | Iapl | Id | Ig | PrCO | SII,low_resolution,11l | 11m | 12m | 12o | 13l | 13m,34,14,92,hybrid_projected_network_logcpm_exact
top3_network_beam_local_region_candidates,20R055,ML,Temporal,"Parietal, and Parieto-occipital region | Temporal | Lateral Prefrontal Cortex",0,1,Tpt,1-2,7b,7,0,0,Temporal::A1 + CL + CM + ML + TPO,Temporal::TEpv + TFO + Tpt,1-2,"Parietal, and Parieto-occipital region::5 + 7a + 7b + 7op + LIPd + LIPv + VIP",5,0,0,low_resolution,training_n<8;nearest_centroid_corr>=0.95;fold_local_merged_confusion_group,TEpv | TFO | Tpt,low_resolution,A1 | CL | CM | ML | TPO,50,18,92,hybrid_projected_network_logcpm_exact
top3_network_beam_local_region_candidates,20R056,3a/b,"Parietal, and Parieto-occipital region","Parietal, and Parieto-occipital region | Occipital/Temporal | Temporal",1,1,A1,FST,MST,5,0,0,3a/b,Temporal::A1 + CL + CM + ML + TPO,Occipital/Temporal::FST + MST + V1 + V2 + V3d + V3v,"Parietal, and Parieto-occipital region::5 + LIPd + LIPv + VIP",4,0,0,low_resolution,training_n<8;nearest_centroid_corr>=0.95;fold_local_merged_confusion_group,A1 | CL | CM | ML | TPO,low_resolution,3a/b,46,17,92,hybrid_projected_network_logcpm_exact
top3_network_beam_local_region_candidates,20R057,A1,Temporal,"Parietal, and Parieto-occipital region | Temporal | Occipital/Temporal",0,1,CM,CL,3a/b,5,0,0,Temporal::A1 + CL + CM + ML + TPO,Temporal::A1 + CL + CM + ML + TPO,3a/b,"Parietal, and Parieto-occipital region::1-2 + 7a + 7b + 7m + 7op",1,1,1,low_resolution,training_n<8;nearest_centroid_corr>=0.95;fold_local_merged_confusion_group,A1 | CL | CM | ML | TPO,low_resolution,A1 | CL | CM | ML | TPO,46,17,92,hybrid_projected_network_logcpm_exact
top3_network_beam_local_region_candidates,20R058,CM,Temporal,"Parietal, and Parieto-occipital region | Temporal | Occipital/Temporal",0,1,CM,3a/b,A1,1,1,1,Temporal::A1 + CL + CM + ML + TPO,Temporal::A1 + CL + CM + ML + TPO,3a/b,"Parietal, and Parieto-occipital region::1-2 + 7a + 7b + 7m + 7op",1,1,1,low_resolution,training_n<8;nearest_centroid_corr>=0.95;fold_local_merged_confusion_group,A1 | CL | CM | ML | TPO,low_resolution,A1 | CL | CM | ML | TPO,46,17,92,hybrid_projected_network_logcpm_exact
top3_network_beam_local_region_candidates,20R061,TAa,Temporal,Temporal | Operculum/Insula | Orbitomedial Prefrontal Cortex (OMPFC),1,1,STG,TEad,RTL,10,0,0,Temporal::RM + TAa,Temporal::RTL + STG + TEav,Temporal::TEO + TEad + TEm + TEpd,AL,6,0,0,low_resolution,nearest_centroid_corr>=0.95;fold_local_merged_confusion_group,RTL | STG | TEav,low_resolution,RM | TAa,51,22,92,hybrid_projected_network_logcpm_exact
top3_network_beam_local_region_candidates,20R070,7b,"Parietal, and Parieto-occipital region","Parietal, and Parieto-occipital region | Temporal | Lateral Prefrontal Cortex",1,1,Tpt,7m,1-2,4,0,0,"Parietal, and Parieto-occipital region::5 + 7a + 7b + 7op + LIPd + LIPv + VIP",Temporal::TEpv + TFO + Tpt,7m,1-2,4,0,0,low_resolution,training_n<8;nearest_centroid_corr>=0.95;fold_local_merged_confusion_group,TEpv | TFO | Tpt,low_resolution,5 | 7a | 7b | 7op | LIPd | LIPv | VIP,50,18,92,hybrid_projected_network_logcpm_exact
top3_network_beam_local_region_candidates,20R076,5,"Parietal, and Parieto-occipital region","Parietal, and Parieto-occipital region | Temporal | Lateral Prefrontal Cortex",1,1,7m,7b,Tpt,6,0,0,"Parietal, and Parieto-occipital region::5 + 7a + 7b + 7op + LIPd + LIPv + VIP",7m,"Parietal, and Parieto-occipital region::5 + 7a + 7b + 7op + LIPd + LIPv + VIP",Temporal::TEpv + TFO + Tpt,2,0,1,low_resolution,training_n<8;nearest_centroid_corr>=0.95,7m,low_resolution,5 | 7a | 7b | 7op | LIPd | LIPv | VIP,50,18,92,hybrid_projected_network_logcpm_exact
top3_network_beam_local_region_candidates,20R079,VIP,"Parietal, and Parieto-occipital region","Parietal, and Parieto-occipital region | Lateral Prefrontal Cortex | Temporal",1,1,LIPd,LIPv,ML,5,0,0,"Parietal, and Parieto-occipital region::5 + 7a + 7b + 7op + LIPd + LIPv + VIP","Parietal, and Parieto-occipital region::5 + 7a + 7b + 7op + LIPd + LIPv + VIP",Temporal::A1 + CL + CM + ML + TPO,Lateral Prefrontal Cortex::44 + 45 + 8A + 8Bd + 8Bm + 8Bs + 9d + 9m,1,1,1,low_resolution,nearest_centroid_corr>=0.95;fold_local_merged_confusion_group,5 | 7a | 7b | 7op | LIPd | LIPv | VIP,low_resolution,5 | 7a | 7b | 7op | LIPd | LIPv | VIP,50,18,92,hybrid_projected_network_logcpm_exact
top3_network_beam_local_region_candidates,20R092,STG,Temporal,"Temporal | Parietal, and Parieto-occipital region | Operculum/Insula",1,1,AL,SII,TAa,18,0,0,Temporal::RTL + STG,Temporal::AL + R + TAa + TEav,Operculum/Insula::G + Iapl + Id + Ig + PrCO + SII,Temporal::IPa + PGa + TEO + TEa + TEad + TEm + TEpd,6,0,0,low_resolution,nearest_centroid_corr>=0.95;fold_local_merged_confusion_group,AL | R | TAa | TEav,low_resolution,RTL | STG,48,17,92,hybrid_projected_network_logcpm_exact
top3_network_beam_local_region_candidates,20R094,SII,Operculum/Insula,"Temporal | Orbitomedial Prefrontal Cortex (OMPFC) | Parietal, and Parieto-occipital region",0,0,AL,R,TPO,111,0,0,outside_network_beam,Temporal::AL + R,Temporal::A1 + CL + CM + ML + TEpv + TFO + TPO + Tpt,Temporal::IPa + PGa + TAa + TEO + TEa + TEm + TEpd,111,0,0,low_resolution,nearest_centroid_corr>=0.95;fold_local_merged_confusion_group,AL | R,outside_network_beam,,50,18,92,hybrid_projected_network_logcpm_exact
top3_network_beam_local_region_candidates,20R316,Ig,Operculum/Insula,Operculum/Insula | Orbitomedial Prefrontal Cortex (OMPFC) | Temporal,1,1,Ig,G,RM,1,1,1,Operculum/Insula::G + Iapl + Id + Ig + PrCO + SII,Operculum/Insula::G + Iapl + Id + Ig + PrCO + SII,Temporal::RM + TAa,Temporal::RT + RTM,1,1,1,low_resolution,nearest_centroid_corr>=0.95;fold_local_merged_confusion_group,G | Iapl | Id | Ig | PrCO | SII,low_resolution,G | Iapl | Id | Ig | PrCO | SII,51,22,92,hybrid_projected_network_logcpm_exact
top3_network_beam_local_region_candidates,20R363,Ri,Operculum/Insula,"Parietal, and Parieto-occipital region | Temporal | Operculum/Insula",0,1,Ri,ML,CM,1,1,1,Ri,Ri,Temporal::A1 + CL + CM + ML + TPO + Tpt,"Parietal, and Parieto-occipital region::1-2 + 5 + 7a + 7b + 7op + LIPd + LIPv + VIP",1,1,1,low_resolution,training_n<8;nearest_centroid_corr>=0.95,Ri,low_resolution,Ri,48,17,92,hybrid_projected_network_logcpm_exact
top3_network_beam_local_region_candidates,20R364,PGa,Temporal,"Temporal | Operculum/Insula | Parietal, and Parieto-occipital region",1,1,AL,TEm,SII,6,0,0,Temporal::IPa + PGa + TEO + TEa + TEad + TEm + TEpd,Temporal::AL + R + TAa + TEav,Temporal::IPa + PGa + TEO + TEa + TEad + TEm + TEpd,Operculum/Insula::G + Iapl + Id + Ig + PrCO + SII,2,0,1,low_resolution,nearest_centroid_corr>=0.95;fold_local_merged_confusion_group,AL | R | TAa | TEav,low_resolution,IPa | PGa | TEO | TEa | TEad | TEm | TEpd,48,17,92,hybrid_projected_network_logcpm_exact
top3_network_beam_local_region_candidates,20R365,IPa,Temporal,"Temporal | Parietal, and Parieto-occipital region | Operculum/Insula",1,1,IPa,TPO,SII,1,1,1,Temporal::IPa + PGa + TEO + TEa + TEad + TEm + TEpd,Temporal::IPa + PGa + TEO + TEa + TEad + TEm + TEpd,Temporal::A1 + CL + CM + ML + TPO + Tpt,Operculum/Insula::G + Iapl + Id + Ig + PrCO + SII,1,1,1,low_resolution,training_n<8;nearest_centroid_corr>=0.95;fold_local_merged_confusion_group,IPa | PGa | TEO | TEa | TEad | TEm | TEpd,low_resolution,IPa | PGa | TEO | TEa | TEad | TEm | TEpd,48,17,92,hybrid_projected_network_logcpm_exact
top3_network_beam_local_region_candidates,20R626,V1,Occipital/Temporal,"Occipital/Temporal | Parietal, and Parieto-occipital region | Temporal",1,1,V1,V2,V3v,1,1,1,Occipital/Temporal::FST + MST + V1 + V2 + V3d + V3v,Occipital/Temporal::FST + MST + V1 + V2 + V3d + V3v,MT,Temporal::A1 + CL + CM + ML + TPO,1,1,1,low_resolution,training_n<8;nearest_centroid_corr>=0.95;fold_local_merged_confusion_group,FST | MST | V1 | V2 | V3d | V3v,low_resolution,FST | MST | V1 | V2 | V3d | V3v,46,17,92,hybrid_projected_network_logcpm_exact
top3_network_beam_local_region_candidates,20R627,10m,Orbitomedial Prefrontal Cortex (OMPFC),Orbitomedial Prefrontal Cortex (OMPFC) | Lateral Prefrontal Cortex | Cingulate gyrus,1,1,12l,10o,10m,3,0,1,10m,Lateral Prefrontal Cortex::10o + 12l + 12r + 46d + 46v + 9d,10m,Orbitomedial Prefrontal Cortex (OMPFC)::11l + 11m + 12m + 12o + 13b + 13l + 13m,2,0,1,low_resolution,training_n<8;nearest_centroid_corr>=0.95;fold_local_merged_confusion_group,10o | 12l | 12r | 46d | 46v | 9d,low_resolution,10m,36,15,92,hybrid_projected_network_logcpm_exact
top3_network_beam_local_region_candidates,20R628,10o,Lateral Prefrontal Cortex,"Lateral Prefrontal Cortex | Parietal, and Parieto-occipital region | Orbitomedial Prefrontal Cortex (OMPFC)",1,1,12l,12r,46v,10,0,0,Lateral Prefrontal Cortex::10o + 12l + 12r + 46d + 46v,Lateral Prefrontal Cortex::10o + 12l + 12r + 46d + 46v,Orbitomedial Prefrontal Cortex (OMPFC)::10m + 11l + 11m + 12m + 12o + 13b + 13l + 13m,Lateral Prefrontal Cortex::44 + 45 + 8A + 8Bd + 8Bm + 8Bs + 9d + 9m,1,1,1,low_resolution,training_n<8;nearest_centroid_corr>=0.95;fold_local_merged_confusion_group,10o | 12l | 12r | 46d | 46v,low_resolution,10o | 12l | 12r | 46d | 46v,36,10,92,hybrid_projected_network_logcpm_exact
top3_network_beam_local_region_candidates,20R629,10o,Lateral Prefrontal Cortex,Lateral Prefrontal Cortex | Orbitomedial Prefrontal Cortex (OMPFC) | Cingulate gyrus,1,1,46d,46v,9d,21,0,0,Lateral Prefrontal Cortex::10o + 12l + 12r + 46d + 46v + 9d,Lateral Prefrontal Cortex::10o + 12l + 12r + 46d + 46v + 9d,Orbitomedial Prefrontal Cortex (OMPFC)::11l + 11m + 12m + 12o + 13b + 13l + 13m,Lateral Prefrontal Cortex::44 + 45 + 8A + 8Bd + 8Bm + 8Bs + 9m,1,1,1,low_resolution,nearest_centroid_corr>=0.95;fold_local_merged_confusion_group,10o | 12l | 12r | 46d | 46v | 9d,low_resolution,10o | 12l | 12r | 46d | 46v | 9d,36,15,92,hybrid_projected_network_logcpm_exact
top3_network_beam_local_region_candidates,20R630,V1,Occipital/Temporal,"Occipital/Temporal | Parietal, and Parieto-occipital region | Temporal",1,1,V1,V2,V3v,1,1,1,Occipital/Temporal::FST + MST + V1 + V2 + V3d + V3v,Occipital/Temporal::FST + MST + V1 + V2 + V3d + V3v,MT,Temporal::A1 + CL + CM + ML + TPO,1,1,1,low_resolution,training_n<8;nearest_centroid_corr>=0.95;fold_local_merged_confusion_group,FST | MST | V1 | V2 | V3d | V3v,low_resolution,FST | MST | V1 | V2 | V3d | V3v,46,17,92,hybrid_projected_network_logcpm_exact
top3_network_beam_local_region_candidates,20R631,V2,Occipital/Temporal,"Occipital/Temporal | Parietal, and Parieto-occipital region | Temporal",1,1,V1,V2,V3v,2,0,1,Occipital/Temporal::FST + MST + V1 + V2 + V3d + V3v,Occipital/Temporal::FST + MST + V1 + V2 + V3d + V3v,MT,Temporal::A1 + CL + CM + ML + TPO,1,1,1,low_resolution,training_n<8;nearest_centroid_corr>=0.95;fold_local_merged_confusion_group,FST | MST | V1 | V2 | V3d | V3v,low_resolution,FST | MST | V1 | V2 | V3d | V3v,46,17,92,hybrid_projected_network_logcpm_exact
top3_network_beam_local_region_candidates,20R632,Cd,Subcortical,Subcortical | Hippocampal formation | Operculum/Insula,1,1,Cd,pu,NAcc,1,1,1,Subcortical::Cd + NAcc + pu,Subcortical::Cd + NAcc + pu,GP,Amy,1,1,1,low_resolution,training_n<8;nearest_centroid_corr>=0.95;fold_local_merged_confusion_group,Cd | NAcc | pu,low_resolution,Cd | NAcc | pu,20,10,92,hybrid_projected_network_logcpm_exact
top3_network_beam_local_region_candidates,20R633,pu,Subcortical,Subcortical | Hippocampal formation | Operculum/Insula,1,1,pu,Cd,NAcc,1,1,1,Subcortical::Cd + NAcc + pu,Subcortical::Cd + NAcc + pu,GP,Amy,1,1,1,low_resolution,training_n<8;nearest_centroid_corr>=0.95;fold_local_merged_confusion_group,Cd | NAcc | pu,low_resolution,Cd | NAcc | pu,20,10,92,hybrid_projected_network_logcpm_exact
top3_network_beam_local_region_candidates,20R634,Cd,Subcortical,Subcortical | Hippocampal formation | Operculum/Insula,1,1,Cd,pu,NAcc,1,1,1,Subcortical::Cd + NAcc + pu,Subcortical::Cd + NAcc + pu,GP,Amy,1,1,1,low_resolution,training_n<8;nearest_centroid_corr>=0.95;fold_local_merged_confusion_group,Cd | NAcc | pu,low_resolution,Cd | NAcc | pu,20,10,92,hybrid_projected_network_logcpm_exact
top3_network_beam_local_region_candidates,20R635,pu,Subcortical,Subcortical | Hippocampal formation | Operculum/Insula,1,1,pu,Cd,NAcc,1,1,1,Subcortical::Cd + NAcc + pu,Subcortical::Cd + NAcc + pu,GP,Amy,1,1,1,low_resolution,training_n<8;nearest_centroid_corr>=0.95;fold_local_merged_confusion_group,Cd | NAcc | pu,low_resolution,Cd | NAcc | pu,20,10,92,hybrid_projected_network_logcpm_exact
top3_network_beam_local_region_candidates,qbt-L-10o_BRRL200004689-1A,10o,Lateral Prefrontal Cortex,Orbitomedial Prefrontal Cortex (OMPFC) | Temporal | Lateral Prefrontal Cortex,0,1,11l,11m,10o,3,0,1,Lateral Prefrontal Cortex::10o + 12l + 12r + 46d + 46v,Orbitomedial Prefrontal Cortex (OMPFC)::11l + 12m + 12o + 13l + 13m + 32,Orbitomedial Prefrontal Cortex (OMPFC)::11m + 13a + 14c + 25,Lateral Prefrontal Cortex::10o + 12l + 12r + 46d + 46v,3,0,1,low_resolution,nearest_centroid_corr>=0.95;fold_local_merged_confusion_group,11l | 12m | 12o | 13l | 13m | 32,low_resolution,10o | 12l | 12r | 46d | 46v,53,16,qbt,hybrid_projected_network_logcpm_exact
top3_network_beam_local_region_candidates,qbt-L-46d_BRRL200004690-1A,46d,Lateral Prefrontal Cortex,"Orbitomedial Prefrontal Cortex (OMPFC) | Lateral Prefrontal Cortex | Parietal, and Parieto-occipital region",0,1,10o,11l,46v,10,0,0,Lateral Prefrontal Cortex::10o + 12l + 12r + 46d + 46v + 8Bm + 9d + 9m,Lateral Prefrontal Cortex::10o + 12l + 12r + 46d + 46v + 8Bm + 9d + 9m,Orbitomedial Prefrontal Cortex (OMPFC)::11l + 12m + 12o + 13l + 13m + 32,Orbitomedial Prefrontal Cortex (OMPFC)::10m + 11m + 13b + 14r,1,1,1,low_resolution,nearest_centroid_corr>=0.95;fold_local_merged_confusion_group,10o | 12l | 12r | 46d | 46v | 8Bm | 9d | 9m,low_resolution,10o | 12l | 12r | 46d | 46v | 8Bm | 9d | 9m,36,8,qbt,hybrid_projected_network_logcpm_exact
top3_network_beam_local_region_candidates,qbt-R-F2_BRRL200004708-1A,F2,Frontal (agranular frontal motor areas),"Lateral Prefrontal Cortex | Parietal, and Parieto-occipital region | Frontal (agranular frontal motor areas)",0,1,F7,F4,8A,7,0,0,Frontal (agranular frontal motor areas)::F1 + F2,F7,F4,Lateral Prefrontal Cortex::10o + 12r + 44 + 45 + 46d + 46v + 8A + 8Bs,6,0,0,low_resolution,training_n<8;nearest_centroid_corr>=0.95,F7,low_resolution,F1 | F2,30,10,qbt,hybrid_projected_network_logcpm_exact
top3_network_beam_local_region_candidates,qbt-L-LIpd_BRRL200004705-1A,LIPd,"Parietal, and Parieto-occipital region","Temporal | Parietal, and Parieto-occipital region | Occipital/Temporal",0,1,TEa,3a/b,LIPv,4,0,0,"Parietal, and Parieto-occipital region::3a/b + 5 + LIPd + LIPv + VIP",TEa,"Parietal, and Parieto-occipital region::3a/b + 5 + LIPd + LIPv + VIP",Temporal::A1 + AL + CL + CM + ML + R + TPO + Tpt,2,0,1,low_resolution,training_n<8;nearest_centroid_corr>=0.95,TEa,low_resolution,3a/b | 5 | LIPd | LIPv | VIP,45,13,qbt,hybrid_projected_network_logcpm_exact
top3_network_beam_local_region_candidates,qbt-R-3a-b-7-27_BRRL200004714-1A,3a/b,"Parietal, and Parieto-occipital region","Parietal, and Parieto-occipital region | Occipital/Temporal | Temporal",1,1,MST,VIP,3a/b,3,0,1,"Parietal, and Parieto-occipital region::3a/b + 5 + LIPd + LIPv + VIP",Occipital/Temporal::FST + MST + V1 + V2 + V3d + V3v + V4 + V4v,"Parietal, and Parieto-occipital region::3a/b + 5 + LIPd + LIPv + VIP",Temporal::A1 + AL + CL + CM + ML + R + TPO + Tpt,2,0,1,low_resolution,training_n<8;nearest_centroid_corr>=0.95;fold_local_merged_confusion_group,FST | MST | V1 | V2 | V3d | V3v | V4 | V4v,low_resolution,3a/b | 5 | LIPd | LIPv | VIP,45,13,qbt,hybrid_projected_network_logcpm_exact
top3_network_beam_local_region_candidates,qbt-R-VIP-7-29_BRRL200004938-1A,VIP,"Parietal, and Parieto-occipital region","Parietal, and Parieto-occipital region | Occipital/Temporal | Temporal",1,1,LIPv,VIP,MST,2,0,1,"Parietal, and Parieto-occipital region::3a/b + 5 + LIPd + LIPv + VIP","Parietal, and Parieto-occipital region::3a/b + 5 + LIPd + LIPv + VIP",Occipital/Temporal::FST + MST + V1 + V2 + V3d + V3v + V4 + V4v,TEa,1,1,1,low_resolution,nearest_centroid_corr>=0.95;fold_local_merged_confusion_group,3a/b | 5 | LIPd | LIPv | VIP,low_resolution,3a/b | 5 | LIPd | LIPv | VIP,45,13,qbt,hybrid_projected_network_logcpm_exact
top3_network_beam_local_region_candidates,qbt-R-LIpd-7-29_BRRL200004939-1A,LIPd,"Parietal, and Parieto-occipital region","Parietal, and Parieto-occipital region | Temporal | Occipital/Temporal",1,1,TEa,LIPv,VIP,8,0,0,"Parietal, and Parieto-occipital region::3a/b + 5 + LIPd + LIPv + VIP",TEa,"Parietal, and Parieto-occipital region::3a/b + 5 + LIPd + LIPv + VIP",7m,2,0,1,low_resolution,training_n<8;nearest_centroid_corr>=0.95,TEa,low_resolution,3a/b | 5 | LIPd | LIPv | VIP,45,13,qbt,hybrid_projected_network_logcpm_exact
top3_network_beam_local_region_candidates,qbt-R-7a-7-29_BRRL200004940-1A,7a,"Parietal, and Parieto-occipital region","Temporal | Parietal, and Parieto-occipital region | Lateral Prefrontal Cortex",0,1,TEa,7m,LIPd,7,0,0,"Parietal, and Parieto-occipital region::1-2 + 7a + 7b + 7op",TEa,7m,"Parietal, and Parieto-occipital region::3a/b + 5 + LIPd + LIPv + VIP",5,0,0,low_resolution,training_n<8;nearest_centroid_corr>=0.95,TEa,low_resolution,1-2 | 7a | 7b | 7op,50,16,qbt,hybrid_projected_network_logcpm_exact
top3_network_beam_local_region_candidates,qbt-R-MST-7-29_BRRL200004941-1A,MST,Occipital/Temporal,"Parietal, and Parieto-occipital region | Occipital/Temporal | Temporal",0,1,LIPv,VIP,TEa,4,0,0,Occipital/Temporal::FST + MST + V1 + V2 + V3d + V3v + V4 + V4v,"Parietal, and Parieto-occipital region::3a/b + 5 + LIPd + LIPv + VIP",TEa,Occipital/Temporal::FST + MST + V1 + V2 + V3d + V3v + V4 + V4v,3,0,1,low_resolution,nearest_centroid_corr>=0.95;fold_local_merged_confusion_group,3a/b | 5 | LIPd | LIPv | VIP,low_resolution,FST | MST | V1 | V2 | V3d | V3v | V4 | V4v,45,13,qbt,hybrid_projected_network_logcpm_exact
top3_network_beam_local_region_candidates,qbt-R-FST-7-29_BRRL200004943-1A,FST,Occipital/Temporal,"Occipital/Temporal | Parietal, and Parieto-occipital region | Temporal",1,1,MST,VIP,LIPv,5,0,0,Occipital/Temporal::FST + MST + V1 + V2 + V3d + V3v + V4 + V4v,Occipital/Temporal::FST + MST + V1 + V2 + V3d + V3v + V4 + V4v,"Parietal, and Parieto-occipital region::3a/b + 5 + LIPd + LIPv + VIP",TEa,1,1,1,low_resolution,training_n<8;nearest_centroid_corr>=0.95;fold_local_merged_confusion_group,FST | MST | V1 | V2 | V3d | V3v | V4 | V4v,low_resolution,FST | MST | V1 | V2 | V3d | V3v | V4 | V4v,45,13,qbt,hybrid_projected_network_logcpm_exact
top3_network_beam_local_region_candidates,qbt-R-V4v-7-29_BRRL200004944-1A,V4v,Occipital/Temporal,"Occipital/Temporal | Temporal | Parietal, and Parieto-occipital region",1,1,TEa,TEO,3a/b,8,0,0,Occipital/Temporal::FST + MST + V1 + V2 + V3d + V3v + V4 + V4v,TEa,Temporal::IPa + PGa + TAa + TEO + TEad + TEm + TEpd + TEpv,"Parietal, and Parieto-occipital region::3a/b + 5 + LIPd + LIPv + VIP",6,0,0,low_resolution,training_n<8;nearest_centroid_corr>=0.95,TEa,low_resolution,FST | MST | V1 | V2 | V3d | V3v | V4 | V4v,45,13,qbt,hybrid_projected_network_logcpm_exact
top3_network_beam_local_region_candidates,qbt-R-V3v-7-29_BRRL200004945-1A,V3v,Occipital/Temporal,"Temporal | Parietal, and Parieto-occipital region | Orbitomedial Prefrontal Cortex (OMPFC)",0,0,TAa,TEav,TEad,111,0,0,outside_network_beam,Temporal::IPa + PGa + TAa + TEO + TEad + TEav + TEm + TEpd,Temporal::RM + RT + RTM,Temporal::RTL + STG,111,0,0,low_resolution,training_n<8;nearest_centroid_corr>=0.95;fold_local_merged_confusion_group,IPa | PGa | TAa | TEO | TEad | TEav | TEm | TEpd,outside_network_beam,,50,18,qbt,hybrid_projected_network_logcpm_exact
top3_network_beam_local_region_candidates,qbt-R-V2-7-29_BRRL200004946-1A,V2,Occipital/Temporal,Temporal | Operculum/Insula | Orbitomedial Prefrontal Cortex (OMPFC),0,0,36c,TF,TG,111,0,0,outside_network_beam,36c,TF,TG,111,0,0,low_resolution,training_n<8;nearest_centroid_corr>=0.95,36c,outside_network_beam,,51,21,qbt,hybrid_projected_network_logcpm_exact
top3_network_beam_local_region_candidates,qbt-L-F3-8-2_BRRL200004954-1A,F3,Frontal (agranular frontal motor areas),"Frontal (agranular frontal motor areas) | Lateral Prefrontal Cortex | Parietal, and Parieto-occipital region",1,1,F1,F2,8Bs,6,0,0,F3,Frontal (agranular frontal motor areas)::F1 + F2,Lateral Prefrontal Cortex::10o + 12r + 44 + 45 + 46d + 46v + 8A + 8Bs,F7,5,0,0,low_resolution,nearest_centroid_corr>=0.95;fold_local_merged_confusion_group,F1 | F2,low_resolution,F3,30,10,qbt,hybrid_projected_network_logcpm_exact
top3_network_beam_local_region_candidates,qbt-L-F2-8-2_BRRL200004955-1A,F2,Frontal (agranular frontal motor areas),"Frontal (agranular frontal motor areas) | Lateral Prefrontal Cortex | Parietal, and Parieto-occipital region",1,1,F1,F2,8Bs,2,0,1,Frontal (agranular frontal motor areas)::F1 + F2,Frontal (agranular frontal motor areas)::F1 + F2,Lateral Prefrontal Cortex::10o + 12r + 44 + 45 + 46d + 46v + 8A + 8Bs,"Parietal, and Parieto-occipital region::3a/b + 5 + 7m + LIPd + LIPv + VIP",1,1,1,low_resolution,nearest_centroid_corr>=0.95;fold_local_merged_confusion_group,F1 | F2,low_resolution,F1 | F2,30,10,qbt,hybrid_projected_network_logcpm_exact
top3_network_beam_local_region_candidates,qbt-L-F1-8-2_BRRL200004956-1A,F1,Frontal (agranular frontal motor areas),"Frontal (agranular frontal motor areas) | Lateral Prefrontal Cortex | Parietal, and Parieto-occipital region",1,1,F1,VIP,3a/b,1,1,1,Frontal (agranular frontal motor areas)::F1 + F2,Frontal (agranular frontal motor areas)::F1 + F2,"Parietal, and Parieto-occipital region::3a/b + 5 + 7m + LIPd + LIPv + VIP",Lateral Prefrontal Cortex::10o + 12r + 44 + 45 + 46d + 46v + 8A + 8Bs,1,1,1,low_resolution,nearest_centroid_corr>=0.95;fold_local_merged_confusion_group,F1 | F2,low_resolution,F1 | F2,30,10,qbt,hybrid_projected_network_logcpm_exact
top3_network_beam_local_region_candidates,qbt-L-STGr-8-2_BRRL200004957-1A,STG,Temporal,Temporal | Operculum/Insula | Orbitomedial Prefrontal Cortex (OMPFC),1,1,TAa,TEav,STG,3,0,1,Temporal::RTL + STG,TAa,Temporal::CL + ML + TEav + TEpv + TFO + TPO + Tpt,Temporal::RTL + STG,3,0,1,low_resolution,training_n<8;nearest_centroid_corr>=0.95,TAa,low_resolution,RTL | STG,51,21,qbt,hybrid_projected_network_logcpm_exact
top3_network_beam_local_region_candidates,qbt-L-1-2-8-2_BRRL200004958-1A,1-2,"Parietal, and Parieto-occipital region","Parietal, and Parieto-occipital region | Temporal | Occipital/Temporal",1,1,TEa,3a/b,LIPv,18,0,0,"Parietal, and Parieto-occipital region::1-2 + 7a + 7b + 7op",TEa,"Parietal, and Parieto-occipital region::3a/b + 5 + LIPd + LIPv + VIP",Temporal::A1 + AL + CL + CM + ML + R + TPO + Tpt,7,0,0,low_resolution,training_n<8;nearest_centroid_corr>=0.95,TEa,low_resolution,1-2 | 7a | 7b | 7op,45,13,qbt,hybrid_projected_network_logcpm_exact
top3_network_beam_local_region_candidates,qbt-L-SII-8-2_BRRL200004959-1A,SII,Operculum/Insula,"Temporal | Parietal, and Parieto-occipital region | Lateral Prefrontal Cortex",0,0,TPO,7op,TEa,111,0,0,outside_network_beam,Temporal::A1 + AL + CL + CM + ML + R + TPO + Tpt,"Parietal, and Parieto-occipital region::1-2 + 7a + 7b + 7op",TEa,111,0,0,low_resolution,nearest_centroid_corr>=0.95;fold_local_merged_confusion_group,A1 | AL | CL | CM | ML | R | TPO | Tpt,outside_network_beam,,50,16,qbt,hybrid_projected_network_logcpm_exact
top3_network_beam_local_region_candidates,qbt-L-Ig-8-10_BRRL200004965-1A,Ig,Operculum/Insula,"Temporal | Parietal, and Parieto-occipital region | Orbitomedial Prefrontal Cortex (OMPFC)",0,0,PGa,TAa,TPO,111,0,0,outside_network_beam,Temporal::IPa + PGa + TAa + TEO + TEad + TEav + TEm + TEpd,Temporal::CL + ML + TFO + TPO + Tpt,Temporal::A1 + CM + R,111,0,0,low_resolution,training_n<8;nearest_centroid_corr>=0.95;fold_local_merged_confusion_group,IPa | PGa | TAa | TEO | TEad | TEav | TEm | TEpd,outside_network_beam,,50,18,qbt,hybrid_projected_network_logcpm_exact
top3_network_beam_local_region_candidates,qbt-L-Id-8-10_BRRL200004966-1A,Id,Operculum/Insula,Temporal | Operculum/Insula | Orbitomedial Prefrontal Cortex (OMPFC),0,1,Id,Iapl,G,1,1,1,Operculum/Insula::Iapl + Id + PrCO,Operculum/Insula::Iapl + Id + PrCO,Operculum/Insula::G + Ig + Ri + SII,Temporal::RM + RT + RTM,1,1,1,low_resolution,nearest_centroid_corr>=0.95;fold_local_merged_confusion_group,Iapl | Id | PrCO,low_resolution,Iapl | Id | PrCO,51,21,qbt,hybrid_projected_network_logcpm_exact
top3_network_beam_local_region_candidates,qbt-L-pi-8-10_BRRL200004967-1A,Pi,Operculum/Insula,Temporal | Operculum/Insula | Orbitomedial Prefrontal Cortex (OMPFC),0,1,Id,Iapl,Ial,4,0,0,Operculum/Insula::Ia + Ial + Iapm + Pi,Operculum/Insula::Iapl + Id + PrCO,Operculum/Insula::Ia + Ial + Iapm + Pi,Temporal::RM + RT + RTM,2,0,1,low_resolution,nearest_centroid_corr>=0.95;fold_local_merged_confusion_group,Iapl | Id | PrCO,low_resolution,Ia | Ial | Iapm | Pi,51,21,qbt,hybrid_projected_network_logcpm_exact
top3_network_beam_local_region_candidates,qbt-L-TEa-8-10_BRRL200004968-1A,TEa,Temporal,"Temporal | Occipital/Temporal | Parietal, and Parieto-occipital region",1,1,TEa,TPO,V4v,1,1,1,TEa,TEa,Temporal::A1 + AL + CL + CM + ML + R + TPO + Tpt,Occipital/Temporal::FST + MST + V1 + V2 + V3d + V3v + V4 + V4v,1,1,1,low_resolution,training_n<8;nearest_centroid_corr>=0.95,TEa,low_resolution,TEa,45,13,qbt,hybrid_projected_network_logcpm_exact
top3_network_beam_local_region_candidates,qbt-L-TEad-8-11_BRRL200004969-1A,TEad,Temporal,"Temporal | Occipital/Temporal | Parietal, and Parieto-occipital region",1,1,TEa,TEO,V4v,30,0,0,Temporal::IPa + PGa + TAa + TEO + TEad + TEm + TEpd + TEpv,TEa,Temporal::IPa + PGa + TAa + TEO + TEad + TEm + TEpd + TEpv,Occipital/Temporal::FST + MST + V1 + V2 + V3d + V3v + V4 + V4v,2,0,1,low_resolution,training_n<8;nearest_centroid_corr>=0.95,TEa,low_resolution,IPa | PGa | TAa | TEO | TEad | TEm | TEpd | TEpv,45,13,qbt,hybrid_projected_network_logcpm_exact
top3_network_beam_local_region_candidates,qbt-L-24c-8-11_BRRL200004971-1A,24c,Cingulate gyrus,"Lateral Prefrontal Cortex | Orbitomedial Prefrontal Cortex (OMPFC) | Parietal, and Parieto-occipital region",0,0,9m,11l,46v,111,0,0,outside_network_beam,Lateral Prefrontal Cortex::10o + 12l + 12r + 46d + 46v + 8Bm + 9d + 9m,Orbitomedial Prefrontal Cortex (OMPFC)::11l + 12m + 12o + 13l + 13m + 32,8Bd,111,0,0,low_resolution,training_n<8;nearest_centroid_corr>=0.95;fold_local_merged_confusion_group,10o | 12l | 12r | 46d | 46v | 8Bm | 9d | 9m,outside_network_beam,,36,8,qbt,hybrid_projected_network_logcpm_exact
top3_network_beam_local_region_candidates,qbt-L-9m-8-13_BRRL200004985-1A,9m,Lateral Prefrontal Cortex,Lateral Prefrontal Cortex | Orbitomedial Prefrontal Cortex (OMPFC) | Frontal (agranular frontal motor areas),1,1,9m,11l,11m,1,1,1,Lateral Prefrontal Cortex::10o + 12l + 12r + 46d + 46v + 8Bm + 9d + 9m,Lateral Prefrontal Cortex::10o + 12l + 12r + 46d + 46v + 8Bm + 9d + 9m,Orbitomedial Prefrontal Cortex (OMPFC)::11l + 12m + 12o + 13l + 13m + 32,11m,1,1,1,low_resolution,training_n<8;nearest_centroid_corr>=0.95;fold_local_merged_confusion_group,10o | 12l | 12r | 46d | 46v | 8Bm | 9d | 9m,low_resolution,10o | 12l | 12r | 46d | 46v | 8Bm | 9d | 9m,33,10,qbt,hybrid_projected_network_logcpm_exact
top3_network_beam_local_region_candidates,qbt-L-46v-8-13_BRRL200004986-1A,46v,Lateral Prefrontal Cortex,"Lateral Prefrontal Cortex | Parietal, and Parieto-occipital region | Temporal",1,1,46d,46v,45,2,0,1,Lateral Prefrontal Cortex::10o + 12l + 12r + 44 + 45 + 46d + 46v,Lateral Prefrontal Cortex::10o + 12l + 12r + 44 + 45 + 46d + 46v,Lateral Prefrontal Cortex::8A + 8Bd + 8Bm + 8Bs + 9d + 9m,"Parietal, and Parieto-occipital region::1-2 + 7a + 7b + 7op",1,1,1,low_resolution,nearest_centroid_corr>=0.95;fold_local_merged_confusion_group,10o | 12l | 12r | 44 | 45 | 46d | 46v,low_resolution,10o | 12l | 12r | 44 | 45 | 46d | 46v,50,16,qbt,hybrid_projected_network_logcpm_exact
top3_network_beam_local_region_candidates,qbt-L-12r-8-13_BRRL200004987-1A,12r,Lateral Prefrontal Cortex,"Parietal, and Parieto-occipital region | Lateral Prefrontal Cortex | Temporal",0,1,46d,45,8A,12,0,0,Lateral Prefrontal Cortex::10o + 12l + 12r + 44 + 45 + 46d + 46v,Lateral Prefrontal Cortex::10o + 12l + 12r + 44 + 45 + 46d + 46v,Lateral Prefrontal Cortex::8A + 8Bd + 8Bm + 8Bs + 9d + 9m,"Parietal, and Parieto-occipital region::1-2 + 7a + 7b + 7op",1,1,1,low_resolution,nearest_centroid_corr>=0.95;fold_local_merged_confusion_group,10o | 12l | 12r | 44 | 45 | 46d | 46v,low_resolution,10o | 12l | 12r | 44 | 45 | 46d | 46v,50,16,qbt,hybrid_projected_network_logcpm_exact
top3_network_beam_local_region_candidates,qbt-L-12m-8-13_BRRL200004988-1A,12m,Orbitomedial Prefrontal Cortex (OMPFC),"Temporal | Parietal, and Parieto-occipital region | Lateral Prefrontal Cortex",0,0,46v,46d,12r,111,0,0,outside_network_beam,Lateral Prefrontal Cortex::10o + 12l + 12r + 44 + 45 + 46d + 46v,"Parietal, and Parieto-occipital region::1-2 + 7a + 7b + 7op",Temporal::IPa + PGa + TAa + TEad + TEav + TEm + TEpv,111,0,0,low_resolution,training_n<8;nearest_centroid_corr>=0.95;fold_local_merged_confusion_group,10o | 12l | 12r | 44 | 45 | 46d | 46v,outside_network_beam,,50,16,qbt,hybrid_projected_network_logcpm_exact
top3_network_beam_local_region_candidates,qbt-L-11m-8-13_BRRL200004989-1A,11m,Orbitomedial Prefrontal Cortex (OMPFC),Lateral Prefrontal Cortex | Temporal | Orbitomedial Prefrontal Cortex (OMPFC),0,1,11l,46v,13l,6,0,0,Orbitomedial Prefrontal Cortex (OMPFC)::11m + 13a + 14c + 25,Orbitomedial Prefrontal Cortex (OMPFC)::11l + 12m + 12o + 13l + 13m + 32,Lateral Prefrontal Cortex::10o + 12l + 12r + 46d + 46v,Orbitomedial Prefrontal Cortex (OMPFC)::11m + 13a + 14c + 25,3,0,1,low_resolution,nearest_centroid_corr>=0.95;fold_local_merged_confusion_group,11l | 12m | 12o | 13l | 13m | 32,low_resolution,11m | 13a | 14c | 25,53,16,qbt,hybrid_projected_network_logcpm_exact
top3_network_beam_local_region_candidates,qbt-L-11l-8-13_BRRL200004990-1A,11l,Orbitomedial Prefrontal Cortex (OMPFC),"Temporal | Parietal, and Parieto-occipital region | Orbitomedial Prefrontal Cortex (OMPFC)",0,1,11l,13l,12m,1,1,1,Orbitomedial Prefrontal Cortex (OMPFC)::11l + 12m + 13l + 13m,Orbitomedial Prefrontal Cortex (OMPFC)::11l + 12m + 13l + 13m,11m,Temporal::IPa + PGa + TAa + TEO + TEad + TEav + TEm + TEpd,1,1,1,low_resolution,nearest_centroid_corr>=0.95;fold_local_merged_confusion_group,11l | 12m | 13l | 13m,low_resolution,11l | 12m | 13l | 13m,50,18,qbt,hybrid_projected_network_logcpm_exact
top3_network_beam_local_region_candidates,qbt-L-13b-8-13_BRRL200004991-1A,13b,Orbitomedial Prefrontal Cortex (OMPFC),Orbitomedial Prefrontal Cortex (OMPFC) | Temporal | Lateral Prefrontal Cortex,1,1,11l,10o,11m,6,0,0,Orbitomedial Prefrontal Cortex (OMPFC)::13b + 14r,Orbitomedial Prefrontal Cortex (OMPFC)::11l + 12m + 12o + 13l + 13m + 32,Lateral Prefrontal Cortex::10o + 12l + 12r + 46d + 46v,Orbitomedial Prefrontal Cortex (OMPFC)::11m + 13a + 14c + 25,5,0,0,low_resolution,nearest_centroid_corr>=0.95;fold_local_merged_confusion_group,11l | 12m | 12o | 13l | 13m | 32,low_resolution,13b | 14r,53,16,qbt,hybrid_projected_network_logcpm_exact
top3_network_beam_local_region_candidates,qbt-L-10m-8-13_BRRL200004992-1A,10m,Orbitomedial Prefrontal Cortex (OMPFC),Orbitomedial Prefrontal Cortex (OMPFC) | Operculum/Insula | Temporal,1,1,Iapl,Id,G,26,0,0,Orbitomedial Prefrontal Cortex (OMPFC)::10m + 13b,Operculum/Insula::Iapl + Id + PrCO,Operculum/Insula::G + Ig + Ri + SII,Orbitomedial Prefrontal Cortex (OMPFC)::11m + 13a + 14c + 25,5,0,0,low_resolution,training_n<8;nearest_centroid_corr>=0.95;fold_local_merged_confusion_group,Iapl | Id | PrCO,low_resolution,10m | 13b,51,21,qbt,hybrid_projected_network_logcpm_exact
top3_network_beam_local_region_candidates,qbt-L-24c-8-13_BRRL200004993-1A,24c,Cingulate gyrus,Orbitomedial Prefrontal Cortex (OMPFC) | Cingulate gyrus | Operculum/Insula,0,1,24b,32,24c,3,0,1,Cingulate gyrus::23b + 23c + 24a' + 24b + 24b' + 24c + 24c',Cingulate gyrus::23b + 23c + 24a' + 24b + 24b' + 24c + 24c',32,Orbitomedial Prefrontal Cortex (OMPFC)::12o + 13l + 13m,1,1,1,low_resolution,training_n<8;nearest_centroid_corr>=0.95;fold_local_merged_confusion_group,23b | 23c | 24a' | 24b | 24b' | 24c | 24c',low_resolution,23b | 23c | 24a' | 24b | 24b' | 24c | 24c',34,10,qbt,hybrid_projected_network_logcpm_exact
top3_network_beam_local_region_candidates,qbt-L-F5-8-14_BRRL200006259-1A,F5,Frontal (agranular frontal motor areas),"Lateral Prefrontal Cortex | Frontal (agranular frontal motor areas) | Parietal, and Parieto-occipital region",0,1,8Bs,F7,8A,27,0,0,F5,Lateral Prefrontal Cortex::10o + 12r + 44 + 45 + 46d + 46v + 8A + 8Bs,F7,Frontal (agranular frontal motor areas)::F1 + F2,10,0,0,low_resolution,nearest_centroid_corr>=0.95;fold_local_merged_confusion_group,10o | 12r | 44 | 45 | 46d | 46v | 8A | 8Bs,low_resolution,F5,30,10,qbt,hybrid_projected_network_logcpm_exact
top3_network_beam_local_region_candidates,qbt-L-F4-8-14_BRRL200006260-1A,F4,Frontal (agranular frontal motor areas),"Parietal, and Parieto-occipital region | Lateral Prefrontal Cortex | Frontal (agranular frontal motor areas)",0,1,F4,8Bs,8A,1,1,1,F4,F4,Lateral Prefrontal Cortex::10o + 12r + 44 + 45 + 46d + 46v + 8A + 8Bs,F7,1,1,1,low_resolution,training_n<8;nearest_centroid_corr>=0.95,F4,low_resolution,F4,30,10,qbt,hybrid_projected_network_logcpm_exact
top3_network_beam_local_region_candidates,qbt-L-Prco-8-14_BRRL200006261-1A,PrCO,Operculum/Insula,Temporal | Orbitomedial Prefrontal Cortex (OMPFC) | Operculum/Insula,0,1,PrCO,11l,11m,1,1,1,Operculum/Insula::Iapl + Id + PrCO,Operculum/Insula::Iapl + Id + PrCO,Orbitomedial Prefrontal Cortex (OMPFC)::11l + 12m + 12o + 13l + 13m,Orbitomedial Prefrontal Cortex (OMPFC)::11m + 13a + 14c + 25,1,1,1,low_resolution,training_n<8;nearest_centroid_corr>=0.95;fold_local_merged_confusion_group,Iapl | Id | PrCO,low_resolution,Iapl | Id | PrCO,51,21,qbt,hybrid_projected_network_logcpm_exact
top3_network_beam_local_region_candidates,qbt-L-G-8-14_BRRL200006262-1A,G,Operculum/Insula,"Temporal | Parietal, and Parieto-occipital region | Operculum/Insula",0,1,TAa,PGa,AL,7,0,0,Operculum/Insula::G + Iapl + Id + PrCO,Temporal::AL + CL + ML + R + TAa + TPO + Tpt,Temporal::IPa + PGa,Operculum/Insula::Ig + Ri + SII,4,0,0,low_resolution,training_n<8;nearest_centroid_corr>=0.95;fold_local_merged_confusion_group,AL | CL | ML | R | TAa | TPO | Tpt,low_resolution,G | Iapl | Id | PrCO,48,15,qbt,hybrid_projected_network_logcpm_exact
top3_network_beam_local_region_candidates,qbt-L-Ial-8-14_BRRL200006263-1A,Ial,Operculum/Insula,Operculum/Insula | Temporal | Orbitomedial Prefrontal Cortex (OMPFC),1,1,Ial,Pi,Iapm,1,1,1,Operculum/Insula::Ia + Ial + Iapm + Pi,Operculum/Insula::Ia + Ial + Iapm + Pi,Operculum/Insula::Iapl + Id + PrCO,Temporal::RM + RT + RTM,1,1,1,low_resolution,training_n<8;nearest_centroid_corr>=0.95;fold_local_merged_confusion_group,Ia | Ial | Iapm | Pi,low_resolution,Ia | Ial | Iapm | Pi,51,21,qbt,hybrid_projected_network_logcpm_exact
top3_network_beam_local_region_candidates,qbt-L-Iapm-8-14_BRRL200006264-1A,Iapm,Operculum/Insula,Operculum/Insula | Orbitomedial Prefrontal Cortex (OMPFC) | Temporal,1,1,Ial,Pi,Iapm,3,0,1,Operculum/Insula::Ia + Ial + Iapm + Pi,Operculum/Insula::Ia + Ial + Iapm + Pi,Operculum/Insula::Iapl + Id + PrCO,Temporal::RM + RT + RTM,1,1,1,low_resolution,training_n<8;nearest_centroid_corr>=0.95;fold_local_merged_confusion_group,Ia | Ial | Iapm | Pi,low_resolution,Ia | Ial | Iapm | Pi,51,21,qbt,hybrid_projected_network_logcpm_exact
top3_network_beam_local_region_candidates,qbt-R-9d-8-18_BRRL200006271-1A,9d,Lateral Prefrontal Cortex,"Lateral Prefrontal Cortex | Orbitomedial Prefrontal Cortex (OMPFC) | Parietal, and Parieto-occipital region",1,1,46v,11l,10o,13,0,0,Lateral Prefrontal Cortex::10o + 12l + 12r + 46d + 46v + 8Bm + 9d + 9m,Lateral Prefrontal Cortex::10o + 12l + 12r + 46d + 46v + 8Bm + 9d + 9m,Orbitomedial Prefrontal Cortex (OMPFC)::11l + 12m + 12o + 13l + 13m + 32,Orbitomedial Prefrontal Cortex (OMPFC)::10m + 11m + 13b + 14r,1,1,1,low_resolution,training_n<8;nearest_centroid_corr>=0.95;fold_local_merged_confusion_group,10o | 12l | 12r | 46d | 46v | 8Bm | 9d | 9m,low_resolution,10o | 12l | 12r | 46d | 46v | 8Bm | 9d | 9m,36,8,qbt,hybrid_projected_network_logcpm_exact
top3_network_beam_local_region_candidates,qbt-R-46d-8-18_BRRL200006272-1A,46d,Lateral Prefrontal Cortex,"Lateral Prefrontal Cortex | Parietal, and Parieto-occipital region | Orbitomedial Prefrontal Cortex (OMPFC)",1,1,46d,46v,12m,1,1,1,Lateral Prefrontal Cortex::10o + 12l + 12r + 46d + 46v + 8Bm + 9d + 9m,Lateral Prefrontal Cortex::10o + 12l + 12r + 46d + 46v + 8Bm + 9d + 9m,Orbitomedial Prefrontal Cortex (OMPFC)::11l + 12m + 12o + 13l + 13m + 32,Lateral Prefrontal Cortex::44 + 45 + 8A + 8Bs,1,1,1,low_resolution,nearest_centroid_corr>=0.95;fold_local_merged_confusion_group,10o | 12l | 12r | 46d | 46v | 8Bm | 9d | 9m,low_resolution,10o | 12l | 12r | 46d | 46v | 8Bm | 9d | 9m,36,8,qbt,hybrid_projected_network_logcpm_exact
top3_network_beam_local_region_candidates,qbt-R-46v-8-18_BRRL200006273-1A,46v,Lateral Prefrontal Cortex,"Lateral Prefrontal Cortex | Parietal, and Parieto-occipital region | Orbitomedial Prefrontal Cortex (OMPFC)",1,1,46v,11l,10o,1,1,1,Lateral Prefrontal Cortex::10o + 12l + 12r + 46d + 46v + 8Bm + 9d + 9m,Lateral Prefrontal Cortex::10o + 12l + 12r + 46d + 46v + 8Bm + 9d + 9m,Orbitomedial Prefrontal Cortex (OMPFC)::11l + 12m + 12o + 13l + 13m + 32,Orbitomedial Prefrontal Cortex (OMPFC)::10m + 11m + 13b + 14r,1,1,1,low_resolution,training_n<8;nearest_centroid_corr>=0.95;fold_local_merged_confusion_group,10o | 12l | 12r | 46d | 46v | 8Bm | 9d | 9m,low_resolution,10o | 12l | 12r | 46d | 46v | 8Bm | 9d | 9m,36,8,qbt,hybrid_projected_network_logcpm_exact
top3_network_beam_local_region_candidates,qbt-R-F4-8-19_BRRL200006274-1A,F4,Frontal (agranular frontal motor areas),"Parietal, and Parieto-occipital region | Temporal | Lateral Prefrontal Cortex",0,0,3a/b,CL,CM,111,0,0,outside_network_beam,"Parietal, and Parieto-occipital region::3a/b + 5 + LIPd + LIPv + VIP",Temporal::A1 + AL + CL + CM + ML + R + TPO + Tpt,TEa,111,0,0,low_resolution,nearest_centroid_corr>=0.95;fold_local_merged_confusion_group,3a/b | 5 | LIPd | LIPv | VIP,outside_network_beam,,50,16,qbt,hybrid_projected_network_logcpm_exact
top3_network_beam_local_region_candidates,qbt-R-Prco-8-19_BRRL200006275-1A,PrCO,Operculum/Insula,"Temporal | Parietal, and Parieto-occipital region | Occipital/Temporal",0,0,TEa,TPO,7op,111,0,0,outside_network_beam,TEa,Temporal::A1 + AL + CL + CM + ML + R + TPO + Tpt,"Parietal, and Parieto-occipital region::1-2 + 7a + 7b + 7op",111,0,0,low_resolution,training_n<8;nearest_centroid_corr>=0.95,TEa,outside_network_beam,,45,13,qbt,hybrid_projected_network_logcpm_exact
top3_network_beam_local_region_candidates,qbt-R-G-8-19_BRRL200006276-1A,G,Operculum/Insula,"Temporal | Operculum/Insula | Parietal, and Parieto-occipital region",0,1,TAa,TEad,TEav,6,0,0,Operculum/Insula::G + Iapl + Id + PrCO,Temporal::AL + CL + ML + R + TAa + TPO + Tpt,Temporal::TEO + TEad + TEav + TEm + TEpd + TG,Temporal::RM + RT + RTL + RTM + STG,5,0,0,low_resolution,training_n<8;nearest_centroid_corr>=0.95;fold_local_merged_confusion_group,AL | CL | ML | R | TAa | TPO | Tpt,low_resolution,G | Iapl | Id | PrCO,48,15,qbt,hybrid_projected_network_logcpm_exact
top3_network_beam_local_region_candidates,qbt-R-Iapl-8-19_BRRL200006277-1A,Iapl,Operculum/Insula,Temporal | Operculum/Insula | Orbitomedial Prefrontal Cortex (OMPFC),0,1,Id,Iapl,G,2,0,1,Operculum/Insula::Iapl + Id + PrCO,Operculum/Insula::Iapl + Id + PrCO,Operculum/Insula::G + Ig + Ri + SII,Temporal::RM + RT + RTM,1,1,1,low_resolution,nearest_centroid_corr>=0.95;fold_local_merged_confusion_group,Iapl | Id | PrCO,low_resolution,Iapl | Id | PrCO,51,21,qbt,hybrid_projected_network_logcpm_exact
top3_network_beam_local_region_candidates,qbt-L-5-8-24_BRRL200007485-1A,5,"Parietal, and Parieto-occipital region","Parietal, and Parieto-occipital region | Temporal | Lateral Prefrontal Cortex",1,1,VIP,LIPv,7m,4,0,0,"Parietal, and Parieto-occipital region::3a/b + 5 + LIPd + LIPv + VIP","Parietal, and Parieto-occipital region::3a/b + 5 + LIPd + LIPv + VIP",7m,TEa,1,1,1,low_resolution,nearest_centroid_corr>=0.95;fold_local_merged_confusion_group,3a/b | 5 | LIPd | LIPv | VIP,low_resolution,3a/b | 5 | LIPd | LIPv | VIP,50,16,qbt,hybrid_projected_network_logcpm_exact
top3_network_beam_local_region_candidates,qbt-L-7b-8-24_BRRL200007486-1A,7b,"Parietal, and Parieto-occipital region","Parietal, and Parieto-occipital region | Temporal | Lateral Prefrontal Cortex",1,1,7m,TEa,5,13,0,0,"Parietal, and Parieto-occipital region::1-2 + 7a + 7b + 7op",7m,TEa,"Parietal, and Parieto-occipital region::3a/b + 5 + LIPd + LIPv + VIP",5,0,0,low_resolution,training_n<8;nearest_centroid_corr>=0.95,7m,low_resolution,1-2 | 7a | 7b | 7op,50,16,qbt,hybrid_projected_network_logcpm_exact
top3_network_beam_local_region_candidates,qbt-L-7op-8-24_BRRL200007487-1A,7op,"Parietal, and Parieto-occipital region","Parietal, and Parieto-occipital region | Temporal | Occipital/Temporal",1,1,TEa,LIPv,3a/b,15,0,0,"Parietal, and Parieto-occipital region::1-2 + 7a + 7b + 7op",TEa,"Parietal, and Parieto-occipital region::3a/b + 5 + LIPd + LIPv + VIP",Temporal::A1 + AL + CL + CM + ML + R + TPO + Tpt,7,0,0,low_resolution,training_n<8;nearest_centroid_corr>=0.95,TEa,low_resolution,1-2 | 7a | 7b | 7op,45,13,qbt,hybrid_projected_network_logcpm_exact
top3_network_beam_local_region_candidates,qbt-L-AI-8-24_BRRL200007488-1A,A1,Temporal,"Occipital/Temporal | Parietal, and Parieto-occipital region | Temporal",0,1,MST,VIP,A1,3,0,1,Temporal::A1 + AL + CL + CM + ML + R + TPO + Tpt,Occipital/Temporal::FST + MST + V1 + V2 + V3d + V3v + V4 + V4v,"Parietal, and Parieto-occipital region::3a/b + 5 + LIPd + LIPv + VIP",Temporal::A1 + AL + CL + CM + ML + R + TPO + Tpt,3,0,1,low_resolution,training_n<8;nearest_centroid_corr>=0.95;fold_local_merged_confusion_group,FST | MST | V1 | V2 | V3d | V3v | V4 | V4v,low_resolution,A1 | AL | CL | CM | ML | R | TPO | Tpt,45,13,qbt,hybrid_projected_network_logcpm_exact
top3_network_beam_local_region_candidates,qbt-L-CL-8-24_BRRL200007489-1A,CL,Temporal,"Parietal, and Parieto-occipital region | Occipital/Temporal | Temporal",0,1,TEa,VIP,LIPv,5,0,0,Temporal::A1 + AL + CL + CM + ML + R + TPO + Tpt,TEa,"Parietal, and Parieto-occipital region::3a/b + 5 + LIPd + LIPv + VIP",Temporal::A1 + AL + CL + CM + ML + R + TPO + Tpt,3,0,1,low_resolution,training_n<8;nearest_centroid_corr>=0.95,TEa,low_resolution,A1 | AL | CL | CM | ML | R | TPO | Tpt,45,13,qbt,hybrid_projected_network_logcpm_exact
top3_network_beam_local_region_candidates,qbt-L-TPO-8-24_BRRL200007490-1A,TPO,Temporal,"Temporal | Parietal, and Parieto-occipital region | Occipital/Temporal",1,1,TEa,PGa,TPO,3,0,1,Temporal::A1 + AL + CL + CM + ML + R + TPO + Tpt,TEa,Temporal::IPa + PGa + TAa + TEO + TEad + TEm + TEpd + TEpv,Temporal::A1 + AL + CL + CM + ML + R + TPO + Tpt,3,0,1,low_resolution,training_n<8;nearest_centroid_corr>=0.95,TEa,low_resolution,A1 | AL | CL | CM | ML | R | TPO | Tpt,45,13,qbt,hybrid_projected_network_logcpm_exact
top3_network_beam_local_region_candidates,qbt-L-PGa-8-24_BRRL200007491-1A,PGa,Temporal,"Temporal | Parietal, and Parieto-occipital region | Occipital/Temporal",1,1,TEa,7m,TPO,9,0,0,Temporal::IPa + PGa + TAa + TEO + TEad + TEm + TEpd + TEpv,TEa,7m,Temporal::A1 + AL + CL + CM + ML + R + TPO + Tpt,6,0,0,low_resolution,training_n<8;nearest_centroid_corr>=0.95,TEa,low_resolution,IPa | PGa | TAa | TEO | TEad | TEm | TEpd | TEpv,45,13,qbt,hybrid_projected_network_logcpm_exact
top3_network_beam_local_region_candidates,qbt-L-IPa-8-24_BRRL200007492-1A,IPa,Temporal,"Occipital/Temporal | Parietal, and Parieto-occipital region | Temporal",0,1,TEa,LIPv,3a/b,24,0,0,Temporal::IPa + PGa + TAa + TEO + TEad + TEm + TEpd + TEpv,TEa,"Parietal, and Parieto-occipital region::3a/b + 5 + LIPd + LIPv + VIP",Occipital/Temporal::FST + MST + V1 + V2 + V3d + V3v + V4 + V4v,6,0,0,low_resolution,training_n<8;nearest_centroid_corr>=0.95,TEa,low_resolution,IPa | PGa | TAa | TEO | TEad | TEm | TEpd | TEpv,45,13,qbt,hybrid_projected_network_logcpm_exact
top3_network_beam_local_region_candidates,qbt-L-VIP-8-27_BRRL200007560-1A,VIP,"Parietal, and Parieto-occipital region","Parietal, and Parieto-occipital region | Temporal | Occipital/Temporal",1,1,LIPv,VIP,TEa,2,0,1,"Parietal, and Parieto-occipital region::3a/b + 5 + LIPd + LIPv + VIP","Parietal, and Parieto-occipital region::3a/b + 5 + LIPd + LIPv + VIP",TEa,Occipital/Temporal::FST + MST + V1 + V2 + V3d + V3v + V4 + V4v,1,1,1,low_resolution,nearest_centroid_corr>=0.95;fold_local_merged_confusion_group,3a/b | 5 | LIPd | LIPv | VIP,low_resolution,3a/b | 5 | LIPd | LIPv | VIP,45,13,qbt,hybrid_projected_network_logcpm_exact
top3_network_beam_local_region_candidates,qbt-L-LIpv-8-27_BRRL200007561-1A,LIPv,"Parietal, and Parieto-occipital region","Parietal, and Parieto-occipital region | Occipital/Temporal | Temporal",1,1,MST,LIPv,VIP,2,0,1,"Parietal, and Parieto-occipital region::3a/b + 5 + LIPd + LIPv + VIP",Occipital/Temporal::FST + MST + V1 + V2 + V3d + V3v + V4 + V4v,"Parietal, and Parieto-occipital region::3a/b + 5 + LIPd + LIPv + VIP",Temporal::A1 + AL + CL + CM + ML + R + TPO + Tpt,2,0,1,low_resolution,training_n<8;nearest_centroid_corr>=0.95;fold_local_merged_confusion_group,FST | MST | V1 | V2 | V3d | V3v | V4 | V4v,low_resolution,3a/b | 5 | LIPd | LIPv | VIP,45,13,qbt,hybrid_projected_network_logcpm_exact
top3_network_beam_local_region_candidates,qbt-L-LIpd-8-27_BRRL200007562-1A,LIPd,"Parietal, and Parieto-occipital region","Parietal, and Parieto-occipital region | Temporal | Occipital/Temporal",1,1,TEa,LIPv,3a/b,7,0,0,"Parietal, and Parieto-occipital region::3a/b + 5 + LIPd + LIPv + VIP",TEa,"Parietal, and Parieto-occipital region::3a/b + 5 + LIPd + LIPv + VIP",Occipital/Temporal::FST + MST + V1 + V2 + V3d + V3v + V4 + V4v,2,0,1,low_resolution,training_n<8;nearest_centroid_corr>=0.95,TEa,low_resolution,3a/b | 5 | LIPd | LIPv | VIP,45,13,qbt,hybrid_projected_network_logcpm_exact
top3_network_beam_local_region_candidates,qbt-L-7a-8-27_BRRL200007563-1A,7a,"Parietal, and Parieto-occipital region","Temporal | Parietal, and Parieto-occipital region | Occipital/Temporal",0,1,TEa,TPO,7op,4,0,0,"Parietal, and Parieto-occipital region::1-2 + 7a + 7b + 7op",TEa,Temporal::A1 + AL + CL + CM + ML + R + TPO + Tpt,"Parietal, and Parieto-occipital region::1-2 + 7a + 7b + 7op",3,0,1,low_resolution,training_n<8;nearest_centroid_corr>=0.95,TEa,low_resolution,1-2 | 7a | 7b | 7op,45,13,qbt,hybrid_projected_network_logcpm_exact
top3_network_beam_local_region_candidates,qbt-L-TPt-8-27_BRRL200007926-1A,Tpt,Temporal,"Temporal | Parietal, and Parieto-occipital region | Occipital/Temporal",1,1,TEa,TPO,LIPd,22,0,0,Temporal::A1 + AL + CL + CM + ML + R + TPO + Tpt,TEa,Temporal::A1 + AL + CL + CM + ML + R + TPO + Tpt,"Parietal, and Parieto-occipital region::3a/b + 5 + LIPd + LIPv + VIP",2,0,1,low_resolution,training_n<8;nearest_centroid_corr>=0.95,TEa,low_resolution,A1 | AL | CL | CM | ML | R | TPO | Tpt,45,13,qbt,hybrid_projected_network_logcpm_exact
top3_network_beam_local_region_candidates,qbt-L-MST-8-27_BRRL200007927-1A,MST,Occipital/Temporal,"Occipital/Temporal | Parietal, and Parieto-occipital region | Temporal",1,1,TEa,LIPv,MST,3,0,1,Occipital/Temporal::FST + MST + V1 + V2 + V3d + V3v + V4 + V4v,TEa,"Parietal, and Parieto-occipital region::3a/b + 5 + LIPd + LIPv + VIP",Occipital/Temporal::FST + MST + V1 + V2 + V3d + V3v + V4 + V4v,3,0,1,low_resolution,training_n<8;nearest_centroid_corr>=0.95,TEa,low_resolution,FST | MST | V1 | V2 | V3d | V3v | V4 | V4v,45,13,qbt,hybrid_projected_network_logcpm_exact
top3_network_beam_local_region_candidates,qbt-L-FST-8-27_BRRL200007928-1A,FST,Occipital/Temporal,"Occipital/Temporal | Parietal, and Parieto-occipital region | Temporal",1,1,TEa,MST,LIPv,7,0,0,Occipital/Temporal::FST + MST + V1 + V2 + V3d + V3v + V4 + V4v,TEa,Occipital/Temporal::FST + MST + V1 + V2 + V3d + V3v + V4 + V4v,"Parietal, and Parieto-occipital region::3a/b + 5 + LIPd + LIPv + VIP",2,0,1,low_resolution,training_n<8;nearest_centroid_corr>=0.95,TEa,low_resolution,FST | MST | V1 | V2 | V3d | V3v | V4 | V4v,45,13,qbt,hybrid_projected_network_logcpm_exact
top3_network_beam_local_region_candidates,qbt-L-V4-8-27_BRRL200007929-1A,V4,Occipital/Temporal,"Occipital/Temporal | Parietal, and Parieto-occipital region | Temporal",1,1,V3d,MST,TEa,8,0,0,Occipital/Temporal::FST + MST + V1 + V2 + V3d + V3v + V4 + V4v,Occipital/Temporal::FST + MST + V1 + V2 + V3d + V3v + V4 + V4v,TEa,"Parietal, and Parieto-occipital region::3a/b + 5 + LIPd + LIPv + VIP",1,1,1,low_resolution,training_n<8;nearest_centroid_corr>=0.95;fold_local_merged_confusion_group,FST | MST | V1 | V2 | V3d | V3v | V4 | V4v,low_resolution,FST | MST | V1 | V2 | V3d | V3v | V4 | V4v,45,13,qbt,hybrid_projected_network_logcpm_exact
top3_network_beam_local_region_candidates,qbt-L-F7-8-31_BRRL200008124-1A,F7,Frontal (agranular frontal motor areas),"Frontal (agranular frontal motor areas) | Lateral Prefrontal Cortex | Parietal, and Parieto-occipital region",1,1,8Bs,F7,8A,2,0,1,F7,Lateral Prefrontal Cortex::10o + 12r + 44 + 45 + 46d + 46v + 8A + 8Bs,F7,Lateral Prefrontal Cortex::12l + 8Bd + 8Bm + 9d + 9m,2,0,1,low_resolution,nearest_centroid_corr>=0.95;fold_local_merged_confusion_group,10o | 12r | 44 | 45 | 46d | 46v | 8A | 8Bs,low_resolution,F7,30,10,qbt,hybrid_projected_network_logcpm_exact
top3_network_beam_local_region_candidates,qbt-L-8Bd-8-31_BRRL200008125-1A,8Bd,Lateral Prefrontal Cortex,"Lateral Prefrontal Cortex | Frontal (agranular frontal motor areas) | Parietal, and Parieto-occipital region",1,1,F7,8Bs,8A,4,0,0,Lateral Prefrontal Cortex::12l + 8Bd + 8Bm + 9d + 9m,F7,Lateral Prefrontal Cortex::10o + 12r + 44 + 45 + 46d + 46v + 8A + 8Bs,Lateral Prefrontal Cortex::12l + 8Bd + 8Bm + 9d + 9m,3,0,1,low_resolution,training_n<8;nearest_centroid_corr>=0.95,F7,low_resolution,12l | 8Bd | 8Bm | 9d | 9m,30,10,qbt,hybrid_projected_network_logcpm_exact
top3_network_beam_local_region_candidates,qbt-L-8Bs-8-31_BRRL200008126-1A,8Bs,Lateral Prefrontal Cortex,"Lateral Prefrontal Cortex | Frontal (agranular frontal motor areas) | Parietal, and Parieto-occipital region",1,1,45,8Bd,8A,10,0,0,Lateral Prefrontal Cortex::10o + 12r + 44 + 45 + 46d + 46v + 8A + 8Bs,Lateral Prefrontal Cortex::10o + 12r + 44 + 45 + 46d + 46v + 8A + 8Bs,Lateral Prefrontal Cortex::12l + 8Bd + 8Bm + 9d + 9m,F7,1,1,1,low_resolution,nearest_centroid_corr>=0.95;fold_local_merged_confusion_group,10o | 12r | 44 | 45 | 46d | 46v | 8A | 8Bs,low_resolution,10o | 12r | 44 | 45 | 46d | 46v | 8A | 8Bs,30,10,qbt,hybrid_projected_network_logcpm_exact
top3_network_beam_local_region_candidates,qbt-L-8A-8-31_BRRL200008127-1A,8A,Lateral Prefrontal Cortex,"Parietal, and Parieto-occipital region | Lateral Prefrontal Cortex | Frontal (agranular frontal motor areas)",0,1,8A,45,46d,1,1,1,Lateral Prefrontal Cortex::10o + 12r + 44 + 45 + 46d + 46v + 8A + 8Bs,Lateral Prefrontal Cortex::10o + 12r + 44 + 45 + 46d + 46v + 8A + 8Bs,F4,"Parietal, and Parieto-occipital region::1-2 + 7a + 7b + 7op",1,1,1,low_resolution,nearest_centroid_corr>=0.95;fold_local_merged_confusion_group,10o | 12r | 44 | 45 | 46d | 46v | 8A | 8Bs,low_resolution,10o | 12r | 44 | 45 | 46d | 46v | 8A | 8Bs,30,10,qbt,hybrid_projected_network_logcpm_exact
top3_network_beam_local_region_candidates,qbt-L-45-8-31_BRRL200008128-1A,45,Lateral Prefrontal Cortex,"Parietal, and Parieto-occipital region | Lateral Prefrontal Cortex | Temporal",0,1,8A,7m,TEa,5,0,0,Lateral Prefrontal Cortex::10o + 12l + 12r + 44 + 45 + 46d + 46v,Lateral Prefrontal Cortex::8A + 8Bd + 8Bm + 8Bs + 9d + 9m,7m,TEa,4,0,0,low_resolution,nearest_centroid_corr>=0.95;fold_local_merged_confusion_group,8A | 8Bd | 8Bm | 8Bs | 9d | 9m,low_resolution,10o | 12l | 12r | 44 | 45 | 46d | 46v,50,16,qbt,hybrid_projected_network_logcpm_exact
top3_network_beam_local_region_candidates,qbt-L-12o-8-31_BRRL200008129-1A,12o,Orbitomedial Prefrontal Cortex (OMPFC),Orbitomedial Prefrontal Cortex (OMPFC) | Lateral Prefrontal Cortex | Temporal,1,1,13l,11l,46v,18,0,0,Orbitomedial Prefrontal Cortex (OMPFC)::11l + 12m + 12o + 13l + 13m + 32,Orbitomedial Prefrontal Cortex (OMPFC)::11l + 12m + 12o + 13l + 13m + 32,Lateral Prefrontal Cortex::10o + 12l + 12r + 46d + 46v,Lateral Prefrontal Cortex::44 + 45 + 8A + 8Bd + 8Bm + 8Bs + 9d + 9m,1,1,1,low_resolution,nearest_centroid_corr>=0.95;fold_local_merged_confusion_group,11l | 12m | 12o | 13l | 13m | 32,low_resolution,11l | 12m | 12o | 13l | 13m | 32,53,16,qbt,hybrid_projected_network_logcpm_exact
top3_network_beam_local_region_candidates,qbt-L-13l-8-31_BRRL200008130-1A,13l,Orbitomedial Prefrontal Cortex (OMPFC),Orbitomedial Prefrontal Cortex (OMPFC) | Temporal | Operculum/Insula,1,1,11l,G,Ig,4,0,0,Orbitomedial Prefrontal Cortex (OMPFC)::11l + 12m + 12o + 13l + 13m,Orbitomedial Prefrontal Cortex (OMPFC)::11l + 12m + 12o + 13l + 13m,Operculum/Insula::G + Ig + Ri + SII,Operculum/Insula::Iapl + Id + PrCO,1,1,1,low_resolution,nearest_centroid_corr>=0.95;fold_local_merged_confusion_group,11l | 12m | 12o | 13l | 13m,low_resolution,11l | 12m | 12o | 13l | 13m,51,21,qbt,hybrid_projected_network_logcpm_exact
top3_network_beam_local_region_candidates,qbt-L-13m-8-31_BRRL200008131-1A,13m,Orbitomedial Prefrontal Cortex (OMPFC),"Temporal | Orbitomedial Prefrontal Cortex (OMPFC) | Parietal, and Parieto-occipital region",0,1,11l,13l,13m,3,0,1,Orbitomedial Prefrontal Cortex (OMPFC)::11l + 12m + 13l + 13m,Orbitomedial Prefrontal Cortex (OMPFC)::11l + 12m + 13l + 13m,11m,Temporal::IPa + PGa + TAa + TEO + TEad + TEav + TEm + TEpd,1,1,1,low_resolution,nearest_centroid_corr>=0.95;fold_local_merged_confusion_group,11l | 12m | 13l | 13m,low_resolution,11l | 12m | 13l | 13m,50,18,qbt,hybrid_projected_network_logcpm_exact
top3_network_beam_local_region_candidates,qbt-L-14c-8-31_BRRL200008132-1A,14c,Orbitomedial Prefrontal Cortex (OMPFC),Orbitomedial Prefrontal Cortex (OMPFC) | Operculum/Insula | Temporal,1,1,14c,Ial,Iapl,1,1,1,Orbitomedial Prefrontal Cortex (OMPFC)::11m + 13a + 14c + 25,Orbitomedial Prefrontal Cortex (OMPFC)::11m + 13a + 14c + 25,Operculum/Insula::Ia + Ial + Iapm + Pi,Operculum/Insula::Iapl + Id + PrCO,1,1,1,low_resolution,training_n<8;nearest_centroid_corr>=0.95;fold_local_merged_confusion_group,11m | 13a | 14c | 25,low_resolution,11m | 13a | 14c | 25,51,21,qbt,hybrid_projected_network_logcpm_exact
top3_network_beam_local_region_candidates,qbt-L-32-8-31_BRRL200008305-1A,32,Orbitomedial Prefrontal Cortex (OMPFC),Orbitomedial Prefrontal Cortex (OMPFC) | Operculum/Insula | Cingulate gyrus,1,1,25,Ial,24c,11,0,0,32,Orbitomedial Prefrontal Cortex (OMPFC)::10m + 11m + 13a + 13b + 14c + 14r + 25,Operculum/Insula::Ia + Ial + Iapm + Pi,Cingulate gyrus::23b + 23c + 24a' + 24b + 24b' + 24c + 24c',5,0,0,low_resolution,training_n<8;nearest_centroid_corr>=0.95;fold_local_merged_confusion_group,10m | 11m | 13a | 13b | 14c | 14r | 25,low_resolution,32,34,10,qbt,hybrid_projected_network_logcpm_exact
top3_network_beam_local_region_candidates,qbt-R-SII-9-2_BRRL200008316-1A,SII,Operculum/Insula,"Parietal, and Parieto-occipital region | Temporal | Orbitomedial Prefrontal Cortex (OMPFC)",0,0,3a/b,LIPd,CL,111,0,0,outside_network_beam,"Parietal, and Parieto-occipital region::3a/b + 5 + LIPd + LIPv + VIP",Temporal::CL + ML + TFO + TPO + Tpt,"Parietal, and Parieto-occipital region::1-2 + 7a + 7b + 7op",111,0,0,low_resolution,nearest_centroid_corr>=0.95;fold_local_merged_confusion_group,3a/b | 5 | LIPd | LIPv | VIP,outside_network_beam,,50,18,qbt,hybrid_projected_network_logcpm_exact
top3_network_beam_local_region_candidates,qbt-R-R-9-2_BRRL200008317-1A,R,Temporal,"Temporal | Parietal, and Parieto-occipital region | Occipital/Temporal",1,1,TEa,CL,CM,21,0,0,Temporal::A1 + AL + CL + CM + ML + R + TPO + Tpt,TEa,Temporal::A1 + AL + CL + CM + ML + R + TPO + Tpt,"Parietal, and Parieto-occipital region::3a/b + 5 + LIPd + LIPv + VIP",2,0,1,low_resolution,training_n<8;nearest_centroid_corr>=0.95,TEa,low_resolution,A1 | AL | CL | CM | ML | R | TPO | Tpt,45,13,qbt,hybrid_projected_network_logcpm_exact
top3_network_beam_local_region_candidates,qbt-R-PGa-9-2_BRRL200008318-1A,PGa,Temporal,"Temporal | Parietal, and Parieto-occipital region | Orbitomedial Prefrontal Cortex (OMPFC)",1,1,PGa,TAa,TEad,1,1,1,Temporal::IPa + PGa + TAa + TEO + TEad + TEav + TEm + TEpd,Temporal::IPa + PGa + TAa + TEO + TEad + TEav + TEm + TEpd,Temporal::CL + ML + TFO + TPO + Tpt,Temporal::A1 + CM + R,1,1,1,low_resolution,training_n<8;nearest_centroid_corr>=0.95;fold_local_merged_confusion_group,IPa | PGa | TAa | TEO | TEad | TEav | TEm | TEpd,low_resolution,IPa | PGa | TAa | TEO | TEad | TEav | TEm | TEpd,50,18,qbt,hybrid_projected_network_logcpm_exact
top3_network_beam_local_region_candidates,qbt-R-TEm-9-2_BRRL200008319-1A,TEm,Temporal,"Temporal | Parietal, and Parieto-occipital region | Orbitomedial Prefrontal Cortex (OMPFC)",1,1,TAa,PGa,IPa,7,0,0,Temporal::IPa + PGa + TAa + TEO + TEad + TEav + TEm + TEpd,Temporal::IPa + PGa + TAa + TEO + TEad + TEav + TEm + TEpd,Temporal::CL + ML + TFO + TPO + Tpt,Temporal::A1 + CM + R,1,1,1,low_resolution,training_n<8;nearest_centroid_corr>=0.95;fold_local_merged_confusion_group,IPa | PGa | TAa | TEO | TEad | TEav | TEm | TEpd,low_resolution,IPa | PGa | TAa | TEO | TEad | TEav | TEm | TEpd,50,18,qbt,hybrid_projected_network_logcpm_exact
top3_network_beam_local_region_candidates,qbt-R-TEav-9-3_BRRL200008320-1A,TEav,Temporal,"Temporal | Parietal, and Parieto-occipital region | Occipital/Temporal",1,1,PGa,TAa,IPa,15,0,0,Temporal::TEav + TG,Temporal::IPa + PGa + TAa + TEO + TEad + TEm + TEpd + TEpv,Temporal::A1 + AL + CL + CM + ML + R + TPO + Tpt,TEa,5,0,0,low_resolution,training_n<8;nearest_centroid_corr>=0.95;fold_local_merged_confusion_group,IPa | PGa | TAa | TEO | TEad | TEm | TEpd | TEpv,low_resolution,TEav | TG,45,13,qbt,hybrid_projected_network_logcpm_exact
top3_network_beam_local_region_candidates,20R099,9d,Lateral Prefrontal Cortex,Frontal (agranular frontal motor areas) | Lateral Prefrontal Cortex | Cingulate gyrus,0,1,44,8Bm,F7,8,0,0,Lateral Prefrontal Cortex::12l + 44 + 45 + 8A + 8Bd + 8Bm + 8Bs + 9d,Lateral Prefrontal Cortex::12l + 44 + 45 + 8A + 8Bd + 8Bm + 8Bs + 9d,Frontal (agranular frontal motor areas)::F3 + F5 + F6 + F7,Cingulate gyrus::24b + 24c + 24c',1,1,1,low_resolution,training_n<8;nearest_centroid_corr>=0.95;fold_local_merged_confusion_group,12l | 44 | 45 | 8A | 8Bd | 8Bm | 8Bs | 9d,low_resolution,12l | 44 | 45 | 8A | 8Bd | 8Bm | 8Bs | 9d,30,14,xq,hybrid_projected_network_logcpm_exact
top3_network_beam_local_region_candidates,20R100,9m,Lateral Prefrontal Cortex,Cingulate gyrus | Lateral Prefrontal Cortex | Frontal (agranular frontal motor areas),0,1,24c',F6,F5,4,0,0,9m,Cingulate gyrus::24b + 24c + 24c',Frontal (agranular frontal motor areas)::F3 + F5 + F6 + F7,9m,3,0,1,low_resolution,training_n<8;nearest_centroid_corr>=0.95;fold_local_merged_confusion_group,24b | 24c | 24c',low_resolution,9m,30,14,xq,hybrid_projected_network_logcpm_exact
top3_network_beam_local_region_candidates,20R101,13b,Orbitomedial Prefrontal Cortex (OMPFC),Orbitomedial Prefrontal Cortex (OMPFC) | Lateral Prefrontal Cortex | Cingulate gyrus,1,1,13b,13m,12o,1,1,1,13b,13b,Orbitomedial Prefrontal Cortex (OMPFC)::12m + 12o + 13l + 13m,Orbitomedial Prefrontal Cortex (OMPFC)::10m + 11l + 11m + 13a + 14c + 25 + 32,1,1,1,low_resolution,nearest_centroid_corr>=0.95,13b,low_resolution,13b,36,14,xq,hybrid_projected_network_logcpm_exact
top3_network_beam_local_region_candidates,20R102,14r,Orbitomedial Prefrontal Cortex (OMPFC),Orbitomedial Prefrontal Cortex (OMPFC) | Operculum/Insula | Cingulate gyrus,1,1,14r,14c,10m,1,1,1,Orbitomedial Prefrontal Cortex (OMPFC)::10m + 13b + 14r,Orbitomedial Prefrontal Cortex (OMPFC)::10m + 13b + 14r,Orbitomedial Prefrontal Cortex (OMPFC)::11l + 11m + 12m + 12o + 13a + 13l + 13m + 14c,Cingulate gyrus::24b + 24c,1,1,1,low_resolution,training_n<8;nearest_centroid_corr>=0.95;fold_local_merged_confusion_group,10m | 13b | 14r,low_resolution,10m | 13b | 14r,34,16,xq,hybrid_projected_network_logcpm_exact
top3_network_beam_local_region_candidates,20R103,12r,Lateral Prefrontal Cortex,Lateral Prefrontal Cortex | Cingulate gyrus | Orbitomedial Prefrontal Cortex (OMPFC),1,1,12l,12r,12m,2,0,1,Lateral Prefrontal Cortex::10o + 12l + 12r + 44 + 45 + 46d + 46v + 9d,Lateral Prefrontal Cortex::10o + 12l + 12r + 44 + 45 + 46d + 46v + 9d,Orbitomedial Prefrontal Cortex (OMPFC)::12m + 12o + 13l + 13m,Orbitomedial Prefrontal Cortex (OMPFC)::10m + 11l + 11m + 13a + 14c + 25 + 32,1,1,1,low_resolution,training_n<8;nearest_centroid_corr>=0.95;fold_local_merged_confusion_group,10o | 12l | 12r | 44 | 45 | 46d | 46v | 9d,low_resolution,10o | 12l | 12r | 44 | 45 | 46d | 46v | 9d,36,14,xq,hybrid_projected_network_logcpm_exact
top3_network_beam_local_region_candidates,20R104,24c,Cingulate gyrus,Orbitomedial Prefrontal Cortex (OMPFC) | Cingulate gyrus | Operculum/Insula,0,1,32,24b,14c,9,0,0,Cingulate gyrus::24b + 24c,Orbitomedial Prefrontal Cortex (OMPFC)::25 + 32,Cingulate gyrus::24b + 24c,Orbitomedial Prefrontal Cortex (OMPFC)::11l + 11m + 12m + 12o + 13a + 13l + 13m + 14c,2,0,1,low_resolution,training_n<8;nearest_centroid_corr>=0.95;fold_local_merged_confusion_group,25 | 32,low_resolution,24b | 24c,34,16,xq,hybrid_projected_network_logcpm_exact
top3_network_beam_local_region_candidates,20R105,10m,Orbitomedial Prefrontal Cortex (OMPFC),Orbitomedial Prefrontal Cortex (OMPFC) | Cingulate gyrus | Operculum/Insula,1,1,32,13a,11m,14,0,0,Orbitomedial Prefrontal Cortex (OMPFC)::10m + 13b + 14r,Orbitomedial Prefrontal Cortex (OMPFC)::25 + 32,Orbitomedial Prefrontal Cortex (OMPFC)::11l + 11m + 12m + 12o + 13a + 13l + 13m + 14c,Orbitomedial Prefrontal Cortex (OMPFC)::10m + 13b + 14r,3,0,1,low_resolution,training_n<8;nearest_centroid_corr>=0.95;fold_local_merged_confusion_group,25 | 32,low_resolution,10m | 13b | 14r,34,16,xq,hybrid_projected_network_logcpm_exact
top3_network_beam_local_region_candidates,20R106,14r,Orbitomedial Prefrontal Cortex (OMPFC),Orbitomedial Prefrontal Cortex (OMPFC) | Cingulate gyrus | Operculum/Insula,1,1,14r,10m,13b,1,1,1,Orbitomedial Prefrontal Cortex (OMPFC)::10m + 13b + 14r,Orbitomedial Prefrontal Cortex (OMPFC)::10m + 13b + 14r,Orbitomedial Prefrontal Cortex (OMPFC)::11l + 11m + 12m + 12o + 13a + 13l + 13m + 14c,Cingulate gyrus::24b + 24c,1,1,1,low_resolution,training_n<8;nearest_centroid_corr>=0.95;fold_local_merged_confusion_group,10m | 13b | 14r,low_resolution,10m | 13b | 14r,34,16,xq,hybrid_projected_network_logcpm_exact
top3_network_beam_local_region_candidates,20R107,11m,Orbitomedial Prefrontal Cortex (OMPFC),Lateral Prefrontal Cortex | Cingulate gyrus | Orbitomedial Prefrontal Cortex (OMPFC),0,1,13m,12l,13l,19,0,0,Orbitomedial Prefrontal Cortex (OMPFC)::10m + 11l + 11m + 13a + 14c + 25 + 32,Orbitomedial Prefrontal Cortex (OMPFC)::12m + 12o + 13l + 13m,Lateral Prefrontal Cortex::10o + 12l + 12r + 44 + 45 + 46d + 46v + 9d,Orbitomedial Prefrontal Cortex (OMPFC)::10m + 11l + 11m + 13a + 14c + 25 + 32,3,0,1,low_resolution,training_n<8;nearest_centroid_corr>=0.95;fold_local_merged_confusion_group,12m | 12o | 13l | 13m,low_resolution,10m | 11l | 11m | 13a | 14c | 25 | 32,36,14,xq,hybrid_projected_network_logcpm_exact
top3_network_beam_local_region_candidates,20R108,11l,Orbitomedial Prefrontal Cortex (OMPFC),"Lateral Prefrontal Cortex | Cingulate gyrus | Parietal, and Parieto-occipital region",0,0,12r,12l,46v,111,0,0,outside_network_beam,Lateral Prefrontal Cortex::10o + 12l + 12r + 45 + 46d + 46v + 8Bm + 9d,9m,23b,111,0,0,low_resolution,training_n<8;nearest_centroid_corr>=0.95;fold_local_merged_confusion_group,10o | 12l | 12r | 45 | 46d | 46v | 8Bm | 9d,outside_network_beam,,33,15,xq,hybrid_projected_network_logcpm_exact
top3_network_beam_local_region_candidates,20R109,F2,Frontal (agranular frontal motor areas),"Frontal (agranular frontal motor areas) | Lateral Prefrontal Cortex | Parietal, and Parieto-occipital region",1,1,F2,F3,F1,1,1,1,Frontal (agranular frontal motor areas)::F1 + F2 + F3 + F6 + F7,Frontal (agranular frontal motor areas)::F1 + F2 + F3 + F6 + F7,Lateral Prefrontal Cortex::10o + 12r + 45 + 46d + 46v + 8A + 8Bd + 8Bs,Lateral Prefrontal Cortex::12l + 44 + 8Bm + 9d,1,1,1,low_resolution,nearest_centroid_corr>=0.95;fold_local_merged_confusion_group,F1 | F2 | F3 | F6 | F7,low_resolution,F1 | F2 | F3 | F6 | F7,30,9,xq,hybrid_projected_network_logcpm_exact
top3_network_beam_local_region_candidates,20R110,F3,Frontal (agranular frontal motor areas),Frontal (agranular frontal motor areas) | Lateral Prefrontal Cortex | Cingulate gyrus,1,1,F7,44,F3,3,0,1,Frontal (agranular frontal motor areas)::F3 + F5 + F6 + F7,Frontal (agranular frontal motor areas)::F3 + F5 + F6 + F7,Lateral Prefrontal Cortex::12l + 44 + 45 + 8A + 8Bd + 8Bm + 8Bs + 9d,Frontal (agranular frontal motor areas)::F1 + F2,1,1,1,low_resolution,training_n<8;nearest_centroid_corr>=0.95;fold_local_merged_confusion_group,F3 | F5 | F6 | F7,low_resolution,F3 | F5 | F6 | F7,30,14,xq,hybrid_projected_network_logcpm_exact
top3_network_beam_local_region_candidates,20R111,F5,Frontal (agranular frontal motor areas),Cingulate gyrus | Lateral Prefrontal Cortex | Frontal (agranular frontal motor areas),0,1,F5,24c',F6,1,1,1,Frontal (agranular frontal motor areas)::F3 + F5 + F6 + F7,Frontal (agranular frontal motor areas)::F3 + F5 + F6 + F7,Cingulate gyrus::24b + 24c + 24c',Lateral Prefrontal Cortex::12l + 44 + 45 + 8A + 8Bd + 8Bm + 8Bs + 9d,1,1,1,low_resolution,training_n<8;nearest_centroid_corr>=0.95;fold_local_merged_confusion_group,F3 | F5 | F6 | F7,low_resolution,F3 | F5 | F6 | F7,30,14,xq,hybrid_projected_network_logcpm_exact
top3_network_beam_local_region_candidates,20R112,pu,Subcortical,Subcortical | Hippocampal formation | Orbitomedial Prefrontal Cortex (OMPFC),1,1,Cd,pu,NAcc,2,0,1,pu,Subcortical::Cd + NAcc,pu,Cla,2,0,1,low_resolution,training_n<8;nearest_centroid_corr>=0.95;fold_local_merged_confusion_group,Cd | NAcc,low_resolution,pu,23,12,xq,hybrid_projected_network_logcpm_exact
top3_network_beam_local_region_candidates,20R113,Cd,Subcortical,Subcortical | Hippocampal formation | Orbitomedial Prefrontal Cortex (OMPFC),1,1,pu,Cd,NAcc,2,0,1,Subcortical::Cd + NAcc,pu,Subcortical::Cd + NAcc,Cla,2,0,1,low_resolution,training_n<8;nearest_centroid_corr>=0.95,pu,low_resolution,Cd | NAcc,23,12,xq,hybrid_projected_network_logcpm_exact
top3_network_beam_local_region_candidates,20R114,45,Lateral Prefrontal Cortex,Frontal (agranular frontal motor areas) | Lateral Prefrontal Cortex | Cingulate gyrus,0,1,44,8Bd,F7,13,0,0,Lateral Prefrontal Cortex::12l + 44 + 45 + 8A + 8Bd + 8Bm + 8Bs + 9d,Lateral Prefrontal Cortex::12l + 44 + 45 + 8A + 8Bd + 8Bm + 8Bs + 9d,Frontal (agranular frontal motor areas)::F3 + F5 + F6 + F7,F4,1,1,1,low_resolution,training_n<8;nearest_centroid_corr>=0.95;fold_local_merged_confusion_group,12l | 44 | 45 | 8A | 8Bd | 8Bm | 8Bs | 9d,low_resolution,12l | 44 | 45 | 8A | 8Bd | 8Bm | 8Bs | 9d,30,14,xq,hybrid_projected_network_logcpm_exact
top3_network_beam_local_region_candidates,20R115,44,Lateral Prefrontal Cortex,Frontal (agranular frontal motor areas) | Lateral Prefrontal Cortex | Cingulate gyrus,0,1,F3,44,F7,2,0,1,Lateral Prefrontal Cortex::12l + 44 + 45 + 8A + 8Bd + 8Bm + 8Bs + 9d,Frontal (agranular frontal motor areas)::F3 + F5 + F6 + F7,Lateral Prefrontal Cortex::12l + 44 + 45 + 8A + 8Bd + 8Bm + 8Bs + 9d,Frontal (agranular frontal motor areas)::F1 + F2,2,0,1,low_resolution,training_n<8;nearest_centroid_corr>=0.95;fold_local_merged_confusion_group,F3 | F5 | F6 | F7,low_resolution,12l | 44 | 45 | 8A | 8Bd | 8Bm | 8Bs | 9d,30,14,xq,hybrid_projected_network_logcpm_exact
top3_network_beam_local_region_candidates,20R116,8A,Lateral Prefrontal Cortex,Frontal (agranular frontal motor areas) | Lateral Prefrontal Cortex | Cingulate gyrus,0,1,44,F7,F3,13,0,0,Lateral Prefrontal Cortex::12l + 44 + 45 + 8A + 8Bd + 8Bm + 8Bs + 9d,Lateral Prefrontal Cortex::12l + 44 + 45 + 8A + 8Bd + 8Bm + 8Bs + 9d,Frontal (agranular frontal motor areas)::F3 + F5 + F6 + F7,Frontal (agranular frontal motor areas)::F1 + F2,1,1,1,low_resolution,training_n<8;nearest_centroid_corr>=0.95;fold_local_merged_confusion_group,12l | 44 | 45 | 8A | 8Bd | 8Bm | 8Bs | 9d,low_resolution,12l | 44 | 45 | 8A | 8Bd | 8Bm | 8Bs | 9d,30,14,xq,hybrid_projected_network_logcpm_exact
top3_network_beam_local_region_candidates,20R117,8Bs,Lateral Prefrontal Cortex,"Frontal (agranular frontal motor areas) | Lateral Prefrontal Cortex | Parietal, and Parieto-occipital region",0,1,F1,F2,F3,8,0,0,Lateral Prefrontal Cortex::10o + 12r + 45 + 46d + 46v + 8A + 8Bd + 8Bs,Frontal (agranular frontal motor areas)::F1 + F2 + F3 + F6 + F7,"Parietal, and Parieto-occipital region::1-2 + 5 + 7a + 7b + 7m + 7op + LIPv + VIP",LIPd,5,0,0,low_resolution,nearest_centroid_corr>=0.95;fold_local_merged_confusion_group,F1 | F2 | F3 | F6 | F7,low_resolution,10o | 12r | 45 | 46d | 46v | 8A | 8Bd | 8Bs,30,9,xq,hybrid_projected_network_logcpm_exact
top3_network_beam_local_region_candidates,20R118,NAcc,Subcortical,Subcortical | Hippocampal formation | Orbitomedial Prefrontal Cortex (OMPFC),1,1,NAcc,Cd,pu,1,1,1,Subcortical::Cd + NAcc,Subcortical::Cd + NAcc,pu,Cla,1,1,1,low_resolution,training_n<8;nearest_centroid_corr>=0.95;fold_local_merged_confusion_group,Cd | NAcc,low_resolution,Cd | NAcc,23,12,xq,hybrid_projected_network_logcpm_exact
top3_network_beam_local_region_candidates,20R119,3a/b,"Parietal, and Parieto-occipital region","Parietal, and Parieto-occipital region | Lateral Prefrontal Cortex | Occipital/Temporal",1,1,V3d,MST,LIPv,6,0,0,3a/b,V3d,Occipital/Temporal::FST + MST + V1 + V2 + V3v + V4 + V4v,"Parietal, and Parieto-occipital region::1-2 + 5 + 7a + 7b + 7m + 7op + LIPv + VIP",5,0,0,low_resolution,training_n<8;nearest_centroid_corr>=0.95,V3d,low_resolution,3a/b,32,9,xq,hybrid_projected_network_logcpm_exact
top3_network_beam_local_region_candidates,20R120,SII,Operculum/Insula,Lateral Prefrontal Cortex | Operculum/Insula | Cingulate gyrus,0,1,SII,Ri,44,1,1,1,Operculum/Insula::G + Iapl + Id + Ig + SII,Operculum/Insula::G + Iapl + Id + Ig + SII,Ri,Lateral Prefrontal Cortex::10o + 12l + 12r + 44 + 45 + 46d + 46v + 9d,1,1,1,low_resolution,training_n<8;nearest_centroid_corr>=0.95;fold_local_merged_confusion_group,G | Iapl | Id | Ig | SII,low_resolution,G | Iapl | Id | Ig | SII,34,16,xq,hybrid_projected_network_logcpm_exact
top3_network_beam_local_region_candidates,20R121,Id,Operculum/Insula,Operculum/Insula | Orbitomedial Prefrontal Cortex (OMPFC) | Temporal,1,1,G,Ig,PrCO,22,0,0,Operculum/Insula::G + Iapl + Id + Ig + SII,Operculum/Insula::G + Iapl + Id + Ig + SII,PrCO,Temporal::RM + RTM,1,1,1,low_resolution,nearest_centroid_corr>=0.95;fold_local_merged_confusion_group,G | Iapl | Id | Ig | SII,low_resolution,G | Iapl | Id | Ig | SII,51,20,xq,hybrid_projected_network_logcpm_exact
top3_network_beam_local_region_candidates,20R122,HC,Hippocampal formation,Hippocampal formation | Operculum/Insula | Orbitomedial Prefrontal Cortex (OMPFC),1,1,HC,Iapm,Ia,1,1,1,HC,HC,Operculum/Insula::Ial + Iapm + Pi,Ia,1,1,1,low_resolution,training_n<8,HC,low_resolution,HC,25,10,xq,hybrid_projected_network_logcpm_exact
top3_network_beam_local_region_candidates,20R123,STG,Temporal,Temporal | Operculum/Insula | Orbitomedial Prefrontal Cortex (OMPFC),1,1,STG,RTL,TEpv,1,1,1,Temporal::AL + R + RTL + STG,Temporal::AL + R + RTL + STG,Temporal::TEO + TEpd + TEpv,TAa,1,1,1,low_resolution,nearest_centroid_corr>=0.95;fold_local_merged_confusion_group,AL | R | RTL | STG,low_resolution,AL | R | RTL | STG,51,20,xq,hybrid_projected_network_logcpm_exact
top3_network_beam_local_region_candidates,20R125,ML,Temporal,"Parietal, and Parieto-occipital region | Lateral Prefrontal Cortex | Temporal",0,1,ML,7m,7op,1,1,1,Temporal::ML + PGa + TEa + TEad + TEav + TEm + TPO + Tpt,Temporal::ML + PGa + TEa + TEad + TEav + TEm + TPO + Tpt,"Parietal, and Parieto-occipital region::1-2 + 5 + 7a + 7b + 7m + 7op + LIPv + VIP",Temporal::A1 + CL + CM + TEO + TEpd + TEpv,1,1,1,low_resolution,training_n<8;nearest_centroid_corr>=0.95;fold_local_merged_confusion_group,ML | PGa | TEa | TEad | TEav | TEm | TPO | Tpt,low_resolution,ML | PGa | TEa | TEad | TEav | TEm | TPO | Tpt,50,19,xq,hybrid_projected_network_logcpm_exact
top3_network_beam_local_region_candidates,20R126,VIP,"Parietal, and Parieto-occipital region","Parietal, and Parieto-occipital region | Lateral Prefrontal Cortex | Frontal (agranular frontal motor areas)",1,1,5,1-2,7op,11,0,0,"Parietal, and Parieto-occipital region::1-2 + 5 + 7a + 7b + 7m + 7op + LIPv + VIP","Parietal, and Parieto-occipital region::1-2 + 5 + 7a + 7b + 7m + 7op + LIPv + VIP",3a/b,F4,1,1,1,low_resolution,training_n<8;nearest_centroid_corr>=0.95;fold_local_merged_confusion_group,1-2 | 5 | 7a | 7b | 7m | 7op | LIPv | VIP,low_resolution,1-2 | 5 | 7a | 7b | 7m | 7op | LIPv | VIP,30,9,xq,hybrid_projected_network_logcpm_exact
top3_network_beam_local_region_candidates,20R127,CM,Temporal,"Parietal, and Parieto-occipital region | Occipital/Temporal | Lateral Prefrontal Cortex",0,0,3a/b,VIP,MST,111,0,0,outside_network_beam,3a/b,"Parietal, and Parieto-occipital region::1-2 + 5 + 7a + 7b + 7m + 7op + LIPv + VIP",Occipital/Temporal::FST + MST + V1 + V2 + V3v + V4 + V4v,111,0,0,low_resolution,nearest_centroid_corr>=0.95,3a/b,outside_network_beam,,32,9,xq,hybrid_projected_network_logcpm_exact
top3_network_beam_local_region_candidates,20R128,A1,Temporal,"Parietal, and Parieto-occipital region | Lateral Prefrontal Cortex | Occipital/Temporal",0,0,LIPd,MST,VIP,111,0,0,outside_network_beam,LIPd,Occipital/Temporal::FST + MST + V1 + V2 + V3v + V4 + V4v,"Parietal, and Parieto-occipital region::1-2 + 5 + 7a + 7b + 7m + 7op + LIPv + VIP",111,0,0,low_resolution,training_n<8;nearest_centroid_corr>=0.95,LIPd,outside_network_beam,,32,9,xq,hybrid_projected_network_logcpm_exact
top3_network_beam_local_region_candidates,20R129,TAa,Temporal,"Parietal, and Parieto-occipital region | Temporal | Occipital/Temporal",0,1,V4v,TEO,1-2,32,0,0,Temporal::AL + TAa,Occipital/Temporal::FST + MST + V1 + V2 + V3d + V3v + V4 + V4v,Temporal::A1 + CL + CM + TEO,"Parietal, and Parieto-occipital region::1-2 + 5 + 7a + 7b + 7m + 7op + LIPv + VIP",8,0,0,low_resolution,training_n<8;nearest_centroid_corr>=0.95;fold_local_merged_confusion_group,FST | MST | V1 | V2 | V3d | V3v | V4 | V4v,low_resolution,AL | TAa,46,18,xq,hybrid_projected_network_logcpm_exact
top3_network_beam_local_region_candidates,20R130,7op,"Parietal, and Parieto-occipital region","Parietal, and Parieto-occipital region | Lateral Prefrontal Cortex | Temporal",1,1,7op,ML,Tpt,1,1,1,"Parietal, and Parieto-occipital region::1-2 + 5 + 7a + 7b + 7m + 7op + LIPv + VIP","Parietal, and Parieto-occipital region::1-2 + 5 + 7a + 7b + 7m + 7op + LIPv + VIP",Temporal::ML + PGa + TEa + TEad + TEav + TEm + TPO + Tpt,Lateral Prefrontal Cortex::44 + 8Bm,1,1,1,low_resolution,nearest_centroid_corr>=0.95;fold_local_merged_confusion_group,1-2 | 5 | 7a | 7b | 7m | 7op | LIPv | VIP,low_resolution,1-2 | 5 | 7a | 7b | 7m | 7op | LIPv | VIP,50,19,xq,hybrid_projected_network_logcpm_exact
top3_network_beam_local_region_candidates,20R131,TEpd,Temporal,"Temporal | Parietal, and Parieto-occipital region | Occipital/Temporal",1,1,V4v,TEO,ML,16,0,0,Temporal::TEpd + TEpv,Occipital/Temporal::FST + MST + V1 + V2 + V3d + V3v + V4 + V4v,Temporal::A1 + CL + CM + TEO,Temporal::IPa + ML + PGa + R + TEad + TEm + TPO + Tpt,5,0,0,low_resolution,training_n<8;nearest_centroid_corr>=0.95;fold_local_merged_confusion_group,FST | MST | V1 | V2 | V3d | V3v | V4 | V4v,low_resolution,TEpd | TEpv,46,18,xq,hybrid_projected_network_logcpm_exact
top3_network_beam_local_region_candidates,20R132,5,"Parietal, and Parieto-occipital region","Parietal, and Parieto-occipital region | Lateral Prefrontal Cortex | Temporal",1,1,ML,7m,7op,7,0,0,"Parietal, and Parieto-occipital region::1-2 + 5 + 7a + 7b + 7m + 7op + LIPv + VIP",Temporal::ML + PGa + TEa + TEad + TEav + TEm + TPO + Tpt,"Parietal, and Parieto-occipital region::1-2 + 5 + 7a + 7b + 7m + 7op + LIPv + VIP",Temporal::A1 + CL + CM + TEO + TEpd + TEpv,2,0,1,low_resolution,training_n<8;nearest_centroid_corr>=0.95;fold_local_merged_confusion_group,ML | PGa | TEa | TEad | TEav | TEm | TPO | Tpt,low_resolution,1-2 | 5 | 7a | 7b | 7m | 7op | LIPv | VIP,50,19,xq,hybrid_projected_network_logcpm_exact
top3_network_beam_local_region_candidates,20R133,7b,"Parietal, and Parieto-occipital region","Parietal, and Parieto-occipital region | Lateral Prefrontal Cortex | Temporal",1,1,7b,Tpt,7a,1,1,1,"Parietal, and Parieto-occipital region::1-2 + 5 + 7a + 7b + 7m + 7op + LIPv + VIP","Parietal, and Parieto-occipital region::1-2 + 5 + 7a + 7b + 7m + 7op + LIPv + VIP",Temporal::ML + PGa + TEa + TEad + TEav + TEm + TPO + Tpt,Temporal::AL + R + RTL + STG,1,1,1,low_resolution,training_n<8;nearest_centroid_corr>=0.95;fold_local_merged_confusion_group,1-2 | 5 | 7a | 7b | 7m | 7op | LIPv | VIP,low_resolution,1-2 | 5 | 7a | 7b | 7m | 7op | LIPv | VIP,50,19,xq,hybrid_projected_network_logcpm_exact
top3_network_beam_local_region_candidates,20R134,V1,Occipital/Temporal,"Occipital/Temporal | Parietal, and Parieto-occipital region | Temporal",1,1,V1,V3d,FST,1,1,1,Occipital/Temporal::FST + MST + V1 + V2 + V3d + V3v + V4 + V4v,Occipital/Temporal::FST + MST + V1 + V2 + V3d + V3v + V4 + V4v,MT,Temporal::A1 + CL + CM + TEO,1,1,1,low_resolution,nearest_centroid_corr>=0.95;fold_local_merged_confusion_group,FST | MST | V1 | V2 | V3d | V3v | V4 | V4v,low_resolution,FST | MST | V1 | V2 | V3d | V3v | V4 | V4v,46,18,xq,hybrid_projected_network_logcpm_exact
top3_network_beam_local_region_candidates,20R135,V2,Occipital/Temporal,"Occipital/Temporal | Parietal, and Parieto-occipital region | Temporal",1,1,V1,V3d,FST,7,0,0,Occipital/Temporal::FST + MST + V1 + V2 + V3d + V3v + V4 + V4v,Occipital/Temporal::FST + MST + V1 + V2 + V3d + V3v + V4 + V4v,MT,"Parietal, and Parieto-occipital region::1-2 + 5 + 7a + 7b + 7m + 7op + LIPv + VIP",1,1,1,low_resolution,nearest_centroid_corr>=0.95;fold_local_merged_confusion_group,FST | MST | V1 | V2 | V3d | V3v | V4 | V4v,low_resolution,FST | MST | V1 | V2 | V3d | V3v | V4 | V4v,46,18,xq,hybrid_projected_network_logcpm_exact
top3_network_beam_local_region_candidates,20R136,V3v,Occipital/Temporal,"Occipital/Temporal | Parietal, and Parieto-occipital region | Lateral Prefrontal Cortex",1,1,V3d,MST,FST,4,0,0,Occipital/Temporal::FST + MST + V1 + V2 + V3v + V4 + V4v,V3d,Occipital/Temporal::FST + MST + V1 + V2 + V3v + V4 + V4v,"Parietal, and Parieto-occipital region::1-2 + 5 + 7a + 7b + 7m + 7op + LIPv + VIP",2,0,1,low_resolution,training_n<8;nearest_centroid_corr>=0.95,V3d,low_resolution,FST | MST | V1 | V2 | V3v | V4 | V4v,32,9,xq,hybrid_projected_network_logcpm_exact
top3_network_beam_local_region_candidates,20R137,7m,"Parietal, and Parieto-occipital region","Occipital/Temporal | Parietal, and Parieto-occipital region | Lateral Prefrontal Cortex",0,1,V1,V2,V3v,15,0,0,"Parietal, and Parieto-occipital region::1-2 + 5 + 7a + 7b + 7m + 7op + LIPv + VIP",Occipital/Temporal::FST + MST + V1 + V2 + V3v + V4 + V4v,V3d,"Parietal, and Parieto-occipital region::1-2 + 5 + 7a + 7b + 7m + 7op + LIPv + VIP",3,0,1,low_resolution,nearest_centroid_corr>=0.95;fold_local_merged_confusion_group,FST | MST | V1 | V2 | V3v | V4 | V4v,low_resolution,1-2 | 5 | 7a | 7b | 7m | 7op | LIPv | VIP,32,9,xq,hybrid_projected_network_logcpm_exact
top3_network_beam_local_region_candidates,20R138,9m,Lateral Prefrontal Cortex,Orbitomedial Prefrontal Cortex (OMPFC) | Cingulate gyrus | Operculum/Insula,0,0,10m,14r,13b,111,0,0,outside_network_beam,Orbitomedial Prefrontal Cortex (OMPFC)::10m + 13b + 14r,Orbitomedial Prefrontal Cortex (OMPFC)::11l + 11m + 12m + 12o + 13a + 13l + 13m + 14c,Cingulate gyrus::24b + 24c,111,0,0,low_resolution,nearest_centroid_corr>=0.95;fold_local_merged_confusion_group,10m | 13b | 14r,outside_network_beam,,34,16,xq,hybrid_projected_network_logcpm_exact
top3_network_beam_local_region_candidates,20R139,9d,Lateral Prefrontal Cortex,Lateral Prefrontal Cortex | Cingulate gyrus | Frontal (agranular frontal motor areas),1,1,46d,12r,9d,3,0,1,Lateral Prefrontal Cortex::12l + 44 + 45 + 8A + 8Bd + 8Bm + 8Bs + 9d,Lateral Prefrontal Cortex::10o + 12r + 46d + 46v,Lateral Prefrontal Cortex::12l + 44 + 45 + 8A + 8Bd + 8Bm + 8Bs + 9d,9m,2,0,1,low_resolution,nearest_centroid_corr>=0.95;fold_local_merged_confusion_group,10o | 12r | 46d | 46v,low_resolution,12l | 44 | 45 | 8A | 8Bd | 8Bm | 8Bs | 9d,30,14,xq,hybrid_projected_network_logcpm_exact
top3_network_beam_local_region_candidates,20R140,10m,Orbitomedial Prefrontal Cortex (OMPFC),Orbitomedial Prefrontal Cortex (OMPFC) | Operculum/Insula | Cingulate gyrus,1,1,14r,10m,13b,2,0,1,Orbitomedial Prefrontal Cortex (OMPFC)::10m + 13b + 14r,Orbitomedial Prefrontal Cortex (OMPFC)::10m + 13b + 14r,Orbitomedial Prefrontal Cortex (OMPFC)::11l + 11m + 12m + 12o + 13a + 13l + 13m + 14c,Cingulate gyrus::24b + 24c,1,1,1,low_resolution,training_n<8;nearest_centroid_corr>=0.95;fold_local_merged_confusion_group,10m | 13b | 14r,low_resolution,10m | 13b | 14r,34,16,xq,hybrid_projected_network_logcpm_exact
top3_network_beam_local_region_candidates,20R141,11m,Orbitomedial Prefrontal Cortex (OMPFC),Lateral Prefrontal Cortex | Orbitomedial Prefrontal Cortex (OMPFC) | Cingulate gyrus,0,1,10m,13m,13b,13,0,0,Orbitomedial Prefrontal Cortex (OMPFC)::10m + 11l + 11m + 13a + 14c + 25 + 32,Orbitomedial Prefrontal Cortex (OMPFC)::10m + 11l + 11m + 13a + 14c + 25 + 32,Orbitomedial Prefrontal Cortex (OMPFC)::12m + 12o + 13l + 13m,13b,1,1,1,low_resolution,nearest_centroid_corr>=0.95;fold_local_merged_confusion_group,10m | 11l | 11m | 13a | 14c | 25 | 32,low_resolution,10m | 11l | 11m | 13a | 14c | 25 | 32,36,14,xq,hybrid_projected_network_logcpm_exact
top3_network_beam_local_region_candidates,20R124,R,Temporal,Temporal | Operculum/Insula | Orbitomedial Prefrontal Cortex (OMPFC),1,1,AL,R,SII,2,0,1,Temporal::AL + R + RTL + STG,Temporal::AL + R + RTL + STG,Operculum/Insula::G + Iapl + Id + Ig + SII,Temporal::A1 + CL + CM + ML + PGa + TEm + TPO + Tpt,1,1,1,low_resolution,training_n<8;nearest_centroid_corr>=0.95;fold_local_merged_confusion_group,AL | R | RTL | STG,low_resolution,AL | R | RTL | STG,51,20,xq,hybrid_projected_network_logcpm_exact
top3_network_beam_local_region_candidates,20R142,14r,Orbitomedial Prefrontal Cortex (OMPFC),Orbitomedial Prefrontal Cortex (OMPFC) | Operculum/Insula | Cingulate gyrus,1,1,14r,14c,13b,1,1,1,Orbitomedial Prefrontal Cortex (OMPFC)::10m + 13b + 14r,Orbitomedial Prefrontal Cortex (OMPFC)::10m + 13b + 14r,Orbitomedial Prefrontal Cortex (OMPFC)::11l + 11m + 12m + 12o + 13a + 13l + 13m + 14c,Cingulate gyrus::24b + 24c,1,1,1,low_resolution,training_n<8;nearest_centroid_corr>=0.95;fold_local_merged_confusion_group,10m | 13b | 14r,low_resolution,10m | 13b | 14r,34,16,xq,hybrid_projected_network_logcpm_exact
top3_network_beam_local_region_candidates,20R143,46d,Lateral Prefrontal Cortex,Lateral Prefrontal Cortex | Cingulate gyrus | Orbitomedial Prefrontal Cortex (OMPFC),1,1,13l,24c',9d,10,0,0,Lateral Prefrontal Cortex::10o + 12l + 12r + 44 + 45 + 46d + 46v + 9d,Orbitomedial Prefrontal Cortex (OMPFC)::12m + 12o + 13l + 13m,Cingulate gyrus::24b + 24c + 24c',Lateral Prefrontal Cortex::10o + 12l + 12r + 44 + 45 + 46d + 46v + 9d,3,0,1,low_resolution,training_n<8;nearest_centroid_corr>=0.95;fold_local_merged_confusion_group,12m | 12o | 13l | 13m,low_resolution,10o | 12l | 12r | 44 | 45 | 46d | 46v | 9d,36,14,xq,hybrid_projected_network_logcpm_exact
top3_network_beam_local_region_candidates,20R144,46v,Lateral Prefrontal Cortex,Lateral Prefrontal Cortex | Cingulate gyrus | Orbitomedial Prefrontal Cortex (OMPFC),1,1,12r,12l,12m,6,0,0,Lateral Prefrontal Cortex::10o + 12l + 12r + 44 + 45 + 46d + 46v + 9d,Lateral Prefrontal Cortex::10o + 12l + 12r + 44 + 45 + 46d + 46v + 9d,Orbitomedial Prefrontal Cortex (OMPFC)::12m + 12o + 13l + 13m,Lateral Prefrontal Cortex::8A + 8Bd + 8Bm + 8Bs + 9m,1,1,1,low_resolution,training_n<8;nearest_centroid_corr>=0.95;fold_local_merged_confusion_group,10o | 12l | 12r | 44 | 45 | 46d | 46v | 9d,low_resolution,10o | 12l | 12r | 44 | 45 | 46d | 46v | 9d,36,14,xq,hybrid_projected_network_logcpm_exact
top3_network_beam_local_region_candidates,20R145,12r,Lateral Prefrontal Cortex,Lateral Prefrontal Cortex | Cingulate gyrus | Orbitomedial Prefrontal Cortex (OMPFC),1,1,12l,12r,12m,2,0,1,Lateral Prefrontal Cortex::10o + 12l + 12r + 44 + 45 + 46d + 46v + 9d,Lateral Prefrontal Cortex::10o + 12l + 12r + 44 + 45 + 46d + 46v + 9d,Orbitomedial Prefrontal Cortex (OMPFC)::12m + 12o + 13l + 13m,Lateral Prefrontal Cortex::8A + 8Bd + 8Bm + 8Bs + 9m,1,1,1,low_resolution,training_n<8;nearest_centroid_corr>=0.95;fold_local_merged_confusion_group,10o | 12l | 12r | 44 | 45 | 46d | 46v | 9d,low_resolution,10o | 12l | 12r | 44 | 45 | 46d | 46v | 9d,36,14,xq,hybrid_projected_network_logcpm_exact
top3_network_beam_local_region_candidates,20R146,8A,Lateral Prefrontal Cortex,Lateral Prefrontal Cortex | Cingulate gyrus | Orbitomedial Prefrontal Cortex (OMPFC),1,1,9d,12l,12m,21,0,0,Lateral Prefrontal Cortex::8A + 8Bd + 8Bm + 8Bs + 9m,Lateral Prefrontal Cortex::10o + 12l + 12r + 44 + 45 + 46d + 46v + 9d,Orbitomedial Prefrontal Cortex (OMPFC)::12m + 12o + 13l + 13m,Lateral Prefrontal Cortex::8A + 8Bd + 8Bm + 8Bs + 9m,3,0,1,low_resolution,training_n<8;nearest_centroid_corr>=0.95;fold_local_merged_confusion_group,10o | 12l | 12r | 44 | 45 | 46d | 46v | 9d,low_resolution,8A | 8Bd | 8Bm | 8Bs | 9m,36,14,xq,hybrid_projected_network_logcpm_exact
top3_network_beam_local_region_candidates,20R147,8Bs,Lateral Prefrontal Cortex,Lateral Prefrontal Cortex | Frontal (agranular frontal motor areas) | Cingulate gyrus,1,1,12l,9d,12r,19,0,0,Lateral Prefrontal Cortex::12l + 44 + 45 + 8A + 8Bd + 8Bm + 8Bs + 9d,Lateral Prefrontal Cortex::12l + 44 + 45 + 8A + 8Bd + 8Bm + 8Bs + 9d,Lateral Prefrontal Cortex::10o + 12r + 46d + 46v,Frontal (agranular frontal motor areas)::F3 + F5 + F6 + F7,1,1,1,low_resolution,training_n<8;nearest_centroid_corr>=0.95;fold_local_merged_confusion_group,12l | 44 | 45 | 8A | 8Bd | 8Bm | 8Bs | 9d,low_resolution,12l | 44 | 45 | 8A | 8Bd | 8Bm | 8Bs | 9d,30,14,xq,hybrid_projected_network_logcpm_exact
top3_network_beam_local_region_candidates,20R148,44,Lateral Prefrontal Cortex,"Lateral Prefrontal Cortex | Parietal, and Parieto-occipital region | Frontal (agranular frontal motor areas)",1,1,9d,8Bd,F6,5,0,0,Lateral Prefrontal Cortex::12l + 44 + 8Bm + 9d,Lateral Prefrontal Cortex::12l + 44 + 8Bm + 9d,Lateral Prefrontal Cortex::10o + 12r + 45 + 46d + 46v + 8A + 8Bd + 8Bs,Frontal (agranular frontal motor areas)::F1 + F2 + F3 + F6 + F7,1,1,1,low_resolution,training_n<8;nearest_centroid_corr>=0.95;fold_local_merged_confusion_group,12l | 44 | 8Bm | 9d,low_resolution,12l | 44 | 8Bm | 9d,30,9,xq,hybrid_projected_network_logcpm_exact
top3_network_beam_local_region_candidates,20R149,45,Lateral Prefrontal Cortex,Lateral Prefrontal Cortex | Frontal (agranular frontal motor areas) | Cingulate gyrus,1,1,44,9d,8Bd,10,0,0,Lateral Prefrontal Cortex::12l + 44 + 45 + 8A + 8Bd + 8Bm + 8Bs + 9d,Lateral Prefrontal Cortex::12l + 44 + 45 + 8A + 8Bd + 8Bm + 8Bs + 9d,Frontal (agranular frontal motor areas)::F3 + F5 + F6 + F7,F4,1,1,1,low_resolution,training_n<8;nearest_centroid_corr>=0.95;fold_local_merged_confusion_group,12l | 44 | 45 | 8A | 8Bd | 8Bm | 8Bs | 9d,low_resolution,12l | 44 | 45 | 8A | 8Bd | 8Bm | 8Bs | 9d,30,14,xq,hybrid_projected_network_logcpm_exact
top3_network_beam_local_region_candidates,20R150,F2,Frontal (agranular frontal motor areas),Cingulate gyrus | Lateral Prefrontal Cortex | Orbitomedial Prefrontal Cortex (OMPFC),0,0,9m,24c',13m,111,0,0,outside_network_beam,Lateral Prefrontal Cortex::8A + 8Bd + 8Bm + 8Bs + 9m,Cingulate gyrus::24b + 24c + 24c',Orbitomedial Prefrontal Cortex (OMPFC)::12m + 12o + 13l + 13m,111,0,0,low_resolution,training_n<8;nearest_centroid_corr>=0.95;fold_local_merged_confusion_group,8A | 8Bd | 8Bm | 8Bs | 9m,outside_network_beam,,36,14,xq,hybrid_projected_network_logcpm_exact
top3_network_beam_local_region_candidates,20R151,F3,Frontal (agranular frontal motor areas),Cingulate gyrus | Lateral Prefrontal Cortex | Frontal (agranular frontal motor areas),0,1,9m,24c,24b,28,0,0,Frontal (agranular frontal motor areas)::F3 + F5 + F6 + F7,9m,Cingulate gyrus::24b + 24c + 24c',Frontal (agranular frontal motor areas)::F3 + F5 + F6 + F7,3,0,1,low_resolution,training_n<8;nearest_centroid_corr>=0.95,9m,low_resolution,F3 | F5 | F6 | F7,30,14,xq,hybrid_projected_network_logcpm_exact
top3_network_beam_local_region_candidates,20R152,F5,Frontal (agranular frontal motor areas),Orbitomedial Prefrontal Cortex (OMPFC) | Operculum/Insula | Cingulate gyrus,0,0,12o,10m,13b,111,0,0,outside_network_beam,Orbitomedial Prefrontal Cortex (OMPFC)::11l + 11m + 12m + 12o + 13a + 13l + 13m + 14c,Orbitomedial Prefrontal Cortex (OMPFC)::10m + 13b + 14r,Operculum/Insula::G + Iapl + Id + Ig + PrCO + SII,111,0,0,low_resolution,training_n<8;nearest_centroid_corr>=0.95;fold_local_merged_confusion_group,11l | 11m | 12m | 12o | 13a | 13l | 13m | 14c,outside_network_beam,,34,16,xq,hybrid_projected_network_logcpm_exact
top3_network_beam_local_region_candidates,20R153,24c,Cingulate gyrus,Orbitomedial Prefrontal Cortex (OMPFC) | Operculum/Insula | Cingulate gyrus,0,1,32,24b,13a,6,0,0,Cingulate gyrus::24b + 24c,Orbitomedial Prefrontal Cortex (OMPFC)::25 + 32,Cingulate gyrus::24b + 24c,Orbitomedial Prefrontal Cortex (OMPFC)::11l + 11m + 12m + 12o + 13a + 13l + 13m + 14c,2,0,1,low_resolution,training_n<8;nearest_centroid_corr>=0.95;fold_local_merged_confusion_group,25 | 32,low_resolution,24b | 24c,34,16,xq,hybrid_projected_network_logcpm_exact
top3_network_beam_local_region_candidates,20R154,Ig,Operculum/Insula,Operculum/Insula | Temporal | Orbitomedial Prefrontal Cortex (OMPFC),1,1,RM,RTL,PrCO,7,0,0,Operculum/Insula::G + Iapl + Id + Ig + SII,Temporal::RM + RTM,Temporal::AL + R + RTL + STG,PrCO,4,0,0,low_resolution,training_n<8;nearest_centroid_corr>=0.95;fold_local_merged_confusion_group,RM | RTM,low_resolution,G | Iapl | Id | Ig | SII,51,20,xq,hybrid_projected_network_logcpm_exact
top3_network_beam_local_region_candidates,20R155,pu,Subcortical,Subcortical | Hippocampal formation | Orbitomedial Prefrontal Cortex (OMPFC),1,1,pu,Cd,NAcc,1,1,1,pu,pu,Subcortical::Cd + NAcc,Cla,1,1,1,low_resolution,training_n<8;nearest_centroid_corr>=0.95,pu,low_resolution,pu,23,12,xq,hybrid_projected_network_logcpm_exact
top3_network_beam_local_region_candidates,20R156,1-2,"Parietal, and Parieto-occipital region",Orbitomedial Prefrontal Cortex (OMPFC) | Operculum/Insula | Cingulate gyrus,0,0,24c',PrCO,G,111,0,0,outside_network_beam,24c',Operculum/Insula::G + Iapl + Id + Ig + PrCO + SII,Cingulate gyrus::24b + 24c,111,0,0,low_resolution,training_n<8;nearest_centroid_corr>=0.95,24c',outside_network_beam,,34,16,xq,hybrid_projected_network_logcpm_exact
top3_network_beam_local_region_candidates,20R157,Cd,Subcortical,Subcortical | Hippocampal formation | Orbitomedial Prefrontal Cortex (OMPFC),1,1,Cd,pu,NAcc,1,1,1,Subcortical::Cd + NAcc,Subcortical::Cd + NAcc,pu,Cla,1,1,1,low_resolution,training_n<8;nearest_centroid_corr>=0.95;fold_local_merged_confusion_group,Cd | NAcc,low_resolution,Cd | NAcc,23,12,xq,hybrid_projected_network_logcpm_exact
top3_network_beam_local_region_candidates,20R158,STG,Temporal,Operculum/Insula | Temporal | Orbitomedial Prefrontal Cortex (OMPFC),0,1,STG,TAa,RTL,1,1,1,Temporal::AL + R + RTL + STG,Temporal::AL + R + RTL + STG,TAa,PrCO,1,1,1,low_resolution,nearest_centroid_corr>=0.95;fold_local_merged_confusion_group,AL | R | RTL | STG,low_resolution,AL | R | RTL | STG,51,20,xq,hybrid_projected_network_logcpm_exact
top3_network_beam_local_region_candidates,20R159,TEad,Temporal,"Temporal | Operculum/Insula | Parietal, and Parieto-occipital region",1,1,TEpd,AL,TEad,3,0,1,Temporal::PGa + TEa + TEad + TEav + TEm + TFO,Temporal::TEpd + TEpv,Temporal::AL + RTL + STG + TAa,Temporal::PGa + TEa + TEad + TEav + TEm + TFO,3,0,1,low_resolution,training_n<8;nearest_centroid_corr>=0.95;fold_local_merged_confusion_group,TEpd | TEpv,low_resolution,PGa | TEa | TEad | TEav | TEm | TFO,48,19,xq,hybrid_projected_network_logcpm_exact
top3_network_beam_local_region_candidates,20R160,Id,Operculum/Insula,Operculum/Insula | Orbitomedial Prefrontal Cortex (OMPFC) | Temporal,1,1,Ia,RTM,Pi,5,0,0,Operculum/Insula::G + Iapl + Id + Ig + SII,Ia,Temporal::RM + RTM,Operculum/Insula::Ial + Iapm + Pi,4,0,0,low_resolution,training_n<8;nearest_centroid_corr>=0.95,Ia,low_resolution,G | Iapl | Id | Ig | SII,51,20,xq,hybrid_projected_network_logcpm_exact
top3_network_beam_local_region_candidates,20R161,SII,Operculum/Insula,Operculum/Insula | Orbitomedial Prefrontal Cortex (OMPFC) | Lateral Prefrontal Cortex,1,1,PrCO,Ig,13l,9,0,0,Operculum/Insula::G + Iapl + Id + Ig + PrCO + SII,Operculum/Insula::G + Iapl + Id + Ig + PrCO + SII,Orbitomedial Prefrontal Cortex (OMPFC)::10m + 11l + 11m + 12m + 13l + 13m + 14c,12o,1,1,1,low_resolution,nearest_centroid_corr>=0.95;fold_local_merged_confusion_group,G | Iapl | Id | Ig | PrCO | SII,low_resolution,G | Iapl | Id | Ig | PrCO | SII,37,12,xq,hybrid_projected_network_logcpm_exact
top3_network_beam_local_region_candidates,20R162,F3,Frontal (agranular frontal motor areas),Frontal (agranular frontal motor areas) | Lateral Prefrontal Cortex | Cingulate gyrus,1,1,8Bm,F6,44,7,0,0,Frontal (agranular frontal motor areas)::F3 + F5 + F6 + F7,Lateral Prefrontal Cortex::12l + 44 + 45 + 8A + 8Bd + 8Bm + 8Bs + 9d,Frontal (agranular frontal motor areas)::F3 + F5 + F6 + F7,F4,2,0,1,low_resolution,training_n<8;nearest_centroid_corr>=0.95;fold_local_merged_confusion_group,12l | 44 | 45 | 8A | 8Bd | 8Bm | 8Bs | 9d,low_resolution,F3 | F5 | F6 | F7,30,14,xq,hybrid_projected_network_logcpm_exact
top3_network_beam_local_region_candidates,20R163,RTL,Temporal,Operculum/Insula | Temporal | Orbitomedial Prefrontal Cortex (OMPFC),0,1,RTL,STG,TAa,1,1,1,Temporal::AL + R + RTL + STG,Temporal::AL + R + RTL + STG,TAa,PrCO,1,1,1,low_resolution,training_n<8;nearest_centroid_corr>=0.95;fold_local_merged_confusion_group,AL | R | RTL | STG,low_resolution,AL | R | RTL | STG,51,20,xq,hybrid_projected_network_logcpm_exact
top3_network_beam_local_region_candidates,20R164,F2,Frontal (agranular frontal motor areas),Lateral Prefrontal Cortex | Frontal (agranular frontal motor areas) | Cingulate gyrus,0,1,F6,44,F5,21,0,0,Frontal (agranular frontal motor areas)::F1 + F2,Frontal (agranular frontal motor areas)::F3 + F5 + F6 + F7,Lateral Prefrontal Cortex::12l + 44 + 45 + 8A + 8Bd + 8Bm + 8Bs + 9d,Cingulate gyrus::24b + 24c + 24c',10,0,0,low_resolution,training_n<8;nearest_centroid_corr>=0.95;fold_local_merged_confusion_group,F3 | F5 | F6 | F7,low_resolution,F1 | F2,30,14,xq,hybrid_projected_network_logcpm_exact
top3_network_beam_local_region_candidates,20R165,TEav,Temporal,Temporal | Operculum/Insula | Orbitomedial Prefrontal Cortex (OMPFC),1,1,TEpv,TAa,TEad,7,0,0,Temporal::TEad + TEav + TFO,Temporal::TEO + TEpd + TEpv,TAa,Temporal::TEad + TEav + TFO,3,0,1,low_resolution,training_n<8;nearest_centroid_corr>=0.95;fold_local_merged_confusion_group,TEO | TEpd | TEpv,low_resolution,TEad | TEav | TFO,51,20,xq,hybrid_projected_network_logcpm_exact
top3_network_beam_local_region_candidates,20R166,TPO,Temporal,"Temporal | Parietal, and Parieto-occipital region | Lateral Prefrontal Cortex",1,1,TPO,AL,R,1,1,1,Temporal::ML + PGa + TEa + TEad + TEav + TEm + TPO + Tpt,Temporal::ML + PGa + TEa + TEad + TEav + TEm + TPO + Tpt,Temporal::AL + R + RTL + STG,"Parietal, and Parieto-occipital region::1-2 + 5 + 7a + 7b + 7m + 7op + LIPv + VIP",1,1,1,low_resolution,nearest_centroid_corr>=0.95;fold_local_merged_confusion_group,ML | PGa | TEa | TEad | TEav | TEm | TPO | Tpt,low_resolution,ML | PGa | TEa | TEad | TEav | TEm | TPO | Tpt,50,19,xq,hybrid_projected_network_logcpm_exact
top3_network_beam_local_region_candidates,20R167,RM,Temporal,Operculum/Insula | Temporal | Lateral Prefrontal Cortex,0,1,AL,R,Ri,9,0,0,RM,Temporal::AL + R + RTL + STG + TAa,Ri,Operculum/Insula::G + Ig + SII,5,0,0,low_resolution,training_n<8;nearest_centroid_corr>=0.95;fold_local_merged_confusion_group,AL | R | RTL | STG | TAa,low_resolution,RM,51,18,xq,hybrid_projected_network_logcpm_exact
top3_network_beam_local_region_candidates,20R168,Tha,Subcortical,Subcortical | Hippocampal formation | Orbitomedial Prefrontal Cortex (OMPFC),1,1,Tha,Amy,GP,1,1,1,Tha,Tha,Amy,GP,1,1,1,low_resolution,training_n<8,Tha,low_resolution,Tha,23,12,xq,hybrid_projected_network_logcpm_exact
top3_network_beam_local_region_candidates,20R169,F1,Frontal (agranular frontal motor areas),Frontal (agranular frontal motor areas) | Lateral Prefrontal Cortex | Cingulate gyrus,1,1,F3,F7,44,10,0,0,Frontal (agranular frontal motor areas)::F1 + F2,Frontal (agranular frontal motor areas)::F3 + F5 + F6 + F7,Lateral Prefrontal Cortex::12l + 44 + 45 + 8A + 8Bd + 8Bm + 8Bs + 9d,Frontal (agranular frontal motor areas)::F1 + F2,3,0,1,low_resolution,training_n<8;nearest_centroid_corr>=0.95;fold_local_merged_confusion_group,F3 | F5 | F6 | F7,low_resolution,F1 | F2,30,14,xq,hybrid_projected_network_logcpm_exact
top3_network_beam_local_region_candidates,20R170,R,Temporal,"Temporal | Parietal, and Parieto-occipital region | Lateral Prefrontal Cortex",1,1,ML,1-2,Tpt,5,0,0,Temporal::AL + R + RTL + STG,Temporal::ML + PGa + TEa + TEad + TEav + TEm + TPO + Tpt,"Parietal, and Parieto-occipital region::1-2 + 5 + 7a + 7b + 7m + 7op + LIPv + VIP",Temporal::AL + R + RTL + STG,3,0,1,low_resolution,training_n<8;nearest_centroid_corr>=0.95;fold_local_merged_confusion_group,ML | PGa | TEa | TEad | TEav | TEm | TPO | Tpt,low_resolution,AL | R | RTL | STG,50,19,xq,hybrid_projected_network_logcpm_exact
top3_network_beam_local_region_candidates,20R171,HC,Hippocampal formation,Hippocampal formation | Operculum/Insula | Orbitomedial Prefrontal Cortex (OMPFC),1,1,HC,25,14c,1,1,1,HC,HC,25,Orbitomedial Prefrontal Cortex (OMPFC)::11l + 11m + 12m + 12o + 13a + 13l + 13m + 14c,1,1,1,low_resolution,training_n<8,HC,low_resolution,HC,25,10,xq,hybrid_projected_network_logcpm_exact
top3_network_beam_local_region_candidates,20R172,TEm,Temporal,"Temporal | Parietal, and Parieto-occipital region | Operculum/Insula",1,1,TEpd,TPO,Tpt,4,0,0,Temporal::PGa + TEa + TEad + TEav + TEm + TFO,Temporal::TEpd + TEpv,Temporal::A1 + CL + CM + ML + TEO + TPO + Tpt,Temporal::PGa + TEa + TEad + TEav + TEm + TFO,3,0,1,low_resolution,training_n<8;nearest_centroid_corr>=0.95;fold_local_merged_confusion_group,TEpd | TEpv,low_resolution,PGa | TEa | TEad | TEav | TEm | TFO,48,19,xq,hybrid_projected_network_logcpm_exact
top3_network_beam_local_region_candidates,20R173,AL,Temporal,"Temporal | Parietal, and Parieto-occipital region | Lateral Prefrontal Cortex",1,1,R,Tpt,ML,7,0,0,Temporal::AL + R + RTL + STG,Temporal::AL + R + RTL + STG,Temporal::ML + PGa + TEa + TEad + TEav + TEm + TPO + Tpt,"Parietal, and Parieto-occipital region::1-2 + 5 + 7a + 7b + 7m + 7op + LIPv + VIP",1,1,1,low_resolution,training_n<8;nearest_centroid_corr>=0.95;fold_local_merged_confusion_group,AL | R | RTL | STG,low_resolution,AL | R | RTL | STG,50,19,xq,hybrid_projected_network_logcpm_exact
top3_network_beam_local_region_candidates,20R174,STG,Temporal,Temporal | Operculum/Insula | Lateral Prefrontal Cortex,1,1,AL,Tpt,R,11,0,0,Temporal::AL + R + RTL + STG + TAa,Temporal::AL + R + RTL + STG + TAa,Temporal::A1 + CL + CM + ML + PGa + TEm + TPO + Tpt,Temporal::TEO + TEpd + TEpv,1,1,1,low_resolution,training_n<8;nearest_centroid_corr>=0.95;fold_local_merged_confusion_group,AL | R | RTL | STG | TAa,low_resolution,AL | R | RTL | STG | TAa,51,18,xq,hybrid_projected_network_logcpm_exact
top3_network_beam_local_region_candidates,20R175,V2,Occipital/Temporal,"Occipital/Temporal | Parietal, and Parieto-occipital region | Temporal",1,1,V1,V3d,FST,6,0,0,Occipital/Temporal::FST + MST + V1 + V2 + V3d + V3v + V4 + V4v,Occipital/Temporal::FST + MST + V1 + V2 + V3d + V3v + V4 + V4v,MT,"Parietal, and Parieto-occipital region::1-2 + 5 + 7a + 7b + 7m + 7op + LIPv + VIP",1,1,1,low_resolution,nearest_centroid_corr>=0.95;fold_local_merged_confusion_group,FST | MST | V1 | V2 | V3d | V3v | V4 | V4v,low_resolution,FST | MST | V1 | V2 | V3d | V3v | V4 | V4v,46,18,xq,hybrid_projected_network_logcpm_exact
top3_network_beam_local_region_candidates,20R176,V1,Occipital/Temporal,"Occipital/Temporal | Parietal, and Parieto-occipital region | Temporal",1,1,V1,V3d,FST,1,1,1,Occipital/Temporal::FST + MST + V1 + V2 + V3d + V3v + V4 + V4v,Occipital/Temporal::FST + MST + V1 + V2 + V3d + V3v + V4 + V4v,MT,"Parietal, and Parieto-occipital region::1-2 + 5 + 7a + 7b + 7m + 7op + LIPv + VIP",1,1,1,low_resolution,nearest_centroid_corr>=0.95;fold_local_merged_confusion_group,FST | MST | V1 | V2 | V3d | V3v | V4 | V4v,low_resolution,FST | MST | V1 | V2 | V3d | V3v | V4 | V4v,46,18,xq,hybrid_projected_network_logcpm_exact
top3_network_beam_local_region_candidates,20R177,V3v,Occipital/Temporal,"Occipital/Temporal | Parietal, and Parieto-occipital region | Lateral Prefrontal Cortex",1,1,FST,V3v,V3d,2,0,1,Occipital/Temporal::FST + MST + V1 + V2 + V3v + V4 + V4v,Occipital/Temporal::FST + MST + V1 + V2 + V3v + V4 + V4v,V3d,"Parietal, and Parieto-occipital region::1-2 + 5 + 7a + 7b + 7m + 7op + LIPv + VIP",1,1,1,low_resolution,training_n<8;nearest_centroid_corr>=0.95;fold_local_merged_confusion_group,FST | MST | V1 | V2 | V3v | V4 | V4v,low_resolution,FST | MST | V1 | V2 | V3v | V4 | V4v,32,9,xq,hybrid_projected_network_logcpm_exact
top3_network_beam_local_region_candidates,20R178,LIPv,"Parietal, and Parieto-occipital region","Parietal, and Parieto-occipital region | Lateral Prefrontal Cortex | Frontal (agranular frontal motor areas)",1,1,LIPd,VIP,LIPv,3,0,1,"Parietal, and Parieto-occipital region::1-2 + 5 + 7a + 7b + 7m + 7op + LIPv + VIP",LIPd,"Parietal, and Parieto-occipital region::1-2 + 5 + 7a + 7b + 7m + 7op + LIPv + VIP",Frontal (agranular frontal motor areas)::F1 + F2 + F3 + F6 + F7,2,0,1,low_resolution,training_n<8;nearest_centroid_corr>=0.95,LIPd,low_resolution,1-2 | 5 | 7a | 7b | 7m | 7op | LIPv | VIP,30,9,xq,hybrid_projected_network_logcpm_exact
top3_network_beam_local_region_candidates,20R179,5,"Parietal, and Parieto-occipital region","Parietal, and Parieto-occipital region | Lateral Prefrontal Cortex | Temporal",1,1,ML,Tpt,7op,8,0,0,"Parietal, and Parieto-occipital region::1-2 + 5 + 7a + 7b + 7m + 7op + LIPv + VIP",Temporal::ML + PGa + TEa + TEad + TEav + TEm + TPO + Tpt,"Parietal, and Parieto-occipital region::1-2 + 5 + 7a + 7b + 7m + 7op + LIPv + VIP",Lateral Prefrontal Cortex::10o + 12l + 12r + 45 + 46d + 46v + 9d,2,0,1,low_resolution,training_n<8;nearest_centroid_corr>=0.95;fold_local_merged_confusion_group,ML | PGa | TEa | TEad | TEav | TEm | TPO | Tpt,low_resolution,1-2 | 5 | 7a | 7b | 7m | 7op | LIPv | VIP,50,19,xq,hybrid_projected_network_logcpm_exact
top3_network_beam_local_region_candidates,20R180,TPO,Temporal,"Parietal, and Parieto-occipital region | Lateral Prefrontal Cortex | Temporal",0,1,5,TEO,ML,16,0,0,Temporal::ML + PGa + TEa + TEad + TEav + TEm + TPO + Tpt,"Parietal, and Parieto-occipital region::1-2 + 5 + 7a + 7b + 7m + 7op + LIPv + VIP",Temporal::A1 + CL + CM + TEO + TEpd + TEpv,Temporal::ML + PGa + TEa + TEad + TEav + TEm + TPO + Tpt,3,0,1,low_resolution,training_n<8;nearest_centroid_corr>=0.95;fold_local_merged_confusion_group,1-2 | 5 | 7a | 7b | 7m | 7op | LIPv | VIP,low_resolution,ML | PGa | TEa | TEad | TEav | TEm | TPO | Tpt,50,19,xq,hybrid_projected_network_logcpm_exact
top3_network_beam_local_region_candidates,20R181,TFO,Temporal,Temporal | Operculum/Insula | Orbitomedial Prefrontal Cortex (OMPFC),1,1,TFO,TEpv,TAa,1,1,1,Temporal::TEad + TEav + TFO,Temporal::TEad + TEav + TFO,Temporal::TEO + TEpd + TEpv,TAa,1,1,1,low_resolution,training_n<8;nearest_centroid_corr>=0.95;fold_local_merged_confusion_group,TEad | TEav | TFO,low_resolution,TEad | TEav | TFO,51,20,xq,hybrid_projected_network_logcpm_exact
top3_network_beam_local_region_candidates,20R182,LIPd,"Parietal, and Parieto-occipital region","Parietal, and Parieto-occipital region | Lateral Prefrontal Cortex | Temporal",1,1,ML,7op,7m,24,0,0,LIPd,Temporal::ML + PGa + TEa + TEad + TEav + TEm + TPO + Tpt,"Parietal, and Parieto-occipital region::1-2 + 5 + 7a + 7b + 7m + 7op + LIPv + VIP",IPa,10,0,0,low_resolution,training_n<8;nearest_centroid_corr>=0.95;fold_local_merged_confusion_group,ML | PGa | TEa | TEad | TEav | TEm | TPO | Tpt,low_resolution,LIPd,50,19,xq,hybrid_projected_network_logcpm_exact
top3_network_beam_local_region_candidates,20R183,8A,Lateral Prefrontal Cortex,Lateral Prefrontal Cortex | Frontal (agranular frontal motor areas) | Cingulate gyrus,1,1,9d,8Bd,44,11,0,0,Lateral Prefrontal Cortex::12l + 44 + 45 + 8A + 8Bd + 8Bm + 8Bs + 9d,Lateral Prefrontal Cortex::12l + 44 + 45 + 8A + 8Bd + 8Bm + 8Bs + 9d,Frontal (agranular frontal motor areas)::F3 + F5 + F6 + F7,F4,1,1,1,low_resolution,training_n<8;nearest_centroid_corr>=0.95;fold_local_merged_confusion_group,12l | 44 | 45 | 8A | 8Bd | 8Bm | 8Bs | 9d,low_resolution,12l | 44 | 45 | 8A | 8Bd | 8Bm | 8Bs | 9d,30,14,xq,hybrid_projected_network_logcpm_exact
top3_network_beam_local_region_candidates,20R184,Tpt,Temporal,"Parietal, and Parieto-occipital region | Temporal | Lateral Prefrontal Cortex",0,1,Tpt,7b,7a,1,1,1,Temporal::ML + PGa + TEa + TEad + TEav + TEm + TPO + Tpt,Temporal::ML + PGa + TEa + TEad + TEav + TEm + TPO + Tpt,"Parietal, and Parieto-occipital region::1-2 + 5 + 7a + 7b + 7m + 7op + LIPv + VIP",Temporal::AL + R + RTL + STG,1,1,1,low_resolution,training_n<8;nearest_centroid_corr>=0.95;fold_local_merged_confusion_group,ML | PGa | TEa | TEad | TEav | TEm | TPO | Tpt,low_resolution,ML | PGa | TEa | TEad | TEav | TEm | TPO | Tpt,50,19,xq,hybrid_projected_network_logcpm_exact
top3_network_beam_local_region_candidates,20R185,7op,"Parietal, and Parieto-occipital region","Parietal, and Parieto-occipital region | Lateral Prefrontal Cortex | Temporal",1,1,7b,TPO,7op,3,0,1,"Parietal, and Parieto-occipital region::1-2 + 5 + 7a + 7b + 7m + 7op + LIPv + VIP","Parietal, and Parieto-occipital region::1-2 + 5 + 7a + 7b + 7m + 7op + LIPv + VIP",Temporal::ML + PGa + TEa + TEad + TEav + TEm + TPO + Tpt,Temporal::AL + R + RTL + STG,1,1,1,low_resolution,training_n<8;nearest_centroid_corr>=0.95;fold_local_merged_confusion_group,1-2 | 5 | 7a | 7b | 7m | 7op | LIPv | VIP,low_resolution,1-2 | 5 | 7a | 7b | 7m | 7op | LIPv | VIP,50,19,xq,hybrid_projected_network_logcpm_exact
top3_network_beam_local_region_candidates,20R186,7a,"Parietal, and Parieto-occipital region","Temporal | Parietal, and Parieto-occipital region | Lateral Prefrontal Cortex",0,1,7b,Tpt,7a,3,0,1,"Parietal, and Parieto-occipital region::1-2 + 5 + 7a + 7b + 7m + 7op + LIPv + VIP","Parietal, and Parieto-occipital region::1-2 + 5 + 7a + 7b + 7m + 7op + LIPv + VIP",Temporal::ML + PGa + TEa + TEad + TEav + TEm + TPO + Tpt,Temporal::AL + R + RTL + STG,1,1,1,low_resolution,training_n<8;nearest_centroid_corr>=0.95;fold_local_merged_confusion_group,1-2 | 5 | 7a | 7b | 7m | 7op | LIPv | VIP,low_resolution,1-2 | 5 | 7a | 7b | 7m | 7op | LIPv | VIP,50,19,xq,hybrid_projected_network_logcpm_exact
top3_network_beam_local_region_candidates,20R187,FST,Occipital/Temporal,"Parietal, and Parieto-occipital region | Lateral Prefrontal Cortex | Temporal",0,0,CL,LIPd,CM,111,0,0,outside_network_beam,Temporal::A1 + CL + CM + TEO + TEpd + TEpv,LIPd,"Parietal, and Parieto-occipital region::1-2 + 5 + 7a + 7b + 7m + 7op + LIPv + VIP",111,0,0,low_resolution,training_n<8;nearest_centroid_corr>=0.95;fold_local_merged_confusion_group,A1 | CL | CM | TEO | TEpd | TEpv,outside_network_beam,,50,19,xq,hybrid_projected_network_logcpm_exact
top3_network_beam_local_region_candidates,20R188,HC,Hippocampal formation,Hippocampal formation | Operculum/Insula | Orbitomedial Prefrontal Cortex (OMPFC),1,1,HC,25,Iapl,1,1,1,HC,HC,25,Operculum/Insula::G + Iapl + Id + Ig + PrCO + SII,1,1,1,low_resolution,training_n<8,HC,low_resolution,HC,25,10,xq,hybrid_projected_network_logcpm_exact
top3_network_beam_local_region_candidates,20R189,V4,Occipital/Temporal,"Occipital/Temporal | Parietal, and Parieto-occipital region | Temporal",1,1,TEO,V4,V3v,2,0,1,Occipital/Temporal::FST + MST + V1 + V2 + V3d + V3v + V4 + V4v,Temporal::A1 + CL + CM + TEO,Occipital/Temporal::FST + MST + V1 + V2 + V3d + V3v + V4 + V4v,"Parietal, and Parieto-occipital region::1-2 + 5 + 7a + 7b + 7m + 7op + LIPv + VIP",2,0,1,low_resolution,nearest_centroid_corr>=0.95;fold_local_merged_confusion_group,A1 | CL | CM | TEO,low_resolution,FST | MST | V1 | V2 | V3d | V3v | V4 | V4v,46,18,xq,hybrid_projected_network_logcpm_exact
top3_network_beam_local_region_candidates,20R190,VIP,"Parietal, and Parieto-occipital region","Parietal, and Parieto-occipital region | Frontal (agranular frontal motor areas) | Lateral Prefrontal Cortex",1,1,5,VIP,F1,2,0,1,"Parietal, and Parieto-occipital region::1-2 + 5 + 7a + 7b + 7m + 7op + LIPv + VIP","Parietal, and Parieto-occipital region::1-2 + 5 + 7a + 7b + 7m + 7op + LIPv + VIP",Frontal (agranular frontal motor areas)::F1 + F2 + F3 + F6 + F7,3a/b,1,1,1,low_resolution,training_n<8;nearest_centroid_corr>=0.95;fold_local_merged_confusion_group,1-2 | 5 | 7a | 7b | 7m | 7op | LIPv | VIP,low_resolution,1-2 | 5 | 7a | 7b | 7m | 7op | LIPv | VIP,30,9,xq,hybrid_projected_network_logcpm_exact
top3_network_beam_local_region_candidates,20R191,13l,Orbitomedial Prefrontal Cortex (OMPFC),Orbitomedial Prefrontal Cortex (OMPFC) | Operculum/Insula | Lateral Prefrontal Cortex,1,1,13l,13m,9m,1,1,1,Orbitomedial Prefrontal Cortex (OMPFC)::10m + 11l + 11m + 12m + 13l + 13m + 14c,Orbitomedial Prefrontal Cortex (OMPFC)::10m + 11l + 11m + 12m + 13l + 13m + 14c,Lateral Prefrontal Cortex::8Bm + 9m,Lateral Prefrontal Cortex::10o + 12l + 12r + 44 + 46d + 46v + 9d,1,1,1,low_resolution,training_n<8;nearest_centroid_corr>=0.95;fold_local_merged_confusion_group,10m | 11l | 11m | 12m | 13l | 13m | 14c,low_resolution,10m | 11l | 11m | 12m | 13l | 13m | 14c,37,12,xq,hybrid_projected_network_logcpm_exact
top3_network_beam_local_region_candidates,20R192,45,Lateral Prefrontal Cortex,"Lateral Prefrontal Cortex | Frontal (agranular frontal motor areas) | Parietal, and Parieto-occipital region",1,1,9d,44,8Bd,5,0,0,Lateral Prefrontal Cortex::10o + 12r + 45 + 46d + 46v + 8A + 8Bd + 8Bs,Lateral Prefrontal Cortex::12l + 44 + 8Bm + 9d,Lateral Prefrontal Cortex::10o + 12r + 45 + 46d + 46v + 8A + 8Bd + 8Bs,F4,2,0,1,low_resolution,training_n<8;nearest_centroid_corr>=0.95;fold_local_merged_confusion_group,12l | 44 | 8Bm | 9d,low_resolution,10o | 12r | 45 | 46d | 46v | 8A | 8Bd | 8Bs,30,9,xq,hybrid_projected_network_logcpm_exact
top3_network_beam_local_region_candidates,20R193,46v,Lateral Prefrontal Cortex,Lateral Prefrontal Cortex | Cingulate gyrus | Frontal (agranular frontal motor areas),1,1,44,8Bs,9d,27,0,0,Lateral Prefrontal Cortex::10o + 12r + 46d + 46v,Lateral Prefrontal Cortex::12l + 44 + 45 + 8A + 8Bd + 8Bm + 8Bs + 9d,24a',Frontal (agranular frontal motor areas)::F3 + F5 + F6 + F7,10,0,0,low_resolution,training_n<8;nearest_centroid_corr>=0.95;fold_local_merged_confusion_group,12l | 44 | 45 | 8A | 8Bd | 8Bm | 8Bs | 9d,low_resolution,10o | 12r | 46d | 46v,30,14,xq,hybrid_projected_network_logcpm_exact
top3_network_beam_local_region_candidates,20R194,46d,Lateral Prefrontal Cortex,Lateral Prefrontal Cortex | Frontal (agranular frontal motor areas) | Cingulate gyrus,1,1,9d,45,8Bd,5,0,0,Lateral Prefrontal Cortex::10o + 12r + 46d + 46v,Lateral Prefrontal Cortex::12l + 44 + 45 + 8A + 8Bd + 8Bm + 8Bs + 9d,Lateral Prefrontal Cortex::10o + 12r + 46d + 46v,Frontal (agranular frontal motor areas)::F3 + F5 + F6 + F7,2,0,1,low_resolution,training_n<8;nearest_centroid_corr>=0.95;fold_local_merged_confusion_group,12l | 44 | 45 | 8A | 8Bd | 8Bm | 8Bs | 9d,low_resolution,10o | 12r | 46d | 46v,30,14,xq,hybrid_projected_network_logcpm_exact
top3_network_beam_local_region_candidates,20R195,F6,Frontal (agranular frontal motor areas),Frontal (agranular frontal motor areas) | Lateral Prefrontal Cortex | Cingulate gyrus,1,1,F6,8Bm,F5,1,1,1,Frontal (agranular frontal motor areas)::F3 + F5 + F6 + F7,Frontal (agranular frontal motor areas)::F3 + F5 + F6 + F7,Lateral Prefrontal Cortex::12l + 44 + 45 + 8A + 8Bd + 8Bm + 8Bs + 9d,Cingulate gyrus::24b + 24c + 24c',1,1,1,low_resolution,training_n<8;nearest_centroid_corr>=0.95;fold_local_merged_confusion_group,F3 | F5 | F6 | F7,low_resolution,F3 | F5 | F6 | F7,30,14,xq,hybrid_projected_network_logcpm_exact
top3_network_beam_local_region_candidates,20R196,F7,Frontal (agranular frontal motor areas),Frontal (agranular frontal motor areas) | Lateral Prefrontal Cortex | Cingulate gyrus,1,1,44,F7,8Bm,2,0,1,Frontal (agranular frontal motor areas)::F3 + F5 + F6 + F7,Lateral Prefrontal Cortex::12l + 44 + 45 + 8A + 8Bd + 8Bm + 8Bs + 9d,Frontal (agranular frontal motor areas)::F3 + F5 + F6 + F7,F4,2,0,1,low_resolution,training_n<8;nearest_centroid_corr>=0.95;fold_local_merged_confusion_group,12l | 44 | 45 | 8A | 8Bd | 8Bm | 8Bs | 9d,low_resolution,F3 | F5 | F6 | F7,30,14,xq,hybrid_projected_network_logcpm_exact
top3_network_beam_local_region_candidates,20R197,8Bs,Lateral Prefrontal Cortex,Cingulate gyrus | Lateral Prefrontal Cortex | Frontal (agranular frontal motor areas),0,1,F3,44,F7,5,0,0,Lateral Prefrontal Cortex::12l + 44 + 45 + 8A + 8Bd + 8Bm + 8Bs + 9d,Frontal (agranular frontal motor areas)::F3 + F5 + F6 + F7,Lateral Prefrontal Cortex::12l + 44 + 45 + 8A + 8Bd + 8Bm + 8Bs + 9d,Frontal (agranular frontal motor areas)::F1 + F2,2,0,1,low_resolution,training_n<8;nearest_centroid_corr>=0.95;fold_local_merged_confusion_group,F3 | F5 | F6 | F7,low_resolution,12l | 44 | 45 | 8A | 8Bd | 8Bm | 8Bs | 9d,30,14,xq,hybrid_projected_network_logcpm_exact
top3_network_beam_local_region_candidates,20R198,8Bd,Lateral Prefrontal Cortex,Frontal (agranular frontal motor areas) | Lateral Prefrontal Cortex | Cingulate gyrus,0,1,44,F7,F3,5,0,0,Lateral Prefrontal Cortex::12l + 44 + 45 + 8A + 8Bd + 8Bm + 8Bs + 9d,Lateral Prefrontal Cortex::12l + 44 + 45 + 8A + 8Bd + 8Bm + 8Bs + 9d,Frontal (agranular frontal motor areas)::F3 + F5 + F6 + F7,Frontal (agranular frontal motor areas)::F1 + F2,1,1,1,low_resolution,training_n<8;nearest_centroid_corr>=0.95;fold_local_merged_confusion_group,12l | 44 | 45 | 8A | 8Bd | 8Bm | 8Bs | 9d,low_resolution,12l | 44 | 45 | 8A | 8Bd | 8Bm | 8Bs | 9d,30,14,xq,hybrid_projected_network_logcpm_exact
top3_network_beam_local_region_candidates,20R199,8Bm,Lateral Prefrontal Cortex,Cingulate gyrus | Orbitomedial Prefrontal Cortex (OMPFC) | Lateral Prefrontal Cortex,0,1,24c',12o,24c,17,0,0,Lateral Prefrontal Cortex::8A + 8Bd + 8Bm + 8Bs + 9m,Cingulate gyrus::24b + 24c + 24c',Orbitomedial Prefrontal Cortex (OMPFC)::12m + 12o + 13l + 13m,Lateral Prefrontal Cortex::8A + 8Bd + 8Bm + 8Bs + 9m,3,0,1,low_resolution,training_n<8;nearest_centroid_corr>=0.95;fold_local_merged_confusion_group,24b | 24c | 24c',low_resolution,8A | 8Bd | 8Bm | 8Bs | 9m,36,14,xq,hybrid_projected_network_logcpm_exact
top3_network_beam_local_region_candidates,20R200,8Bd,Lateral Prefrontal Cortex,Cingulate gyrus | Orbitomedial Prefrontal Cortex (OMPFC) | Lateral Prefrontal Cortex,0,1,24c',12o,9m,27,0,0,Lateral Prefrontal Cortex::8A + 8Bd + 8Bm + 8Bs + 9m,Cingulate gyrus::24b + 24c + 24c',Orbitomedial Prefrontal Cortex (OMPFC)::12m + 12o + 13l + 13m,Lateral Prefrontal Cortex::8A + 8Bd + 8Bm + 8Bs + 9m,3,0,1,low_resolution,training_n<8;nearest_centroid_corr>=0.95;fold_local_merged_confusion_group,24b | 24c | 24c',low_resolution,8A | 8Bd | 8Bm | 8Bs | 9m,36,14,xq,hybrid_projected_network_logcpm_exact
top3_network_beam_local_region_candidates,20R201,45,Lateral Prefrontal Cortex,Lateral Prefrontal Cortex | Cingulate gyrus | Orbitomedial Prefrontal Cortex (OMPFC),1,1,12l,12m,9d,19,0,0,Lateral Prefrontal Cortex::10o + 12l + 12r + 44 + 45 + 46d + 46v + 9d,Lateral Prefrontal Cortex::10o + 12l + 12r + 44 + 45 + 46d + 46v + 9d,Orbitomedial Prefrontal Cortex (OMPFC)::12m + 12o + 13l + 13m,Lateral Prefrontal Cortex::8A + 8Bd + 8Bm + 8Bs + 9m,1,1,1,low_resolution,training_n<8;nearest_centroid_corr>=0.95;fold_local_merged_confusion_group,10o | 12l | 12r | 44 | 45 | 46d | 46v | 9d,low_resolution,10o | 12l | 12r | 44 | 45 | 46d | 46v | 9d,36,14,xq,hybrid_projected_network_logcpm_exact
top3_network_beam_local_region_candidates,20R202,12l,Lateral Prefrontal Cortex,Lateral Prefrontal Cortex | Orbitomedial Prefrontal Cortex (OMPFC) | Operculum/Insula,1,1,12r,9m,12l,3,0,1,Lateral Prefrontal Cortex::10o + 12l + 12r + 44 + 46d + 46v + 9d,Lateral Prefrontal Cortex::10o + 12l + 12r + 44 + 46d + 46v + 9d,Lateral Prefrontal Cortex::8Bm + 9m,Orbitomedial Prefrontal Cortex (OMPFC)::10m + 11l + 11m + 12m + 13l + 13m + 14c,1,1,1,low_resolution,training_n<8;nearest_centroid_corr>=0.95;fold_local_merged_confusion_group,10o | 12l | 12r | 44 | 46d | 46v | 9d,low_resolution,10o | 12l | 12r | 44 | 46d | 46v | 9d,37,12,xq,hybrid_projected_network_logcpm_exact
top3_network_beam_local_region_candidates,20R203,32,Orbitomedial Prefrontal Cortex (OMPFC),Orbitomedial Prefrontal Cortex (OMPFC) | Operculum/Insula | Cingulate gyrus,1,1,32,14c,24b,1,1,1,Orbitomedial Prefrontal Cortex (OMPFC)::25 + 32,Orbitomedial Prefrontal Cortex (OMPFC)::25 + 32,Orbitomedial Prefrontal Cortex (OMPFC)::11l + 11m + 12m + 12o + 13a + 13l + 13m + 14c,Cingulate gyrus::24b + 24c,1,1,1,low_resolution,training_n<8;nearest_centroid_corr>=0.95;fold_local_merged_confusion_group,25 | 32,low_resolution,25 | 32,34,16,xq,hybrid_projected_network_logcpm_exact
top3_network_beam_local_region_candidates,20R204,AL,Temporal,Operculum/Insula | Temporal | Orbitomedial Prefrontal Cortex (OMPFC),0,1,AL,RTL,R,1,1,1,Temporal::AL + R + RTL + STG,Temporal::AL + R + RTL + STG,TAa,Orbitomedial Prefrontal Cortex (OMPFC)::12m + 13l + 13m,1,1,1,low_resolution,training_n<8;nearest_centroid_corr>=0.95;fold_local_merged_confusion_group,AL | R | RTL | STG,low_resolution,AL | R | RTL | STG,51,20,xq,hybrid_projected_network_logcpm_exact
top3_network_beam_local_region_candidates,20R205,TEm,Temporal,"Temporal | Parietal, and Parieto-occipital region | Lateral Prefrontal Cortex",1,1,TEpd,Tpt,TPO,4,0,0,Temporal::ML + PGa + TEa + TEad + TEav + TEm + TPO + Tpt,Temporal::A1 + CL + CM + TEO + TEpd + TEpv,Temporal::ML + PGa + TEa + TEad + TEav + TEm + TPO + Tpt,"Parietal, and Parieto-occipital region::1-2 + 5 + 7a + 7b + 7m + 7op + LIPv + VIP",2,0,1,low_resolution,training_n<8;nearest_centroid_corr>=0.95;fold_local_merged_confusion_group,A1 | CL | CM | TEO | TEpd | TEpv,low_resolution,ML | PGa | TEa | TEad | TEav | TEm | TPO | Tpt,50,19,xq,hybrid_projected_network_logcpm_exact
top3_network_beam_local_region_candidates,20R206,TEpd,Temporal,"Temporal | Parietal, and Parieto-occipital region | Lateral Prefrontal Cortex",1,1,TEpd,Tpt,TEm,1,1,1,Temporal::A1 + CL + CM + TEO + TEpd + TEpv,Temporal::A1 + CL + CM + TEO + TEpd + TEpv,Temporal::ML + PGa + TEa + TEad + TEav + TEm + TPO + Tpt,"Parietal, and Parieto-occipital region::1-2 + 5 + 7a + 7b + 7m + 7op + LIPv + VIP",1,1,1,low_resolution,training_n<8;nearest_centroid_corr>=0.95;fold_local_merged_confusion_group,A1 | CL | CM | TEO | TEpd | TEpv,low_resolution,A1 | CL | CM | TEO | TEpd | TEpv,50,19,xq,hybrid_projected_network_logcpm_exact
top3_network_beam_local_region_candidates,20R207,TEpv,Temporal,"Temporal | Operculum/Insula | Parietal, and Parieto-occipital region",1,1,TEpd,TEpv,TEad,2,0,1,Temporal::TEpd + TEpv,Temporal::TEpd + TEpv,Temporal::PGa + TEa + TEad + TEav + TEm + TFO,Temporal::AL + RTL + STG + TAa,1,1,1,low_resolution,training_n<8;nearest_centroid_corr>=0.95;fold_local_merged_confusion_group,TEpd | TEpv,low_resolution,TEpd | TEpv,48,19,xq,hybrid_projected_network_logcpm_exact
top3_network_beam_local_region_candidates,20R208,23c,Cingulate gyrus,Cingulate gyrus | Lateral Prefrontal Cortex | Orbitomedial Prefrontal Cortex (OMPFC),1,1,24c',9m,24a',8,0,0,23c,Cingulate gyrus::24b + 24c + 24c',Lateral Prefrontal Cortex::8A + 8Bd + 8Bm + 8Bs + 9m,24a',7,0,0,low_resolution,training_n<8;nearest_centroid_corr>=0.95;fold_local_merged_confusion_group,24b | 24c | 24c',low_resolution,23c,36,14,xq,hybrid_projected_network_logcpm_exact
top3_network_beam_local_region_candidates,20R209,Tha,Subcortical,Hippocampal formation | Subcortical | Orbitomedial Prefrontal Cortex (OMPFC),0,1,Tha,Amy,HC,1,1,1,Tha,Tha,Amy,HC,1,1,1,low_resolution,training_n<8,Tha,low_resolution,Tha,23,12,xq,hybrid_projected_network_logcpm_exact
top3_network_beam_local_region_candidates,20R210,HC,Hippocampal formation,Hippocampal formation | Operculum/Insula | Orbitomedial Prefrontal Cortex (OMPFC),1,1,HC,25,13a,1,1,1,HC,HC,25,Orbitomedial Prefrontal Cortex (OMPFC)::11l + 11m + 12m + 12o + 13a + 13l + 13m + 14c,1,1,1,low_resolution,training_n<8,HC,low_resolution,HC,25,10,xq,hybrid_projected_network_logcpm_exact
top3_network_beam_local_region_candidates,20R211,F1,Frontal (agranular frontal motor areas),"Frontal (agranular frontal motor areas) | Lateral Prefrontal Cortex | Parietal, and Parieto-occipital region",1,1,F1,F2,F3,1,1,1,Frontal (agranular frontal motor areas)::F1 + F2 + F3 + F6 + F7,Frontal (agranular frontal motor areas)::F1 + F2 + F3 + F6 + F7,Lateral Prefrontal Cortex::10o + 12r + 45 + 46d + 46v + 8A + 8Bd + 8Bs,"Parietal, and Parieto-occipital region::1-2 + 5 + 7a + 7b + 7m + 7op + LIPv + VIP",1,1,1,low_resolution,nearest_centroid_corr>=0.95;fold_local_merged_confusion_group,F1 | F2 | F3 | F6 | F7,low_resolution,F1 | F2 | F3 | F6 | F7,30,9,xq,hybrid_projected_network_logcpm_exact
top3_network_beam_local_region_candidates,20R212,3a/b,"Parietal, and Parieto-occipital region","Lateral Prefrontal Cortex | Parietal, and Parieto-occipital region | Temporal",0,1,ML,1-2,7op,6,0,0,3a/b,Temporal::ML + PGa + TEa + TEad + TEav + TEm + TPO + Tpt,"Parietal, and Parieto-occipital region::1-2 + 5 + 7a + 7b + 7m + 7op + LIPv + VIP",3a/b,3,0,1,low_resolution,training_n<8;nearest_centroid_corr>=0.95;fold_local_merged_confusion_group,ML | PGa | TEa | TEad | TEav | TEm | TPO | Tpt,low_resolution,3a/b,50,19,xq,hybrid_projected_network_logcpm_exact
top3_network_beam_local_region_candidates,20R213,1-2,"Parietal, and Parieto-occipital region","Lateral Prefrontal Cortex | Parietal, and Parieto-occipital region | Temporal",0,1,ML,1-2,Tpt,2,0,1,"Parietal, and Parieto-occipital region::1-2 + 5 + 7a + 7b + 7m + 7op + LIPv + VIP",Temporal::ML + PGa + TEa + TEad + TEav + TEm + TPO + Tpt,"Parietal, and Parieto-occipital region::1-2 + 5 + 7a + 7b + 7m + 7op + LIPv + VIP",Temporal::AL + R + RTL + STG,2,0,1,low_resolution,training_n<8;nearest_centroid_corr>=0.95;fold_local_merged_confusion_group,ML | PGa | TEa | TEad | TEav | TEm | TPO | Tpt,low_resolution,1-2 | 5 | 7a | 7b | 7m | 7op | LIPv | VIP,50,19,xq,hybrid_projected_network_logcpm_exact
top3_network_beam_local_region_candidates,20R214,Ig,Operculum/Insula,Operculum/Insula | Orbitomedial Prefrontal Cortex (OMPFC) | Cingulate gyrus,1,1,Iapl,Ig,G,2,0,1,Operculum/Insula::G + Iapl + Id + Ig + PrCO + SII,Operculum/Insula::G + Iapl + Id + Ig + PrCO + SII,24c',Ri,1,1,1,low_resolution,training_n<8;nearest_centroid_corr>=0.95;fold_local_merged_confusion_group,G | Iapl | Id | Ig | PrCO | SII,low_resolution,G | Iapl | Id | Ig | PrCO | SII,34,16,xq,hybrid_projected_network_logcpm_exact
top3_network_beam_local_region_candidates,20R215,RM,Temporal,Operculum/Insula | Orbitomedial Prefrontal Cortex (OMPFC) | Temporal,0,1,RTM,Ia,Pi,12,0,0,Temporal::RM + RTM,Temporal::RM + RTM,Ia,Operculum/Insula::Ial + Iapm + Pi,1,1,1,low_resolution,training_n<8;nearest_centroid_corr>=0.95;fold_local_merged_confusion_group,RM | RTM,low_resolution,RM | RTM,51,20,xq,hybrid_projected_network_logcpm_exact
top3_network_beam_local_region_candidates,20R216,AL,Temporal,"Temporal | Parietal, and Parieto-occipital region | Lateral Prefrontal Cortex",1,1,ML,Tpt,1-2,13,0,0,Temporal::AL + R + RTL + STG,Temporal::ML + PGa + TEa + TEad + TEav + TEm + TPO + Tpt,"Parietal, and Parieto-occipital region::1-2 + 5 + 7a + 7b + 7m + 7op + LIPv + VIP",Temporal::AL + R + RTL + STG,3,0,1,low_resolution,training_n<8;nearest_centroid_corr>=0.95;fold_local_merged_confusion_group,ML | PGa | TEa | TEad | TEav | TEm | TPO | Tpt,low_resolution,AL | R | RTL | STG,50,19,xq,hybrid_projected_network_logcpm_exact
top3_network_beam_local_region_candidates,20R217,STG,Temporal,Operculum/Insula | Temporal | Orbitomedial Prefrontal Cortex (OMPFC),0,1,RTL,TAa,STG,3,0,1,Temporal::AL + R + RTL + STG,Temporal::AL + R + RTL + STG,TAa,PrCO,1,1,1,low_resolution,training_n<8;nearest_centroid_corr>=0.95;fold_local_merged_confusion_group,AL | R | RTL | STG,low_resolution,AL | R | RTL | STG,51,20,xq,hybrid_projected_network_logcpm_exact
top3_network_beam_local_region_candidates,20R218,TEad,Temporal,Operculum/Insula | Temporal | Orbitomedial Prefrontal Cortex (OMPFC),0,1,TEpv,STG,RTL,17,0,0,Temporal::TEad + TEav + TFO,Temporal::TEO + TEpd + TEpv,Temporal::AL + R + RTL + STG,TAa,6,0,0,low_resolution,training_n<8;nearest_centroid_corr>=0.95;fold_local_merged_confusion_group,TEO | TEpd | TEpv,low_resolution,TEad | TEav | TFO,51,20,xq,hybrid_projected_network_logcpm_exact
top3_network_beam_local_region_candidates,20R219,TEav,Temporal,Operculum/Insula | Temporal | Orbitomedial Prefrontal Cortex (OMPFC),0,1,TAa,STG,RTL,5,0,0,Temporal::TEad + TEav + TFO,TAa,Temporal::AL + R + RTL + STG,Temporal::TEO + TEpd + TEpv,4,0,0,low_resolution,training_n<8;nearest_centroid_corr>=0.95,TAa,low_resolution,TEad | TEav | TFO,51,20,xq,hybrid_projected_network_logcpm_exact
top3_network_beam_local_region_candidates,20R220,Amy,Subcortical,Hippocampal formation | Operculum/Insula | Orbitomedial Prefrontal Cortex (OMPFC),0,0,Iapm,Ia,Pi,111,0,0,outside_network_beam,Operculum/Insula::Ial + Iapm + Pi,Ia,Operculum/Insula::G + Iapl + Id + Ig + PrCO + SII,111,0,0,low_resolution,training_n<8;nearest_centroid_corr>=0.95;fold_local_merged_confusion_group,Ial | Iapm | Pi,outside_network_beam,,25,10,xq,hybrid_projected_network_logcpm_exact
top3_network_beam_local_region_candidates,20R221,pu,Subcortical,Subcortical | Hippocampal formation | Orbitomedial Prefrontal Cortex (OMPFC),1,1,pu,Cd,NAcc,1,1,1,pu,pu,Subcortical::Cd + NAcc,Cla,1,1,1,low_resolution,training_n<8;nearest_centroid_corr>=0.95,pu,low_resolution,pu,23,12,xq,hybrid_projected_network_logcpm_exact
top3_network_beam_local_region_candidates,20R222,1-2,"Parietal, and Parieto-occipital region",Operculum/Insula | Orbitomedial Prefrontal Cortex (OMPFC) | Temporal,0,0,10m,14r,13l,111,0,0,outside_network_beam,Orbitomedial Prefrontal Cortex (OMPFC)::10m + 11l + 11m + 13a + 13b + 14c + 14r + 25,Orbitomedial Prefrontal Cortex (OMPFC)::12m + 13l + 13m,Temporal::AL + R + RTL + STG,111,0,0,low_resolution,nearest_centroid_corr>=0.95;fold_local_merged_confusion_group,10m | 11l | 11m | 13a | 13b | 14c | 14r | 25,outside_network_beam,,51,20,xq,hybrid_projected_network_logcpm_exact
top3_network_beam_local_region_candidates,20R223,Id,Operculum/Insula,Operculum/Insula | Orbitomedial Prefrontal Cortex (OMPFC) | Temporal,1,1,Iapl,Id,Ia,2,0,1,Operculum/Insula::G + Iapl + Id + Ig + SII,Operculum/Insula::G + Iapl + Id + Ig + SII,Ia,Temporal::RM + RTM,1,1,1,low_resolution,training_n<8;nearest_centroid_corr>=0.95;fold_local_merged_confusion_group,G | Iapl | Id | Ig | SII,low_resolution,G | Iapl | Id | Ig | SII,51,20,xq,hybrid_projected_network_logcpm_exact
top3_network_beam_local_region_candidates,20R224,RT,Temporal,Operculum/Insula | Temporal | Orbitomedial Prefrontal Cortex (OMPFC),0,1,RTL,RT,RTM,2,0,1,RT,Temporal::AL + R + RTL + STG,RT,Temporal::RM + RTM,2,0,1,low_resolution,training_n<8;nearest_centroid_corr>=0.95;fold_local_merged_confusion_group,AL | R | RTL | STG,low_resolution,RT,51,20,xq,hybrid_projected_network_logcpm_exact
top3_network_beam_local_region_candidates,20R225,RTM,Temporal,Operculum/Insula | Orbitomedial Prefrontal Cortex (OMPFC) | Temporal,0,1,RTM,Pi,Ia,1,1,1,Temporal::RM + RTM,Temporal::RM + RTM,Operculum/Insula::Ial + Iapm + Pi,Ia,1,1,1,low_resolution,training_n<8;nearest_centroid_corr>=0.95;fold_local_merged_confusion_group,RM | RTM,low_resolution,RM | RTM,51,20,xq,hybrid_projected_network_logcpm_exact
top3_network_beam_local_region_candidates,20R226,RTL,Temporal,Operculum/Insula | Temporal | Orbitomedial Prefrontal Cortex (OMPFC),0,1,RTL,RT,STG,1,1,1,Temporal::AL + R + RTL + STG,Temporal::AL + R + RTL + STG,RT,TAa,1,1,1,low_resolution,training_n<8;nearest_centroid_corr>=0.95;fold_local_merged_confusion_group,AL | R | RTL | STG,low_resolution,AL | R | RTL | STG,51,20,xq,hybrid_projected_network_logcpm_exact
top3_network_beam_local_region_candidates,20R227,STG,Temporal,Operculum/Insula | Orbitomedial Prefrontal Cortex (OMPFC) | Temporal,0,1,13b,Iapl,12o,7,0,0,Temporal::AL + R + RTL + STG,Orbitomedial Prefrontal Cortex (OMPFC)::10m + 11l + 11m + 13a + 13b + 14c + 14r + 25,Operculum/Insula::G + Iapl + Id + Ig + SII,12o,5,0,0,low_resolution,nearest_centroid_corr>=0.95;fold_local_merged_confusion_group,10m | 11l | 11m | 13a | 13b | 14c | 14r | 25,low_resolution,AL | R | RTL | STG,51,20,xq,hybrid_projected_network_logcpm_exact
top3_network_beam_local_region_candidates,20R228,Id,Operculum/Insula,Operculum/Insula | Temporal | Lateral Prefrontal Cortex,1,1,AL,Ri,Ig,39,0,0,Operculum/Insula::Iapl + Id + PrCO,Temporal::AL + R + RTL + STG + TAa,Ri,Operculum/Insula::G + Ig + SII,5,0,0,low_resolution,training_n<8;nearest_centroid_corr>=0.95;fold_local_merged_confusion_group,AL | R | RTL | STG | TAa,low_resolution,Iapl | Id | PrCO,51,18,xq,hybrid_projected_network_logcpm_exact
top3_network_beam_local_region_candidates,20R229,RM,Temporal,Operculum/Insula | Temporal | Orbitomedial Prefrontal Cortex (OMPFC),0,1,RM,G,AL,1,1,1,Temporal::RM + RTM,Temporal::RM + RTM,Operculum/Insula::G + Iapl + Id + Ig + SII,Temporal::AL + R + RTL + STG,1,1,1,low_resolution,training_n<8;nearest_centroid_corr>=0.95;fold_local_merged_confusion_group,RM | RTM,low_resolution,RM | RTM,51,20,xq,hybrid_projected_network_logcpm_exact
top3_network_beam_local_region_candidates,20R230,TEm,Temporal,"Temporal | Operculum/Insula | Parietal, and Parieto-occipital region",1,1,ML,TPO,Tpt,17,0,0,Temporal::PGa + TEa + TEad + TEav + TEm + TFO,Temporal::A1 + CL + CM + ML + TEO + TPO + Tpt,"Parietal, and Parieto-occipital region::1-2 + 3a/b + 5 + 7a + 7b + 7op + LIPv + VIP",Temporal::TEpd + TEpv,10,0,0,low_resolution,training_n<8;nearest_centroid_corr>=0.95;fold_local_merged_confusion_group,A1 | CL | CM | ML | TEO | TPO | Tpt,low_resolution,PGa | TEa | TEad | TEav | TEm | TFO,48,19,xq,hybrid_projected_network_logcpm_exact
top3_network_beam_local_region_candidates,20R231,TEad,Temporal,"Temporal | Operculum/Insula | Parietal, and Parieto-occipital region",1,1,TEpd,AL,TEad,3,0,1,Temporal::PGa + TEa + TEad + TEav + TEm + TFO,Temporal::TEpd + TEpv,Temporal::AL + RTL + STG + TAa,Temporal::PGa + TEa + TEad + TEav + TEm + TFO,3,0,1,low_resolution,training_n<8;nearest_centroid_corr>=0.95;fold_local_merged_confusion_group,TEpd | TEpv,low_resolution,PGa | TEa | TEad | TEav | TEm | TFO,48,19,xq,hybrid_projected_network_logcpm_exact
top3_network_beam_local_region_candidates,20R232,TEav,Temporal,Operculum/Insula | Temporal | Orbitomedial Prefrontal Cortex (OMPFC),0,1,TFO,TEpv,RTL,6,0,0,Temporal::TEad + TEav + TFO,Temporal::TEad + TEav + TFO,Temporal::TEO + TEpd + TEpv,Temporal::AL + R + RTL + STG,1,1,1,low_resolution,training_n<8;nearest_centroid_corr>=0.95;fold_local_merged_confusion_group,TEad | TEav | TFO,low_resolution,TEad | TEav | TFO,51,20,xq,hybrid_projected_network_logcpm_exact
top3_network_beam_local_region_candidates,20R233,Tha,Subcortical,Subcortical | Hippocampal formation | Orbitomedial Prefrontal Cortex (OMPFC),1,1,Cla,NAcc,GP,4,0,0,Tha,Cla,Subcortical::Cd + NAcc,GP,4,0,0,low_resolution,training_n<8,Cla,low_resolution,Tha,23,12,xq,hybrid_projected_network_logcpm_exact
top3_network_beam_local_region_candidates,20R234,10o,Lateral Prefrontal Cortex,Cingulate gyrus | Lateral Prefrontal Cortex | Orbitomedial Prefrontal Cortex (OMPFC),0,1,10m,13b,13m,4,0,0,Lateral Prefrontal Cortex::10o + 12l + 12r + 44 + 45 + 46d + 46v + 9d,Orbitomedial Prefrontal Cortex (OMPFC)::10m + 11l + 11m + 13a + 14c + 25 + 32,13b,Orbitomedial Prefrontal Cortex (OMPFC)::12m + 12o + 13l + 13m,4,0,0,low_resolution,nearest_centroid_corr>=0.95;fold_local_merged_confusion_group,10m | 11l | 11m | 13a | 14c | 25 | 32,low_resolution,10o | 12l | 12r | 44 | 45 | 46d | 46v | 9d,36,14,xq,hybrid_projected_network_logcpm_exact
top3_network_beam_local_region_candidates,20R235,12l,Lateral Prefrontal Cortex,Cingulate gyrus | Lateral Prefrontal Cortex | Orbitomedial Prefrontal Cortex (OMPFC),0,1,9m,13m,12o,5,0,0,Lateral Prefrontal Cortex::10o + 12l + 12r + 44 + 45 + 46d + 46v + 9d,Lateral Prefrontal Cortex::8A + 8Bd + 8Bm + 8Bs + 9m,Orbitomedial Prefrontal Cortex (OMPFC)::12m + 12o + 13l + 13m,Cingulate gyrus::24b + 24c + 24c',4,0,0,low_resolution,training_n<8;nearest_centroid_corr>=0.95;fold_local_merged_confusion_group,8A | 8Bd | 8Bm | 8Bs | 9m,low_resolution,10o | 12l | 12r | 44 | 45 | 46d | 46v | 9d,36,14,xq,hybrid_projected_network_logcpm_exact
top3_network_beam_local_region_candidates,20R236,13m,Orbitomedial Prefrontal Cortex (OMPFC),Operculum/Insula | Orbitomedial Prefrontal Cortex (OMPFC) | Cingulate gyrus,0,1,12o,13b,13m,3,0,1,Orbitomedial Prefrontal Cortex (OMPFC)::11l + 11m + 12m + 12o + 13a + 13l + 13m + 14c,Orbitomedial Prefrontal Cortex (OMPFC)::11l + 11m + 12m + 12o + 13a + 13l + 13m + 14c,Orbitomedial Prefrontal Cortex (OMPFC)::10m + 13b + 14r,Orbitomedial Prefrontal Cortex (OMPFC)::25 + 32,1,1,1,low_resolution,training_n<8;nearest_centroid_corr>=0.95;fold_local_merged_confusion_group,11l | 11m | 12m | 12o | 13a | 13l | 13m | 14c,low_resolution,11l | 11m | 12m | 12o | 13a | 13l | 13m | 14c,34,16,xq,hybrid_projected_network_logcpm_exact
top3_network_beam_local_region_candidates,20R237,13l,Orbitomedial Prefrontal Cortex (OMPFC),Operculum/Insula | Orbitomedial Prefrontal Cortex (OMPFC) | Cingulate gyrus,0,1,12o,13b,13a,6,0,0,Orbitomedial Prefrontal Cortex (OMPFC)::11l + 11m + 12m + 12o + 13a + 13l + 13m + 14c,Orbitomedial Prefrontal Cortex (OMPFC)::11l + 11m + 12m + 12o + 13a + 13l + 13m + 14c,Orbitomedial Prefrontal Cortex (OMPFC)::10m + 13b + 14r,Orbitomedial Prefrontal Cortex (OMPFC)::25 + 32,1,1,1,low_resolution,training_n<8;nearest_centroid_corr>=0.95;fold_local_merged_confusion_group,11l | 11m | 12m | 12o | 13a | 13l | 13m | 14c,low_resolution,11l | 11m | 12m | 12o | 13a | 13l | 13m | 14c,34,16,xq,hybrid_projected_network_logcpm_exact
top3_network_beam_local_region_candidates,20R238,24b',Cingulate gyrus,Orbitomedial Prefrontal Cortex (OMPFC) | Operculum/Insula | Cingulate gyrus,0,1,24b,32,14c,19,0,0,24b',Cingulate gyrus::24b + 24c,Orbitomedial Prefrontal Cortex (OMPFC)::25 + 32,Orbitomedial Prefrontal Cortex (OMPFC)::11l + 11m + 12m + 12o + 13a + 13l + 13m + 14c,8,0,0,low_resolution,training_n<8;nearest_centroid_corr>=0.95;fold_local_merged_confusion_group,24b | 24c,low_resolution,24b',34,16,xq,hybrid_projected_network_logcpm_exact
top3_network_beam_local_region_candidates,20R239,24c',Cingulate gyrus,Cingulate gyrus | Orbitomedial Prefrontal Cortex (OMPFC) | Operculum/Insula,1,1,24c,Iapl,24c',3,0,1,24c',Cingulate gyrus::24b + 24c,Operculum/Insula::G + Iapl + Id + Ig + PrCO + SII,24c',3,0,1,low_resolution,nearest_centroid_corr>=0.95;fold_local_merged_confusion_group,24b | 24c,low_resolution,24c',34,16,xq,hybrid_projected_network_logcpm_exact
top3_network_beam_local_region_candidates,20R240,Ig,Operculum/Insula,Operculum/Insula | Orbitomedial Prefrontal Cortex (OMPFC) | Temporal,1,1,Iapl,Id,RM,7,0,0,Operculum/Insula::G + Iapl + Id + Ig + SII,Operculum/Insula::G + Iapl + Id + Ig + SII,Temporal::RM + RTM,RT,1,1,1,low_resolution,training_n<8;nearest_centroid_corr>=0.95;fold_local_merged_confusion_group,G | Iapl | Id | Ig | SII,low_resolution,G | Iapl | Id | Ig | SII,51,20,xq,hybrid_projected_network_logcpm_exact
top3_network_beam_local_region_candidates,20R241,Id,Operculum/Insula,Operculum/Insula | Orbitomedial Prefrontal Cortex (OMPFC) | Temporal,1,1,Iapm,Ia,Iapl,6,0,0,Operculum/Insula::G + Iapl + Id + Ig + SII,Operculum/Insula::Ial + Iapm + Pi,Ia,Operculum/Insula::G + Iapl + Id + Ig + SII,3,0,1,low_resolution,training_n<8;nearest_centroid_corr>=0.95;fold_local_merged_confusion_group,Ial | Iapm | Pi,low_resolution,G | Iapl | Id | Ig | SII,51,20,xq,hybrid_projected_network_logcpm_exact
top3_network_beam_local_region_candidates,20R242,RT,Temporal,Operculum/Insula | Temporal | Orbitomedial Prefrontal Cortex (OMPFC),0,1,RTM,RT,RTL,2,0,1,RT,Temporal::RM + RTM,RT,Temporal::AL + R + RTL + STG,2,0,1,low_resolution,training_n<8;nearest_centroid_corr>=0.95;fold_local_merged_confusion_group,RM | RTM,low_resolution,RT,51,20,xq,hybrid_projected_network_logcpm_exact
top3_network_beam_local_region_candidates,20R243,RTM,Temporal,Operculum/Insula | Orbitomedial Prefrontal Cortex (OMPFC) | Temporal,0,1,RTM,RT,Iapl,1,1,1,Temporal::RM + RTM,Temporal::RM + RTM,RT,Operculum/Insula::G + Iapl + Id + Ig + SII,1,1,1,low_resolution,training_n<8;nearest_centroid_corr>=0.95;fold_local_merged_confusion_group,RM | RTM,low_resolution,RM | RTM,51,20,xq,hybrid_projected_network_logcpm_exact
top3_network_beam_local_region_candidates,20R244,RTL,Temporal,Operculum/Insula | Temporal | Orbitomedial Prefrontal Cortex (OMPFC),0,1,RTL,STG,14r,1,1,1,Temporal::AL + R + RTL + STG,Temporal::AL + R + RTL + STG,Orbitomedial Prefrontal Cortex (OMPFC)::10m + 11l + 11m + 13a + 13b + 14c + 14r + 25,RT,1,1,1,low_resolution,training_n<8;nearest_centroid_corr>=0.95;fold_local_merged_confusion_group,AL | R | RTL | STG,low_resolution,AL | R | RTL | STG,51,20,xq,hybrid_projected_network_logcpm_exact
top3_network_beam_local_region_candidates,20R245,TEm,Temporal,Temporal | Operculum/Insula | Orbitomedial Prefrontal Cortex (OMPFC),1,1,TEpv,STG,TEpd,6,0,0,Temporal::A1 + CL + CM + ML + PGa + TEm + TPO + Tpt,Temporal::TEO + TEpd + TEpv,Temporal::AL + R + RTL + STG,Temporal::TEad + TEav + TFO,5,0,0,low_resolution,training_n<8;nearest_centroid_corr>=0.95;fold_local_merged_confusion_group,TEO | TEpd | TEpv,low_resolution,A1 | CL | CM | ML | PGa | TEm | TPO | Tpt,51,20,xq,hybrid_projected_network_logcpm_exact
top3_network_beam_local_region_candidates,20R246,5,"Parietal, and Parieto-occipital region","Frontal (agranular frontal motor areas) | Lateral Prefrontal Cortex | Parietal, and Parieto-occipital region",0,1,F1,F2,F3,7,0,0,"Parietal, and Parieto-occipital region::1-2 + 5 + 7a + 7b + 7m + 7op + LIPv + VIP",Frontal (agranular frontal motor areas)::F1 + F2 + F3 + F6 + F7,"Parietal, and Parieto-occipital region::1-2 + 5 + 7a + 7b + 7m + 7op + LIPv + VIP",Lateral Prefrontal Cortex::10o + 12r + 45 + 46d + 46v + 8A + 8Bd + 8Bs,2,0,1,low_resolution,nearest_centroid_corr>=0.95;fold_local_merged_confusion_group,F1 | F2 | F3 | F6 | F7,low_resolution,1-2 | 5 | 7a | 7b | 7m | 7op | LIPv | VIP,30,9,xq,hybrid_projected_network_logcpm_exact
top3_network_beam_local_region_candidates,20R247,7b,"Parietal, and Parieto-occipital region","Parietal, and Parieto-occipital region | Lateral Prefrontal Cortex | Frontal (agranular frontal motor areas)",1,1,5,1-2,7op,7,0,0,"Parietal, and Parieto-occipital region::1-2 + 5 + 7a + 7b + 7m + 7op + LIPv + VIP","Parietal, and Parieto-occipital region::1-2 + 5 + 7a + 7b + 7m + 7op + LIPv + VIP",F4,3a/b,1,1,1,low_resolution,training_n<8;nearest_centroid_corr>=0.95;fold_local_merged_confusion_group,1-2 | 5 | 7a | 7b | 7m | 7op | LIPv | VIP,low_resolution,1-2 | 5 | 7a | 7b | 7m | 7op | LIPv | VIP,30,9,xq,hybrid_projected_network_logcpm_exact
top3_network_beam_local_region_candidates,20R248,CM,Temporal,"Parietal, and Parieto-occipital region | Lateral Prefrontal Cortex | Temporal",0,1,ML,1-2,Tpt,11,0,0,Temporal::A1 + CL + CM + TEO + TEpd + TEpv,Temporal::ML + PGa + TEa + TEad + TEav + TEm + TPO + Tpt,"Parietal, and Parieto-occipital region::1-2 + 5 + 7a + 7b + 7m + 7op + LIPv + VIP",Temporal::AL + R + RTL + STG,4,0,0,low_resolution,training_n<8;nearest_centroid_corr>=0.95;fold_local_merged_confusion_group,ML | PGa | TEa | TEad | TEav | TEm | TPO | Tpt,low_resolution,A1 | CL | CM | TEO | TEpd | TEpv,50,19,xq,hybrid_projected_network_logcpm_exact
top3_network_beam_local_region_candidates,20R249,A1,Temporal,"Parietal, and Parieto-occipital region | Temporal | Occipital/Temporal",0,1,A1,CL,3a/b,1,1,1,Temporal::A1 + CL + CM + TEO,Temporal::A1 + CL + CM + TEO,3a/b,"Parietal, and Parieto-occipital region::1-2 + 5 + 7a + 7b + 7m + 7op + LIPv + VIP",1,1,1,low_resolution,training_n<8;nearest_centroid_corr>=0.95;fold_local_merged_confusion_group,A1 | CL | CM | TEO,low_resolution,A1 | CL | CM | TEO,46,18,xq,hybrid_projected_network_logcpm_exact
top3_network_beam_local_region_candidates,20R250,TEm,Temporal,"Temporal | Operculum/Insula | Parietal, and Parieto-occipital region",1,1,AL,R,TEpd,8,0,0,Temporal::PGa + TEa + TEad + TEav + TEm + TFO,Temporal::AL + RTL + STG + TAa,R,Temporal::TEpd + TEpv,7,0,0,low_resolution,training_n<8;nearest_centroid_corr>=0.95;fold_local_merged_confusion_group,AL | RTL | STG | TAa,low_resolution,PGa | TEa | TEad | TEav | TEm | TFO,48,19,xq,hybrid_projected_network_logcpm_exact
top3_network_beam_local_region_candidates,20R251,TEpd,Temporal,"Temporal | Parietal, and Parieto-occipital region | Occipital/Temporal",1,1,TEO,V4v,ML,22,0,0,Temporal::TEpd + TEpv,Temporal::A1 + CL + CM + TEO,Occipital/Temporal::FST + MST + V1 + V2 + V3d + V3v + V4 + V4v,Temporal::IPa + ML + PGa + R + TEad + TEm + TPO + Tpt,7,0,0,low_resolution,nearest_centroid_corr>=0.95;fold_local_merged_confusion_group,A1 | CL | CM | TEO,low_resolution,TEpd | TEpv,46,18,xq,hybrid_projected_network_logcpm_exact
top3_network_beam_local_region_candidates,20R252,TEpv,Temporal,"Temporal | Operculum/Insula | Parietal, and Parieto-occipital region",1,1,TEpd,TPO,Tpt,16,0,0,Temporal::TEpd + TEpv,Temporal::TEpd + TEpv,Temporal::A1 + CL + CM + ML + TEO + TPO + Tpt,Temporal::AL + RTL + STG + TAa,1,1,1,low_resolution,training_n<8;nearest_centroid_corr>=0.95;fold_local_merged_confusion_group,TEpd | TEpv,low_resolution,TEpd | TEpv,48,19,xq,hybrid_projected_network_logcpm_exact
top3_network_beam_local_region_candidates,20R253,G,Operculum/Insula,Orbitomedial Prefrontal Cortex (OMPFC) | Operculum/Insula | Cingulate gyrus,0,1,G,Iapl,PrCO,1,1,1,Operculum/Insula::G + Iapl + Id + Ig + PrCO + SII,Operculum/Insula::G + Iapl + Id + Ig + PrCO + SII,Cingulate gyrus::24b + 24c,Orbitomedial Prefrontal Cortex (OMPFC)::11l + 11m + 12m + 12o + 13a + 13l + 13m + 14c,1,1,1,low_resolution,nearest_centroid_corr>=0.95;fold_local_merged_confusion_group,G | Iapl | Id | Ig | PrCO | SII,low_resolution,G | Iapl | Id | Ig | PrCO | SII,34,16,xq,hybrid_projected_network_logcpm_exact
top3_network_beam_local_region_candidates,20R254,Iapm,Operculum/Insula,Operculum/Insula | Orbitomedial Prefrontal Cortex (OMPFC) | Cingulate gyrus,1,1,Iapm,Ia,Ial,1,1,1,Operculum/Insula::Ial + Iapm + Pi,Operculum/Insula::Ial + Iapm + Pi,Ia,Orbitomedial Prefrontal Cortex (OMPFC)::25 + 32,1,1,1,low_resolution,training_n<8;nearest_centroid_corr>=0.95;fold_local_merged_confusion_group,Ial | Iapm | Pi,low_resolution,Ial | Iapm | Pi,34,16,xq,hybrid_projected_network_logcpm_exact
top3_network_beam_local_region_candidates,20R255,Ial,Operculum/Insula,Operculum/Insula | Orbitomedial Prefrontal Cortex (OMPFC) | Cingulate gyrus,1,1,Ia,Iapm,Ial,3,0,1,Operculum/Insula::Ial + Iapm + Pi,Ia,Operculum/Insula::Ial + Iapm + Pi,Operculum/Insula::G + Iapl + Id + Ig + PrCO + SII,2,0,1,low_resolution,training_n<8;nearest_centroid_corr>=0.95,Ia,low_resolution,Ial | Iapm | Pi,34,16,xq,hybrid_projected_network_logcpm_exact
top3_network_beam_local_region_candidates,20R256,Pir,Subcortical,Operculum/Insula | Orbitomedial Prefrontal Cortex (OMPFC) | Temporal,0,0,14r,12o,13m,111,0,0,outside_network_beam,Orbitomedial Prefrontal Cortex (OMPFC)::10m + 11l + 11m + 13a + 13b + 14c + 14r + 25,12o,Orbitomedial Prefrontal Cortex (OMPFC)::12m + 13l + 13m,111,0,0,low_resolution,training_n<8;nearest_centroid_corr>=0.95;fold_local_merged_confusion_group,10m | 11l | 11m | 13a | 13b | 14c | 14r | 25,outside_network_beam,,51,20,xq,hybrid_projected_network_logcpm_exact
top3_network_beam_local_region_candidates,20R257,LIPv,"Parietal, and Parieto-occipital region","Lateral Prefrontal Cortex | Parietal, and Parieto-occipital region | Frontal (agranular frontal motor areas)",0,1,5,7m,7op,21,0,0,"Parietal, and Parieto-occipital region::1-2 + 5 + 7a + 7b + 7m + 7op + LIPv + VIP","Parietal, and Parieto-occipital region::1-2 + 5 + 7a + 7b + 7m + 7op + LIPv + VIP",3a/b,Lateral Prefrontal Cortex::10o + 12r + 45 + 46d + 46v + 8A + 8Bd + 8Bs,1,1,1,low_resolution,training_n<8;nearest_centroid_corr>=0.95;fold_local_merged_confusion_group,1-2 | 5 | 7a | 7b | 7m | 7op | LIPv | VIP,low_resolution,1-2 | 5 | 7a | 7b | 7m | 7op | LIPv | VIP,30,9,xq,hybrid_projected_network_logcpm_exact
top3_network_beam_local_region_candidates,20R258,LIPd,"Parietal, and Parieto-occipital region","Temporal | Lateral Prefrontal Cortex | Parietal, and Parieto-occipital region",0,1,1-2,Tpt,ML,43,0,0,LIPd,"Parietal, and Parieto-occipital region::1-2 + 5 + 7a + 7b + 7m + 7op + LIPv + VIP",Temporal::ML + PGa + TEa + TEad + TEav + TEm + TPO + Tpt,Lateral Prefrontal Cortex::44 + 8Bm,13,0,0,low_resolution,nearest_centroid_corr>=0.95;fold_local_merged_confusion_group,1-2 | 5 | 7a | 7b | 7m | 7op | LIPv | VIP,low_resolution,LIPd,50,19,xq,hybrid_projected_network_logcpm_exact
top3_network_beam_local_region_candidates,20R259,CM,Temporal,"Parietal, and Parieto-occipital region | Lateral Prefrontal Cortex | Occipital/Temporal",0,0,3a/b,VIP,5,111,0,0,outside_network_beam,3a/b,"Parietal, and Parieto-occipital region::1-2 + 5 + 7a + 7b + 7m + 7op + LIPv + VIP",Occipital/Temporal::FST + MST + V1 + V2 + V3v + V4 + V4v,111,0,0,low_resolution,nearest_centroid_corr>=0.95,3a/b,outside_network_beam,,32,9,xq,hybrid_projected_network_logcpm_exact
top3_network_beam_local_region_candidates,20R260,A1,Temporal,"Parietal, and Parieto-occipital region | Lateral Prefrontal Cortex | Temporal",0,1,A1,CL,3a/b,1,1,1,Temporal::A1 + CL + CM + TEO + TEpd + TEpv,Temporal::A1 + CL + CM + TEO + TEpd + TEpv,3a/b,"Parietal, and Parieto-occipital region::1-2 + 5 + 7a + 7b + 7m + 7op + LIPv + VIP",1,1,1,low_resolution,training_n<8;nearest_centroid_corr>=0.95;fold_local_merged_confusion_group,A1 | CL | CM | TEO | TEpd | TEpv,low_resolution,A1 | CL | CM | TEO | TEpd | TEpv,50,19,xq,hybrid_projected_network_logcpm_exact
top3_network_beam_local_region_candidates,20R261,CL,Temporal,"Parietal, and Parieto-occipital region | Temporal | Lateral Prefrontal Cortex",0,1,ML,Tpt,1-2,22,0,0,Temporal::A1 + CL + CM + TEO + TEpd + TEpv,Temporal::ML + PGa + TEa + TEad + TEav + TEm + TPO + Tpt,"Parietal, and Parieto-occipital region::1-2 + 5 + 7a + 7b + 7m + 7op + LIPv + VIP",Temporal::AL + R + RTL + STG,5,0,0,low_resolution,training_n<8;nearest_centroid_corr>=0.95;fold_local_merged_confusion_group,ML | PGa | TEa | TEad | TEav | TEm | TPO | Tpt,low_resolution,A1 | CL | CM | TEO | TEpd | TEpv,50,19,xq,hybrid_projected_network_logcpm_exact
top3_network_beam_local_region_candidates,20R262,TFO,Temporal,"Temporal | Parietal, and Parieto-occipital region | Lateral Prefrontal Cortex",1,1,Tpt,TEpd,7b,43,0,0,TFO,Temporal::ML + PGa + TEa + TEad + TEav + TEm + TPO + Tpt,Temporal::A1 + CL + CM + TEO + TEpd + TEpv,"Parietal, and Parieto-occipital region::1-2 + 5 + 7a + 7b + 7m + 7op + LIPv + VIP",13,0,0,low_resolution,training_n<8;nearest_centroid_corr>=0.95;fold_local_merged_confusion_group,ML | PGa | TEa | TEad | TEav | TEm | TPO | Tpt,low_resolution,TFO,50,19,xq,hybrid_projected_network_logcpm_exact
top3_network_beam_local_region_candidates,20R263,Amy,Subcortical,Hippocampal formation | Operculum/Insula | Orbitomedial Prefrontal Cortex (OMPFC),0,0,Ia,Pi,Iapm,111,0,0,outside_network_beam,Ia,Operculum/Insula::Ial + Iapm + Pi,HC,111,0,0,low_resolution,training_n<8;nearest_centroid_corr>=0.95,Ia,outside_network_beam,,25,10,xq,hybrid_projected_network_logcpm_exact
top3_network_beam_local_region_candidates,20R264,Iapl,Operculum/Insula,Operculum/Insula | Orbitomedial Prefrontal Cortex (OMPFC) | Cingulate gyrus,1,1,Ia,Iapl,11m,2,0,1,Operculum/Insula::G + Iapl + Id + Ig + PrCO + SII,Ia,Operculum/Insula::G + Iapl + Id + Ig + PrCO + SII,Orbitomedial Prefrontal Cortex (OMPFC)::11l + 11m + 12m + 12o + 13a + 13l + 13m + 14c,2,0,1,low_resolution,training_n<8;nearest_centroid_corr>=0.95,Ia,low_resolution,G | Iapl | Id | Ig | PrCO | SII,34,16,xq,hybrid_projected_network_logcpm_exact
top3_network_beam_local_region_candidates,20R265,CL,Temporal,"Parietal, and Parieto-occipital region | Lateral Prefrontal Cortex | Temporal",0,1,ML,5,1-2,5,0,0,Temporal::A1 + CL + CM + TEO + TEpd + TEpv,Temporal::ML + PGa + TEa + TEad + TEav + TEm + TPO + Tpt,"Parietal, and Parieto-occipital region::1-2 + 5 + 7a + 7b + 7m + 7op + LIPv + VIP",Temporal::A1 + CL + CM + TEO + TEpd + TEpv,3,0,1,low_resolution,training_n<8;nearest_centroid_corr>=0.95;fold_local_merged_confusion_group,ML | PGa | TEa | TEad | TEav | TEm | TPO | Tpt,low_resolution,A1 | CL | CM | TEO | TEpd | TEpv,50,19,xq,hybrid_projected_network_logcpm_exact
top3_network_beam_local_region_candidates,20R270,10o,Lateral Prefrontal Cortex,Orbitomedial Prefrontal Cortex (OMPFC) | Cingulate gyrus | Operculum/Insula,0,0,13b,10m,14r,111,0,0,outside_network_beam,Orbitomedial Prefrontal Cortex (OMPFC)::10m + 13b + 14r,Orbitomedial Prefrontal Cortex (OMPFC)::11l + 11m + 12m + 12o + 13a + 13l + 13m + 14c,Operculum/Insula::G + Iapl + Id + Ig + PrCO + SII,111,0,0,low_resolution,nearest_centroid_corr>=0.95;fold_local_merged_confusion_group,10m | 13b | 14r,outside_network_beam,,34,16,xq,hybrid_projected_network_logcpm_exact
top3_network_beam_local_region_candidates,20R271,V4v,Occipital/Temporal,"Occipital/Temporal | Parietal, and Parieto-occipital region | Temporal",1,1,V3v,TEO,V4,5,0,0,Occipital/Temporal::FST + MST + V1 + V2 + V3d + V3v + V4 + V4v,Occipital/Temporal::FST + MST + V1 + V2 + V3d + V3v + V4 + V4v,Temporal::A1 + CL + CM + TEO,"Parietal, and Parieto-occipital region::1-2 + 5 + 7a + 7b + 7m + 7op + LIPv + VIP",1,1,1,low_resolution,training_n<8;nearest_centroid_corr>=0.95;fold_local_merged_confusion_group,FST | MST | V1 | V2 | V3d | V3v | V4 | V4v,low_resolution,FST | MST | V1 | V2 | V3d | V3v | V4 | V4v,46,18,xq,hybrid_projected_network_logcpm_exact
top3_network_beam_local_region_candidates,20R272,Tha,Subcortical,Subcortical | Orbitomedial Prefrontal Cortex (OMPFC) | Operculum/Insula,1,1,Tha,Amy,GP,1,1,1,Tha,Tha,Amy,GP,1,1,1,low_resolution,training_n<8,Tha,low_resolution,Tha,33,15,xq,hybrid_projected_network_logcpm_exact
top3_network_beam_local_region_candidates,20R273,TEm,Temporal,"Temporal | Parietal, and Parieto-occipital region | Occipital/Temporal",1,1,V4v,TPO,ML,12,0,0,Temporal::IPa + ML + PGa + R + TEad + TEm + TPO + Tpt,Occipital/Temporal::FST + MST + V1 + V2 + V3d + V3v + V4 + V4v,Temporal::IPa + ML + PGa + R + TEad + TEm + TPO + Tpt,"Parietal, and Parieto-occipital region::1-2 + 5 + 7a + 7b + 7m + 7op + LIPv + VIP",2,0,1,low_resolution,training_n<8;nearest_centroid_corr>=0.95;fold_local_merged_confusion_group,FST | MST | V1 | V2 | V3d | V3v | V4 | V4v,low_resolution,IPa | ML | PGa | R | TEad | TEm | TPO | Tpt,46,18,xq,hybrid_projected_network_logcpm_exact
top3_network_beam_local_region_candidates,20R274,LIPv,"Parietal, and Parieto-occipital region","Parietal, and Parieto-occipital region | Lateral Prefrontal Cortex | Occipital/Temporal",1,1,5,7m,V3v,16,0,0,"Parietal, and Parieto-occipital region::1-2 + 5 + 7a + 7b + 7m + 7op + LIPv + VIP","Parietal, and Parieto-occipital region::1-2 + 5 + 7a + 7b + 7m + 7op + LIPv + VIP",Occipital/Temporal::FST + MST + V1 + V2 + V3v + V4 + V4v,3a/b,1,1,1,low_resolution,training_n<8;nearest_centroid_corr>=0.95;fold_local_merged_confusion_group,1-2 | 5 | 7a | 7b | 7m | 7op | LIPv | VIP,low_resolution,1-2 | 5 | 7a | 7b | 7m | 7op | LIPv | VIP,32,9,xq,hybrid_projected_network_logcpm_exact
top3_network_beam_local_region_candidates,20R275,GP,Subcortical,Subcortical | Hippocampal formation | Orbitomedial Prefrontal Cortex (OMPFC),1,1,GP,Cla,NAcc,1,1,1,GP,GP,Cla,Subcortical::Cd + NAcc,1,1,1,low_resolution,training_n<8,GP,low_resolution,GP,23,12,xq,hybrid_projected_network_logcpm_exact
top3_network_beam_local_region_candidates,20R276,GP,Subcortical,Subcortical | Hippocampal formation | Orbitomedial Prefrontal Cortex (OMPFC),1,1,GP,Cla,NAcc,1,1,1,GP,GP,Cla,Subcortical::Cd + NAcc,1,1,1,low_resolution,training_n<8,GP,low_resolution,GP,23,12,xq,hybrid_projected_network_logcpm_exact
top3_network_beam_local_region_candidates,20R277,7a,"Parietal, and Parieto-occipital region","Parietal, and Parieto-occipital region | Lateral Prefrontal Cortex | Frontal (agranular frontal motor areas)",1,1,7op,5,1-2,9,0,0,"Parietal, and Parieto-occipital region::1-2 + 5 + 7a + 7b + 7m + 7op + LIPv + VIP","Parietal, and Parieto-occipital region::1-2 + 5 + 7a + 7b + 7m + 7op + LIPv + VIP",F4,Lateral Prefrontal Cortex::10o + 12r + 45 + 46d + 46v + 8A + 8Bd + 8Bs,1,1,1,low_resolution,nearest_centroid_corr>=0.95;fold_local_merged_confusion_group,1-2 | 5 | 7a | 7b | 7m | 7op | LIPv | VIP,low_resolution,1-2 | 5 | 7a | 7b | 7m | 7op | LIPv | VIP,30,9,xq,hybrid_projected_network_logcpm_exact
top3_network_beam_local_region_candidates,20R278,LIPd,"Parietal, and Parieto-occipital region","Parietal, and Parieto-occipital region | Lateral Prefrontal Cortex | Frontal (agranular frontal motor areas)",1,1,5,7m,7op,19,0,0,LIPd,"Parietal, and Parieto-occipital region::1-2 + 5 + 7a + 7b + 7m + 7op + LIPv + VIP",Lateral Prefrontal Cortex::10o + 12r + 45 + 46d + 46v + 8A + 8Bd + 8Bs,3a/b,7,0,0,low_resolution,training_n<8;nearest_centroid_corr>=0.95;fold_local_merged_confusion_group,1-2 | 5 | 7a | 7b | 7m | 7op | LIPv | VIP,low_resolution,LIPd,30,9,xq,hybrid_projected_network_logcpm_exact
top3_network_beam_local_region_candidates,20R279,LIPv,"Parietal, and Parieto-occipital region","Parietal, and Parieto-occipital region | Lateral Prefrontal Cortex | Frontal (agranular frontal motor areas)",1,1,5,7m,7op,17,0,0,"Parietal, and Parieto-occipital region::1-2 + 5 + 7a + 7b + 7m + 7op + LIPv + VIP","Parietal, and Parieto-occipital region::1-2 + 5 + 7a + 7b + 7m + 7op + LIPv + VIP",3a/b,Lateral Prefrontal Cortex::10o + 12r + 45 + 46d + 46v + 8A + 8Bd + 8Bs,1,1,1,low_resolution,training_n<8;nearest_centroid_corr>=0.95;fold_local_merged_confusion_group,1-2 | 5 | 7a | 7b | 7m | 7op | LIPv | VIP,low_resolution,1-2 | 5 | 7a | 7b | 7m | 7op | LIPv | VIP,30,9,xq,hybrid_projected_network_logcpm_exact
top3_network_beam_local_region_candidates,20R280,Tpt,Temporal,"Parietal, and Parieto-occipital region | Lateral Prefrontal Cortex | Temporal",0,1,Tpt,ML,7op,1,1,1,Temporal::ML + PGa + TEa + TEad + TEav + TEm + TPO + Tpt,Temporal::ML + PGa + TEa + TEad + TEav + TEm + TPO + Tpt,"Parietal, and Parieto-occipital region::1-2 + 5 + 7a + 7b + 7m + 7op + LIPv + VIP",Temporal::AL + R + RTL + STG,1,1,1,low_resolution,training_n<8;nearest_centroid_corr>=0.95;fold_local_merged_confusion_group,ML | PGa | TEa | TEad | TEav | TEm | TPO | Tpt,low_resolution,ML | PGa | TEa | TEad | TEav | TEm | TPO | Tpt,50,19,xq,hybrid_projected_network_logcpm_exact
top3_network_beam_local_region_candidates,20R281,MST,Occipital/Temporal,"Parietal, and Parieto-occipital region | Occipital/Temporal | Lateral Prefrontal Cortex",0,1,V3d,MST,LIPv,2,0,1,Occipital/Temporal::FST + MST + V1 + V2 + V3v + V4 + V4v,V3d,Occipital/Temporal::FST + MST + V1 + V2 + V3v + V4 + V4v,"Parietal, and Parieto-occipital region::1-2 + 5 + 7a + 7b + 7m + 7op + LIPv + VIP",2,0,1,low_resolution,training_n<8;nearest_centroid_corr>=0.95,V3d,low_resolution,FST | MST | V1 | V2 | V3v | V4 | V4v,32,9,xq,hybrid_projected_network_logcpm_exact
top3_network_beam_local_region_candidates,20R282,FST,Occipital/Temporal,"Parietal, and Parieto-occipital region | Occipital/Temporal | Lateral Prefrontal Cortex",0,1,MST,VIP,LIPv,6,0,0,Occipital/Temporal::FST + MST + V1 + V2 + V3v + V4 + V4v,Occipital/Temporal::FST + MST + V1 + V2 + V3v + V4 + V4v,"Parietal, and Parieto-occipital region::1-2 + 5 + 7a + 7b + 7m + 7op + LIPv + VIP",V3d,1,1,1,low_resolution,training_n<8;nearest_centroid_corr>=0.95;fold_local_merged_confusion_group,FST | MST | V1 | V2 | V3v | V4 | V4v,low_resolution,FST | MST | V1 | V2 | V3v | V4 | V4v,32,9,xq,hybrid_projected_network_logcpm_exact
top3_network_beam_local_region_candidates,20R283,V4,Occipital/Temporal,"Parietal, and Parieto-occipital region | Occipital/Temporal | Temporal",0,1,TEO,V4,V3v,2,0,1,Occipital/Temporal::FST + MST + V1 + V2 + V3d + V3v + V4 + V4v,Temporal::A1 + CL + CM + TEO,Occipital/Temporal::FST + MST + V1 + V2 + V3d + V3v + V4 + V4v,"Parietal, and Parieto-occipital region::1-2 + 5 + 7a + 7b + 7m + 7op + LIPv + VIP",2,0,1,low_resolution,nearest_centroid_corr>=0.95;fold_local_merged_confusion_group,A1 | CL | CM | TEO,low_resolution,FST | MST | V1 | V2 | V3d | V3v | V4 | V4v,46,18,xq,hybrid_projected_network_logcpm_exact
top3_network_beam_local_region_candidates,20R284,TFO,Temporal,"Parietal, and Parieto-occipital region | Occipital/Temporal | Temporal",0,1,V3v,TEO,5,41,0,0,Temporal::TEav + TFO,Occipital/Temporal::FST + MST + V1 + V2 + V3d + V3v + V4 + V4v,Temporal::A1 + CL + CM + TEO,"Parietal, and Parieto-occipital region::1-2 + 5 + 7a + 7b + 7m + 7op + LIPv + VIP",11,0,0,low_resolution,training_n<8;nearest_centroid_corr>=0.95;fold_local_merged_confusion_group,FST | MST | V1 | V2 | V3d | V3v | V4 | V4v,low_resolution,TEav | TFO,46,18,xq,hybrid_projected_network_logcpm_exact
top3_network_beam_local_region_candidates,20R285,GP,Subcortical,Subcortical | Hippocampal formation | Orbitomedial Prefrontal Cortex (OMPFC),1,1,GP,Tha,Cla,1,1,1,GP,GP,Tha,Cla,1,1,1,low_resolution,training_n<8,GP,low_resolution,GP,23,12,xq,hybrid_projected_network_logcpm_exact
top3_network_beam_local_region_candidates,20R286,GP,Subcortical,Subcortical | Hippocampal formation | Orbitomedial Prefrontal Cortex (OMPFC),1,1,GP,NAcc,Cla,1,1,1,GP,GP,Subcortical::Cd + NAcc,Cla,1,1,1,low_resolution,training_n<8,GP,low_resolution,GP,23,12,xq,hybrid_projected_network_logcpm_exact
top3_network_beam_local_region_candidates,20R287,24c',Cingulate gyrus,Cingulate gyrus | Lateral Prefrontal Cortex | Orbitomedial Prefrontal Cortex (OMPFC),1,1,24c',24c,12o,1,1,1,Cingulate gyrus::24b + 24c + 24c',Cingulate gyrus::24b + 24c + 24c',Orbitomedial Prefrontal Cortex (OMPFC)::12m + 12o + 13l + 13m,Lateral Prefrontal Cortex::8A + 8Bd + 8Bm + 8Bs + 9m,1,1,1,low_resolution,training_n<8;nearest_centroid_corr>=0.95;fold_local_merged_confusion_group,24b | 24c | 24c',low_resolution,24b | 24c | 24c',36,14,xq,hybrid_projected_network_logcpm_exact
top3_network_beam_local_region_candidates,20R288,24b',Cingulate gyrus,Cingulate gyrus | Orbitomedial Prefrontal Cortex (OMPFC) | Operculum/Insula,1,1,24c,24c',11m,17,0,0,24b',Cingulate gyrus::24b + 24c,24c',Orbitomedial Prefrontal Cortex (OMPFC)::11l + 11m + 12m + 12o + 13a + 13l + 13m + 14c,10,0,0,low_resolution,nearest_centroid_corr>=0.95;fold_local_merged_confusion_group,24b | 24c,low_resolution,24b',34,16,xq,hybrid_projected_network_logcpm_exact
top3_network_beam_local_region_candidates,20R289,24a',Cingulate gyrus,Cingulate gyrus | Orbitomedial Prefrontal Cortex (OMPFC) | Lateral Prefrontal Cortex,1,1,24b,24c,24c',7,0,0,24a',Cingulate gyrus::24b + 24c + 24c',Orbitomedial Prefrontal Cortex (OMPFC)::12m + 12o + 13l + 13m,Orbitomedial Prefrontal Cortex (OMPFC)::10m + 11l + 11m + 13a + 14c + 25 + 32,4,0,0,low_resolution,training_n<8;nearest_centroid_corr>=0.95;fold_local_merged_confusion_group,24b | 24c | 24c',low_resolution,24a',36,14,xq,hybrid_projected_network_logcpm_exact
top3_network_beam_local_region_candidates,20R290,12m,Orbitomedial Prefrontal Cortex (OMPFC),Operculum/Insula | Lateral Prefrontal Cortex | Orbitomedial Prefrontal Cortex (OMPFC),0,1,12r,9m,12l,4,0,0,Orbitomedial Prefrontal Cortex (OMPFC)::10m + 11l + 11m + 12m + 13l + 13m + 14c,Lateral Prefrontal Cortex::10o + 12l + 12r + 44 + 46d + 46v + 9d,Lateral Prefrontal Cortex::8Bm + 9m,Orbitomedial Prefrontal Cortex (OMPFC)::10m + 11l + 11m + 12m + 13l + 13m + 14c,3,0,1,low_resolution,training_n<8;nearest_centroid_corr>=0.95;fold_local_merged_confusion_group,10o | 12l | 12r | 44 | 46d | 46v | 9d,low_resolution,10m | 11l | 11m | 12m | 13l | 13m | 14c,37,12,xq,hybrid_projected_network_logcpm_exact
top3_network_beam_local_region_candidates,20R504,13l,Orbitomedial Prefrontal Cortex (OMPFC),Operculum/Insula | Orbitomedial Prefrontal Cortex (OMPFC) | Cingulate gyrus,0,1,12o,13b,13m,9,0,0,Orbitomedial Prefrontal Cortex (OMPFC)::11l + 11m + 12m + 12o + 13a + 13l + 13m + 14c,Orbitomedial Prefrontal Cortex (OMPFC)::11l + 11m + 12m + 12o + 13a + 13l + 13m + 14c,Orbitomedial Prefrontal Cortex (OMPFC)::10m + 13b + 14r,Orbitomedial Prefrontal Cortex (OMPFC)::25 + 32,1,1,1,low_resolution,training_n<8;nearest_centroid_corr>=0.95;fold_local_merged_confusion_group,11l | 11m | 12m | 12o | 13a | 13l | 13m | 14c,low_resolution,11l | 11m | 12m | 12o | 13a | 13l | 13m | 14c,34,16,xq,hybrid_projected_network_logcpm_exact
top3_network_beam_local_region_candidates,20R360,Ri,Operculum/Insula,"Parietal, and Parieto-occipital region | Lateral Prefrontal Cortex | Cingulate gyrus",0,0,LIPd,VIP,LIPv,111,0,0,outside_network_beam,LIPd,"Parietal, and Parieto-occipital region::1-2 + 5 + 7a + 7b + 7m + 7op + LIPv + VIP",3a/b,111,0,0,low_resolution,training_n<8;nearest_centroid_corr>=0.95,LIPd,outside_network_beam,,33,15,xq,hybrid_projected_network_logcpm_exact
top3_network_beam_local_region_candidates,20R361,PGa,Temporal,"Parietal, and Parieto-occipital region | Lateral Prefrontal Cortex | Temporal",0,1,CL,LIPd,CM,24,0,0,Temporal::ML + PGa + TEa + TEad + TEav + TEm + TPO + Tpt,Temporal::A1 + CL + CM + TEO + TEpd + TEpv,LIPd,"Parietal, and Parieto-occipital region::1-2 + 5 + 7a + 7b + 7m + 7op + LIPv + VIP",6,0,0,low_resolution,training_n<8;nearest_centroid_corr>=0.95;fold_local_merged_confusion_group,A1 | CL | CM | TEO | TEpd | TEpv,low_resolution,ML | PGa | TEa | TEad | TEav | TEm | TPO | Tpt,50,19,xq,hybrid_projected_network_logcpm_exact
top3_network_beam_local_region_candidates,20R362,IPa,Temporal,"Parietal, and Parieto-occipital region | Temporal | Lateral Prefrontal Cortex",0,1,ML,7m,TEO,5,0,0,IPa,Temporal::ML + PGa + TEa + TEad + TEav + TEm + TPO + Tpt,"Parietal, and Parieto-occipital region::1-2 + 5 + 7a + 7b + 7m + 7op + LIPv + VIP",Temporal::A1 + CL + CM + TEO + TEpd + TEpv,4,0,0,low_resolution,training_n<8;nearest_centroid_corr>=0.95;fold_local_merged_confusion_group,ML | PGa | TEa | TEad | TEav | TEm | TPO | Tpt,low_resolution,IPa,50,19,xq,hybrid_projected_network_logcpm_exact
top3_network_beam_local_region_candidates,20R366,GP,Subcortical,Subcortical | Hippocampal formation | Orbitomedial Prefrontal Cortex (OMPFC),1,1,NAcc,Cla,GP,3,0,1,GP,Subcortical::Cd + NAcc,Cla,GP,3,0,1,low_resolution,training_n<8;nearest_centroid_corr>=0.95;fold_local_merged_confusion_group,Cd | NAcc,low_resolution,GP,23,12,xq,hybrid_projected_network_logcpm_exact
top3_network_beam_local_region_candidates,20R367,23c,Cingulate gyrus,"Cingulate gyrus | Lateral Prefrontal Cortex | Parietal, and Parieto-occipital region",1,1,23b,9m,24c,4,0,0,23c,23b,9m,Cingulate gyrus::24b + 24c + 24c',4,0,0,low_resolution,training_n<8;nearest_centroid_corr>=0.95,23b,low_resolution,23c,33,15,xq,hybrid_projected_network_logcpm_exact
top3_network_beam_local_region_candidates,20R368,PGa,Temporal,"Temporal | Operculum/Insula | Parietal, and Parieto-occipital region",1,1,AL,Ig,R,16,0,0,Temporal::PGa + TEa + TEad + TEav + TEm + TFO,Temporal::AL + RTL + STG + TAa,Operculum/Insula::G + Iapl + Id + Ig + SII,R,4,0,0,low_resolution,training_n<8;nearest_centroid_corr>=0.95;fold_local_merged_confusion_group,AL | RTL | STG | TAa,low_resolution,PGa | TEa | TEad | TEav | TEm | TFO,48,19,xq,hybrid_projected_network_logcpm_exact
top3_network_beam_local_region_candidates,20R369,IPa,Temporal,"Temporal | Operculum/Insula | Parietal, and Parieto-occipital region",1,1,AL,TPO,R,10,0,0,IPa,Temporal::AL + RTL + STG + TAa,Temporal::A1 + CL + CM + ML + TEO + TPO + Tpt,R,8,0,0,low_resolution,training_n<8;nearest_centroid_corr>=0.95;fold_local_merged_confusion_group,AL | RTL | STG | TAa,low_resolution,IPa,48,19,xq,hybrid_projected_network_logcpm_exact
top3_network_beam_local_region_candidates,20R370,23c,Cingulate gyrus,Cingulate gyrus | Lateral Prefrontal Cortex | Orbitomedial Prefrontal Cortex (OMPFC),1,1,23c,24c',23b,1,1,1,23c,23c,Cingulate gyrus::24b + 24c + 24c',23b,1,1,1,low_resolution,training_n<8;nearest_centroid_corr>=0.95,23c,low_resolution,23c,36,14,xq,hybrid_projected_network_logcpm_exact
top3_network_beam_local_region_candidates,20R371,TF,Temporal,Temporal | Operculum/Insula | Orbitomedial Prefrontal Cortex (OMPFC),1,1,TFO,TG,TEpv,43,0,0,TF,Temporal::TEad + TEav + TFO,TG,Temporal::TEO + TEpd + TEpv,18,0,0,low_resolution,training_n<8;nearest_centroid_corr>=0.95;fold_local_merged_confusion_group,TEad | TEav | TFO,low_resolution,TF,51,20,xq,hybrid_projected_network_logcpm_exact
top3_network_beam_local_region_candidates,20R372,IPa,Temporal,"Temporal | Parietal, and Parieto-occipital region | Operculum/Insula",1,1,AL,R,TPO,13,0,0,IPa,Temporal::AL + RTL + STG + TAa,R,Temporal::A1 + CL + CM + ML + TEO + TPO + Tpt,8,0,0,low_resolution,training_n<8;nearest_centroid_corr>=0.95;fold_local_merged_confusion_group,AL | RTL | STG | TAa,low_resolution,IPa,48,19,xq,hybrid_projected_network_logcpm_exact
top3_network_beam_local_region_candidates,20R373,PGa,Temporal,"Temporal | Operculum/Insula | Parietal, and Parieto-occipital region",1,1,AL,TEpd,R,18,0,0,Temporal::PGa + TEa + TEad + TEav + TEm + TFO,Temporal::AL + RTL + STG + TAa,Temporal::TEpd + TEpv,R,5,0,0,low_resolution,training_n<8;nearest_centroid_corr>=0.95;fold_local_merged_confusion_group,AL | RTL | STG | TAa,low_resolution,PGa | TEa | TEad | TEav | TEm | TFO,48,19,xq,hybrid_projected_network_logcpm_exact
top3_network_beam_local_region_candidates,20R374,23b,Cingulate gyrus,Cingulate gyrus | Orbitomedial Prefrontal Cortex (OMPFC) | Lateral Prefrontal Cortex,1,1,24c,24b,12o,16,0,0,23b,Cingulate gyrus::24b + 24c + 24c',Orbitomedial Prefrontal Cortex (OMPFC)::12m + 12o + 13l + 13m,Orbitomedial Prefrontal Cortex (OMPFC)::10m + 11l + 11m + 13a + 14c + 25 + 32,9,0,0,low_resolution,nearest_centroid_corr>=0.95;fold_local_merged_confusion_group,24b | 24c | 24c',low_resolution,23b,36,14,xq,hybrid_projected_network_logcpm_exact
top3_network_beam_local_region_candidates,20R375,11m,Orbitomedial Prefrontal Cortex (OMPFC),Lateral Prefrontal Cortex | Cingulate gyrus | Orbitomedial Prefrontal Cortex (OMPFC),0,1,13l,13m,12m,24,0,0,Orbitomedial Prefrontal Cortex (OMPFC)::10m + 11l + 11m + 13a + 14c + 25 + 32,Orbitomedial Prefrontal Cortex (OMPFC)::12m + 12o + 13l + 13m,Lateral Prefrontal Cortex::10o + 12l + 12r + 44 + 45 + 46d + 46v + 9d,Orbitomedial Prefrontal Cortex (OMPFC)::10m + 11l + 11m + 13a + 14c + 25 + 32,3,0,1,low_resolution,training_n<8;nearest_centroid_corr>=0.95;fold_local_merged_confusion_group,12m | 12o | 13l | 13m,low_resolution,10m | 11l | 11m | 13a | 14c | 25 | 32,36,14,xq,hybrid_projected_network_logcpm_exact
top3_network_beam_local_region_candidates,20R380,MST,Occipital/Temporal,"Parietal, and Parieto-occipital region | Lateral Prefrontal Cortex | Occipital/Temporal",0,1,VIP,LIPd,MST,3,0,1,Occipital/Temporal::FST + MST + V1 + V2 + V3v + V4 + V4v,"Parietal, and Parieto-occipital region::1-2 + 5 + 7a + 7b + 7m + 7op + LIPv + VIP",LIPd,Occipital/Temporal::FST + MST + V1 + V2 + V3v + V4 + V4v,3,0,1,low_resolution,nearest_centroid_corr>=0.95;fold_local_merged_confusion_group,1-2 | 5 | 7a | 7b | 7m | 7op | LIPv | VIP,low_resolution,FST | MST | V1 | V2 | V3v | V4 | V4v,32,9,xq,hybrid_projected_network_logcpm_exact
top3_network_beam_local_region_candidates,20R381,FST,Occipital/Temporal,"Parietal, and Parieto-occipital region | Lateral Prefrontal Cortex | Occipital/Temporal",0,1,V3d,MST,VIP,6,0,0,Occipital/Temporal::FST + MST + V1 + V2 + V3v + V4 + V4v,V3d,Occipital/Temporal::FST + MST + V1 + V2 + V3v + V4 + V4v,"Parietal, and Parieto-occipital region::1-2 + 5 + 7a + 7b + 7m + 7op + LIPv + VIP",2,0,1,low_resolution,training_n<8;nearest_centroid_corr>=0.95,V3d,low_resolution,FST | MST | V1 | V2 | V3v | V4 | V4v,32,9,xq,hybrid_projected_network_logcpm_exact
top3_network_beam_local_region_candidates,20R386,PGa,Temporal,"Temporal | Parietal, and Parieto-occipital region | Lateral Prefrontal Cortex",1,1,Tpt,TPO,ML,14,0,0,Temporal::ML + PGa + TEa + TEad + TEav + TEm + TPO + Tpt,Temporal::ML + PGa + TEa + TEad + TEav + TEm + TPO + Tpt,"Parietal, and Parieto-occipital region::1-2 + 5 + 7a + 7b + 7m + 7op + LIPv + VIP",Temporal::AL + R + RTL + STG,1,1,1,low_resolution,training_n<8;nearest_centroid_corr>=0.95;fold_local_merged_confusion_group,ML | PGa | TEa | TEad | TEav | TEm | TPO | Tpt,low_resolution,ML | PGa | TEa | TEad | TEav | TEm | TPO | Tpt,50,19,xq,hybrid_projected_network_logcpm_exact
top3_network_beam_local_region_candidates,20R387,23b,Cingulate gyrus,Cingulate gyrus | Orbitomedial Prefrontal Cortex (OMPFC) | Lateral Prefrontal Cortex,1,1,24a,24a',24c',8,0,0,23b,24a,24a',Cingulate gyrus::24b + 24c + 24c',7,0,0,low_resolution,training_n<8;nearest_centroid_corr>=0.95,24a,low_resolution,23b,36,14,xq,hybrid_projected_network_logcpm_exact
top3_network_beam_local_region_candidates,20R388,23c,Cingulate gyrus,Frontal (agranular frontal motor areas) | Lateral Prefrontal Cortex | Cingulate gyrus,0,1,F3,44,F7,16,0,0,23c,Frontal (agranular frontal motor areas)::F3 + F5 + F6 + F7,Lateral Prefrontal Cortex::12l + 44 + 45 + 8A + 8Bd + 8Bm + 8Bs + 9d,Frontal (agranular frontal motor areas)::F1 + F2,8,0,0,low_resolution,training_n<8;nearest_centroid_corr>=0.95;fold_local_merged_confusion_group,F3 | F5 | F6 | F7,low_resolution,23c,30,14,xq,hybrid_projected_network_logcpm_exact
top3_network_beam_local_region_candidates,20R506,Pi,Operculum/Insula,Operculum/Insula | Orbitomedial Prefrontal Cortex (OMPFC) | Temporal,1,1,Ia,Ial,Pi,3,0,1,Operculum/Insula::Ial + Iapm + Pi,Ia,Operculum/Insula::Ial + Iapm + Pi,Temporal::RM + RTM,2,0,1,low_resolution,training_n<8;nearest_centroid_corr>=0.95,Ia,low_resolution,Ial | Iapm | Pi,51,20,xq,hybrid_projected_network_logcpm_exact
top3_network_beam_local_region_candidates,20R507,Ia,Operculum/Insula,Operculum/Insula | Orbitomedial Prefrontal Cortex (OMPFC) | Temporal,1,1,Iapm,Ia,Ial,2,0,1,Ia,Operculum/Insula::Ial + Iapm + Pi,Ia,Orbitomedial Prefrontal Cortex (OMPFC)::10m + 11l + 11m + 13a + 13b + 14c + 14r + 25,2,0,1,low_resolution,training_n<8;nearest_centroid_corr>=0.95;fold_local_merged_confusion_group,Ial | Iapm | Pi,low_resolution,Ia,51,20,xq,hybrid_projected_network_logcpm_exact
top3_network_beam_local_region_candidates,20R508,Ia,Operculum/Insula,Operculum/Insula | Orbitomedial Prefrontal Cortex (OMPFC) | Temporal,1,1,Iapm,Ia,Pi,2,0,1,Ia,Operculum/Insula::Ial + Iapm + Pi,Ia,Temporal::RM + RTM,2,0,1,low_resolution,training_n<8;nearest_centroid_corr>=0.95;fold_local_merged_confusion_group,Ial | Iapm | Pi,low_resolution,Ia,51,20,xq,hybrid_projected_network_logcpm_exact
top3_network_beam_local_region_candidates,20R510,RM,Temporal,Operculum/Insula | Temporal | Orbitomedial Prefrontal Cortex (OMPFC),0,1,G,RM,Ig,2,0,1,Temporal::RM + RTM,Operculum/Insula::G + Iapl + Id + Ig + SII,Temporal::RM + RTM,Temporal::AL + R + RTL + STG,2,0,1,low_resolution,nearest_centroid_corr>=0.95;fold_local_merged_confusion_group,G | Iapl | Id | Ig | SII,low_resolution,RM | RTM,51,20,xq,hybrid_projected_network_logcpm_exact
top3_network_beam_local_region_candidates,20R523,V3d,Occipital/Temporal,"Occipital/Temporal | Parietal, and Parieto-occipital region | Lateral Prefrontal Cortex",1,1,V3d,MST,LIPv,1,1,1,V3d,V3d,Occipital/Temporal::FST + MST + V1 + V2 + V3v + V4 + V4v,"Parietal, and Parieto-occipital region::1-2 + 5 + 7a + 7b + 7m + 7op + LIPv + VIP",1,1,1,low_resolution,training_n<8;nearest_centroid_corr>=0.95,V3d,low_resolution,V3d,32,9,xq,hybrid_projected_network_logcpm_exact
top3_network_beam_local_region_candidates,20R524,V3d,Occipital/Temporal,"Occipital/Temporal | Parietal, and Parieto-occipital region | Temporal",1,1,V3d,MST,LIPv,1,1,1,Occipital/Temporal::FST + MST + V1 + V2 + V3d + V3v + V4 + V4v,Occipital/Temporal::FST + MST + V1 + V2 + V3d + V3v + V4 + V4v,"Parietal, and Parieto-occipital region::1-2 + 5 + 7a + 7b + 7m + 7op + LIPv + VIP",LIPd,1,1,1,low_resolution,training_n<8;nearest_centroid_corr>=0.95;fold_local_merged_confusion_group,FST | MST | V1 | V2 | V3d | V3v | V4 | V4v,low_resolution,FST | MST | V1 | V2 | V3d | V3v | V4 | V4v,46,18,xq,hybrid_projected_network_logcpm_exact
top3_network_beam_local_region_candidates,20R611,10m,Orbitomedial Prefrontal Cortex (OMPFC),Lateral Prefrontal Cortex | Cingulate gyrus | Orbitomedial Prefrontal Cortex (OMPFC),0,1,10m,13b,10o,1,1,1,Orbitomedial Prefrontal Cortex (OMPFC)::10m + 11l + 11m + 13a + 14c + 25 + 32,Orbitomedial Prefrontal Cortex (OMPFC)::10m + 11l + 11m + 13a + 14c + 25 + 32,13b,Lateral Prefrontal Cortex::10o + 12l + 12r + 44 + 45 + 46d + 46v + 9d,1,1,1,low_resolution,nearest_centroid_corr>=0.95;fold_local_merged_confusion_group,10m | 11l | 11m | 13a | 14c | 25 | 32,low_resolution,10m | 11l | 11m | 13a | 14c | 25 | 32,36,14,xq,hybrid_projected_network_logcpm_exact
top3_network_beam_local_region_candidates,20R612,10o,Lateral Prefrontal Cortex,Lateral Prefrontal Cortex | Cingulate gyrus | Orbitomedial Prefrontal Cortex (OMPFC),1,1,12r,12l,12m,4,0,0,Lateral Prefrontal Cortex::10o + 12l + 12r + 44 + 45 + 46d + 46v + 9d,Lateral Prefrontal Cortex::10o + 12l + 12r + 44 + 45 + 46d + 46v + 9d,Orbitomedial Prefrontal Cortex (OMPFC)::12m + 12o + 13l + 13m,Orbitomedial Prefrontal Cortex (OMPFC)::10m + 11l + 11m + 13a + 14c + 25 + 32,1,1,1,low_resolution,training_n<8;nearest_centroid_corr>=0.95;fold_local_merged_confusion_group,10o | 12l | 12r | 44 | 45 | 46d | 46v | 9d,low_resolution,10o | 12l | 12r | 44 | 45 | 46d | 46v | 9d,36,14,xq,hybrid_projected_network_logcpm_exact
top3_network_beam_local_region_candidates,20R616,V2,Occipital/Temporal,"Occipital/Temporal | Parietal, and Parieto-occipital region | Lateral Prefrontal Cortex",1,1,V3v,V2,FST,2,0,1,Occipital/Temporal::FST + MST + V1 + V2 + V3v + V4 + V4v,Occipital/Temporal::FST + MST + V1 + V2 + V3v + V4 + V4v,V3d,MT,1,1,1,low_resolution,training_n<8;nearest_centroid_corr>=0.95;fold_local_merged_confusion_group,FST | MST | V1 | V2 | V3v | V4 | V4v,low_resolution,FST | MST | V1 | V2 | V3v | V4 | V4v,32,9,xq,hybrid_projected_network_logcpm_exact
top3_network_beam_local_region_candidates,20R617,V1,Occipital/Temporal,"Occipital/Temporal | Parietal, and Parieto-occipital region | Temporal",1,1,V1,V3d,FST,1,1,1,Occipital/Temporal::FST + MST + V1 + V2 + V3d + V3v + V4 + V4v,Occipital/Temporal::FST + MST + V1 + V2 + V3d + V3v + V4 + V4v,MT,Temporal::A1 + CL + CM + TEO,1,1,1,low_resolution,nearest_centroid_corr>=0.95;fold_local_merged_confusion_group,FST | MST | V1 | V2 | V3d | V3v | V4 | V4v,low_resolution,FST | MST | V1 | V2 | V3d | V3v | V4 | V4v,46,18,xq,hybrid_projected_network_logcpm_exact
top3_network_beam_local_region_candidates,20R618,V2,Occipital/Temporal,"Occipital/Temporal | Parietal, and Parieto-occipital region | Temporal",1,1,V1,V3d,FST,6,0,0,Occipital/Temporal::FST + MST + V1 + V2 + V3d + V3v + V4 + V4v,Occipital/Temporal::FST + MST + V1 + V2 + V3d + V3v + V4 + V4v,MT,"Parietal, and Parieto-occipital region::1-2 + 5 + 7a + 7b + 7m + 7op + LIPv + VIP",1,1,1,low_resolution,nearest_centroid_corr>=0.95;fold_local_merged_confusion_group,FST | MST | V1 | V2 | V3d | V3v | V4 | V4v,low_resolution,FST | MST | V1 | V2 | V3d | V3v | V4 | V4v,46,18,xq,hybrid_projected_network_logcpm_exact
top3_network_beam_local_region_candidates,20R622,V2,Occipital/Temporal,"Occipital/Temporal | Parietal, and Parieto-occipital region | Temporal",1,1,V3v,V2,V4,2,0,1,Occipital/Temporal::FST + MST + V1 + V2 + V3d + V3v + V4 + V4v,Occipital/Temporal::FST + MST + V1 + V2 + V3d + V3v + V4 + V4v,Temporal::A1 + CL + CM + TEO,"Parietal, and Parieto-occipital region::1-2 + 5 + 7a + 7b + 7m + 7op + LIPv + VIP",1,1,1,low_resolution,training_n<8;nearest_centroid_corr>=0.95;fold_local_merged_confusion_group,FST | MST | V1 | V2 | V3d | V3v | V4 | V4v,low_resolution,FST | MST | V1 | V2 | V3d | V3v | V4 | V4v,46,18,xq,hybrid_projected_network_logcpm_exact
top3_network_beam_local_region_candidates,20R640,3a/b,"Parietal, and Parieto-occipital region","Parietal, and Parieto-occipital region | Lateral Prefrontal Cortex | Frontal (agranular frontal motor areas)",1,1,F1,3a/b,VIP,2,0,1,3a/b,Frontal (agranular frontal motor areas)::F1 + F2 + F3 + F6 + F7,3a/b,"Parietal, and Parieto-occipital region::1-2 + 5 + 7a + 7b + 7m + 7op + LIPv + VIP",2,0,1,low_resolution,nearest_centroid_corr>=0.95;fold_local_merged_confusion_group,F1 | F2 | F3 | F6 | F7,low_resolution,3a/b,30,9,xq,hybrid_projected_network_logcpm_exact
top3_network_beam_local_region_candidates,20R641,F1,Frontal (agranular frontal motor areas),Frontal (agranular frontal motor areas) | Lateral Prefrontal Cortex | Cingulate gyrus,1,1,F3,F2,F7,4,0,0,Frontal (agranular frontal motor areas)::F1 + F2,Frontal (agranular frontal motor areas)::F3 + F5 + F6 + F7,Frontal (agranular frontal motor areas)::F1 + F2,Lateral Prefrontal Cortex::12l + 44 + 45 + 8A + 8Bd + 8Bm + 8Bs + 9d,2,0,1,low_resolution,training_n<8;nearest_centroid_corr>=0.95;fold_local_merged_confusion_group,F3 | F5 | F6 | F7,low_resolution,F1 | F2,30,14,xq,hybrid_projected_network_logcpm_exact
top3_network_beam_local_region_candidates,20R642,Ig,Operculum/Insula,Operculum/Insula | Orbitomedial Prefrontal Cortex (OMPFC) | Lateral Prefrontal Cortex,1,1,Ri,SII,Ig,3,0,1,Operculum/Insula::G + Iapl + Id + Ig + PrCO + SII,Ri,Operculum/Insula::G + Iapl + Id + Ig + PrCO + SII,Orbitomedial Prefrontal Cortex (OMPFC)::10m + 11l + 11m + 12m + 13l + 13m + 14c,2,0,1,low_resolution,training_n<8;nearest_centroid_corr>=0.95,Ri,low_resolution,G | Iapl | Id | Ig | PrCO | SII,37,12,xq,hybrid_projected_network_logcpm_exact
top3_network_beam_local_region_candidates,xz-L-10m-10o_BRRL200004691-1A,10m,Orbitomedial Prefrontal Cortex (OMPFC),Orbitomedial Prefrontal Cortex (OMPFC) | Temporal | Operculum/Insula,1,1,11m,10m,12o,2,0,1,Orbitomedial Prefrontal Cortex (OMPFC)::10m + 13b + 14r,11m,Orbitomedial Prefrontal Cortex (OMPFC)::10m + 13b + 14r,Orbitomedial Prefrontal Cortex (OMPFC)::11l + 12m + 12o + 13l + 13m + 32,2,0,1,low_resolution,training_n<8;nearest_centroid_corr>=0.95,11m,low_resolution,10m | 13b | 14r,51,21,xz,hybrid_projected_network_logcpm_exact
top3_network_beam_local_region_candidates,xz-L-10m_BRRL200004692-1A,10m,Orbitomedial Prefrontal Cortex (OMPFC),Orbitomedial Prefrontal Cortex (OMPFC) | Cingulate gyrus | Lateral Prefrontal Cortex,1,1,12o,11m,24c,5,0,0,Orbitomedial Prefrontal Cortex (OMPFC)::10m + 13b,Orbitomedial Prefrontal Cortex (OMPFC)::12o + 13a + 13l + 13m + 14c + 25 + 32,Orbitomedial Prefrontal Cortex (OMPFC)::11l + 11m + 12m,24c,4,0,0,low_resolution,training_n<8;nearest_centroid_corr>=0.95;fold_local_merged_confusion_group,12o | 13a | 13l | 13m | 14c | 25 | 32,low_resolution,10m | 13b,36,13,xz,hybrid_projected_network_logcpm_exact
top3_network_beam_local_region_candidates,xz-L-10o_BRRL200004693-1A,10o,Lateral Prefrontal Cortex,Orbitomedial Prefrontal Cortex (OMPFC) | Temporal | Operculum/Insula,0,0,14r,11m,13m,111,0,0,outside_network_beam,Orbitomedial Prefrontal Cortex (OMPFC)::10m + 13b + 14r,11m,Orbitomedial Prefrontal Cortex (OMPFC)::11l + 12m + 12o + 13l + 13m + 32,111,0,0,low_resolution,nearest_centroid_corr>=0.95;fold_local_merged_confusion_group,10m | 13b | 14r,outside_network_beam,,51,21,xz,hybrid_projected_network_logcpm_exact
top3_network_beam_local_region_candidates,xz-L-11m_BRRL200004694-1A,11m,Orbitomedial Prefrontal Cortex (OMPFC),"Orbitomedial Prefrontal Cortex (OMPFC) | Temporal | Parietal, and Parieto-occipital region",1,1,11l,11m,13m,2,0,1,Orbitomedial Prefrontal Cortex (OMPFC)::11l + 11m + 12m,Orbitomedial Prefrontal Cortex (OMPFC)::11l + 11m + 12m,Orbitomedial Prefrontal Cortex (OMPFC)::12o + 13l + 13m,Orbitomedial Prefrontal Cortex (OMPFC)::10m + 13b + 14r,1,1,1,low_resolution,nearest_centroid_corr>=0.95;fold_local_merged_confusion_group,11l | 11m | 12m,low_resolution,11l | 11m | 12m,50,19,xz,hybrid_projected_network_logcpm_exact
top3_network_beam_local_region_candidates,xz-L-11l_BRRL200004695-1A,11l,Orbitomedial Prefrontal Cortex (OMPFC),Orbitomedial Prefrontal Cortex (OMPFC) | Temporal | Operculum/Insula,1,1,PrCO,12o,11m,5,0,0,Orbitomedial Prefrontal Cortex (OMPFC)::11l + 12m + 12o + 13l + 13m + 32,PrCO,Orbitomedial Prefrontal Cortex (OMPFC)::11l + 12m + 12o + 13l + 13m + 32,11m,2,0,1,low_resolution,training_n<8;nearest_centroid_corr>=0.95,PrCO,low_resolution,11l | 12m | 12o | 13l | 13m | 32,51,21,xz,hybrid_projected_network_logcpm_exact
top3_network_beam_local_region_candidates,xz-R-10o_BRRL200004706-1A,10o,Lateral Prefrontal Cortex,"Orbitomedial Prefrontal Cortex (OMPFC) | Temporal | Parietal, and Parieto-occipital region",0,0,11m,13m,12o,111,0,0,outside_network_beam,Orbitomedial Prefrontal Cortex (OMPFC)::11l + 11m + 12m,Orbitomedial Prefrontal Cortex (OMPFC)::12o + 13l + 13m,Orbitomedial Prefrontal Cortex (OMPFC)::10m + 13b + 14r,111,0,0,low_resolution,training_n<8;nearest_centroid_corr>=0.95;fold_local_merged_confusion_group,11l | 11m | 12m,outside_network_beam,,50,19,xz,hybrid_projected_network_logcpm_exact
top3_network_beam_local_region_candidates,xz-R-11l_BRRL200004707-1A,11l,Orbitomedial Prefrontal Cortex (OMPFC),"Orbitomedial Prefrontal Cortex (OMPFC) | Temporal | Parietal, and Parieto-occipital region",1,1,13m,TEav,11m,5,0,0,Orbitomedial Prefrontal Cortex (OMPFC)::11l + 11m + 12m,Orbitomedial Prefrontal Cortex (OMPFC)::12o + 13l + 13m,Temporal::TEad + TEav + TG,Orbitomedial Prefrontal Cortex (OMPFC)::11l + 11m + 12m,3,0,1,low_resolution,training_n<8;nearest_centroid_corr>=0.95;fold_local_merged_confusion_group,12o | 13l | 13m,low_resolution,11l | 11m | 12m,50,19,xz,hybrid_projected_network_logcpm_exact
top3_network_beam_local_region_candidates,xz-L-Prco_BRRL200006258-1A,PrCO,Operculum/Insula,Orbitomedial Prefrontal Cortex (OMPFC) | Temporal | Operculum/Insula,0,1,PrCO,Iapl,TEav,1,1,1,PrCO,PrCO,Operculum/Insula::Ia + Ial + Iapl + Iapm + Id + Pi,Temporal::A1 + CL + CM + ML + TEav + TEpv + TPO + Tpt,1,1,1,low_resolution,training_n<8;nearest_centroid_corr>=0.95,PrCO,low_resolution,PrCO,51,21,xz,hybrid_projected_network_logcpm_exact
top3_network_beam_local_region_candidates,xz-L-Ial_BRRL200004697-1A,Ial,Operculum/Insula,Operculum/Insula | Orbitomedial Prefrontal Cortex (OMPFC) | Temporal,1,1,Ial,Iapm,Pi,1,1,1,Operculum/Insula::Ia + Ial + Iapl + Iapm + Id + Pi,Operculum/Insula::Ia + Ial + Iapl + Iapm + Id + Pi,TG,Orbitomedial Prefrontal Cortex (OMPFC)::13a + 14c + 25,1,1,1,low_resolution,training_n<8;nearest_centroid_corr>=0.95;fold_local_merged_confusion_group,Ia | Ial | Iapl | Iapm | Id | Pi,low_resolution,Ia | Ial | Iapl | Iapm | Id | Pi,51,21,xz,hybrid_projected_network_logcpm_exact
top3_network_beam_local_region_candidates,xz-R-F4_BRRL200004709-1A,F4,Frontal (agranular frontal motor areas),"Parietal, and Parieto-occipital region | Temporal | Orbitomedial Prefrontal Cortex (OMPFC)",0,0,TEa,LIPd,7a,111,0,0,outside_network_beam,TEa,LIPd,"Parietal, and Parieto-occipital region::1-2 + 5 + 7a + 7b + 7m + 7op + LIPv + VIP",111,0,0,low_resolution,training_n<8;nearest_centroid_corr>=0.95,TEa,outside_network_beam,,50,19,xz,hybrid_projected_network_logcpm_exact
top3_network_beam_local_region_candidates,xz-R-G_BRRL200004710-1A,G,Operculum/Insula,Orbitomedial Prefrontal Cortex (OMPFC) | Operculum/Insula | Temporal,0,1,Ial,Iapm,Pi,24,0,0,Operculum/Insula::G + Ig + Ri + SII,Operculum/Insula::Ia + Ial + Iapl + Iapm + Id + Pi,Orbitomedial Prefrontal Cortex (OMPFC)::11l + 12m + 12o + 13l + 13m + 32,Orbitomedial Prefrontal Cortex (OMPFC)::13a + 14c + 25,10,0,0,low_resolution,training_n<8;nearest_centroid_corr>=0.95;fold_local_merged_confusion_group,Ia | Ial | Iapl | Iapm | Id | Pi,low_resolution,G | Ig | Ri | SII,51,21,xz,hybrid_projected_network_logcpm_exact
top3_network_beam_local_region_candidates,xz-R-Ial_BRRL200004711-1A,Ial,Operculum/Insula,Orbitomedial Prefrontal Cortex (OMPFC) | Operculum/Insula | Temporal,0,1,Ial,Iapm,14c,1,1,1,Operculum/Insula::Ia + Ial + Iapl + Iapm + Id + Pi,Operculum/Insula::Ia + Ial + Iapl + Iapm + Id + Pi,Orbitomedial Prefrontal Cortex (OMPFC)::13a + 14c + 25,Orbitomedial Prefrontal Cortex (OMPFC)::11l + 12m + 12o + 13l + 13m + 32,1,1,1,low_resolution,training_n<8;nearest_centroid_corr>=0.95;fold_local_merged_confusion_group,Ia | Ial | Iapl | Iapm | Id | Pi,low_resolution,Ia | Ial | Iapl | Iapm | Id | Pi,51,21,xz,hybrid_projected_network_logcpm_exact
top3_network_beam_local_region_candidates,xz-R-24b_BRRL200004712-1A,24b,Cingulate gyrus,Orbitomedial Prefrontal Cortex (OMPFC) | Cingulate gyrus | Lateral Prefrontal Cortex,0,1,9m,11l,12o,33,0,0,24b,Lateral Prefrontal Cortex::8Bd + 8Bm + 8Bs + 9m,Orbitomedial Prefrontal Cortex (OMPFC)::11l + 11m + 12m,Orbitomedial Prefrontal Cortex (OMPFC)::12o + 13a + 13l + 13m + 14c + 25 + 32,12,0,0,low_resolution,training_n<8;nearest_centroid_corr>=0.95;fold_local_merged_confusion_group,8Bd | 8Bm | 8Bs | 9m,low_resolution,24b,36,13,xz,hybrid_projected_network_logcpm_exact
top3_network_beam_local_region_candidates,xz-R-24c_BRRL200004713-1A,24c,Cingulate gyrus,"Parietal, and Parieto-occipital region | Lateral Prefrontal Cortex | Cingulate gyrus",0,1,8Bs,8A,LIPd,32,0,0,24c,Lateral Prefrontal Cortex::10o + 12r + 44 + 45 + 46d + 46v + 8Bs,8A,"Parietal, and Parieto-occipital region::5 + 7a + 7b + 7op + LIPd + LIPv + VIP",13,0,0,low_resolution,training_n<8;nearest_centroid_corr>=0.95;fold_local_merged_confusion_group,10o | 12r | 44 | 45 | 46d | 46v | 8Bs,low_resolution,24c,33,14,xz,hybrid_projected_network_logcpm_exact
top3_network_beam_local_region_candidates,xz-L-Ig_BRRL200004699-1A,Ig,Operculum/Insula,Temporal | Operculum/Insula | Orbitomedial Prefrontal Cortex (OMPFC),0,1,PrCO,Iapl,Ig,3,0,1,Operculum/Insula::G + Ig + Ri + SII,PrCO,Operculum/Insula::Ia + Ial + Iapl + Iapm + Id + Pi,Operculum/Insula::G + Ig + Ri + SII,3,0,1,low_resolution,training_n<8;nearest_centroid_corr>=0.95,PrCO,low_resolution,G | Ig | Ri | SII,51,21,xz,hybrid_projected_network_logcpm_exact
top3_network_beam_local_region_candidates,xz-L-Id_BRRL200004700-1A,Id,Operculum/Insula,Orbitomedial Prefrontal Cortex (OMPFC) | Operculum/Insula | Temporal,0,1,Iapl,Pi,Ial,4,0,0,Operculum/Insula::Ia + Ial + Iapl + Iapm + Id + Pi,Operculum/Insula::Ia + Ial + Iapl + Iapm + Id + Pi,Temporal::RT + RTM,PrCO,1,1,1,low_resolution,training_n<8;nearest_centroid_corr>=0.95;fold_local_merged_confusion_group,Ia | Ial | Iapl | Iapm | Id | Pi,low_resolution,Ia | Ial | Iapl | Iapm | Id | Pi,51,21,xz,hybrid_projected_network_logcpm_exact
top3_network_beam_local_region_candidates,xz-L-RM_BRRL200004701-1A,RM,Temporal,Temporal | Operculum/Insula | Orbitomedial Prefrontal Cortex (OMPFC),1,1,Pi,Iapl,Id,15,0,0,RM,Operculum/Insula::Ia + Ial + Iapl + Iapm + Id + Pi,Temporal::RT + RTM,PrCO,7,0,0,low_resolution,training_n<8;nearest_centroid_corr>=0.95;fold_local_merged_confusion_group,Ia | Ial | Iapl | Iapm | Id | Pi,low_resolution,RM,51,21,xz,hybrid_projected_network_logcpm_exact
top3_network_beam_local_region_candidates,xz-L-AL_BRRL200004702-1A,AL,Temporal,"Temporal | Parietal, and Parieto-occipital region | Occipital/Temporal",1,1,TEa,LIPd,IPa,31,0,0,Temporal::AL + R + RM,TEa,"Parietal, and Parieto-occipital region::1-2 + 7a + 7b + 7op + LIPd",Temporal::IPa + PGa,6,0,0,low_resolution,training_n<8;nearest_centroid_corr>=0.95,TEa,low_resolution,AL | R | RM,46,18,xz,hybrid_projected_network_logcpm_exact
top3_network_beam_local_region_candidates,xz-L-TPO_BRRL200004703-1A,TPO,Temporal,Temporal | Operculum/Insula | Orbitomedial Prefrontal Cortex (OMPFC),1,1,TEav,PrCO,STG,45,0,0,Temporal::A1 + CL + CM + ML + TEav + TEpv + TPO + Tpt,Temporal::A1 + CL + CM + ML + TEav + TEpv + TPO + Tpt,PrCO,Temporal::RTL + STG,1,1,1,low_resolution,nearest_centroid_corr>=0.95;fold_local_merged_confusion_group,A1 | CL | CM | ML | TEav | TEpv | TPO | Tpt,low_resolution,A1 | CL | CM | ML | TEav | TEpv | TPO | Tpt,51,21,xz,hybrid_projected_network_logcpm_exact
top3_network_beam_local_region_candidates,xz-L-PGa_BRRL200004704-1A,PGa,Temporal,Temporal | Operculum/Insula | Orbitomedial Prefrontal Cortex (OMPFC),1,1,TEav,PrCO,STG,11,0,0,Temporal::IPa + PGa,Temporal::A1 + CL + CM + ML + TEav + TEpv + TPO + Tpt,PrCO,Temporal::RTL + STG,9,0,0,low_resolution,nearest_centroid_corr>=0.95;fold_local_merged_confusion_group,A1 | CL | CM | ML | TEav | TEpv | TPO | Tpt,low_resolution,IPa | PGa,51,21,xz,hybrid_projected_network_logcpm_exact
top3_network_beam_local_region_candidates,xz-R-F1-7-28_BRRL200004923-1A,F1,Frontal (agranular frontal motor areas),"Parietal, and Parieto-occipital region | Frontal (agranular frontal motor areas) | Lateral Prefrontal Cortex",0,1,F1,F2,3a/b,1,1,1,Frontal (agranular frontal motor areas)::F1 + F2 + F5,Frontal (agranular frontal motor areas)::F1 + F2 + F5,3a/b,"Parietal, and Parieto-occipital region::1-2 + 5 + 7a + 7b + 7op + LIPv + VIP",1,1,1,low_resolution,nearest_centroid_corr>=0.95;fold_local_merged_confusion_group,F1 | F2 | F5,low_resolution,F1 | F2 | F5,30,11,xz,hybrid_projected_network_logcpm_exact
top3_network_beam_local_region_candidates,xz-R-3a-b-7-28_BRRL200004924-1A,3a/b,"Parietal, and Parieto-occipital region","Parietal, and Parieto-occipital region | Occipital/Temporal | Temporal",1,1,MT,MST,FST,5,0,0,"Parietal, and Parieto-occipital region::3a/b + 5 + 7m + LIPv + VIP",MT,Occipital/Temporal::FST + MST + V3d,"Parietal, and Parieto-occipital region::3a/b + 5 + 7m + LIPv + VIP",3,0,1,low_resolution,training_n<8;nearest_centroid_corr>=0.95,MT,low_resolution,3a/b | 5 | 7m | LIPv | VIP,46,18,xz,hybrid_projected_network_logcpm_exact
top3_network_beam_local_region_candidates,xz-R-1-2-7-28_BRRL200004925-1A,1-2,"Parietal, and Parieto-occipital region","Parietal, and Parieto-occipital region | Temporal | Occipital/Temporal",1,1,TEa,MT,MST,27,0,0,"Parietal, and Parieto-occipital region::1-2 + 7a + 7b + 7op + LIPd",TEa,MT,Occipital/Temporal::FST + MST + V3d,6,0,0,low_resolution,training_n<8;nearest_centroid_corr>=0.95,TEa,low_resolution,1-2 | 7a | 7b | 7op | LIPd,46,18,xz,hybrid_projected_network_logcpm_exact
top3_network_beam_local_region_candidates,xz-R-SII-7-28_BRRL200004926-1A,SII,Operculum/Insula,"Temporal | Parietal, and Parieto-occipital region | Orbitomedial Prefrontal Cortex (OMPFC)",0,0,TEa,PGa,7a,111,0,0,outside_network_beam,TEa,Temporal::A1 + CL + CM + IPa + ML + PGa + Tpt,"Parietal, and Parieto-occipital region::1-2 + 5 + 7a + 7b + 7m + 7op + LIPv + VIP",111,0,0,low_resolution,training_n<8;nearest_centroid_corr>=0.95,TEa,outside_network_beam,,50,19,xz,hybrid_projected_network_logcpm_exact
top3_network_beam_local_region_candidates,xz-R-Ig-7-28_BRRL200004927-1A,Ig,Operculum/Insula,"Temporal | Parietal, and Parieto-occipital region | Operculum/Insula",0,1,PGa,TEa,SII,12,0,0,Operculum/Insula::G + Ig + Ri + SII,Temporal::A1 + CL + CM + IPa + ML + PGa + TPO + Tpt,TEa,Operculum/Insula::G + Ig + Ri + SII,3,0,1,low_resolution,training_n<8;nearest_centroid_corr>=0.95;fold_local_merged_confusion_group,A1 | CL | CM | IPa | ML | PGa | TPO | Tpt,low_resolution,G | Ig | Ri | SII,48,15,xz,hybrid_projected_network_logcpm_exact
top3_network_beam_local_region_candidates,xz-R-Id-7-28_BRRL200004928-1A,Id,Operculum/Insula,Temporal | Operculum/Insula | Orbitomedial Prefrontal Cortex (OMPFC),0,1,Iapl,Id,PrCO,2,0,1,Operculum/Insula::Ia + Ial + Iapl + Iapm + Id + Pi,Operculum/Insula::Ia + Ial + Iapl + Iapm + Id + Pi,PrCO,Operculum/Insula::G + Ig + Ri + SII,1,1,1,low_resolution,training_n<8;nearest_centroid_corr>=0.95;fold_local_merged_confusion_group,Ia | Ial | Iapl | Iapm | Id | Pi,low_resolution,Ia | Ial | Iapl | Iapm | Id | Pi,51,21,xz,hybrid_projected_network_logcpm_exact
top3_network_beam_local_region_candidates,xz-R-RM-7-28_BRRL200004929-1A,RM,Temporal,Temporal | Operculum/Insula | Orbitomedial Prefrontal Cortex (OMPFC),1,1,Pi,Ial,Iapl,25,0,0,RM,Operculum/Insula::Ia + Ial + Iapl + Iapm + Id + Pi,Temporal::RT + RTM,TG,12,0,0,low_resolution,training_n<8;nearest_centroid_corr>=0.95;fold_local_merged_confusion_group,Ia | Ial | Iapl | Iapm | Id | Pi,low_resolution,RM,51,21,xz,hybrid_projected_network_logcpm_exact
top3_network_beam_local_region_candidates,xz-R-R-7-28_BRRL200004930-1A,R,Temporal,"Temporal | Operculum/Insula | Parietal, and Parieto-occipital region",1,1,PrCO,G,STG,17,0,0,Temporal::AL + R + RM,PrCO,Operculum/Insula::G + Ig + Ri + SII,Temporal::RT + RTL + RTM + STG + TEad + TEav,5,0,0,low_resolution,training_n<8;nearest_centroid_corr>=0.95,PrCO,low_resolution,AL | R | RM,48,15,xz,hybrid_projected_network_logcpm_exact
top3_network_beam_local_region_candidates,xz-R-TAa-7-28_BRRL200004931-1A,TAa,Temporal,"Temporal | Operculum/Insula | Parietal, and Parieto-occipital region",1,1,PrCO,TEav,G,6,0,0,TAa,PrCO,Temporal::RT + RTL + RTM + STG + TEad + TEav,Operculum/Insula::G + Ig + Ri + SII,4,0,0,low_resolution,training_n<8;nearest_centroid_corr>=0.95,PrCO,low_resolution,TAa,48,15,xz,hybrid_projected_network_logcpm_exact
top3_network_beam_local_region_candidates,xz-R-TPO-7-28_BRRL200004932-1A,TPO,Temporal,"Temporal | Parietal, and Parieto-occipital region | Operculum/Insula",1,1,PrCO,G,TEav,26,0,0,Temporal::A1 + CL + CM + IPa + ML + PGa + TPO + Tpt,PrCO,Operculum/Insula::G + Ig + Ri + SII,Temporal::RT + RTL + RTM + STG + TEad + TEav,5,0,0,low_resolution,training_n<8;nearest_centroid_corr>=0.95,PrCO,low_resolution,A1 | CL | CM | IPa | ML | PGa | TPO | Tpt,48,15,xz,hybrid_projected_network_logcpm_exact
top3_network_beam_local_region_candidates,xz-R-PGa-7-28_BRRL200004933-1A,PGa,Temporal,"Temporal | Parietal, and Parieto-occipital region | Operculum/Insula",1,1,PGa,SII,TAa,1,1,1,Temporal::A1 + CL + CM + IPa + ML + PGa + TPO + Tpt,Temporal::A1 + CL + CM + IPa + ML + PGa + TPO + Tpt,Operculum/Insula::G + Ig + Ri + SII,TAa,1,1,1,low_resolution,training_n<8;nearest_centroid_corr>=0.95;fold_local_merged_confusion_group,A1 | CL | CM | IPa | ML | PGa | TPO | Tpt,low_resolution,A1 | CL | CM | IPa | ML | PGa | TPO | Tpt,48,15,xz,hybrid_projected_network_logcpm_exact
top3_network_beam_local_region_candidates,xz-R-Ipa-7-28_BRRL200004934-1A,IPa,Temporal,"Temporal | Parietal, and Parieto-occipital region | Operculum/Insula",1,1,TEad,PGa,TAa,18,0,0,Temporal::A1 + CL + CM + IPa + ML + PGa + TPO + Tpt,Temporal::RT + RTL + RTM + STG + TEad + TEav,Temporal::A1 + CL + CM + IPa + ML + PGa + TPO + Tpt,TAa,2,0,1,low_resolution,training_n<8;nearest_centroid_corr>=0.95;fold_local_merged_confusion_group,RT | RTL | RTM | STG | TEad | TEav,low_resolution,A1 | CL | CM | IPa | ML | PGa | TPO | Tpt,48,15,xz,hybrid_projected_network_logcpm_exact
top3_network_beam_local_region_candidates,xz-R-TEa-7-28_BRRL200004935-1A,TEa,Temporal,"Temporal | Parietal, and Parieto-occipital region | Occipital/Temporal",1,1,PGa,TEa,7a,2,0,1,TEa,Temporal::IPa + PGa,TEa,"Parietal, and Parieto-occipital region::1-2 + 7a + 7b + 7op + LIPd",2,0,1,low_resolution,training_n<8;nearest_centroid_corr>=0.95;fold_local_merged_confusion_group,IPa | PGa,low_resolution,TEa,46,18,xz,hybrid_projected_network_logcpm_exact
top3_network_beam_local_region_candidates,xz-R-TEm-7-28_BRRL200004936-1A,TEm,Temporal,"Temporal | Operculum/Insula | Parietal, and Parieto-occipital region",1,1,TEad,TEav,TAa,10,0,0,Temporal::TEO + TEm + TEpd + TEpv,Temporal::RT + RTL + RTM + STG + TEad + TEav,TAa,Temporal::TEO + TEm + TEpd + TEpv,3,0,1,low_resolution,training_n<8;nearest_centroid_corr>=0.95;fold_local_merged_confusion_group,RT | RTL | RTM | STG | TEad | TEav,low_resolution,TEO | TEm | TEpd | TEpv,48,15,xz,hybrid_projected_network_logcpm_exact
top3_network_beam_local_region_candidates,xz-R-24a-7-28_BRRL200004937-1A,24a,Cingulate gyrus,"Parietal, and Parieto-occipital region | Temporal | Orbitomedial Prefrontal Cortex (OMPFC)",0,0,7a,PGa,7op,111,0,0,outside_network_beam,"Parietal, and Parieto-occipital region::1-2 + 5 + 7a + 7b + 7m + 7op + LIPv + VIP",Temporal::A1 + CL + CM + IPa + ML + PGa + Tpt,Orbitomedial Prefrontal Cortex (OMPFC)::11l + 11m + 12m,111,0,0,low_resolution,nearest_centroid_corr>=0.95;fold_local_merged_confusion_group,1-2 | 5 | 7a | 7b | 7m | 7op | LIPv | VIP,outside_network_beam,,50,19,xz,hybrid_projected_network_logcpm_exact
top3_network_beam_local_region_candidates,xz-R-7m-7-30_BRRL200004947-1A,7m,"Parietal, and Parieto-occipital region","Parietal, and Parieto-occipital region | Temporal | Occipital/Temporal",1,1,TEa,LIPd,7a,17,0,0,"Parietal, and Parieto-occipital region::3a/b + 5 + 7m + LIPv + VIP",TEa,"Parietal, and Parieto-occipital region::1-2 + 7a + 7b + 7op + LIPd",Temporal::A1 + CL + CM + ML + TPO + Tpt,5,0,0,low_resolution,training_n<8;nearest_centroid_corr>=0.95,TEa,low_resolution,3a/b | 5 | 7m | LIPv | VIP,46,18,xz,hybrid_projected_network_logcpm_exact
top3_network_beam_local_region_candidates,xz-R-VIP-7-30_BRRL200004948-1A,VIP,"Parietal, and Parieto-occipital region","Occipital/Temporal | Parietal, and Parieto-occipital region | Temporal",0,1,MT,MST,FST,4,0,0,"Parietal, and Parieto-occipital region::3a/b + 5 + 7m + LIPv + VIP",MT,Occipital/Temporal::FST + MST + V3d,"Parietal, and Parieto-occipital region::3a/b + 5 + 7m + LIPv + VIP",3,0,1,low_resolution,training_n<8;nearest_centroid_corr>=0.95,MT,low_resolution,3a/b | 5 | 7m | LIPv | VIP,46,18,xz,hybrid_projected_network_logcpm_exact
top3_network_beam_local_region_candidates,xz-R-LIpd-7-30_BRRL200004949-1A,LIPd,"Parietal, and Parieto-occipital region","Parietal, and Parieto-occipital region | Temporal | Occipital/Temporal",1,1,TEa,LIPd,VIP,2,0,1,"Parietal, and Parieto-occipital region::1-2 + 7a + 7b + 7op + LIPd",TEa,"Parietal, and Parieto-occipital region::1-2 + 7a + 7b + 7op + LIPd","Parietal, and Parieto-occipital region::3a/b + 5 + 7m + LIPv + VIP",2,0,1,low_resolution,training_n<8;nearest_centroid_corr>=0.95,TEa,low_resolution,1-2 | 7a | 7b | 7op | LIPd,46,18,xz,hybrid_projected_network_logcpm_exact
top3_network_beam_local_region_candidates,xz-R-LIpv-7-30_BRRL200004950-1A,LIPv,"Parietal, and Parieto-occipital region","Occipital/Temporal | Parietal, and Parieto-occipital region | Temporal",0,1,MT,MST,FST,5,0,0,"Parietal, and Parieto-occipital region::3a/b + 5 + 7m + LIPv + VIP",MT,Occipital/Temporal::FST + MST + V3d,"Parietal, and Parieto-occipital region::3a/b + 5 + 7m + LIPv + VIP",3,0,1,low_resolution,training_n<8;nearest_centroid_corr>=0.95,MT,low_resolution,3a/b | 5 | 7m | LIPv | VIP,46,18,xz,hybrid_projected_network_logcpm_exact
top3_network_beam_local_region_candidates,xz-R-7a-7-30_BRRL200004951-1A,7a,"Parietal, and Parieto-occipital region","Temporal | Parietal, and Parieto-occipital region | Occipital/Temporal",0,1,TEa,LIPd,7a,3,0,1,"Parietal, and Parieto-occipital region::1-2 + 7a + 7b + 7op + LIPd",TEa,"Parietal, and Parieto-occipital region::1-2 + 7a + 7b + 7op + LIPd",Temporal::IPa + PGa,2,0,1,low_resolution,training_n<8;nearest_centroid_corr>=0.95,TEa,low_resolution,1-2 | 7a | 7b | 7op | LIPd,46,18,xz,hybrid_projected_network_logcpm_exact
top3_network_beam_local_region_candidates,xz-R-MST-7-30_BRRL200004952-1A,MST,Occipital/Temporal,"Occipital/Temporal | Parietal, and Parieto-occipital region | Temporal",1,1,MT,MST,FST,2,0,1,Occipital/Temporal::FST + MST + V3d,MT,Occipital/Temporal::FST + MST + V3d,Temporal::A1 + CL + CM + ML + TPO + Tpt,2,0,1,low_resolution,training_n<8;nearest_centroid_corr>=0.95,MT,low_resolution,FST | MST | V3d,46,18,xz,hybrid_projected_network_logcpm_exact
top3_network_beam_local_region_candidates,xz-R-V2-7-30_BRRL200004953-1A,V2,Occipital/Temporal,Temporal | Operculum/Insula | Orbitomedial Prefrontal Cortex (OMPFC),0,0,Pi,Ial,Iapm,111,0,0,outside_network_beam,Operculum/Insula::Ia + Ial + Iapl + Iapm + Id + Pi,TG,Orbitomedial Prefrontal Cortex (OMPFC)::13a + 14c + 25,111,0,0,low_resolution,training_n<8;nearest_centroid_corr>=0.95;fold_local_merged_confusion_group,Ia | Ial | Iapl | Iapm | Id | Pi,outside_network_beam,,51,21,xz,hybrid_projected_network_logcpm_exact
top3_network_beam_local_region_candidates,xz-L-F1-8-2_BRRL200004960-1A,F1,Frontal (agranular frontal motor areas),"Parietal, and Parieto-occipital region | Frontal (agranular frontal motor areas) | Lateral Prefrontal Cortex",0,1,F1,3a/b,LIPv,1,1,1,Frontal (agranular frontal motor areas)::F1 + F2 + F5,Frontal (agranular frontal motor areas)::F1 + F2 + F5,3a/b,"Parietal, and Parieto-occipital region::1-2 + 5 + 7a + 7b + 7op + LIPv + VIP",1,1,1,low_resolution,nearest_centroid_corr>=0.95;fold_local_merged_confusion_group,F1 | F2 | F5,low_resolution,F1 | F2 | F5,30,11,xz,hybrid_projected_network_logcpm_exact
top3_network_beam_local_region_candidates,xz-L-3a-b-8-2_BRRL200004961-1A,3a/b,"Parietal, and Parieto-occipital region","Parietal, and Parieto-occipital region | Temporal | Occipital/Temporal",1,1,TEa,LIPd,3a/b,3,0,1,"Parietal, and Parieto-occipital region::3a/b + 5 + 7m + LIPv + VIP",TEa,"Parietal, and Parieto-occipital region::1-2 + 7a + 7b + 7op + LIPd","Parietal, and Parieto-occipital region::3a/b + 5 + 7m + LIPv + VIP",3,0,1,low_resolution,training_n<8;nearest_centroid_corr>=0.95,TEa,low_resolution,3a/b | 5 | 7m | LIPv | VIP,46,18,xz,hybrid_projected_network_logcpm_exact
top3_network_beam_local_region_candidates,xz-L-1-2-8-2_BRRL200004962-1A,1-2,"Parietal, and Parieto-occipital region","Temporal | Parietal, and Parieto-occipital region | Occipital/Temporal",0,1,TEa,PGa,7a,8,0,0,"Parietal, and Parieto-occipital region::1-2 + 7a + 7b + 7op + LIPd",TEa,Temporal::IPa + PGa,"Parietal, and Parieto-occipital region::1-2 + 7a + 7b + 7op + LIPd",3,0,1,low_resolution,training_n<8;nearest_centroid_corr>=0.95,TEa,low_resolution,1-2 | 7a | 7b | 7op | LIPd,46,18,xz,hybrid_projected_network_logcpm_exact
top3_network_beam_local_region_candidates,xz-L-F2-8-2_BRRL200004964-1A,F2,Frontal (agranular frontal motor areas),"Parietal, and Parieto-occipital region | Frontal (agranular frontal motor areas) | Lateral Prefrontal Cortex",0,1,F1,F2,3a/b,2,0,1,Frontal (agranular frontal motor areas)::F1 + F2 + F5,Frontal (agranular frontal motor areas)::F1 + F2 + F5,3a/b,"Parietal, and Parieto-occipital region::1-2 + 5 + 7a + 7b + 7op + LIPv + VIP",1,1,1,low_resolution,nearest_centroid_corr>=0.95;fold_local_merged_confusion_group,F1 | F2 | F5,low_resolution,F1 | F2 | F5,30,11,xz,hybrid_projected_network_logcpm_exact
top3_network_beam_local_region_candidates,xz-L-24c-8-11_BRRL200004974-1A,24c,Cingulate gyrus,Cingulate gyrus | Orbitomedial Prefrontal Cortex (OMPFC) | Lateral Prefrontal Cortex,1,1,12o,11l,11m,8,0,0,24c,Orbitomedial Prefrontal Cortex (OMPFC)::12o + 13a + 13l + 13m + 14c + 25 + 32,Orbitomedial Prefrontal Cortex (OMPFC)::11l + 11m + 12m,Orbitomedial Prefrontal Cortex (OMPFC)::10m + 13b,6,0,0,low_resolution,training_n<8;nearest_centroid_corr>=0.95;fold_local_merged_confusion_group,12o | 13a | 13l | 13m | 14c | 25 | 32,low_resolution,24c,36,13,xz,hybrid_projected_network_logcpm_exact
top3_network_beam_local_region_candidates,xz-L-9m-8-12_BRRL200004975-1A,9m,Lateral Prefrontal Cortex,Orbitomedial Prefrontal Cortex (OMPFC) | Cingulate gyrus | Lateral Prefrontal Cortex,0,1,12o,11l,11m,5,0,0,Lateral Prefrontal Cortex::8Bd + 8Bm + 8Bs + 9m,Orbitomedial Prefrontal Cortex (OMPFC)::12o + 13a + 13l + 13m + 14c + 25 + 32,Orbitomedial Prefrontal Cortex (OMPFC)::11l + 11m + 12m,Lateral Prefrontal Cortex::8Bd + 8Bm + 8Bs + 9m,3,0,1,low_resolution,training_n<8;nearest_centroid_corr>=0.95;fold_local_merged_confusion_group,12o | 13a | 13l | 13m | 14c | 25 | 32,low_resolution,8Bd | 8Bm | 8Bs | 9m,36,13,xz,hybrid_projected_network_logcpm_exact
top3_network_beam_local_region_candidates,xz-L-9d-8-12_BRRL200004976-1A,9d,Lateral Prefrontal Cortex,Orbitomedial Prefrontal Cortex (OMPFC) | Cingulate gyrus | Lateral Prefrontal Cortex,0,1,9m,11l,9d,3,0,1,9d,Lateral Prefrontal Cortex::8Bd + 8Bm + 8Bs + 9m,Orbitomedial Prefrontal Cortex (OMPFC)::11l + 11m + 12m,9d,3,0,1,low_resolution,training_n<8;nearest_centroid_corr>=0.95;fold_local_merged_confusion_group,8Bd | 8Bm | 8Bs | 9m,low_resolution,9d,36,13,xz,hybrid_projected_network_logcpm_exact
top3_network_beam_local_region_candidates,xz-L-46d-8-12_BRRL200004977-1A,46d,Lateral Prefrontal Cortex,"Orbitomedial Prefrontal Cortex (OMPFC) | Parietal, and Parieto-occipital region | Lateral Prefrontal Cortex",0,1,46v,46d,12m,2,0,1,Lateral Prefrontal Cortex::10o + 12r + 44 + 45 + 46d + 46v + 8A + 8Bs,Lateral Prefrontal Cortex::10o + 12r + 44 + 45 + 46d + 46v + 8A + 8Bs,Orbitomedial Prefrontal Cortex (OMPFC)::10m + 11l + 11m + 12m + 13b + 14r + 32,Orbitomedial Prefrontal Cortex (OMPFC)::13l + 13m,1,1,1,low_resolution,training_n<8;nearest_centroid_corr>=0.95;fold_local_merged_confusion_group,10o | 12r | 44 | 45 | 46d | 46v | 8A | 8Bs,low_resolution,10o | 12r | 44 | 45 | 46d | 46v | 8A | 8Bs,36,10,xz,hybrid_projected_network_logcpm_exact
top3_network_beam_local_region_candidates,xz-L-46v-8-12_BRRL200004978-1A,46v,Lateral Prefrontal Cortex,"Temporal | Orbitomedial Prefrontal Cortex (OMPFC) | Parietal, and Parieto-occipital region",0,0,12m,11l,PGa,111,0,0,outside_network_beam,Orbitomedial Prefrontal Cortex (OMPFC)::11l + 11m + 12m,Temporal::A1 + CL + CM + IPa + ML + PGa + Tpt,"Parietal, and Parieto-occipital region::1-2 + 5 + 7a + 7b + 7m + 7op + LIPv + VIP",111,0,0,low_resolution,training_n<8;nearest_centroid_corr>=0.95;fold_local_merged_confusion_group,11l | 11m | 12m,outside_network_beam,,50,19,xz,hybrid_projected_network_logcpm_exact
top3_network_beam_local_region_candidates,xz-L-12r-8-12_BRRL200004979-1A,12r,Lateral Prefrontal Cortex,"Parietal, and Parieto-occipital region | Temporal | Orbitomedial Prefrontal Cortex (OMPFC)",0,0,7a,PGa,7op,111,0,0,outside_network_beam,"Parietal, and Parieto-occipital region::1-2 + 5 + 7a + 7b + 7m + 7op + LIPv + VIP",Temporal::A1 + CL + CM + IPa + ML + PGa + Tpt,Orbitomedial Prefrontal Cortex (OMPFC)::11l + 11m + 12m,111,0,0,low_resolution,nearest_centroid_corr>=0.95;fold_local_merged_confusion_group,1-2 | 5 | 7a | 7b | 7m | 7op | LIPv | VIP,outside_network_beam,,50,19,xz,hybrid_projected_network_logcpm_exact
top3_network_beam_local_region_candidates,xz-L-12m-8-12_BRRL200004980-1A,12m,Orbitomedial Prefrontal Cortex (OMPFC),"Parietal, and Parieto-occipital region | Temporal | Orbitomedial Prefrontal Cortex (OMPFC)",0,1,PGa,7a,7op,7,0,0,Orbitomedial Prefrontal Cortex (OMPFC)::11l + 11m + 12m,Temporal::A1 + CL + CM + IPa + ML + PGa + Tpt,"Parietal, and Parieto-occipital region::1-2 + 5 + 7a + 7b + 7m + 7op + LIPv + VIP",TEa,4,0,0,low_resolution,training_n<8;nearest_centroid_corr>=0.95;fold_local_merged_confusion_group,A1 | CL | CM | IPa | ML | PGa | Tpt,low_resolution,11l | 11m | 12m,50,19,xz,hybrid_projected_network_logcpm_exact
top3_network_beam_local_region_candidates,xz-L-13b-8-12_BRRL200004981-1A,13b,Orbitomedial Prefrontal Cortex (OMPFC),Orbitomedial Prefrontal Cortex (OMPFC) | Temporal | Operculum/Insula,1,1,11m,13b,12o,2,0,1,Orbitomedial Prefrontal Cortex (OMPFC)::10m + 13b + 14r,11m,Orbitomedial Prefrontal Cortex (OMPFC)::10m + 13b + 14r,Orbitomedial Prefrontal Cortex (OMPFC)::11l + 12m + 12o + 13l + 13m + 32,2,0,1,low_resolution,training_n<8;nearest_centroid_corr>=0.95,11m,low_resolution,10m | 13b | 14r,51,21,xz,hybrid_projected_network_logcpm_exact
top3_network_beam_local_region_candidates,xz-L-14r-8-12_BRRL200004982-1A,14r,Orbitomedial Prefrontal Cortex (OMPFC),Orbitomedial Prefrontal Cortex (OMPFC) | Temporal | Operculum/Insula,1,1,14r,14c,11m,1,1,1,Orbitomedial Prefrontal Cortex (OMPFC)::10m + 13b + 14r,Orbitomedial Prefrontal Cortex (OMPFC)::10m + 13b + 14r,Orbitomedial Prefrontal Cortex (OMPFC)::13a + 14c + 25,11m,1,1,1,low_resolution,nearest_centroid_corr>=0.95;fold_local_merged_confusion_group,10m | 13b | 14r,low_resolution,10m | 13b | 14r,51,21,xz,hybrid_projected_network_logcpm_exact
top3_network_beam_local_region_candidates,xz-L-32-8-12_BRRL200004983-1A,32,Orbitomedial Prefrontal Cortex (OMPFC),Orbitomedial Prefrontal Cortex (OMPFC) | Cingulate gyrus | Operculum/Insula,1,1,24c,32,24b,2,0,1,Orbitomedial Prefrontal Cortex (OMPFC)::10m + 11m + 13a + 13b + 14c + 25 + 32,Cingulate gyrus::23b + 23c + 24c + 24c',Orbitomedial Prefrontal Cortex (OMPFC)::10m + 11m + 13a + 13b + 14c + 25 + 32,24b,2,0,1,low_resolution,nearest_centroid_corr>=0.95;fold_local_merged_confusion_group,23b | 23c | 24c | 24c',low_resolution,10m | 11m | 13a | 13b | 14c | 25 | 32,34,13,xz,hybrid_projected_network_logcpm_exact
top3_network_beam_local_region_candidates,xz-L-24c-8-12_BRRL200004984-1A,24c,Cingulate gyrus,Orbitomedial Prefrontal Cortex (OMPFC) | Cingulate gyrus | Operculum/Insula,0,1,24c,32,24b,1,1,1,Cingulate gyrus::23b + 23c + 24c + 24c',Cingulate gyrus::23b + 23c + 24c + 24c',Orbitomedial Prefrontal Cortex (OMPFC)::10m + 11m + 13a + 13b + 14c + 25 + 32,24b,1,1,1,low_resolution,nearest_centroid_corr>=0.95;fold_local_merged_confusion_group,23b | 23c | 24c | 24c',low_resolution,23b | 23c | 24c | 24c',34,13,xz,hybrid_projected_network_logcpm_exact
top3_network_beam_local_region_candidates,xz-L-F4-8-17_BRRL200006266-1A,F4,Frontal (agranular frontal motor areas),"Temporal | Parietal, and Parieto-occipital region | Occipital/Temporal",0,0,TEa,LIPd,PGa,111,0,0,outside_network_beam,TEa,"Parietal, and Parieto-occipital region::1-2 + 7a + 7b + 7op + LIPd",Temporal::IPa + PGa,111,0,0,low_resolution,training_n<8;nearest_centroid_corr>=0.95,TEa,outside_network_beam,,46,18,xz,hybrid_projected_network_logcpm_exact
top3_network_beam_local_region_candidates,xz-L-G-8-17_BRRL200006267-1A,G,Operculum/Insula,Temporal | Operculum/Insula | Orbitomedial Prefrontal Cortex (OMPFC),0,1,PrCO,TEav,STG,4,0,0,Operculum/Insula::G + Ig + Ri + SII,PrCO,Temporal::A1 + CL + CM + ML + TEav + TEpv + TPO + Tpt,Temporal::RTL + STG,4,0,0,low_resolution,training_n<8;nearest_centroid_corr>=0.95,PrCO,low_resolution,G | Ig | Ri | SII,51,21,xz,hybrid_projected_network_logcpm_exact
top3_network_beam_local_region_candidates,xz-L-Iapl-8-17_BRRL200006268-1A,Iapl,Operculum/Insula,Orbitomedial Prefrontal Cortex (OMPFC) | Operculum/Insula | Temporal,0,1,Iapl,Pi,Ial,1,1,1,Operculum/Insula::Ia + Ial + Iapl + Iapm + Id + Pi,Operculum/Insula::Ia + Ial + Iapl + Iapm + Id + Pi,Temporal::RT + RTM,PrCO,1,1,1,low_resolution,training_n<8;nearest_centroid_corr>=0.95;fold_local_merged_confusion_group,Ia | Ial | Iapl | Iapm | Id | Pi,low_resolution,Ia | Ial | Iapl | Iapm | Id | Pi,51,21,xz,hybrid_projected_network_logcpm_exact
top3_network_beam_local_region_candidates,xz-L-Iapm-8-17_BRRL200006269-1A,Iapm,Operculum/Insula,Operculum/Insula | Orbitomedial Prefrontal Cortex (OMPFC) | Temporal,1,1,Iapm,Ial,Pi,1,1,1,Operculum/Insula::Ia + Ial + Iapl + Iapm + Id + Pi,Operculum/Insula::Ia + Ial + Iapl + Iapm + Id + Pi,Orbitomedial Prefrontal Cortex (OMPFC)::13a + 14c + 25,Temporal::RT + RTM,1,1,1,low_resolution,training_n<8;nearest_centroid_corr>=0.95;fold_local_merged_confusion_group,Ia | Ial | Iapl | Iapm | Id | Pi,low_resolution,Ia | Ial | Iapl | Iapm | Id | Pi,51,21,xz,hybrid_projected_network_logcpm_exact
top3_network_beam_local_region_candidates,xz-R-F6-8-20_BRRL200006279-1A,F6,Frontal (agranular frontal motor areas),"Lateral Prefrontal Cortex | Frontal (agranular frontal motor areas) | Parietal, and Parieto-occipital region",0,1,F5,9d,8Bd,4,0,0,F6,Frontal (agranular frontal motor areas)::F1 + F2 + F5,Lateral Prefrontal Cortex::12l + 8Bd + 8Bm + 9d + 9m,F6,3,0,1,low_resolution,training_n<8;nearest_centroid_corr>=0.95;fold_local_merged_confusion_group,F1 | F2 | F5,low_resolution,F6,30,11,xz,hybrid_projected_network_logcpm_exact
top3_network_beam_local_region_candidates,xz-R-F7-8-20_BRRL200006280-1A,F7,Frontal (agranular frontal motor areas),"Parietal, and Parieto-occipital region | Lateral Prefrontal Cortex | Frontal (agranular frontal motor areas)",0,1,F7,F4,F2,1,1,1,Frontal (agranular frontal motor areas)::F3 + F7,Frontal (agranular frontal motor areas)::F3 + F7,F4,Frontal (agranular frontal motor areas)::F1 + F2 + F5,1,1,1,low_resolution,training_n<8;nearest_centroid_corr>=0.95;fold_local_merged_confusion_group,F3 | F7,low_resolution,F3 | F7,30,11,xz,hybrid_projected_network_logcpm_exact
top3_network_beam_local_region_candidates,xz-R-8Bd-8-20_BRRL200006281-1A,8Bd,Lateral Prefrontal Cortex,"Parietal, and Parieto-occipital region | Lateral Prefrontal Cortex | Temporal",0,1,LIPd,8Bs,8A,11,0,0,Lateral Prefrontal Cortex::8Bd + 8Bm,LIPd,Lateral Prefrontal Cortex::8A + 8Bs,"Parietal, and Parieto-occipital region::1-2 + 5 + 7a + 7b + 7op + LIPv + VIP",9,0,0,low_resolution,nearest_centroid_corr>=0.95,LIPd,low_resolution,8Bd | 8Bm,50,23,xz,hybrid_projected_network_logcpm_exact
top3_network_beam_local_region_candidates,xz-R-8Bs-8-20_BRRL200006282-1A,8Bs,Lateral Prefrontal Cortex,"Parietal, and Parieto-occipital region | Lateral Prefrontal Cortex | Orbitomedial Prefrontal Cortex (OMPFC)",0,1,8A,46d,45,9,0,0,Lateral Prefrontal Cortex::10o + 12r + 44 + 45 + 46d + 46v + 8A + 8Bs,Lateral Prefrontal Cortex::10o + 12r + 44 + 45 + 46d + 46v + 8A + 8Bs,"Parietal, and Parieto-occipital region::7a + 7b + 7op",Lateral Prefrontal Cortex::12l + 8Bd + 8Bm + 9d + 9m,1,1,1,low_resolution,training_n<8;nearest_centroid_corr>=0.95;fold_local_merged_confusion_group,10o | 12r | 44 | 45 | 46d | 46v | 8A | 8Bs,low_resolution,10o | 12r | 44 | 45 | 46d | 46v | 8A | 8Bs,36,10,xz,hybrid_projected_network_logcpm_exact
top3_network_beam_local_region_candidates,xz-R-8A-8-20_BRRL200006283-1A,8A,Lateral Prefrontal Cortex,"Parietal, and Parieto-occipital region | Lateral Prefrontal Cortex | Orbitomedial Prefrontal Cortex (OMPFC)",0,1,46d,46v,7a,11,0,0,Lateral Prefrontal Cortex::10o + 12r + 44 + 45 + 46d + 46v + 8A + 8Bs,Lateral Prefrontal Cortex::10o + 12r + 44 + 45 + 46d + 46v + 8A + 8Bs,"Parietal, and Parieto-occipital region::7a + 7b + 7op",Orbitomedial Prefrontal Cortex (OMPFC)::10m + 11l + 11m + 12m + 13b + 14r + 32,1,1,1,low_resolution,nearest_centroid_corr>=0.95;fold_local_merged_confusion_group,10o | 12r | 44 | 45 | 46d | 46v | 8A | 8Bs,low_resolution,10o | 12r | 44 | 45 | 46d | 46v | 8A | 8Bs,36,10,xz,hybrid_projected_network_logcpm_exact
top3_network_beam_local_region_candidates,xz-R-46d-8-20_BRRL200006284-1A,46d,Lateral Prefrontal Cortex,"Parietal, and Parieto-occipital region | Lateral Prefrontal Cortex | Temporal",0,1,46d,7a,9d,1,1,1,Lateral Prefrontal Cortex::10o + 12l + 12r + 44 + 45 + 46d + 46v + 9m,Lateral Prefrontal Cortex::10o + 12l + 12r + 44 + 45 + 46d + 46v + 9m,"Parietal, and Parieto-occipital region::1-2 + 5 + 7a + 7b + 7op + LIPv + VIP",9d,1,1,1,low_resolution,nearest_centroid_corr>=0.95;fold_local_merged_confusion_group,10o | 12l | 12r | 44 | 45 | 46d | 46v | 9m,low_resolution,10o | 12l | 12r | 44 | 45 | 46d | 46v | 9m,50,23,xz,hybrid_projected_network_logcpm_exact
top3_network_beam_local_region_candidates,xz-R-46v-8-20_BRRL200006285-1A,46v,Lateral Prefrontal Cortex,"Parietal, and Parieto-occipital region | Temporal | Lateral Prefrontal Cortex",0,1,46d,7a,8A,21,0,0,Lateral Prefrontal Cortex::10o + 12l + 12r + 44 + 45 + 46d + 46v + 9m,Lateral Prefrontal Cortex::10o + 12l + 12r + 44 + 45 + 46d + 46v + 9m,"Parietal, and Parieto-occipital region::1-2 + 5 + 7a + 7b + 7op + LIPv + VIP",Lateral Prefrontal Cortex::8A + 8Bs,1,1,1,low_resolution,nearest_centroid_corr>=0.95;fold_local_merged_confusion_group,10o | 12l | 12r | 44 | 45 | 46d | 46v | 9m,low_resolution,10o | 12l | 12r | 44 | 45 | 46d | 46v | 9m,50,23,xz,hybrid_projected_network_logcpm_exact
top3_network_beam_local_region_candidates,xz-R-45-8-20_BRRL200006286-1A,45,Lateral Prefrontal Cortex,"Parietal, and Parieto-occipital region | Temporal | Lateral Prefrontal Cortex",0,1,TEa,7a,46d,8,0,0,Lateral Prefrontal Cortex::10o + 12l + 12r + 44 + 45 + 46d + 46v + 9m,TEa,"Parietal, and Parieto-occipital region::1-2 + 5 + 7a + 7b + 7op + LIPv + VIP",Lateral Prefrontal Cortex::10o + 12l + 12r + 44 + 45 + 46d + 46v + 9m,3,0,1,low_resolution,training_n<8;nearest_centroid_corr>=0.95,TEa,low_resolution,10o | 12l | 12r | 44 | 45 | 46d | 46v | 9m,50,23,xz,hybrid_projected_network_logcpm_exact
top3_network_beam_local_region_candidates,xz-R-14c-8-20_BRRL200006287-1A,14c,Orbitomedial Prefrontal Cortex (OMPFC),Orbitomedial Prefrontal Cortex (OMPFC) | Temporal | Operculum/Insula,1,1,Iapl,Ial,14c,3,0,1,Orbitomedial Prefrontal Cortex (OMPFC)::13a + 14c + 25,Operculum/Insula::Ia + Ial + Iapl + Iapm + Id + Pi,Orbitomedial Prefrontal Cortex (OMPFC)::13a + 14c + 25,Orbitomedial Prefrontal Cortex (OMPFC)::11l + 12m + 12o + 13l + 13m + 32,2,0,1,low_resolution,training_n<8;nearest_centroid_corr>=0.95;fold_local_merged_confusion_group,Ia | Ial | Iapl | Iapm | Id | Pi,low_resolution,13a | 14c | 25,51,21,xz,hybrid_projected_network_logcpm_exact
top3_network_beam_local_region_candidates,xz-L-5-8-25_BRRL200007494-1A,5,"Parietal, and Parieto-occipital region","Parietal, and Parieto-occipital region | Temporal | Occipital/Temporal",1,1,TEa,VIP,CL,5,0,0,"Parietal, and Parieto-occipital region::3a/b + 5 + 7m + LIPv + VIP",TEa,"Parietal, and Parieto-occipital region::3a/b + 5 + 7m + LIPv + VIP",Temporal::A1 + CL + CM + ML + TPO + Tpt,2,0,1,low_resolution,training_n<8;nearest_centroid_corr>=0.95,TEa,low_resolution,3a/b | 5 | 7m | LIPv | VIP,46,18,xz,hybrid_projected_network_logcpm_exact
top3_network_beam_local_region_candidates,xz-L-VIP-8-25_BRRL200007847-1A,VIP,"Parietal, and Parieto-occipital region","Parietal, and Parieto-occipital region | Occipital/Temporal | Temporal",1,1,MT,MST,FST,4,0,0,"Parietal, and Parieto-occipital region::3a/b + 5 + 7m + LIPv + VIP",MT,Occipital/Temporal::FST + MST + V3d,"Parietal, and Parieto-occipital region::3a/b + 5 + 7m + LIPv + VIP",3,0,1,low_resolution,training_n<8;nearest_centroid_corr>=0.95,MT,low_resolution,3a/b | 5 | 7m | LIPv | VIP,46,18,xz,hybrid_projected_network_logcpm_exact
top3_network_beam_local_region_candidates,xz-L-LIdv-8-25_BRRL200007541-1A,LIPv,"Parietal, and Parieto-occipital region","Parietal, and Parieto-occipital region | Occipital/Temporal | Temporal",1,1,MT,MST,FST,6,0,0,"Parietal, and Parieto-occipital region::3a/b + 5 + 7m + LIPv + VIP",MT,Occipital/Temporal::FST + MST + V3d,"Parietal, and Parieto-occipital region::3a/b + 5 + 7m + LIPv + VIP",3,0,1,low_resolution,training_n<8;nearest_centroid_corr>=0.95,MT,low_resolution,3a/b | 5 | 7m | LIPv | VIP,46,18,xz,hybrid_projected_network_logcpm_exact
top3_network_beam_local_region_candidates,xz-L-7b-8-25_BRRL200007542-1A,7b,"Parietal, and Parieto-occipital region","Temporal | Parietal, and Parieto-occipital region | Occipital/Temporal",0,1,TEa,LIPd,IPa,9,0,0,"Parietal, and Parieto-occipital region::1-2 + 7a + 7b + 7op + LIPd",TEa,"Parietal, and Parieto-occipital region::1-2 + 7a + 7b + 7op + LIPd",Temporal::IPa + PGa,2,0,1,low_resolution,training_n<8;nearest_centroid_corr>=0.95,TEa,low_resolution,1-2 | 7a | 7b | 7op | LIPd,46,18,xz,hybrid_projected_network_logcpm_exact
top3_network_beam_local_region_candidates,xz-L-7op-8-25_BRRL200007543-1A,7op,"Parietal, and Parieto-occipital region","Temporal | Parietal, and Parieto-occipital region | Occipital/Temporal",0,1,TEa,PGa,7a,5,0,0,"Parietal, and Parieto-occipital region::1-2 + 7a + 7b + 7op + LIPd",TEa,Temporal::IPa + PGa,"Parietal, and Parieto-occipital region::1-2 + 7a + 7b + 7op + LIPd",3,0,1,low_resolution,training_n<8;nearest_centroid_corr>=0.95,TEa,low_resolution,1-2 | 7a | 7b | 7op | LIPd,46,18,xz,hybrid_projected_network_logcpm_exact
top3_network_beam_local_region_candidates,xz-L-CM-8-25_BRRL200007544-1A,CM,Temporal,"Occipital/Temporal | Parietal, and Parieto-occipital region | Temporal",0,1,MT,MST,FST,15,0,0,Temporal::A1 + CL + CM + ML + TPO + Tpt,MT,Occipital/Temporal::FST + MST + V3d,Temporal::A1 + CL + CM + ML + TPO + Tpt,3,0,1,low_resolution,training_n<8;nearest_centroid_corr>=0.95,MT,low_resolution,A1 | CL | CM | ML | TPO | Tpt,46,18,xz,hybrid_projected_network_logcpm_exact
top3_network_beam_local_region_candidates,xz-L-AI-8-25_BRRL200007545-1A,A1,Temporal,"Occipital/Temporal | Parietal, and Parieto-occipital region | Temporal",0,1,MT,MST,FST,4,0,0,Temporal::A1 + CL + CM + ML + TPO + Tpt,MT,Occipital/Temporal::FST + MST + V3d,Temporal::A1 + CL + CM + ML + TPO + Tpt,3,0,1,low_resolution,training_n<8;nearest_centroid_corr>=0.95,MT,low_resolution,A1 | CL | CM | ML | TPO | Tpt,46,18,xz,hybrid_projected_network_logcpm_exact
top3_network_beam_local_region_candidates,xz-L-CL-8-25_BRRL200007546-1A,CL,Temporal,"Occipital/Temporal | Parietal, and Parieto-occipital region | Temporal",0,1,MT,MST,FST,8,0,0,Temporal::A1 + CL + CM + ML + TPO + Tpt,MT,Occipital/Temporal::FST + MST + V3d,Temporal::A1 + CL + CM + ML + TPO + Tpt,3,0,1,low_resolution,training_n<8;nearest_centroid_corr>=0.95,MT,low_resolution,A1 | CL | CM | ML | TPO | Tpt,46,18,xz,hybrid_projected_network_logcpm_exact
top3_network_beam_local_region_candidates,xz-L-TEa-8-25_BRRL200007547-1A,TEa,Temporal,"Occipital/Temporal | Parietal, and Parieto-occipital region | Temporal",0,1,MT,MST,FST,10,0,0,TEa,MT,Occipital/Temporal::FST + MST + V3d,"Parietal, and Parieto-occipital region::3a/b + 5 + 7m + LIPv + VIP",6,0,0,low_resolution,training_n<8;nearest_centroid_corr>=0.95,MT,low_resolution,TEa,46,18,xz,hybrid_projected_network_logcpm_exact
top3_network_beam_local_region_candidates,xz-L-TEo-8-25_BRRL200007548-1A,TEO,Temporal,"Occipital/Temporal | Parietal, and Parieto-occipital region | Temporal",0,1,MT,MST,FST,17,0,0,Temporal::TEO + TEpd,MT,Occipital/Temporal::FST + MST + V3d,"Parietal, and Parieto-occipital region::3a/b + 5 + 7m + LIPv + VIP",9,0,0,low_resolution,training_n<8;nearest_centroid_corr>=0.95,MT,low_resolution,TEO | TEpd,46,18,xz,hybrid_projected_network_logcpm_exact
top3_network_beam_local_region_candidates,xz-L-TEpv-8-25_BRRL200007549-1A,TEpv,Temporal,"Temporal | Occipital/Temporal | Parietal, and Parieto-occipital region",1,1,TEad,PGa,TEav,6,0,0,TEpv,Temporal::TEad + TEav + TG,Temporal::IPa + PGa,TEm,5,0,0,low_resolution,training_n<8;nearest_centroid_corr>=0.95;fold_local_merged_confusion_group,TEad | TEav | TG,low_resolution,TEpv,46,18,xz,hybrid_projected_network_logcpm_exact
top3_network_beam_local_region_candidates,xz-L-TFO-8-25_BRRL200007550-1A,TFO,Temporal,Temporal | Operculum/Insula | Orbitomedial Prefrontal Cortex (OMPFC),1,1,TG,TEav,Pi,13,0,0,TFO,TG,Temporal::A1 + CL + CM + ML + TEav + TEpv + TPO + Tpt,Operculum/Insula::Ia + Ial + Iapl + Iapm + Id + Pi,10,0,0,low_resolution,training_n<8;nearest_centroid_corr>=0.95,TG,low_resolution,TFO,51,21,xz,hybrid_projected_network_logcpm_exact
top3_network_beam_local_region_candidates,xz-R-Pi-8-26_BRRL200007553-1A,Pi,Operculum/Insula,Operculum/Insula | Orbitomedial Prefrontal Cortex (OMPFC) | Temporal,1,1,Ial,Iapm,Pi,3,0,1,Operculum/Insula::Ia + Ial + Iapl + Iapm + Id + Pi,Operculum/Insula::Ia + Ial + Iapl + Iapm + Id + Pi,TG,Temporal::RT + RTM,1,1,1,low_resolution,training_n<8;nearest_centroid_corr>=0.95;fold_local_merged_confusion_group,Ia | Ial | Iapl | Iapm | Id | Pi,low_resolution,Ia | Ial | Iapl | Iapm | Id | Pi,51,21,xz,hybrid_projected_network_logcpm_exact
top3_network_beam_local_region_candidates,xz-R-AL-8-26_BRRL200007554-1A,AL,Temporal,"Temporal | Parietal, and Parieto-occipital region | Operculum/Insula",1,1,TEad,G,TAa,14,0,0,Temporal::AL + R + RM,Temporal::RT + RTL + RTM + STG + TEad + TEav,Operculum/Insula::G + Ig + Ri + SII,TAa,6,0,0,low_resolution,training_n<8;nearest_centroid_corr>=0.95;fold_local_merged_confusion_group,RT | RTL | RTM | STG | TEad | TEav,low_resolution,AL | R | RM,48,15,xz,hybrid_projected_network_logcpm_exact
top3_network_beam_local_region_candidates,xz-R-STGr-8-26_BRRL200007555-1A,STG,Temporal,Temporal | Operculum/Insula | Orbitomedial Prefrontal Cortex (OMPFC),1,1,TEav,PrCO,STG,3,0,1,Temporal::RTL + STG,Temporal::A1 + CL + CM + ML + TEav + TEpv + TPO + Tpt,PrCO,Temporal::RTL + STG,3,0,1,low_resolution,nearest_centroid_corr>=0.95;fold_local_merged_confusion_group,A1 | CL | CM | ML | TEav | TEpv | TPO | Tpt,low_resolution,RTL | STG,51,21,xz,hybrid_projected_network_logcpm_exact
top3_network_beam_local_region_candidates,xz-R-TEad-8-26_BRRL200007556-1A,TEad,Temporal,"Temporal | Operculum/Insula | Parietal, and Parieto-occipital region",1,1,TEav,TEad,STG,2,0,1,Temporal::RT + RTL + RTM + STG + TEad + TEav,Temporal::RT + RTL + RTM + STG + TEad + TEav,TAa,PrCO,1,1,1,low_resolution,nearest_centroid_corr>=0.95;fold_local_merged_confusion_group,RT | RTL | RTM | STG | TEad | TEav,low_resolution,RT | RTL | RTM | STG | TEad | TEav,48,15,xz,hybrid_projected_network_logcpm_exact
top3_network_beam_local_region_candidates,xz-L-F6-9-1_BRRL200008306-1A,F6,Frontal (agranular frontal motor areas),"Lateral Prefrontal Cortex | Parietal, and Parieto-occipital region | Frontal (agranular frontal motor areas)",0,1,F7,F4,8A,10,0,0,F6,Frontal (agranular frontal motor areas)::F3 + F7,F4,8A,7,0,0,low_resolution,training_n<8;nearest_centroid_corr>=0.95;fold_local_merged_confusion_group,F3 | F7,low_resolution,F6,30,11,xz,hybrid_projected_network_logcpm_exact
top3_network_beam_local_region_candidates,xz-L-F7-9-1_BRRL200008307-1A,F7,Frontal (agranular frontal motor areas),"Parietal, and Parieto-occipital region | Lateral Prefrontal Cortex | Orbitomedial Prefrontal Cortex (OMPFC)",0,0,8A,45,9d,111,0,0,outside_network_beam,Lateral Prefrontal Cortex::10o + 12r + 44 + 45 + 46d + 46v + 8A + 8Bs,Lateral Prefrontal Cortex::12l + 8Bd + 8Bm + 9d + 9m,"Parietal, and Parieto-occipital region::7a + 7b + 7op",111,0,0,low_resolution,training_n<8;nearest_centroid_corr>=0.95;fold_local_merged_confusion_group,10o | 12r | 44 | 45 | 46d | 46v | 8A | 8Bs,outside_network_beam,,36,10,xz,hybrid_projected_network_logcpm_exact
top3_network_beam_local_region_candidates,xz-L-8Bd-9-1_BRRL200008308-1A,8Bd,Lateral Prefrontal Cortex,"Parietal, and Parieto-occipital region | Lateral Prefrontal Cortex | Frontal (agranular frontal motor areas)",0,1,F4,F7,F2,8,0,0,Lateral Prefrontal Cortex::12l + 8Bd + 8Bm + 9d + 9m,F4,Frontal (agranular frontal motor areas)::F3 + F7,Frontal (agranular frontal motor areas)::F1 + F2 + F5,6,0,0,low_resolution,training_n<8;nearest_centroid_corr>=0.95,F4,low_resolution,12l | 8Bd | 8Bm | 9d | 9m,30,11,xz,hybrid_projected_network_logcpm_exact
top3_network_beam_local_region_candidates,xz-L-8Bs-9-1_BRRL200008309-1A,8Bs,Lateral Prefrontal Cortex,"Parietal, and Parieto-occipital region | Lateral Prefrontal Cortex | Orbitomedial Prefrontal Cortex (OMPFC)",0,1,46d,8A,45,10,0,0,Lateral Prefrontal Cortex::10o + 12r + 44 + 45 + 46d + 46v + 8A + 8Bs,Lateral Prefrontal Cortex::10o + 12r + 44 + 45 + 46d + 46v + 8A + 8Bs,"Parietal, and Parieto-occipital region::7a + 7b + 7op",Lateral Prefrontal Cortex::12l + 8Bd + 8Bm + 9d + 9m,1,1,1,low_resolution,nearest_centroid_corr>=0.95;fold_local_merged_confusion_group,10o | 12r | 44 | 45 | 46d | 46v | 8A | 8Bs,low_resolution,10o | 12r | 44 | 45 | 46d | 46v | 8A | 8Bs,36,10,xz,hybrid_projected_network_logcpm_exact
top3_network_beam_local_region_candidates,xz-L-8A-9-1_BRRL200008310-1A,8A,Lateral Prefrontal Cortex,"Parietal, and Parieto-occipital region | Lateral Prefrontal Cortex | Temporal",0,1,LIPd,5,VIP,4,0,0,Lateral Prefrontal Cortex::8A + 8Bs,LIPd,"Parietal, and Parieto-occipital region::1-2 + 5 + 7a + 7b + 7op + LIPv + VIP",Lateral Prefrontal Cortex::8A + 8Bs,3,0,1,low_resolution,nearest_centroid_corr>=0.95,LIPd,low_resolution,8A | 8Bs,50,23,xz,hybrid_projected_network_logcpm_exact
top3_network_beam_local_region_candidates,xz-L-45-9-1_BRRL200008311-1A,45,Lateral Prefrontal Cortex,"Parietal, and Parieto-occipital region | Lateral Prefrontal Cortex | Temporal",0,1,8A,8Bs,7op,4,0,0,Lateral Prefrontal Cortex::10o + 12l + 12r + 44 + 45 + 46d + 46v + 9m,Lateral Prefrontal Cortex::8A + 8Bs,"Parietal, and Parieto-occipital region::1-2 + 5 + 7a + 7b + 7op + LIPv + VIP",Lateral Prefrontal Cortex::10o + 12l + 12r + 44 + 45 + 46d + 46v + 9m,3,0,1,low_resolution,training_n<8;nearest_centroid_corr>=0.95;fold_local_merged_confusion_group,8A | 8Bs,low_resolution,10o | 12l | 12r | 44 | 45 | 46d | 46v | 9m,50,23,xz,hybrid_projected_network_logcpm_exact
top3_network_beam_local_region_candidates,xz-L-12o-9-1_BRRL200008312-1A,12o,Orbitomedial Prefrontal Cortex (OMPFC),Orbitomedial Prefrontal Cortex (OMPFC) | Operculum/Insula | Temporal,1,1,14c,32,12o,3,0,1,Orbitomedial Prefrontal Cortex (OMPFC)::11l + 12m + 12o + 13l + 13m + 32,Orbitomedial Prefrontal Cortex (OMPFC)::13a + 14c + 25,Orbitomedial Prefrontal Cortex (OMPFC)::11l + 12m + 12o + 13l + 13m + 32,Operculum/Insula::Ia + Ial + Iapl + Iapm + Id + Pi,2,0,1,low_resolution,training_n<8;nearest_centroid_corr>=0.95;fold_local_merged_confusion_group,13a | 14c | 25,low_resolution,11l | 12m | 12o | 13l | 13m | 32,51,21,xz,hybrid_projected_network_logcpm_exact
top3_network_beam_local_region_candidates,xz-L-13l-9-1_BRRL200008313-1A,13l,Orbitomedial Prefrontal Cortex (OMPFC),Temporal | Orbitomedial Prefrontal Cortex (OMPFC) | Operculum/Insula,0,1,13l,13m,11l,1,1,1,Orbitomedial Prefrontal Cortex (OMPFC)::11l + 12m + 12o + 13l + 13m + 32,Orbitomedial Prefrontal Cortex (OMPFC)::11l + 12m + 12o + 13l + 13m + 32,PrCO,11m,1,1,1,low_resolution,nearest_centroid_corr>=0.95;fold_local_merged_confusion_group,11l | 12m | 12o | 13l | 13m | 32,low_resolution,11l | 12m | 12o | 13l | 13m | 32,51,21,xz,hybrid_projected_network_logcpm_exact
top3_network_beam_local_region_candidates,xz-L-13m-9-1_BRRL200008314-1A,13m,Orbitomedial Prefrontal Cortex (OMPFC),"Temporal | Orbitomedial Prefrontal Cortex (OMPFC) | Parietal, and Parieto-occipital region",0,1,12m,11l,PGa,5,0,0,Orbitomedial Prefrontal Cortex (OMPFC)::12o + 13l + 13m,Orbitomedial Prefrontal Cortex (OMPFC)::11l + 11m + 12m,Temporal::A1 + CL + CM + IPa + ML + PGa + Tpt,Orbitomedial Prefrontal Cortex (OMPFC)::12o + 13l + 13m,3,0,1,low_resolution,training_n<8;nearest_centroid_corr>=0.95;fold_local_merged_confusion_group,11l | 11m | 12m,low_resolution,12o | 13l | 13m,50,19,xz,hybrid_projected_network_logcpm_exact
top3_network_beam_local_region_candidates,xz-L-14c-9-1_BRRL200008315-1A,14c,Orbitomedial Prefrontal Cortex (OMPFC),Orbitomedial Prefrontal Cortex (OMPFC) | Operculum/Insula | Temporal,1,1,14c,Ial,32,1,1,1,Orbitomedial Prefrontal Cortex (OMPFC)::13a + 14c + 25,Orbitomedial Prefrontal Cortex (OMPFC)::13a + 14c + 25,Operculum/Insula::Ia + Ial + Iapl + Iapm + Id + Pi,Orbitomedial Prefrontal Cortex (OMPFC)::11l + 12m + 12o + 13l + 13m + 32,1,1,1,low_resolution,training_n<8;nearest_centroid_corr>=0.95;fold_local_merged_confusion_group,13a | 14c | 25,low_resolution,13a | 14c | 25,51,21,xz,hybrid_projected_network_logcpm_exact
top3_network_beam_local_region_candidates,xz-R-TEav-9-3_BRRL200008321-1A,TEav,Temporal,"Temporal | Parietal, and Parieto-occipital region | Occipital/Temporal",1,1,PGa,TEad,TEm,7,0,0,Temporal::TEad + TEav + TG,Temporal::IPa + PGa,Temporal::TEad + TEav + TG,TEm,2,0,1,low_resolution,training_n<8;nearest_centroid_corr>=0.95;fold_local_merged_confusion_group,IPa | PGa,low_resolution,TEad | TEav | TG,46,18,xz,hybrid_projected_network_logcpm_exact
top3_network_beam_local_region_candidates,xz-R-24c-9-3_BRRL200008323-1A,24c,Cingulate gyrus,"Temporal | Parietal, and Parieto-occipital region | Orbitomedial Prefrontal Cortex (OMPFC)",0,0,12m,PGa,11l,111,0,0,outside_network_beam,Orbitomedial Prefrontal Cortex (OMPFC)::11l + 11m + 12m,Temporal::A1 + CL + CM + IPa + ML + PGa + Tpt,Orbitomedial Prefrontal Cortex (OMPFC)::12o + 13l + 13m,111,0,0,low_resolution,training_n<8;nearest_centroid_corr>=0.95;fold_local_merged_confusion_group,11l | 11m | 12m,outside_network_beam,,50,19,xz,hybrid_projected_network_logcpm_exact
top3_network_beam_local_region_candidates,20R291,NAcc,Subcortical,Subcortical | Hippocampal formation | Operculum/Insula,1,1,Cla,NAcc,pu,2,0,1,Subcortical::Cd + NAcc + pu,Cla,Subcortical::Cd + NAcc + pu,Amy,2,0,1,low_resolution,training_n<8,Cla,low_resolution,Cd | NAcc | pu,21,12,zs,hybrid_projected_network_logcpm_exact
top3_network_beam_local_region_candidates,20R293,Iapl,Operculum/Insula,Operculum/Insula | Orbitomedial Prefrontal Cortex (OMPFC) | Temporal,1,1,Ig,RM,G,24,0,0,Operculum/Insula::G + Ial + Iapl + Iapm + Id + Ig + Pi + SII,Operculum/Insula::G + Ial + Iapl + Iapm + Id + Ig + Pi + SII,Temporal::RM + RT + RTM,PrCO,1,1,1,low_resolution,nearest_centroid_corr>=0.95;fold_local_merged_confusion_group,G | Ial | Iapl | Iapm | Id | Ig | Pi | SII,low_resolution,G | Ial | Iapl | Iapm | Id | Ig | Pi | SII,51,18,zs,hybrid_projected_network_logcpm_exact
top3_network_beam_local_region_candidates,20R294,Iapm,Operculum/Insula,Operculum/Insula | Orbitomedial Prefrontal Cortex (OMPFC) | Cingulate gyrus,1,1,Ial,Iapl,Iapm,3,0,1,Iapm,Operculum/Insula::G + Ial + Iapl + Id + Ig + Pi + PrCO + SII,Iapm,Ia,2,0,1,low_resolution,training_n<8;nearest_centroid_corr>=0.95;fold_local_merged_confusion_group,G | Ial | Iapl | Id | Ig | Pi | PrCO | SII,low_resolution,Iapm,34,12,zs,hybrid_projected_network_logcpm_exact
top3_network_beam_local_region_candidates,20R300,F4,Frontal (agranular frontal motor areas),"Parietal, and Parieto-occipital region | Lateral Prefrontal Cortex | Temporal",0,0,ML,1-2,7op,111,0,0,outside_network_beam,Temporal::A1 + CL + CM + ML + TPO + Tpt,"Parietal, and Parieto-occipital region::1-2 + 5 + 7a + 7b + 7op + LIPd + LIPv + VIP",Lateral Prefrontal Cortex::44 + 45 + 8A + 8Bd + 8Bs,111,0,0,low_resolution,training_n<8;nearest_centroid_corr>=0.95;fold_local_merged_confusion_group,A1 | CL | CM | ML | TPO | Tpt,outside_network_beam,,50,16,zs,hybrid_projected_network_logcpm_exact
top3_network_beam_local_region_candidates,20R301,G,Operculum/Insula,Operculum/Insula | Orbitomedial Prefrontal Cortex (OMPFC) | Temporal,1,1,Ig,SII,RM,11,0,0,Operculum/Insula::G + Ial + Iapl + Iapm + Id + Ig + Pi + SII,Operculum/Insula::G + Ial + Iapl + Iapm + Id + Ig + Pi + SII,Temporal::RM + RT + RTM,AL,1,1,1,low_resolution,nearest_centroid_corr>=0.95;fold_local_merged_confusion_group,G | Ial | Iapl | Iapm | Id | Ig | Pi | SII,low_resolution,G | Ial | Iapl | Iapm | Id | Ig | Pi | SII,51,18,zs,hybrid_projected_network_logcpm_exact
top3_network_beam_local_region_candidates,20R302,Iapl,Operculum/Insula,Operculum/Insula | Orbitomedial Prefrontal Cortex (OMPFC) | Temporal,1,1,RM,STG,Ig,27,0,0,Operculum/Insula::G + Ial + Iapl + Iapm + Id + Ig + Pi + SII,Temporal::RM + RT + RTM,Temporal::RTL + STG,Operculum/Insula::G + Ial + Iapl + Iapm + Id + Ig + Pi + SII,3,0,1,low_resolution,nearest_centroid_corr>=0.95;fold_local_merged_confusion_group,RM | RT | RTM,low_resolution,G | Ial | Iapl | Iapm | Id | Ig | Pi | SII,51,18,zs,hybrid_projected_network_logcpm_exact
top3_network_beam_local_region_candidates,20R303,Ial,Operculum/Insula,Operculum/Insula | Orbitomedial Prefrontal Cortex (OMPFC) | Cingulate gyrus,1,1,Ial,Pi,32,1,1,1,Operculum/Insula::G + Ial + Iapl + Id + Ig + Pi + PrCO + SII,Operculum/Insula::G + Ial + Iapl + Id + Ig + Pi + PrCO + SII,Orbitomedial Prefrontal Cortex (OMPFC)::10m + 13a + 13b + 14c + 14r + 25 + 32,Orbitomedial Prefrontal Cortex (OMPFC)::11l + 11m + 12m + 12o + 13l + 13m,1,1,1,low_resolution,training_n<8;nearest_centroid_corr>=0.95;fold_local_merged_confusion_group,G | Ial | Iapl | Id | Ig | Pi | PrCO | SII,low_resolution,G | Ial | Iapl | Id | Ig | Pi | PrCO | SII,34,12,zs,hybrid_projected_network_logcpm_exact
top3_network_beam_local_region_candidates,20R304,Iapm,Operculum/Insula,Operculum/Insula | Orbitomedial Prefrontal Cortex (OMPFC) | Cingulate gyrus,1,1,Ial,Iapl,Iapm,3,0,1,Iapm,Operculum/Insula::G + Ial + Iapl + Id + Ig + Pi + PrCO + SII,Iapm,Ia,2,0,1,low_resolution,training_n<8;nearest_centroid_corr>=0.95;fold_local_merged_confusion_group,G | Ial | Iapl | Id | Ig | Pi | PrCO | SII,low_resolution,Iapm,34,12,zs,hybrid_projected_network_logcpm_exact
top3_network_beam_local_region_candidates,20R305,Pir,Subcortical,Operculum/Insula | Orbitomedial Prefrontal Cortex (OMPFC) | Cingulate gyrus,0,0,13l,13m,12o,111,0,0,outside_network_beam,Orbitomedial Prefrontal Cortex (OMPFC)::11l + 11m + 12m + 12o + 13l + 13m,Orbitomedial Prefrontal Cortex (OMPFC)::10m + 13a + 13b + 14c + 14r + 25 + 32,Operculum/Insula::G + Ial + Iapl + Id + Ig + Pi + PrCO + SII,111,0,0,low_resolution,training_n<8;nearest_centroid_corr>=0.95;fold_local_merged_confusion_group,11l | 11m | 12m | 12o | 13l | 13m,outside_network_beam,,34,12,zs,hybrid_projected_network_logcpm_exact
top3_network_beam_local_region_candidates,20R306,NAcc,Subcortical,Subcortical | Hippocampal formation | Operculum/Insula,1,1,NAcc,Cd,pu,1,1,1,Subcortical::Cd + NAcc + pu,Subcortical::Cd + NAcc + pu,Cla,GP,1,1,1,low_resolution,training_n<8;nearest_centroid_corr>=0.95;fold_local_merged_confusion_group,Cd | NAcc | pu,low_resolution,Cd | NAcc | pu,21,12,zs,hybrid_projected_network_logcpm_exact
top3_network_beam_local_region_candidates,20R307,Id,Operculum/Insula,Operculum/Insula | Orbitomedial Prefrontal Cortex (OMPFC) | Temporal,1,1,RT,RTM,RM,5,0,0,Operculum/Insula::G + Ial + Iapl + Iapm + Id + Ig + Pi + SII,Temporal::RM + RT + RTM,PrCO,Operculum/Insula::G + Ial + Iapl + Iapm + Id + Ig + Pi + SII,3,0,1,low_resolution,training_n<8;nearest_centroid_corr>=0.95;fold_local_merged_confusion_group,RM | RT | RTM,low_resolution,G | Ial | Iapl | Iapm | Id | Ig | Pi | SII,51,18,zs,hybrid_projected_network_logcpm_exact
top3_network_beam_local_region_candidates,20R308,RTM,Temporal,Operculum/Insula | Orbitomedial Prefrontal Cortex (OMPFC) | Temporal,0,1,RT,RTM,RM,2,0,1,Temporal::RM + RT + RTM,Temporal::RM + RT + RTM,PrCO,Operculum/Insula::G + Ial + Iapl + Iapm + Id + Ig + Pi + SII,1,1,1,low_resolution,training_n<8;nearest_centroid_corr>=0.95;fold_local_merged_confusion_group,RM | RT | RTM,low_resolution,RM | RT | RTM,51,18,zs,hybrid_projected_network_logcpm_exact
top3_network_beam_local_region_candidates,20R309,LIPd,"Parietal, and Parieto-occipital region","Parietal, and Parieto-occipital region | Lateral Prefrontal Cortex | Occipital/Temporal",1,1,MST,V3d,FST,6,0,0,"Parietal, and Parieto-occipital region::1-2 + 5 + 7a + 7b + 7op + LIPd + LIPv + VIP",Occipital/Temporal::FST + MST + V1 + V2 + V3d + V3v + V4 + V4v,"Parietal, and Parieto-occipital region::1-2 + 5 + 7a + 7b + 7op + LIPd + LIPv + VIP",3a/b,2,0,1,low_resolution,training_n<8;nearest_centroid_corr>=0.95;fold_local_merged_confusion_group,FST | MST | V1 | V2 | V3d | V3v | V4 | V4v,low_resolution,1-2 | 5 | 7a | 7b | 7op | LIPd | LIPv | VIP,32,9,zs,hybrid_projected_network_logcpm_exact
top3_network_beam_local_region_candidates,20R310,7a,"Parietal, and Parieto-occipital region","Parietal, and Parieto-occipital region | Lateral Prefrontal Cortex | Temporal",1,1,7b,7op,Tpt,4,0,0,"Parietal, and Parieto-occipital region::1-2 + 5 + 7a + 7b + 7op + LIPd + LIPv + VIP","Parietal, and Parieto-occipital region::1-2 + 5 + 7a + 7b + 7op + LIPd + LIPv + VIP",Temporal::A1 + CL + CM + ML + TPO + Tpt,Temporal::IPa + PGa + TEO + TEa + TEad + TEav + TEm + TEpd,1,1,1,low_resolution,nearest_centroid_corr>=0.95;fold_local_merged_confusion_group,1-2 | 5 | 7a | 7b | 7op | LIPd | LIPv | VIP,low_resolution,1-2 | 5 | 7a | 7b | 7op | LIPd | LIPv | VIP,50,16,zs,hybrid_projected_network_logcpm_exact
top3_network_beam_local_region_candidates,20R311,Tpt,Temporal,"Parietal, and Parieto-occipital region | Temporal | Lateral Prefrontal Cortex",0,1,7b,7op,1-2,4,0,0,Temporal::A1 + CL + CM + ML + TPO + Tpt,"Parietal, and Parieto-occipital region::1-2 + 5 + 7a + 7b + 7op + LIPd + LIPv + VIP",Temporal::A1 + CL + CM + ML + TPO + Tpt,Temporal::IPa + PGa + TEO + TEa + TEad + TEav + TEm + TEpd,2,0,1,low_resolution,nearest_centroid_corr>=0.95;fold_local_merged_confusion_group,1-2 | 5 | 7a | 7b | 7op | LIPd | LIPv | VIP,low_resolution,A1 | CL | CM | ML | TPO | Tpt,50,16,zs,hybrid_projected_network_logcpm_exact
top3_network_beam_local_region_candidates,20R312,TPO,Temporal,"Parietal, and Parieto-occipital region | Lateral Prefrontal Cortex | Temporal",0,1,ML,7op,CL,18,0,0,Temporal::A1 + CL + CM + ML + TPO + Tpt,Temporal::A1 + CL + CM + ML + TPO + Tpt,"Parietal, and Parieto-occipital region::1-2 + 5 + 7a + 7b + 7op + LIPd + LIPv + VIP",7m,1,1,1,low_resolution,training_n<8;nearest_centroid_corr>=0.95;fold_local_merged_confusion_group,A1 | CL | CM | ML | TPO | Tpt,low_resolution,A1 | CL | CM | ML | TPO | Tpt,50,16,zs,hybrid_projected_network_logcpm_exact
top3_network_beam_local_region_candidates,20R313,MST,Occipital/Temporal,"Parietal, and Parieto-occipital region | Occipital/Temporal | Lateral Prefrontal Cortex",0,1,FST,MST,VIP,2,0,1,Occipital/Temporal::FST + MST + V1 + V2 + V3d + V3v + V4 + V4v,Occipital/Temporal::FST + MST + V1 + V2 + V3d + V3v + V4 + V4v,"Parietal, and Parieto-occipital region::1-2 + 5 + 7a + 7b + 7op + LIPd + LIPv + VIP",MT,1,1,1,low_resolution,training_n<8;nearest_centroid_corr>=0.95;fold_local_merged_confusion_group,FST | MST | V1 | V2 | V3d | V3v | V4 | V4v,low_resolution,FST | MST | V1 | V2 | V3d | V3v | V4 | V4v,32,9,zs,hybrid_projected_network_logcpm_exact
top3_network_beam_local_region_candidates,20R314,FST,Occipital/Temporal,"Parietal, and Parieto-occipital region | Occipital/Temporal | Temporal",0,1,FST,MST,VIP,1,1,1,Occipital/Temporal::FST + MST + V3d,Occipital/Temporal::FST + MST + V3d,"Parietal, and Parieto-occipital region::3a/b + 5 + LIPv + VIP",Temporal::A1 + CL + CM + IPa + ML + TPO + Tpt,1,1,1,low_resolution,training_n<8;nearest_centroid_corr>=0.95;fold_local_merged_confusion_group,FST | MST | V3d,low_resolution,FST | MST | V3d,46,19,zs,hybrid_projected_network_logcpm_exact
top3_network_beam_local_region_candidates,20R315,TEO,Temporal,"Parietal, and Parieto-occipital region | Occipital/Temporal | Temporal",0,1,CL,5,V4,4,0,0,Temporal::TEO + TEad + TEm + TEpd,Temporal::A1 + CL + CM + IPa + ML + TPO + Tpt,"Parietal, and Parieto-occipital region::3a/b + 5 + LIPv + VIP",Occipital/Temporal::V4 + V4v,4,0,0,low_resolution,training_n<8;nearest_centroid_corr>=0.95;fold_local_merged_confusion_group,A1 | CL | CM | IPa | ML | TPO | Tpt,low_resolution,TEO | TEad | TEm | TEpd,46,19,zs,hybrid_projected_network_logcpm_exact
top3_network_beam_local_region_candidates,20R320,8Bm,Lateral Prefrontal Cortex,Frontal (agranular frontal motor areas) | Lateral Prefrontal Cortex | Cingulate gyrus,0,1,44,F3,F7,12,0,0,Lateral Prefrontal Cortex::44 + 45 + 8A + 8Bd + 8Bm + 8Bs + 9d + 9m,Lateral Prefrontal Cortex::44 + 45 + 8A + 8Bd + 8Bm + 8Bs + 9d + 9m,Frontal (agranular frontal motor areas)::F1 + F2 + F3,Frontal (agranular frontal motor areas)::F4 + F7,1,1,1,low_resolution,training_n<8;nearest_centroid_corr>=0.95;fold_local_merged_confusion_group,44 | 45 | 8A | 8Bd | 8Bm | 8Bs | 9d | 9m,low_resolution,44 | 45 | 8A | 8Bd | 8Bm | 8Bs | 9d | 9m,30,12,zs,hybrid_projected_network_logcpm_exact
top3_network_beam_local_region_candidates,20R321,8Bd,Lateral Prefrontal Cortex,Frontal (agranular frontal motor areas) | Lateral Prefrontal Cortex | Cingulate gyrus,0,1,F2,8Bs,F1,8,0,0,Lateral Prefrontal Cortex::44 + 45 + 8A + 8Bd + 8Bm + 8Bs + 9d + 9m,Frontal (agranular frontal motor areas)::F1 + F2 + F3,Lateral Prefrontal Cortex::44 + 45 + 8A + 8Bd + 8Bm + 8Bs + 9d + 9m,Frontal (agranular frontal motor areas)::F4 + F7,2,0,1,low_resolution,nearest_centroid_corr>=0.95;fold_local_merged_confusion_group,F1 | F2 | F3,low_resolution,44 | 45 | 8A | 8Bd | 8Bm | 8Bs | 9d | 9m,30,12,zs,hybrid_projected_network_logcpm_exact
top3_network_beam_local_region_candidates,20R322,32,Orbitomedial Prefrontal Cortex (OMPFC),Cingulate gyrus | Orbitomedial Prefrontal Cortex (OMPFC) | Operculum/Insula,0,1,24b,32,10m,2,0,1,Orbitomedial Prefrontal Cortex (OMPFC)::10m + 13a + 13b + 14c + 14r + 25 + 32,Cingulate gyrus::24b + 24b' + 24c + 24c',Orbitomedial Prefrontal Cortex (OMPFC)::10m + 13a + 13b + 14c + 14r + 25 + 32,Orbitomedial Prefrontal Cortex (OMPFC)::11l + 11m + 12m + 12o + 13l + 13m,2,0,1,low_resolution,training_n<8;nearest_centroid_corr>=0.95;fold_local_merged_confusion_group,24b | 24b' | 24c | 24c',low_resolution,10m | 13a | 13b | 14c | 14r | 25 | 32,34,12,zs,hybrid_projected_network_logcpm_exact
top3_network_beam_local_region_candidates,20R323,12m,Orbitomedial Prefrontal Cortex (OMPFC),"Lateral Prefrontal Cortex | Orbitomedial Prefrontal Cortex (OMPFC) | Parietal, and Parieto-occipital region",0,1,44,45,8A,15,0,0,Orbitomedial Prefrontal Cortex (OMPFC)::11l + 11m + 12m + 13l + 13m,Lateral Prefrontal Cortex::44 + 45 + 8A + 8Bd + 8Bs,Lateral Prefrontal Cortex::10o + 12l + 12r + 46d + 46v + 8Bm + 9d + 9m,"Parietal, and Parieto-occipital region::1-2 + 5 + 7a + 7b + 7op + LIPv + VIP",4,0,0,low_resolution,training_n<8;nearest_centroid_corr>=0.95;fold_local_merged_confusion_group,44 | 45 | 8A | 8Bd | 8Bs,low_resolution,11l | 11m | 12m | 13l | 13m,36,11,zs,hybrid_projected_network_logcpm_exact
top3_network_beam_local_region_candidates,20R324,F4,Frontal (agranular frontal motor areas),"Parietal, and Parieto-occipital region | Temporal | Occipital/Temporal",0,0,ML,CL,CM,111,0,0,outside_network_beam,Temporal::A1 + CL + CM + IPa + ML + TPO + Tpt,"Parietal, and Parieto-occipital region::3a/b + 5 + LIPv + VIP",7m,111,0,0,low_resolution,training_n<8;nearest_centroid_corr>=0.95;fold_local_merged_confusion_group,A1 | CL | CM | IPa | ML | TPO | Tpt,outside_network_beam,,46,19,zs,hybrid_projected_network_logcpm_exact
top3_network_beam_local_region_candidates,20R325,G,Operculum/Insula,"Parietal, and Parieto-occipital region | Temporal | Lateral Prefrontal Cortex",0,0,AL,R,1-2,111,0,0,outside_network_beam,Temporal::AL + R,"Parietal, and Parieto-occipital region::1-2 + 5 + 7a + 7b + 7op + LIPd + LIPv + VIP",Temporal::A1 + CL + CM + ML + TPO + Tpt,111,0,0,low_resolution,nearest_centroid_corr>=0.95;fold_local_merged_confusion_group,AL | R,outside_network_beam,,50,16,zs,hybrid_projected_network_logcpm_exact
top3_network_beam_local_region_candidates,20R326,PrCO,Operculum/Insula,"Parietal, and Parieto-occipital region | Lateral Prefrontal Cortex | Temporal",0,0,1-2,7b,7op,111,0,0,outside_network_beam,"Parietal, and Parieto-occipital region::1-2 + 5 + 7a + 7b + 7op + LIPd + LIPv + VIP",Temporal::A1 + CL + CM + ML + TPO + Tpt,Lateral Prefrontal Cortex::44 + 45 + 8A + 8Bd + 8Bs,111,0,0,low_resolution,nearest_centroid_corr>=0.95;fold_local_merged_confusion_group,1-2 | 5 | 7a | 7b | 7op | LIPd | LIPv | VIP,outside_network_beam,,50,16,zs,hybrid_projected_network_logcpm_exact
top3_network_beam_local_region_candidates,20R327,Iapl,Operculum/Insula,Operculum/Insula | Orbitomedial Prefrontal Cortex (OMPFC) | Temporal,1,1,Ig,RM,G,30,0,0,Operculum/Insula::G + Ial + Iapl + Iapm + Id + Ig + Pi + SII,Operculum/Insula::G + Ial + Iapl + Iapm + Id + Ig + Pi + SII,Temporal::RM + RT + RTM,PrCO,1,1,1,low_resolution,nearest_centroid_corr>=0.95;fold_local_merged_confusion_group,G | Ial | Iapl | Iapm | Id | Ig | Pi | SII,low_resolution,G | Ial | Iapl | Iapm | Id | Ig | Pi | SII,51,18,zs,hybrid_projected_network_logcpm_exact
top3_network_beam_local_region_candidates,20R328,Iapm,Operculum/Insula,Operculum/Insula | Orbitomedial Prefrontal Cortex (OMPFC) | Temporal,1,1,Ia,Iapl,Iapm,3,0,1,Operculum/Insula::G + Ial + Iapl + Iapm + Id + Ig + Pi + SII,Ia,Operculum/Insula::G + Ial + Iapl + Iapm + Id + Ig + Pi + SII,Temporal::RM + RT + RTM,2,0,1,low_resolution,training_n<8;nearest_centroid_corr>=0.95,Ia,low_resolution,G | Ial | Iapl | Iapm | Id | Ig | Pi | SII,51,18,zs,hybrid_projected_network_logcpm_exact
top3_network_beam_local_region_candidates,20R331,8Bd,Lateral Prefrontal Cortex,Cingulate gyrus | Lateral Prefrontal Cortex | Orbitomedial Prefrontal Cortex (OMPFC),0,1,12l,9d,12r,10,0,0,Lateral Prefrontal Cortex::44 + 45 + 8A + 8Bd + 8Bs,Lateral Prefrontal Cortex::10o + 12l + 12r + 46d + 46v,9d,Lateral Prefrontal Cortex::8Bm + 9m,5,0,0,low_resolution,training_n<8;nearest_centroid_corr>=0.95;fold_local_merged_confusion_group,10o | 12l | 12r | 46d | 46v,low_resolution,44 | 45 | 8A | 8Bd | 8Bs,36,13,zs,hybrid_projected_network_logcpm_exact
top3_network_beam_local_region_candidates,20R332,F6,Frontal (agranular frontal motor areas),Lateral Prefrontal Cortex | Cingulate gyrus | Frontal (agranular frontal motor areas),0,1,F6,8Bd,9d,1,1,1,F6,F6,Lateral Prefrontal Cortex::44 + 45 + 8A + 8Bd + 8Bm + 8Bs + 9d + 9m,F5,1,1,1,low_resolution,training_n<8;nearest_centroid_corr>=0.95,F6,low_resolution,F6,30,12,zs,hybrid_projected_network_logcpm_exact
top3_network_beam_local_region_candidates,20R335,13l,Orbitomedial Prefrontal Cortex (OMPFC),"Orbitomedial Prefrontal Cortex (OMPFC) | Lateral Prefrontal Cortex | Parietal, and Parieto-occipital region",1,1,12r,12l,12m,22,0,0,Orbitomedial Prefrontal Cortex (OMPFC)::11l + 11m + 12m + 13l + 13m,Lateral Prefrontal Cortex::10o + 12l + 12r + 46d + 46v + 8Bm + 9d + 9m,Orbitomedial Prefrontal Cortex (OMPFC)::11l + 11m + 12m + 13l + 13m,Lateral Prefrontal Cortex::44 + 45 + 8A + 8Bd + 8Bs,2,0,1,low_resolution,nearest_centroid_corr>=0.95;fold_local_merged_confusion_group,10o | 12l | 12r | 46d | 46v | 8Bm | 9d | 9m,low_resolution,11l | 11m | 12m | 13l | 13m,36,11,zs,hybrid_projected_network_logcpm_exact
top3_network_beam_local_region_candidates,20R336,GP,Subcortical,Subcortical | Hippocampal formation | Operculum/Insula,1,1,NAcc,Cd,pu,5,0,0,GP,Subcortical::Cd + NAcc + pu,Cla,GP,3,0,1,low_resolution,training_n<8;nearest_centroid_corr>=0.95;fold_local_merged_confusion_group,Cd | NAcc | pu,low_resolution,GP,21,12,zs,hybrid_projected_network_logcpm_exact
top3_network_beam_local_region_candidates,20R337,24c',Cingulate gyrus,Cingulate gyrus | Orbitomedial Prefrontal Cortex (OMPFC) | Lateral Prefrontal Cortex,1,1,23b,23c,8Bm,5,0,0,Cingulate gyrus::23b + 23c + 24a' + 24b' + 24c',Cingulate gyrus::23b + 23c + 24a' + 24b' + 24c',Lateral Prefrontal Cortex::8Bm + 9m,9d,1,1,1,low_resolution,training_n<8;nearest_centroid_corr>=0.95;fold_local_merged_confusion_group,23b | 23c | 24a' | 24b' | 24c',low_resolution,23b | 23c | 24a' | 24b' | 24c',36,13,zs,hybrid_projected_network_logcpm_exact
top3_network_beam_local_region_candidates,20R338,RTM,Temporal,Operculum/Insula | Orbitomedial Prefrontal Cortex (OMPFC) | Temporal,0,1,RTM,RT,Id,1,1,1,Temporal::RM + RT + RTM,Temporal::RM + RT + RTM,Operculum/Insula::G + Ial + Iapl + Iapm + Id + Ig + Pi + SII,Ia,1,1,1,low_resolution,training_n<8;nearest_centroid_corr>=0.95;fold_local_merged_confusion_group,RM | RT | RTM,low_resolution,RM | RT | RTM,51,18,zs,hybrid_projected_network_logcpm_exact
top3_network_beam_local_region_candidates,20R340,RTL,Temporal,Temporal | Operculum/Insula | Orbitomedial Prefrontal Cortex (OMPFC),1,1,AL,SII,R,23,0,0,Temporal::RTL + STG,AL,Operculum/Insula::G + Ial + Iapl + Iapm + Id + Ig + Pi + SII,R,6,0,0,low_resolution,nearest_centroid_corr>=0.95,AL,low_resolution,RTL | STG,51,18,zs,hybrid_projected_network_logcpm_exact
top3_network_beam_local_region_candidates,20R341,Pi,Operculum/Insula,Operculum/Insula | Orbitomedial Prefrontal Cortex (OMPFC) | Temporal,1,1,Ia,RTM,Iapl,9,0,0,Operculum/Insula::G + Ial + Iapl + Iapm + Id + Ig + Pi + SII,Ia,Temporal::RM + RT + RTM,Operculum/Insula::G + Ial + Iapl + Iapm + Id + Ig + Pi + SII,3,0,1,low_resolution,training_n<8;nearest_centroid_corr>=0.95,Ia,low_resolution,G | Ial | Iapl | Iapm | Id | Ig | Pi | SII,51,18,zs,hybrid_projected_network_logcpm_exact
top3_network_beam_local_region_candidates,20R342,Ia,Operculum/Insula,Operculum/Insula | Orbitomedial Prefrontal Cortex (OMPFC) | Temporal,1,1,Ia,RTM,Iapl,1,1,1,Ia,Ia,Temporal::RM + RT + RTM,Operculum/Insula::G + Ial + Iapl + Iapm + Id + Ig + Pi + SII,1,1,1,low_resolution,training_n<8;nearest_centroid_corr>=0.95,Ia,low_resolution,Ia,51,18,zs,hybrid_projected_network_logcpm_exact
top3_network_beam_local_region_candidates,20R343,13m,Orbitomedial Prefrontal Cortex (OMPFC),Orbitomedial Prefrontal Cortex (OMPFC) | Lateral Prefrontal Cortex | Operculum/Insula,1,1,12l,9d,11l,10,0,0,Orbitomedial Prefrontal Cortex (OMPFC)::11l + 11m + 12m + 12o + 13l + 13m,Lateral Prefrontal Cortex::10o + 12l + 12r + 46d + 46v + 8Bm + 9m,9d,Orbitomedial Prefrontal Cortex (OMPFC)::11l + 11m + 12m + 12o + 13l + 13m,3,0,1,low_resolution,training_n<8;nearest_centroid_corr>=0.95;fold_local_merged_confusion_group,10o | 12l | 12r | 46d | 46v | 8Bm | 9m,low_resolution,11l | 11m | 12m | 12o | 13l | 13m,37,10,zs,hybrid_projected_network_logcpm_exact
top3_network_beam_local_region_candidates,20R344,13l,Orbitomedial Prefrontal Cortex (OMPFC),Orbitomedial Prefrontal Cortex (OMPFC) | Cingulate gyrus | Lateral Prefrontal Cortex,1,1,13m,13l,11l,2,0,1,Orbitomedial Prefrontal Cortex (OMPFC)::11l + 11m + 12m + 12o + 13b + 13l + 13m + 32,Orbitomedial Prefrontal Cortex (OMPFC)::11l + 11m + 12m + 12o + 13b + 13l + 13m + 32,Lateral Prefrontal Cortex::10o + 12l + 12r + 46d + 46v,10m,1,1,1,low_resolution,training_n<8;nearest_centroid_corr>=0.95;fold_local_merged_confusion_group,11l | 11m | 12m | 12o | 13b | 13l | 13m | 32,low_resolution,11l | 11m | 12m | 12o | 13b | 13l | 13m | 32,36,13,zs,hybrid_projected_network_logcpm_exact
top3_network_beam_local_region_candidates,20R345,14c,Orbitomedial Prefrontal Cortex (OMPFC),Orbitomedial Prefrontal Cortex (OMPFC) | Operculum/Insula | Cingulate gyrus,1,1,13a,13b,14r,5,0,0,Orbitomedial Prefrontal Cortex (OMPFC)::10m + 13a + 13b + 14c + 14r + 25 + 32,Orbitomedial Prefrontal Cortex (OMPFC)::10m + 13a + 13b + 14c + 14r + 25 + 32,Orbitomedial Prefrontal Cortex (OMPFC)::11l + 11m + 12m + 12o + 13l + 13m,Cingulate gyrus::24b + 24b' + 24c + 24c',1,1,1,low_resolution,training_n<8;nearest_centroid_corr>=0.95;fold_local_merged_confusion_group,10m | 13a | 13b | 14c | 14r | 25 | 32,low_resolution,10m | 13a | 13b | 14c | 14r | 25 | 32,34,12,zs,hybrid_projected_network_logcpm_exact
top3_network_beam_local_region_candidates,20R346,GP,Subcortical,Subcortical | Hippocampal formation | Operculum/Insula,1,1,GP,Tha,Cla,1,1,1,GP,GP,Tha,Cla,1,1,1,low_resolution,training_n<8,GP,low_resolution,GP,21,12,zs,hybrid_projected_network_logcpm_exact
top3_network_beam_local_region_candidates,20R347,GP,Subcortical,Subcortical | Hippocampal formation | Operculum/Insula,1,1,GP,Amy,HC,1,1,1,GP,GP,Amy,HC,1,1,1,low_resolution,training_n<8,GP,low_resolution,GP,21,12,zs,hybrid_projected_network_logcpm_exact
