"relative_path","bytes"
".devcontainer/devcontainer.json","1066"
".gitattributes","71"
".gitignore","2062"
".streamlit/config.toml","288"
"app/__init__.py","0"
"app/components/__init__.py","175"
"app/components/layout.py","3199"
"app/components/plot_panels.py","1628"
"app/components/result_cards.py","2125"
"app/database_mode.py","2190"
"app/i18n.py","665"
"app/main.py","3436"
"app/pages/__init__.py","683"
"app/pages/atlas_page.py","52998"
"app/pages/benchmark_page.py","34316"
"app/pages/compare_runs_page.py","7916"
"app/pages/overview_page.py","33149"
"app/pages/sample_manage_page.py","6725"
"app/pages/tracing_page.py","44783"
"app/pages/upload_page.py","18311"
"app/services/__init__.py","36"
"app/services/benchmark_summary.py","18056"
"app/shared.py","8967"
"app/styles/main.css","19254"
"app/ui/__init__.py","98"
"benchmark/__init__.py","0"
"benchmark/label_utils.py","827"
"benchmark/metrics.py","2075"
"benchmark_runner.py","26645"
"bo2023 data/Information of sequenced samples_update_full878_filter819.xlsx","589369"
"bo2023 data/mfas5_819samples_23605genes_vsd4_rmbatch.xls","178873431"
"bo2023 data/mfas5_819samples_28415genes_featurecounts_counts.txt","73868980"
"bo2023_bulk_atlas_buildkit/00_manifest.csv","4284"
"bo2023_bulk_atlas_buildkit/00_manifest.json","7970"
"bo2023_bulk_atlas_buildkit/01_region_level_meta.csv","67889"
"bo2023_bulk_atlas_buildkit/03_monkey_info.csv","194"
"bo2023_bulk_atlas_buildkit/04_expressed_genes_neocortex_plus_subcortical.cleaned_symbols.changes.csv","1164"
"bo2023_bulk_atlas_buildkit/04_expressed_genes_neocortex_plus_subcortical.cleaned_symbols.csv","1352397"
"bo2023_bulk_atlas_buildkit/04_expressed_genes_neocortex_plus_subcortical.cleaned_symbols.summary.json","4032"
"bo2023_bulk_atlas_buildkit/04_expressed_genes_neocortex_plus_subcortical.csv","1329111"
"bo2023_bulk_atlas_buildkit/05_expressed_genes_neocortex_only.csv","1329449"
"bo2023_bulk_atlas_buildkit/06_region_deg_summary.csv","18804"
"bo2023_bulk_atlas_buildkit/07_wgcna_cortical_expressed_genes_and_modules.csv","1060878"
"bo2023_bulk_atlas_buildkit/08_m1_m4_kegg_enrichment.csv","2922"
"bo2023_bulk_atlas_buildkit/09_neurotransmitter_marker_genes.csv","13193"
"bo2023_bulk_atlas_buildkit/10_m1_m4_neurotransmitter_enrichment.csv","1130"
"bo2023_bulk_atlas_buildkit/11_module_view_gene_annotations.csv","56758"
"bo2023_bulk_atlas_buildkit/12_celltype_high_expression_markers.csv","72892"
"bo2023_bulk_atlas_buildkit/13_v1_major_celltype_enrichment.csv","9067"
"bo2023_bulk_atlas_buildkit/14_ctx_han_major_celltype_enrichment.csv","8797"
"bo2023_bulk_atlas_buildkit/15_dlpfc_major_celltype_enrichment.csv","10320"
"bo2023_bulk_atlas_buildkit/16_v1_cell_subtype_enrichment.csv","20991"
"bo2023_bulk_atlas_buildkit/17_ctx_han_cell_subtype_enrichment.csv","11556"
"bo2023_bulk_atlas_buildkit/18_dlpfc_cell_subtype_enrichment.csv","27485"
"bo2023_bulk_atlas_buildkit/19_pls1_explained_variance_by_age.csv","324"
"bo2023_bulk_atlas_buildkit/20_ct_significant_correlated_genes_1284.csv","422856"
"bo2023_bulk_atlas_buildkit/21_ct_related_genes_1005.csv","108438"
"bo2023_bulk_atlas_buildkit/22_ct_related_gene_overlap_with_human.csv","77355"
"bo2023_bulk_atlas_buildkit/23_ct_related_gene_overlap_statistics.csv","102"
"bo2023_bulk_atlas_buildkit/24_ct_genes_v1_celltype_enrichment.csv","3794"
"bo2023_bulk_atlas_buildkit/25_ct_genes_ctx_han_celltype_enrichment.csv","1513"
"bo2023_bulk_atlas_buildkit/26_ct_genes_dlpfc_celltype_enrichment.csv","3899"
"bo2023_bulk_atlas_buildkit/27_ct_genes_go_enrichment.csv","69698"
"bo2023_bulk_atlas_buildkit/28_ct_genes_annotations.csv","147525"
"bo2023_bulk_atlas_buildkit/29_ct_gene_panel_definitions.csv","1416"
"bo2023_bulk_atlas_buildkit/30_ct_gene_panel_individual_genes.csv","149091"
"bo2023_bulk_atlas_buildkit/31_ct_gene_panel_overlap.csv","657"
"bo2023_bulk_atlas_buildkit/32_region_sample_presence_matrix.csv","4591"
"bo2023_bulk_atlas_buildkit/33_region_annotation_joined.csv","75067"
"bo2023_bulk_atlas_buildkit/34_region_qc_summary.csv","16852"
"bo2023_bulk_atlas_buildkit/35_recommended_database_tables.csv","1446"
"bo2023_bulk_atlas_buildkit/README.md","1267"
"braintrace_source_tracing.db","730607616"
"braintrace_tracing_app.py","91"
"core/__init__.py","0"
"core/bo2023_metadata.py","2056"
"core/bo2023_region_tracing.py","35532"
"core/bootstrap.py","854"
"core/gene_utils.py","1459"
"core/methods.py","3339"
"core/model_lock.py","4749"
"core/models.py","2246"
"core/network_tracing.py","10528"
"core/params.py","1955"
"core/production_route.py","2397"
"core/reference_loader.py","7321"
"core/reference_projection.py","11169"
"core/region_resolution.py","6091"
"core/tracing_engine.py","92"
"data/__init__.py","0"
"data/ahba_human_rnaseq/ahba_human_rnaseq_sample_metadata_242.csv","39369"
"data/ahba_human_rnaseq/ahba_human_rnaseq_tpm_gene_symbol_matrix.tsv","95604925"
"data/ahba_human_rnaseq/raw_zips/H0351_2001_rnaseq.zip","23127642"
"data/ahba_human_rnaseq/raw_zips/H0351_2002_rnaseq.zip","23525019"
"data/atlas_registry.py","473"
"data/atlases/sri24/anatomy/sri24/erly.nii","17856352"
"data/atlases/sri24/anatomy/sri24/late.nii","17856352"
"data/atlases/sri24/anatomy/sri24/LICENSE","22148"
"data/atlases/sri24/anatomy/sri24/spgr.nii","17856352"
"data/atlases/sri24/labels/sri24/LICENSE","22148"
"data/atlases/sri24/labels/sri24/lpba40.nii","8928352"
"data/atlases/sri24/labels/sri24/LPBA40-labels.txt","2233"
"data/atlases/sri24/labels/sri24/SRI24-tzo116plus.txt","21624"
"data/atlases/sri24/labels/sri24/suptent.nii","8928352"
"data/atlases/sri24/labels/sri24/tzo116plus.nii","17856352"
"data/atlases/sri24/sri24_anatomy_nifti.zip","6522201"
"data/atlases/sri24/sri24_labels_nifti.zip","399821"
"data/bo2023_buildkit.py","6273"
"data/bo2023_region_matrix.py","8305"
"data/brats_tcga_lgg_training_65/extracted/Pre-operative_TCGA_LGG_NIfTI_and_Segmentations/TCGA_LGG_radiomicFeatures.csv","381697"
"data/brats_tcga_lgg_training_65/extracted/Pre-operative_TCGA_LGG_NIfTI_and_Segmentations/TCGA-CS-4942/TCGA-CS-4942_1997.02.22_flair.nii.gz","2000843"
"data/brats_tcga_lgg_training_65/extracted/Pre-operative_TCGA_LGG_NIfTI_and_Segmentations/TCGA-CS-4942/TCGA-CS-4942_1997.02.22_GlistrBoost.nii.gz","19475"
"data/brats_tcga_lgg_training_65/extracted/Pre-operative_TCGA_LGG_NIfTI_and_Segmentations/TCGA-CS-4942/TCGA-CS-4942_1997.02.22_GlistrBoost_ManuallyCorrected.nii.gz","19322"
"data/brats_tcga_lgg_training_65/extracted/Pre-operative_TCGA_LGG_NIfTI_and_Segmentations/TCGA-CS-4942/TCGA-CS-4942_1997.02.22_t1.nii.gz","1968656"
"data/brats_tcga_lgg_training_65/extracted/Pre-operative_TCGA_LGG_NIfTI_and_Segmentations/TCGA-CS-4942/TCGA-CS-4942_1997.02.22_t1Gd.nii.gz","1951936"
"data/brats_tcga_lgg_training_65/extracted/Pre-operative_TCGA_LGG_NIfTI_and_Segmentations/TCGA-CS-4942/TCGA-CS-4942_1997.02.22_t2.nii.gz","2044754"
"data/brats_tcga_lgg_training_65/extracted/Pre-operative_TCGA_LGG_NIfTI_and_Segmentations/TCGA-CS-4944/TCGA-CS-4944_2001.02.08_flair.nii.gz","2047370"
"data/brats_tcga_lgg_training_65/extracted/Pre-operative_TCGA_LGG_NIfTI_and_Segmentations/TCGA-CS-4944/TCGA-CS-4944_2001.02.08_GlistrBoost.nii.gz","41472"
"data/brats_tcga_lgg_training_65/extracted/Pre-operative_TCGA_LGG_NIfTI_and_Segmentations/TCGA-CS-4944/TCGA-CS-4944_2001.02.08_GlistrBoost_ManuallyCorrected.nii.gz","36097"
"data/brats_tcga_lgg_training_65/extracted/Pre-operative_TCGA_LGG_NIfTI_and_Segmentations/TCGA-CS-4944/TCGA-CS-4944_2001.02.08_t1.nii.gz","1933178"
"data/brats_tcga_lgg_training_65/extracted/Pre-operative_TCGA_LGG_NIfTI_and_Segmentations/TCGA-CS-4944/TCGA-CS-4944_2001.02.08_t1Gd.nii.gz","1665880"
"data/brats_tcga_lgg_training_65/extracted/Pre-operative_TCGA_LGG_NIfTI_and_Segmentations/TCGA-CS-4944/TCGA-CS-4944_2001.02.08_t2.nii.gz","1877125"
"data/brats_tcga_lgg_training_65/extracted/Pre-operative_TCGA_LGG_NIfTI_and_Segmentations/TCGA-CS-5393/TCGA-CS-5393_1999.06.06_flair.nii.gz","2101683"
"data/brats_tcga_lgg_training_65/extracted/Pre-operative_TCGA_LGG_NIfTI_and_Segmentations/TCGA-CS-5393/TCGA-CS-5393_1999.06.06_GlistrBoost.nii.gz","51474"
"data/brats_tcga_lgg_training_65/extracted/Pre-operative_TCGA_LGG_NIfTI_and_Segmentations/TCGA-CS-5393/TCGA-CS-5393_1999.06.06_GlistrBoost_ManuallyCorrected.nii.gz","47363"
"data/brats_tcga_lgg_training_65/extracted/Pre-operative_TCGA_LGG_NIfTI_and_Segmentations/TCGA-CS-5393/TCGA-CS-5393_1999.06.06_t1.nii.gz","2020078"
"data/brats_tcga_lgg_training_65/extracted/Pre-operative_TCGA_LGG_NIfTI_and_Segmentations/TCGA-CS-5393/TCGA-CS-5393_1999.06.06_t1Gd.nii.gz","1550181"
"data/brats_tcga_lgg_training_65/extracted/Pre-operative_TCGA_LGG_NIfTI_and_Segmentations/TCGA-CS-5393/TCGA-CS-5393_1999.06.06_t2.nii.gz","1960342"
"data/brats_tcga_lgg_training_65/extracted/Pre-operative_TCGA_LGG_NIfTI_and_Segmentations/TCGA-CS-5396/TCGA-CS-5396_2001.03.02_flair.nii.gz","2029884"
"data/brats_tcga_lgg_training_65/extracted/Pre-operative_TCGA_LGG_NIfTI_and_Segmentations/TCGA-CS-5396/TCGA-CS-5396_2001.03.02_GlistrBoost.nii.gz","41466"
"data/brats_tcga_lgg_training_65/extracted/Pre-operative_TCGA_LGG_NIfTI_and_Segmentations/TCGA-CS-5396/TCGA-CS-5396_2001.03.02_GlistrBoost_ManuallyCorrected.nii.gz","44660"
"data/brats_tcga_lgg_training_65/extracted/Pre-operative_TCGA_LGG_NIfTI_and_Segmentations/TCGA-CS-5396/TCGA-CS-5396_2001.03.02_t1.nii.gz","1946945"
"data/brats_tcga_lgg_training_65/extracted/Pre-operative_TCGA_LGG_NIfTI_and_Segmentations/TCGA-CS-5396/TCGA-CS-5396_2001.03.02_t1Gd.nii.gz","1955940"
"data/brats_tcga_lgg_training_65/extracted/Pre-operative_TCGA_LGG_NIfTI_and_Segmentations/TCGA-CS-5396/TCGA-CS-5396_2001.03.02_t2.nii.gz","2105745"
"data/brats_tcga_lgg_training_65/extracted/Pre-operative_TCGA_LGG_NIfTI_and_Segmentations/TCGA-CS-5397/TCGA-CS-5397_2001.03.15_flair.nii.gz","1834187"
"data/brats_tcga_lgg_training_65/extracted/Pre-operative_TCGA_LGG_NIfTI_and_Segmentations/TCGA-CS-5397/TCGA-CS-5397_2001.03.15_GlistrBoost.nii.gz","20377"
"data/brats_tcga_lgg_training_65/extracted/Pre-operative_TCGA_LGG_NIfTI_and_Segmentations/TCGA-CS-5397/TCGA-CS-5397_2001.03.15_GlistrBoost_ManuallyCorrected.nii.gz","17506"
"data/brats_tcga_lgg_training_65/extracted/Pre-operative_TCGA_LGG_NIfTI_and_Segmentations/TCGA-CS-5397/TCGA-CS-5397_2001.03.15_t1.nii.gz","1779855"
"data/brats_tcga_lgg_training_65/extracted/Pre-operative_TCGA_LGG_NIfTI_and_Segmentations/TCGA-CS-5397/TCGA-CS-5397_2001.03.15_t1Gd.nii.gz","1991565"
"data/brats_tcga_lgg_training_65/extracted/Pre-operative_TCGA_LGG_NIfTI_and_Segmentations/TCGA-CS-5397/TCGA-CS-5397_2001.03.15_t2.nii.gz","1932957"
"data/brats_tcga_lgg_training_65/extracted/Pre-operative_TCGA_LGG_NIfTI_and_Segmentations/TCGA-CS-6186/TCGA-CS-6186_2000.06.01_flair.nii.gz","2213360"
"data/brats_tcga_lgg_training_65/extracted/Pre-operative_TCGA_LGG_NIfTI_and_Segmentations/TCGA-CS-6186/TCGA-CS-6186_2000.06.01_GlistrBoost.nii.gz","21841"
"data/brats_tcga_lgg_training_65/extracted/Pre-operative_TCGA_LGG_NIfTI_and_Segmentations/TCGA-CS-6186/TCGA-CS-6186_2000.06.01_GlistrBoost_ManuallyCorrected.nii.gz","20934"
"data/brats_tcga_lgg_training_65/extracted/Pre-operative_TCGA_LGG_NIfTI_and_Segmentations/TCGA-CS-6186/TCGA-CS-6186_2000.06.01_t1.nii.gz","2136840"
"data/brats_tcga_lgg_training_65/extracted/Pre-operative_TCGA_LGG_NIfTI_and_Segmentations/TCGA-CS-6186/TCGA-CS-6186_2000.06.01_t1Gd.nii.gz","2150693"
"data/brats_tcga_lgg_training_65/extracted/Pre-operative_TCGA_LGG_NIfTI_and_Segmentations/TCGA-CS-6186/TCGA-CS-6186_2000.06.01_t2.nii.gz","2240768"
"data/brats_tcga_lgg_training_65/extracted/Pre-operative_TCGA_LGG_NIfTI_and_Segmentations/TCGA-CS-6188/TCGA-CS-6188_2001.08.12_flair.nii.gz","3205781"
"data/brats_tcga_lgg_training_65/extracted/Pre-operative_TCGA_LGG_NIfTI_and_Segmentations/TCGA-CS-6188/TCGA-CS-6188_2001.08.12_GlistrBoost.nii.gz","19938"
"data/brats_tcga_lgg_training_65/extracted/Pre-operative_TCGA_LGG_NIfTI_and_Segmentations/TCGA-CS-6188/TCGA-CS-6188_2001.08.12_GlistrBoost_ManuallyCorrected.nii.gz","18635"
"data/brats_tcga_lgg_training_65/extracted/Pre-operative_TCGA_LGG_NIfTI_and_Segmentations/TCGA-CS-6188/TCGA-CS-6188_2001.08.12_t1.nii.gz","2976896"
"data/brats_tcga_lgg_training_65/extracted/Pre-operative_TCGA_LGG_NIfTI_and_Segmentations/TCGA-CS-6188/TCGA-CS-6188_2001.08.12_t1Gd.nii.gz","3259076"
"data/brats_tcga_lgg_training_65/extracted/Pre-operative_TCGA_LGG_NIfTI_and_Segmentations/TCGA-CS-6188/TCGA-CS-6188_2001.08.12_t2.nii.gz","3307125"
"data/brats_tcga_lgg_training_65/extracted/Pre-operative_TCGA_LGG_NIfTI_and_Segmentations/TCGA-CS-6665/TCGA-CS-6665_2001.08.17_flair.nii.gz","1928434"
"data/brats_tcga_lgg_training_65/extracted/Pre-operative_TCGA_LGG_NIfTI_and_Segmentations/TCGA-CS-6665/TCGA-CS-6665_2001.08.17_GlistrBoost.nii.gz","25683"
"data/brats_tcga_lgg_training_65/extracted/Pre-operative_TCGA_LGG_NIfTI_and_Segmentations/TCGA-CS-6665/TCGA-CS-6665_2001.08.17_GlistrBoost_ManuallyCorrected.nii.gz","28121"
"data/brats_tcga_lgg_training_65/extracted/Pre-operative_TCGA_LGG_NIfTI_and_Segmentations/TCGA-CS-6665/TCGA-CS-6665_2001.08.17_t1.nii.gz","1749052"
"data/brats_tcga_lgg_training_65/extracted/Pre-operative_TCGA_LGG_NIfTI_and_Segmentations/TCGA-CS-6665/TCGA-CS-6665_2001.08.17_t1Gd.nii.gz","1862032"
"data/brats_tcga_lgg_training_65/extracted/Pre-operative_TCGA_LGG_NIfTI_and_Segmentations/TCGA-CS-6665/TCGA-CS-6665_2001.08.17_t2.nii.gz","1982369"
"data/brats_tcga_lgg_training_65/extracted/Pre-operative_TCGA_LGG_NIfTI_and_Segmentations/TCGA-CS-6666/TCGA-CS-6666_2001.11.09_flair.nii.gz","2285253"
"data/brats_tcga_lgg_training_65/extracted/Pre-operative_TCGA_LGG_NIfTI_and_Segmentations/TCGA-CS-6666/TCGA-CS-6666_2001.11.09_GlistrBoost.nii.gz","36662"
"data/brats_tcga_lgg_training_65/extracted/Pre-operative_TCGA_LGG_NIfTI_and_Segmentations/TCGA-CS-6666/TCGA-CS-6666_2001.11.09_GlistrBoost_ManuallyCorrected.nii.gz","27140"
"data/brats_tcga_lgg_training_65/extracted/Pre-operative_TCGA_LGG_NIfTI_and_Segmentations/TCGA-CS-6666/TCGA-CS-6666_2001.11.09_t1.nii.gz","2261600"
"data/brats_tcga_lgg_training_65/extracted/Pre-operative_TCGA_LGG_NIfTI_and_Segmentations/TCGA-CS-6666/TCGA-CS-6666_2001.11.09_t1Gd.nii.gz","2451203"
"data/brats_tcga_lgg_training_65/extracted/Pre-operative_TCGA_LGG_NIfTI_and_Segmentations/TCGA-CS-6666/TCGA-CS-6666_2001.11.09_t2.nii.gz","2417055"
"data/brats_tcga_lgg_training_65/extracted/Pre-operative_TCGA_LGG_NIfTI_and_Segmentations/TCGA-CS-6668/TCGA-CS-6668_2001.10.25_flair.nii.gz","2056909"
"data/brats_tcga_lgg_training_65/extracted/Pre-operative_TCGA_LGG_NIfTI_and_Segmentations/TCGA-CS-6668/TCGA-CS-6668_2001.10.25_GlistrBoost.nii.gz","15414"
"data/brats_tcga_lgg_training_65/extracted/Pre-operative_TCGA_LGG_NIfTI_and_Segmentations/TCGA-CS-6668/TCGA-CS-6668_2001.10.25_GlistrBoost_ManuallyCorrected.nii.gz","15296"
"data/brats_tcga_lgg_training_65/extracted/Pre-operative_TCGA_LGG_NIfTI_and_Segmentations/TCGA-CS-6668/TCGA-CS-6668_2001.10.25_t1.nii.gz","2206519"
"data/brats_tcga_lgg_training_65/extracted/Pre-operative_TCGA_LGG_NIfTI_and_Segmentations/TCGA-CS-6668/TCGA-CS-6668_2001.10.25_t1Gd.nii.gz","2156665"
"data/brats_tcga_lgg_training_65/extracted/Pre-operative_TCGA_LGG_NIfTI_and_Segmentations/TCGA-CS-6668/TCGA-CS-6668_2001.10.25_t2.nii.gz","2168272"
"data/brats_tcga_lgg_training_65/extracted/Pre-operative_TCGA_LGG_NIfTI_and_Segmentations/TCGA-CS-6669/TCGA-CS-6669_2002.01.02_flair.nii.gz","2052923"
"data/brats_tcga_lgg_training_65/extracted/Pre-operative_TCGA_LGG_NIfTI_and_Segmentations/TCGA-CS-6669/TCGA-CS-6669_2002.01.02_GlistrBoost.nii.gz","34982"
"data/brats_tcga_lgg_training_65/extracted/Pre-operative_TCGA_LGG_NIfTI_and_Segmentations/TCGA-CS-6669/TCGA-CS-6669_2002.01.02_GlistrBoost_ManuallyCorrected.nii.gz","31548"
"data/brats_tcga_lgg_training_65/extracted/Pre-operative_TCGA_LGG_NIfTI_and_Segmentations/TCGA-CS-6669/TCGA-CS-6669_2002.01.02_t1.nii.gz","1911513"
"data/brats_tcga_lgg_training_65/extracted/Pre-operative_TCGA_LGG_NIfTI_and_Segmentations/TCGA-CS-6669/TCGA-CS-6669_2002.01.02_t1Gd.nii.gz","1969685"
"data/brats_tcga_lgg_training_65/extracted/Pre-operative_TCGA_LGG_NIfTI_and_Segmentations/TCGA-CS-6669/TCGA-CS-6669_2002.01.02_t2.nii.gz","2080354"
"data/brats_tcga_lgg_training_65/extracted/Pre-operative_TCGA_LGG_NIfTI_and_Segmentations/TCGA-DU-5851/TCGA-DU-5851_1995.04.28_flair.nii.gz","1723937"
"data/brats_tcga_lgg_training_65/extracted/Pre-operative_TCGA_LGG_NIfTI_and_Segmentations/TCGA-DU-5851/TCGA-DU-5851_1995.04.28_GlistrBoost.nii.gz","27347"
"data/brats_tcga_lgg_training_65/extracted/Pre-operative_TCGA_LGG_NIfTI_and_Segmentations/TCGA-DU-5851/TCGA-DU-5851_1995.04.28_GlistrBoost_ManuallyCorrected.nii.gz","22624"
"data/brats_tcga_lgg_training_65/extracted/Pre-operative_TCGA_LGG_NIfTI_and_Segmentations/TCGA-DU-5851/TCGA-DU-5851_1995.04.28_t1.nii.gz","1792539"
"data/brats_tcga_lgg_training_65/extracted/Pre-operative_TCGA_LGG_NIfTI_and_Segmentations/TCGA-DU-5851/TCGA-DU-5851_1995.04.28_t1Gd.nii.gz","1659885"
"data/brats_tcga_lgg_training_65/extracted/Pre-operative_TCGA_LGG_NIfTI_and_Segmentations/TCGA-DU-5851/TCGA-DU-5851_1995.04.28_t2.nii.gz","1878057"
"data/brats_tcga_lgg_training_65/extracted/Pre-operative_TCGA_LGG_NIfTI_and_Segmentations/TCGA-DU-5854/TCGA-DU-5854_1995.11.04_flair.nii.gz","1918290"
"data/brats_tcga_lgg_training_65/extracted/Pre-operative_TCGA_LGG_NIfTI_and_Segmentations/TCGA-DU-5854/TCGA-DU-5854_1995.11.04_GlistrBoost.nii.gz","18735"
"data/brats_tcga_lgg_training_65/extracted/Pre-operative_TCGA_LGG_NIfTI_and_Segmentations/TCGA-DU-5854/TCGA-DU-5854_1995.11.04_GlistrBoost_ManuallyCorrected.nii.gz","18558"
"data/brats_tcga_lgg_training_65/extracted/Pre-operative_TCGA_LGG_NIfTI_and_Segmentations/TCGA-DU-5854/TCGA-DU-5854_1995.11.04_t1.nii.gz","1914010"
"data/brats_tcga_lgg_training_65/extracted/Pre-operative_TCGA_LGG_NIfTI_and_Segmentations/TCGA-DU-5854/TCGA-DU-5854_1995.11.04_t1Gd.nii.gz","1905629"
"data/brats_tcga_lgg_training_65/extracted/Pre-operative_TCGA_LGG_NIfTI_and_Segmentations/TCGA-DU-5854/TCGA-DU-5854_1995.11.04_t2.nii.gz","2089130"
"data/brats_tcga_lgg_training_65/extracted/Pre-operative_TCGA_LGG_NIfTI_and_Segmentations/TCGA-DU-5855/TCGA-DU-5855_1995.12.17_flair.nii.gz","2359003"
"data/brats_tcga_lgg_training_65/extracted/Pre-operative_TCGA_LGG_NIfTI_and_Segmentations/TCGA-DU-5855/TCGA-DU-5855_1995.12.17_GlistrBoost.nii.gz","41876"
"data/brats_tcga_lgg_training_65/extracted/Pre-operative_TCGA_LGG_NIfTI_and_Segmentations/TCGA-DU-5855/TCGA-DU-5855_1995.12.17_GlistrBoost_ManuallyCorrected.nii.gz","36519"
"data/brats_tcga_lgg_training_65/extracted/Pre-operative_TCGA_LGG_NIfTI_and_Segmentations/TCGA-DU-5855/TCGA-DU-5855_1995.12.17_t1.nii.gz","2220630"
"data/brats_tcga_lgg_training_65/extracted/Pre-operative_TCGA_LGG_NIfTI_and_Segmentations/TCGA-DU-5855/TCGA-DU-5855_1995.12.17_t1Gd.nii.gz","2342439"
"data/brats_tcga_lgg_training_65/extracted/Pre-operative_TCGA_LGG_NIfTI_and_Segmentations/TCGA-DU-5855/TCGA-DU-5855_1995.12.17_t2.nii.gz","2404713"
"data/brats_tcga_lgg_training_65/extracted/Pre-operative_TCGA_LGG_NIfTI_and_Segmentations/TCGA-DU-5872/TCGA-DU-5872_1995.02.23_flair.nii.gz","1706259"
"data/brats_tcga_lgg_training_65/extracted/Pre-operative_TCGA_LGG_NIfTI_and_Segmentations/TCGA-DU-5872/TCGA-DU-5872_1995.02.23_GlistrBoost.nii.gz","28775"
"data/brats_tcga_lgg_training_65/extracted/Pre-operative_TCGA_LGG_NIfTI_and_Segmentations/TCGA-DU-5872/TCGA-DU-5872_1995.02.23_GlistrBoost_ManuallyCorrected.nii.gz","26968"
"data/brats_tcga_lgg_training_65/extracted/Pre-operative_TCGA_LGG_NIfTI_and_Segmentations/TCGA-DU-5872/TCGA-DU-5872_1995.02.23_t1.nii.gz","1744747"
"data/brats_tcga_lgg_training_65/extracted/Pre-operative_TCGA_LGG_NIfTI_and_Segmentations/TCGA-DU-5872/TCGA-DU-5872_1995.02.23_t1Gd.nii.gz","1749640"
"data/brats_tcga_lgg_training_65/extracted/Pre-operative_TCGA_LGG_NIfTI_and_Segmentations/TCGA-DU-5872/TCGA-DU-5872_1995.02.23_t2.nii.gz","1847911"
"data/brats_tcga_lgg_training_65/extracted/Pre-operative_TCGA_LGG_NIfTI_and_Segmentations/TCGA-DU-5874/TCGA-DU-5874_1995.05.10_flair.nii.gz","2048160"
"data/brats_tcga_lgg_training_65/extracted/Pre-operative_TCGA_LGG_NIfTI_and_Segmentations/TCGA-DU-5874/TCGA-DU-5874_1995.05.10_GlistrBoost.nii.gz","18500"
"data/brats_tcga_lgg_training_65/extracted/Pre-operative_TCGA_LGG_NIfTI_and_Segmentations/TCGA-DU-5874/TCGA-DU-5874_1995.05.10_GlistrBoost_ManuallyCorrected.nii.gz","14718"
"data/brats_tcga_lgg_training_65/extracted/Pre-operative_TCGA_LGG_NIfTI_and_Segmentations/TCGA-DU-5874/TCGA-DU-5874_1995.05.10_t1.nii.gz","2185609"
"data/brats_tcga_lgg_training_65/extracted/Pre-operative_TCGA_LGG_NIfTI_and_Segmentations/TCGA-DU-5874/TCGA-DU-5874_1995.05.10_t1Gd.nii.gz","2262097"
"data/brats_tcga_lgg_training_65/extracted/Pre-operative_TCGA_LGG_NIfTI_and_Segmentations/TCGA-DU-5874/TCGA-DU-5874_1995.05.10_t2.nii.gz","2284649"
"data/brats_tcga_lgg_training_65/extracted/Pre-operative_TCGA_LGG_NIfTI_and_Segmentations/TCGA-DU-6404/TCGA-DU-6404_1985.06.29_flair.nii.gz","1591812"
"data/brats_tcga_lgg_training_65/extracted/Pre-operative_TCGA_LGG_NIfTI_and_Segmentations/TCGA-DU-6404/TCGA-DU-6404_1985.06.29_GlistrBoost.nii.gz","23805"
"data/brats_tcga_lgg_training_65/extracted/Pre-operative_TCGA_LGG_NIfTI_and_Segmentations/TCGA-DU-6404/TCGA-DU-6404_1985.06.29_GlistrBoost_ManuallyCorrected.nii.gz","18484"
"data/brats_tcga_lgg_training_65/extracted/Pre-operative_TCGA_LGG_NIfTI_and_Segmentations/TCGA-DU-6404/TCGA-DU-6404_1985.06.29_t1.nii.gz","1702044"
"data/brats_tcga_lgg_training_65/extracted/Pre-operative_TCGA_LGG_NIfTI_and_Segmentations/TCGA-DU-6404/TCGA-DU-6404_1985.06.29_t1Gd.nii.gz","1702221"
"data/brats_tcga_lgg_training_65/extracted/Pre-operative_TCGA_LGG_NIfTI_and_Segmentations/TCGA-DU-6404/TCGA-DU-6404_1985.06.29_t2.nii.gz","1864498"
"data/brats_tcga_lgg_training_65/extracted/Pre-operative_TCGA_LGG_NIfTI_and_Segmentations/TCGA-DU-6542/TCGA-DU-6542_1996.05.08_flair.nii.gz","2228302"
"data/brats_tcga_lgg_training_65/extracted/Pre-operative_TCGA_LGG_NIfTI_and_Segmentations/TCGA-DU-6542/TCGA-DU-6542_1996.05.08_GlistrBoost.nii.gz","27451"
"data/brats_tcga_lgg_training_65/extracted/Pre-operative_TCGA_LGG_NIfTI_and_Segmentations/TCGA-DU-6542/TCGA-DU-6542_1996.05.08_GlistrBoost_ManuallyCorrected.nii.gz","27273"
"data/brats_tcga_lgg_training_65/extracted/Pre-operative_TCGA_LGG_NIfTI_and_Segmentations/TCGA-DU-6542/TCGA-DU-6542_1996.05.08_t1.nii.gz","2419595"
"data/brats_tcga_lgg_training_65/extracted/Pre-operative_TCGA_LGG_NIfTI_and_Segmentations/TCGA-DU-6542/TCGA-DU-6542_1996.05.08_t1Gd.nii.gz","2540890"
"data/brats_tcga_lgg_training_65/extracted/Pre-operative_TCGA_LGG_NIfTI_and_Segmentations/TCGA-DU-6542/TCGA-DU-6542_1996.05.08_t2.nii.gz","2540125"
"data/brats_tcga_lgg_training_65/extracted/Pre-operative_TCGA_LGG_NIfTI_and_Segmentations/TCGA-DU-7008/TCGA-DU-7008_1983.07.23_flair.nii.gz","1727142"
"data/brats_tcga_lgg_training_65/extracted/Pre-operative_TCGA_LGG_NIfTI_and_Segmentations/TCGA-DU-7008/TCGA-DU-7008_1983.07.23_GlistrBoost.nii.gz","38558"
"data/brats_tcga_lgg_training_65/extracted/Pre-operative_TCGA_LGG_NIfTI_and_Segmentations/TCGA-DU-7008/TCGA-DU-7008_1983.07.23_GlistrBoost_ManuallyCorrected.nii.gz","37452"
"data/brats_tcga_lgg_training_65/extracted/Pre-operative_TCGA_LGG_NIfTI_and_Segmentations/TCGA-DU-7008/TCGA-DU-7008_1983.07.23_t1.nii.gz","1755360"
"data/brats_tcga_lgg_training_65/extracted/Pre-operative_TCGA_LGG_NIfTI_and_Segmentations/TCGA-DU-7008/TCGA-DU-7008_1983.07.23_t1Gd.nii.gz","1734548"
"data/brats_tcga_lgg_training_65/extracted/Pre-operative_TCGA_LGG_NIfTI_and_Segmentations/TCGA-DU-7008/TCGA-DU-7008_1983.07.23_t2.nii.gz","1938684"
"data/brats_tcga_lgg_training_65/extracted/Pre-operative_TCGA_LGG_NIfTI_and_Segmentations/TCGA-DU-7010/TCGA-DU-7010_1986.03.07_flair.nii.gz","1813292"
"data/brats_tcga_lgg_training_65/extracted/Pre-operative_TCGA_LGG_NIfTI_and_Segmentations/TCGA-DU-7010/TCGA-DU-7010_1986.03.07_GlistrBoost.nii.gz","38746"
"data/brats_tcga_lgg_training_65/extracted/Pre-operative_TCGA_LGG_NIfTI_and_Segmentations/TCGA-DU-7010/TCGA-DU-7010_1986.03.07_GlistrBoost_ManuallyCorrected.nii.gz","38006"
"data/brats_tcga_lgg_training_65/extracted/Pre-operative_TCGA_LGG_NIfTI_and_Segmentations/TCGA-DU-7010/TCGA-DU-7010_1986.03.07_t1.nii.gz","1810397"
"data/brats_tcga_lgg_training_65/extracted/Pre-operative_TCGA_LGG_NIfTI_and_Segmentations/TCGA-DU-7010/TCGA-DU-7010_1986.03.07_t1Gd.nii.gz","1788453"
"data/brats_tcga_lgg_training_65/extracted/Pre-operative_TCGA_LGG_NIfTI_and_Segmentations/TCGA-DU-7010/TCGA-DU-7010_1986.03.07_t2.nii.gz","2027309"
"data/brats_tcga_lgg_training_65/extracted/Pre-operative_TCGA_LGG_NIfTI_and_Segmentations/TCGA-DU-7014/TCGA-DU-7014_1986.06.18_flair.nii.gz","1876036"
"data/brats_tcga_lgg_training_65/extracted/Pre-operative_TCGA_LGG_NIfTI_and_Segmentations/TCGA-DU-7014/TCGA-DU-7014_1986.06.18_GlistrBoost.nii.gz","38722"
"data/brats_tcga_lgg_training_65/extracted/Pre-operative_TCGA_LGG_NIfTI_and_Segmentations/TCGA-DU-7014/TCGA-DU-7014_1986.06.18_GlistrBoost_ManuallyCorrected.nii.gz","37330"
"data/brats_tcga_lgg_training_65/extracted/Pre-operative_TCGA_LGG_NIfTI_and_Segmentations/TCGA-DU-7014/TCGA-DU-7014_1986.06.18_t1.nii.gz","1885523"
"data/brats_tcga_lgg_training_65/extracted/Pre-operative_TCGA_LGG_NIfTI_and_Segmentations/TCGA-DU-7014/TCGA-DU-7014_1986.06.18_t1Gd.nii.gz","1885461"
"data/brats_tcga_lgg_training_65/extracted/Pre-operative_TCGA_LGG_NIfTI_and_Segmentations/TCGA-DU-7014/TCGA-DU-7014_1986.06.18_t2.nii.gz","2145719"
"data/brats_tcga_lgg_training_65/extracted/Pre-operative_TCGA_LGG_NIfTI_and_Segmentations/TCGA-DU-7015/TCGA-DU-7015_1989.06.18_flair.nii.gz","2080245"
"data/brats_tcga_lgg_training_65/extracted/Pre-operative_TCGA_LGG_NIfTI_and_Segmentations/TCGA-DU-7015/TCGA-DU-7015_1989.06.18_GlistrBoost.nii.gz","33035"
"data/brats_tcga_lgg_training_65/extracted/Pre-operative_TCGA_LGG_NIfTI_and_Segmentations/TCGA-DU-7015/TCGA-DU-7015_1989.06.18_GlistrBoost_ManuallyCorrected.nii.gz","25502"
"data/brats_tcga_lgg_training_65/extracted/Pre-operative_TCGA_LGG_NIfTI_and_Segmentations/TCGA-DU-7015/TCGA-DU-7015_1989.06.18_t1.nii.gz","2216219"
"data/brats_tcga_lgg_training_65/extracted/Pre-operative_TCGA_LGG_NIfTI_and_Segmentations/TCGA-DU-7015/TCGA-DU-7015_1989.06.18_t1Gd.nii.gz","2243453"
"data/brats_tcga_lgg_training_65/extracted/Pre-operative_TCGA_LGG_NIfTI_and_Segmentations/TCGA-DU-7015/TCGA-DU-7015_1989.06.18_t2.nii.gz","2247527"
"data/brats_tcga_lgg_training_65/extracted/Pre-operative_TCGA_LGG_NIfTI_and_Segmentations/TCGA-DU-7018/TCGA-DU-7018_1991.12.20_flair.nii.gz","2122833"
"data/brats_tcga_lgg_training_65/extracted/Pre-operative_TCGA_LGG_NIfTI_and_Segmentations/TCGA-DU-7018/TCGA-DU-7018_1991.12.20_GlistrBoost.nii.gz","68064"
"data/brats_tcga_lgg_training_65/extracted/Pre-operative_TCGA_LGG_NIfTI_and_Segmentations/TCGA-DU-7018/TCGA-DU-7018_1991.12.20_GlistrBoost_ManuallyCorrected.nii.gz","61642"
"data/brats_tcga_lgg_training_65/extracted/Pre-operative_TCGA_LGG_NIfTI_and_Segmentations/TCGA-DU-7018/TCGA-DU-7018_1991.12.20_t1.nii.gz","2163582"
"data/brats_tcga_lgg_training_65/extracted/Pre-operative_TCGA_LGG_NIfTI_and_Segmentations/TCGA-DU-7018/TCGA-DU-7018_1991.12.20_t1Gd.nii.gz","2292005"
"data/brats_tcga_lgg_training_65/extracted/Pre-operative_TCGA_LGG_NIfTI_and_Segmentations/TCGA-DU-7018/TCGA-DU-7018_1991.12.20_t2.nii.gz","2284965"
"data/brats_tcga_lgg_training_65/extracted/Pre-operative_TCGA_LGG_NIfTI_and_Segmentations/TCGA-DU-7019/TCGA-DU-7019_1994.09.08_flair.nii.gz","2036934"
"data/brats_tcga_lgg_training_65/extracted/Pre-operative_TCGA_LGG_NIfTI_and_Segmentations/TCGA-DU-7019/TCGA-DU-7019_1994.09.08_GlistrBoost.nii.gz","27694"
"data/brats_tcga_lgg_training_65/extracted/Pre-operative_TCGA_LGG_NIfTI_and_Segmentations/TCGA-DU-7019/TCGA-DU-7019_1994.09.08_GlistrBoost_ManuallyCorrected.nii.gz","23857"
"data/brats_tcga_lgg_training_65/extracted/Pre-operative_TCGA_LGG_NIfTI_and_Segmentations/TCGA-DU-7019/TCGA-DU-7019_1994.09.08_t1.nii.gz","2292725"
"data/brats_tcga_lgg_training_65/extracted/Pre-operative_TCGA_LGG_NIfTI_and_Segmentations/TCGA-DU-7019/TCGA-DU-7019_1994.09.08_t1Gd.nii.gz","2360972"
"data/brats_tcga_lgg_training_65/extracted/Pre-operative_TCGA_LGG_NIfTI_and_Segmentations/TCGA-DU-7019/TCGA-DU-7019_1994.09.08_t2.nii.gz","2341852"
"data/brats_tcga_lgg_training_65/extracted/Pre-operative_TCGA_LGG_NIfTI_and_Segmentations/TCGA-DU-7294/TCGA-DU-7294_1989.01.04_flair.nii.gz","1810566"
"data/brats_tcga_lgg_training_65/extracted/Pre-operative_TCGA_LGG_NIfTI_and_Segmentations/TCGA-DU-7294/TCGA-DU-7294_1989.01.04_GlistrBoost.nii.gz","16729"
"data/brats_tcga_lgg_training_65/extracted/Pre-operative_TCGA_LGG_NIfTI_and_Segmentations/TCGA-DU-7294/TCGA-DU-7294_1989.01.04_GlistrBoost_ManuallyCorrected.nii.gz","15537"
"data/brats_tcga_lgg_training_65/extracted/Pre-operative_TCGA_LGG_NIfTI_and_Segmentations/TCGA-DU-7294/TCGA-DU-7294_1989.01.04_t1.nii.gz","1907341"
"data/brats_tcga_lgg_training_65/extracted/Pre-operative_TCGA_LGG_NIfTI_and_Segmentations/TCGA-DU-7294/TCGA-DU-7294_1989.01.04_t1Gd.nii.gz","1926343"
"data/brats_tcga_lgg_training_65/extracted/Pre-operative_TCGA_LGG_NIfTI_and_Segmentations/TCGA-DU-7294/TCGA-DU-7294_1989.01.04_t2.nii.gz","2003867"
"data/brats_tcga_lgg_training_65/extracted/Pre-operative_TCGA_LGG_NIfTI_and_Segmentations/TCGA-DU-7298/TCGA-DU-7298_1991.03.24_flair.nii.gz","1775794"
"data/brats_tcga_lgg_training_65/extracted/Pre-operative_TCGA_LGG_NIfTI_and_Segmentations/TCGA-DU-7298/TCGA-DU-7298_1991.03.24_GlistrBoost.nii.gz","37883"
"data/brats_tcga_lgg_training_65/extracted/Pre-operative_TCGA_LGG_NIfTI_and_Segmentations/TCGA-DU-7298/TCGA-DU-7298_1991.03.24_GlistrBoost_ManuallyCorrected.nii.gz","37329"
"data/brats_tcga_lgg_training_65/extracted/Pre-operative_TCGA_LGG_NIfTI_and_Segmentations/TCGA-DU-7298/TCGA-DU-7298_1991.03.24_t1.nii.gz","1704102"
"data/brats_tcga_lgg_training_65/extracted/Pre-operative_TCGA_LGG_NIfTI_and_Segmentations/TCGA-DU-7298/TCGA-DU-7298_1991.03.24_t1Gd.nii.gz","1787123"
"data/brats_tcga_lgg_training_65/extracted/Pre-operative_TCGA_LGG_NIfTI_and_Segmentations/TCGA-DU-7298/TCGA-DU-7298_1991.03.24_t2.nii.gz","1915355"
"data/brats_tcga_lgg_training_65/extracted/Pre-operative_TCGA_LGG_NIfTI_and_Segmentations/TCGA-DU-7299/TCGA-DU-7299_1991.04.17_flair.nii.gz","2226721"
"data/brats_tcga_lgg_training_65/extracted/Pre-operative_TCGA_LGG_NIfTI_and_Segmentations/TCGA-DU-7299/TCGA-DU-7299_1991.04.17_GlistrBoost.nii.gz","30253"
"data/brats_tcga_lgg_training_65/extracted/Pre-operative_TCGA_LGG_NIfTI_and_Segmentations/TCGA-DU-7299/TCGA-DU-7299_1991.04.17_GlistrBoost_ManuallyCorrected.nii.gz","28285"
"data/brats_tcga_lgg_training_65/extracted/Pre-operative_TCGA_LGG_NIfTI_and_Segmentations/TCGA-DU-7299/TCGA-DU-7299_1991.04.17_t1.nii.gz","2374519"
"data/brats_tcga_lgg_training_65/extracted/Pre-operative_TCGA_LGG_NIfTI_and_Segmentations/TCGA-DU-7299/TCGA-DU-7299_1991.04.17_t1Gd.nii.gz","2428514"
"data/brats_tcga_lgg_training_65/extracted/Pre-operative_TCGA_LGG_NIfTI_and_Segmentations/TCGA-DU-7299/TCGA-DU-7299_1991.04.17_t2.nii.gz","2390116"
"data/brats_tcga_lgg_training_65/extracted/Pre-operative_TCGA_LGG_NIfTI_and_Segmentations/TCGA-DU-7300/TCGA-DU-7300_1991.08.14_flair.nii.gz","2143458"
"data/brats_tcga_lgg_training_65/extracted/Pre-operative_TCGA_LGG_NIfTI_and_Segmentations/TCGA-DU-7300/TCGA-DU-7300_1991.08.14_GlistrBoost.nii.gz","20249"
"data/brats_tcga_lgg_training_65/extracted/Pre-operative_TCGA_LGG_NIfTI_and_Segmentations/TCGA-DU-7300/TCGA-DU-7300_1991.08.14_GlistrBoost_ManuallyCorrected.nii.gz","20415"
"data/brats_tcga_lgg_training_65/extracted/Pre-operative_TCGA_LGG_NIfTI_and_Segmentations/TCGA-DU-7300/TCGA-DU-7300_1991.08.14_t1.nii.gz","2224779"
"data/brats_tcga_lgg_training_65/extracted/Pre-operative_TCGA_LGG_NIfTI_and_Segmentations/TCGA-DU-7300/TCGA-DU-7300_1991.08.14_t1Gd.nii.gz","2324994"
"data/brats_tcga_lgg_training_65/extracted/Pre-operative_TCGA_LGG_NIfTI_and_Segmentations/TCGA-DU-7300/TCGA-DU-7300_1991.08.14_t2.nii.gz","2360730"
"data/brats_tcga_lgg_training_65/extracted/Pre-operative_TCGA_LGG_NIfTI_and_Segmentations/TCGA-DU-7301/TCGA-DU-7301_1991.11.12_flair.nii.gz","2334156"
"data/brats_tcga_lgg_training_65/extracted/Pre-operative_TCGA_LGG_NIfTI_and_Segmentations/TCGA-DU-7301/TCGA-DU-7301_1991.11.12_GlistrBoost.nii.gz","36348"
"data/brats_tcga_lgg_training_65/extracted/Pre-operative_TCGA_LGG_NIfTI_and_Segmentations/TCGA-DU-7301/TCGA-DU-7301_1991.11.12_GlistrBoost_ManuallyCorrected.nii.gz","23414"
"data/brats_tcga_lgg_training_65/extracted/Pre-operative_TCGA_LGG_NIfTI_and_Segmentations/TCGA-DU-7301/TCGA-DU-7301_1991.11.12_t1.nii.gz","2485825"
"data/brats_tcga_lgg_training_65/extracted/Pre-operative_TCGA_LGG_NIfTI_and_Segmentations/TCGA-DU-7301/TCGA-DU-7301_1991.11.12_t1Gd.nii.gz","2540365"
"data/brats_tcga_lgg_training_65/extracted/Pre-operative_TCGA_LGG_NIfTI_and_Segmentations/TCGA-DU-7301/TCGA-DU-7301_1991.11.12_t2.nii.gz","2531668"
"data/brats_tcga_lgg_training_65/extracted/Pre-operative_TCGA_LGG_NIfTI_and_Segmentations/TCGA-DU-7302/TCGA-DU-7302_1991.12.03_flair.nii.gz","1956089"
"data/brats_tcga_lgg_training_65/extracted/Pre-operative_TCGA_LGG_NIfTI_and_Segmentations/TCGA-DU-7302/TCGA-DU-7302_1991.12.03_GlistrBoost.nii.gz","30700"
"data/brats_tcga_lgg_training_65/extracted/Pre-operative_TCGA_LGG_NIfTI_and_Segmentations/TCGA-DU-7302/TCGA-DU-7302_1991.12.03_GlistrBoost_ManuallyCorrected.nii.gz","26454"
"data/brats_tcga_lgg_training_65/extracted/Pre-operative_TCGA_LGG_NIfTI_and_Segmentations/TCGA-DU-7302/TCGA-DU-7302_1991.12.03_t1.nii.gz","2080877"
"data/brats_tcga_lgg_training_65/extracted/Pre-operative_TCGA_LGG_NIfTI_and_Segmentations/TCGA-DU-7302/TCGA-DU-7302_1991.12.03_t1Gd.nii.gz","2147633"
"data/brats_tcga_lgg_training_65/extracted/Pre-operative_TCGA_LGG_NIfTI_and_Segmentations/TCGA-DU-7302/TCGA-DU-7302_1991.12.03_t2.nii.gz","2113355"
"data/brats_tcga_lgg_training_65/extracted/Pre-operative_TCGA_LGG_NIfTI_and_Segmentations/TCGA-DU-7304/TCGA-DU-7304_1993.03.25_flair.nii.gz","1993386"
"data/brats_tcga_lgg_training_65/extracted/Pre-operative_TCGA_LGG_NIfTI_and_Segmentations/TCGA-DU-7304/TCGA-DU-7304_1993.03.25_GlistrBoost.nii.gz","40433"
"data/brats_tcga_lgg_training_65/extracted/Pre-operative_TCGA_LGG_NIfTI_and_Segmentations/TCGA-DU-7304/TCGA-DU-7304_1993.03.25_GlistrBoost_ManuallyCorrected.nii.gz","40644"
"data/brats_tcga_lgg_training_65/extracted/Pre-operative_TCGA_LGG_NIfTI_and_Segmentations/TCGA-DU-7304/TCGA-DU-7304_1993.03.25_t1.nii.gz","2151062"
"data/brats_tcga_lgg_training_65/extracted/Pre-operative_TCGA_LGG_NIfTI_and_Segmentations/TCGA-DU-7304/TCGA-DU-7304_1993.03.25_t1Gd.nii.gz","2205940"
"data/brats_tcga_lgg_training_65/extracted/Pre-operative_TCGA_LGG_NIfTI_and_Segmentations/TCGA-DU-7304/TCGA-DU-7304_1993.03.25_t2.nii.gz","2189987"
"data/brats_tcga_lgg_training_65/extracted/Pre-operative_TCGA_LGG_NIfTI_and_Segmentations/TCGA-DU-7306/TCGA-DU-7306_1993.05.12_flair.nii.gz","2046384"
"data/brats_tcga_lgg_training_65/extracted/Pre-operative_TCGA_LGG_NIfTI_and_Segmentations/TCGA-DU-7306/TCGA-DU-7306_1993.05.12_GlistrBoost.nii.gz","37646"
"data/brats_tcga_lgg_training_65/extracted/Pre-operative_TCGA_LGG_NIfTI_and_Segmentations/TCGA-DU-7306/TCGA-DU-7306_1993.05.12_GlistrBoost_ManuallyCorrected.nii.gz","24256"
"data/brats_tcga_lgg_training_65/extracted/Pre-operative_TCGA_LGG_NIfTI_and_Segmentations/TCGA-DU-7306/TCGA-DU-7306_1993.05.12_t1.nii.gz","2228736"
"data/brats_tcga_lgg_training_65/extracted/Pre-operative_TCGA_LGG_NIfTI_and_Segmentations/TCGA-DU-7306/TCGA-DU-7306_1993.05.12_t1Gd.nii.gz","2286079"
"data/brats_tcga_lgg_training_65/extracted/Pre-operative_TCGA_LGG_NIfTI_and_Segmentations/TCGA-DU-7306/TCGA-DU-7306_1993.05.12_t2.nii.gz","2260167"
"data/brats_tcga_lgg_training_65/extracted/Pre-operative_TCGA_LGG_NIfTI_and_Segmentations/TCGA-DU-7309/TCGA-DU-7309_1996.08.31_flair.nii.gz","1874739"
"data/brats_tcga_lgg_training_65/extracted/Pre-operative_TCGA_LGG_NIfTI_and_Segmentations/TCGA-DU-7309/TCGA-DU-7309_1996.08.31_GlistrBoost.nii.gz","22198"
"data/brats_tcga_lgg_training_65/extracted/Pre-operative_TCGA_LGG_NIfTI_and_Segmentations/TCGA-DU-7309/TCGA-DU-7309_1996.08.31_GlistrBoost_ManuallyCorrected.nii.gz","19015"
"data/brats_tcga_lgg_training_65/extracted/Pre-operative_TCGA_LGG_NIfTI_and_Segmentations/TCGA-DU-7309/TCGA-DU-7309_1996.08.31_t1.nii.gz","2054586"
"data/brats_tcga_lgg_training_65/extracted/Pre-operative_TCGA_LGG_NIfTI_and_Segmentations/TCGA-DU-7309/TCGA-DU-7309_1996.08.31_t1Gd.nii.gz","2112565"
"data/brats_tcga_lgg_training_65/extracted/Pre-operative_TCGA_LGG_NIfTI_and_Segmentations/TCGA-DU-7309/TCGA-DU-7309_1996.08.31_t2.nii.gz","2129950"
"data/brats_tcga_lgg_training_65/extracted/Pre-operative_TCGA_LGG_NIfTI_and_Segmentations/TCGA-DU-8162/TCGA-DU-8162_1996.10.29_flair.nii.gz","1678510"
"data/brats_tcga_lgg_training_65/extracted/Pre-operative_TCGA_LGG_NIfTI_and_Segmentations/TCGA-DU-8162/TCGA-DU-8162_1996.10.29_GlistrBoost.nii.gz","17790"
"data/brats_tcga_lgg_training_65/extracted/Pre-operative_TCGA_LGG_NIfTI_and_Segmentations/TCGA-DU-8162/TCGA-DU-8162_1996.10.29_GlistrBoost_ManuallyCorrected.nii.gz","15814"
"data/brats_tcga_lgg_training_65/extracted/Pre-operative_TCGA_LGG_NIfTI_and_Segmentations/TCGA-DU-8162/TCGA-DU-8162_1996.10.29_t1.nii.gz","1824866"
"data/brats_tcga_lgg_training_65/extracted/Pre-operative_TCGA_LGG_NIfTI_and_Segmentations/TCGA-DU-8162/TCGA-DU-8162_1996.10.29_t1Gd.nii.gz","1874541"
"data/brats_tcga_lgg_training_65/extracted/Pre-operative_TCGA_LGG_NIfTI_and_Segmentations/TCGA-DU-8162/TCGA-DU-8162_1996.10.29_t2.nii.gz","1927474"
"data/brats_tcga_lgg_training_65/extracted/Pre-operative_TCGA_LGG_NIfTI_and_Segmentations/TCGA-DU-8164/TCGA-DU-8164_1997.01.11_flair.nii.gz","2100082"
"data/brats_tcga_lgg_training_65/extracted/Pre-operative_TCGA_LGG_NIfTI_and_Segmentations/TCGA-DU-8164/TCGA-DU-8164_1997.01.11_GlistrBoost.nii.gz","45125"
"data/brats_tcga_lgg_training_65/extracted/Pre-operative_TCGA_LGG_NIfTI_and_Segmentations/TCGA-DU-8164/TCGA-DU-8164_1997.01.11_GlistrBoost_ManuallyCorrected.nii.gz","33000"
"data/brats_tcga_lgg_training_65/extracted/Pre-operative_TCGA_LGG_NIfTI_and_Segmentations/TCGA-DU-8164/TCGA-DU-8164_1997.01.11_t1.nii.gz","2213808"
"data/brats_tcga_lgg_training_65/extracted/Pre-operative_TCGA_LGG_NIfTI_and_Segmentations/TCGA-DU-8164/TCGA-DU-8164_1997.01.11_t1Gd.nii.gz","2288211"
"data/brats_tcga_lgg_training_65/extracted/Pre-operative_TCGA_LGG_NIfTI_and_Segmentations/TCGA-DU-8164/TCGA-DU-8164_1997.01.11_t2.nii.gz","2287683"
"data/brats_tcga_lgg_training_65/extracted/Pre-operative_TCGA_LGG_NIfTI_and_Segmentations/TCGA-DU-8166/TCGA-DU-8166_1997.03.22_flair.nii.gz","2168544"
"data/brats_tcga_lgg_training_65/extracted/Pre-operative_TCGA_LGG_NIfTI_and_Segmentations/TCGA-DU-8166/TCGA-DU-8166_1997.03.22_GlistrBoost.nii.gz","42206"
"data/brats_tcga_lgg_training_65/extracted/Pre-operative_TCGA_LGG_NIfTI_and_Segmentations/TCGA-DU-8166/TCGA-DU-8166_1997.03.22_GlistrBoost_ManuallyCorrected.nii.gz","38010"
"data/brats_tcga_lgg_training_65/extracted/Pre-operative_TCGA_LGG_NIfTI_and_Segmentations/TCGA-DU-8166/TCGA-DU-8166_1997.03.22_t1.nii.gz","2190965"
"data/brats_tcga_lgg_training_65/extracted/Pre-operative_TCGA_LGG_NIfTI_and_Segmentations/TCGA-DU-8166/TCGA-DU-8166_1997.03.22_t1Gd.nii.gz","2313984"
"data/brats_tcga_lgg_training_65/extracted/Pre-operative_TCGA_LGG_NIfTI_and_Segmentations/TCGA-DU-8166/TCGA-DU-8166_1997.03.22_t2.nii.gz","2365228"
"data/brats_tcga_lgg_training_65/extracted/Pre-operative_TCGA_LGG_NIfTI_and_Segmentations/TCGA-DU-8167/TCGA-DU-8167_1997.04.02_flair.nii.gz","1960255"
"data/brats_tcga_lgg_training_65/extracted/Pre-operative_TCGA_LGG_NIfTI_and_Segmentations/TCGA-DU-8167/TCGA-DU-8167_1997.04.02_GlistrBoost.nii.gz","47063"
"data/brats_tcga_lgg_training_65/extracted/Pre-operative_TCGA_LGG_NIfTI_and_Segmentations/TCGA-DU-8167/TCGA-DU-8167_1997.04.02_GlistrBoost_ManuallyCorrected.nii.gz","36537"
"data/brats_tcga_lgg_training_65/extracted/Pre-operative_TCGA_LGG_NIfTI_and_Segmentations/TCGA-DU-8167/TCGA-DU-8167_1997.04.02_t1.nii.gz","2017191"
"data/brats_tcga_lgg_training_65/extracted/Pre-operative_TCGA_LGG_NIfTI_and_Segmentations/TCGA-DU-8167/TCGA-DU-8167_1997.04.02_t1Gd.nii.gz","2090411"
"data/brats_tcga_lgg_training_65/extracted/Pre-operative_TCGA_LGG_NIfTI_and_Segmentations/TCGA-DU-8167/TCGA-DU-8167_1997.04.02_t2.nii.gz","2116309"
"data/brats_tcga_lgg_training_65/extracted/Pre-operative_TCGA_LGG_NIfTI_and_Segmentations/TCGA-DU-8168/TCGA-DU-8168_1997.05.03_flair.nii.gz","1943065"
"data/brats_tcga_lgg_training_65/extracted/Pre-operative_TCGA_LGG_NIfTI_and_Segmentations/TCGA-DU-8168/TCGA-DU-8168_1997.05.03_GlistrBoost.nii.gz","49856"
"data/brats_tcga_lgg_training_65/extracted/Pre-operative_TCGA_LGG_NIfTI_and_Segmentations/TCGA-DU-8168/TCGA-DU-8168_1997.05.03_GlistrBoost_ManuallyCorrected.nii.gz","35962"
"data/brats_tcga_lgg_training_65/extracted/Pre-operative_TCGA_LGG_NIfTI_and_Segmentations/TCGA-DU-8168/TCGA-DU-8168_1997.05.03_t1.nii.gz","2042906"
"data/brats_tcga_lgg_training_65/extracted/Pre-operative_TCGA_LGG_NIfTI_and_Segmentations/TCGA-DU-8168/TCGA-DU-8168_1997.05.03_t1Gd.nii.gz","2103357"
"data/brats_tcga_lgg_training_65/extracted/Pre-operative_TCGA_LGG_NIfTI_and_Segmentations/TCGA-DU-8168/TCGA-DU-8168_1997.05.03_t2.nii.gz","2135113"
"data/brats_tcga_lgg_training_65/extracted/Pre-operative_TCGA_LGG_NIfTI_and_Segmentations/TCGA-DU-A5TR/TCGA-DU-A5TR_1997.07.26_flair.nii.gz","2104550"
"data/brats_tcga_lgg_training_65/extracted/Pre-operative_TCGA_LGG_NIfTI_and_Segmentations/TCGA-DU-A5TR/TCGA-DU-A5TR_1997.07.26_GlistrBoost.nii.gz","42715"
"data/brats_tcga_lgg_training_65/extracted/Pre-operative_TCGA_LGG_NIfTI_and_Segmentations/TCGA-DU-A5TR/TCGA-DU-A5TR_1997.07.26_GlistrBoost_ManuallyCorrected.nii.gz","36036"
"data/brats_tcga_lgg_training_65/extracted/Pre-operative_TCGA_LGG_NIfTI_and_Segmentations/TCGA-DU-A5TR/TCGA-DU-A5TR_1997.07.26_t1.nii.gz","2262239"
"data/brats_tcga_lgg_training_65/extracted/Pre-operative_TCGA_LGG_NIfTI_and_Segmentations/TCGA-DU-A5TR/TCGA-DU-A5TR_1997.07.26_t1Gd.nii.gz","2335562"
"data/brats_tcga_lgg_training_65/extracted/Pre-operative_TCGA_LGG_NIfTI_and_Segmentations/TCGA-DU-A5TR/TCGA-DU-A5TR_1997.07.26_t2.nii.gz","2338950"
"data/brats_tcga_lgg_training_65/extracted/Pre-operative_TCGA_LGG_NIfTI_and_Segmentations/TCGA-DU-A5TS/TCGA-DU-A5TS_1997.07.26_flair.nii.gz","2365669"
"data/brats_tcga_lgg_training_65/extracted/Pre-operative_TCGA_LGG_NIfTI_and_Segmentations/TCGA-DU-A5TS/TCGA-DU-A5TS_1997.07.26_GlistrBoost.nii.gz","41319"
"data/brats_tcga_lgg_training_65/extracted/Pre-operative_TCGA_LGG_NIfTI_and_Segmentations/TCGA-DU-A5TS/TCGA-DU-A5TS_1997.07.26_GlistrBoost_ManuallyCorrected.nii.gz","35429"
"data/brats_tcga_lgg_training_65/extracted/Pre-operative_TCGA_LGG_NIfTI_and_Segmentations/TCGA-DU-A5TS/TCGA-DU-A5TS_1997.07.26_t1.nii.gz","2382026"
"data/brats_tcga_lgg_training_65/extracted/Pre-operative_TCGA_LGG_NIfTI_and_Segmentations/TCGA-DU-A5TS/TCGA-DU-A5TS_1997.07.26_t1Gd.nii.gz","2453607"
"data/brats_tcga_lgg_training_65/extracted/Pre-operative_TCGA_LGG_NIfTI_and_Segmentations/TCGA-DU-A5TS/TCGA-DU-A5TS_1997.07.26_t2.nii.gz","2483499"
"data/brats_tcga_lgg_training_65/extracted/Pre-operative_TCGA_LGG_NIfTI_and_Segmentations/TCGA-DU-A5TT/TCGA-DU-A5TT_1998.03.18_flair.nii.gz","1622478"
"data/brats_tcga_lgg_training_65/extracted/Pre-operative_TCGA_LGG_NIfTI_and_Segmentations/TCGA-DU-A5TT/TCGA-DU-A5TT_1998.03.18_GlistrBoost.nii.gz","16436"
"data/brats_tcga_lgg_training_65/extracted/Pre-operative_TCGA_LGG_NIfTI_and_Segmentations/TCGA-DU-A5TT/TCGA-DU-A5TT_1998.03.18_GlistrBoost_ManuallyCorrected.nii.gz","17104"
"data/brats_tcga_lgg_training_65/extracted/Pre-operative_TCGA_LGG_NIfTI_and_Segmentations/TCGA-DU-A5TT/TCGA-DU-A5TT_1998.03.18_t1.nii.gz","1915220"
"data/brats_tcga_lgg_training_65/extracted/Pre-operative_TCGA_LGG_NIfTI_and_Segmentations/TCGA-DU-A5TT/TCGA-DU-A5TT_1998.03.18_t1Gd.nii.gz","1934972"
"data/brats_tcga_lgg_training_65/extracted/Pre-operative_TCGA_LGG_NIfTI_and_Segmentations/TCGA-DU-A5TT/TCGA-DU-A5TT_1998.03.18_t2.nii.gz","1949993"
"data/brats_tcga_lgg_training_65/extracted/Pre-operative_TCGA_LGG_NIfTI_and_Segmentations/TCGA-DU-A5TU/TCGA-DU-A5TU_1998.03.12_flair.nii.gz","1895032"
"data/brats_tcga_lgg_training_65/extracted/Pre-operative_TCGA_LGG_NIfTI_and_Segmentations/TCGA-DU-A5TU/TCGA-DU-A5TU_1998.03.12_GlistrBoost.nii.gz","30703"
"data/brats_tcga_lgg_training_65/extracted/Pre-operative_TCGA_LGG_NIfTI_and_Segmentations/TCGA-DU-A5TU/TCGA-DU-A5TU_1998.03.12_GlistrBoost_ManuallyCorrected.nii.gz","35082"
"data/brats_tcga_lgg_training_65/extracted/Pre-operative_TCGA_LGG_NIfTI_and_Segmentations/TCGA-DU-A5TU/TCGA-DU-A5TU_1998.03.12_t1.nii.gz","1873015"
"data/brats_tcga_lgg_training_65/extracted/Pre-operative_TCGA_LGG_NIfTI_and_Segmentations/TCGA-DU-A5TU/TCGA-DU-A5TU_1998.03.12_t1Gd.nii.gz","1867827"
"data/brats_tcga_lgg_training_65/extracted/Pre-operative_TCGA_LGG_NIfTI_and_Segmentations/TCGA-DU-A5TU/TCGA-DU-A5TU_1998.03.12_t2.nii.gz","2012158"
"data/brats_tcga_lgg_training_65/extracted/Pre-operative_TCGA_LGG_NIfTI_and_Segmentations/TCGA-DU-A5TW/TCGA-DU-A5TW_1998.02.28_flair.nii.gz","2906448"
"data/brats_tcga_lgg_training_65/extracted/Pre-operative_TCGA_LGG_NIfTI_and_Segmentations/TCGA-DU-A5TW/TCGA-DU-A5TW_1998.02.28_GlistrBoost.nii.gz","32637"
"data/brats_tcga_lgg_training_65/extracted/Pre-operative_TCGA_LGG_NIfTI_and_Segmentations/TCGA-DU-A5TW/TCGA-DU-A5TW_1998.02.28_GlistrBoost_ManuallyCorrected.nii.gz","32303"
"data/brats_tcga_lgg_training_65/extracted/Pre-operative_TCGA_LGG_NIfTI_and_Segmentations/TCGA-DU-A5TW/TCGA-DU-A5TW_1998.02.28_t1.nii.gz","2800885"
"data/brats_tcga_lgg_training_65/extracted/Pre-operative_TCGA_LGG_NIfTI_and_Segmentations/TCGA-DU-A5TW/TCGA-DU-A5TW_1998.02.28_t1Gd.nii.gz","2767440"
"data/brats_tcga_lgg_training_65/extracted/Pre-operative_TCGA_LGG_NIfTI_and_Segmentations/TCGA-DU-A5TW/TCGA-DU-A5TW_1998.02.28_t2.nii.gz","2913771"
"data/brats_tcga_lgg_training_65/extracted/Pre-operative_TCGA_LGG_NIfTI_and_Segmentations/TCGA-DU-A5TY/TCGA-DU-A5TY_1997.07.09_flair.nii.gz","1977147"
"data/brats_tcga_lgg_training_65/extracted/Pre-operative_TCGA_LGG_NIfTI_and_Segmentations/TCGA-DU-A5TY/TCGA-DU-A5TY_1997.07.09_GlistrBoost.nii.gz","18188"
"data/brats_tcga_lgg_training_65/extracted/Pre-operative_TCGA_LGG_NIfTI_and_Segmentations/TCGA-DU-A5TY/TCGA-DU-A5TY_1997.07.09_t1.nii.gz","2097710"
"data/brats_tcga_lgg_training_65/extracted/Pre-operative_TCGA_LGG_NIfTI_and_Segmentations/TCGA-DU-A5TY/TCGA-DU-A5TY_1997.07.09_t1Gd.nii.gz","2157591"
"data/brats_tcga_lgg_training_65/extracted/Pre-operative_TCGA_LGG_NIfTI_and_Segmentations/TCGA-DU-A5TY/TCGA-DU-A5TY_1997.07.09_t2.nii.gz","2201620"
"data/brats_tcga_lgg_training_65/extracted/Pre-operative_TCGA_LGG_NIfTI_and_Segmentations/TCGA-DU-A6S7/TCGA-DU-A6S7_1998.05.13_flair.nii.gz","2768556"
"data/brats_tcga_lgg_training_65/extracted/Pre-operative_TCGA_LGG_NIfTI_and_Segmentations/TCGA-DU-A6S7/TCGA-DU-A6S7_1998.05.13_GlistrBoost.nii.gz","16228"
"data/brats_tcga_lgg_training_65/extracted/Pre-operative_TCGA_LGG_NIfTI_and_Segmentations/TCGA-DU-A6S7/TCGA-DU-A6S7_1998.05.13_GlistrBoost_ManuallyCorrected.nii.gz","15719"
"data/brats_tcga_lgg_training_65/extracted/Pre-operative_TCGA_LGG_NIfTI_and_Segmentations/TCGA-DU-A6S7/TCGA-DU-A6S7_1998.05.13_t1.nii.gz","2883571"
"data/brats_tcga_lgg_training_65/extracted/Pre-operative_TCGA_LGG_NIfTI_and_Segmentations/TCGA-DU-A6S7/TCGA-DU-A6S7_1998.05.13_t1Gd.nii.gz","2812224"
"data/brats_tcga_lgg_training_65/extracted/Pre-operative_TCGA_LGG_NIfTI_and_Segmentations/TCGA-DU-A6S7/TCGA-DU-A6S7_1998.05.13_t2.nii.gz","2803546"
"data/brats_tcga_lgg_training_65/extracted/Pre-operative_TCGA_LGG_NIfTI_and_Segmentations/TCGA-DU-A6S8/TCGA-DU-A6S8_1998.06.20_flair.nii.gz","2671995"
"data/brats_tcga_lgg_training_65/extracted/Pre-operative_TCGA_LGG_NIfTI_and_Segmentations/TCGA-DU-A6S8/TCGA-DU-A6S8_1998.06.20_GlistrBoost.nii.gz","57876"
"data/brats_tcga_lgg_training_65/extracted/Pre-operative_TCGA_LGG_NIfTI_and_Segmentations/TCGA-DU-A6S8/TCGA-DU-A6S8_1998.06.20_GlistrBoost_ManuallyCorrected.nii.gz","48063"
"data/brats_tcga_lgg_training_65/extracted/Pre-operative_TCGA_LGG_NIfTI_and_Segmentations/TCGA-DU-A6S8/TCGA-DU-A6S8_1998.06.20_t1.nii.gz","2688057"
"data/brats_tcga_lgg_training_65/extracted/Pre-operative_TCGA_LGG_NIfTI_and_Segmentations/TCGA-DU-A6S8/TCGA-DU-A6S8_1998.06.20_t1Gd.nii.gz","2647151"
"data/brats_tcga_lgg_training_65/extracted/Pre-operative_TCGA_LGG_NIfTI_and_Segmentations/TCGA-DU-A6S8/TCGA-DU-A6S8_1998.06.20_t2.nii.gz","2690358"
"data/brats_tcga_lgg_training_65/extracted/Pre-operative_TCGA_LGG_NIfTI_and_Segmentations/TCGA-FG-5964/TCGA-FG-5964_2001.05.11_flair.nii.gz","2009845"
"data/brats_tcga_lgg_training_65/extracted/Pre-operative_TCGA_LGG_NIfTI_and_Segmentations/TCGA-FG-5964/TCGA-FG-5964_2001.05.11_GlistrBoost.nii.gz","14957"
"data/brats_tcga_lgg_training_65/extracted/Pre-operative_TCGA_LGG_NIfTI_and_Segmentations/TCGA-FG-5964/TCGA-FG-5964_2001.05.11_GlistrBoost_ManuallyCorrected.nii.gz","15328"
"data/brats_tcga_lgg_training_65/extracted/Pre-operative_TCGA_LGG_NIfTI_and_Segmentations/TCGA-FG-5964/TCGA-FG-5964_2001.05.11_t1.nii.gz","2090113"
"data/brats_tcga_lgg_training_65/extracted/Pre-operative_TCGA_LGG_NIfTI_and_Segmentations/TCGA-FG-5964/TCGA-FG-5964_2001.05.11_t1Gd.nii.gz","2100170"
"data/brats_tcga_lgg_training_65/extracted/Pre-operative_TCGA_LGG_NIfTI_and_Segmentations/TCGA-FG-5964/TCGA-FG-5964_2001.05.11_t2.nii.gz","2303722"
"data/brats_tcga_lgg_training_65/extracted/Pre-operative_TCGA_LGG_NIfTI_and_Segmentations/TCGA-FG-6689/TCGA-FG-6689_2002.03.26_flair.nii.gz","2185374"
"data/brats_tcga_lgg_training_65/extracted/Pre-operative_TCGA_LGG_NIfTI_and_Segmentations/TCGA-FG-6689/TCGA-FG-6689_2002.03.26_GlistrBoost.nii.gz","34495"
"data/brats_tcga_lgg_training_65/extracted/Pre-operative_TCGA_LGG_NIfTI_and_Segmentations/TCGA-FG-6689/TCGA-FG-6689_2002.03.26_GlistrBoost_ManuallyCorrected.nii.gz","34428"
"data/brats_tcga_lgg_training_65/extracted/Pre-operative_TCGA_LGG_NIfTI_and_Segmentations/TCGA-FG-6689/TCGA-FG-6689_2002.03.26_t1.nii.gz","2197166"
"data/brats_tcga_lgg_training_65/extracted/Pre-operative_TCGA_LGG_NIfTI_and_Segmentations/TCGA-FG-6689/TCGA-FG-6689_2002.03.26_t1Gd.nii.gz","2197168"
"data/brats_tcga_lgg_training_65/extracted/Pre-operative_TCGA_LGG_NIfTI_and_Segmentations/TCGA-FG-6689/TCGA-FG-6689_2002.03.26_t2.nii.gz","2283327"
"data/brats_tcga_lgg_training_65/extracted/Pre-operative_TCGA_LGG_NIfTI_and_Segmentations/TCGA-FG-6691/TCGA-FG-6691_2002.04.05_flair.nii.gz","1743475"
"data/brats_tcga_lgg_training_65/extracted/Pre-operative_TCGA_LGG_NIfTI_and_Segmentations/TCGA-FG-6691/TCGA-FG-6691_2002.04.05_GlistrBoost.nii.gz","29627"
"data/brats_tcga_lgg_training_65/extracted/Pre-operative_TCGA_LGG_NIfTI_and_Segmentations/TCGA-FG-6691/TCGA-FG-6691_2002.04.05_GlistrBoost_ManuallyCorrected.nii.gz","26757"
"data/brats_tcga_lgg_training_65/extracted/Pre-operative_TCGA_LGG_NIfTI_and_Segmentations/TCGA-FG-6691/TCGA-FG-6691_2002.04.05_t1.nii.gz","1757739"
"data/brats_tcga_lgg_training_65/extracted/Pre-operative_TCGA_LGG_NIfTI_and_Segmentations/TCGA-FG-6691/TCGA-FG-6691_2002.04.05_t1Gd.nii.gz","1755072"
"data/brats_tcga_lgg_training_65/extracted/Pre-operative_TCGA_LGG_NIfTI_and_Segmentations/TCGA-FG-6691/TCGA-FG-6691_2002.04.05_t2.nii.gz","1898278"
"data/brats_tcga_lgg_training_65/extracted/Pre-operative_TCGA_LGG_NIfTI_and_Segmentations/TCGA-FG-6692/TCGA-FG-6692_2002.06.06_flair.nii.gz","2048222"
"data/brats_tcga_lgg_training_65/extracted/Pre-operative_TCGA_LGG_NIfTI_and_Segmentations/TCGA-FG-6692/TCGA-FG-6692_2002.06.06_GlistrBoost.nii.gz","25005"
"data/brats_tcga_lgg_training_65/extracted/Pre-operative_TCGA_LGG_NIfTI_and_Segmentations/TCGA-FG-6692/TCGA-FG-6692_2002.06.06_GlistrBoost_ManuallyCorrected.nii.gz","22692"
"data/brats_tcga_lgg_training_65/extracted/Pre-operative_TCGA_LGG_NIfTI_and_Segmentations/TCGA-FG-6692/TCGA-FG-6692_2002.06.06_t1.nii.gz","2098481"
"data/brats_tcga_lgg_training_65/extracted/Pre-operative_TCGA_LGG_NIfTI_and_Segmentations/TCGA-FG-6692/TCGA-FG-6692_2002.06.06_t1Gd.nii.gz","2027012"
"data/brats_tcga_lgg_training_65/extracted/Pre-operative_TCGA_LGG_NIfTI_and_Segmentations/TCGA-FG-6692/TCGA-FG-6692_2002.06.06_t2.nii.gz","2312527"
"data/brats_tcga_lgg_training_65/extracted/Pre-operative_TCGA_LGG_NIfTI_and_Segmentations/TCGA-FG-7634/TCGA-FG-7634_2000.01.28_flair.nii.gz","2013486"
"data/brats_tcga_lgg_training_65/extracted/Pre-operative_TCGA_LGG_NIfTI_and_Segmentations/TCGA-FG-7634/TCGA-FG-7634_2000.01.28_GlistrBoost.nii.gz","33177"
"data/brats_tcga_lgg_training_65/extracted/Pre-operative_TCGA_LGG_NIfTI_and_Segmentations/TCGA-FG-7634/TCGA-FG-7634_2000.01.28_GlistrBoost_ManuallyCorrected.nii.gz","20685"
"data/brats_tcga_lgg_training_65/extracted/Pre-operative_TCGA_LGG_NIfTI_and_Segmentations/TCGA-FG-7634/TCGA-FG-7634_2000.01.28_t1.nii.gz","1957835"
"data/brats_tcga_lgg_training_65/extracted/Pre-operative_TCGA_LGG_NIfTI_and_Segmentations/TCGA-FG-7634/TCGA-FG-7634_2000.01.28_t1Gd.nii.gz","2010161"
"data/brats_tcga_lgg_training_65/extracted/Pre-operative_TCGA_LGG_NIfTI_and_Segmentations/TCGA-FG-7634/TCGA-FG-7634_2000.01.28_t2.nii.gz","2174615"
"data/brats_tcga_lgg_training_65/extracted/Pre-operative_TCGA_LGG_NIfTI_and_Segmentations/TCGA-FG-A4MT/TCGA-FG-A4MT_2002.02.12_flair.nii.gz","1960311"
"data/brats_tcga_lgg_training_65/extracted/Pre-operative_TCGA_LGG_NIfTI_and_Segmentations/TCGA-FG-A4MT/TCGA-FG-A4MT_2002.02.12_GlistrBoost.nii.gz","23410"
"data/brats_tcga_lgg_training_65/extracted/Pre-operative_TCGA_LGG_NIfTI_and_Segmentations/TCGA-FG-A4MT/TCGA-FG-A4MT_2002.02.12_t1.nii.gz","1940888"
"data/brats_tcga_lgg_training_65/extracted/Pre-operative_TCGA_LGG_NIfTI_and_Segmentations/TCGA-FG-A4MT/TCGA-FG-A4MT_2002.02.12_t1Gd.nii.gz","1916335"
"data/brats_tcga_lgg_training_65/extracted/Pre-operative_TCGA_LGG_NIfTI_and_Segmentations/TCGA-FG-A4MT/TCGA-FG-A4MT_2002.02.12_t2.nii.gz","2125454"
"data/brats_tcga_lgg_training_65/extracted/Pre-operative_TCGA_LGG_NIfTI_and_Segmentations/TCGA-HT-7473/TCGA-HT-7473_1997.08.26_flair.nii.gz","2015106"
"data/brats_tcga_lgg_training_65/extracted/Pre-operative_TCGA_LGG_NIfTI_and_Segmentations/TCGA-HT-7473/TCGA-HT-7473_1997.08.26_GlistrBoost.nii.gz","35113"
"data/brats_tcga_lgg_training_65/extracted/Pre-operative_TCGA_LGG_NIfTI_and_Segmentations/TCGA-HT-7473/TCGA-HT-7473_1997.08.26_GlistrBoost_ManuallyCorrected.nii.gz","36574"
"data/brats_tcga_lgg_training_65/extracted/Pre-operative_TCGA_LGG_NIfTI_and_Segmentations/TCGA-HT-7473/TCGA-HT-7473_1997.08.26_t1.nii.gz","2320244"
"data/brats_tcga_lgg_training_65/extracted/Pre-operative_TCGA_LGG_NIfTI_and_Segmentations/TCGA-HT-7473/TCGA-HT-7473_1997.08.26_t1Gd.nii.gz","2233413"
"data/brats_tcga_lgg_training_65/extracted/Pre-operative_TCGA_LGG_NIfTI_and_Segmentations/TCGA-HT-7473/TCGA-HT-7473_1997.08.26_t2.nii.gz","2316050"
"data/brats_tcga_lgg_training_65/extracted/Pre-operative_TCGA_LGG_NIfTI_and_Segmentations/TCGA-HT-7602/TCGA-HT-7602_1995.11.03_flair.nii.gz","2500318"
"data/brats_tcga_lgg_training_65/extracted/Pre-operative_TCGA_LGG_NIfTI_and_Segmentations/TCGA-HT-7602/TCGA-HT-7602_1995.11.03_GlistrBoost.nii.gz","21764"
"data/brats_tcga_lgg_training_65/extracted/Pre-operative_TCGA_LGG_NIfTI_and_Segmentations/TCGA-HT-7602/TCGA-HT-7602_1995.11.03_GlistrBoost_ManuallyCorrected.nii.gz","21407"
"data/brats_tcga_lgg_training_65/extracted/Pre-operative_TCGA_LGG_NIfTI_and_Segmentations/TCGA-HT-7602/TCGA-HT-7602_1995.11.03_t1.nii.gz","2541175"
"data/brats_tcga_lgg_training_65/extracted/Pre-operative_TCGA_LGG_NIfTI_and_Segmentations/TCGA-HT-7602/TCGA-HT-7602_1995.11.03_t1Gd.nii.gz","2746909"
"data/brats_tcga_lgg_training_65/extracted/Pre-operative_TCGA_LGG_NIfTI_and_Segmentations/TCGA-HT-7602/TCGA-HT-7602_1995.11.03_t2.nii.gz","2859374"
"data/brats_tcga_lgg_training_65/extracted/Pre-operative_TCGA_LGG_NIfTI_and_Segmentations/TCGA-HT-7680/TCGA-HT-7680_1997.02.02_flair.nii.gz","2183732"
"data/brats_tcga_lgg_training_65/extracted/Pre-operative_TCGA_LGG_NIfTI_and_Segmentations/TCGA-HT-7680/TCGA-HT-7680_1997.02.02_GlistrBoost.nii.gz","19262"
"data/brats_tcga_lgg_training_65/extracted/Pre-operative_TCGA_LGG_NIfTI_and_Segmentations/TCGA-HT-7680/TCGA-HT-7680_1997.02.02_GlistrBoost_ManuallyCorrected.nii.gz","14293"
"data/brats_tcga_lgg_training_65/extracted/Pre-operative_TCGA_LGG_NIfTI_and_Segmentations/TCGA-HT-7680/TCGA-HT-7680_1997.02.02_t1.nii.gz","2274662"
"data/brats_tcga_lgg_training_65/extracted/Pre-operative_TCGA_LGG_NIfTI_and_Segmentations/TCGA-HT-7680/TCGA-HT-7680_1997.02.02_t1Gd.nii.gz","2429004"
"data/brats_tcga_lgg_training_65/extracted/Pre-operative_TCGA_LGG_NIfTI_and_Segmentations/TCGA-HT-7680/TCGA-HT-7680_1997.02.02_t2.nii.gz","2267289"
"data/brats_tcga_lgg_training_65/extracted/Pre-operative_TCGA_LGG_NIfTI_and_Segmentations/TCGA-HT-7686/TCGA-HT-7686_1995.06.29_flair.nii.gz","1964302"
"data/brats_tcga_lgg_training_65/extracted/Pre-operative_TCGA_LGG_NIfTI_and_Segmentations/TCGA-HT-7686/TCGA-HT-7686_1995.06.29_GlistrBoost.nii.gz","34219"
"data/brats_tcga_lgg_training_65/extracted/Pre-operative_TCGA_LGG_NIfTI_and_Segmentations/TCGA-HT-7686/TCGA-HT-7686_1995.06.29_GlistrBoost_ManuallyCorrected.nii.gz","21119"
"data/brats_tcga_lgg_training_65/extracted/Pre-operative_TCGA_LGG_NIfTI_and_Segmentations/TCGA-HT-7686/TCGA-HT-7686_1995.06.29_t1.nii.gz","1960162"
"data/brats_tcga_lgg_training_65/extracted/Pre-operative_TCGA_LGG_NIfTI_and_Segmentations/TCGA-HT-7686/TCGA-HT-7686_1995.06.29_t1Gd.nii.gz","2162299"
"data/brats_tcga_lgg_training_65/extracted/Pre-operative_TCGA_LGG_NIfTI_and_Segmentations/TCGA-HT-7686/TCGA-HT-7686_1995.06.29_t2.nii.gz","1984738"
"data/brats_tcga_lgg_training_65/extracted/Pre-operative_TCGA_LGG_NIfTI_and_Segmentations/TCGA-HT-7690/TCGA-HT-7690_1996.03.12_flair.nii.gz","2718137"
"data/brats_tcga_lgg_training_65/extracted/Pre-operative_TCGA_LGG_NIfTI_and_Segmentations/TCGA-HT-7690/TCGA-HT-7690_1996.03.12_GlistrBoost.nii.gz","36403"
"data/brats_tcga_lgg_training_65/extracted/Pre-operative_TCGA_LGG_NIfTI_and_Segmentations/TCGA-HT-7690/TCGA-HT-7690_1996.03.12_GlistrBoost_ManuallyCorrected.nii.gz","32626"
"data/brats_tcga_lgg_training_65/extracted/Pre-operative_TCGA_LGG_NIfTI_and_Segmentations/TCGA-HT-7690/TCGA-HT-7690_1996.03.12_t1.nii.gz","2734716"
"data/brats_tcga_lgg_training_65/extracted/Pre-operative_TCGA_LGG_NIfTI_and_Segmentations/TCGA-HT-7690/TCGA-HT-7690_1996.03.12_t1Gd.nii.gz","2999608"
"data/brats_tcga_lgg_training_65/extracted/Pre-operative_TCGA_LGG_NIfTI_and_Segmentations/TCGA-HT-7690/TCGA-HT-7690_1996.03.12_t2.nii.gz","2762406"
"data/brats_tcga_lgg_training_65/extracted/Pre-operative_TCGA_LGG_NIfTI_and_Segmentations/TCGA-HT-7694/TCGA-HT-7694_1995.04.04_flair.nii.gz","2163544"
"data/brats_tcga_lgg_training_65/extracted/Pre-operative_TCGA_LGG_NIfTI_and_Segmentations/TCGA-HT-7694/TCGA-HT-7694_1995.04.04_GlistrBoost.nii.gz","39678"
"data/brats_tcga_lgg_training_65/extracted/Pre-operative_TCGA_LGG_NIfTI_and_Segmentations/TCGA-HT-7694/TCGA-HT-7694_1995.04.04_GlistrBoost_ManuallyCorrected.nii.gz","48433"
"data/brats_tcga_lgg_training_65/extracted/Pre-operative_TCGA_LGG_NIfTI_and_Segmentations/TCGA-HT-7694/TCGA-HT-7694_1995.04.04_t1.nii.gz","2132922"
"data/brats_tcga_lgg_training_65/extracted/Pre-operative_TCGA_LGG_NIfTI_and_Segmentations/TCGA-HT-7694/TCGA-HT-7694_1995.04.04_t1Gd.nii.gz","2538996"
"data/brats_tcga_lgg_training_65/extracted/Pre-operative_TCGA_LGG_NIfTI_and_Segmentations/TCGA-HT-7694/TCGA-HT-7694_1995.04.04_t2.nii.gz","2214860"
"data/brats_tcga_lgg_training_65/extracted/Pre-operative_TCGA_LGG_NIfTI_and_Segmentations/TCGA-HT-7879/TCGA-HT-7879_1998.10.09_flair.nii.gz","2202532"
"data/brats_tcga_lgg_training_65/extracted/Pre-operative_TCGA_LGG_NIfTI_and_Segmentations/TCGA-HT-7879/TCGA-HT-7879_1998.10.09_GlistrBoost.nii.gz","25707"
"data/brats_tcga_lgg_training_65/extracted/Pre-operative_TCGA_LGG_NIfTI_and_Segmentations/TCGA-HT-7879/TCGA-HT-7879_1998.10.09_GlistrBoost_ManuallyCorrected.nii.gz","22494"
"data/brats_tcga_lgg_training_65/extracted/Pre-operative_TCGA_LGG_NIfTI_and_Segmentations/TCGA-HT-7879/TCGA-HT-7879_1998.10.09_t1.nii.gz","2439381"
"data/brats_tcga_lgg_training_65/extracted/Pre-operative_TCGA_LGG_NIfTI_and_Segmentations/TCGA-HT-7879/TCGA-HT-7879_1998.10.09_t1Gd.nii.gz","2452189"
"data/brats_tcga_lgg_training_65/extracted/Pre-operative_TCGA_LGG_NIfTI_and_Segmentations/TCGA-HT-7879/TCGA-HT-7879_1998.10.09_t2.nii.gz","2453671"
"data/brats_tcga_lgg_training_65/extracted/Pre-operative_TCGA_LGG_NIfTI_and_Segmentations/TCGA-HT-7884/TCGA-HT-7884_1998.09.13_flair.nii.gz","1918071"
"data/brats_tcga_lgg_training_65/extracted/Pre-operative_TCGA_LGG_NIfTI_and_Segmentations/TCGA-HT-7884/TCGA-HT-7884_1998.09.13_GlistrBoost.nii.gz","21399"
"data/brats_tcga_lgg_training_65/extracted/Pre-operative_TCGA_LGG_NIfTI_and_Segmentations/TCGA-HT-7884/TCGA-HT-7884_1998.09.13_GlistrBoost_ManuallyCorrected.nii.gz","19446"
"data/brats_tcga_lgg_training_65/extracted/Pre-operative_TCGA_LGG_NIfTI_and_Segmentations/TCGA-HT-7884/TCGA-HT-7884_1998.09.13_t1.nii.gz","1961321"
"data/brats_tcga_lgg_training_65/extracted/Pre-operative_TCGA_LGG_NIfTI_and_Segmentations/TCGA-HT-7884/TCGA-HT-7884_1998.09.13_t1Gd.nii.gz","2274703"
"data/brats_tcga_lgg_training_65/extracted/Pre-operative_TCGA_LGG_NIfTI_and_Segmentations/TCGA-HT-7884/TCGA-HT-7884_1998.09.13_t2.nii.gz","2192910"
"data/brats_tcga_lgg_training_65/extracted/Pre-operative_TCGA_LGG_NIfTI_and_Segmentations/TCGA-HT-8018/TCGA-HT-8018_1997.04.11_flair.nii.gz","1895582"
"data/brats_tcga_lgg_training_65/extracted/Pre-operative_TCGA_LGG_NIfTI_and_Segmentations/TCGA-HT-8018/TCGA-HT-8018_1997.04.11_GlistrBoost.nii.gz","19600"
"data/brats_tcga_lgg_training_65/extracted/Pre-operative_TCGA_LGG_NIfTI_and_Segmentations/TCGA-HT-8018/TCGA-HT-8018_1997.04.11_GlistrBoost_ManuallyCorrected.nii.gz","18962"
"data/brats_tcga_lgg_training_65/extracted/Pre-operative_TCGA_LGG_NIfTI_and_Segmentations/TCGA-HT-8018/TCGA-HT-8018_1997.04.11_t1.nii.gz","1968144"
"data/brats_tcga_lgg_training_65/extracted/Pre-operative_TCGA_LGG_NIfTI_and_Segmentations/TCGA-HT-8018/TCGA-HT-8018_1997.04.11_t1Gd.nii.gz","2350707"
"data/brats_tcga_lgg_training_65/extracted/Pre-operative_TCGA_LGG_NIfTI_and_Segmentations/TCGA-HT-8018/TCGA-HT-8018_1997.04.11_t2.nii.gz","2240159"
"data/brats_tcga_lgg_training_65/extracted/Pre-operative_TCGA_LGG_NIfTI_and_Segmentations/TCGA-HT-8111/TCGA-HT-8111_1998.03.30_flair.nii.gz","2563621"
"data/brats_tcga_lgg_training_65/extracted/Pre-operative_TCGA_LGG_NIfTI_and_Segmentations/TCGA-HT-8111/TCGA-HT-8111_1998.03.30_GlistrBoost.nii.gz","17557"
"data/brats_tcga_lgg_training_65/extracted/Pre-operative_TCGA_LGG_NIfTI_and_Segmentations/TCGA-HT-8111/TCGA-HT-8111_1998.03.30_t1.nii.gz","2654382"
"data/brats_tcga_lgg_training_65/extracted/Pre-operative_TCGA_LGG_NIfTI_and_Segmentations/TCGA-HT-8111/TCGA-HT-8111_1998.03.30_t1Gd.nii.gz","3038088"
"data/brats_tcga_lgg_training_65/extracted/Pre-operative_TCGA_LGG_NIfTI_and_Segmentations/TCGA-HT-8111/TCGA-HT-8111_1998.03.30_t2.nii.gz","3031822"
"data/brats_tcga_lgg_training_65/extracted/Pre-operative_TCGA_LGG_NIfTI_and_Segmentations/TCGA-HT-8114/TCGA-HT-8114_1998.10.30_flair.nii.gz","2414151"
"data/brats_tcga_lgg_training_65/extracted/Pre-operative_TCGA_LGG_NIfTI_and_Segmentations/TCGA-HT-8114/TCGA-HT-8114_1998.10.30_GlistrBoost.nii.gz","29643"
"data/brats_tcga_lgg_training_65/extracted/Pre-operative_TCGA_LGG_NIfTI_and_Segmentations/TCGA-HT-8114/TCGA-HT-8114_1998.10.30_GlistrBoost_ManuallyCorrected.nii.gz","31428"
"data/brats_tcga_lgg_training_65/extracted/Pre-operative_TCGA_LGG_NIfTI_and_Segmentations/TCGA-HT-8114/TCGA-HT-8114_1998.10.30_t1.nii.gz","2461810"
"data/brats_tcga_lgg_training_65/extracted/Pre-operative_TCGA_LGG_NIfTI_and_Segmentations/TCGA-HT-8114/TCGA-HT-8114_1998.10.30_t1Gd.nii.gz","2815663"
"data/brats_tcga_lgg_training_65/extracted/Pre-operative_TCGA_LGG_NIfTI_and_Segmentations/TCGA-HT-8114/TCGA-HT-8114_1998.10.30_t2.nii.gz","2845901"
"data/brats_tcga_lgg_training_65/extracted/Pre-operative_TCGA_LGG_NIfTI_and_Segmentations/TCGA-HT-8563/TCGA-HT-8563_1998.12.09_flair.nii.gz","2297237"
"data/brats_tcga_lgg_training_65/extracted/Pre-operative_TCGA_LGG_NIfTI_and_Segmentations/TCGA-HT-8563/TCGA-HT-8563_1998.12.09_GlistrBoost.nii.gz","28610"
"data/brats_tcga_lgg_training_65/extracted/Pre-operative_TCGA_LGG_NIfTI_and_Segmentations/TCGA-HT-8563/TCGA-HT-8563_1998.12.09_GlistrBoost_ManuallyCorrected.nii.gz","27277"
"data/brats_tcga_lgg_training_65/extracted/Pre-operative_TCGA_LGG_NIfTI_and_Segmentations/TCGA-HT-8563/TCGA-HT-8563_1998.12.09_t1.nii.gz","2327765"
"data/brats_tcga_lgg_training_65/extracted/Pre-operative_TCGA_LGG_NIfTI_and_Segmentations/TCGA-HT-8563/TCGA-HT-8563_1998.12.09_t1Gd.nii.gz","2693477"
"data/brats_tcga_lgg_training_65/extracted/Pre-operative_TCGA_LGG_NIfTI_and_Segmentations/TCGA-HT-8563/TCGA-HT-8563_1998.12.09_t2.nii.gz","2639817"
"data/brats_tcga_lgg_training_65/extracted/Pre-operative_TCGA_LGG_NIfTI_and_Segmentations/TCGA-HT-A61A/TCGA-HT-A61A_2000.01.27_flair.nii.gz","2029939"
"data/brats_tcga_lgg_training_65/extracted/Pre-operative_TCGA_LGG_NIfTI_and_Segmentations/TCGA-HT-A61A/TCGA-HT-A61A_2000.01.27_GlistrBoost.nii.gz","24297"
"data/brats_tcga_lgg_training_65/extracted/Pre-operative_TCGA_LGG_NIfTI_and_Segmentations/TCGA-HT-A61A/TCGA-HT-A61A_2000.01.27_GlistrBoost_ManuallyCorrected.nii.gz","28007"
"data/brats_tcga_lgg_training_65/extracted/Pre-operative_TCGA_LGG_NIfTI_and_Segmentations/TCGA-HT-A61A/TCGA-HT-A61A_2000.01.27_t1.nii.gz","2244910"
"data/brats_tcga_lgg_training_65/extracted/Pre-operative_TCGA_LGG_NIfTI_and_Segmentations/TCGA-HT-A61A/TCGA-HT-A61A_2000.01.27_t1Gd.nii.gz","2268398"
"data/brats_tcga_lgg_training_65/extracted/Pre-operative_TCGA_LGG_NIfTI_and_Segmentations/TCGA-HT-A61A/TCGA-HT-A61A_2000.01.27_t2.nii.gz","2181088"
"data/brats_tcga_lgg_training_65/PKG - BraTS-TCGA-LGG/BraTS-TCGA-LGG.sums","99"
"data/brats_tcga_lgg_training_65/PKG - BraTS-TCGA-LGG/BraTS-TCGA-LGG/Pre-operative_TCGA_LGG_NIfTI_and_Segmentations.zip","562585635"
"data/dao.py","5275"
"data/demo_upload_bo2023_819_single_samples/19R348.csv","409518"
"data/demo_upload_bo2023_819_single_samples/19R349.csv","409532"
"data/demo_upload_bo2023_819_single_samples/19R350.csv","411388"
"data/demo_upload_bo2023_819_single_samples/19R352.csv","412942"
"data/demo_upload_bo2023_819_single_samples/19R353.csv","408216"
"data/demo_upload_bo2023_819_single_samples/19R356.csv","410327"
"data/demo_upload_bo2023_819_single_samples/19R357.csv","411606"
"data/demo_upload_bo2023_819_single_samples/19R358.csv","411580"
"data/demo_upload_bo2023_819_single_samples/19R359.csv","411175"
"data/demo_upload_bo2023_819_single_samples/19R361.csv","411267"
"data/demo_upload_bo2023_819_single_samples/19R364.csv","408163"
"data/demo_upload_bo2023_819_single_samples/19R368.csv","410066"
"data/demo_upload_bo2023_819_single_samples/19R369.csv","410946"
"data/demo_upload_bo2023_819_single_samples/19R371.csv","410477"
"data/demo_upload_bo2023_819_single_samples/19R372.csv","411282"
"data/demo_upload_bo2023_819_single_samples/19R376.csv","408328"
"data/demo_upload_bo2023_819_single_samples/19R378.csv","410113"
"data/demo_upload_bo2023_819_single_samples/19R416.csv","410427"
"data/demo_upload_bo2023_819_single_samples/19R421.csv","408420"
"data/demo_upload_bo2023_819_single_samples/19R422.csv","411728"
"data/demo_upload_bo2023_819_single_samples/19R423.csv","411008"
"data/demo_upload_bo2023_819_single_samples/19R425.csv","410274"
"data/demo_upload_bo2023_819_single_samples/19R426.csv","410934"
"data/demo_upload_bo2023_819_single_samples/19R428.csv","410867"
"data/demo_upload_bo2023_819_single_samples/19R429.csv","410003"
"data/demo_upload_bo2023_819_single_samples/19R432.csv","409132"
"data/demo_upload_bo2023_819_single_samples/19R461.csv","410968"
"data/demo_upload_bo2023_819_single_samples/19R462.csv","409272"
"data/demo_upload_bo2023_819_single_samples/19R464.csv","406813"
"data/demo_upload_bo2023_819_single_samples/19R465.csv","409546"
"data/demo_upload_bo2023_819_single_samples/19R466.csv","409900"
"data/demo_upload_bo2023_819_single_samples/19R467.csv","410712"
"data/demo_upload_bo2023_819_single_samples/19R468.csv","410884"
"data/demo_upload_bo2023_819_single_samples/19R469.csv","410114"
"data/demo_upload_bo2023_819_single_samples/19R470.csv","408653"
"data/demo_upload_bo2023_819_single_samples/19R471.csv","410905"
"data/demo_upload_bo2023_819_single_samples/19R472.csv","410646"
"data/demo_upload_bo2023_819_single_samples/19R495.csv","414689"
"data/demo_upload_bo2023_819_single_samples/19R496.csv","410813"
"data/demo_upload_bo2023_819_single_samples/19R497.csv","410479"
"data/demo_upload_bo2023_819_single_samples/19R498.csv","411898"
"data/demo_upload_bo2023_819_single_samples/19R499.csv","411850"
"data/demo_upload_bo2023_819_single_samples/19R500.csv","411275"
"data/demo_upload_bo2023_819_single_samples/19R501.csv","412289"
"data/demo_upload_bo2023_819_single_samples/19R502.csv","410747"
"data/demo_upload_bo2023_819_single_samples/19R503.csv","409974"
"data/demo_upload_bo2023_819_single_samples/19R504.csv","412195"
"data/demo_upload_bo2023_819_single_samples/19R505.csv","411751"
"data/demo_upload_bo2023_819_single_samples/19R506.csv","412464"
"data/demo_upload_bo2023_819_single_samples/19R507.csv","411800"
"data/demo_upload_bo2023_819_single_samples/19R508.csv","411532"
"data/demo_upload_bo2023_819_single_samples/19R509.csv","411516"
"data/demo_upload_bo2023_819_single_samples/19R510.csv","411824"
"data/demo_upload_bo2023_819_single_samples/19R511.csv","410698"
"data/demo_upload_bo2023_819_single_samples/19R512.csv","412312"
"data/demo_upload_bo2023_819_single_samples/19R513.csv","411044"
"data/demo_upload_bo2023_819_single_samples/19R514.csv","412061"
"data/demo_upload_bo2023_819_single_samples/19R515.csv","410649"
"data/demo_upload_bo2023_819_single_samples/19R516.csv","412064"
"data/demo_upload_bo2023_819_single_samples/19R517.csv","411216"
"data/demo_upload_bo2023_819_single_samples/19R518.csv","411533"
"data/demo_upload_bo2023_819_single_samples/19R519.csv","412121"
"data/demo_upload_bo2023_819_single_samples/19R578.csv","411462"
"data/demo_upload_bo2023_819_single_samples/19R579.csv","411823"
"data/demo_upload_bo2023_819_single_samples/19R580.csv","410894"
"data/demo_upload_bo2023_819_single_samples/19R581.csv","411428"
"data/demo_upload_bo2023_819_single_samples/19R582.csv","412014"
"data/demo_upload_bo2023_819_single_samples/19R583.csv","411118"
"data/demo_upload_bo2023_819_single_samples/19R584.csv","412522"
"data/demo_upload_bo2023_819_single_samples/19R585.csv","411805"
"data/demo_upload_bo2023_819_single_samples/19R586.csv","411515"
"data/demo_upload_bo2023_819_single_samples/19R587.csv","410952"
"data/demo_upload_bo2023_819_single_samples/19R588.csv","411030"
"data/demo_upload_bo2023_819_single_samples/19R589.csv","412581"
"data/demo_upload_bo2023_819_single_samples/19R590.csv","411278"
"data/demo_upload_bo2023_819_single_samples/19R591.csv","411350"
"data/demo_upload_bo2023_819_single_samples/19R592.csv","409673"
"data/demo_upload_bo2023_819_single_samples/19R593.csv","410655"
"data/demo_upload_bo2023_819_single_samples/19R594.csv","411781"
"data/demo_upload_bo2023_819_single_samples/19R595.csv","411205"
"data/demo_upload_bo2023_819_single_samples/19R596.csv","411650"
"data/demo_upload_bo2023_819_single_samples/19R597.csv","411114"
"data/demo_upload_bo2023_819_single_samples/19R598.csv","410258"
"data/demo_upload_bo2023_819_single_samples/19R599.csv","411109"
"data/demo_upload_bo2023_819_single_samples/19R600.csv","411360"
"data/demo_upload_bo2023_819_single_samples/19R601.csv","411305"
"data/demo_upload_bo2023_819_single_samples/19R602.csv","410981"
"data/demo_upload_bo2023_819_single_samples/19R603.csv","410711"
"data/demo_upload_bo2023_819_single_samples/19R604.csv","410688"
"data/demo_upload_bo2023_819_single_samples/19R605.csv","410980"
"data/demo_upload_bo2023_819_single_samples/19R606.csv","412800"
"data/demo_upload_bo2023_819_single_samples/19R607.csv","413215"
"data/demo_upload_bo2023_819_single_samples/19R608.csv","412044"
"data/demo_upload_bo2023_819_single_samples/19R609.csv","412217"
"data/demo_upload_bo2023_819_single_samples/19R610.csv","414005"
"data/demo_upload_bo2023_819_single_samples/19R611.csv","415259"
"data/demo_upload_bo2023_819_single_samples/19R612.csv","416842"
"data/demo_upload_bo2023_819_single_samples/19R613.csv","411660"
"data/demo_upload_bo2023_819_single_samples/19R614.csv","411684"
"data/demo_upload_bo2023_819_single_samples/19R627.csv","411698"
"data/demo_upload_bo2023_819_single_samples/19R628.csv","412754"
"data/demo_upload_bo2023_819_single_samples/19R629.csv","412192"
"data/demo_upload_bo2023_819_single_samples/19R630.csv","413196"
"data/demo_upload_bo2023_819_single_samples/19R631.csv","412653"
"data/demo_upload_bo2023_819_single_samples/19R632.csv","412291"
"data/demo_upload_bo2023_819_single_samples/19R633.csv","412448"
"data/demo_upload_bo2023_819_single_samples/19R634.csv","413558"
"data/demo_upload_bo2023_819_single_samples/19R635.csv","414151"
"data/demo_upload_bo2023_819_single_samples/19R636.csv","412854"
"data/demo_upload_bo2023_819_single_samples/19R637.csv","413006"
"data/demo_upload_bo2023_819_single_samples/19R638.csv","412921"
"data/demo_upload_bo2023_819_single_samples/19R639.csv","412644"
"data/demo_upload_bo2023_819_single_samples/19R640.csv","412632"
"data/demo_upload_bo2023_819_single_samples/19R641.csv","412861"
"data/demo_upload_bo2023_819_single_samples/19R642.csv","412838"
"data/demo_upload_bo2023_819_single_samples/19R643.csv","412289"
"data/demo_upload_bo2023_819_single_samples/19R644.csv","412299"
"data/demo_upload_bo2023_819_single_samples/19R645.csv","413047"
"data/demo_upload_bo2023_819_single_samples/19R646.csv","412515"
"data/demo_upload_bo2023_819_single_samples/19R647.csv","411898"
"data/demo_upload_bo2023_819_single_samples/19R648.csv","412498"
"data/demo_upload_bo2023_819_single_samples/19R649.csv","412981"
"data/demo_upload_bo2023_819_single_samples/19R650.csv","413081"
"data/demo_upload_bo2023_819_single_samples/19R651.csv","411150"
"data/demo_upload_bo2023_819_single_samples/19R652.csv","410441"
"data/demo_upload_bo2023_819_single_samples/19R653.csv","410822"
"data/demo_upload_bo2023_819_single_samples/19R654.csv","410724"
"data/demo_upload_bo2023_819_single_samples/19R655.csv","411201"
"data/demo_upload_bo2023_819_single_samples/19R656.csv","412697"
"data/demo_upload_bo2023_819_single_samples/19R657.csv","409610"
"data/demo_upload_bo2023_819_single_samples/19R658.csv","412500"
"data/demo_upload_bo2023_819_single_samples/19R659.csv","413062"
"data/demo_upload_bo2023_819_single_samples/19R660.csv","414070"
"data/demo_upload_bo2023_819_single_samples/19R661.csv","410620"
"data/demo_upload_bo2023_819_single_samples/19R662.csv","411329"
"data/demo_upload_bo2023_819_single_samples/19R663.csv","411312"
"data/demo_upload_bo2023_819_single_samples/19R664.csv","412698"
"data/demo_upload_bo2023_819_single_samples/19R665.csv","412084"
"data/demo_upload_bo2023_819_single_samples/19R666.csv","411884"
"data/demo_upload_bo2023_819_single_samples/19R667.csv","411476"
"data/demo_upload_bo2023_819_single_samples/19R668.csv","412309"
"data/demo_upload_bo2023_819_single_samples/19R669.csv","411586"
"data/demo_upload_bo2023_819_single_samples/19R670.csv","411608"
"data/demo_upload_bo2023_819_single_samples/19R671.csv","410620"
"data/demo_upload_bo2023_819_single_samples/19R672.csv","411078"
"data/demo_upload_bo2023_819_single_samples/19R673.csv","411848"
"data/demo_upload_bo2023_819_single_samples/19R674.csv","410406"
"data/demo_upload_bo2023_819_single_samples/19R675.csv","412488"
"data/demo_upload_bo2023_819_single_samples/19R676.csv","413230"
"data/demo_upload_bo2023_819_single_samples/19R677.csv","411312"
"data/demo_upload_bo2023_819_single_samples/19R678.csv","412018"
"data/demo_upload_bo2023_819_single_samples/19R679.csv","413407"
"data/demo_upload_bo2023_819_single_samples/19R680.csv","412879"
"data/demo_upload_bo2023_819_single_samples/19R722.csv","412558"
"data/demo_upload_bo2023_819_single_samples/19R723.csv","414150"
"data/demo_upload_bo2023_819_single_samples/19R724.csv","414826"
"data/demo_upload_bo2023_819_single_samples/19R725.csv","413756"
"data/demo_upload_bo2023_819_single_samples/19R726.csv","413293"
"data/demo_upload_bo2023_819_single_samples/19R727.csv","412968"
"data/demo_upload_bo2023_819_single_samples/19R728.csv","413152"
"data/demo_upload_bo2023_819_single_samples/19R729.csv","412812"
"data/demo_upload_bo2023_819_single_samples/19R730.csv","412880"
"data/demo_upload_bo2023_819_single_samples/19R731.csv","411742"
"data/demo_upload_bo2023_819_single_samples/19R732.csv","414518"
"data/demo_upload_bo2023_819_single_samples/19R733.csv","413812"
"data/demo_upload_bo2023_819_single_samples/19R734.csv","414109"
"data/demo_upload_bo2023_819_single_samples/19R735.csv","414369"
"data/demo_upload_bo2023_819_single_samples/19R736.csv","414519"
"data/demo_upload_bo2023_819_single_samples/19R737.csv","413081"
"data/demo_upload_bo2023_819_single_samples/19R738.csv","412874"
"data/demo_upload_bo2023_819_single_samples/19R739.csv","413360"
"data/demo_upload_bo2023_819_single_samples/19R740.csv","413782"
"data/demo_upload_bo2023_819_single_samples/19R741.csv","413348"
"data/demo_upload_bo2023_819_single_samples/19R742.csv","414019"
"data/demo_upload_bo2023_819_single_samples/19R743.csv","413634"
"data/demo_upload_bo2023_819_single_samples/19R744.csv","414848"
"data/demo_upload_bo2023_819_single_samples/19R745.csv","415871"
"data/demo_upload_bo2023_819_single_samples/19R746.csv","411795"
"data/demo_upload_bo2023_819_single_samples/19R747.csv","411311"
"data/demo_upload_bo2023_819_single_samples/19R748.csv","411459"
"data/demo_upload_bo2023_819_single_samples/19R749.csv","412297"
"data/demo_upload_bo2023_819_single_samples/19R750.csv","413775"
"data/demo_upload_bo2023_819_single_samples/19R751.csv","412837"
"data/demo_upload_bo2023_819_single_samples/19R752.csv","414197"
"data/demo_upload_bo2023_819_single_samples/19R753.csv","412398"
"data/demo_upload_bo2023_819_single_samples/19R754.csv","413885"
"data/demo_upload_bo2023_819_single_samples/19R755.csv","411761"
"data/demo_upload_bo2023_819_single_samples/19R756.csv","413024"
"data/demo_upload_bo2023_819_single_samples/19R757.csv","411751"
"data/demo_upload_bo2023_819_single_samples/19R758.csv","412101"
"data/demo_upload_bo2023_819_single_samples/19R759.csv","412979"
"data/demo_upload_bo2023_819_single_samples/19R760.csv","412503"
"data/demo_upload_bo2023_819_single_samples/19R793.csv","412494"
"data/demo_upload_bo2023_819_single_samples/19R794.csv","412844"
"data/demo_upload_bo2023_819_single_samples/19R795.csv","413133"
"data/demo_upload_bo2023_819_single_samples/19R796.csv","412350"
"data/demo_upload_bo2023_819_single_samples/19R797.csv","413689"
"data/demo_upload_bo2023_819_single_samples/19R798.csv","412022"
"data/demo_upload_bo2023_819_single_samples/19R799.csv","413057"
"data/demo_upload_bo2023_819_single_samples/19R800.csv","412346"
"data/demo_upload_bo2023_819_single_samples/19R801.csv","412008"
"data/demo_upload_bo2023_819_single_samples/19R802.csv","411376"
"data/demo_upload_bo2023_819_single_samples/19R803.csv","411233"
"data/demo_upload_bo2023_819_single_samples/19R804.csv","410597"
"data/demo_upload_bo2023_819_single_samples/19R805.csv","411563"
"data/demo_upload_bo2023_819_single_samples/19R806.csv","411027"
"data/demo_upload_bo2023_819_single_samples/19R807.csv","411096"
"data/demo_upload_bo2023_819_single_samples/19R808.csv","411355"
"data/demo_upload_bo2023_819_single_samples/19R809.csv","410395"
"data/demo_upload_bo2023_819_single_samples/19R810.csv","409687"
"data/demo_upload_bo2023_819_single_samples/19R811.csv","410449"
"data/demo_upload_bo2023_819_single_samples/19R812.csv","411477"
"data/demo_upload_bo2023_819_single_samples/19R813.csv","411447"
"data/demo_upload_bo2023_819_single_samples/19R814.csv","410809"
"data/demo_upload_bo2023_819_single_samples/19R815.csv","412021"
"data/demo_upload_bo2023_819_single_samples/19R816.csv","409090"
"data/demo_upload_bo2023_819_single_samples/19R817.csv","411991"
"data/demo_upload_bo2023_819_single_samples/19R818.csv","412177"
"data/demo_upload_bo2023_819_single_samples/19R819.csv","412159"
"data/demo_upload_bo2023_819_single_samples/19R820.csv","411481"
"data/demo_upload_bo2023_819_single_samples/19R821.csv","411667"
"data/demo_upload_bo2023_819_single_samples/19R822.csv","412848"
"data/demo_upload_bo2023_819_single_samples/19R823.csv","412784"
"data/demo_upload_bo2023_819_single_samples/19R824.csv","413076"
"data/demo_upload_bo2023_819_single_samples/19R825.csv","413145"
"data/demo_upload_bo2023_819_single_samples/19R826.csv","411678"
"data/demo_upload_bo2023_819_single_samples/19R827.csv","411287"
"data/demo_upload_bo2023_819_single_samples/19R828.csv","414501"
"data/demo_upload_bo2023_819_single_samples/19R829.csv","411489"
"data/demo_upload_bo2023_819_single_samples/19R830.csv","412373"
"data/demo_upload_bo2023_819_single_samples/19R831.csv","411999"
"data/demo_upload_bo2023_819_single_samples/19R832.csv","413413"
"data/demo_upload_bo2023_819_single_samples/19R833.csv","411886"
"data/demo_upload_bo2023_819_single_samples/19R834.csv","413477"
"data/demo_upload_bo2023_819_single_samples/19R835.csv","414399"
"data/demo_upload_bo2023_819_single_samples/19R836.csv","412055"
"data/demo_upload_bo2023_819_single_samples/19R837.csv","412007"
"data/demo_upload_bo2023_819_single_samples/19R838.csv","411623"
"data/demo_upload_bo2023_819_single_samples/19R839.csv","412430"
"data/demo_upload_bo2023_819_single_samples/19R840.csv","411750"
"data/demo_upload_bo2023_819_single_samples/19R841.csv","415049"
"data/demo_upload_bo2023_819_single_samples/19R842.csv","414258"
"data/demo_upload_bo2023_819_single_samples/19R843.csv","415209"
"data/demo_upload_bo2023_819_single_samples/19R844.csv","413880"
"data/demo_upload_bo2023_819_single_samples/19R845.csv","414078"
"data/demo_upload_bo2023_819_single_samples/19R846.csv","414393"
"data/demo_upload_bo2023_819_single_samples/19R873.csv","413355"
"data/demo_upload_bo2023_819_single_samples/19R874.csv","412791"
"data/demo_upload_bo2023_819_single_samples/19R875.csv","413871"
"data/demo_upload_bo2023_819_single_samples/19R876.csv","413366"
"data/demo_upload_bo2023_819_single_samples/19R877.csv","413912"
"data/demo_upload_bo2023_819_single_samples/19R878.csv","415216"
"data/demo_upload_bo2023_819_single_samples/19R879.csv","413745"
"data/demo_upload_bo2023_819_single_samples/19R880.csv","413738"
"data/demo_upload_bo2023_819_single_samples/19R881.csv","414176"
"data/demo_upload_bo2023_819_single_samples/19R882.csv","414736"
"data/demo_upload_bo2023_819_single_samples/19R883.csv","414358"
"data/demo_upload_bo2023_819_single_samples/19R884.csv","414622"
"data/demo_upload_bo2023_819_single_samples/19R885.csv","413871"
"data/demo_upload_bo2023_819_single_samples/19R886.csv","413933"
"data/demo_upload_bo2023_819_single_samples/19R887.csv","413942"
"data/demo_upload_bo2023_819_single_samples/19R888.csv","414268"
"data/demo_upload_bo2023_819_single_samples/19R889.csv","414991"
"data/demo_upload_bo2023_819_single_samples/19R890.csv","414164"
"data/demo_upload_bo2023_819_single_samples/19R891.csv","414660"
"data/demo_upload_bo2023_819_single_samples/19R892.csv","414827"
"data/demo_upload_bo2023_819_single_samples/19R893.csv","414550"
"data/demo_upload_bo2023_819_single_samples/19R894.csv","414476"
"data/demo_upload_bo2023_819_single_samples/20R046.csv","414149"
"data/demo_upload_bo2023_819_single_samples/20R047.csv","413169"
"data/demo_upload_bo2023_819_single_samples/20R048.csv","411313"
"data/demo_upload_bo2023_819_single_samples/20R049.csv","411911"
"data/demo_upload_bo2023_819_single_samples/20R050.csv","412899"
"data/demo_upload_bo2023_819_single_samples/20R051.csv","413480"
"data/demo_upload_bo2023_819_single_samples/20R052.csv","412910"
"data/demo_upload_bo2023_819_single_samples/20R053.csv","412442"
"data/demo_upload_bo2023_819_single_samples/20R054.csv","411679"
"data/demo_upload_bo2023_819_single_samples/20R055.csv","411819"
"data/demo_upload_bo2023_819_single_samples/20R056.csv","412375"
"data/demo_upload_bo2023_819_single_samples/20R057.csv","412413"
"data/demo_upload_bo2023_819_single_samples/20R058.csv","411497"
"data/demo_upload_bo2023_819_single_samples/20R059.csv","412323"
"data/demo_upload_bo2023_819_single_samples/20R060.csv","411500"
"data/demo_upload_bo2023_819_single_samples/20R061.csv","414830"
"data/demo_upload_bo2023_819_single_samples/20R070.csv","414318"
"data/demo_upload_bo2023_819_single_samples/20R071.csv","411731"
"data/demo_upload_bo2023_819_single_samples/20R072.csv","411063"
"data/demo_upload_bo2023_819_single_samples/20R073.csv","410590"
"data/demo_upload_bo2023_819_single_samples/20R074.csv","410782"
"data/demo_upload_bo2023_819_single_samples/20R075.csv","410029"
"data/demo_upload_bo2023_819_single_samples/20R076.csv","410655"
"data/demo_upload_bo2023_819_single_samples/20R077.csv","411413"
"data/demo_upload_bo2023_819_single_samples/20R078.csv","411063"
"data/demo_upload_bo2023_819_single_samples/20R079.csv","410433"
"data/demo_upload_bo2023_819_single_samples/20R080.csv","410694"
"data/demo_upload_bo2023_819_single_samples/20R081.csv","411257"
"data/demo_upload_bo2023_819_single_samples/20R082.csv","408684"
"data/demo_upload_bo2023_819_single_samples/20R083.csv","411349"
"data/demo_upload_bo2023_819_single_samples/20R084.csv","411323"
"data/demo_upload_bo2023_819_single_samples/20R085.csv","410947"
"data/demo_upload_bo2023_819_single_samples/20R086.csv","409854"
"data/demo_upload_bo2023_819_single_samples/20R087.csv","410539"
"data/demo_upload_bo2023_819_single_samples/20R088.csv","410266"
"data/demo_upload_bo2023_819_single_samples/20R089.csv","411170"
"data/demo_upload_bo2023_819_single_samples/20R090.csv","410851"
"data/demo_upload_bo2023_819_single_samples/20R091.csv","411720"
"data/demo_upload_bo2023_819_single_samples/20R092.csv","411198"
"data/demo_upload_bo2023_819_single_samples/20R093.csv","411240"
"data/demo_upload_bo2023_819_single_samples/20R094.csv","409496"
"data/demo_upload_bo2023_819_single_samples/20R095.csv","410989"
"data/demo_upload_bo2023_819_single_samples/20R096.csv","411994"
"data/demo_upload_bo2023_819_single_samples/20R097.csv","411289"
"data/demo_upload_bo2023_819_single_samples/20R098.csv","410624"
"data/demo_upload_bo2023_819_single_samples/20R099.csv","411922"
"data/demo_upload_bo2023_819_single_samples/20R100.csv","410578"
"data/demo_upload_bo2023_819_single_samples/20R101.csv","410650"
"data/demo_upload_bo2023_819_single_samples/20R102.csv","413792"
"data/demo_upload_bo2023_819_single_samples/20R103.csv","409089"
"data/demo_upload_bo2023_819_single_samples/20R104.csv","409684"
"data/demo_upload_bo2023_819_single_samples/20R105.csv","410533"
"data/demo_upload_bo2023_819_single_samples/20R106.csv","412577"
"data/demo_upload_bo2023_819_single_samples/20R107.csv","409332"
"data/demo_upload_bo2023_819_single_samples/20R108.csv","409508"
"data/demo_upload_bo2023_819_single_samples/20R109.csv","412790"
"data/demo_upload_bo2023_819_single_samples/20R110.csv","414110"
"data/demo_upload_bo2023_819_single_samples/20R111.csv","412877"
"data/demo_upload_bo2023_819_single_samples/20R112.csv","412617"
"data/demo_upload_bo2023_819_single_samples/20R113.csv","412356"
"data/demo_upload_bo2023_819_single_samples/20R114.csv","412523"
"data/demo_upload_bo2023_819_single_samples/20R115.csv","413596"
"data/demo_upload_bo2023_819_single_samples/20R116.csv","412545"
"data/demo_upload_bo2023_819_single_samples/20R117.csv","412655"
"data/demo_upload_bo2023_819_single_samples/20R118.csv","408956"
"data/demo_upload_bo2023_819_single_samples/20R119.csv","410517"
"data/demo_upload_bo2023_819_single_samples/20R120.csv","409235"
"data/demo_upload_bo2023_819_single_samples/20R121.csv","409636"
"data/demo_upload_bo2023_819_single_samples/20R122.csv","409220"
"data/demo_upload_bo2023_819_single_samples/20R123.csv","409152"
"data/demo_upload_bo2023_819_single_samples/20R124.csv","409548"
"data/demo_upload_bo2023_819_single_samples/20R125.csv","412047"
"data/demo_upload_bo2023_819_single_samples/20R126.csv","411376"
"data/demo_upload_bo2023_819_single_samples/20R127.csv","411534"
"data/demo_upload_bo2023_819_single_samples/20R128.csv","410618"
"data/demo_upload_bo2023_819_single_samples/20R129.csv","410852"
"data/demo_upload_bo2023_819_single_samples/20R130.csv","408937"
"data/demo_upload_bo2023_819_single_samples/20R131.csv","410161"
"data/demo_upload_bo2023_819_single_samples/20R132.csv","410915"
"data/demo_upload_bo2023_819_single_samples/20R133.csv","411215"
"data/demo_upload_bo2023_819_single_samples/20R134.csv","408915"
"data/demo_upload_bo2023_819_single_samples/20R135.csv","412334"
"data/demo_upload_bo2023_819_single_samples/20R136.csv","409765"
"data/demo_upload_bo2023_819_single_samples/20R137.csv","409758"
"data/demo_upload_bo2023_819_single_samples/20R138.csv","409610"
"data/demo_upload_bo2023_819_single_samples/20R139.csv","408911"
"data/demo_upload_bo2023_819_single_samples/20R140.csv","410171"
"data/demo_upload_bo2023_819_single_samples/20R141.csv","411273"
"data/demo_upload_bo2023_819_single_samples/20R142.csv","408775"
"data/demo_upload_bo2023_819_single_samples/20R143.csv","411669"
"data/demo_upload_bo2023_819_single_samples/20R144.csv","410116"
"data/demo_upload_bo2023_819_single_samples/20R145.csv","410239"
"data/demo_upload_bo2023_819_single_samples/20R146.csv","412402"
"data/demo_upload_bo2023_819_single_samples/20R147.csv","409045"
"data/demo_upload_bo2023_819_single_samples/20R148.csv","410087"
"data/demo_upload_bo2023_819_single_samples/20R149.csv","410758"
"data/demo_upload_bo2023_819_single_samples/20R150.csv","411365"
"data/demo_upload_bo2023_819_single_samples/20R151.csv","409529"
"data/demo_upload_bo2023_819_single_samples/20R152.csv","410106"
"data/demo_upload_bo2023_819_single_samples/20R153.csv","410732"
"data/demo_upload_bo2023_819_single_samples/20R154.csv","407441"
"data/demo_upload_bo2023_819_single_samples/20R155.csv","404841"
"data/demo_upload_bo2023_819_single_samples/20R156.csv","406798"
"data/demo_upload_bo2023_819_single_samples/20R157.csv","406231"
"data/demo_upload_bo2023_819_single_samples/20R158.csv","406135"
"data/demo_upload_bo2023_819_single_samples/20R159.csv","407645"
"data/demo_upload_bo2023_819_single_samples/20R160.csv","406766"
"data/demo_upload_bo2023_819_single_samples/20R161.csv","406380"
"data/demo_upload_bo2023_819_single_samples/20R162.csv","410350"
"data/demo_upload_bo2023_819_single_samples/20R163.csv","411069"
"data/demo_upload_bo2023_819_single_samples/20R164.csv","411581"
"data/demo_upload_bo2023_819_single_samples/20R165.csv","411160"
"data/demo_upload_bo2023_819_single_samples/20R166.csv","409877"
"data/demo_upload_bo2023_819_single_samples/20R167.csv","408698"
"data/demo_upload_bo2023_819_single_samples/20R168.csv","409066"
"data/demo_upload_bo2023_819_single_samples/20R169.csv","410544"
"data/demo_upload_bo2023_819_single_samples/20R170.csv","410630"
"data/demo_upload_bo2023_819_single_samples/20R171.csv","411850"
"data/demo_upload_bo2023_819_single_samples/20R172.csv","410406"
"data/demo_upload_bo2023_819_single_samples/20R173.csv","410423"
"data/demo_upload_bo2023_819_single_samples/20R174.csv","410697"
"data/demo_upload_bo2023_819_single_samples/20R175.csv","409012"
"data/demo_upload_bo2023_819_single_samples/20R176.csv","409535"
"data/demo_upload_bo2023_819_single_samples/20R177.csv","409804"
"data/demo_upload_bo2023_819_single_samples/20R178.csv","409391"
"data/demo_upload_bo2023_819_single_samples/20R179.csv","411535"
"data/demo_upload_bo2023_819_single_samples/20R180.csv","410298"
"data/demo_upload_bo2023_819_single_samples/20R181.csv","410152"
"data/demo_upload_bo2023_819_single_samples/20R182.csv","409251"
"data/demo_upload_bo2023_819_single_samples/20R183.csv","409937"
"data/demo_upload_bo2023_819_single_samples/20R184.csv","409225"
"data/demo_upload_bo2023_819_single_samples/20R185.csv","410237"
"data/demo_upload_bo2023_819_single_samples/20R186.csv","413040"
"data/demo_upload_bo2023_819_single_samples/20R187.csv","412705"
"data/demo_upload_bo2023_819_single_samples/20R188.csv","413105"
"data/demo_upload_bo2023_819_single_samples/20R189.csv","412609"
"data/demo_upload_bo2023_819_single_samples/20R190.csv","411631"
"data/demo_upload_bo2023_819_single_samples/20R191.csv","414315"
"data/demo_upload_bo2023_819_single_samples/20R192.csv","412213"
"data/demo_upload_bo2023_819_single_samples/20R193.csv","413462"
"data/demo_upload_bo2023_819_single_samples/20R194.csv","412688"
"data/demo_upload_bo2023_819_single_samples/20R195.csv","412973"
"data/demo_upload_bo2023_819_single_samples/20R196.csv","412758"
"data/demo_upload_bo2023_819_single_samples/20R197.csv","412695"
"data/demo_upload_bo2023_819_single_samples/20R198.csv","411857"
"data/demo_upload_bo2023_819_single_samples/20R199.csv","413086"
"data/demo_upload_bo2023_819_single_samples/20R200.csv","412218"
"data/demo_upload_bo2023_819_single_samples/20R201.csv","412864"
"data/demo_upload_bo2023_819_single_samples/20R202.csv","412940"
"data/demo_upload_bo2023_819_single_samples/20R203.csv","412419"
"data/demo_upload_bo2023_819_single_samples/20R204.csv","413619"
"data/demo_upload_bo2023_819_single_samples/20R205.csv","412560"
"data/demo_upload_bo2023_819_single_samples/20R206.csv","413898"
"data/demo_upload_bo2023_819_single_samples/20R207.csv","413000"
"data/demo_upload_bo2023_819_single_samples/20R208.csv","412545"
"data/demo_upload_bo2023_819_single_samples/20R209.csv","412978"
"data/demo_upload_bo2023_819_single_samples/20R210.csv","413672"
"data/demo_upload_bo2023_819_single_samples/20R211.csv","413102"
"data/demo_upload_bo2023_819_single_samples/20R212.csv","413448"
"data/demo_upload_bo2023_819_single_samples/20R213.csv","413205"
"data/demo_upload_bo2023_819_single_samples/20R214.csv","413063"
"data/demo_upload_bo2023_819_single_samples/20R215.csv","414246"
"data/demo_upload_bo2023_819_single_samples/20R216.csv","413312"
"data/demo_upload_bo2023_819_single_samples/20R217.csv","414831"
"data/demo_upload_bo2023_819_single_samples/20R218.csv","412474"
"data/demo_upload_bo2023_819_single_samples/20R219.csv","412542"
"data/demo_upload_bo2023_819_single_samples/20R220.csv","412648"
"data/demo_upload_bo2023_819_single_samples/20R221.csv","411775"
"data/demo_upload_bo2023_819_single_samples/20R222.csv","411411"
"data/demo_upload_bo2023_819_single_samples/20R223.csv","409448"
"data/demo_upload_bo2023_819_single_samples/20R224.csv","410847"
"data/demo_upload_bo2023_819_single_samples/20R225.csv","412659"
"data/demo_upload_bo2023_819_single_samples/20R226.csv","411861"
"data/demo_upload_bo2023_819_single_samples/20R227.csv","412798"
"data/demo_upload_bo2023_819_single_samples/20R228.csv","411963"
"data/demo_upload_bo2023_819_single_samples/20R229.csv","411443"
"data/demo_upload_bo2023_819_single_samples/20R230.csv","410852"
"data/demo_upload_bo2023_819_single_samples/20R231.csv","411075"
"data/demo_upload_bo2023_819_single_samples/20R232.csv","411235"
"data/demo_upload_bo2023_819_single_samples/20R233.csv","412673"
"data/demo_upload_bo2023_819_single_samples/20R234.csv","412154"
"data/demo_upload_bo2023_819_single_samples/20R235.csv","414609"
"data/demo_upload_bo2023_819_single_samples/20R236.csv","412510"
"data/demo_upload_bo2023_819_single_samples/20R237.csv","413658"
"data/demo_upload_bo2023_819_single_samples/20R238.csv","409404"
"data/demo_upload_bo2023_819_single_samples/20R239.csv","410040"
"data/demo_upload_bo2023_819_single_samples/20R240.csv","410644"
"data/demo_upload_bo2023_819_single_samples/20R241.csv","409594"
"data/demo_upload_bo2023_819_single_samples/20R242.csv","409839"
"data/demo_upload_bo2023_819_single_samples/20R243.csv","410546"
"data/demo_upload_bo2023_819_single_samples/20R244.csv","410436"
"data/demo_upload_bo2023_819_single_samples/20R245.csv","410447"
"data/demo_upload_bo2023_819_single_samples/20R246.csv","410466"
"data/demo_upload_bo2023_819_single_samples/20R247.csv","411122"
"data/demo_upload_bo2023_819_single_samples/20R248.csv","411051"
"data/demo_upload_bo2023_819_single_samples/20R249.csv","411259"
"data/demo_upload_bo2023_819_single_samples/20R250.csv","411536"
"data/demo_upload_bo2023_819_single_samples/20R251.csv","410935"
"data/demo_upload_bo2023_819_single_samples/20R252.csv","411525"
"data/demo_upload_bo2023_819_single_samples/20R253.csv","412221"
"data/demo_upload_bo2023_819_single_samples/20R254.csv","409997"
"data/demo_upload_bo2023_819_single_samples/20R255.csv","410353"
"data/demo_upload_bo2023_819_single_samples/20R256.csv","410764"
"data/demo_upload_bo2023_819_single_samples/20R257.csv","409808"
"data/demo_upload_bo2023_819_single_samples/20R258.csv","403697"
"data/demo_upload_bo2023_819_single_samples/20R259.csv","410161"
"data/demo_upload_bo2023_819_single_samples/20R260.csv","410346"
"data/demo_upload_bo2023_819_single_samples/20R261.csv","411292"
"data/demo_upload_bo2023_819_single_samples/20R262.csv","410817"
"data/demo_upload_bo2023_819_single_samples/20R263.csv","412763"
"data/demo_upload_bo2023_819_single_samples/20R264.csv","410868"
"data/demo_upload_bo2023_819_single_samples/20R265.csv","411255"
"data/demo_upload_bo2023_819_single_samples/20R270.csv","410735"
"data/demo_upload_bo2023_819_single_samples/20R271.csv","411490"
"data/demo_upload_bo2023_819_single_samples/20R272.csv","409282"
"data/demo_upload_bo2023_819_single_samples/20R273.csv","409723"
"data/demo_upload_bo2023_819_single_samples/20R274.csv","410866"
"data/demo_upload_bo2023_819_single_samples/20R275.csv","410681"
"data/demo_upload_bo2023_819_single_samples/20R276.csv","411259"
"data/demo_upload_bo2023_819_single_samples/20R277.csv","411291"
"data/demo_upload_bo2023_819_single_samples/20R278.csv","411383"
"data/demo_upload_bo2023_819_single_samples/20R279.csv","410778"
"data/demo_upload_bo2023_819_single_samples/20R280.csv","410614"
"data/demo_upload_bo2023_819_single_samples/20R281.csv","410236"
"data/demo_upload_bo2023_819_single_samples/20R282.csv","410306"
"data/demo_upload_bo2023_819_single_samples/20R283.csv","409780"
"data/demo_upload_bo2023_819_single_samples/20R284.csv","409501"
"data/demo_upload_bo2023_819_single_samples/20R285.csv","410723"
"data/demo_upload_bo2023_819_single_samples/20R286.csv","409189"
"data/demo_upload_bo2023_819_single_samples/20R287.csv","410366"
"data/demo_upload_bo2023_819_single_samples/20R288.csv","414140"
"data/demo_upload_bo2023_819_single_samples/20R289.csv","413988"
"data/demo_upload_bo2023_819_single_samples/20R290.csv","413657"
"data/demo_upload_bo2023_819_single_samples/20R291.csv","407191"
"data/demo_upload_bo2023_819_single_samples/20R293.csv","406743"
"data/demo_upload_bo2023_819_single_samples/20R294.csv","407979"
"data/demo_upload_bo2023_819_single_samples/20R300.csv","409298"
"data/demo_upload_bo2023_819_single_samples/20R301.csv","409673"
"data/demo_upload_bo2023_819_single_samples/20R302.csv","409299"
"data/demo_upload_bo2023_819_single_samples/20R303.csv","409699"
"data/demo_upload_bo2023_819_single_samples/20R304.csv","409235"
"data/demo_upload_bo2023_819_single_samples/20R305.csv","410043"
"data/demo_upload_bo2023_819_single_samples/20R306.csv","409006"
"data/demo_upload_bo2023_819_single_samples/20R307.csv","407927"
"data/demo_upload_bo2023_819_single_samples/20R308.csv","407311"
"data/demo_upload_bo2023_819_single_samples/20R309.csv","409333"
"data/demo_upload_bo2023_819_single_samples/20R310.csv","412034"
"data/demo_upload_bo2023_819_single_samples/20R311.csv","408492"
"data/demo_upload_bo2023_819_single_samples/20R312.csv","408047"
"data/demo_upload_bo2023_819_single_samples/20R313.csv","411105"
"data/demo_upload_bo2023_819_single_samples/20R314.csv","409064"
"data/demo_upload_bo2023_819_single_samples/20R315.csv","410735"
"data/demo_upload_bo2023_819_single_samples/20R316.csv","411801"
"data/demo_upload_bo2023_819_single_samples/20R320.csv","407949"
"data/demo_upload_bo2023_819_single_samples/20R321.csv","408402"
"data/demo_upload_bo2023_819_single_samples/20R322.csv","408860"
"data/demo_upload_bo2023_819_single_samples/20R323.csv","407623"
"data/demo_upload_bo2023_819_single_samples/20R324.csv","408163"
"data/demo_upload_bo2023_819_single_samples/20R325.csv","409141"
"data/demo_upload_bo2023_819_single_samples/20R326.csv","408756"
"data/demo_upload_bo2023_819_single_samples/20R327.csv","407477"
"data/demo_upload_bo2023_819_single_samples/20R328.csv","407011"
"data/demo_upload_bo2023_819_single_samples/20R331.csv","407930"
"data/demo_upload_bo2023_819_single_samples/20R332.csv","406685"
"data/demo_upload_bo2023_819_single_samples/20R335.csv","407392"
"data/demo_upload_bo2023_819_single_samples/20R336.csv","406812"
"data/demo_upload_bo2023_819_single_samples/20R337.csv","408269"
"data/demo_upload_bo2023_819_single_samples/20R338.csv","410075"
"data/demo_upload_bo2023_819_single_samples/20R340.csv","408213"
"data/demo_upload_bo2023_819_single_samples/20R341.csv","407850"
"data/demo_upload_bo2023_819_single_samples/20R342.csv","407977"
"data/demo_upload_bo2023_819_single_samples/20R343.csv","408523"
"data/demo_upload_bo2023_819_single_samples/20R344.csv","410705"
"data/demo_upload_bo2023_819_single_samples/20R345.csv","409945"
"data/demo_upload_bo2023_819_single_samples/20R346.csv","410826"
"data/demo_upload_bo2023_819_single_samples/20R347.csv","411495"
"data/demo_upload_bo2023_819_single_samples/20R360.csv","413272"
"data/demo_upload_bo2023_819_single_samples/20R361.csv","412609"
"data/demo_upload_bo2023_819_single_samples/20R362.csv","412356"
"data/demo_upload_bo2023_819_single_samples/20R363.csv","413325"
"data/demo_upload_bo2023_819_single_samples/20R364.csv","412176"
"data/demo_upload_bo2023_819_single_samples/20R365.csv","412931"
"data/demo_upload_bo2023_819_single_samples/20R366.csv","413448"
"data/demo_upload_bo2023_819_single_samples/20R367.csv","412547"
"data/demo_upload_bo2023_819_single_samples/20R368.csv","414418"
"data/demo_upload_bo2023_819_single_samples/20R369.csv","413661"
"data/demo_upload_bo2023_819_single_samples/20R370.csv","412243"
"data/demo_upload_bo2023_819_single_samples/20R371.csv","413099"
"data/demo_upload_bo2023_819_single_samples/20R372.csv","411746"
"data/demo_upload_bo2023_819_single_samples/20R373.csv","413181"
"data/demo_upload_bo2023_819_single_samples/20R374.csv","412225"
"data/demo_upload_bo2023_819_single_samples/20R375.csv","413936"
"data/demo_upload_bo2023_819_single_samples/20R376.csv","412735"
"data/demo_upload_bo2023_819_single_samples/20R377.csv","413203"
"data/demo_upload_bo2023_819_single_samples/20R378.csv","412424"
"data/demo_upload_bo2023_819_single_samples/20R379.csv","412386"
"data/demo_upload_bo2023_819_single_samples/20R380.csv","412623"
"data/demo_upload_bo2023_819_single_samples/20R381.csv","412968"
"data/demo_upload_bo2023_819_single_samples/20R382.csv","412513"
"data/demo_upload_bo2023_819_single_samples/20R383.csv","413740"
"data/demo_upload_bo2023_819_single_samples/20R384.csv","411918"
"data/demo_upload_bo2023_819_single_samples/20R385.csv","411608"
"data/demo_upload_bo2023_819_single_samples/20R386.csv","413596"
"data/demo_upload_bo2023_819_single_samples/20R387.csv","413943"
"data/demo_upload_bo2023_819_single_samples/20R388.csv","413185"
"data/demo_upload_bo2023_819_single_samples/20R504.csv","411443"
"data/demo_upload_bo2023_819_single_samples/20R505.csv","412974"
"data/demo_upload_bo2023_819_single_samples/20R506.csv","412696"
"data/demo_upload_bo2023_819_single_samples/20R507.csv","413816"
"data/demo_upload_bo2023_819_single_samples/20R508.csv","411784"
"data/demo_upload_bo2023_819_single_samples/20R509.csv","412777"
"data/demo_upload_bo2023_819_single_samples/20R510.csv","414191"
"data/demo_upload_bo2023_819_single_samples/20R511.csv","412314"
"data/demo_upload_bo2023_819_single_samples/20R512.csv","413976"
"data/demo_upload_bo2023_819_single_samples/20R513.csv","410868"
"data/demo_upload_bo2023_819_single_samples/20R514.csv","412361"
"data/demo_upload_bo2023_819_single_samples/20R515.csv","412063"
"data/demo_upload_bo2023_819_single_samples/20R516.csv","410848"
"data/demo_upload_bo2023_819_single_samples/20R517.csv","413732"
"data/demo_upload_bo2023_819_single_samples/20R518.csv","414037"
"data/demo_upload_bo2023_819_single_samples/20R519.csv","413572"
"data/demo_upload_bo2023_819_single_samples/20R520.csv","412889"
"data/demo_upload_bo2023_819_single_samples/20R521.csv","411842"
"data/demo_upload_bo2023_819_single_samples/20R522.csv","412413"
"data/demo_upload_bo2023_819_single_samples/20R523.csv","412607"
"data/demo_upload_bo2023_819_single_samples/20R524.csv","412139"
"data/demo_upload_bo2023_819_single_samples/20R525.csv","412005"
"data/demo_upload_bo2023_819_single_samples/20R526.csv","410849"
"data/demo_upload_bo2023_819_single_samples/20R527.csv","410919"
"data/demo_upload_bo2023_819_single_samples/20R528.csv","411542"
"data/demo_upload_bo2023_819_single_samples/20R529.csv","411514"
"data/demo_upload_bo2023_819_single_samples/20R530.csv","411155"
"data/demo_upload_bo2023_819_single_samples/20R531.csv","411165"
"data/demo_upload_bo2023_819_single_samples/20R532.csv","411835"
"data/demo_upload_bo2023_819_single_samples/20R533.csv","409901"
"data/demo_upload_bo2023_819_single_samples/20R534.csv","409609"
"data/demo_upload_bo2023_819_single_samples/20R535.csv","411505"
"data/demo_upload_bo2023_819_single_samples/20R536.csv","413225"
"data/demo_upload_bo2023_819_single_samples/20R537.csv","410894"
"data/demo_upload_bo2023_819_single_samples/20R538.csv","411685"
"data/demo_upload_bo2023_819_single_samples/20R539.csv","411237"
"data/demo_upload_bo2023_819_single_samples/20R540.csv","409190"
"data/demo_upload_bo2023_819_single_samples/20R611.csv","410392"
"data/demo_upload_bo2023_819_single_samples/20R612.csv","410778"
"data/demo_upload_bo2023_819_single_samples/20R613.csv","410472"
"data/demo_upload_bo2023_819_single_samples/20R614.csv","410657"
"data/demo_upload_bo2023_819_single_samples/20R615.csv","409163"
"data/demo_upload_bo2023_819_single_samples/20R616.csv","411518"
"data/demo_upload_bo2023_819_single_samples/20R617.csv","409515"
"data/demo_upload_bo2023_819_single_samples/20R618.csv","409976"
"data/demo_upload_bo2023_819_single_samples/20R619.csv","411255"
"data/demo_upload_bo2023_819_single_samples/20R620.csv","410895"
"data/demo_upload_bo2023_819_single_samples/20R621.csv","412330"
"data/demo_upload_bo2023_819_single_samples/20R622.csv","410039"
"data/demo_upload_bo2023_819_single_samples/20R623.csv","408740"
"data/demo_upload_bo2023_819_single_samples/20R624.csv","410459"
"data/demo_upload_bo2023_819_single_samples/20R625.csv","410497"
"data/demo_upload_bo2023_819_single_samples/20R626.csv","410017"
"data/demo_upload_bo2023_819_single_samples/20R627.csv","409642"
"data/demo_upload_bo2023_819_single_samples/20R628.csv","409499"
"data/demo_upload_bo2023_819_single_samples/20R629.csv","407884"
"data/demo_upload_bo2023_819_single_samples/20R630.csv","410428"
"data/demo_upload_bo2023_819_single_samples/20R631.csv","409078"
"data/demo_upload_bo2023_819_single_samples/20R632.csv","409416"
"data/demo_upload_bo2023_819_single_samples/20R633.csv","408860"
"data/demo_upload_bo2023_819_single_samples/20R634.csv","409749"
"data/demo_upload_bo2023_819_single_samples/20R635.csv","409575"
"data/demo_upload_bo2023_819_single_samples/20R636.csv","410383"
"data/demo_upload_bo2023_819_single_samples/20R637.csv","410337"
"data/demo_upload_bo2023_819_single_samples/20R638.csv","409714"
"data/demo_upload_bo2023_819_single_samples/20R639.csv","409754"
"data/demo_upload_bo2023_819_single_samples/20R640.csv","410804"
"data/demo_upload_bo2023_819_single_samples/20R641.csv","411163"
"data/demo_upload_bo2023_819_single_samples/20R642.csv","411464"
"data/demo_upload_bo2023_819_single_samples/manifest.csv","60323"
"data/demo_upload_bo2023_819_single_samples/qbt-L-10m-8-13_BRRL200004992-1A.csv","410833"
"data/demo_upload_bo2023_819_single_samples/qbt-L-10o_BRRL200004689-1A.csv","411227"
"data/demo_upload_bo2023_819_single_samples/qbt-L-11l-8-13_BRRL200004990-1A.csv","411674"
"data/demo_upload_bo2023_819_single_samples/qbt-L-11m-8-13_BRRL200004989-1A.csv","411401"
"data/demo_upload_bo2023_819_single_samples/qbt-L-1-2-8-2_BRRL200004958-1A.csv","411937"
"data/demo_upload_bo2023_819_single_samples/qbt-L-12m-8-13_BRRL200004988-1A.csv","412249"
"data/demo_upload_bo2023_819_single_samples/qbt-L-12o-8-31_BRRL200008129-1A.csv","413953"
"data/demo_upload_bo2023_819_single_samples/qbt-L-12r-8-13_BRRL200004987-1A.csv","411687"
"data/demo_upload_bo2023_819_single_samples/qbt-L-13b-8-13_BRRL200004991-1A.csv","410963"
"data/demo_upload_bo2023_819_single_samples/qbt-L-13l-8-31_BRRL200008130-1A.csv","412523"
"data/demo_upload_bo2023_819_single_samples/qbt-L-13m-8-31_BRRL200008131-1A.csv","413185"
"data/demo_upload_bo2023_819_single_samples/qbt-L-14c-8-31_BRRL200008132-1A.csv","412313"
"data/demo_upload_bo2023_819_single_samples/qbt-L-24c-8-11_BRRL200004971-1A.csv","413437"
"data/demo_upload_bo2023_819_single_samples/qbt-L-24c-8-13_BRRL200004993-1A.csv","411378"
"data/demo_upload_bo2023_819_single_samples/qbt-L-32-8-31_BRRL200008305-1A.csv","413250"
"data/demo_upload_bo2023_819_single_samples/qbt-L-45-8-31_BRRL200008128-1A.csv","412575"
"data/demo_upload_bo2023_819_single_samples/qbt-L-46d_BRRL200004690-1A.csv","411748"
"data/demo_upload_bo2023_819_single_samples/qbt-L-46v-8-13_BRRL200004986-1A.csv","411470"
"data/demo_upload_bo2023_819_single_samples/qbt-L-5-8-24_BRRL200007485-1A.csv","412266"
"data/demo_upload_bo2023_819_single_samples/qbt-L-7a-8-27_BRRL200007563-1A.csv","412195"
"data/demo_upload_bo2023_819_single_samples/qbt-L-7b-8-24_BRRL200007486-1A.csv","412752"
"data/demo_upload_bo2023_819_single_samples/qbt-L-7op-8-24_BRRL200007487-1A.csv","412048"
"data/demo_upload_bo2023_819_single_samples/qbt-L-8A-8-31_BRRL200008127-1A.csv","411726"
"data/demo_upload_bo2023_819_single_samples/qbt-L-8Bd-8-31_BRRL200008125-1A.csv","411675"
"data/demo_upload_bo2023_819_single_samples/qbt-L-8Bs-8-31_BRRL200008126-1A.csv","412266"
"data/demo_upload_bo2023_819_single_samples/qbt-L-9m-8-13_BRRL200004985-1A.csv","411970"
"data/demo_upload_bo2023_819_single_samples/qbt-L-AI-8-24_BRRL200007488-1A.csv","411392"
"data/demo_upload_bo2023_819_single_samples/qbt-L-CL-8-24_BRRL200007489-1A.csv","411672"
"data/demo_upload_bo2023_819_single_samples/qbt-L-F1-8-2_BRRL200004956-1A.csv","413430"
"data/demo_upload_bo2023_819_single_samples/qbt-L-F2-8-2_BRRL200004955-1A.csv","412931"
"data/demo_upload_bo2023_819_single_samples/qbt-L-F3-8-2_BRRL200004954-1A.csv","412793"
"data/demo_upload_bo2023_819_single_samples/qbt-L-F4-8-14_BRRL200006260-1A.csv","412182"
"data/demo_upload_bo2023_819_single_samples/qbt-L-F5-8-14_BRRL200006259-1A.csv","411365"
"data/demo_upload_bo2023_819_single_samples/qbt-L-F7-8-31_BRRL200008124-1A.csv","412765"
"data/demo_upload_bo2023_819_single_samples/qbt-L-FST-8-27_BRRL200007928-1A.csv","413162"
"data/demo_upload_bo2023_819_single_samples/qbt-L-G-8-14_BRRL200006262-1A.csv","412005"
"data/demo_upload_bo2023_819_single_samples/qbt-L-Ial-8-14_BRRL200006263-1A.csv","412186"
"data/demo_upload_bo2023_819_single_samples/qbt-L-Iapm-8-14_BRRL200006264-1A.csv","412041"
"data/demo_upload_bo2023_819_single_samples/qbt-L-Id-8-10_BRRL200004966-1A.csv","412273"
"data/demo_upload_bo2023_819_single_samples/qbt-L-Ig-8-10_BRRL200004965-1A.csv","411840"
"data/demo_upload_bo2023_819_single_samples/qbt-L-IPa-8-24_BRRL200007492-1A.csv","411449"
"data/demo_upload_bo2023_819_single_samples/qbt-L-LIpd_BRRL200004705-1A.csv","412190"
"data/demo_upload_bo2023_819_single_samples/qbt-L-LIpd-8-27_BRRL200007562-1A.csv","412893"
"data/demo_upload_bo2023_819_single_samples/qbt-L-LIpv-8-27_BRRL200007561-1A.csv","413307"
"data/demo_upload_bo2023_819_single_samples/qbt-L-MST-8-27_BRRL200007927-1A.csv","412459"
"data/demo_upload_bo2023_819_single_samples/qbt-L-PGa-8-24_BRRL200007491-1A.csv","413493"
"data/demo_upload_bo2023_819_single_samples/qbt-L-pi-8-10_BRRL200004967-1A.csv","412647"
"data/demo_upload_bo2023_819_single_samples/qbt-L-Prco-8-14_BRRL200006261-1A.csv","411160"
"data/demo_upload_bo2023_819_single_samples/qbt-L-SII-8-2_BRRL200004959-1A.csv","413061"
"data/demo_upload_bo2023_819_single_samples/qbt-L-STGr-8-2_BRRL200004957-1A.csv","413013"
"data/demo_upload_bo2023_819_single_samples/qbt-L-TEa-8-10_BRRL200004968-1A.csv","412799"
"data/demo_upload_bo2023_819_single_samples/qbt-L-TEad-8-11_BRRL200004969-1A.csv","412374"
"data/demo_upload_bo2023_819_single_samples/qbt-L-TPO-8-24_BRRL200007490-1A.csv","413717"
"data/demo_upload_bo2023_819_single_samples/qbt-L-TPt-8-27_BRRL200007926-1A.csv","412099"
"data/demo_upload_bo2023_819_single_samples/qbt-L-V4-8-27_BRRL200007929-1A.csv","412349"
"data/demo_upload_bo2023_819_single_samples/qbt-L-VIP-8-27_BRRL200007560-1A.csv","411968"
"data/demo_upload_bo2023_819_single_samples/qbt-R-3a-b-7-27_BRRL200004714-1A.csv","412913"
"data/demo_upload_bo2023_819_single_samples/qbt-R-46d-8-18_BRRL200006272-1A.csv","411549"
"data/demo_upload_bo2023_819_single_samples/qbt-R-46v-8-18_BRRL200006273-1A.csv","410843"
"data/demo_upload_bo2023_819_single_samples/qbt-R-7a-7-29_BRRL200004940-1A.csv","413376"
"data/demo_upload_bo2023_819_single_samples/qbt-R-9d-8-18_BRRL200006271-1A.csv","411751"
"data/demo_upload_bo2023_819_single_samples/qbt-R-F2_BRRL200004708-1A.csv","411401"
"data/demo_upload_bo2023_819_single_samples/qbt-R-F4-8-19_BRRL200006274-1A.csv","411181"
"data/demo_upload_bo2023_819_single_samples/qbt-R-FST-7-29_BRRL200004943-1A.csv","411826"
"data/demo_upload_bo2023_819_single_samples/qbt-R-G-8-19_BRRL200006276-1A.csv","412350"
"data/demo_upload_bo2023_819_single_samples/qbt-R-Iapl-8-19_BRRL200006277-1A.csv","411164"
"data/demo_upload_bo2023_819_single_samples/qbt-R-LIpd-7-29_BRRL200004939-1A.csv","411771"
"data/demo_upload_bo2023_819_single_samples/qbt-R-MST-7-29_BRRL200004941-1A.csv","412339"
"data/demo_upload_bo2023_819_single_samples/qbt-R-MT-7-29_BRRL200004942-1A.csv","412221"
"data/demo_upload_bo2023_819_single_samples/qbt-R-PGa-9-2_BRRL200008318-1A.csv","411049"
"data/demo_upload_bo2023_819_single_samples/qbt-R-Prco-8-19_BRRL200006275-1A.csv","411513"
"data/demo_upload_bo2023_819_single_samples/qbt-R-R-9-2_BRRL200008317-1A.csv","411851"
"data/demo_upload_bo2023_819_single_samples/qbt-R-SII-9-2_BRRL200008316-1A.csv","410581"
"data/demo_upload_bo2023_819_single_samples/qbt-R-TEav-9-3_BRRL200008320-1A.csv","411337"
"data/demo_upload_bo2023_819_single_samples/qbt-R-TEm-9-2_BRRL200008319-1A.csv","411450"
"data/demo_upload_bo2023_819_single_samples/qbt-R-V2-7-29_BRRL200004946-1A.csv","411512"
"data/demo_upload_bo2023_819_single_samples/qbt-R-V3v-7-29_BRRL200004945-1A.csv","411772"
"data/demo_upload_bo2023_819_single_samples/qbt-R-V4v-7-29_BRRL200004944-1A.csv","411824"
"data/demo_upload_bo2023_819_single_samples/qbt-R-VIP-7-29_BRRL200004938-1A.csv","411959"
"data/demo_upload_bo2023_819_single_samples/README.md","1009"
"data/demo_upload_bo2023_819_single_samples/xz-L-10m_BRRL200004692-1A.csv","414029"
"data/demo_upload_bo2023_819_single_samples/xz-L-10m-10o_BRRL200004691-1A.csv","414918"
"data/demo_upload_bo2023_819_single_samples/xz-L-10o_BRRL200004693-1A.csv","414485"
"data/demo_upload_bo2023_819_single_samples/xz-L-11l_BRRL200004695-1A.csv","415176"
"data/demo_upload_bo2023_819_single_samples/xz-L-11m_BRRL200004694-1A.csv","411594"
"data/demo_upload_bo2023_819_single_samples/xz-L-1-2-8-2_BRRL200004962-1A.csv","411074"
"data/demo_upload_bo2023_819_single_samples/xz-L-12m-8-12_BRRL200004980-1A.csv","411884"
"data/demo_upload_bo2023_819_single_samples/xz-L-12o-9-1_BRRL200008312-1A.csv","411791"
"data/demo_upload_bo2023_819_single_samples/xz-L-12r-8-12_BRRL200004979-1A.csv","412359"
"data/demo_upload_bo2023_819_single_samples/xz-L-13b-8-12_BRRL200004981-1A.csv","411463"
"data/demo_upload_bo2023_819_single_samples/xz-L-13l-9-1_BRRL200008313-1A.csv","412089"
"data/demo_upload_bo2023_819_single_samples/xz-L-13m-9-1_BRRL200008314-1A.csv","411924"
"data/demo_upload_bo2023_819_single_samples/xz-L-14c-9-1_BRRL200008315-1A.csv","411318"
"data/demo_upload_bo2023_819_single_samples/xz-L-14r-8-12_BRRL200004982-1A.csv","410959"
"data/demo_upload_bo2023_819_single_samples/xz-L-24c-8-11_BRRL200004974-1A.csv","412136"
"data/demo_upload_bo2023_819_single_samples/xz-L-24c-8-12_BRRL200004984-1A.csv","411400"
"data/demo_upload_bo2023_819_single_samples/xz-L-32-8-12_BRRL200004983-1A.csv","410932"
"data/demo_upload_bo2023_819_single_samples/xz-L-3a-b-8-2_BRRL200004961-1A.csv","412402"
"data/demo_upload_bo2023_819_single_samples/xz-L-45-9-1_BRRL200008311-1A.csv","412461"
"data/demo_upload_bo2023_819_single_samples/xz-L-46d-8-12_BRRL200004977-1A.csv","413565"
"data/demo_upload_bo2023_819_single_samples/xz-L-46v-8-12_BRRL200004978-1A.csv","410798"
"data/demo_upload_bo2023_819_single_samples/xz-L-5-8-25_BRRL200007494-1A.csv","411306"
"data/demo_upload_bo2023_819_single_samples/xz-L-7b-8-25_BRRL200007542-1A.csv","411183"
"data/demo_upload_bo2023_819_single_samples/xz-L-7op-8-25_BRRL200007543-1A.csv","411121"
"data/demo_upload_bo2023_819_single_samples/xz-L-8A-9-1_BRRL200008310-1A.csv","412095"
"data/demo_upload_bo2023_819_single_samples/xz-L-8Bd-9-1_BRRL200008308-1A.csv","412177"
"data/demo_upload_bo2023_819_single_samples/xz-L-8Bs-9-1_BRRL200008309-1A.csv","412233"
"data/demo_upload_bo2023_819_single_samples/xz-L-9d-8-12_BRRL200004976-1A.csv","412232"
"data/demo_upload_bo2023_819_single_samples/xz-L-9m-8-12_BRRL200004975-1A.csv","412809"
"data/demo_upload_bo2023_819_single_samples/xz-L-AI-8-25_BRRL200007545-1A.csv","412494"
"data/demo_upload_bo2023_819_single_samples/xz-L-AL_BRRL200004702-1A.csv","413233"
"data/demo_upload_bo2023_819_single_samples/xz-L-CL-8-25_BRRL200007546-1A.csv","411247"
"data/demo_upload_bo2023_819_single_samples/xz-L-CM-8-25_BRRL200007544-1A.csv","411680"
"data/demo_upload_bo2023_819_single_samples/xz-L-F1-8-2_BRRL200004960-1A.csv","413413"
"data/demo_upload_bo2023_819_single_samples/xz-L-F2-8-2_BRRL200004964-1A.csv","414594"
"data/demo_upload_bo2023_819_single_samples/xz-L-F4-8-17_BRRL200006266-1A.csv","412399"
"data/demo_upload_bo2023_819_single_samples/xz-L-F6-9-1_BRRL200008306-1A.csv","412256"
"data/demo_upload_bo2023_819_single_samples/xz-L-F7-9-1_BRRL200008307-1A.csv","412727"
"data/demo_upload_bo2023_819_single_samples/xz-L-G-8-17_BRRL200006267-1A.csv","411536"
"data/demo_upload_bo2023_819_single_samples/xz-L-Ial_BRRL200004697-1A.csv","414052"
"data/demo_upload_bo2023_819_single_samples/xz-L-Iapl-8-17_BRRL200006268-1A.csv","411375"
"data/demo_upload_bo2023_819_single_samples/xz-L-Iapm-8-17_BRRL200006269-1A.csv","410864"
"data/demo_upload_bo2023_819_single_samples/xz-L-Id_BRRL200004700-1A.csv","413052"
"data/demo_upload_bo2023_819_single_samples/xz-L-Ig_BRRL200004699-1A.csv","414397"
"data/demo_upload_bo2023_819_single_samples/xz-L-LIdv-8-25_BRRL200007541-1A.csv","411314"
"data/demo_upload_bo2023_819_single_samples/xz-L-PGa_BRRL200004704-1A.csv","411657"
"data/demo_upload_bo2023_819_single_samples/xz-L-Prco_BRRL200006258-1A.csv","411847"
"data/demo_upload_bo2023_819_single_samples/xz-L-RM_BRRL200004701-1A.csv","412532"
"data/demo_upload_bo2023_819_single_samples/xz-L-TEa-8-25_BRRL200007547-1A.csv","410862"
"data/demo_upload_bo2023_819_single_samples/xz-L-TEo-8-25_BRRL200007548-1A.csv","410229"
"data/demo_upload_bo2023_819_single_samples/xz-L-TEpv-8-25_BRRL200007549-1A.csv","410918"
"data/demo_upload_bo2023_819_single_samples/xz-L-TFO-8-25_BRRL200007550-1A.csv","412150"
"data/demo_upload_bo2023_819_single_samples/xz-L-TPO_BRRL200004703-1A.csv","410939"
"data/demo_upload_bo2023_819_single_samples/xz-L-VIP-8-25_BRRL200007847-1A.csv","412035"
"data/demo_upload_bo2023_819_single_samples/xz-R-10o_BRRL200004706-1A.csv","411089"
"data/demo_upload_bo2023_819_single_samples/xz-R-11l_BRRL200004707-1A.csv","408997"
"data/demo_upload_bo2023_819_single_samples/xz-R-1-2-7-28_BRRL200004925-1A.csv","412099"
"data/demo_upload_bo2023_819_single_samples/xz-R-14c-8-20_BRRL200006287-1A.csv","409870"
"data/demo_upload_bo2023_819_single_samples/xz-R-24a-7-28_BRRL200004937-1A.csv","412135"
"data/demo_upload_bo2023_819_single_samples/xz-R-24b_BRRL200004712-1A.csv","411749"
"data/demo_upload_bo2023_819_single_samples/xz-R-24c_BRRL200004713-1A.csv","411185"
"data/demo_upload_bo2023_819_single_samples/xz-R-24c-9-3_BRRL200008323-1A.csv","411248"
"data/demo_upload_bo2023_819_single_samples/xz-R-3a-b-7-28_BRRL200004924-1A.csv","413866"
"data/demo_upload_bo2023_819_single_samples/xz-R-45-8-20_BRRL200006286-1A.csv","411411"
"data/demo_upload_bo2023_819_single_samples/xz-R-46d-8-20_BRRL200006284-1A.csv","410494"
"data/demo_upload_bo2023_819_single_samples/xz-R-46v-8-20_BRRL200006285-1A.csv","411156"
"data/demo_upload_bo2023_819_single_samples/xz-R-7a-7-30_BRRL200004951-1A.csv","411869"
"data/demo_upload_bo2023_819_single_samples/xz-R-7m-7-30_BRRL200004947-1A.csv","411628"
"data/demo_upload_bo2023_819_single_samples/xz-R-8A-8-20_BRRL200006283-1A.csv","410451"
"data/demo_upload_bo2023_819_single_samples/xz-R-8Bd-8-20_BRRL200006281-1A.csv","410405"
"data/demo_upload_bo2023_819_single_samples/xz-R-8Bs-8-20_BRRL200006282-1A.csv","410767"
"data/demo_upload_bo2023_819_single_samples/xz-R-AL-8-26_BRRL200007554-1A.csv","411895"
"data/demo_upload_bo2023_819_single_samples/xz-R-F1-7-28_BRRL200004923-1A.csv","412385"
"data/demo_upload_bo2023_819_single_samples/xz-R-F4_BRRL200004709-1A.csv","409495"
"data/demo_upload_bo2023_819_single_samples/xz-R-F6-8-20_BRRL200006279-1A.csv","411606"
"data/demo_upload_bo2023_819_single_samples/xz-R-F7-8-20_BRRL200006280-1A.csv","411399"
"data/demo_upload_bo2023_819_single_samples/xz-R-G_BRRL200004710-1A.csv","408187"
"data/demo_upload_bo2023_819_single_samples/xz-R-Ial_BRRL200004711-1A.csv","411711"
"data/demo_upload_bo2023_819_single_samples/xz-R-Id-7-28_BRRL200004928-1A.csv","412688"
"data/demo_upload_bo2023_819_single_samples/xz-R-Ig-7-28_BRRL200004927-1A.csv","411974"
"data/demo_upload_bo2023_819_single_samples/xz-R-Ipa-7-28_BRRL200004934-1A.csv","411616"
"data/demo_upload_bo2023_819_single_samples/xz-R-LIpd-7-30_BRRL200004949-1A.csv","411274"
"data/demo_upload_bo2023_819_single_samples/xz-R-LIpv-7-30_BRRL200004950-1A.csv","412496"
"data/demo_upload_bo2023_819_single_samples/xz-R-MST-7-30_BRRL200004952-1A.csv","411941"
"data/demo_upload_bo2023_819_single_samples/xz-R-PGa-7-28_BRRL200004933-1A.csv","412540"
"data/demo_upload_bo2023_819_single_samples/xz-R-Pi-8-26_BRRL200007553-1A.csv","410727"
"data/demo_upload_bo2023_819_single_samples/xz-R-R-7-28_BRRL200004930-1A.csv","413485"
"data/demo_upload_bo2023_819_single_samples/xz-R-RM-7-28_BRRL200004929-1A.csv","412369"
"data/demo_upload_bo2023_819_single_samples/xz-R-SII-7-28_BRRL200004926-1A.csv","411752"
"data/demo_upload_bo2023_819_single_samples/xz-R-STGr-8-26_BRRL200007555-1A.csv","410839"
"data/demo_upload_bo2023_819_single_samples/xz-R-TAa-7-28_BRRL200004931-1A.csv","411840"
"data/demo_upload_bo2023_819_single_samples/xz-R-TEa-7-28_BRRL200004935-1A.csv","412580"
"data/demo_upload_bo2023_819_single_samples/xz-R-TEad-8-26_BRRL200007556-1A.csv","410878"
"data/demo_upload_bo2023_819_single_samples/xz-R-TEav-9-3_BRRL200008321-1A.csv","411316"
"data/demo_upload_bo2023_819_single_samples/xz-R-TEm-7-28_BRRL200004936-1A.csv","411180"
"data/demo_upload_bo2023_819_single_samples/xz-R-TPO-7-28_BRRL200004932-1A.csv","412129"
"data/demo_upload_bo2023_819_single_samples/xz-R-V2-7-30_BRRL200004953-1A.csv","410834"
"data/demo_upload_bo2023_819_single_samples/xz-R-VIP-7-30_BRRL200004948-1A.csv","411395"
"data/external_signatures/mb_literature/Hendrikse2022_Nature_supp_table4_G3_G4_subtype_genes.xlsx","701694"
"data/external_signatures/mb_literature/Hendrikse2022_Nature_supp_table7_glutamatergic_cell_markers.xlsx","44577"
"data/external_signatures/mb_literature/Hovestadt2019_Nature_supp_table2_transcriptional_programs.xlsx","106681"
"data/external_signatures/mb_literature/Hovestadt2019_Nature_supp_table3_neuronal_like_comparison.xlsx","39526"
"data/external_signatures/mb_literature/mb_literature_signature_gene_sets.csv","2372446"
"data/external_signatures/mb_literature/mb_literature_signature_gene_sets_summary.csv","1699"
"data/external_signatures/mb_literature/MB_single_cell_development_signature_sources_report.md","4753"
"data/external_signatures/mb_literature/Smith2022_Nature_supp_table5_human_cerebellar_signatures.xlsx","943684"
"data/external_validation/GSE106804/GSE106804_family.soft.gz","3402"
"data/external_validation/GSE106804/GSE106804_Gene_counts.txt.gz","439546"
"data/external_validation/GSE189919/GSE189919_count.csv.gz","1490245"
"data/external_validation/GSE189919/GSE189919_family.soft.gz","4593"
"data/external_validation/GSE189919/GSE189919_tpm_count.csv.gz","12243315"
"data/external_validation/GSE228512/GSE228512_family.soft.gz","6272"
"data/external_validation/GSE228512/GSE228512_hiseq_counts.txt.gz","3172724"
"data/external_validation/GSE228512/GSE228512_novaseq_counts.txt.gz","2342763"
"data/gene_sets/MSigDB_Hallmark_2020.txt","44235"
"data/ivy_gap_anatomic_rnaseq/gene_expression_matrix_2014-11-25.zip","37770060"
"data/ivy_gap_anatomic_rnaseq/ivy_gap_anatomic_rnaseq_download_summary.json","1863"
"data/ivy_gap_anatomic_rnaseq/ivy_gap_anatomic_structure_fpkm_gene_symbol_matrix.tsv","15517147"
"data/ivy_gap_anatomic_rnaseq/ivy_gap_anatomic_structure_raw_fpkm_manifest_122.csv","33375"
"data/ivy_gap_anatomic_rnaseq/ivy_gap_anatomic_structure_sample_metadata_122.csv","40588"
"data/ivy_gap_anatomic_rnaseq/ivy_gap_anatomic_structure_tpm_gene_symbol_matrix.tsv","15751132"
"data/ivy_gap_anatomic_rnaseq/ivy_gap_raw_fpkm_manifest_all.csv","73718"
"data/ivy_gap_anatomic_rnaseq/ivy_gap_rna_seq_samples_details_all.csv","101529"
"data/ivy_gap_anatomic_rnaseq/raw_gene_level_profiles/300173630__CT-reference-histology__W1-1-2-D.2.01.tsv","1520232"
"data/ivy_gap_anatomic_rnaseq/raw_gene_level_profiles/300173634__CTmvp-reference-histology__W1-1-2-D.2.01.tsv","1519225"
"data/ivy_gap_anatomic_rnaseq/raw_gene_level_profiles/300173636__CT-reference-histology__W1-1-2-H.2.01.tsv","1517134"
"data/ivy_gap_anatomic_rnaseq/raw_gene_level_profiles/300173638__LE-reference-histology__W1-1-2-H.2.01.tsv","1521890"
"data/ivy_gap_anatomic_rnaseq/raw_gene_level_profiles/300173640__IT-reference-histology__W1-1-2-H.2.01.tsv","1527069"
"data/ivy_gap_anatomic_rnaseq/raw_gene_level_profiles/300173642__CTpan-reference-histology__W1-1-2-H.2.01.tsv","1526105"
"data/ivy_gap_anatomic_rnaseq/raw_gene_level_profiles/300173644__IT-reference-histology__W1-1-2-N.1.01.tsv","1523711"
"data/ivy_gap_anatomic_rnaseq/raw_gene_level_profiles/300173646__CTmvp-reference-histology__W1-1-2-N.1.01.tsv","1519698"
"data/ivy_gap_anatomic_rnaseq/raw_gene_level_profiles/300629309__CTmvp-reference-histology__W1-1-2-H.2.01.tsv","1520426"
"data/ivy_gap_anatomic_rnaseq/raw_gene_level_profiles/300629315__CT-reference-histology__W1-1-2-Q.1.01.tsv","1521094"
"data/ivy_gap_anatomic_rnaseq/raw_gene_level_profiles/300629317__CTpan-reference-histology__W1-1-2-Q.1.01.tsv","1521783"
"data/ivy_gap_anatomic_rnaseq/raw_gene_level_profiles/300629321__CTpan-reference-histology__W1-1-2-V.1.01.tsv","1521300"
"data/ivy_gap_anatomic_rnaseq/raw_gene_level_profiles/300629323__IT-reference-histology__W1-1-2-V.1.01.tsv","1520994"
"data/ivy_gap_anatomic_rnaseq/raw_gene_level_profiles/300629325__LE-reference-histology__W1-1-2-D.2.01.tsv","1521808"
"data/ivy_gap_anatomic_rnaseq/raw_gene_level_profiles/300629344__CT-reference-histology__W2-1-1-D.1.01.tsv","1523265"
"data/ivy_gap_anatomic_rnaseq/raw_gene_level_profiles/300629346__CTpan-reference-histology__W2-1-1-D.1.01.tsv","1521152"
"data/ivy_gap_anatomic_rnaseq/raw_gene_level_profiles/300629348__CTmvp-reference-histology__W2-1-1-D.1.01.tsv","1522479"
"data/ivy_gap_anatomic_rnaseq/raw_gene_level_profiles/300629350__CT-reference-histology__W2-1-1-F.1.01.tsv","1524915"
"data/ivy_gap_anatomic_rnaseq/raw_gene_level_profiles/300629352__LE-reference-histology__W2-1-1-F.1.01.tsv","1523976"
"data/ivy_gap_anatomic_rnaseq/raw_gene_level_profiles/300629356__IT-reference-histology__W2-1-1-M.2.01.tsv","1522496"
"data/ivy_gap_anatomic_rnaseq/raw_gene_level_profiles/300629358__CT-reference-histology__W2-1-1-N.1.01.tsv","1518449"
"data/ivy_gap_anatomic_rnaseq/raw_gene_level_profiles/300629360__CTpan-reference-histology__W2-1-1-N.1.01.tsv","1519832"
"data/ivy_gap_anatomic_rnaseq/raw_gene_level_profiles/300629370__CTpan-reference-histology__W2-1-1-F.1.01.tsv","1519029"
"data/ivy_gap_anatomic_rnaseq/raw_gene_level_profiles/300629372__LE-reference-histology__W2-1-1-N.1.01.tsv","1530062"
"data/ivy_gap_anatomic_rnaseq/raw_gene_level_profiles/300629374__IT-reference-histology__W2-1-1-N.1.01.tsv","1520816"
"data/ivy_gap_anatomic_rnaseq/raw_gene_level_profiles/300629376__CTmvp-reference-histology__W2-1-1-N.1.01.tsv","1516985"
"data/ivy_gap_anatomic_rnaseq/raw_gene_level_profiles/300629382__IT-reference-histology__W2-1-1-N.2.01.tsv","1522726"
"data/ivy_gap_anatomic_rnaseq/raw_gene_level_profiles/300629384__CTmvp-reference-histology__W2-1-1-N.2.01.tsv","1517880"
"data/ivy_gap_anatomic_rnaseq/raw_gene_level_profiles/300629386__LE-reference-histology__W1-1-2-N.1.01.tsv","1518787"
"data/ivy_gap_anatomic_rnaseq/raw_gene_level_profiles/300629399__LE-reference-histology__W5-1-1-K.1.01.tsv","1519152"
"data/ivy_gap_anatomic_rnaseq/raw_gene_level_profiles/300629401__IT-reference-histology__W5-1-1-K.1.01.tsv","1524642"
"data/ivy_gap_anatomic_rnaseq/raw_gene_level_profiles/300629403__CT-reference-histology__W5-1-1-K.2.06.tsv","1520893"
"data/ivy_gap_anatomic_rnaseq/raw_gene_level_profiles/300629405__CTpan-reference-histology__W5-1-1-K.2.06.tsv","1519180"
"data/ivy_gap_anatomic_rnaseq/raw_gene_level_profiles/300629407__LE-reference-histology__W5-1-1-K.2.06.tsv","1523039"
"data/ivy_gap_anatomic_rnaseq/raw_gene_level_profiles/300629409__IT-reference-histology__W5-1-1-K.2.06.tsv","1517206"
"data/ivy_gap_anatomic_rnaseq/raw_gene_level_profiles/300629422__CTmvp-reference-histology__W5-1-1-K.2.06.tsv","1517901"
"data/ivy_gap_anatomic_rnaseq/raw_gene_level_profiles/300629424__CT-reference-histology__W5-1-1-N.2.01.tsv","1520523"
"data/ivy_gap_anatomic_rnaseq/raw_gene_level_profiles/300629426__CTpan-reference-histology__W5-1-1-N.2.01.tsv","1516788"
"data/ivy_gap_anatomic_rnaseq/raw_gene_level_profiles/300629430__IT-reference-histology__W5-1-1-O.1.03.tsv","1522846"
"data/ivy_gap_anatomic_rnaseq/raw_gene_level_profiles/300629432__CT-reference-histology__W5-1-1-O.2.03.tsv","1520955"
"data/ivy_gap_anatomic_rnaseq/raw_gene_level_profiles/300629434__CTpan-reference-histology__W5-1-1-O.2.03.tsv","1516974"
"data/ivy_gap_anatomic_rnaseq/raw_gene_level_profiles/300629436__CTmvp-reference-histology__W5-1-1-O.2.03.tsv","1515372"
"data/ivy_gap_anatomic_rnaseq/raw_gene_level_profiles/301287568__CTmvp-reference-histology__W5-1-1-K.1.01.tsv","1519275"
"data/ivy_gap_anatomic_rnaseq/raw_gene_level_profiles/301287570__CT-reference-histology__W9-1-1-B.2.01.tsv","1520705"
"data/ivy_gap_anatomic_rnaseq/raw_gene_level_profiles/301287572__IT-reference-histology__W9-1-1-B.2.01.tsv","1521863"
"data/ivy_gap_anatomic_rnaseq/raw_gene_level_profiles/301287582__CT-reference-histology__W9-1-1-D.1.01.tsv","1521154"
"data/ivy_gap_anatomic_rnaseq/raw_gene_level_profiles/301287584__IT-reference-histology__W9-1-1-D.1.01.tsv","1520352"
"data/ivy_gap_anatomic_rnaseq/raw_gene_level_profiles/301287599__IT-reference-histology__W9-1-1-C.2.03.tsv","1520635"
"data/ivy_gap_anatomic_rnaseq/raw_gene_level_profiles/301287601__IT-reference-histology__W9-1-1-C.2.03.tsv","1527787"
"data/ivy_gap_anatomic_rnaseq/raw_gene_level_profiles/301287607__IT-reference-histology__W11-1-1-B.1.01.tsv","1520850"
"data/ivy_gap_anatomic_rnaseq/raw_gene_level_profiles/301287609__LE-reference-histology__W11-1-1-B.1.01.tsv","1521387"
"data/ivy_gap_anatomic_rnaseq/raw_gene_level_profiles/301287611__CTpan-reference-histology__W11-1-1-B.1.01.tsv","1517147"
"data/ivy_gap_anatomic_rnaseq/raw_gene_level_profiles/301287613__CT-reference-histology__W11-1-1-C.1.01.tsv","1520331"
"data/ivy_gap_anatomic_rnaseq/raw_gene_level_profiles/301287615__CTpan-reference-histology__W11-1-1-C.1.01.tsv","1515531"
"data/ivy_gap_anatomic_rnaseq/raw_gene_level_profiles/301287630__CT-reference-histology__W11-1-1-D.1.01.tsv","1518574"
"data/ivy_gap_anatomic_rnaseq/raw_gene_level_profiles/301287632__CTmvp-reference-histology__W11-1-1-D.1.01.tsv","1518013"
"data/ivy_gap_anatomic_rnaseq/raw_gene_level_profiles/301287634__CTpan-reference-histology__W11-1-1-D.1.01.tsv","1516638"
"data/ivy_gap_anatomic_rnaseq/raw_gene_level_profiles/301287636__CT-reference-histology__W11-1-1-F.1.01.tsv","1517817"
"data/ivy_gap_anatomic_rnaseq/raw_gene_level_profiles/301287638__IT-reference-histology__W11-1-1-F.1.01.tsv","1518762"
"data/ivy_gap_anatomic_rnaseq/raw_gene_level_profiles/301287640__LE-reference-histology__W11-1-1-F.1.01.tsv","1519404"
"data/ivy_gap_anatomic_rnaseq/raw_gene_level_profiles/301287644__CTmvp-reference-histology__W11-1-1-G.2.01.tsv","1520076"
"data/ivy_gap_anatomic_rnaseq/raw_gene_level_profiles/301287692__CTmvp-reference-histology__W31-1-1-A.01.tsv","1518233"
"data/ivy_gap_anatomic_rnaseq/raw_gene_level_profiles/301287698__CT-reference-histology__W31-1-1-F.03.tsv","1515006"
"data/ivy_gap_anatomic_rnaseq/raw_gene_level_profiles/301287700__CTmvp-reference-histology__W31-1-1-F.03.tsv","1520759"
"data/ivy_gap_anatomic_rnaseq/raw_gene_level_profiles/301287704__IT-reference-histology__W31-1-1-G.03.tsv","1523020"
"data/ivy_gap_anatomic_rnaseq/raw_gene_level_profiles/301287706__LE-reference-histology__W31-1-1-G.03.tsv","1519981"
"data/ivy_gap_anatomic_rnaseq/raw_gene_level_profiles/301287708__CT-reference-histology__W31-1-1-H.06.tsv","1519965"
"data/ivy_gap_anatomic_rnaseq/raw_gene_level_profiles/301287728__IT-reference-histology__W31-1-1-H.06.tsv","1519083"
"data/ivy_gap_anatomic_rnaseq/raw_gene_level_profiles/301287730__LE-reference-histology__W31-1-1-H.06.tsv","1518871"
"data/ivy_gap_anatomic_rnaseq/raw_gene_level_profiles/301287734__IT-reference-histology__W31-1-1-J.01.tsv","1520217"
"data/ivy_gap_anatomic_rnaseq/raw_gene_level_profiles/301287736__CTmvp-reference-histology__W31-1-1-J.01.tsv","1521421"
"data/ivy_gap_anatomic_rnaseq/raw_gene_level_profiles/301287738__CTmvp-reference-histology__W9-1-1-K.2.01.tsv","1519159"
"data/ivy_gap_anatomic_rnaseq/raw_gene_level_profiles/301287740__CTpan-reference-histology__W9-1-1-K.2.01.tsv","1517996"
"data/ivy_gap_anatomic_rnaseq/raw_gene_level_profiles/301626595__CTpan-reference-histology__W26-1-1-I.03.tsv","1514878"
"data/ivy_gap_anatomic_rnaseq/raw_gene_level_profiles/301626597__CT-reference-histology__W8-1-1-F.1.01.tsv","1519889"
"data/ivy_gap_anatomic_rnaseq/raw_gene_level_profiles/301626599__CTpan-reference-histology__W8-1-1-F.1.01.tsv","1515643"
"data/ivy_gap_anatomic_rnaseq/raw_gene_level_profiles/301626601__LE-reference-histology__W8-1-1-F.1.01.tsv","1520313"
"data/ivy_gap_anatomic_rnaseq/raw_gene_level_profiles/301626603__IT-reference-histology__W8-1-1-F.1.01.tsv","1519520"
"data/ivy_gap_anatomic_rnaseq/raw_gene_level_profiles/301626605__CT-reference-histology__W8-1-1-G.1.01.tsv","1519130"
"data/ivy_gap_anatomic_rnaseq/raw_gene_level_profiles/301626607__CTpan-reference-histology__W8-1-1-G.1.01.tsv","1518399"
"data/ivy_gap_anatomic_rnaseq/raw_gene_level_profiles/301626609__IT-reference-histology__W8-1-1-G.1.01.tsv","1521184"
"data/ivy_gap_anatomic_rnaseq/raw_gene_level_profiles/301626679__CTmvp-reference-histology__W11-1-1-M.1.01.tsv","1515681"
"data/ivy_gap_anatomic_rnaseq/raw_gene_level_profiles/301626681__CT-reference-histology__W26-1-1-E.03.tsv","1519993"
"data/ivy_gap_anatomic_rnaseq/raw_gene_level_profiles/301626683__CTpan-reference-histology__W26-1-1-E.03.tsv","1516460"
"data/ivy_gap_anatomic_rnaseq/raw_gene_level_profiles/301626685__CT-reference-histology__W26-1-1-F.03.tsv","1518083"
"data/ivy_gap_anatomic_rnaseq/raw_gene_level_profiles/301626687__CTpan-reference-histology__W26-1-1-F.03.tsv","1517303"
"data/ivy_gap_anatomic_rnaseq/raw_gene_level_profiles/301626689__CT-reference-histology__W26-1-1-I.03.tsv","1516971"
"data/ivy_gap_anatomic_rnaseq/raw_gene_level_profiles/301626693__CT-reference-histology__W31-1-1-A.01.tsv","1516593"
"data/ivy_gap_anatomic_rnaseq/raw_gene_level_profiles/301626695__LE-reference-histology__W31-1-1-A.01.tsv","1518515"
"data/ivy_gap_anatomic_rnaseq/raw_gene_level_profiles/302262284__LE-reference-histology__W9-1-1-D.1.01.tsv","1520563"
"data/ivy_gap_anatomic_rnaseq/raw_gene_level_profiles/302262290__CTmvp-reference-histology__W9-1-1-H.2.01.tsv","1516747"
"data/ivy_gap_anatomic_rnaseq/raw_gene_level_profiles/302262292__CTpan-reference-histology__W9-1-1-H.2.01.tsv","1517678"
"data/ivy_gap_anatomic_rnaseq/raw_gene_level_profiles/302262298__CTpan-reference-histology__W9-1-1-J.2.01.tsv","1519118"
"data/ivy_gap_anatomic_rnaseq/raw_gene_level_profiles/302262300__CT-reference-histology__W9-1-1-K.2.01.tsv","1519823"
"data/ivy_gap_anatomic_rnaseq/raw_gene_level_profiles/302263996__LE-reference-histology__W8-1-1-G.2.01.tsv","1520050"
"data/ivy_gap_anatomic_rnaseq/raw_gene_level_profiles/302263998__IT-reference-histology__W8-1-1-G.2.01.tsv","1522261"
"data/ivy_gap_anatomic_rnaseq/raw_gene_level_profiles/302264000__CT-reference-histology__W8-1-1-H.1.01.tsv","1516550"
"data/ivy_gap_anatomic_rnaseq/raw_gene_level_profiles/302264002__CTpan-reference-histology__W8-1-1-H.1.01.tsv","1515983"
"data/ivy_gap_anatomic_rnaseq/raw_gene_level_profiles/302264004__LE-reference-histology__W8-1-1-H.1.01.tsv","1517806"
"data/ivy_gap_anatomic_rnaseq/raw_gene_level_profiles/302264006__CTmvp-reference-histology__W8-1-1-H.1.01.tsv","1517951"
"data/ivy_gap_anatomic_rnaseq/raw_gene_level_profiles/302264008__CTmvp-reference-histology__W55-1-1-E.03.tsv","1520458"
"data/ivy_gap_anatomic_rnaseq/raw_gene_level_profiles/302264010__CTmvp-reference-histology__W55-1-1-F.03.tsv","1517032"
"data/ivy_gap_anatomic_rnaseq/raw_gene_level_profiles/303748195__IT-reference-histology__W55-1-1-F.03.tsv","1521666"
"data/ivy_gap_anatomic_rnaseq/raw_gene_level_profiles/303748199__CTmvp-reference-histology__W55-1-1-G.03.tsv","1519559"
"data/ivy_gap_anatomic_rnaseq/raw_gene_level_profiles/303748201__CTmvp-reference-histology__W9-1-1-J.2.01.tsv","1519232"
"data/ivy_gap_anatomic_rnaseq/raw_gene_level_profiles/303748303__CT-reference-histology__W55-1-1-C.03.tsv","1522291"
"data/ivy_gap_anatomic_rnaseq/raw_gene_level_profiles/303748305__IT-reference-histology__W55-1-1-C.03.tsv","1522980"
"data/ivy_gap_anatomic_rnaseq/raw_gene_level_profiles/303748307__LE-reference-histology__W55-1-1-C.03.tsv","1518897"
"data/ivy_gap_anatomic_rnaseq/raw_gene_level_profiles/303748309__CT-reference-histology__W55-1-1-D.03.tsv","1520800"
"data/ivy_gap_anatomic_rnaseq/raw_gene_level_profiles/303748311__LE-reference-histology__W55-1-1-D.03.tsv","1521632"
"data/ivy_gap_anatomic_rnaseq/raw_gene_level_profiles/303748315__IT-reference-histology__W55-1-1-E.03.tsv","1521198"
"data/ivy_gap_anatomic_rnaseq/raw_gene_level_profiles/303748317__LE-reference-histology__W55-1-1-E.03.tsv","1520969"
"data/ivy_gap_anatomic_rnaseq/raw_gene_level_profiles/303748328__CT-reference-histology__W55-1-1-G.03.tsv","1521680"
"data/ivy_gap_anatomic_rnaseq/raw_gene_level_profiles/304357555__CT-reference-histology__W32-1-1-E.03.tsv","1518159"
"data/ivy_gap_anatomic_rnaseq/raw_gene_level_profiles/304357557__CTpan-reference-histology__W32-1-1-E.03.tsv","1515770"
"data/ivy_gap_anatomic_rnaseq/raw_gene_level_profiles/304357559__CTmvp-reference-histology__W32-1-1-E.03.tsv","1517997"
"data/ivy_gap_anatomic_rnaseq/raw_gene_level_profiles/304950286__CT-reference-histology__W32-1-1-A.01.tsv","1519059"
"data/ivy_gap_anatomic_rnaseq/raw_gene_level_profiles/304950288__CTpan-reference-histology__W32-1-1-A.01.tsv","1518844"
"data/ivy_gap_anatomic_rnaseq/raw_gene_level_profiles/304950290__CTmvp-reference-histology__W32-1-1-A.01.tsv","1520936"
"data/ivy_gap_anatomic_rnaseq/raw_gene_level_profiles/304950292__CT-reference-histology__W32-1-1-B.01.tsv","1517172"
"data/ivy_gap_anatomic_rnaseq/raw_gene_level_profiles/304950294__CTpan-reference-histology__W32-1-1-B.01.tsv","1517832"
"data/ivy_gap_anatomic_rnaseq/raw_gene_level_profiles/304950296__CTmvp-reference-histology__W32-1-1-B.01.tsv","1519824"
"data/ivy_gap_anatomic_rnaseq/rows-genes.csv","1689619"
"data/migrations.py","4087"
"data/models/_smoke_bo2023_region_resolution_groups_max8.json","58858"
"data/models/bo2023_exact_region_validation_summary.json","6359"
"data/models/bo2023_formal_region_beam_gene_panels.json","3120775"
"data/models/bo2023_formal_region_logcpm_reference_matrix.npz","8453310"
"data/models/bo2023_reference_projector_linear_full.npz","697617"
"data/models/bo2023_region_logcpm_reference_matrix.npz","8733191"
"data/models/bo2023_region_logcpm_reference_matrix.summary.json","505"
"data/models/bo2023_region_resolution_adaptive_max8_validation_summary.json","2499"
"data/models/bo2023_region_resolution_groups.json","57691"
"data/models/bo2023_region_resolution_groups_same_network_adaptive_max8_candidate.json","58858"
"data/models/bo2023_region_resolution_groups_same_network_adaptive_max8_conf0p15_candidate.json","64545"
"data/models/bo2023_region_resolution_groups_same_network_adaptive_max8_corr0p85_candidate.json","58859"
"data/models/bo2023_region_resolution_groups_same_network_adaptive_max8_corr0p85_conf0p15_candidate.json","64546"
"data/models/bo2023_region_resolution_groups_same_network_adaptive_max8_err1_corr0p85_conf0p15_candidate.json","64765"
"data/models/bo2023_saleem_network_pairwise_rescue_model.json","112133"
"data/models/bo2023_saleem_network_top200_model.json","466"
"data/models/bo2023_saleem_network_top200_model.npz","10203"
"data/models/bo2023_saleem_network_top200_model_genes.csv","14417"
"data/models/canonical110_model_lock.json","2277"
"data/orthology/ensembl_mfascicularis_hsapiens_homology.tsv","2014062"
"data/orthology/ensembl_mfascicularis_hsapiens_homology_query.xml","575"
"data/qc.py","18989"
"data/remote_atlas_api.py","3923"
"data/schema.py","164"
"data/signatures/mb_cell_state_signatures.csv","30097"
"data/signatures/mb_cell_state_signatures.provenance.json","6758"
"data/system_check.py","6056"
"data/tcga_brain_tumor_expression/gdc_star_counts_raw/000f90b3-7383-4887-af84-73f231c03f39.rna_seq.augmented_star_gene_counts.tsv","4234730"
"data/tcga_brain_tumor_expression/gdc_star_counts_raw/00564877-4cd9-4637-8dea-7b0a17b37857.rna_seq.augmented_star_gene_counts.tsv","4258453"
"data/tcga_brain_tumor_expression/gdc_star_counts_raw/006b091b-3a7a-4a26-9eb6-d7797874ad9b.rna_seq.augmented_star_gene_counts.tsv","4243942"
"data/tcga_brain_tumor_expression/gdc_star_counts_raw/00f3dc32-cdd0-4ded-8ff8-f7809cfe3883.rna_seq.augmented_star_gene_counts.tsv","4237335"
"data/tcga_brain_tumor_expression/gdc_star_counts_raw/013c0ba5-0d5e-467a-b9cc-4e19f75e21d6.rna_seq.augmented_star_gene_counts.tsv","4235206"
"data/tcga_brain_tumor_expression/gdc_star_counts_raw/01b4d35e-3d98-4204-b8b2-8a79b6812062.rna_seq.augmented_star_gene_counts.tsv","4251712"
"data/tcga_brain_tumor_expression/gdc_star_counts_raw/01c73df5-9dda-4b64-8844-e61fb6043f4e.rna_seq.augmented_star_gene_counts.tsv","4255105"
"data/tcga_brain_tumor_expression/gdc_star_counts_raw/025072f9-e965-48f3-8ae5-729d59139a4f.rna_seq.augmented_star_gene_counts.tsv","4244867"
"data/tcga_brain_tumor_expression/gdc_star_counts_raw/0257f378-cf6a-42f2-9cb1-0d10b4ca1b9a.rna_seq.augmented_star_gene_counts.tsv","4235918"
"data/tcga_brain_tumor_expression/gdc_star_counts_raw/026ed595-4218-4379-8e2d-54b390cb2544.rna_seq.augmented_star_gene_counts.tsv","4238283"
"data/tcga_brain_tumor_expression/gdc_star_counts_raw/02c1546d-dfd4-4b92-8240-64c72ef3cdac.rna_seq.augmented_star_gene_counts.tsv","4242901"
"data/tcga_brain_tumor_expression/gdc_star_counts_raw/02df0b55-e0cf-4b80-b980-446c78e7e50e.rna_seq.augmented_star_gene_counts.tsv","4246289"
"data/tcga_brain_tumor_expression/gdc_star_counts_raw/034c42f2-fee6-4196-9c02-24589ce01071.rna_seq.augmented_star_gene_counts.tsv","4239158"
"data/tcga_brain_tumor_expression/gdc_star_counts_raw/0364a08e-2940-4528-87c0-5351e6158713.rna_seq.augmented_star_gene_counts.tsv","4257355"
"data/tcga_brain_tumor_expression/gdc_star_counts_raw/03c821eb-9f43-4966-95b7-bad7d2985dac.rna_seq.augmented_star_gene_counts.tsv","4240543"
"data/tcga_brain_tumor_expression/gdc_star_counts_raw/03ddea6f-d377-4e2a-a59d-91d5c5b6e4ed.rna_seq.augmented_star_gene_counts.tsv","4244750"
"data/tcga_brain_tumor_expression/gdc_star_counts_raw/0406d0f2-5c89-4aac-9ade-4c001eeaaaf6.rna_seq.augmented_star_gene_counts.tsv","4259677"
"data/tcga_brain_tumor_expression/gdc_star_counts_raw/045a8628-9c12-4816-ae31-bad5ba0d784f.rna_seq.augmented_star_gene_counts.tsv","4249773"
"data/tcga_brain_tumor_expression/gdc_star_counts_raw/0494c913-b8d5-4c2a-8f60-630a17605612.rna_seq.augmented_star_gene_counts.tsv","4256285"
"data/tcga_brain_tumor_expression/gdc_star_counts_raw/04b6d829-b031-4d9b-99cd-7f9007227edd.rna_seq.augmented_star_gene_counts.tsv","4216265"
"data/tcga_brain_tumor_expression/gdc_star_counts_raw/051dc36f-47e2-4d77-b9b9-c5f2d315f5f3.rna_seq.augmented_star_gene_counts.tsv","4233696"
"data/tcga_brain_tumor_expression/gdc_star_counts_raw/056c7bec-b1a0-4098-9c94-d275dc8ef43e.rna_seq.augmented_star_gene_counts.tsv","4256114"
"data/tcga_brain_tumor_expression/gdc_star_counts_raw/05d00df8-fb92-4222-8af5-31b97867eb6f.rna_seq.augmented_star_gene_counts.tsv","4257412"
"data/tcga_brain_tumor_expression/gdc_star_counts_raw/05d2774d-cb3e-4485-9825-c04d4ca44bb6.rna_seq.augmented_star_gene_counts.tsv","4229588"
"data/tcga_brain_tumor_expression/gdc_star_counts_raw/0601cab0-163f-48e4-bc9f-87b068d8b591.rna_seq.augmented_star_gene_counts.tsv","4257516"
"data/tcga_brain_tumor_expression/gdc_star_counts_raw/0669db2c-5724-4d83-aac7-483708e470c1.rna_seq.augmented_star_gene_counts.tsv","4237874"
"data/tcga_brain_tumor_expression/gdc_star_counts_raw/07291f39-2bc0-47a1-a044-4fa5094e97fc.rna_seq.augmented_star_gene_counts.tsv","4235684"
"data/tcga_brain_tumor_expression/gdc_star_counts_raw/075029c6-31b2-4b4a-9945-b905fc6bf730.rna_seq.augmented_star_gene_counts.tsv","4202959"
"data/tcga_brain_tumor_expression/gdc_star_counts_raw/0819aec9-9ebc-4446-9174-08d564d32fcd.rna_seq.augmented_star_gene_counts.tsv","4235466"
"data/tcga_brain_tumor_expression/gdc_star_counts_raw/08633296-acaa-4c6f-a2f1-29e58898a303.rna_seq.augmented_star_gene_counts.tsv","4235309"
"data/tcga_brain_tumor_expression/gdc_star_counts_raw/08c055e3-0e18-4b33-b388-58f23e499215.rna_seq.augmented_star_gene_counts.tsv","4247459"
"data/tcga_brain_tumor_expression/gdc_star_counts_raw/0915bd7f-dc1d-4a99-89b7-f897986a67ea.rna_seq.augmented_star_gene_counts.tsv","4246159"
"data/tcga_brain_tumor_expression/gdc_star_counts_raw/09713ee2-9731-433f-8748-1b10b53d6a9a.rna_seq.augmented_star_gene_counts.tsv","4246846"
"data/tcga_brain_tumor_expression/gdc_star_counts_raw/09cda3f9-fd03-416c-9ad7-8e27cdb7bd10.rna_seq.augmented_star_gene_counts.tsv","4226043"
"data/tcga_brain_tumor_expression/gdc_star_counts_raw/0a6bea9f-a111-4bc2-80e2-c3a08d2d302e.rna_seq.augmented_star_gene_counts.tsv","4247431"
"data/tcga_brain_tumor_expression/gdc_star_counts_raw/0a80d60d-df15-4474-92f9-97f5be07e180.rna_seq.augmented_star_gene_counts.tsv","4248342"
"data/tcga_brain_tumor_expression/gdc_star_counts_raw/0ad4aa09-9a11-464b-a080-cc9fad5da4ca.rna_seq.augmented_star_gene_counts.tsv","4246497"
"data/tcga_brain_tumor_expression/gdc_star_counts_raw/0af61bc8-3dd4-458b-940d-b251e11c422e.rna_seq.augmented_star_gene_counts.tsv","4238657"
"data/tcga_brain_tumor_expression/gdc_star_counts_raw/0b53e868-b960-466d-b435-f41a9a8ef34b.rna_seq.augmented_star_gene_counts.tsv","4219419"
"data/tcga_brain_tumor_expression/gdc_star_counts_raw/0b57370b-485f-47e1-b827-90fac22e61e0.rna_seq.augmented_star_gene_counts.tsv","4237128"
"data/tcga_brain_tumor_expression/gdc_star_counts_raw/0b70402f-8b0e-4c5f-b602-3085bb1ac14a.rna_seq.augmented_star_gene_counts.tsv","4250808"
"data/tcga_brain_tumor_expression/gdc_star_counts_raw/0c4d26bc-c4fb-4d6c-8331-9d5afcae11c7.rna_seq.augmented_star_gene_counts.tsv","4239043"
"data/tcga_brain_tumor_expression/gdc_star_counts_raw/0c6b79d0-47aa-4c14-8ec5-bdbfe0faa29d.rna_seq.augmented_star_gene_counts.tsv","4223413"
"data/tcga_brain_tumor_expression/gdc_star_counts_raw/0ce1eb02-a90c-484a-b861-c359562d3be1.rna_seq.augmented_star_gene_counts.tsv","4249599"
"data/tcga_brain_tumor_expression/gdc_star_counts_raw/0d07b73c-0028-440c-bcc4-c9fed4a143ce.rna_seq.augmented_star_gene_counts.tsv","4239051"
"data/tcga_brain_tumor_expression/gdc_star_counts_raw/0d34d449-0e5e-446f-bb61-d8702b3bd585.rna_seq.augmented_star_gene_counts.tsv","4253403"
"data/tcga_brain_tumor_expression/gdc_star_counts_raw/0d3fac43-2d9d-4904-9650-40fd7af2942b.rna_seq.augmented_star_gene_counts.tsv","4249759"
"data/tcga_brain_tumor_expression/gdc_star_counts_raw/0d79e12b-74ae-4f1a-b90e-42d022988178.rna_seq.augmented_star_gene_counts.tsv","4244858"
"data/tcga_brain_tumor_expression/gdc_star_counts_raw/0db34205-31a0-49e3-972d-ec4e4f7c03c5.rna_seq.augmented_star_gene_counts.tsv","4246326"
"data/tcga_brain_tumor_expression/gdc_star_counts_raw/0de1e059-6f06-44a0-abd3-c42cf2326898.rna_seq.augmented_star_gene_counts.tsv","4247641"
"data/tcga_brain_tumor_expression/gdc_star_counts_raw/0de2c4aa-0a01-49af-bc43-027f6321eb15.rna_seq.augmented_star_gene_counts.tsv","4224810"
"data/tcga_brain_tumor_expression/gdc_star_counts_raw/0e100747-b7c4-448a-bba7-4576c190c51b.rna_seq.augmented_star_gene_counts.tsv","4252096"
"data/tcga_brain_tumor_expression/gdc_star_counts_raw/0ec226ff-ca38-4036-ac29-762f5058156e.rna_seq.augmented_star_gene_counts.tsv","4245835"
"data/tcga_brain_tumor_expression/gdc_star_counts_raw/0ece26e3-b25e-4b16-b0f8-6a62d128b084.rna_seq.augmented_star_gene_counts.tsv","4252469"
"data/tcga_brain_tumor_expression/gdc_star_counts_raw/0f89ce0f-1176-4c48-af82-4917ccc8f919.rna_seq.augmented_star_gene_counts.tsv","4230575"
"data/tcga_brain_tumor_expression/gdc_star_counts_raw/100fe9c7-386a-40f7-938b-671cd6b2e1a4.rna_seq.augmented_star_gene_counts.tsv","4239682"
"data/tcga_brain_tumor_expression/gdc_star_counts_raw/104ffeca-db27-4d7b-8c53-76aaf3059fdd.rna_seq.augmented_star_gene_counts.tsv","4253834"
"data/tcga_brain_tumor_expression/gdc_star_counts_raw/105f6178-8705-40da-9255-21e1780eeaf6.rna_seq.augmented_star_gene_counts.tsv","4255807"
"data/tcga_brain_tumor_expression/gdc_star_counts_raw/1069403e-ef6a-43d4-b62d-3249e5a8e034.rna_seq.augmented_star_gene_counts.tsv","4247314"
"data/tcga_brain_tumor_expression/gdc_star_counts_raw/1076483a-e462-47e5-a47a-ca9544548dff.rna_seq.augmented_star_gene_counts.tsv","4249454"
"data/tcga_brain_tumor_expression/gdc_star_counts_raw/10b6062f-a310-4ef0-9c3b-83f7b2bcd22c.rna_seq.augmented_star_gene_counts.tsv","4241658"
"data/tcga_brain_tumor_expression/gdc_star_counts_raw/10b88a94-0910-4af9-af4b-3c4c26b279c7.rna_seq.augmented_star_gene_counts.tsv","4222564"
"data/tcga_brain_tumor_expression/gdc_star_counts_raw/113df549-f143-4c50-8e18-7c2159bda4eb.rna_seq.augmented_star_gene_counts.tsv","4252833"
"data/tcga_brain_tumor_expression/gdc_star_counts_raw/116233db-c003-4224-9359-17f290bf1eea.rna_seq.augmented_star_gene_counts.tsv","4240584"
"data/tcga_brain_tumor_expression/gdc_star_counts_raw/129205b9-a338-4a59-bab4-af8b6ef4b527.rna_seq.augmented_star_gene_counts.tsv","4245226"
"data/tcga_brain_tumor_expression/gdc_star_counts_raw/135e6f87-7226-4b93-b69c-d2a202ae2256.rna_seq.augmented_star_gene_counts.tsv","4236958"
"data/tcga_brain_tumor_expression/gdc_star_counts_raw/138b778e-054f-4964-bc60-d2cfdae81ce1.rna_seq.augmented_star_gene_counts.tsv","4245598"
"data/tcga_brain_tumor_expression/gdc_star_counts_raw/139fe07b-05fb-4bc5-b6e2-179269e7ca51.rna_seq.augmented_star_gene_counts.tsv","4247089"
"data/tcga_brain_tumor_expression/gdc_star_counts_raw/13da7123-db39-4bab-9521-daef5d3030ae.rna_seq.augmented_star_gene_counts.tsv","4233834"
"data/tcga_brain_tumor_expression/gdc_star_counts_raw/141614d9-0221-45dc-9935-d97977d49a50.rna_seq.augmented_star_gene_counts.tsv","4251178"
"data/tcga_brain_tumor_expression/gdc_star_counts_raw/141d1d6b-251b-48cf-abfd-bdbfdd0605b7.rna_seq.augmented_star_gene_counts.tsv","4231291"
"data/tcga_brain_tumor_expression/gdc_star_counts_raw/1435785d-a1c3-4f05-a369-74a2134d5986.rna_seq.augmented_star_gene_counts.tsv","4226164"
"data/tcga_brain_tumor_expression/gdc_star_counts_raw/145155d3-ca18-49c6-879f-fceb71ef4e28.rna_seq.augmented_star_gene_counts.tsv","4229783"
"data/tcga_brain_tumor_expression/gdc_star_counts_raw/1451da3d-bf84-41cc-841a-5cee2919f362.rna_seq.augmented_star_gene_counts.tsv","4256679"
"data/tcga_brain_tumor_expression/gdc_star_counts_raw/146ec125-e90b-4448-8a51-c7c3be60807e.rna_seq.augmented_star_gene_counts.tsv","4200991"
"data/tcga_brain_tumor_expression/gdc_star_counts_raw/1483c347-bb2c-4678-af16-163e4fc1791d.rna_seq.augmented_star_gene_counts.tsv","4244621"
"data/tcga_brain_tumor_expression/gdc_star_counts_raw/14980c69-16d2-40c8-916b-b341f6bc606d.rna_seq.augmented_star_gene_counts.tsv","4238418"
"data/tcga_brain_tumor_expression/gdc_star_counts_raw/14a8495a-560f-4ab1-800c-904de6d37c2c.rna_seq.augmented_star_gene_counts.tsv","4245004"
"data/tcga_brain_tumor_expression/gdc_star_counts_raw/1517a85c-1b72-45e2-bbd9-9f29685d46c2.rna_seq.augmented_star_gene_counts.tsv","4245731"
"data/tcga_brain_tumor_expression/gdc_star_counts_raw/15470aa1-dc19-4270-a09d-4341c7f174bb.rna_seq.augmented_star_gene_counts.tsv","4254012"
"data/tcga_brain_tumor_expression/gdc_star_counts_raw/155b64a3-9f0a-4f56-970b-d389caea4af3.rna_seq.augmented_star_gene_counts.tsv","4222362"
"data/tcga_brain_tumor_expression/gdc_star_counts_raw/157353da-a4c3-4e31-aff8-869e21adf1b3.rna_seq.augmented_star_gene_counts.tsv","4253410"
"data/tcga_brain_tumor_expression/gdc_star_counts_raw/1586ec7d-380c-4d99-86d8-b631883b75e3.rna_seq.augmented_star_gene_counts.tsv","4248132"
"data/tcga_brain_tumor_expression/gdc_star_counts_raw/164d98f1-f3c8-4acf-9183-0f6ff8a6b5c0.rna_seq.augmented_star_gene_counts.tsv","4245976"
"data/tcga_brain_tumor_expression/gdc_star_counts_raw/1652c5be-f06b-4600-a1e9-3efbfa73eb4e.rna_seq.augmented_star_gene_counts.tsv","4247349"
"data/tcga_brain_tumor_expression/gdc_star_counts_raw/16bcbeb8-21dc-4cfe-9aa1-60b093f7f984.rna_seq.augmented_star_gene_counts.tsv","4219743"
"data/tcga_brain_tumor_expression/gdc_star_counts_raw/16f40678-18bd-4bd6-b6ba-5c0871b06b45.rna_seq.augmented_star_gene_counts.tsv","4237331"
"data/tcga_brain_tumor_expression/gdc_star_counts_raw/170872ac-4f68-4d39-9ab8-eb82c92f7c04.rna_seq.augmented_star_gene_counts.tsv","4249885"
"data/tcga_brain_tumor_expression/gdc_star_counts_raw/17eedf5a-cad4-460d-bf28-9539ed131e5a.rna_seq.augmented_star_gene_counts.tsv","4248827"
"data/tcga_brain_tumor_expression/gdc_star_counts_raw/181db800-4d55-4096-8910-a6871da6ed38.rna_seq.augmented_star_gene_counts.tsv","4239090"
"data/tcga_brain_tumor_expression/gdc_star_counts_raw/1861c569-6350-43dd-a217-a92473677c9b.rna_seq.augmented_star_gene_counts.tsv","4250005"
"data/tcga_brain_tumor_expression/gdc_star_counts_raw/1871e575-a4a5-45c7-9b01-3c207e9c0465.rna_seq.augmented_star_gene_counts.tsv","4250383"
"data/tcga_brain_tumor_expression/gdc_star_counts_raw/18869398-2fb5-40b2-b7a9-a2f76d5e0593.rna_seq.augmented_star_gene_counts.tsv","4235519"
"data/tcga_brain_tumor_expression/gdc_star_counts_raw/196e79f2-8acd-44ec-979d-f08dea3baedb.rna_seq.augmented_star_gene_counts.tsv","4238346"
"data/tcga_brain_tumor_expression/gdc_star_counts_raw/1997f856-b0ac-4067-93bf-ec154d160835.rna_seq.augmented_star_gene_counts.tsv","4240344"
"data/tcga_brain_tumor_expression/gdc_star_counts_raw/19f6db33-bd74-44aa-9f00-c31903e88abf.rna_seq.augmented_star_gene_counts.tsv","4249316"
"data/tcga_brain_tumor_expression/gdc_star_counts_raw/1a61593f-909e-46f4-8cfa-9e23bc050033.rna_seq.augmented_star_gene_counts.tsv","4244005"
"data/tcga_brain_tumor_expression/gdc_star_counts_raw/1b24c99a-da05-4cfe-9def-9fa95d14b8e9.rna_seq.augmented_star_gene_counts.tsv","4243470"
"data/tcga_brain_tumor_expression/gdc_star_counts_raw/1b510034-1cfa-4aee-bd5f-789ec8831d73.rna_seq.augmented_star_gene_counts.tsv","4246365"
"data/tcga_brain_tumor_expression/gdc_star_counts_raw/1c427d69-7d95-46d2-bf58-b3eefa945b11.rna_seq.augmented_star_gene_counts.tsv","4233853"
"data/tcga_brain_tumor_expression/gdc_star_counts_raw/1cc940aa-1512-4a84-909c-d02d718d1e14.rna_seq.augmented_star_gene_counts.tsv","4244322"
"data/tcga_brain_tumor_expression/gdc_star_counts_raw/1ccc2b22-7f6c-4973-a6fa-f2c4d6be6dba.rna_seq.augmented_star_gene_counts.tsv","4235696"
"data/tcga_brain_tumor_expression/gdc_star_counts_raw/1ce7f9e1-0594-42cb-a503-9ed0a75fe246.rna_seq.augmented_star_gene_counts.tsv","4237916"
"data/tcga_brain_tumor_expression/gdc_star_counts_raw/1ceaa856-24da-428c-ae0a-c8c5ec039853.rna_seq.augmented_star_gene_counts.tsv","4243839"
"data/tcga_brain_tumor_expression/gdc_star_counts_raw/1cf6659a-3b7f-4153-a1c1-20e6a8f677e4.rna_seq.augmented_star_gene_counts.tsv","4236622"
"data/tcga_brain_tumor_expression/gdc_star_counts_raw/1d06aca0-fc5e-41a0-ab00-bc91fe955c42.rna_seq.augmented_star_gene_counts.tsv","4251944"
"data/tcga_brain_tumor_expression/gdc_star_counts_raw/1d3f60fe-7562-4ec5-8e90-c92367a51315.rna_seq.augmented_star_gene_counts.tsv","4256172"
"data/tcga_brain_tumor_expression/gdc_star_counts_raw/1d443bc2-98e6-4189-8444-05c83253100e.rna_seq.augmented_star_gene_counts.tsv","4236985"
"data/tcga_brain_tumor_expression/gdc_star_counts_raw/1d8f3d91-ddb3-43c1-87a9-1a17ae6866d7.rna_seq.augmented_star_gene_counts.tsv","4254330"
"data/tcga_brain_tumor_expression/gdc_star_counts_raw/1dc49f8a-fa51-49d2-b917-c9e4d1e2eea1.rna_seq.augmented_star_gene_counts.tsv","4243104"
"data/tcga_brain_tumor_expression/gdc_star_counts_raw/1df3f338-a901-401c-bc22-52c8ae664737.rna_seq.augmented_star_gene_counts.tsv","4246753"
"data/tcga_brain_tumor_expression/gdc_star_counts_raw/1dfd1af6-e5a7-4292-b81f-4a06d67ec185.rna_seq.augmented_star_gene_counts.tsv","4248619"
"data/tcga_brain_tumor_expression/gdc_star_counts_raw/1e1ad138-c8be-4eea-b3ba-7c63f0b6d041.rna_seq.augmented_star_gene_counts.tsv","4259983"
"data/tcga_brain_tumor_expression/gdc_star_counts_raw/1e90a2b3-52c8-4d36-8820-fd71f5d28ff7.rna_seq.augmented_star_gene_counts.tsv","4257503"
"data/tcga_brain_tumor_expression/gdc_star_counts_raw/1ebdf740-e1a7-43a1-ad2b-891fd2d8b8dc.rna_seq.augmented_star_gene_counts.tsv","4255994"
"data/tcga_brain_tumor_expression/gdc_star_counts_raw/1edd3f30-2fe9-47a5-8f79-c75b29ec0b3c.rna_seq.augmented_star_gene_counts.tsv","4233831"
"data/tcga_brain_tumor_expression/gdc_star_counts_raw/1f027bee-5316-4d9f-a566-41890da18493.rna_seq.augmented_star_gene_counts.tsv","4249092"
"data/tcga_brain_tumor_expression/gdc_star_counts_raw/1fc36afc-ff46-490f-b8ad-5f8664b7d5c7.rna_seq.augmented_star_gene_counts.tsv","4248437"
"data/tcga_brain_tumor_expression/gdc_star_counts_raw/1fc94fdd-fe68-483d-9c1b-b7d8d2959a4a.rna_seq.augmented_star_gene_counts.tsv","4238455"
"data/tcga_brain_tumor_expression/gdc_star_counts_raw/200cce65-c15c-4c1c-9b4c-3162e8fb180d.rna_seq.augmented_star_gene_counts.tsv","4247853"
"data/tcga_brain_tumor_expression/gdc_star_counts_raw/208ff668-65ce-4d33-9882-4a7398ead4ac.rna_seq.augmented_star_gene_counts.tsv","4240134"
"data/tcga_brain_tumor_expression/gdc_star_counts_raw/209797f2-6e12-4f02-bea7-fd559305fad4.rna_seq.augmented_star_gene_counts.tsv","4221558"
"data/tcga_brain_tumor_expression/gdc_star_counts_raw/20af5f64-f766-4930-bb97-b337847c8244.rna_seq.augmented_star_gene_counts.tsv","4241384"
"data/tcga_brain_tumor_expression/gdc_star_counts_raw/20e52266-0d53-42ad-afe7-215217854dc3.rna_seq.augmented_star_gene_counts.tsv","4196174"
"data/tcga_brain_tumor_expression/gdc_star_counts_raw/20e6f416-3d8b-430d-b816-a3c30f7eccc9.rna_seq.augmented_star_gene_counts.tsv","4244007"
"data/tcga_brain_tumor_expression/gdc_star_counts_raw/210daf0d-280e-4c43-a48b-65e5c2a92a77.rna_seq.augmented_star_gene_counts.tsv","4249179"
"data/tcga_brain_tumor_expression/gdc_star_counts_raw/2128c124-c7f3-45bd-9c61-246e03fd321d.rna_seq.augmented_star_gene_counts.tsv","4242118"
"data/tcga_brain_tumor_expression/gdc_star_counts_raw/213d3ace-8e69-44d1-9d14-21885213a765.rna_seq.augmented_star_gene_counts.tsv","4232515"
"data/tcga_brain_tumor_expression/gdc_star_counts_raw/217213a1-8bad-4d79-b4cf-49ecd17822ab.rna_seq.augmented_star_gene_counts.tsv","4246193"
"data/tcga_brain_tumor_expression/gdc_star_counts_raw/21c49ffc-429d-40ca-abd6-3ef0fa656bc4.rna_seq.augmented_star_gene_counts.tsv","4241937"
"data/tcga_brain_tumor_expression/gdc_star_counts_raw/21f29efe-cdbb-4fd0-b679-e803aef3a6f9.rna_seq.augmented_star_gene_counts.tsv","4237238"
"data/tcga_brain_tumor_expression/gdc_star_counts_raw/228ded1a-9ae5-421d-9b58-8ae4176e56db.rna_seq.augmented_star_gene_counts.tsv","4255391"
"data/tcga_brain_tumor_expression/gdc_star_counts_raw/229c66e8-4e93-4167-a081-168d6fd62299.rna_seq.augmented_star_gene_counts.tsv","4249606"
"data/tcga_brain_tumor_expression/gdc_star_counts_raw/229e6793-e11e-46c8-9307-1847243a311c.rna_seq.augmented_star_gene_counts.tsv","4237341"
"data/tcga_brain_tumor_expression/gdc_star_counts_raw/22b5554e-e5ab-4f7a-aa20-d09b54a3e4b1.rna_seq.augmented_star_gene_counts.tsv","4243783"
"data/tcga_brain_tumor_expression/gdc_star_counts_raw/22e5949e-2b59-4f74-9c48-ee1cc43032c4.rna_seq.augmented_star_gene_counts.tsv","4246113"
"data/tcga_brain_tumor_expression/gdc_star_counts_raw/23f3b0c8-dc66-445e-9d05-bd631e00f2ee.rna_seq.augmented_star_gene_counts.tsv","4245011"
"data/tcga_brain_tumor_expression/gdc_star_counts_raw/24178d00-81ec-4873-a319-0a329f3e71f2.rna_seq.augmented_star_gene_counts.tsv","4241429"
"data/tcga_brain_tumor_expression/gdc_star_counts_raw/2426bdbe-9a09-4ea1-b5eb-1ecb2c492898.rna_seq.augmented_star_gene_counts.tsv","4219473"
"data/tcga_brain_tumor_expression/gdc_star_counts_raw/24397ba5-84a8-46da-a55d-5764690dc17c.rna_seq.augmented_star_gene_counts.tsv","4252059"
"data/tcga_brain_tumor_expression/gdc_star_counts_raw/2463aaf7-9673-4bf2-9e8e-41d01e2379a1.rna_seq.augmented_star_gene_counts.tsv","4246604"
"data/tcga_brain_tumor_expression/gdc_star_counts_raw/251de1f4-0bc3-4b44-af08-1abc9c720f67.rna_seq.augmented_star_gene_counts.tsv","4251398"
"data/tcga_brain_tumor_expression/gdc_star_counts_raw/255c03a0-f4ce-4822-b3a1-b1b4da17cc2e.rna_seq.augmented_star_gene_counts.tsv","4248508"
"data/tcga_brain_tumor_expression/gdc_star_counts_raw/256524cc-7cc8-4dbd-bd75-acf4760737d8.rna_seq.augmented_star_gene_counts.tsv","4251028"
"data/tcga_brain_tumor_expression/gdc_star_counts_raw/259873af-f1b8-4876-be24-dcd1f0aab471.rna_seq.augmented_star_gene_counts.tsv","4236867"
"data/tcga_brain_tumor_expression/gdc_star_counts_raw/25cdac9f-c440-46aa-9a4d-7298189f49b5.rna_seq.augmented_star_gene_counts.tsv","4224631"
"data/tcga_brain_tumor_expression/gdc_star_counts_raw/27388014-4a95-4b65-b488-79be5bf9f5b0.rna_seq.augmented_star_gene_counts.tsv","4236619"
"data/tcga_brain_tumor_expression/gdc_star_counts_raw/28016f07-a161-43bc-954d-d5ad756bb40b.rna_seq.augmented_star_gene_counts.tsv","4233630"
"data/tcga_brain_tumor_expression/gdc_star_counts_raw/28470aea-f0ed-4fcf-8cab-808e974a7ad3.rna_seq.augmented_star_gene_counts.tsv","4238511"
"data/tcga_brain_tumor_expression/gdc_star_counts_raw/288f78d3-88af-4860-b187-cf187db3caec.rna_seq.augmented_star_gene_counts.tsv","4242874"
"data/tcga_brain_tumor_expression/gdc_star_counts_raw/29315ee3-5ff8-4ef5-a4f6-068e4631b10e.rna_seq.augmented_star_gene_counts.tsv","4244745"
"data/tcga_brain_tumor_expression/gdc_star_counts_raw/29882704-6f18-4f45-8041-d77ccfc955cc.rna_seq.augmented_star_gene_counts.tsv","4259698"
"data/tcga_brain_tumor_expression/gdc_star_counts_raw/29a960dc-fadc-443c-a093-7e1344a3800b.rna_seq.augmented_star_gene_counts.tsv","4249682"
"data/tcga_brain_tumor_expression/gdc_star_counts_raw/2aaf4bf0-fe95-458f-8042-ce8bc98e5089.rna_seq.augmented_star_gene_counts.tsv","4243221"
"data/tcga_brain_tumor_expression/gdc_star_counts_raw/2acc7210-afc0-400a-bc1c-37d50a375709.rna_seq.augmented_star_gene_counts.tsv","4209778"
"data/tcga_brain_tumor_expression/gdc_star_counts_raw/2af60112-ee15-4114-a813-a540cd9f38b5.rna_seq.augmented_star_gene_counts.tsv","4255420"
"data/tcga_brain_tumor_expression/gdc_star_counts_raw/2b11021d-d0c9-44fb-b047-0c40a4707dc6.rna_seq.augmented_star_gene_counts.tsv","4236043"
"data/tcga_brain_tumor_expression/gdc_star_counts_raw/2bc5c930-1436-42f9-bcd8-a8c120fec2cc.rna_seq.augmented_star_gene_counts.tsv","4237097"
"data/tcga_brain_tumor_expression/gdc_star_counts_raw/2be90092-0bf2-493c-8864-b9bd3efa2fcc.rna_seq.augmented_star_gene_counts.tsv","4214158"
"data/tcga_brain_tumor_expression/gdc_star_counts_raw/2bf2903c-c0c7-4465-8a2a-0c5b40c783c4.rna_seq.augmented_star_gene_counts.tsv","4240907"
"data/tcga_brain_tumor_expression/gdc_star_counts_raw/2bff4b49-c2f0-4fba-8071-8c7c0f7a950e.rna_seq.augmented_star_gene_counts.tsv","4259893"
"data/tcga_brain_tumor_expression/gdc_star_counts_raw/2c3f2491-4d3b-41da-9866-94644fc8d102.rna_seq.augmented_star_gene_counts.tsv","4247226"
"data/tcga_brain_tumor_expression/gdc_star_counts_raw/2c9ab567-dffd-4e8d-b179-e4edd8abae72.rna_seq.augmented_star_gene_counts.tsv","4242647"
"data/tcga_brain_tumor_expression/gdc_star_counts_raw/2c9f571c-d4c1-4cd3-9f76-3fccf3c0c509.rna_seq.augmented_star_gene_counts.tsv","4259772"
"data/tcga_brain_tumor_expression/gdc_star_counts_raw/2caa34d3-e071-4fd2-83bf-a6cc9b22d0e0.rna_seq.augmented_star_gene_counts.tsv","4247831"
"data/tcga_brain_tumor_expression/gdc_star_counts_raw/2d2d4fdc-063c-4078-9eb9-758384cbeb22.rna_seq.augmented_star_gene_counts.tsv","4259197"
"data/tcga_brain_tumor_expression/gdc_star_counts_raw/2d9df1f6-8588-41a5-ac9c-e4034726b796.rna_seq.augmented_star_gene_counts.tsv","4224860"
"data/tcga_brain_tumor_expression/gdc_star_counts_raw/2e2e16e6-def8-4653-b8de-d130ae3199c5.rna_seq.augmented_star_gene_counts.tsv","4237845"
"data/tcga_brain_tumor_expression/gdc_star_counts_raw/2e33127c-779d-4f05-bbae-7893b9d27364.rna_seq.augmented_star_gene_counts.tsv","4235540"
"data/tcga_brain_tumor_expression/gdc_star_counts_raw/2ee60e6d-094f-4a47-b8e7-fa4f16ec040a.rna_seq.augmented_star_gene_counts.tsv","4234776"
"data/tcga_brain_tumor_expression/gdc_star_counts_raw/2f1a2674-c4c5-41c0-9a0f-e7e22ef61255.rna_seq.augmented_star_gene_counts.tsv","4236501"
"data/tcga_brain_tumor_expression/gdc_star_counts_raw/2f3ff7b4-e7fd-452d-9df3-5e9ed23914e0.rna_seq.augmented_star_gene_counts.tsv","4250880"
"data/tcga_brain_tumor_expression/gdc_star_counts_raw/2f889c97-6877-4d36-a71d-04092da63fa3.rna_seq.augmented_star_gene_counts.tsv","4252311"
"data/tcga_brain_tumor_expression/gdc_star_counts_raw/2fcb4d10-056b-4984-88ff-78070d54fb5d.rna_seq.augmented_star_gene_counts.tsv","4258215"
"data/tcga_brain_tumor_expression/gdc_star_counts_raw/3161d1dc-d31c-42ea-b6e4-a92dfac232d5.rna_seq.augmented_star_gene_counts.tsv","4238921"
"data/tcga_brain_tumor_expression/gdc_star_counts_raw/316c4ea4-bc4d-4a41-9b62-b8248e68e821.rna_seq.augmented_star_gene_counts.tsv","4249116"
"data/tcga_brain_tumor_expression/gdc_star_counts_raw/31872322-b3b2-48fd-b86d-ad15525f6fec.rna_seq.augmented_star_gene_counts.tsv","4233964"
"data/tcga_brain_tumor_expression/gdc_star_counts_raw/32291119-ef4e-4041-9949-dc88dfce459a.rna_seq.augmented_star_gene_counts.tsv","4243153"
"data/tcga_brain_tumor_expression/gdc_star_counts_raw/323c799d-9f7a-4bbc-a3d1-2383d49463da.rna_seq.augmented_star_gene_counts.tsv","4249063"
"data/tcga_brain_tumor_expression/gdc_star_counts_raw/32479a05-9593-4627-8294-869e284f111e.rna_seq.augmented_star_gene_counts.tsv","4258017"
"data/tcga_brain_tumor_expression/gdc_star_counts_raw/325f91c9-70b9-4285-a7ff-0b7b6280a8ed.rna_seq.augmented_star_gene_counts.tsv","4248662"
"data/tcga_brain_tumor_expression/gdc_star_counts_raw/328b149f-1c8d-4350-8ed8-a666bdc6a3f9.rna_seq.augmented_star_gene_counts.tsv","4240656"
"data/tcga_brain_tumor_expression/gdc_star_counts_raw/32d1cf3b-2920-479e-8025-aaacae8f8011.rna_seq.augmented_star_gene_counts.tsv","4234954"
"data/tcga_brain_tumor_expression/gdc_star_counts_raw/32ee07e4-bec3-4d00-b603-60933581046c.rna_seq.augmented_star_gene_counts.tsv","4234502"
"data/tcga_brain_tumor_expression/gdc_star_counts_raw/32fc6356-7b8e-4c0a-9143-0337d552d1ab.rna_seq.augmented_star_gene_counts.tsv","4247207"
"data/tcga_brain_tumor_expression/gdc_star_counts_raw/336b678c-b044-4b16-aa80-82c9ab769326.rna_seq.augmented_star_gene_counts.tsv","4232613"
"data/tcga_brain_tumor_expression/gdc_star_counts_raw/338baec6-c9fe-4691-9c2a-bc96799f8dee.rna_seq.augmented_star_gene_counts.tsv","4242988"
"data/tcga_brain_tumor_expression/gdc_star_counts_raw/33b6a36c-ee07-4481-ba24-701e84afb2a0.rna_seq.augmented_star_gene_counts.tsv","4249862"
"data/tcga_brain_tumor_expression/gdc_star_counts_raw/33ce2e6b-71eb-459d-9b05-9495a21be871.rna_seq.augmented_star_gene_counts.tsv","4227726"
"data/tcga_brain_tumor_expression/gdc_star_counts_raw/33ea51a3-d83e-4d0c-84a7-d2111ebaae20.rna_seq.augmented_star_gene_counts.tsv","4246908"
"data/tcga_brain_tumor_expression/gdc_star_counts_raw/341dffb8-94c4-4e71-a42b-f6d58317aea5.rna_seq.augmented_star_gene_counts.tsv","4248192"
"data/tcga_brain_tumor_expression/gdc_star_counts_raw/359f0995-1967-446f-886f-777455a919ae.rna_seq.augmented_star_gene_counts.tsv","4233098"
"data/tcga_brain_tumor_expression/gdc_star_counts_raw/3643b68f-5f23-41d3-8a8a-79be13ecb508.rna_seq.augmented_star_gene_counts.tsv","4235920"
"data/tcga_brain_tumor_expression/gdc_star_counts_raw/36b191bd-843f-45e6-9ff2-d99f649c5d0f.rna_seq.augmented_star_gene_counts.tsv","4224811"
"data/tcga_brain_tumor_expression/gdc_star_counts_raw/36d30dee-263f-401c-b7d6-7b704f1f6b86.rna_seq.augmented_star_gene_counts.tsv","4236879"
"data/tcga_brain_tumor_expression/gdc_star_counts_raw/36d3fb87-5b5e-4809-bd08-560a553168a3.rna_seq.augmented_star_gene_counts.tsv","4246790"
"data/tcga_brain_tumor_expression/gdc_star_counts_raw/36df1baa-1477-4192-a6f1-51585f29f6b2.rna_seq.augmented_star_gene_counts.tsv","4239591"
"data/tcga_brain_tumor_expression/gdc_star_counts_raw/36fa95b5-2cf1-4033-91ee-832547ff52fd.rna_seq.augmented_star_gene_counts.tsv","4249348"
"data/tcga_brain_tumor_expression/gdc_star_counts_raw/37253fe8-4a9a-4076-9244-8cc727d6b432.rna_seq.augmented_star_gene_counts.tsv","4257219"
"data/tcga_brain_tumor_expression/gdc_star_counts_raw/3781ae06-aae2-48bc-8156-8f2fbafb6d8a.rna_seq.augmented_star_gene_counts.tsv","4236810"
"data/tcga_brain_tumor_expression/gdc_star_counts_raw/37982675-e9c4-4cbc-aef4-c2814062a9a2.rna_seq.augmented_star_gene_counts.tsv","4244879"
"data/tcga_brain_tumor_expression/gdc_star_counts_raw/37bae717-22b7-4a28-8768-ab83c62ad8ee.rna_seq.augmented_star_gene_counts.tsv","4248830"
"data/tcga_brain_tumor_expression/gdc_star_counts_raw/38717e08-9b6c-4b11-a9ee-505b7310e34c.rna_seq.augmented_star_gene_counts.tsv","4256596"
"data/tcga_brain_tumor_expression/gdc_star_counts_raw/388193e4-004b-44b4-9eac-267eab7a9412.rna_seq.augmented_star_gene_counts.tsv","4248377"
"data/tcga_brain_tumor_expression/gdc_star_counts_raw/398bf14a-102a-4624-8f3b-da2cab682175.rna_seq.augmented_star_gene_counts.tsv","4247682"
"data/tcga_brain_tumor_expression/gdc_star_counts_raw/39bc453b-67d2-4059-bbaf-fa98dc9d2595.rna_seq.augmented_star_gene_counts.tsv","4223522"
"data/tcga_brain_tumor_expression/gdc_star_counts_raw/39c60ad1-540a-4ad9-a735-b83f5d1c51f1.rna_seq.augmented_star_gene_counts.tsv","4240194"
"data/tcga_brain_tumor_expression/gdc_star_counts_raw/39f7b501-0578-4c4e-9fc4-fd9a7d839dbf.rna_seq.augmented_star_gene_counts.tsv","4227749"
"data/tcga_brain_tumor_expression/gdc_star_counts_raw/3aad5f07-6241-4397-a91c-b412bfcf56fc.rna_seq.augmented_star_gene_counts.tsv","4247286"
"data/tcga_brain_tumor_expression/gdc_star_counts_raw/3aadf185-5bd9-4650-8704-4d09e84abcb3.rna_seq.augmented_star_gene_counts.tsv","4246600"
"data/tcga_brain_tumor_expression/gdc_star_counts_raw/3ad2ced8-3492-481a-b71a-a9be9647f44a.rna_seq.augmented_star_gene_counts.tsv","4236325"
"data/tcga_brain_tumor_expression/gdc_star_counts_raw/3b6125da-8c27-4889-a5d1-4bdc697f2a72.rna_seq.augmented_star_gene_counts.tsv","4230828"
"data/tcga_brain_tumor_expression/gdc_star_counts_raw/3b771109-4c7d-4963-9d89-4ea431c8ad57.rna_seq.augmented_star_gene_counts.tsv","4248683"
"data/tcga_brain_tumor_expression/gdc_star_counts_raw/3ba2129b-0121-427c-bd6c-3e5d6c7fb777.rna_seq.augmented_star_gene_counts.tsv","4252639"
"data/tcga_brain_tumor_expression/gdc_star_counts_raw/3bb76c7c-dd14-410f-9399-97db48021264.rna_seq.augmented_star_gene_counts.tsv","4234921"
"data/tcga_brain_tumor_expression/gdc_star_counts_raw/3c09ed01-2abe-4800-b537-2f65ad3206b4.rna_seq.augmented_star_gene_counts.tsv","4240569"
"data/tcga_brain_tumor_expression/gdc_star_counts_raw/3c134b22-4ca2-475e-b2a8-e3886e7fccdf.rna_seq.augmented_star_gene_counts.tsv","4245268"
"data/tcga_brain_tumor_expression/gdc_star_counts_raw/3d122d0e-749d-4388-a74a-a2266792e5de.rna_seq.augmented_star_gene_counts.tsv","4242431"
"data/tcga_brain_tumor_expression/gdc_star_counts_raw/3d2a576f-753e-4998-99e8-5a936bf6f3dd.rna_seq.augmented_star_gene_counts.tsv","4215351"
"data/tcga_brain_tumor_expression/gdc_star_counts_raw/3dd357c6-9e04-4f73-ae88-18143988e383.rna_seq.augmented_star_gene_counts.tsv","4253007"
"data/tcga_brain_tumor_expression/gdc_star_counts_raw/3dfe53bd-bb8a-4f7a-afb0-9e926e51b1e6.rna_seq.augmented_star_gene_counts.tsv","4237919"
"data/tcga_brain_tumor_expression/gdc_star_counts_raw/3e1b4e57-9c23-4954-a15c-d12b8f8471de.rna_seq.augmented_star_gene_counts.tsv","4243849"
"data/tcga_brain_tumor_expression/gdc_star_counts_raw/3e80fb1c-1d29-45c9-9e02-995c33c70b9c.rna_seq.augmented_star_gene_counts.tsv","4243613"
"data/tcga_brain_tumor_expression/gdc_star_counts_raw/3ef22195-f4b8-4f32-845b-71fa65efe7af.rna_seq.augmented_star_gene_counts.tsv","4243930"
"data/tcga_brain_tumor_expression/gdc_star_counts_raw/3fb1b531-00c6-4f08-95c7-03de14c74f9a.rna_seq.augmented_star_gene_counts.tsv","4249733"
"data/tcga_brain_tumor_expression/gdc_star_counts_raw/402d7ff6-52bf-437a-8bb1-70673bc40e9f.rna_seq.augmented_star_gene_counts.tsv","4240921"
"data/tcga_brain_tumor_expression/gdc_star_counts_raw/404948ed-abef-4949-8375-64908c0d52c0.rna_seq.augmented_star_gene_counts.tsv","4244154"
"data/tcga_brain_tumor_expression/gdc_star_counts_raw/4078cbdc-60c2-4d55-a2de-b497f3ee1a6e.rna_seq.augmented_star_gene_counts.tsv","4229822"
"data/tcga_brain_tumor_expression/gdc_star_counts_raw/4140c432-70d7-4785-b7fd-163ea41181a4.rna_seq.augmented_star_gene_counts.tsv","4238461"
"data/tcga_brain_tumor_expression/gdc_star_counts_raw/4182c637-8f3b-4e58-8ea9-e8c9859bfbd3.rna_seq.augmented_star_gene_counts.tsv","4234446"
"data/tcga_brain_tumor_expression/gdc_star_counts_raw/41bdf255-88ed-4346-9033-7813b2c97d84.rna_seq.augmented_star_gene_counts.tsv","4254868"
"data/tcga_brain_tumor_expression/gdc_star_counts_raw/41da41b9-2586-4981-aeee-ae3867f6d316.rna_seq.augmented_star_gene_counts.tsv","4236951"
"data/tcga_brain_tumor_expression/gdc_star_counts_raw/4205fd72-6678-41d6-8059-2db00867a92a.rna_seq.augmented_star_gene_counts.tsv","4249933"
"data/tcga_brain_tumor_expression/gdc_star_counts_raw/427c0ab2-f456-46fc-aa8a-f85fe4d9f88a.rna_seq.augmented_star_gene_counts.tsv","4247749"
"data/tcga_brain_tumor_expression/gdc_star_counts_raw/432a3dda-cb0a-4d72-8cb1-90d625cc1caa.rna_seq.augmented_star_gene_counts.tsv","4254850"
"data/tcga_brain_tumor_expression/gdc_star_counts_raw/43a6d88e-5e41-4ecb-bbf5-2c0744c1c3a9.rna_seq.augmented_star_gene_counts.tsv","4231909"
"data/tcga_brain_tumor_expression/gdc_star_counts_raw/44114335-e769-4bc9-81d1-b20b800e5d5a.rna_seq.augmented_star_gene_counts.tsv","4245963"
"data/tcga_brain_tumor_expression/gdc_star_counts_raw/44aa45ef-4bcd-47eb-a2ef-68b614d00a51.rna_seq.augmented_star_gene_counts.tsv","4257560"
"data/tcga_brain_tumor_expression/gdc_star_counts_raw/451b3ccc-14b2-4a70-bddc-67013533040d.rna_seq.augmented_star_gene_counts.tsv","4234867"
"data/tcga_brain_tumor_expression/gdc_star_counts_raw/45ab4192-f1bb-46cd-8e85-c2341d67642f.rna_seq.augmented_star_gene_counts.tsv","4245339"
"data/tcga_brain_tumor_expression/gdc_star_counts_raw/45b03af8-f396-4c1b-809a-5e2aa7ce0769.rna_seq.augmented_star_gene_counts.tsv","4230611"
"data/tcga_brain_tumor_expression/gdc_star_counts_raw/45c1e141-f1c5-4261-b167-382e0129e3e3.rna_seq.augmented_star_gene_counts.tsv","4249475"
"data/tcga_brain_tumor_expression/gdc_star_counts_raw/45c55fc2-e9d6-4016-9350-95d2bba56dee.rna_seq.augmented_star_gene_counts.tsv","4260054"
"data/tcga_brain_tumor_expression/gdc_star_counts_raw/4652439d-2d5a-4ee5-add6-22ccf4b21c75.rna_seq.augmented_star_gene_counts.tsv","4228905"
"data/tcga_brain_tumor_expression/gdc_star_counts_raw/46616863-83e8-4873-945a-e96da3f4eb9b.rna_seq.augmented_star_gene_counts.tsv","4246504"
"data/tcga_brain_tumor_expression/gdc_star_counts_raw/46c4e8cb-5a79-49d1-8cd1-70e7288718ef.rna_seq.augmented_star_gene_counts.tsv","4232201"
"data/tcga_brain_tumor_expression/gdc_star_counts_raw/46e7e923-009a-490c-8178-8150bfb2a331.rna_seq.augmented_star_gene_counts.tsv","4250533"
"data/tcga_brain_tumor_expression/gdc_star_counts_raw/47070554-7b19-4db3-a6c2-3ef277515fe8.rna_seq.augmented_star_gene_counts.tsv","4244610"
"data/tcga_brain_tumor_expression/gdc_star_counts_raw/471705e4-b9fb-4c74-a01f-be8d8d70b3d0.rna_seq.augmented_star_gene_counts.tsv","4243053"
"data/tcga_brain_tumor_expression/gdc_star_counts_raw/47990394-36a3-4cdf-a6c6-8d9d78bac5b1.rna_seq.augmented_star_gene_counts.tsv","4251415"
"data/tcga_brain_tumor_expression/gdc_star_counts_raw/47998adb-b4c0-4b18-9203-a6d421b06f11.rna_seq.augmented_star_gene_counts.tsv","4243739"
"data/tcga_brain_tumor_expression/gdc_star_counts_raw/4852a0bd-7339-45c7-abab-2b17b4792106.rna_seq.augmented_star_gene_counts.tsv","4236854"
"data/tcga_brain_tumor_expression/gdc_star_counts_raw/48a76a0c-4e67-466a-aeaa-fe2eafde4c03.rna_seq.augmented_star_gene_counts.tsv","4243823"
"data/tcga_brain_tumor_expression/gdc_star_counts_raw/4906506c-0236-4a3f-93b0-300384bd324d.rna_seq.augmented_star_gene_counts.tsv","4227871"
"data/tcga_brain_tumor_expression/gdc_star_counts_raw/4a173140-8ec3-4f61-9cc4-86470fb75b8a.rna_seq.augmented_star_gene_counts.tsv","4229946"
"data/tcga_brain_tumor_expression/gdc_star_counts_raw/4a367f57-4ec4-42d1-9923-df07ab9b61ee.rna_seq.augmented_star_gene_counts.tsv","4246833"
"data/tcga_brain_tumor_expression/gdc_star_counts_raw/4a44bd40-1141-4524-a35f-f29ee37f6c63.rna_seq.augmented_star_gene_counts.tsv","4236301"
"data/tcga_brain_tumor_expression/gdc_star_counts_raw/4a91d152-b46f-4721-a868-7ed491f9af56.rna_seq.augmented_star_gene_counts.tsv","4252927"
"data/tcga_brain_tumor_expression/gdc_star_counts_raw/4ac05a26-e45b-4936-99fa-e031cd5b212c.rna_seq.augmented_star_gene_counts.tsv","4233927"
"data/tcga_brain_tumor_expression/gdc_star_counts_raw/4b228438-6c20-4c56-8633-e1873d1aee8c.rna_seq.augmented_star_gene_counts.tsv","4245223"
"data/tcga_brain_tumor_expression/gdc_star_counts_raw/4d309823-4133-4120-b005-a3a3feda8cc6.rna_seq.augmented_star_gene_counts.tsv","4251238"
"data/tcga_brain_tumor_expression/gdc_star_counts_raw/4d3bdf9e-0c8b-4f1a-afdf-8a1c36114653.rna_seq.augmented_star_gene_counts.tsv","4246205"
"data/tcga_brain_tumor_expression/gdc_star_counts_raw/4d452125-09f2-4244-b764-4c3a40e54ff5.rna_seq.augmented_star_gene_counts.tsv","4237574"
"data/tcga_brain_tumor_expression/gdc_star_counts_raw/4d72196f-5827-4ff1-b5da-f47946945de0.rna_seq.augmented_star_gene_counts.tsv","4244245"
"data/tcga_brain_tumor_expression/gdc_star_counts_raw/4d83e943-3bc9-4d25-8dd9-30bb003dbe23.rna_seq.augmented_star_gene_counts.tsv","4246370"
"data/tcga_brain_tumor_expression/gdc_star_counts_raw/4d88e95f-b1fe-4dd6-b602-3db0197b693c.rna_seq.augmented_star_gene_counts.tsv","4234126"
"data/tcga_brain_tumor_expression/gdc_star_counts_raw/4ead1157-bb18-4e7c-9632-b13d869c5365.rna_seq.augmented_star_gene_counts.tsv","4231265"
"data/tcga_brain_tumor_expression/gdc_star_counts_raw/4ebf51c8-f12e-4c83-9bba-414e5ba20e7c.rna_seq.augmented_star_gene_counts.tsv","4237991"
"data/tcga_brain_tumor_expression/gdc_star_counts_raw/4ef577ef-0834-48d7-918d-c2b5df7efaf4.rna_seq.augmented_star_gene_counts.tsv","4242200"
"data/tcga_brain_tumor_expression/gdc_star_counts_raw/4f0a0b90-41cb-4ea7-97e0-5f771dc22fb2.rna_seq.augmented_star_gene_counts.tsv","4222175"
"data/tcga_brain_tumor_expression/gdc_star_counts_raw/4f601dad-46a5-4ee3-a92b-cc02fe348535.rna_seq.augmented_star_gene_counts.tsv","4237255"
"data/tcga_brain_tumor_expression/gdc_star_counts_raw/4fa49452-cb75-46c0-a633-42b3f7c4361b.rna_seq.augmented_star_gene_counts.tsv","4242161"
"data/tcga_brain_tumor_expression/gdc_star_counts_raw/4fb7c7b2-ce12-40e9-bfd6-d808ac39ace0.rna_seq.augmented_star_gene_counts.tsv","4247637"
"data/tcga_brain_tumor_expression/gdc_star_counts_raw/5007bc23-cd49-47fd-ae96-9ece25affb34.rna_seq.augmented_star_gene_counts.tsv","4231166"
"data/tcga_brain_tumor_expression/gdc_star_counts_raw/502882eb-8819-4015-8483-ab720e2a25bf.rna_seq.augmented_star_gene_counts.tsv","4247666"
"data/tcga_brain_tumor_expression/gdc_star_counts_raw/511393a1-da49-4cf1-80d6-7f50a6c3043d.rna_seq.augmented_star_gene_counts.tsv","4246579"
"data/tcga_brain_tumor_expression/gdc_star_counts_raw/512cc486-2b78-4e5d-9434-c2649db9ffcc.rna_seq.augmented_star_gene_counts.tsv","4248861"
"data/tcga_brain_tumor_expression/gdc_star_counts_raw/51a0a61e-2f2b-40be-9c54-f46a17847a5b.rna_seq.augmented_star_gene_counts.tsv","4237677"
"data/tcga_brain_tumor_expression/gdc_star_counts_raw/51aea3a7-011d-4f8b-af00-fc7c169591d9.rna_seq.augmented_star_gene_counts.tsv","4225783"
"data/tcga_brain_tumor_expression/gdc_star_counts_raw/51cf388b-effc-44bd-bd78-5b25878561a2.rna_seq.augmented_star_gene_counts.tsv","4246445"
"data/tcga_brain_tumor_expression/gdc_star_counts_raw/51dbe991-5483-417a-88af-68fe4852529d.rna_seq.augmented_star_gene_counts.tsv","4238025"
"data/tcga_brain_tumor_expression/gdc_star_counts_raw/520c0e78-f0a3-4e46-8c8e-00cf654e100d.rna_seq.augmented_star_gene_counts.tsv","4245745"
"data/tcga_brain_tumor_expression/gdc_star_counts_raw/5237a678-9f82-4aa3-a874-39179cff6ba5.rna_seq.augmented_star_gene_counts.tsv","4244297"
"data/tcga_brain_tumor_expression/gdc_star_counts_raw/52479415-92aa-467d-aca7-f5871cba5104.rna_seq.augmented_star_gene_counts.tsv","4245046"
"data/tcga_brain_tumor_expression/gdc_star_counts_raw/52c55a5f-09ad-4140-bfac-1bb66ad42d78.rna_seq.augmented_star_gene_counts.tsv","4249407"
"data/tcga_brain_tumor_expression/gdc_star_counts_raw/52fe8f1b-e67c-488d-8a2c-ce33de66e66f.rna_seq.augmented_star_gene_counts.tsv","4240416"
"data/tcga_brain_tumor_expression/gdc_star_counts_raw/54355c40-c4ef-4491-ad65-9bb247f34b23.rna_seq.augmented_star_gene_counts.tsv","4253333"
"data/tcga_brain_tumor_expression/gdc_star_counts_raw/54c6eff1-866a-4b26-9778-6b085fc25123.rna_seq.augmented_star_gene_counts.tsv","4231886"
"data/tcga_brain_tumor_expression/gdc_star_counts_raw/54ef1373-c2c2-4eed-a7b4-63ef141dd5b8.rna_seq.augmented_star_gene_counts.tsv","4246107"
"data/tcga_brain_tumor_expression/gdc_star_counts_raw/54f5fb74-d1b8-4ad8-a1d3-2949ef36653f.rna_seq.augmented_star_gene_counts.tsv","4230574"
"data/tcga_brain_tumor_expression/gdc_star_counts_raw/55205481-335e-44c1-885a-fa5a33bd7edf.rna_seq.augmented_star_gene_counts.tsv","4230464"
"data/tcga_brain_tumor_expression/gdc_star_counts_raw/55e09827-cf4f-4286-84cc-2b2da280266e.rna_seq.augmented_star_gene_counts.tsv","4214743"
"data/tcga_brain_tumor_expression/gdc_star_counts_raw/55ee2877-f53c-4d55-82ee-7d6478c4baaa.rna_seq.augmented_star_gene_counts.tsv","4241954"
"data/tcga_brain_tumor_expression/gdc_star_counts_raw/55fbf73d-c1c2-4b02-935d-6aea9c163edf.rna_seq.augmented_star_gene_counts.tsv","4246940"
"data/tcga_brain_tumor_expression/gdc_star_counts_raw/56050b40-0992-41bb-bf05-f4cab2541940.rna_seq.augmented_star_gene_counts.tsv","4251311"
"data/tcga_brain_tumor_expression/gdc_star_counts_raw/560d43d3-0cb1-41f4-9590-92b5b1322f3e.rna_seq.augmented_star_gene_counts.tsv","4255262"
"data/tcga_brain_tumor_expression/gdc_star_counts_raw/5763b7c5-89cb-49c4-87aa-bad01f28b541.rna_seq.augmented_star_gene_counts.tsv","4248202"
"data/tcga_brain_tumor_expression/gdc_star_counts_raw/576f1792-c90b-470e-b3e4-bad29d766993.rna_seq.augmented_star_gene_counts.tsv","4245811"
"data/tcga_brain_tumor_expression/gdc_star_counts_raw/5776952f-08f8-4284-8781-472246c1c7ad.rna_seq.augmented_star_gene_counts.tsv","4246222"
"data/tcga_brain_tumor_expression/gdc_star_counts_raw/577e2d0f-5944-487d-aa42-98d7615dd211.rna_seq.augmented_star_gene_counts.tsv","4244781"
"data/tcga_brain_tumor_expression/gdc_star_counts_raw/579e9523-15ca-4173-af81-4b8949d8ac22.rna_seq.augmented_star_gene_counts.tsv","4252368"
"data/tcga_brain_tumor_expression/gdc_star_counts_raw/57a60438-72ad-4d85-9b67-36a56e00fbdf.rna_seq.augmented_star_gene_counts.tsv","4244375"
"data/tcga_brain_tumor_expression/gdc_star_counts_raw/57b815ef-511a-4578-9fb5-277765b51f78.rna_seq.augmented_star_gene_counts.tsv","4244784"
"data/tcga_brain_tumor_expression/gdc_star_counts_raw/57d93648-c83d-4bc7-bbae-46e4b26c4b03.rna_seq.augmented_star_gene_counts.tsv","4253960"
"data/tcga_brain_tumor_expression/gdc_star_counts_raw/585eac3a-a787-4cd8-b0b4-26e5b22db223.rna_seq.augmented_star_gene_counts.tsv","4226165"
"data/tcga_brain_tumor_expression/gdc_star_counts_raw/5862a2c8-9700-4bfd-8247-176efebc3efb.rna_seq.augmented_star_gene_counts.tsv","4243010"
"data/tcga_brain_tumor_expression/gdc_star_counts_raw/58d714ce-bdb7-4365-b3f9-a5464237b1d4.rna_seq.augmented_star_gene_counts.tsv","4239581"
"data/tcga_brain_tumor_expression/gdc_star_counts_raw/5990f089-fa26-4ba3-997c-61ff9c7d3dbb.rna_seq.augmented_star_gene_counts.tsv","4229418"
"data/tcga_brain_tumor_expression/gdc_star_counts_raw/59f436d5-7a66-40a8-9bca-b1e354452492.rna_seq.augmented_star_gene_counts.tsv","4240268"
"data/tcga_brain_tumor_expression/gdc_star_counts_raw/59fc94d0-80d5-491b-90c2-cd1014b10bf7.rna_seq.augmented_star_gene_counts.tsv","4252149"
"data/tcga_brain_tumor_expression/gdc_star_counts_raw/5a2fb8ba-a509-4216-83b5-174c1ee94c17.rna_seq.augmented_star_gene_counts.tsv","4225900"
"data/tcga_brain_tumor_expression/gdc_star_counts_raw/5a469815-4a88-4a5e-8df5-1e71579577e7.rna_seq.augmented_star_gene_counts.tsv","4231083"
"data/tcga_brain_tumor_expression/gdc_star_counts_raw/5a78b059-bc3f-4b39-b51d-e0993e104176.rna_seq.augmented_star_gene_counts.tsv","4245802"
"data/tcga_brain_tumor_expression/gdc_star_counts_raw/5b1cc683-d363-4cb8-b9b2-050c3c541858.rna_seq.augmented_star_gene_counts.tsv","4244841"
"data/tcga_brain_tumor_expression/gdc_star_counts_raw/5b408245-eb57-4b50-aa26-2648651dfec4.rna_seq.augmented_star_gene_counts.tsv","4240892"
"data/tcga_brain_tumor_expression/gdc_star_counts_raw/5b48d67b-b6c5-41aa-a8f2-9a73c45ede88.rna_seq.augmented_star_gene_counts.tsv","4243156"
"data/tcga_brain_tumor_expression/gdc_star_counts_raw/5b56daff-2531-46b1-a277-86b88b878c61.rna_seq.augmented_star_gene_counts.tsv","4251659"
"data/tcga_brain_tumor_expression/gdc_star_counts_raw/5bce1bf9-5ad0-4a9d-b551-f71c8432e4b4.rna_seq.augmented_star_gene_counts.tsv","4235908"
"data/tcga_brain_tumor_expression/gdc_star_counts_raw/5cafc8c0-a92c-407a-ad52-a2d9562c0bfa.rna_seq.augmented_star_gene_counts.tsv","4250273"
"data/tcga_brain_tumor_expression/gdc_star_counts_raw/5cfc43cc-627e-452e-a3ff-8a10e20054eb.rna_seq.augmented_star_gene_counts.tsv","4241839"
"data/tcga_brain_tumor_expression/gdc_star_counts_raw/5d55672c-be4d-4777-aec8-d6798a272723.rna_seq.augmented_star_gene_counts.tsv","4253154"
"data/tcga_brain_tumor_expression/gdc_star_counts_raw/5d732c32-681d-46ca-b0bd-404ab47c64db.rna_seq.augmented_star_gene_counts.tsv","4243636"
"data/tcga_brain_tumor_expression/gdc_star_counts_raw/5dbffdf0-56b5-404d-b008-bae22fc81bcd.rna_seq.augmented_star_gene_counts.tsv","4242196"
"data/tcga_brain_tumor_expression/gdc_star_counts_raw/5e6cb8cc-d5a4-48e3-9f31-05ea8907da5b.rna_seq.augmented_star_gene_counts.tsv","4256837"
"data/tcga_brain_tumor_expression/gdc_star_counts_raw/5eb967ae-6a4a-4109-948c-36f00dc471fe.rna_seq.augmented_star_gene_counts.tsv","4221763"
"data/tcga_brain_tumor_expression/gdc_star_counts_raw/5ee870c9-95d0-471c-a28d-ace5380f648e.rna_seq.augmented_star_gene_counts.tsv","4245914"
"data/tcga_brain_tumor_expression/gdc_star_counts_raw/5ef77dbc-2112-4ab3-a669-b0f9b175f01c.rna_seq.augmented_star_gene_counts.tsv","4227949"
"data/tcga_brain_tumor_expression/gdc_star_counts_raw/5f2a6bc7-0621-465a-a112-7f2be2ce6a51.rna_seq.augmented_star_gene_counts.tsv","4233732"
"data/tcga_brain_tumor_expression/gdc_star_counts_raw/5f8a7456-4c0d-451f-abe7-efcb71d6f672.rna_seq.augmented_star_gene_counts.tsv","4242095"
"data/tcga_brain_tumor_expression/gdc_star_counts_raw/600badb9-4e30-42a8-ab7b-84235ac1c306.rna_seq.augmented_star_gene_counts.tsv","4238140"
"data/tcga_brain_tumor_expression/gdc_star_counts_raw/602acda6-a90d-42bc-a8aa-6eade2a791c4.rna_seq.augmented_star_gene_counts.tsv","4250786"
"data/tcga_brain_tumor_expression/gdc_star_counts_raw/60f5346b-09a0-4def-86f9-06d791fc4d7c.rna_seq.augmented_star_gene_counts.tsv","4227344"
"data/tcga_brain_tumor_expression/gdc_star_counts_raw/612c5ce3-ded1-434a-a2b6-d45e587e7fb3.rna_seq.augmented_star_gene_counts.tsv","4248670"
"data/tcga_brain_tumor_expression/gdc_star_counts_raw/6138a91e-1211-45d6-81d2-3f9446446d79.rna_seq.augmented_star_gene_counts.tsv","4233345"
"data/tcga_brain_tumor_expression/gdc_star_counts_raw/61aa6c78-d34b-4da0-a9d6-e02cf46cdfd1.rna_seq.augmented_star_gene_counts.tsv","4231284"
"data/tcga_brain_tumor_expression/gdc_star_counts_raw/61b49c87-e9ee-4ddb-84a3-04fca3706c79.rna_seq.augmented_star_gene_counts.tsv","4256343"
"data/tcga_brain_tumor_expression/gdc_star_counts_raw/6223286d-4204-4198-a6bc-de689978c7da.rna_seq.augmented_star_gene_counts.tsv","4242092"
"data/tcga_brain_tumor_expression/gdc_star_counts_raw/62edccbe-eb6f-4d5a-b4ff-6b64e72c7f78.rna_seq.augmented_star_gene_counts.tsv","4253893"
"data/tcga_brain_tumor_expression/gdc_star_counts_raw/631b1de2-fb01-4d43-80df-9f3c71a1dc72.rna_seq.augmented_star_gene_counts.tsv","4239368"
"data/tcga_brain_tumor_expression/gdc_star_counts_raw/63258e05-fab4-480e-8a21-67c0a3db17b0.rna_seq.augmented_star_gene_counts.tsv","4229572"
"data/tcga_brain_tumor_expression/gdc_star_counts_raw/6357981d-6b63-42cd-a682-917b0755e621.rna_seq.augmented_star_gene_counts.tsv","4228654"
"data/tcga_brain_tumor_expression/gdc_star_counts_raw/6394059f-8ec8-4fe7-80bc-3650c76b4499.rna_seq.augmented_star_gene_counts.tsv","4237036"
"data/tcga_brain_tumor_expression/gdc_star_counts_raw/63af1588-387b-44a7-97ed-4f73559347c2.rna_seq.augmented_star_gene_counts.tsv","4235697"
"data/tcga_brain_tumor_expression/gdc_star_counts_raw/63f1fd15-a4d1-434c-85e7-a8ec6380c693.rna_seq.augmented_star_gene_counts.tsv","4255179"
"data/tcga_brain_tumor_expression/gdc_star_counts_raw/64189146-d3af-4501-a524-e11ddd0f437c.rna_seq.augmented_star_gene_counts.tsv","4248155"
"data/tcga_brain_tumor_expression/gdc_star_counts_raw/64370d1e-6575-42ea-a00d-e920553ea6c2.rna_seq.augmented_star_gene_counts.tsv","4238948"
"data/tcga_brain_tumor_expression/gdc_star_counts_raw/64aa0bbf-30f4-4331-bb74-7ae7ac0b1ba1.rna_seq.augmented_star_gene_counts.tsv","4236604"
"data/tcga_brain_tumor_expression/gdc_star_counts_raw/64c28835-3395-4328-887f-b2bf042c3d9a.rna_seq.augmented_star_gene_counts.tsv","4241419"
"data/tcga_brain_tumor_expression/gdc_star_counts_raw/64d208b9-6a15-4077-885f-30d9cdedf147.rna_seq.augmented_star_gene_counts.tsv","4229310"
"data/tcga_brain_tumor_expression/gdc_star_counts_raw/64e37a02-7b4c-430c-9088-2d1c7c89a508.rna_seq.augmented_star_gene_counts.tsv","4238999"
"data/tcga_brain_tumor_expression/gdc_star_counts_raw/6571f6d5-963a-4ff7-9174-2b4d61c11069.rna_seq.augmented_star_gene_counts.tsv","4248054"
"data/tcga_brain_tumor_expression/gdc_star_counts_raw/6577ddb2-0dd8-43da-9762-9922064788e4.rna_seq.augmented_star_gene_counts.tsv","4239268"
"data/tcga_brain_tumor_expression/gdc_star_counts_raw/65f9ba2e-842f-475b-92c5-8867724871b4.rna_seq.augmented_star_gene_counts.tsv","4245897"
"data/tcga_brain_tumor_expression/gdc_star_counts_raw/6622da58-4504-4c96-85de-65d3eb05ac63.rna_seq.augmented_star_gene_counts.tsv","4249832"
"data/tcga_brain_tumor_expression/gdc_star_counts_raw/662810c1-3b3f-47d7-af20-8b40646c6c1a.rna_seq.augmented_star_gene_counts.tsv","4249562"
"data/tcga_brain_tumor_expression/gdc_star_counts_raw/663222a0-bd8b-4084-9291-bb30472ddd86.rna_seq.augmented_star_gene_counts.tsv","4239762"
"data/tcga_brain_tumor_expression/gdc_star_counts_raw/664eac2e-7d5a-4556-a469-5e6e30b443f2.rna_seq.augmented_star_gene_counts.tsv","4244980"
"data/tcga_brain_tumor_expression/gdc_star_counts_raw/66cfd7f5-5c5e-4d20-b2b2-c3c592189160.rna_seq.augmented_star_gene_counts.tsv","4246005"
"data/tcga_brain_tumor_expression/gdc_star_counts_raw/671d7eb7-92fc-4318-be85-e48f7d868225.rna_seq.augmented_star_gene_counts.tsv","4229541"
"data/tcga_brain_tumor_expression/gdc_star_counts_raw/672ecb8d-85fb-43ab-8db8-811f35393aa8.rna_seq.augmented_star_gene_counts.tsv","4251716"
"data/tcga_brain_tumor_expression/gdc_star_counts_raw/681f61ca-9108-4724-a0f2-d166fdc5e5bb.rna_seq.augmented_star_gene_counts.tsv","4247725"
"data/tcga_brain_tumor_expression/gdc_star_counts_raw/6824df5a-832c-4a45-b654-05ba9ac03369.rna_seq.augmented_star_gene_counts.tsv","4246236"
"data/tcga_brain_tumor_expression/gdc_star_counts_raw/683dfb6e-c7e1-4648-93ec-d6c84c81beb1.rna_seq.augmented_star_gene_counts.tsv","4252465"
"data/tcga_brain_tumor_expression/gdc_star_counts_raw/687293b9-b030-4909-a076-435efff554d1.rna_seq.augmented_star_gene_counts.tsv","4239728"
"data/tcga_brain_tumor_expression/gdc_star_counts_raw/6947b479-bcd0-40e8-b247-3903dab1a8d2.rna_seq.augmented_star_gene_counts.tsv","4230246"
"data/tcga_brain_tumor_expression/gdc_star_counts_raw/696fb8f8-1bec-4424-ab08-ebbe37c7078c.rna_seq.augmented_star_gene_counts.tsv","4238701"
"data/tcga_brain_tumor_expression/gdc_star_counts_raw/69804564-72f3-443e-a45e-add43d917b2c.rna_seq.augmented_star_gene_counts.tsv","4241176"
"data/tcga_brain_tumor_expression/gdc_star_counts_raw/69faa26c-4763-411b-affb-5eee559b70e1.rna_seq.augmented_star_gene_counts.tsv","4249694"
"data/tcga_brain_tumor_expression/gdc_star_counts_raw/6a32d3f8-246f-45ce-a9ac-cc8dcaeabfd0.rna_seq.augmented_star_gene_counts.tsv","4248120"
"data/tcga_brain_tumor_expression/gdc_star_counts_raw/6a7ea1b4-e24a-4e33-919c-9d9d290fc562.rna_seq.augmented_star_gene_counts.tsv","4242996"
"data/tcga_brain_tumor_expression/gdc_star_counts_raw/6a81c987-0907-4638-86a7-51e6ad3b758a.rna_seq.augmented_star_gene_counts.tsv","4231520"
"data/tcga_brain_tumor_expression/gdc_star_counts_raw/6a87346a-157b-467c-be80-572ab377080c.rna_seq.augmented_star_gene_counts.tsv","4234858"
"data/tcga_brain_tumor_expression/gdc_star_counts_raw/6afd066b-806e-4568-94d9-ac189d1101af.rna_seq.augmented_star_gene_counts.tsv","4240470"
"data/tcga_brain_tumor_expression/gdc_star_counts_raw/6afd36a6-9b94-4e59-9afe-e3dd1edbaf4e.rna_seq.augmented_star_gene_counts.tsv","4243498"
"data/tcga_brain_tumor_expression/gdc_star_counts_raw/6b59c7e7-11f7-4326-a849-2e1a6bb9f3e7.rna_seq.augmented_star_gene_counts.tsv","4218805"
"data/tcga_brain_tumor_expression/gdc_star_counts_raw/6b5a5a32-6039-4e57-97a3-8b4100bed8eb.rna_seq.augmented_star_gene_counts.tsv","4258630"
"data/tcga_brain_tumor_expression/gdc_star_counts_raw/6be579fe-a0cc-4298-b1d0-448a5c8220cb.rna_seq.augmented_star_gene_counts.tsv","4250873"
"data/tcga_brain_tumor_expression/gdc_star_counts_raw/6c5e72c6-18f8-4994-9574-56a429d12ac5.rna_seq.augmented_star_gene_counts.tsv","4255377"
"data/tcga_brain_tumor_expression/gdc_star_counts_raw/6ca75a3f-a5f3-4395-86fa-e2f0679fdcf8.rna_seq.augmented_star_gene_counts.tsv","4244550"
"data/tcga_brain_tumor_expression/gdc_star_counts_raw/6ce1df69-82de-4672-bdbc-0dc415983095.rna_seq.augmented_star_gene_counts.tsv","4249940"
"data/tcga_brain_tumor_expression/gdc_star_counts_raw/6d273a56-48cc-47fa-9262-7b8659b00a7c.rna_seq.augmented_star_gene_counts.tsv","4241649"
"data/tcga_brain_tumor_expression/gdc_star_counts_raw/6db5b8d7-ba5c-4a7b-98f9-de0aef97a9c0.rna_seq.augmented_star_gene_counts.tsv","4250515"
"data/tcga_brain_tumor_expression/gdc_star_counts_raw/6ddac922-5614-4e0d-b2e4-c063f120f424.rna_seq.augmented_star_gene_counts.tsv","4241427"
"data/tcga_brain_tumor_expression/gdc_star_counts_raw/6e18834b-f718-4764-8a8e-34280421f71e.rna_seq.augmented_star_gene_counts.tsv","4245057"
"data/tcga_brain_tumor_expression/gdc_star_counts_raw/6ead2dc2-a880-4e71-b7c4-84f67b8261dc.rna_seq.augmented_star_gene_counts.tsv","4234313"
"data/tcga_brain_tumor_expression/gdc_star_counts_raw/6efd1a34-3261-4ad3-87cc-da685ba06d2b.rna_seq.augmented_star_gene_counts.tsv","4234443"
"data/tcga_brain_tumor_expression/gdc_star_counts_raw/6f65bc4e-1005-4a19-adc0-df28934a5533.rna_seq.augmented_star_gene_counts.tsv","4240242"
"data/tcga_brain_tumor_expression/gdc_star_counts_raw/6ff649cb-781f-4d71-b06f-3504d95879ad.rna_seq.augmented_star_gene_counts.tsv","4250864"
"data/tcga_brain_tumor_expression/gdc_star_counts_raw/7127a123-4f5b-4fab-b1fe-deeb790fedd3.rna_seq.augmented_star_gene_counts.tsv","4221390"
"data/tcga_brain_tumor_expression/gdc_star_counts_raw/71390b5a-ecd0-475f-8582-8bfb47bb844c.rna_seq.augmented_star_gene_counts.tsv","4245636"
"data/tcga_brain_tumor_expression/gdc_star_counts_raw/715bd371-4f22-4f97-a9df-ebaf34715a1e.rna_seq.augmented_star_gene_counts.tsv","4258246"
"data/tcga_brain_tumor_expression/gdc_star_counts_raw/7164752e-f3af-4ff9-aa7b-a96dc10f58ab.rna_seq.augmented_star_gene_counts.tsv","4242805"
"data/tcga_brain_tumor_expression/gdc_star_counts_raw/71871a63-06ad-4be1-81f8-71f773bb46c9.rna_seq.augmented_star_gene_counts.tsv","4236329"
"data/tcga_brain_tumor_expression/gdc_star_counts_raw/71cda463-409b-457c-b8d9-556bfb0bfc29.rna_seq.augmented_star_gene_counts.tsv","4251463"
"data/tcga_brain_tumor_expression/gdc_star_counts_raw/71d11e4c-6fe8-47ba-91a5-6566158614fa.rna_seq.augmented_star_gene_counts.tsv","4228247"
"data/tcga_brain_tumor_expression/gdc_star_counts_raw/7247a732-6b0a-4184-9789-9be47acc85b4.rna_seq.augmented_star_gene_counts.tsv","4249541"
"data/tcga_brain_tumor_expression/gdc_star_counts_raw/73083339-9672-4072-aa87-0c94240f478a.rna_seq.augmented_star_gene_counts.tsv","4232161"
"data/tcga_brain_tumor_expression/gdc_star_counts_raw/730fe34d-49c7-4bd0-82da-0ebe32992cbb.rna_seq.augmented_star_gene_counts.tsv","4235597"
"data/tcga_brain_tumor_expression/gdc_star_counts_raw/7412a444-9fad-4d96-a4d4-2c270045919a.rna_seq.augmented_star_gene_counts.tsv","4248718"
"data/tcga_brain_tumor_expression/gdc_star_counts_raw/7461d3c9-6e68-42cd-ab5e-858c6828affc.rna_seq.augmented_star_gene_counts.tsv","4248150"
"data/tcga_brain_tumor_expression/gdc_star_counts_raw/748dc14a-ff43-4b5d-b197-b7c021955fed.rna_seq.augmented_star_gene_counts.tsv","4251897"
"data/tcga_brain_tumor_expression/gdc_star_counts_raw/749211f0-4b33-47fb-9ac0-91c0f1cc7c01.rna_seq.augmented_star_gene_counts.tsv","4245205"
"data/tcga_brain_tumor_expression/gdc_star_counts_raw/74a6cd3d-a6e4-49c6-a547-eeadf7fbb61a.rna_seq.augmented_star_gene_counts.tsv","4241102"
"data/tcga_brain_tumor_expression/gdc_star_counts_raw/74bde7b9-6b39-4c7f-843d-f4dcaa49c433.rna_seq.augmented_star_gene_counts.tsv","4251848"
"data/tcga_brain_tumor_expression/gdc_star_counts_raw/750056fe-7f1d-45de-afad-cc3b4ce8c289.rna_seq.augmented_star_gene_counts.tsv","4246356"
"data/tcga_brain_tumor_expression/gdc_star_counts_raw/75615deb-e120-44f6-a585-1ca07987b7ef.rna_seq.augmented_star_gene_counts.tsv","4228972"
"data/tcga_brain_tumor_expression/gdc_star_counts_raw/75992360-d2ff-4fa4-8208-79a8c2a23a9a.rna_seq.augmented_star_gene_counts.tsv","4223866"
"data/tcga_brain_tumor_expression/gdc_star_counts_raw/75bc78d8-28f3-41b8-ae0e-da3f818eea30.rna_seq.augmented_star_gene_counts.tsv","4256451"
"data/tcga_brain_tumor_expression/gdc_star_counts_raw/75f58afe-0b42-4b7f-873e-a0a4d77904f3.rna_seq.augmented_star_gene_counts.tsv","4239084"
"data/tcga_brain_tumor_expression/gdc_star_counts_raw/764dcbc1-1611-486e-bf1d-8a43ede692f7.rna_seq.augmented_star_gene_counts.tsv","4212341"
"data/tcga_brain_tumor_expression/gdc_star_counts_raw/76642b1c-82e0-495b-8385-9220f5c6ba94.rna_seq.augmented_star_gene_counts.tsv","4247514"
"data/tcga_brain_tumor_expression/gdc_star_counts_raw/77054cbf-e120-40ba-96bb-26a6bd9564df.rna_seq.augmented_star_gene_counts.tsv","4250561"
"data/tcga_brain_tumor_expression/gdc_star_counts_raw/77405f24-ebc0-45be-9beb-ac81ed1936d5.rna_seq.augmented_star_gene_counts.tsv","4210282"
"data/tcga_brain_tumor_expression/gdc_star_counts_raw/7753deb5-3885-44ca-be8b-8ff6ab9d7e30.rna_seq.augmented_star_gene_counts.tsv","4240821"
"data/tcga_brain_tumor_expression/gdc_star_counts_raw/7775f83b-5a91-4ced-83dd-c6c419c110ab.rna_seq.augmented_star_gene_counts.tsv","4256406"
"data/tcga_brain_tumor_expression/gdc_star_counts_raw/77988b18-6776-4c0d-9279-ff0f6a08e2d8.rna_seq.augmented_star_gene_counts.tsv","4243831"
"data/tcga_brain_tumor_expression/gdc_star_counts_raw/77d05e76-bdff-4082-bb39-246feb0950dc.rna_seq.augmented_star_gene_counts.tsv","4244855"
"data/tcga_brain_tumor_expression/gdc_star_counts_raw/77eb6e00-3209-4c20-89e5-5dec2b477088.rna_seq.augmented_star_gene_counts.tsv","4234047"
"data/tcga_brain_tumor_expression/gdc_star_counts_raw/78484ab5-e8f8-4029-b5b2-63629a949e2f.rna_seq.augmented_star_gene_counts.tsv","4224344"
"data/tcga_brain_tumor_expression/gdc_star_counts_raw/79431769-1471-4ae8-b324-3f02d1a25507.rna_seq.augmented_star_gene_counts.tsv","4251044"
"data/tcga_brain_tumor_expression/gdc_star_counts_raw/7953f14d-563a-4c41-882e-cce3821547a3.rna_seq.augmented_star_gene_counts.tsv","4236915"
"data/tcga_brain_tumor_expression/gdc_star_counts_raw/79b783ac-103f-47a6-bc4b-8498a0be46ac.rna_seq.augmented_star_gene_counts.tsv","4242247"
"data/tcga_brain_tumor_expression/gdc_star_counts_raw/79df4b2d-af4b-459b-a8cf-bc5d21a89c64.rna_seq.augmented_star_gene_counts.tsv","4239774"
"data/tcga_brain_tumor_expression/gdc_star_counts_raw/7a13e0f8-ed80-4fc5-985a-f40a6585d416.rna_seq.augmented_star_gene_counts.tsv","4242737"
"data/tcga_brain_tumor_expression/gdc_star_counts_raw/7a25193c-a87d-4929-b724-3d89553fa028.rna_seq.augmented_star_gene_counts.tsv","4262595"
"data/tcga_brain_tumor_expression/gdc_star_counts_raw/7a4908be-65e5-4008-8eec-becdc9903c74.rna_seq.augmented_star_gene_counts.tsv","4239357"
"data/tcga_brain_tumor_expression/gdc_star_counts_raw/7a5f6106-e991-4fdb-ae52-61099bd8c3b9.rna_seq.augmented_star_gene_counts.tsv","4246317"
"data/tcga_brain_tumor_expression/gdc_star_counts_raw/7aaf54b8-2be8-4b92-91c9-cfc21671dc60.rna_seq.augmented_star_gene_counts.tsv","4242551"
"data/tcga_brain_tumor_expression/gdc_star_counts_raw/7af59d6e-d363-4cb2-b9d3-47fcd6bc6cc0.rna_seq.augmented_star_gene_counts.tsv","4251574"
"data/tcga_brain_tumor_expression/gdc_star_counts_raw/7b0a2cc9-54a0-4e45-8a99-77a3c456f515.rna_seq.augmented_star_gene_counts.tsv","4240566"
"data/tcga_brain_tumor_expression/gdc_star_counts_raw/7b78ffab-8b48-48fc-b17b-9ae63dac283f.rna_seq.augmented_star_gene_counts.tsv","4222316"
"data/tcga_brain_tumor_expression/gdc_star_counts_raw/7b97dfe9-a528-4175-bcd4-4fd9893c9cd2.rna_seq.augmented_star_gene_counts.tsv","4240188"
"data/tcga_brain_tumor_expression/gdc_star_counts_raw/7b980b35-f9d6-4d92-bd0d-cf152156a2d8.rna_seq.augmented_star_gene_counts.tsv","4237575"
"data/tcga_brain_tumor_expression/gdc_star_counts_raw/7b9bb575-77cb-463e-9f34-607cda913e91.rna_seq.augmented_star_gene_counts.tsv","4242355"
"data/tcga_brain_tumor_expression/gdc_star_counts_raw/7bdb050e-b069-42ff-83d7-18cdf1765a76.rna_seq.augmented_star_gene_counts.tsv","4248764"
"data/tcga_brain_tumor_expression/gdc_star_counts_raw/7cbde0bd-c5d1-492b-b94f-3e2d46560038.rna_seq.augmented_star_gene_counts.tsv","4261781"
"data/tcga_brain_tumor_expression/gdc_star_counts_raw/7d1ba30d-6d00-479f-8ae9-f818c56ba9c5.rna_seq.augmented_star_gene_counts.tsv","4244613"
"data/tcga_brain_tumor_expression/gdc_star_counts_raw/7dd17209-3320-4181-af24-57683739d43d.rna_seq.augmented_star_gene_counts.tsv","4235657"
"data/tcga_brain_tumor_expression/gdc_star_counts_raw/7e41568b-b0f0-4d04-9715-074aa1493d54.rna_seq.augmented_star_gene_counts.tsv","4251075"
"data/tcga_brain_tumor_expression/gdc_star_counts_raw/7f316dbf-94f8-467e-89fc-ae78a91348b5.rna_seq.augmented_star_gene_counts.tsv","4231441"
"data/tcga_brain_tumor_expression/gdc_star_counts_raw/7f40dfdd-892f-4dd9-809d-ab6193f252aa.rna_seq.augmented_star_gene_counts.tsv","4252285"
"data/tcga_brain_tumor_expression/gdc_star_counts_raw/7f9c22b2-5615-42af-9c73-4ad5718b1fd1.rna_seq.augmented_star_gene_counts.tsv","4248382"
"data/tcga_brain_tumor_expression/gdc_star_counts_raw/7fd5b083-8d24-4631-8c52-146c27197be2.rna_seq.augmented_star_gene_counts.tsv","4228400"
"data/tcga_brain_tumor_expression/gdc_star_counts_raw/8085d4b1-43a3-453c-ab23-eba1f515f4a9.rna_seq.augmented_star_gene_counts.tsv","4256658"
"data/tcga_brain_tumor_expression/gdc_star_counts_raw/80e02a48-6bbd-4e69-87f3-a27e51ca852b.rna_seq.augmented_star_gene_counts.tsv","4247502"
"data/tcga_brain_tumor_expression/gdc_star_counts_raw/80f616bc-e28d-43b2-b3cb-606962c0d22b.rna_seq.augmented_star_gene_counts.tsv","4233401"
"data/tcga_brain_tumor_expression/gdc_star_counts_raw/80fbde52-c86e-4e40-a3c2-90cd9562626e.rna_seq.augmented_star_gene_counts.tsv","4239496"
"data/tcga_brain_tumor_expression/gdc_star_counts_raw/8110f4f0-329f-44b6-a499-bf0f0fa7cf58.rna_seq.augmented_star_gene_counts.tsv","4255305"
"data/tcga_brain_tumor_expression/gdc_star_counts_raw/814d0623-7f75-489b-9297-7b2e0f02160c.rna_seq.augmented_star_gene_counts.tsv","4238672"
"data/tcga_brain_tumor_expression/gdc_star_counts_raw/8190fe88-f3d5-459e-924b-79fb2994c999.rna_seq.augmented_star_gene_counts.tsv","4252094"
"data/tcga_brain_tumor_expression/gdc_star_counts_raw/8193c8de-ed9f-48f7-9814-b7daca82b3bf.rna_seq.augmented_star_gene_counts.tsv","4247445"
"data/tcga_brain_tumor_expression/gdc_star_counts_raw/81dcfef2-2a70-4868-bc63-4aeaf924aa7b.rna_seq.augmented_star_gene_counts.tsv","4241224"
"data/tcga_brain_tumor_expression/gdc_star_counts_raw/81ed5361-8358-421c-b388-9ec3e6140fee.rna_seq.augmented_star_gene_counts.tsv","4245345"
"data/tcga_brain_tumor_expression/gdc_star_counts_raw/820e8588-8ed6-4503-a462-d992521d94cb.rna_seq.augmented_star_gene_counts.tsv","4241530"
"data/tcga_brain_tumor_expression/gdc_star_counts_raw/829e7c71-bbc4-463e-bff7-70bec0074e51.rna_seq.augmented_star_gene_counts.tsv","4243314"
"data/tcga_brain_tumor_expression/gdc_star_counts_raw/82ebda40-3690-40c7-828a-a6884f0192b6.rna_seq.augmented_star_gene_counts.tsv","4248157"
"data/tcga_brain_tumor_expression/gdc_star_counts_raw/83089602-59a1-47d7-958a-eceab335affc.rna_seq.augmented_star_gene_counts.tsv","4257041"
"data/tcga_brain_tumor_expression/gdc_star_counts_raw/8394962a-e88e-4b5d-b77e-c04ff95d1677.rna_seq.augmented_star_gene_counts.tsv","4252159"
"data/tcga_brain_tumor_expression/gdc_star_counts_raw/843f0cc6-cd74-4af8-be28-5fb02b532269.rna_seq.augmented_star_gene_counts.tsv","4254476"
"data/tcga_brain_tumor_expression/gdc_star_counts_raw/8455c2a2-5c79-40e2-83d8-412fed27c355.rna_seq.augmented_star_gene_counts.tsv","4243754"
"data/tcga_brain_tumor_expression/gdc_star_counts_raw/8480f10c-26ec-42d1-8754-ff8cb744978e.rna_seq.augmented_star_gene_counts.tsv","4247873"
"data/tcga_brain_tumor_expression/gdc_star_counts_raw/848fab56-f00c-4e08-b86c-11d48125b094.rna_seq.augmented_star_gene_counts.tsv","4250980"
"data/tcga_brain_tumor_expression/gdc_star_counts_raw/84ec66a6-0ea7-4a37-ad5f-f41f5cad1ecc.rna_seq.augmented_star_gene_counts.tsv","4245230"
"data/tcga_brain_tumor_expression/gdc_star_counts_raw/8506a600-af4a-4d30-976b-591152d1c813.rna_seq.augmented_star_gene_counts.tsv","4246937"
"data/tcga_brain_tumor_expression/gdc_star_counts_raw/859597b6-4fe8-44b1-a023-6978b7aea037.rna_seq.augmented_star_gene_counts.tsv","4255893"
"data/tcga_brain_tumor_expression/gdc_star_counts_raw/8595b47b-8ce0-4e65-9a28-4837478a2309.rna_seq.augmented_star_gene_counts.tsv","4246851"
"data/tcga_brain_tumor_expression/gdc_star_counts_raw/859df306-00fa-496e-8c6a-6bd30f7f7eda.rna_seq.augmented_star_gene_counts.tsv","4245305"
"data/tcga_brain_tumor_expression/gdc_star_counts_raw/85e447fe-c92f-4d6e-99b1-83e4c913f5d9.rna_seq.augmented_star_gene_counts.tsv","4256062"
"data/tcga_brain_tumor_expression/gdc_star_counts_raw/862383b0-7b9f-4ed0-bfe8-0771668f4ffc.rna_seq.augmented_star_gene_counts.tsv","4250946"
"data/tcga_brain_tumor_expression/gdc_star_counts_raw/866db5e1-5cf4-4a0b-a4e5-4dab20ff98f5.rna_seq.augmented_star_gene_counts.tsv","4244381"
"data/tcga_brain_tumor_expression/gdc_star_counts_raw/86a3d2d4-1789-4d7b-a6db-95dbb381a2f7.rna_seq.augmented_star_gene_counts.tsv","4245262"
"data/tcga_brain_tumor_expression/gdc_star_counts_raw/86a42b2c-f184-4fcf-9b90-1c9bd7f6af25.rna_seq.augmented_star_gene_counts.tsv","4238480"
"data/tcga_brain_tumor_expression/gdc_star_counts_raw/86aad7af-3cf5-4941-9ef5-78aafdb57cc3.rna_seq.augmented_star_gene_counts.tsv","4227528"
"data/tcga_brain_tumor_expression/gdc_star_counts_raw/876a1b2f-d990-4fcd-a93f-f4ecc6e8e102.rna_seq.augmented_star_gene_counts.tsv","4240301"
"data/tcga_brain_tumor_expression/gdc_star_counts_raw/87ee4cad-86d3-4b6b-952d-d565247b9a1e.rna_seq.augmented_star_gene_counts.tsv","4242588"
"data/tcga_brain_tumor_expression/gdc_star_counts_raw/87fbdc36-addb-4d63-909c-5a6d804f5eda.rna_seq.augmented_star_gene_counts.tsv","4246512"
"data/tcga_brain_tumor_expression/gdc_star_counts_raw/88350959-6c67-47a9-b875-161f94931ba1.rna_seq.augmented_star_gene_counts.tsv","4252050"
"data/tcga_brain_tumor_expression/gdc_star_counts_raw/887aaafb-3913-4418-9991-1c48d4ab7629.rna_seq.augmented_star_gene_counts.tsv","4238987"
"data/tcga_brain_tumor_expression/gdc_star_counts_raw/88861138-2f22-48f6-815b-068c355b7768.rna_seq.augmented_star_gene_counts.tsv","4251078"
"data/tcga_brain_tumor_expression/gdc_star_counts_raw/888aae57-feeb-4d15-b905-86ec8e7fd286.rna_seq.augmented_star_gene_counts.tsv","4234685"
"data/tcga_brain_tumor_expression/gdc_star_counts_raw/88c49e2a-ad65-411f-b9d9-df83de6f2b2a.rna_seq.augmented_star_gene_counts.tsv","4250303"
"data/tcga_brain_tumor_expression/gdc_star_counts_raw/88eced1f-bfd2-4e98-9164-a58894f83820.rna_seq.augmented_star_gene_counts.tsv","4250064"
"data/tcga_brain_tumor_expression/gdc_star_counts_raw/89154592-5e65-4616-bbfc-3cf8999363db.rna_seq.augmented_star_gene_counts.tsv","4234665"
"data/tcga_brain_tumor_expression/gdc_star_counts_raw/89d8958d-7cc6-437e-9f0d-adc2110c5cca.rna_seq.augmented_star_gene_counts.tsv","4251326"
"data/tcga_brain_tumor_expression/gdc_star_counts_raw/89f14b9e-9c4c-42a6-a5d4-a319ea174a61.rna_seq.augmented_star_gene_counts.tsv","4237433"
"data/tcga_brain_tumor_expression/gdc_star_counts_raw/8a1f814a-8f47-47e2-870b-8b2aa4df9ccf.rna_seq.augmented_star_gene_counts.tsv","4228909"
"data/tcga_brain_tumor_expression/gdc_star_counts_raw/8a3c7c61-631f-4dd0-83fe-d2bbb33a17a4.rna_seq.augmented_star_gene_counts.tsv","4252058"
"data/tcga_brain_tumor_expression/gdc_star_counts_raw/8a3d5786-f5fe-4c3b-9a58-23a3a0bfa6d4.rna_seq.augmented_star_gene_counts.tsv","4245464"
"data/tcga_brain_tumor_expression/gdc_star_counts_raw/8a7439ea-c04f-4730-8cfe-6bf2ec559968.rna_seq.augmented_star_gene_counts.tsv","4248212"
"data/tcga_brain_tumor_expression/gdc_star_counts_raw/8acdddb4-3f0d-4b61-8fdd-c187263b3216.rna_seq.augmented_star_gene_counts.tsv","4249593"
"data/tcga_brain_tumor_expression/gdc_star_counts_raw/8be5f4a4-8300-47ba-836f-9b89ddfe7451.rna_seq.augmented_star_gene_counts.tsv","4250434"
"data/tcga_brain_tumor_expression/gdc_star_counts_raw/8c23799f-7e71-407f-8628-3f9014527f64.rna_seq.augmented_star_gene_counts.tsv","4256049"
"data/tcga_brain_tumor_expression/gdc_star_counts_raw/8c2b7770-dd88-4100-8a8a-b20d41bf93ad.rna_seq.augmented_star_gene_counts.tsv","4237724"
"data/tcga_brain_tumor_expression/gdc_star_counts_raw/8c349685-4023-49dd-b32f-0b97f07a38a5.rna_seq.augmented_star_gene_counts.tsv","4224238"
"data/tcga_brain_tumor_expression/gdc_star_counts_raw/8c44cfca-c33a-4cbe-ae1b-e29f5e5d2571.rna_seq.augmented_star_gene_counts.tsv","4245097"
"data/tcga_brain_tumor_expression/gdc_star_counts_raw/8c50f402-e95c-446f-8618-160da3606aa3.rna_seq.augmented_star_gene_counts.tsv","4255625"
"data/tcga_brain_tumor_expression/gdc_star_counts_raw/8cb3d2b7-3bf0-41ab-bf8c-9b6c7bd93df6.rna_seq.augmented_star_gene_counts.tsv","4250244"
"data/tcga_brain_tumor_expression/gdc_star_counts_raw/8ce23744-e0bc-459b-8b6d-8bac6c4ef6d5.rna_seq.augmented_star_gene_counts.tsv","4238685"
"data/tcga_brain_tumor_expression/gdc_star_counts_raw/8d2fe014-d503-4020-a671-6e8652a47a89.rna_seq.augmented_star_gene_counts.tsv","4244289"
"data/tcga_brain_tumor_expression/gdc_star_counts_raw/8d521324-36eb-4e06-ba11-40967f93993c.rna_seq.augmented_star_gene_counts.tsv","4243703"
"data/tcga_brain_tumor_expression/gdc_star_counts_raw/8d947bfa-6d74-4ded-a138-742a04f91203.rna_seq.augmented_star_gene_counts.tsv","4242434"
"data/tcga_brain_tumor_expression/gdc_star_counts_raw/8de5db06-e1a0-4d8c-a863-99de4db37ed3.rna_seq.augmented_star_gene_counts.tsv","4259602"
"data/tcga_brain_tumor_expression/gdc_star_counts_raw/8df0b8f0-7531-4a00-9802-d6a07d234c58.rna_seq.augmented_star_gene_counts.tsv","4244791"
"data/tcga_brain_tumor_expression/gdc_star_counts_raw/8e322e13-da42-4ab3-a3ec-2cba24db4e45.rna_seq.augmented_star_gene_counts.tsv","4253857"
"data/tcga_brain_tumor_expression/gdc_star_counts_raw/8e329b0e-f4bb-4bae-bd28-5e9ddee6eaa7.rna_seq.augmented_star_gene_counts.tsv","4253177"
"data/tcga_brain_tumor_expression/gdc_star_counts_raw/8e4d6c1e-89dc-4e27-ad74-84e54be78b59.rna_seq.augmented_star_gene_counts.tsv","4245248"
"data/tcga_brain_tumor_expression/gdc_star_counts_raw/8ea3400c-3163-4287-bc6e-7116dbdb7f5e.rna_seq.augmented_star_gene_counts.tsv","4249044"
"data/tcga_brain_tumor_expression/gdc_star_counts_raw/8ecebe81-8e20-4f69-b8b2-6c9cd290b94c.rna_seq.augmented_star_gene_counts.tsv","4235911"
"data/tcga_brain_tumor_expression/gdc_star_counts_raw/8f54d7f2-4095-466e-99a9-a5105ea3c447.rna_seq.augmented_star_gene_counts.tsv","4239762"
"data/tcga_brain_tumor_expression/gdc_star_counts_raw/8f74e0de-6c30-45a9-beba-df80084df122.rna_seq.augmented_star_gene_counts.tsv","4234532"
"data/tcga_brain_tumor_expression/gdc_star_counts_raw/90240d0c-19a9-4b3c-9232-f40a9fbefda3.rna_seq.augmented_star_gene_counts.tsv","4241887"
"data/tcga_brain_tumor_expression/gdc_star_counts_raw/904ee538-8f50-42e9-8d40-d39a893ac95d.rna_seq.augmented_star_gene_counts.tsv","4243706"
"data/tcga_brain_tumor_expression/gdc_star_counts_raw/90faff2d-96d4-49bc-9c3f-bbe1e1c6c14e.rna_seq.augmented_star_gene_counts.tsv","4244503"
"data/tcga_brain_tumor_expression/gdc_star_counts_raw/90feb95e-3dbe-4d9e-9fb9-c72f8359913a.rna_seq.augmented_star_gene_counts.tsv","4227873"
"data/tcga_brain_tumor_expression/gdc_star_counts_raw/915fa984-e320-4db8-85e8-1ed98435ec16.rna_seq.augmented_star_gene_counts.tsv","4237969"
"data/tcga_brain_tumor_expression/gdc_star_counts_raw/917fa61d-4556-42a0-bc3a-449ef1b29886.rna_seq.augmented_star_gene_counts.tsv","4212658"
"data/tcga_brain_tumor_expression/gdc_star_counts_raw/91a3855d-2412-4f55-a689-b7584c6edc56.rna_seq.augmented_star_gene_counts.tsv","4237439"
"data/tcga_brain_tumor_expression/gdc_star_counts_raw/91bd0932-0312-404f-b836-c1ab7f9e2cf3.rna_seq.augmented_star_gene_counts.tsv","4251419"
"data/tcga_brain_tumor_expression/gdc_star_counts_raw/9252a9f4-b138-4f2a-9787-c6ca0071356d.rna_seq.augmented_star_gene_counts.tsv","4257035"
"data/tcga_brain_tumor_expression/gdc_star_counts_raw/929aea96-8b73-4e35-a358-a0ff389f583b.rna_seq.augmented_star_gene_counts.tsv","4229219"
"data/tcga_brain_tumor_expression/gdc_star_counts_raw/92dec9cc-fcd9-4cfc-9bc2-84372e772a5d.rna_seq.augmented_star_gene_counts.tsv","4230886"
"data/tcga_brain_tumor_expression/gdc_star_counts_raw/9336dd74-2f3f-4c1f-bebf-e4aae364f784.rna_seq.augmented_star_gene_counts.tsv","4213029"
"data/tcga_brain_tumor_expression/gdc_star_counts_raw/933a9a9c-26e4-4209-86f3-f18b812bfbdc.rna_seq.augmented_star_gene_counts.tsv","4248518"
"data/tcga_brain_tumor_expression/gdc_star_counts_raw/936f451e-b761-47f8-9d3d-db4cdb1ec27b.rna_seq.augmented_star_gene_counts.tsv","4255633"
"data/tcga_brain_tumor_expression/gdc_star_counts_raw/93803595-0b8a-4d0b-9439-e1d7d1eb6fd4.rna_seq.augmented_star_gene_counts.tsv","4211061"
"data/tcga_brain_tumor_expression/gdc_star_counts_raw/954911a5-d0a0-42bb-842c-1dbd9ee60c6c.rna_seq.augmented_star_gene_counts.tsv","4209977"
"data/tcga_brain_tumor_expression/gdc_star_counts_raw/9619c01d-9695-4cb7-935c-c7cd68a0379b.rna_seq.augmented_star_gene_counts.tsv","4247781"
"data/tcga_brain_tumor_expression/gdc_star_counts_raw/967e6f4b-8c6b-4498-87c2-330b2c174061.rna_seq.augmented_star_gene_counts.tsv","4230271"
"data/tcga_brain_tumor_expression/gdc_star_counts_raw/96b6c0a1-365f-435a-83ed-119a81e95cd8.rna_seq.augmented_star_gene_counts.tsv","4227058"
"data/tcga_brain_tumor_expression/gdc_star_counts_raw/972ce08b-3d70-4e63-a572-b722905d6b4c.rna_seq.augmented_star_gene_counts.tsv","4236624"
"data/tcga_brain_tumor_expression/gdc_star_counts_raw/979a75fb-49bd-48e4-b7b1-1391a67726cb.rna_seq.augmented_star_gene_counts.tsv","4192660"
"data/tcga_brain_tumor_expression/gdc_star_counts_raw/97f42a19-6ae6-4cd5-b4f5-4777c44324e8.rna_seq.augmented_star_gene_counts.tsv","4245134"
"data/tcga_brain_tumor_expression/gdc_star_counts_raw/980c8730-862d-4d50-b11b-c204ed96268d.rna_seq.augmented_star_gene_counts.tsv","4243036"
"data/tcga_brain_tumor_expression/gdc_star_counts_raw/9822383d-356b-4a45-96a2-2826d09bc332.rna_seq.augmented_star_gene_counts.tsv","4241905"
"data/tcga_brain_tumor_expression/gdc_star_counts_raw/98385352-8c92-4a5c-af17-26c47f1501bc.rna_seq.augmented_star_gene_counts.tsv","4244903"
"data/tcga_brain_tumor_expression/gdc_star_counts_raw/9858ebaa-c001-462d-a0d2-7d302f4aaba1.rna_seq.augmented_star_gene_counts.tsv","4252576"
"data/tcga_brain_tumor_expression/gdc_star_counts_raw/985fd292-98ef-4e82-8276-1db0d8fe0329.rna_seq.augmented_star_gene_counts.tsv","4251695"
"data/tcga_brain_tumor_expression/gdc_star_counts_raw/98dc9e28-5ae2-4f9e-b311-ca7960e317e6.rna_seq.augmented_star_gene_counts.tsv","4242175"
"data/tcga_brain_tumor_expression/gdc_star_counts_raw/99618995-9556-4c65-a643-43c9354395a7.rna_seq.augmented_star_gene_counts.tsv","4239510"
"data/tcga_brain_tumor_expression/gdc_star_counts_raw/99ab7a0c-f292-4709-882c-5bd339b1ebcf.rna_seq.augmented_star_gene_counts.tsv","4253624"
"data/tcga_brain_tumor_expression/gdc_star_counts_raw/9a50799e-cf69-4784-bf39-0928db211076.rna_seq.augmented_star_gene_counts.tsv","4236990"
"data/tcga_brain_tumor_expression/gdc_star_counts_raw/9aa2f274-51ab-4e29-b555-407bf3ef21fd.rna_seq.augmented_star_gene_counts.tsv","4250912"
"data/tcga_brain_tumor_expression/gdc_star_counts_raw/9ae0538e-74ab-47a7-a4b9-ff91e26df749.rna_seq.augmented_star_gene_counts.tsv","4243386"
"data/tcga_brain_tumor_expression/gdc_star_counts_raw/9b04b323-eb6b-46c3-af66-437d4254ac83.rna_seq.augmented_star_gene_counts.tsv","4248428"
"data/tcga_brain_tumor_expression/gdc_star_counts_raw/9b1f39e2-a587-4fde-afd2-e0808a7766c1.rna_seq.augmented_star_gene_counts.tsv","4247998"
"data/tcga_brain_tumor_expression/gdc_star_counts_raw/9b43ea45-54a2-4bf8-8089-1f623c7143fe.rna_seq.augmented_star_gene_counts.tsv","4238024"
"data/tcga_brain_tumor_expression/gdc_star_counts_raw/9c6e0acf-3b58-4c3f-99f1-460b0aa68693.rna_seq.augmented_star_gene_counts.tsv","4245256"
"data/tcga_brain_tumor_expression/gdc_star_counts_raw/9c6f4387-bf55-49f6-839a-0d67a9af7085.rna_seq.augmented_star_gene_counts.tsv","4255905"
"data/tcga_brain_tumor_expression/gdc_star_counts_raw/9c71c75f-8b3c-487e-beb8-d372875b2b2d.rna_seq.augmented_star_gene_counts.tsv","4236595"
"data/tcga_brain_tumor_expression/gdc_star_counts_raw/9c8c7ba1-07bd-44c2-8c2f-e109532d2b08.rna_seq.augmented_star_gene_counts.tsv","4258201"
"data/tcga_brain_tumor_expression/gdc_star_counts_raw/9cdfbc8a-c640-4e27-922c-053bc7fce262.rna_seq.augmented_star_gene_counts.tsv","4238794"
"data/tcga_brain_tumor_expression/gdc_star_counts_raw/9cee9b1d-e8ee-4f8e-be85-c96dac6138b3.rna_seq.augmented_star_gene_counts.tsv","4218671"
"data/tcga_brain_tumor_expression/gdc_star_counts_raw/9d27dcf7-67e4-45e4-97c5-d702a020984c.rna_seq.augmented_star_gene_counts.tsv","4245999"
"data/tcga_brain_tumor_expression/gdc_star_counts_raw/9d70d601-bd19-4a59-a108-58d41cb4e2e5.rna_seq.augmented_star_gene_counts.tsv","4251911"
"data/tcga_brain_tumor_expression/gdc_star_counts_raw/9d815e47-1295-4fe5-b3b5-ff8d5b225146.rna_seq.augmented_star_gene_counts.tsv","4230108"
"data/tcga_brain_tumor_expression/gdc_star_counts_raw/9de49e43-3b26-44a9-8d90-e7d1e9cb4c73.rna_seq.augmented_star_gene_counts.tsv","4254585"
"data/tcga_brain_tumor_expression/gdc_star_counts_raw/9e09a872-f5f7-4cc1-bb08-07045fcd0c28.rna_seq.augmented_star_gene_counts.tsv","4241393"
"data/tcga_brain_tumor_expression/gdc_star_counts_raw/9e5008b9-2512-4487-ba5c-94c5953fb002.rna_seq.augmented_star_gene_counts.tsv","4257759"
"data/tcga_brain_tumor_expression/gdc_star_counts_raw/9e79eb6c-bdfa-4deb-b283-7c351dac4434.rna_seq.augmented_star_gene_counts.tsv","4253270"
"data/tcga_brain_tumor_expression/gdc_star_counts_raw/9ee4ced1-ca2b-49c0-8d5d-e27e3f6c8125.rna_seq.augmented_star_gene_counts.tsv","4251092"
"data/tcga_brain_tumor_expression/gdc_star_counts_raw/9f6faac4-26ce-41ee-a2e0-e74cce2aab50.rna_seq.augmented_star_gene_counts.tsv","4233183"
"data/tcga_brain_tumor_expression/gdc_star_counts_raw/9f8bee4a-baeb-4d58-9a53-1bf52f01628f.rna_seq.augmented_star_gene_counts.tsv","4241044"
"data/tcga_brain_tumor_expression/gdc_star_counts_raw/9f8c56eb-1505-4eb5-acc5-76609949cecd.rna_seq.augmented_star_gene_counts.tsv","4247431"
"data/tcga_brain_tumor_expression/gdc_star_counts_raw/9f962dec-eac6-423c-a6ba-22d96165c616.rna_seq.augmented_star_gene_counts.tsv","4240846"
"data/tcga_brain_tumor_expression/gdc_star_counts_raw/9fa0b09b-fbe5-4aab-a3f5-33fd3e3a680d.rna_seq.augmented_star_gene_counts.tsv","4240348"
"data/tcga_brain_tumor_expression/gdc_star_counts_raw/9fe39c63-70f3-4847-9b72-094d237d2ed3.rna_seq.augmented_star_gene_counts.tsv","4252378"
"data/tcga_brain_tumor_expression/gdc_star_counts_raw/9fefe100-9765-4b8a-8468-51df066f0f0c.rna_seq.augmented_star_gene_counts.tsv","4251212"
"data/tcga_brain_tumor_expression/gdc_star_counts_raw/a04dde26-7ff6-458d-a95b-cc363c50f732.rna_seq.augmented_star_gene_counts.tsv","4242722"
"data/tcga_brain_tumor_expression/gdc_star_counts_raw/a0910cd1-f12f-4215-bd3a-db593c810dc2.rna_seq.augmented_star_gene_counts.tsv","4238272"
"data/tcga_brain_tumor_expression/gdc_star_counts_raw/a0cfa49e-93dd-48c9-8a9a-c3dfdb081ae4.rna_seq.augmented_star_gene_counts.tsv","4252362"
"data/tcga_brain_tumor_expression/gdc_star_counts_raw/a104c07d-cda2-4241-9660-f7d3aa8b7ce2.rna_seq.augmented_star_gene_counts.tsv","4249740"
"data/tcga_brain_tumor_expression/gdc_star_counts_raw/a1090d5e-cf60-4832-9386-a5d386d65aab.rna_seq.augmented_star_gene_counts.tsv","4246563"
"data/tcga_brain_tumor_expression/gdc_star_counts_raw/a1de7a70-a829-4491-92ab-8db44391ba19.rna_seq.augmented_star_gene_counts.tsv","4200733"
"data/tcga_brain_tumor_expression/gdc_star_counts_raw/a2808b6e-0e20-482f-a47e-908a22d1b090.rna_seq.augmented_star_gene_counts.tsv","4241973"
"data/tcga_brain_tumor_expression/gdc_star_counts_raw/a2f60055-c152-45f4-883c-18f55baf5e90.rna_seq.augmented_star_gene_counts.tsv","4233869"
"data/tcga_brain_tumor_expression/gdc_star_counts_raw/a2ff9439-e753-48d0-b6be-6eb63ee0f894.rna_seq.augmented_star_gene_counts.tsv","4236787"
"data/tcga_brain_tumor_expression/gdc_star_counts_raw/a34533a3-abda-43f0-90d2-d215d259de97.rna_seq.augmented_star_gene_counts.tsv","4255408"
"data/tcga_brain_tumor_expression/gdc_star_counts_raw/a3899b6f-f603-45d7-bea4-86e8f99c9e4a.rna_seq.augmented_star_gene_counts.tsv","4249920"
"data/tcga_brain_tumor_expression/gdc_star_counts_raw/a3f6900a-bc61-4b7c-a5ed-2448c33bf54a.rna_seq.augmented_star_gene_counts.tsv","4233952"
"data/tcga_brain_tumor_expression/gdc_star_counts_raw/a4134141-066d-499c-b120-76ac8134e2da.rna_seq.augmented_star_gene_counts.tsv","4251192"
"data/tcga_brain_tumor_expression/gdc_star_counts_raw/a47f0b18-2c19-4c03-928d-d50ae2275f9f.rna_seq.augmented_star_gene_counts.tsv","4264252"
"data/tcga_brain_tumor_expression/gdc_star_counts_raw/a4e0b059-6e1e-4e90-b55a-4e043e6ed051.rna_seq.augmented_star_gene_counts.tsv","4239866"
"data/tcga_brain_tumor_expression/gdc_star_counts_raw/a5c0bec6-6d5d-4671-8bb1-1246fc9e53ff.rna_seq.augmented_star_gene_counts.tsv","4235463"
"data/tcga_brain_tumor_expression/gdc_star_counts_raw/a5cf59be-7181-488f-990f-58d9e33656b0.rna_seq.augmented_star_gene_counts.tsv","4245742"
"data/tcga_brain_tumor_expression/gdc_star_counts_raw/a6a0d0d7-9aea-4403-b5c1-c4f2d420059f.rna_seq.augmented_star_gene_counts.tsv","4223737"
"data/tcga_brain_tumor_expression/gdc_star_counts_raw/a6c24351-13f7-47f8-a258-a47e72986ec8.rna_seq.augmented_star_gene_counts.tsv","4244508"
"data/tcga_brain_tumor_expression/gdc_star_counts_raw/a6d109ab-c352-463e-a786-ea1ad30f78cf.rna_seq.augmented_star_gene_counts.tsv","4239652"
"data/tcga_brain_tumor_expression/gdc_star_counts_raw/a6df72e4-5522-4711-8255-c9d6ff860f40.rna_seq.augmented_star_gene_counts.tsv","4248946"
"data/tcga_brain_tumor_expression/gdc_star_counts_raw/a7732b3f-6294-47ec-b869-0aac6ee6c815.rna_seq.augmented_star_gene_counts.tsv","4254111"
"data/tcga_brain_tumor_expression/gdc_star_counts_raw/a7a87d48-b0ed-423a-939a-15803f9199c6.rna_seq.augmented_star_gene_counts.tsv","4245541"
"data/tcga_brain_tumor_expression/gdc_star_counts_raw/a8050792-d0f5-4b8f-aea2-0a303f40b1ca.rna_seq.augmented_star_gene_counts.tsv","4206919"
"data/tcga_brain_tumor_expression/gdc_star_counts_raw/a8cfc710-e715-4e37-a1c7-da7abf58af16.rna_seq.augmented_star_gene_counts.tsv","4237875"
"data/tcga_brain_tumor_expression/gdc_star_counts_raw/a98ebd40-3bce-4abe-ac65-62e9b6cef746.rna_seq.augmented_star_gene_counts.tsv","4253844"
"data/tcga_brain_tumor_expression/gdc_star_counts_raw/a9b55a15-9678-4a04-9041-8e2f5a2b14f1.rna_seq.augmented_star_gene_counts.tsv","4239662"
"data/tcga_brain_tumor_expression/gdc_star_counts_raw/a9bdab2d-a002-4983-bfa4-4a3aa0a3c690.rna_seq.augmented_star_gene_counts.tsv","4249575"
"data/tcga_brain_tumor_expression/gdc_star_counts_raw/aa1c5f7f-f66e-4e92-91fb-a8cd0a6ba463.rna_seq.augmented_star_gene_counts.tsv","4252004"
"data/tcga_brain_tumor_expression/gdc_star_counts_raw/aab4bee0-b7a4-4671-b7e3-e11f11abe0e7.rna_seq.augmented_star_gene_counts.tsv","4220583"
"data/tcga_brain_tumor_expression/gdc_star_counts_raw/ab2b399a-d267-49df-8327-4e9529b26a38.rna_seq.augmented_star_gene_counts.tsv","4207301"
"data/tcga_brain_tumor_expression/gdc_star_counts_raw/abe6bb88-6bf3-41f2-897e-073edf2ebc33.rna_seq.augmented_star_gene_counts.tsv","4235480"
"data/tcga_brain_tumor_expression/gdc_star_counts_raw/ac390313-a32e-413f-b162-e120cdf4e372.rna_seq.augmented_star_gene_counts.tsv","4250727"
"data/tcga_brain_tumor_expression/gdc_star_counts_raw/ac53892b-10cf-4b36-9bec-9bd28ea8fbbf.rna_seq.augmented_star_gene_counts.tsv","4247712"
"data/tcga_brain_tumor_expression/gdc_star_counts_raw/ace31d9c-08cd-4d54-98ab-1ae3937ea80a.rna_seq.augmented_star_gene_counts.tsv","4253815"
"data/tcga_brain_tumor_expression/gdc_star_counts_raw/ae140c66-a2ec-4b60-811e-b159d49cbf13.rna_seq.augmented_star_gene_counts.tsv","4238984"
"data/tcga_brain_tumor_expression/gdc_star_counts_raw/af0700ee-8602-4f6c-b104-dd4d19da99a8.rna_seq.augmented_star_gene_counts.tsv","4218176"
"data/tcga_brain_tumor_expression/gdc_star_counts_raw/af61697d-5228-4f84-9d20-b76c9a2b05e8.rna_seq.augmented_star_gene_counts.tsv","4247978"
"data/tcga_brain_tumor_expression/gdc_star_counts_raw/b11f8af1-b2a1-474c-a6d7-e28fc0df6885.rna_seq.augmented_star_gene_counts.tsv","4215901"
"data/tcga_brain_tumor_expression/gdc_star_counts_raw/b134958f-ae1e-4309-9cfc-16b443ab10c8.rna_seq.augmented_star_gene_counts.tsv","4245026"
"data/tcga_brain_tumor_expression/gdc_star_counts_raw/b13fa8a9-91f7-498d-923f-9525c6f0acc7.rna_seq.augmented_star_gene_counts.tsv","4248072"
"data/tcga_brain_tumor_expression/gdc_star_counts_raw/b1883b15-b002-43c1-a94c-bb68d6ff3091.rna_seq.augmented_star_gene_counts.tsv","4246013"
"data/tcga_brain_tumor_expression/gdc_star_counts_raw/b18fea3f-d240-4f38-b1c0-5b8cd2ac6d38.rna_seq.augmented_star_gene_counts.tsv","4235899"
"data/tcga_brain_tumor_expression/gdc_star_counts_raw/b198a226-f734-46c8-93db-0914f0fa6805.rna_seq.augmented_star_gene_counts.tsv","4201152"
"data/tcga_brain_tumor_expression/gdc_star_counts_raw/b21a2a30-3ff8-482f-add4-f4eea1204b87.rna_seq.augmented_star_gene_counts.tsv","4227303"
"data/tcga_brain_tumor_expression/gdc_star_counts_raw/b41e8836-bff3-4285-820c-b9b4d42574ac.rna_seq.augmented_star_gene_counts.tsv","4258891"
"data/tcga_brain_tumor_expression/gdc_star_counts_raw/b44a40d4-3233-4b45-b0b3-799823970345.rna_seq.augmented_star_gene_counts.tsv","4228118"
"data/tcga_brain_tumor_expression/gdc_star_counts_raw/b45c00da-6d61-4b10-befa-dc1123f955a9.rna_seq.augmented_star_gene_counts.tsv","4240477"
"data/tcga_brain_tumor_expression/gdc_star_counts_raw/b476a832-59e6-4ebf-9e58-4d86b9dce617.rna_seq.augmented_star_gene_counts.tsv","4247841"
"data/tcga_brain_tumor_expression/gdc_star_counts_raw/b4805b8a-7cb5-4fcb-88c8-8e4d17020873.rna_seq.augmented_star_gene_counts.tsv","4248785"
"data/tcga_brain_tumor_expression/gdc_star_counts_raw/b4a1254d-9975-4cc8-88ed-8ad37ac0af82.rna_seq.augmented_star_gene_counts.tsv","4248188"
"data/tcga_brain_tumor_expression/gdc_star_counts_raw/b4d80455-e498-4a35-a4e2-32dd7bdc9be9.rna_seq.augmented_star_gene_counts.tsv","4255093"
"data/tcga_brain_tumor_expression/gdc_star_counts_raw/b51f3f18-0ea8-4feb-90ca-af0082b3df81.rna_seq.augmented_star_gene_counts.tsv","4251353"
"data/tcga_brain_tumor_expression/gdc_star_counts_raw/b526783f-a920-4e2e-b06e-5d31fb7fc36c.rna_seq.augmented_star_gene_counts.tsv","4248789"
"data/tcga_brain_tumor_expression/gdc_star_counts_raw/b5402a87-05a5-421f-be4c-469c34e4bb81.rna_seq.augmented_star_gene_counts.tsv","4246319"
"data/tcga_brain_tumor_expression/gdc_star_counts_raw/b556f213-9004-45b1-ab97-09cbac4406c4.rna_seq.augmented_star_gene_counts.tsv","4237706"
"data/tcga_brain_tumor_expression/gdc_star_counts_raw/b58dd5cc-c359-43c0-b0b6-37aa57271974.rna_seq.augmented_star_gene_counts.tsv","4255881"
"data/tcga_brain_tumor_expression/gdc_star_counts_raw/b5a77ad0-9041-4392-afde-ff98f1321c97.rna_seq.augmented_star_gene_counts.tsv","4229603"
"data/tcga_brain_tumor_expression/gdc_star_counts_raw/b5b4f110-4e89-4c1b-a747-922534395f9d.rna_seq.augmented_star_gene_counts.tsv","4242190"
"data/tcga_brain_tumor_expression/gdc_star_counts_raw/b5cdc094-4e31-42d9-8824-f3398e57f97c.rna_seq.augmented_star_gene_counts.tsv","4236987"
"data/tcga_brain_tumor_expression/gdc_star_counts_raw/b62651e9-faf8-402b-bf22-4c60eb56dcde.rna_seq.augmented_star_gene_counts.tsv","4255152"
"data/tcga_brain_tumor_expression/gdc_star_counts_raw/b73f94fb-7d43-42d4-b9cb-1e15198f0d25.rna_seq.augmented_star_gene_counts.tsv","4258968"
"data/tcga_brain_tumor_expression/gdc_star_counts_raw/b7634862-3aa1-4230-8308-c944c3cee1e7.rna_seq.augmented_star_gene_counts.tsv","4247217"
"data/tcga_brain_tumor_expression/gdc_star_counts_raw/b772e521-4112-40b9-9aba-20506ba55d80.rna_seq.augmented_star_gene_counts.tsv","4240900"
"data/tcga_brain_tumor_expression/gdc_star_counts_raw/b7a4bdef-c538-4f6f-9892-b21620ff02bc.rna_seq.augmented_star_gene_counts.tsv","4239191"
"data/tcga_brain_tumor_expression/gdc_star_counts_raw/b7a5e6a9-ae8e-4775-843d-1d46a2d8f6f4.rna_seq.augmented_star_gene_counts.tsv","4248282"
"data/tcga_brain_tumor_expression/gdc_star_counts_raw/b7da3433-e5d0-424f-8774-3caca846747b.rna_seq.augmented_star_gene_counts.tsv","4242829"
"data/tcga_brain_tumor_expression/gdc_star_counts_raw/b7e78004-11be-455e-bea9-576532363b87.rna_seq.augmented_star_gene_counts.tsv","4239543"
"data/tcga_brain_tumor_expression/gdc_star_counts_raw/b8120e5e-775e-4636-8011-1bb169618364.rna_seq.augmented_star_gene_counts.tsv","4254141"
"data/tcga_brain_tumor_expression/gdc_star_counts_raw/b88ddc49-d868-4ec2-8fbc-8b2f3ef10e10.rna_seq.augmented_star_gene_counts.tsv","4247711"
"data/tcga_brain_tumor_expression/gdc_star_counts_raw/b8d729a4-658d-49c7-b6c1-3490041ad3e1.rna_seq.augmented_star_gene_counts.tsv","4240165"
"data/tcga_brain_tumor_expression/gdc_star_counts_raw/b8ec05bb-5e34-4025-892d-c51ce5e32883.rna_seq.augmented_star_gene_counts.tsv","4240527"
"data/tcga_brain_tumor_expression/gdc_star_counts_raw/b90ec08a-e1d4-4ef4-a4a7-c66d4a15c59c.rna_seq.augmented_star_gene_counts.tsv","4243239"
"data/tcga_brain_tumor_expression/gdc_star_counts_raw/b9a7db1a-8501-4311-955d-880b6365ab81.rna_seq.augmented_star_gene_counts.tsv","4265241"
"data/tcga_brain_tumor_expression/gdc_star_counts_raw/ba34ebb7-142c-4b38-a488-98a7b7ed5e3f.rna_seq.augmented_star_gene_counts.tsv","4259014"
"data/tcga_brain_tumor_expression/gdc_star_counts_raw/ba849c19-28be-469f-807c-5842d7d1f235.rna_seq.augmented_star_gene_counts.tsv","4240994"
"data/tcga_brain_tumor_expression/gdc_star_counts_raw/ba9f8a17-2f79-4fb3-a036-246a38fe510d.rna_seq.augmented_star_gene_counts.tsv","4244833"
"data/tcga_brain_tumor_expression/gdc_star_counts_raw/baa6529c-f12e-47ce-8a13-5484ea7f895d.rna_seq.augmented_star_gene_counts.tsv","4237081"
"data/tcga_brain_tumor_expression/gdc_star_counts_raw/bb18c483-3aed-4d96-af55-cbc74ef04d25.rna_seq.augmented_star_gene_counts.tsv","4239264"
"data/tcga_brain_tumor_expression/gdc_star_counts_raw/bb30dbdb-f1af-4fa1-87eb-9eaf5cff45b0.rna_seq.augmented_star_gene_counts.tsv","4242698"
"data/tcga_brain_tumor_expression/gdc_star_counts_raw/bbdce850-0d25-4fa0-bdbc-feaabedca009.rna_seq.augmented_star_gene_counts.tsv","4244388"
"data/tcga_brain_tumor_expression/gdc_star_counts_raw/bc44608d-9ea8-4039-a772-d150b9ab5941.rna_seq.augmented_star_gene_counts.tsv","4235957"
"data/tcga_brain_tumor_expression/gdc_star_counts_raw/bc80aba0-0e0f-4177-85ca-73be517be7b0.rna_seq.augmented_star_gene_counts.tsv","4227371"
"data/tcga_brain_tumor_expression/gdc_star_counts_raw/bce674a7-4f72-450f-9c31-64f2134f429d.rna_seq.augmented_star_gene_counts.tsv","4246548"
"data/tcga_brain_tumor_expression/gdc_star_counts_raw/bcf3c6f7-d06c-45f4-ac8e-fee816623dfa.rna_seq.augmented_star_gene_counts.tsv","4253107"
"data/tcga_brain_tumor_expression/gdc_star_counts_raw/bd011c84-2d5f-4d9d-97c6-4ed6ad1cf044.rna_seq.augmented_star_gene_counts.tsv","4233810"
"data/tcga_brain_tumor_expression/gdc_star_counts_raw/bd1d8539-8e93-4dc4-aa74-ed5bfa6b29b0.rna_seq.augmented_star_gene_counts.tsv","4252514"
"data/tcga_brain_tumor_expression/gdc_star_counts_raw/bdaf1e4a-461f-45d7-8ed3-547e2a59d3a7.rna_seq.augmented_star_gene_counts.tsv","4248067"
"data/tcga_brain_tumor_expression/gdc_star_counts_raw/bdd0d102-23f1-4b2d-9080-4eb1c933ddd7.rna_seq.augmented_star_gene_counts.tsv","4240821"
"data/tcga_brain_tumor_expression/gdc_star_counts_raw/be6180fa-956f-4b32-864e-ed4d4dff7a21.rna_seq.augmented_star_gene_counts.tsv","4244301"
"data/tcga_brain_tumor_expression/gdc_star_counts_raw/bef48b88-125f-4087-b4be-02c996ecc3d3.rna_seq.augmented_star_gene_counts.tsv","4252916"
"data/tcga_brain_tumor_expression/gdc_star_counts_raw/bfbd4b8b-d34e-4ad2-a30b-6465d61ddf98.rna_seq.augmented_star_gene_counts.tsv","4253644"
"data/tcga_brain_tumor_expression/gdc_star_counts_raw/bfc01973-ba94-4395-9657-67f685896e43.rna_seq.augmented_star_gene_counts.tsv","4227602"
"data/tcga_brain_tumor_expression/gdc_star_counts_raw/c0b1e5a6-3308-43c6-9e76-feda9f67c1a0.rna_seq.augmented_star_gene_counts.tsv","4202046"
"data/tcga_brain_tumor_expression/gdc_star_counts_raw/c106d702-1803-4226-a120-f43bc28ae11c.rna_seq.augmented_star_gene_counts.tsv","4247173"
"data/tcga_brain_tumor_expression/gdc_star_counts_raw/c1095377-3814-4ab9-a979-1e4c116c2f22.rna_seq.augmented_star_gene_counts.tsv","4216495"
"data/tcga_brain_tumor_expression/gdc_star_counts_raw/c1778dc3-78a1-4e35-aae1-d04e48bcc2ee.rna_seq.augmented_star_gene_counts.tsv","4243904"
"data/tcga_brain_tumor_expression/gdc_star_counts_raw/c1c1d4e2-83de-43de-b586-9b375dc91f4d.rna_seq.augmented_star_gene_counts.tsv","4211260"
"data/tcga_brain_tumor_expression/gdc_star_counts_raw/c1c7238c-e775-485f-9d1b-f0be10a44fa3.rna_seq.augmented_star_gene_counts.tsv","4236825"
"data/tcga_brain_tumor_expression/gdc_star_counts_raw/c247006d-7749-4838-9bfb-1388e089450d.rna_seq.augmented_star_gene_counts.tsv","4246635"
"data/tcga_brain_tumor_expression/gdc_star_counts_raw/c2728240-0a05-43ba-99e5-9040db6bf791.rna_seq.augmented_star_gene_counts.tsv","4246709"
"data/tcga_brain_tumor_expression/gdc_star_counts_raw/c2bc46d6-7065-44ff-a21a-7a3676990fdb.rna_seq.augmented_star_gene_counts.tsv","4236802"
"data/tcga_brain_tumor_expression/gdc_star_counts_raw/c2d5f880-1b07-413e-918a-8396a3f06053.rna_seq.augmented_star_gene_counts.tsv","4248459"
"data/tcga_brain_tumor_expression/gdc_star_counts_raw/c35f59a6-8c50-4435-8310-7f410d4429f3.rna_seq.augmented_star_gene_counts.tsv","4246280"
"data/tcga_brain_tumor_expression/gdc_star_counts_raw/c3f1fbe9-4eb2-4312-8978-c8adf49c79b1.rna_seq.augmented_star_gene_counts.tsv","4241306"
"data/tcga_brain_tumor_expression/gdc_star_counts_raw/c43d1b47-a76c-40d3-90ce-6e34f1756ce8.rna_seq.augmented_star_gene_counts.tsv","4249801"
"data/tcga_brain_tumor_expression/gdc_star_counts_raw/c45fcca1-63ec-40f6-bd58-558a002f5b36.rna_seq.augmented_star_gene_counts.tsv","4259168"
"data/tcga_brain_tumor_expression/gdc_star_counts_raw/c47a6a50-b448-4736-b29d-bea454e28085.rna_seq.augmented_star_gene_counts.tsv","4248667"
"data/tcga_brain_tumor_expression/gdc_star_counts_raw/c5181f1f-9968-47c1-a2ae-77c3f83e21bd.rna_seq.augmented_star_gene_counts.tsv","4228792"
"data/tcga_brain_tumor_expression/gdc_star_counts_raw/c5920a42-94c9-406e-8a8c-dcb447a47b42.rna_seq.augmented_star_gene_counts.tsv","4239928"
"data/tcga_brain_tumor_expression/gdc_star_counts_raw/c6080974-048f-45f4-97bf-9e4fdcaf09ee.rna_seq.augmented_star_gene_counts.tsv","4224733"
"data/tcga_brain_tumor_expression/gdc_star_counts_raw/c681f7f2-53b0-404c-9e3f-a0dddc7d9dc4.rna_seq.augmented_star_gene_counts.tsv","4228508"
"data/tcga_brain_tumor_expression/gdc_star_counts_raw/c6b96227-30c4-41f4-9932-b184895a11a1.rna_seq.augmented_star_gene_counts.tsv","4226627"
"data/tcga_brain_tumor_expression/gdc_star_counts_raw/c749c8ec-bfdb-4301-913d-2ddb115412fc.rna_seq.augmented_star_gene_counts.tsv","4235656"
"data/tcga_brain_tumor_expression/gdc_star_counts_raw/c7648754-3563-4d93-8107-d64def41fd4b.rna_seq.augmented_star_gene_counts.tsv","4250785"
"data/tcga_brain_tumor_expression/gdc_star_counts_raw/c7c07a02-a6cb-4553-9398-4909be99da11.rna_seq.augmented_star_gene_counts.tsv","4236858"
"data/tcga_brain_tumor_expression/gdc_star_counts_raw/c8ea7e71-d5a5-47cd-9476-8c2f5e07e5a2.rna_seq.augmented_star_gene_counts.tsv","4248972"
"data/tcga_brain_tumor_expression/gdc_star_counts_raw/c8f856a8-8497-4248-aef1-f56b916113b9.rna_seq.augmented_star_gene_counts.tsv","4256733"
"data/tcga_brain_tumor_expression/gdc_star_counts_raw/c935c617-fc13-4aca-b571-76084f9f7762.rna_seq.augmented_star_gene_counts.tsv","4242638"
"data/tcga_brain_tumor_expression/gdc_star_counts_raw/c93e41f3-3a23-4757-af8c-af11fab60b52.rna_seq.augmented_star_gene_counts.tsv","4240135"
"data/tcga_brain_tumor_expression/gdc_star_counts_raw/c9654e52-7c25-4589-869d-943f7fba8cd5.rna_seq.augmented_star_gene_counts.tsv","4245902"
"data/tcga_brain_tumor_expression/gdc_star_counts_raw/c99203bc-27cb-4af5-983f-46d87525a034.rna_seq.augmented_star_gene_counts.tsv","4243526"
"data/tcga_brain_tumor_expression/gdc_star_counts_raw/ca4519e9-b8b0-415b-a743-7ad938e3e474.rna_seq.augmented_star_gene_counts.tsv","4267109"
"data/tcga_brain_tumor_expression/gdc_star_counts_raw/ca69f18c-ec4c-4ba0-851b-03fd454888ba.rna_seq.augmented_star_gene_counts.tsv","4218712"
"data/tcga_brain_tumor_expression/gdc_star_counts_raw/caa32dcc-c440-4381-ab54-59f96dc8b44d.rna_seq.augmented_star_gene_counts.tsv","4248822"
"data/tcga_brain_tumor_expression/gdc_star_counts_raw/cb368367-3fce-4ff9-86a5-062341cc0e58.rna_seq.augmented_star_gene_counts.tsv","4247296"
"data/tcga_brain_tumor_expression/gdc_star_counts_raw/cc2aa323-62e0-40e1-b4f7-4d9d0dd026a2.rna_seq.augmented_star_gene_counts.tsv","4255773"
"data/tcga_brain_tumor_expression/gdc_star_counts_raw/cd79995e-2eeb-4f13-be04-866f53051b82.rna_seq.augmented_star_gene_counts.tsv","4223225"
"data/tcga_brain_tumor_expression/gdc_star_counts_raw/cdb59636-566c-4e0b-8f0d-2d204d8dbf9d.rna_seq.augmented_star_gene_counts.tsv","4240529"
"data/tcga_brain_tumor_expression/gdc_star_counts_raw/cdd06204-36e8-4cf9-90c2-f96149f5f58e.rna_seq.augmented_star_gene_counts.tsv","4226667"
"data/tcga_brain_tumor_expression/gdc_star_counts_raw/ce5fb607-99c5-457f-9022-df38b540fce6.rna_seq.augmented_star_gene_counts.tsv","4236559"
"data/tcga_brain_tumor_expression/gdc_star_counts_raw/ce9b38a7-fba0-4275-a6be-07ddbe76ce13.rna_seq.augmented_star_gene_counts.tsv","4243185"
"data/tcga_brain_tumor_expression/gdc_star_counts_raw/ceb8abb5-067a-475c-99b2-128d66267b3f.rna_seq.augmented_star_gene_counts.tsv","4238347"
"data/tcga_brain_tumor_expression/gdc_star_counts_raw/cebc70af-a3df-45ef-9656-050f382f64e8.rna_seq.augmented_star_gene_counts.tsv","4248101"
"data/tcga_brain_tumor_expression/gdc_star_counts_raw/cefdd341-317f-47dd-811e-21f744fd66e9.rna_seq.augmented_star_gene_counts.tsv","4258624"
"data/tcga_brain_tumor_expression/gdc_star_counts_raw/cf560042-e37a-4a2b-9b46-1a3f0771b29c.rna_seq.augmented_star_gene_counts.tsv","4234306"
"data/tcga_brain_tumor_expression/gdc_star_counts_raw/cf5c9e51-03f4-4b7d-886e-67a780ab62c2.rna_seq.augmented_star_gene_counts.tsv","4257248"
"data/tcga_brain_tumor_expression/gdc_star_counts_raw/cfc86a2c-65c2-4218-b16d-f2c6dfc1ca7e.rna_seq.augmented_star_gene_counts.tsv","4243534"
"data/tcga_brain_tumor_expression/gdc_star_counts_raw/cfc94988-f463-4d29-8c4b-96106607e7f7.rna_seq.augmented_star_gene_counts.tsv","4235420"
"data/tcga_brain_tumor_expression/gdc_star_counts_raw/cfda2cad-eeb3-4ede-b5c5-a484998611e5.rna_seq.augmented_star_gene_counts.tsv","4249254"
"data/tcga_brain_tumor_expression/gdc_star_counts_raw/d02fcfe5-6834-4c66-93d4-768783500ede.rna_seq.augmented_star_gene_counts.tsv","4242068"
"data/tcga_brain_tumor_expression/gdc_star_counts_raw/d0565292-d876-47c0-99ad-5f043463e94a.rna_seq.augmented_star_gene_counts.tsv","4226058"
"data/tcga_brain_tumor_expression/gdc_star_counts_raw/d088027b-e691-4962-bf1c-85abd24ac76c.rna_seq.augmented_star_gene_counts.tsv","4247082"
"data/tcga_brain_tumor_expression/gdc_star_counts_raw/d0d080e3-b40d-466e-8b51-58ee3f463667.rna_seq.augmented_star_gene_counts.tsv","4240457"
"data/tcga_brain_tumor_expression/gdc_star_counts_raw/d0f95c7a-2a9e-45d9-ac3d-4b5438d77112.rna_seq.augmented_star_gene_counts.tsv","4244198"
"data/tcga_brain_tumor_expression/gdc_star_counts_raw/d0fe450f-3bae-4142-a66f-1a67f65fd285.rna_seq.augmented_star_gene_counts.tsv","4245215"
"data/tcga_brain_tumor_expression/gdc_star_counts_raw/d12325fc-4ea5-40da-b4e8-b2d411759209.rna_seq.augmented_star_gene_counts.tsv","4247162"
"data/tcga_brain_tumor_expression/gdc_star_counts_raw/d1ddfa24-312e-438e-8caa-dea5ebc867f6.rna_seq.augmented_star_gene_counts.tsv","4248595"
"data/tcga_brain_tumor_expression/gdc_star_counts_raw/d1dea496-436a-474a-b0c7-b3c70f8d4fcf.rna_seq.augmented_star_gene_counts.tsv","4248358"
"data/tcga_brain_tumor_expression/gdc_star_counts_raw/d2b6a1a6-ed16-4374-8b28-912237ed87c2.rna_seq.augmented_star_gene_counts.tsv","4242921"
"data/tcga_brain_tumor_expression/gdc_star_counts_raw/d2bc414b-8e94-4b67-a4e1-09c3936211e2.rna_seq.augmented_star_gene_counts.tsv","4247685"
"data/tcga_brain_tumor_expression/gdc_star_counts_raw/d2e687f8-1bca-45b7-8d87-4c7e89715db9.rna_seq.augmented_star_gene_counts.tsv","4266921"
"data/tcga_brain_tumor_expression/gdc_star_counts_raw/d336faaf-9dfd-4357-85ac-f449987073af.rna_seq.augmented_star_gene_counts.tsv","4250765"
"data/tcga_brain_tumor_expression/gdc_star_counts_raw/d375e456-7e3f-4770-9b6f-3d4522172c07.rna_seq.augmented_star_gene_counts.tsv","4237782"
"data/tcga_brain_tumor_expression/gdc_star_counts_raw/d3903a71-36dd-40bb-9a19-1d14cd4801f8.rna_seq.augmented_star_gene_counts.tsv","4245332"
"data/tcga_brain_tumor_expression/gdc_star_counts_raw/d3d2ec30-27e8-4482-bab9-c13c67411bc1.rna_seq.augmented_star_gene_counts.tsv","4240767"
"data/tcga_brain_tumor_expression/gdc_star_counts_raw/d4194931-3f02-4c72-a27b-81e353d1e40f.rna_seq.augmented_star_gene_counts.tsv","4251527"
"data/tcga_brain_tumor_expression/gdc_star_counts_raw/d47da43f-808f-4ec6-8d22-a4b822788d62.rna_seq.augmented_star_gene_counts.tsv","4260615"
"data/tcga_brain_tumor_expression/gdc_star_counts_raw/d561fbb1-a288-4a37-98de-65247968fa40.rna_seq.augmented_star_gene_counts.tsv","4242309"
"data/tcga_brain_tumor_expression/gdc_star_counts_raw/d620997f-b99e-4e20-a20d-d5b67ba3ce4b.rna_seq.augmented_star_gene_counts.tsv","4243355"
"data/tcga_brain_tumor_expression/gdc_star_counts_raw/d670b047-a86c-4012-924c-8e702c7f0242.rna_seq.augmented_star_gene_counts.tsv","4251415"
"data/tcga_brain_tumor_expression/gdc_star_counts_raw/d674559d-d51e-4887-aef2-5e65b26626d9.rna_seq.augmented_star_gene_counts.tsv","4238097"
"data/tcga_brain_tumor_expression/gdc_star_counts_raw/d6ec4dad-2f4c-44b7-92f4-a408f6314bfc.rna_seq.augmented_star_gene_counts.tsv","4246677"
"data/tcga_brain_tumor_expression/gdc_star_counts_raw/d7278caf-2bf9-48fb-adfa-d30c7b988000.rna_seq.augmented_star_gene_counts.tsv","4224175"
"data/tcga_brain_tumor_expression/gdc_star_counts_raw/d745289b-15ab-4923-9590-774b20d8b885.rna_seq.augmented_star_gene_counts.tsv","4252424"
"data/tcga_brain_tumor_expression/gdc_star_counts_raw/d7aad54c-1f6b-4989-97d7-5e74132faf28.rna_seq.augmented_star_gene_counts.tsv","4244188"
"data/tcga_brain_tumor_expression/gdc_star_counts_raw/d7b7ba93-518f-4ee9-a966-d5eb7c3cc8f3.rna_seq.augmented_star_gene_counts.tsv","4208206"
"data/tcga_brain_tumor_expression/gdc_star_counts_raw/d7be978f-2519-4e2c-83df-0815e3e71296.rna_seq.augmented_star_gene_counts.tsv","4252668"
"data/tcga_brain_tumor_expression/gdc_star_counts_raw/d7f50a7e-b1e9-47ea-b33a-856964b813f7.rna_seq.augmented_star_gene_counts.tsv","4242497"
"data/tcga_brain_tumor_expression/gdc_star_counts_raw/d83433da-3354-4e58-94f6-52d56d296363.rna_seq.augmented_star_gene_counts.tsv","4243121"
"data/tcga_brain_tumor_expression/gdc_star_counts_raw/d8399668-1f05-488f-b6c7-716a293b80a2.rna_seq.augmented_star_gene_counts.tsv","4252728"
"data/tcga_brain_tumor_expression/gdc_star_counts_raw/d886bc66-1119-4498-9e2b-3d0211f7bbe1.rna_seq.augmented_star_gene_counts.tsv","4246722"
"data/tcga_brain_tumor_expression/gdc_star_counts_raw/d898474b-c4fc-4a33-800b-0ccce8b4b755.rna_seq.augmented_star_gene_counts.tsv","4242239"
"data/tcga_brain_tumor_expression/gdc_star_counts_raw/d89d1ff1-7285-458d-8c32-2446a1d98b7b.rna_seq.augmented_star_gene_counts.tsv","4235228"
"data/tcga_brain_tumor_expression/gdc_star_counts_raw/d8fde571-896e-4b0e-abb3-edd3610d2a2a.rna_seq.augmented_star_gene_counts.tsv","4230795"
"data/tcga_brain_tumor_expression/gdc_star_counts_raw/d921ae97-0106-4326-a7d1-8802fd11acbf.rna_seq.augmented_star_gene_counts.tsv","4221701"
"data/tcga_brain_tumor_expression/gdc_star_counts_raw/d9548857-ab3c-4cf6-8608-4d5951f63c8b.rna_seq.augmented_star_gene_counts.tsv","4249088"
"data/tcga_brain_tumor_expression/gdc_star_counts_raw/d96703fa-66b5-4b36-99d2-9ba6f1bd9963.rna_seq.augmented_star_gene_counts.tsv","4247587"
"data/tcga_brain_tumor_expression/gdc_star_counts_raw/d98b999b-c625-4970-9b6a-533e7a4b7a0f.rna_seq.augmented_star_gene_counts.tsv","4236361"
"data/tcga_brain_tumor_expression/gdc_star_counts_raw/d9ce8aca-09dc-4140-a530-e6412c0ad927.rna_seq.augmented_star_gene_counts.tsv","4255086"
"data/tcga_brain_tumor_expression/gdc_star_counts_raw/da6b3c6c-8af3-4fc9-96f2-d2b2f6f972a8.rna_seq.augmented_star_gene_counts.tsv","4238478"
"data/tcga_brain_tumor_expression/gdc_star_counts_raw/da7d327b-1022-4ffc-9ed8-8b4413209ce4.rna_seq.augmented_star_gene_counts.tsv","4243841"
"data/tcga_brain_tumor_expression/gdc_star_counts_raw/dad61e18-e3f1-4beb-b3c3-ae434e35af2d.rna_seq.augmented_star_gene_counts.tsv","4242874"
"data/tcga_brain_tumor_expression/gdc_star_counts_raw/db0f3e8d-4a8e-48c7-8903-3dfba46d8401.rna_seq.augmented_star_gene_counts.tsv","4249390"
"data/tcga_brain_tumor_expression/gdc_star_counts_raw/db266550-615f-498f-a95e-5a96c5f65a21.rna_seq.augmented_star_gene_counts.tsv","4258100"
"data/tcga_brain_tumor_expression/gdc_star_counts_raw/db2fe7d9-93bc-40b3-b811-7c0765091e1e.rna_seq.augmented_star_gene_counts.tsv","4256291"
"data/tcga_brain_tumor_expression/gdc_star_counts_raw/dc528d13-8cd7-475f-a1c5-d710b36199bb.rna_seq.augmented_star_gene_counts.tsv","4236059"
"data/tcga_brain_tumor_expression/gdc_star_counts_raw/dcb993fe-8783-49c4-9aab-dc18d8caee49.rna_seq.augmented_star_gene_counts.tsv","4250188"
"data/tcga_brain_tumor_expression/gdc_star_counts_raw/dd6e20c4-6bfd-408d-b4a7-ffac0db6a6c8.rna_seq.augmented_star_gene_counts.tsv","4255386"
"data/tcga_brain_tumor_expression/gdc_star_counts_raw/ddc24413-bac7-4fe5-9eee-716e2163a5aa.rna_seq.augmented_star_gene_counts.tsv","4241679"
"data/tcga_brain_tumor_expression/gdc_star_counts_raw/ddf2a134-72f0-4394-99d0-a3448c7e131a.rna_seq.augmented_star_gene_counts.tsv","4255027"
"data/tcga_brain_tumor_expression/gdc_star_counts_raw/de01156d-97cd-49ac-828d-d1996781edd5.rna_seq.augmented_star_gene_counts.tsv","4246997"
"data/tcga_brain_tumor_expression/gdc_star_counts_raw/de906204-59b0-4249-968f-7cd4d47481aa.rna_seq.augmented_star_gene_counts.tsv","4242265"
"data/tcga_brain_tumor_expression/gdc_star_counts_raw/def5d534-0efd-450c-bde0-f69abbe48f7c.rna_seq.augmented_star_gene_counts.tsv","4225708"
"data/tcga_brain_tumor_expression/gdc_star_counts_raw/df06dad1-819a-436d-b5c7-9171af28b183.rna_seq.augmented_star_gene_counts.tsv","4241569"
"data/tcga_brain_tumor_expression/gdc_star_counts_raw/df26e441-52f8-4fee-bbac-0a140fd71cd1.rna_seq.augmented_star_gene_counts.tsv","4241207"
"data/tcga_brain_tumor_expression/gdc_star_counts_raw/df304df6-1168-4314-aa2a-48bf5f3f8bd7.rna_seq.augmented_star_gene_counts.tsv","4238548"
"data/tcga_brain_tumor_expression/gdc_star_counts_raw/df3438b0-f3c9-4d19-bfe3-685b97b05a3a.rna_seq.augmented_star_gene_counts.tsv","4246077"
"data/tcga_brain_tumor_expression/gdc_star_counts_raw/df47f95a-fb4a-4ea2-a929-c1d1971997a0.rna_seq.augmented_star_gene_counts.tsv","4244881"
"data/tcga_brain_tumor_expression/gdc_star_counts_raw/dff7bf86-90f7-4ff1-8a32-effe93099443.rna_seq.augmented_star_gene_counts.tsv","4249331"
"data/tcga_brain_tumor_expression/gdc_star_counts_raw/e013dfab-0f14-496c-98ff-4079c877aaf7.rna_seq.augmented_star_gene_counts.tsv","4236779"
"data/tcga_brain_tumor_expression/gdc_star_counts_raw/e044dbf9-7587-48b7-b58a-b4f5d9401309.rna_seq.augmented_star_gene_counts.tsv","4222281"
"data/tcga_brain_tumor_expression/gdc_star_counts_raw/e0497b17-99ef-4d0b-afc9-9fcd5769baaa.rna_seq.augmented_star_gene_counts.tsv","4245993"
"data/tcga_brain_tumor_expression/gdc_star_counts_raw/e08e8902-f526-449f-b645-d29b06d175dd.rna_seq.augmented_star_gene_counts.tsv","4244893"
"data/tcga_brain_tumor_expression/gdc_star_counts_raw/e09ca29b-e860-41da-a470-4ea49886eefd.rna_seq.augmented_star_gene_counts.tsv","4252412"
"data/tcga_brain_tumor_expression/gdc_star_counts_raw/e0f3f77b-9fa3-470e-8900-eda1f429bb0f.rna_seq.augmented_star_gene_counts.tsv","4231236"
"data/tcga_brain_tumor_expression/gdc_star_counts_raw/e10da294-464e-412e-b53d-6273ed2481d9.rna_seq.augmented_star_gene_counts.tsv","4250278"
"data/tcga_brain_tumor_expression/gdc_star_counts_raw/e11c6b6a-61cc-48ef-ac4d-221f27d45091.rna_seq.augmented_star_gene_counts.tsv","4237980"
"data/tcga_brain_tumor_expression/gdc_star_counts_raw/e11e5f44-1dfd-4c7d-b62b-fee9e7aa0183.rna_seq.augmented_star_gene_counts.tsv","4244842"
"data/tcga_brain_tumor_expression/gdc_star_counts_raw/e1757a20-2d6f-4aee-bafb-804302b448ea.rna_seq.augmented_star_gene_counts.tsv","4251418"
"data/tcga_brain_tumor_expression/gdc_star_counts_raw/e1a04d24-ac38-45cd-8030-f3617691e995.rna_seq.augmented_star_gene_counts.tsv","4230836"
"data/tcga_brain_tumor_expression/gdc_star_counts_raw/e1d7e8ca-0ae6-4d23-a4c1-da0a95694e09.rna_seq.augmented_star_gene_counts.tsv","4226606"
"data/tcga_brain_tumor_expression/gdc_star_counts_raw/e1f24215-12d6-400a-b527-cee0c4d7ef8a.rna_seq.augmented_star_gene_counts.tsv","4243355"
"data/tcga_brain_tumor_expression/gdc_star_counts_raw/e1fd30ab-4ccc-4372-b03c-24584c3db130.rna_seq.augmented_star_gene_counts.tsv","4252267"
"data/tcga_brain_tumor_expression/gdc_star_counts_raw/e21860ac-5140-4c93-ab32-22cd2d0ba617.rna_seq.augmented_star_gene_counts.tsv","4256630"
"data/tcga_brain_tumor_expression/gdc_star_counts_raw/e2304515-3868-4f25-9967-900a3ae600be.rna_seq.augmented_star_gene_counts.tsv","4241827"
"data/tcga_brain_tumor_expression/gdc_star_counts_raw/e237125e-4320-4b06-a24d-26663b5abaaf.rna_seq.augmented_star_gene_counts.tsv","4251774"
"data/tcga_brain_tumor_expression/gdc_star_counts_raw/e26f48af-b513-4307-9bc1-d8b4fd5c9685.rna_seq.augmented_star_gene_counts.tsv","4215867"
"data/tcga_brain_tumor_expression/gdc_star_counts_raw/e2967c52-ecce-43b3-bc8e-8777cc435bfc.rna_seq.augmented_star_gene_counts.tsv","4248615"
"data/tcga_brain_tumor_expression/gdc_star_counts_raw/e343b3a9-713c-4448-b123-3f1cc4b25905.rna_seq.augmented_star_gene_counts.tsv","4231172"
"data/tcga_brain_tumor_expression/gdc_star_counts_raw/e351dc80-bb7e-4e99-8cdd-8c2a01bbae80.rna_seq.augmented_star_gene_counts.tsv","4242909"
"data/tcga_brain_tumor_expression/gdc_star_counts_raw/e356d13a-ae02-4240-9990-9c66ae38bcb5.rna_seq.augmented_star_gene_counts.tsv","4248377"
"data/tcga_brain_tumor_expression/gdc_star_counts_raw/e36091c6-d62c-4997-bb9f-7192b73f12ed.rna_seq.augmented_star_gene_counts.tsv","4249885"
"data/tcga_brain_tumor_expression/gdc_star_counts_raw/e3c70a24-89fd-4fae-9329-be5b9b62d011.rna_seq.augmented_star_gene_counts.tsv","4245008"
"data/tcga_brain_tumor_expression/gdc_star_counts_raw/e3ca6a99-2907-4509-a416-eb7362b0b606.rna_seq.augmented_star_gene_counts.tsv","4223569"
"data/tcga_brain_tumor_expression/gdc_star_counts_raw/e3d28a69-cac2-4bbe-897f-6b4369379713.rna_seq.augmented_star_gene_counts.tsv","4231082"
"data/tcga_brain_tumor_expression/gdc_star_counts_raw/e43ae8de-b883-456a-8a70-bc8d10c2c5fc.rna_seq.augmented_star_gene_counts.tsv","4234042"
"data/tcga_brain_tumor_expression/gdc_star_counts_raw/e4bd9518-37b8-4d39-b717-7c750f311eba.rna_seq.augmented_star_gene_counts.tsv","4247997"
"data/tcga_brain_tumor_expression/gdc_star_counts_raw/e53faabf-5693-4b41-b448-fcae4270ecb1.rna_seq.augmented_star_gene_counts.tsv","4249392"
"data/tcga_brain_tumor_expression/gdc_star_counts_raw/e58cdc72-ac07-40cd-90c5-ebb2d0b8321d.rna_seq.augmented_star_gene_counts.tsv","4219325"
"data/tcga_brain_tumor_expression/gdc_star_counts_raw/e6156110-7ffa-45a6-b6d1-7216a21836d3.rna_seq.augmented_star_gene_counts.tsv","4252651"
"data/tcga_brain_tumor_expression/gdc_star_counts_raw/e68e3ad7-99b9-4707-97a1-a4c2c865a93b.rna_seq.augmented_star_gene_counts.tsv","4253353"
"data/tcga_brain_tumor_expression/gdc_star_counts_raw/e71a56c6-199f-4238-a2f2-08852c905148.rna_seq.augmented_star_gene_counts.tsv","4249917"
"data/tcga_brain_tumor_expression/gdc_star_counts_raw/e72182ac-29cf-416c-8004-11a8d814a706.rna_seq.augmented_star_gene_counts.tsv","4240122"
"data/tcga_brain_tumor_expression/gdc_star_counts_raw/e749773c-7cd6-45d4-ae43-68b03f9b2a25.rna_seq.augmented_star_gene_counts.tsv","4210117"
"data/tcga_brain_tumor_expression/gdc_star_counts_raw/e7689334-c124-4adc-b9ec-fd3009781660.rna_seq.augmented_star_gene_counts.tsv","4258586"
"data/tcga_brain_tumor_expression/gdc_star_counts_raw/e7b0cb4b-d9c4-440f-b5d4-857d7e53e303.rna_seq.augmented_star_gene_counts.tsv","4238089"
"data/tcga_brain_tumor_expression/gdc_star_counts_raw/e7e63873-0099-474a-94b1-160a155c1ea3.rna_seq.augmented_star_gene_counts.tsv","4242935"
"data/tcga_brain_tumor_expression/gdc_star_counts_raw/e84acff3-3067-49e4-82b7-dbbddfddb723.rna_seq.augmented_star_gene_counts.tsv","4199152"
"data/tcga_brain_tumor_expression/gdc_star_counts_raw/e870cd62-cce9-4376-b362-8c2a6911c3e3.rna_seq.augmented_star_gene_counts.tsv","4246849"
"data/tcga_brain_tumor_expression/gdc_star_counts_raw/e8885025-bb9d-4905-a0ac-d42cbc3a904a.rna_seq.augmented_star_gene_counts.tsv","4254597"
"data/tcga_brain_tumor_expression/gdc_star_counts_raw/e8c1b868-8139-4831-9c66-32f22d556f29.rna_seq.augmented_star_gene_counts.tsv","4241342"
"data/tcga_brain_tumor_expression/gdc_star_counts_raw/e8d7dc2a-0133-4090-86a9-ee5742e6cb3c.rna_seq.augmented_star_gene_counts.tsv","4236076"
"data/tcga_brain_tumor_expression/gdc_star_counts_raw/e8fcfe5c-929d-4004-b364-50ba128452db.rna_seq.augmented_star_gene_counts.tsv","4243737"
"data/tcga_brain_tumor_expression/gdc_star_counts_raw/e99de328-1950-4739-a59b-e0685c45b94b.rna_seq.augmented_star_gene_counts.tsv","4239329"
"data/tcga_brain_tumor_expression/gdc_star_counts_raw/e9c72888-0405-4c66-bcd5-bb56173bdcb2.rna_seq.augmented_star_gene_counts.tsv","4211030"
"data/tcga_brain_tumor_expression/gdc_star_counts_raw/e9d79c15-fa59-4298-bb5d-0f3d4b17ed4e.rna_seq.augmented_star_gene_counts.tsv","4256156"
"data/tcga_brain_tumor_expression/gdc_star_counts_raw/ea1c97f7-e70a-423a-9d7a-66690c4fdbb3.rna_seq.augmented_star_gene_counts.tsv","4252139"
"data/tcga_brain_tumor_expression/gdc_star_counts_raw/ea23253b-fbd6-46ae-b6e2-3c2215e9c361.rna_seq.augmented_star_gene_counts.tsv","4246932"
"data/tcga_brain_tumor_expression/gdc_star_counts_raw/eb6254be-5992-43ab-8e4c-c33bd7951e46.rna_seq.augmented_star_gene_counts.tsv","4250875"
"data/tcga_brain_tumor_expression/gdc_star_counts_raw/ec1ada4a-34c5-4d5f-a75f-25fc45d05a28.rna_seq.augmented_star_gene_counts.tsv","4254634"
"data/tcga_brain_tumor_expression/gdc_star_counts_raw/ecd2943f-37ab-4c0c-88ab-078c6ba15953.rna_seq.augmented_star_gene_counts.tsv","4254374"
"data/tcga_brain_tumor_expression/gdc_star_counts_raw/ecd6cc08-1fc9-4034-b03f-5bb315d3f905.rna_seq.augmented_star_gene_counts.tsv","4251010"
"data/tcga_brain_tumor_expression/gdc_star_counts_raw/ed033e99-726e-46b1-ae99-0659ded2f5e1.rna_seq.augmented_star_gene_counts.tsv","4243471"
"data/tcga_brain_tumor_expression/gdc_star_counts_raw/ed0f8f0e-9dbf-475b-8cd7-1f712c5929b8.rna_seq.augmented_star_gene_counts.tsv","4225595"
"data/tcga_brain_tumor_expression/gdc_star_counts_raw/ed6efb1d-973d-4563-ac7d-c72c3814a2e2.rna_seq.augmented_star_gene_counts.tsv","4242239"
"data/tcga_brain_tumor_expression/gdc_star_counts_raw/ede222a6-1e2c-4a7f-9d47-8b8236b850e7.rna_seq.augmented_star_gene_counts.tsv","4248117"
"data/tcga_brain_tumor_expression/gdc_star_counts_raw/edf2bc5d-3b50-411a-819e-aac3aa1207aa.rna_seq.augmented_star_gene_counts.tsv","4256756"
"data/tcga_brain_tumor_expression/gdc_star_counts_raw/ee1a4754-896c-4f5d-bd4a-a7754f84abad.rna_seq.augmented_star_gene_counts.tsv","4239507"
"data/tcga_brain_tumor_expression/gdc_star_counts_raw/ee33c2fd-140b-4b4c-8820-f711facc6b4c.rna_seq.augmented_star_gene_counts.tsv","4236660"
"data/tcga_brain_tumor_expression/gdc_star_counts_raw/ee4848b0-9322-4dd5-a606-da0504bb9feb.rna_seq.augmented_star_gene_counts.tsv","4248283"
"data/tcga_brain_tumor_expression/gdc_star_counts_raw/eef3ce5b-8f0a-4ffa-936f-acd6ec32f7bd.rna_seq.augmented_star_gene_counts.tsv","4244397"
"data/tcga_brain_tumor_expression/gdc_star_counts_raw/ef9cc9ef-1cf3-46fc-b3cb-06ea0582b7fa.rna_seq.augmented_star_gene_counts.tsv","4250432"
"data/tcga_brain_tumor_expression/gdc_star_counts_raw/efbd20eb-2922-4904-8cf1-88d5bb09ab30.rna_seq.augmented_star_gene_counts.tsv","4254229"
"data/tcga_brain_tumor_expression/gdc_star_counts_raw/efd59495-0b78-4b9e-af2b-20adbd7689f5.rna_seq.augmented_star_gene_counts.tsv","4197145"
"data/tcga_brain_tumor_expression/gdc_star_counts_raw/f00767f8-b811-4f55-88c6-baa6a6724c8e.rna_seq.augmented_star_gene_counts.tsv","4216780"
"data/tcga_brain_tumor_expression/gdc_star_counts_raw/f053a1a1-718a-46bd-a761-8ed3511aeb57.rna_seq.augmented_star_gene_counts.tsv","4224557"
"data/tcga_brain_tumor_expression/gdc_star_counts_raw/f063aaed-a371-445a-9c40-499c62c9585c.rna_seq.augmented_star_gene_counts.tsv","4240197"
"data/tcga_brain_tumor_expression/gdc_star_counts_raw/f10e7d44-0f2d-45f6-bba9-61df65668d8b.rna_seq.augmented_star_gene_counts.tsv","4233008"
"data/tcga_brain_tumor_expression/gdc_star_counts_raw/f13b7ef9-16d4-40b0-91c0-72b9b8ef1876.rna_seq.augmented_star_gene_counts.tsv","4245731"
"data/tcga_brain_tumor_expression/gdc_star_counts_raw/f146b20f-4539-4603-bdb1-fd291ab471bd.rna_seq.augmented_star_gene_counts.tsv","4245026"
"data/tcga_brain_tumor_expression/gdc_star_counts_raw/f16d9348-2781-4518-a34a-fbfcc18e1f7b.rna_seq.augmented_star_gene_counts.tsv","4226002"
"data/tcga_brain_tumor_expression/gdc_star_counts_raw/f20e5b5d-c132-46dd-906f-c46c5c2e6a34.rna_seq.augmented_star_gene_counts.tsv","4228726"
"data/tcga_brain_tumor_expression/gdc_star_counts_raw/f26ac65f-2536-4431-9938-45de5996582e.rna_seq.augmented_star_gene_counts.tsv","4248007"
"data/tcga_brain_tumor_expression/gdc_star_counts_raw/f2afe348-ec81-462e-9c1c-5487ea2a6e61.rna_seq.augmented_star_gene_counts.tsv","4240324"
"data/tcga_brain_tumor_expression/gdc_star_counts_raw/f2bb28ee-ca66-4ca1-8e51-8aeb92084931.rna_seq.augmented_star_gene_counts.tsv","4240540"
"data/tcga_brain_tumor_expression/gdc_star_counts_raw/f2d885c3-e234-4584-a071-98ccbb871553.rna_seq.augmented_star_gene_counts.tsv","4234471"
"data/tcga_brain_tumor_expression/gdc_star_counts_raw/f34feebc-700f-4cd2-b04d-fa2c8231c56e.rna_seq.augmented_star_gene_counts.tsv","4242820"
"data/tcga_brain_tumor_expression/gdc_star_counts_raw/f3921234-d785-4609-8252-6af7188f0305.rna_seq.augmented_star_gene_counts.tsv","4245439"
"data/tcga_brain_tumor_expression/gdc_star_counts_raw/f3946679-18ef-4b67-9ef1-9d2a6a3d318a.rna_seq.augmented_star_gene_counts.tsv","4249888"
"data/tcga_brain_tumor_expression/gdc_star_counts_raw/f3c4031d-9a46-4696-9821-eb3050fa98ce.rna_seq.augmented_star_gene_counts.tsv","4216835"
"data/tcga_brain_tumor_expression/gdc_star_counts_raw/f426768e-744a-4bed-bb8e-b5957a350bf2.rna_seq.augmented_star_gene_counts.tsv","4242050"
"data/tcga_brain_tumor_expression/gdc_star_counts_raw/f489cec9-6f4b-4364-b85a-d34cbc8c2015.rna_seq.augmented_star_gene_counts.tsv","4261799"
"data/tcga_brain_tumor_expression/gdc_star_counts_raw/f4a6270e-6932-4d56-aa0b-475377d443b9.rna_seq.augmented_star_gene_counts.tsv","4208748"
"data/tcga_brain_tumor_expression/gdc_star_counts_raw/f4cfb770-82ce-4c31-90a9-a7ccb57c87d4.rna_seq.augmented_star_gene_counts.tsv","4245511"
"data/tcga_brain_tumor_expression/gdc_star_counts_raw/f4e07a40-74e5-4c35-ae98-7ca190fff6c9.rna_seq.augmented_star_gene_counts.tsv","4247710"
"data/tcga_brain_tumor_expression/gdc_star_counts_raw/f505fb40-a27a-4a6a-9a3d-1f11a4b834b3.rna_seq.augmented_star_gene_counts.tsv","4242414"
"data/tcga_brain_tumor_expression/gdc_star_counts_raw/f54636e5-d823-4bc2-9475-2f4f81879067.rna_seq.augmented_star_gene_counts.tsv","4250525"
"data/tcga_brain_tumor_expression/gdc_star_counts_raw/f60c516c-6be7-4dda-9e46-46a87039c099.rna_seq.augmented_star_gene_counts.tsv","4268629"
"data/tcga_brain_tumor_expression/gdc_star_counts_raw/f6257480-8e9f-4888-baf1-d7c3c49fe726.rna_seq.augmented_star_gene_counts.tsv","4243831"
"data/tcga_brain_tumor_expression/gdc_star_counts_raw/f76dbb11-d12e-4d89-b74b-042db70198f8.rna_seq.augmented_star_gene_counts.tsv","4254270"
"data/tcga_brain_tumor_expression/gdc_star_counts_raw/f78bc420-1d4a-4b75-b400-65352b99b4e8.rna_seq.augmented_star_gene_counts.tsv","4226382"
"data/tcga_brain_tumor_expression/gdc_star_counts_raw/f7a52a43-18a5-42bf-b016-6a988b5d5c46.rna_seq.augmented_star_gene_counts.tsv","4246855"
"data/tcga_brain_tumor_expression/gdc_star_counts_raw/f83a9649-00d3-44db-b6bd-712f45ce548e.rna_seq.augmented_star_gene_counts.tsv","4242441"
"data/tcga_brain_tumor_expression/gdc_star_counts_raw/f87bc84c-1f83-4a36-99c8-40de479ab978.rna_seq.augmented_star_gene_counts.tsv","4242449"
"data/tcga_brain_tumor_expression/gdc_star_counts_raw/f8b1834b-8ad8-4e12-9fdf-6f9ece739d89.rna_seq.augmented_star_gene_counts.tsv","4230736"
"data/tcga_brain_tumor_expression/gdc_star_counts_raw/f8e0df1c-94bc-4e0f-b45e-51aa187c04d8.rna_seq.augmented_star_gene_counts.tsv","4248216"
"data/tcga_brain_tumor_expression/gdc_star_counts_raw/f9219836-0942-43f2-ad3a-f57cc48587ea.rna_seq.augmented_star_gene_counts.tsv","4257829"
"data/tcga_brain_tumor_expression/gdc_star_counts_raw/f990759a-0fb8-44f5-8ee3-b69d00ea808d.rna_seq.augmented_star_gene_counts.tsv","4245486"
"data/tcga_brain_tumor_expression/gdc_star_counts_raw/f99342a1-8e14-435b-abc2-39c738ce3eb9.rna_seq.augmented_star_gene_counts.tsv","4242542"
"data/tcga_brain_tumor_expression/gdc_star_counts_raw/f9a0a53e-2b62-4d49-bcf1-1ec0d9dc19cf.rna_seq.augmented_star_gene_counts.tsv","4242673"
"data/tcga_brain_tumor_expression/gdc_star_counts_raw/f9e9b712-c1a2-4821-924f-027e2ce78d90.rna_seq.augmented_star_gene_counts.tsv","4232699"
"data/tcga_brain_tumor_expression/gdc_star_counts_raw/fa094819-3bc6-4bc6-92cc-906254bbfa73.rna_seq.augmented_star_gene_counts.tsv","4253247"
"data/tcga_brain_tumor_expression/gdc_star_counts_raw/fa0dcd33-2f40-4575-a78b-73c319b1746e.rna_seq.augmented_star_gene_counts.tsv","4242171"
"data/tcga_brain_tumor_expression/gdc_star_counts_raw/fa501305-a5a9-4a67-90f4-bee9f45c1c40.rna_seq.augmented_star_gene_counts.tsv","4250895"
"data/tcga_brain_tumor_expression/gdc_star_counts_raw/fa6cbac9-99c4-409c-95e5-67e5cd379e14.rna_seq.augmented_star_gene_counts.tsv","4244014"
"data/tcga_brain_tumor_expression/gdc_star_counts_raw/fa89c592-b855-4681-88e3-8f206e1f970c.rna_seq.augmented_star_gene_counts.tsv","4228166"
"data/tcga_brain_tumor_expression/gdc_star_counts_raw/fabb2f09-5448-44d8-8927-f1f6b393df72.rna_seq.augmented_star_gene_counts.tsv","4266065"
"data/tcga_brain_tumor_expression/gdc_star_counts_raw/fae111e5-9372-4e6d-8e0d-c158c478afc4.rna_seq.augmented_star_gene_counts.tsv","4224179"
"data/tcga_brain_tumor_expression/gdc_star_counts_raw/fb0b3d8a-d7d3-4c33-8880-a83fe15ffbd0.rna_seq.augmented_star_gene_counts.tsv","4219650"
"data/tcga_brain_tumor_expression/gdc_star_counts_raw/fb50de6d-b922-41d2-8774-b7351fac4b75.rna_seq.augmented_star_gene_counts.tsv","4242428"
"data/tcga_brain_tumor_expression/gdc_star_counts_raw/fb663715-a439-4f80-853d-ad84446466be.rna_seq.augmented_star_gene_counts.tsv","4259574"
"data/tcga_brain_tumor_expression/gdc_star_counts_raw/fbf93c94-a681-4690-b9fa-91fa7c6b5a49.rna_seq.augmented_star_gene_counts.tsv","4248397"
"data/tcga_brain_tumor_expression/gdc_star_counts_raw/fc4bcecf-68ed-46a8-95dc-d719c624b4dc.rna_seq.augmented_star_gene_counts.tsv","4234061"
"data/tcga_brain_tumor_expression/gdc_star_counts_raw/fcbf7dff-e696-461b-b886-933a0f9d66a8.rna_seq.augmented_star_gene_counts.tsv","4244794"
"data/tcga_brain_tumor_expression/gdc_star_counts_raw/fd18cdd5-f7da-45d6-aaa1-d811a4f0a4e1.rna_seq.augmented_star_gene_counts.tsv","4202334"
"data/tcga_brain_tumor_expression/gdc_star_counts_raw/fd950816-2bc3-4e25-90b4-6a6a049cd809.rna_seq.augmented_star_gene_counts.tsv","4241848"
"data/tcga_brain_tumor_expression/gdc_star_counts_raw/fe757d4a-9d17-4a14-a198-dfe57e6c00f2.rna_seq.augmented_star_gene_counts.tsv","4245189"
"data/tcga_brain_tumor_expression/gdc_star_counts_raw/ff024980-d908-476a-8f08-fac87e552c17.rna_seq.augmented_star_gene_counts.tsv","4254749"
"data/tcga_brain_tumor_expression/gdc_star_counts_raw/ff14b89f-5e47-49f2-9499-8d5224f067dc.rna_seq.augmented_star_gene_counts.tsv","4239993"
"data/tcga_brain_tumor_expression/gdc_star_counts_raw/ff86d680-8a35-4f19-a850-eca08dfd3d48.rna_seq.augmented_star_gene_counts.tsv","4245935"
"data/tcga_brain_tumor_expression/tcga_gbm_lgg_download_summary.json","1409"
"data/tcga_brain_tumor_expression/tcga_gbm_lgg_gdc_star_counts_manifest.csv","276101"
"data/tcga_brain_tumor_expression/tcga_gbm_lgg_primary_tumor_project_mean_tpm.tsv","2813551"
"data/tcga_brain_tumor_expression/tcga_gbm_lgg_primary_tumor_tpm_unstranded.tsv","280972038"
"data/tcga_brain_tumor_expression/tcga_gbm_lgg_primary_tumor_tpm_unstranded_file_level.tsv","311782400"
"data/tcga_brain_tumor_expression/tcga_gbm_lgg_primary_tumor_tpm_unstranded_sample_mean.tsv","291779693"
"data/tcga_brain_tumor_expression/tcga_gbm_lgg_primary_tumor_unstranded_counts.tsv","228443815"
"data/tcga_brain_tumor_expression/tcga_gbm_lgg_primary_tumor_unstranded_counts_file_level.tsv","253262796"
"data/tcga_brain_tumor_expression/tcga_gbm_lgg_primary_tumor_unstranded_counts_sample_sum.tsv","229407478"
"data/tcia_tcga_glioma_mri/aspera/package_576_api_probe.json","5579"
"data/tcia_tcga_glioma_mri/aspera/package_576_package.json","3411"
"data/tcia_tcga_glioma_mri/aspera/package_600_api_probe.json","5583"
"data/tcia_tcga_glioma_mri/aspera/package_600_package.json","3451"
"data/tcia_tcga_glioma_mri/dicom_raw_73/metadata/completion_status.csv","36"
"data/tcia_tcga_glioma_mri/dicom_raw_73/metadata/tcga_73_complete_brats4_retriever_series_uid_only.csv","12163"
"data/tcia_tcga_glioma_mri/dicom_raw_73_debug/metadata/completion_status.csv","36"
"data/tcia_tcga_glioma_mri/dicom_raw_73_nbia/metadata/completion_status.csv","84"
"data/tcia_tcga_glioma_mri/dicom_raw_73_nbia/metadata/metadata.csv","5"
"data/tcia_tcga_glioma_mri/dicom_raw_73_nbia/metadata/tcga_73_complete_brats4_retriever_series_uid_only.csv","12163"
"data/tcia_tcga_glioma_mri/download_manifests/tcga_73_complete_brats4_idc_manifest_summary.json","920"
"data/tcia_tcga_glioma_mri/download_manifests/tcga_73_complete_brats4_idc_patient_download_summary.csv","2313"
"data/tcia_tcga_glioma_mri/download_manifests/tcga_73_complete_brats4_idc_patient_seg_availability.csv","3365"
"data/tcia_tcga_glioma_mri/download_manifests/tcga_73_complete_brats4_idc_seg_ann_ot_mr_availability.csv","35171"
"data/tcia_tcga_glioma_mri/download_manifests/tcga_73_complete_brats4_idc_seg_availability_summary.json","665"
"data/tcia_tcga_glioma_mri/download_manifests/tcga_73_complete_brats4_idc_series_uids.txt","0"
"data/tcia_tcga_glioma_mri/download_manifests/tcga_73_complete_brats4_selected_series_idc_manifest.csv","76997"
"data/tcia_tcga_glioma_mri/download_manifests/tcga_73_complete_brats4_selected_series_manifest.csv","71857"
"data/tcia_tcga_glioma_mri/download_manifests/tcga_73_complete_brats4_selected_series_summary.json","418"
"data/tcia_tcga_glioma_mri/download_manifests/tcga_73_complete_brats4_series_uids.txt","12144"
"data/tcia_tcga_glioma_mri/idc_seg_smoke/TCGA-06-0130/SEG_1.2.826.0.1.3680043.10.511.3.12475661927075250112409293069463941/8e02680d-1109-4406-b464-3bbc8655d289.dcm","71274"
"data/tcia_tcga_glioma_mri/idc_seg_smoke/TCGA-06-0130/SEG_1.2.826.0.1.3680043.10.511.3.12475661927075250112409293069463941/d3d140b1-9a59-4909-b440-7555b201bcf7.dcm","414360"
"data/tcia_tcga_glioma_mri/idc_seg_smoke/TCGA-06-0130/SEG_1.2.826.0.1.3680043.10.511.3.12475661927075250112409293069463941/e56bf019-8921-4016-9059-33add1408cf1.dcm","5591164"
"data/tcia_tcga_glioma_mri/manifests/aspera_faspex_index.js","7438100"
"data/tcia_tcga_glioma_mri/manifests/GC_manifest_TCGA-GBM.csv","59433"
"data/tcia_tcga_glioma_mri/manifests/TCGA-GBM_nbia_digest.xlsx","103815"
"data/tcia_tcga_glioma_mri/manifests/TCGA-LGG_nbia_digest.xlsx","86347"
"data/tcia_tcga_glioma_mri/tcia_data_retriever_manifests/tcga_73_complete_brats4_patient_download_audit.csv","15941"
"data/tcia_tcga_glioma_mri/tcia_data_retriever_manifests/tcga_73_complete_brats4_retriever_series_uid_only.csv","12163"
"data/tcia_tcga_glioma_mri/tcia_data_retriever_manifests/tcga_73_complete_brats4_tcia_data_retriever_manifest_summary.json","1638"
"data/tcia_tcga_glioma_mri/tcia_data_retriever_manifests/tcga_73_complete_brats4_tcia_data_retriever_series.csv","59323"
"data/tcia_tcga_glioma_mri/tcia_data_retriever_manifests/tcga_73_complete_brats4_tcia_data_retriever_series.tsv","59316"
"data/tcia_tcga_glioma_mri/tcia_data_retriever_manifests/tcga_73_complete_brats4_tcia_data_retriever_series.xlsx","22763"
"data/tcia_tcga_glioma_mri/tcia_data_retriever_manifests/tcga_73_complete_brats4_tcia_data_retriever_unique_series.csv","37047"
"data/tcia_tcga_glioma_mri/tcia_data_retriever_manifests/tcga_73_complete_brats4_unique_series.tcia","12387"
"data/tcia_tcga_glioma_mri/tcia_data_retriever_manifests/tcga_73_complete_brats4_unique_series_instance_uids.txt","12144"
"data/tcia_tcga_glioma_mri/tcia_tcga_glioma_manifest_summary.json","792"
"data/tcia_tcga_glioma_mri/tcia_tcga_glioma_patients_manifest.csv","5"
"data/tcia_tcga_glioma_mri/tcia_tcga_glioma_series_manifest.csv","5"
"data_processor.py","24303"
"database_init.py","27875"
"external_inputs/huang2025_pmc12041490/41698_2025_909_MOESM2_ESM.csv","60706542"
"external_inputs/huang2025_pmc12041490/41698_2025_909_MOESM2_ESM.xlsb","39675418"
"external_inputs/huang2025_pmc12041490/converted/41698_2025_909_MOESM2_ESM.xlsx","69822146"
"LICENSE","1084"
"MODEL_LOCK.md","2051"
"PACKAGE_MANIFEST.csv","328036"
"pytest.ini","72"
"README.md","6954"
"reporting/__init__.py","5633"
"reporting/benchmark_figure_export.py","35250"
"reports/archived_rf_ml_baselines/knn5_cosine_vsd_lomo_top1_confusion.csv","718"
"reports/archived_rf_ml_baselines/nearest_centroid_vsd_lomo_top1_confusion.csv","717"
"reports/archived_rf_ml_baselines/random_forest_vsd_lomo_top1_confusion.csv","718"
"reports/archived_rf_ml_baselines/simple_ml_lomo_class_f1.csv","3129"
"reports/archived_rf_ml_baselines/simple_ml_lomo_detail.csv","559198"
"reports/archived_rf_ml_baselines/simple_ml_lomo_fold_audit.csv","213"
"reports/archived_rf_ml_baselines/simple_ml_lomo_metrics.csv","623"
"reports/model_validation/model_validation_stage2_20260716/gse189919_frozen_no_pairwise/gse189919_latest_main_route_full_outputs.jsonl","1336487"
"reports/model_validation/model_validation_stage2_20260716/gse189919_frozen_no_pairwise/gse189919_latest_main_route_network_rankings.csv","41564"
"reports/model_validation/model_validation_stage2_20260716/gse189919_frozen_no_pairwise/gse189919_latest_main_route_network_top1_distribution.csv","336"
"reports/model_validation/model_validation_stage2_20260716/gse189919_frozen_no_pairwise/gse189919_latest_main_route_region_rankings.csv","466979"
"reports/model_validation/model_validation_stage2_20260716/gse189919_frozen_no_pairwise/gse189919_latest_main_route_region_top1_distribution.csv","305"
"reports/model_validation/model_validation_stage2_20260716/gse189919_frozen_no_pairwise/GSE189919_LATEST_MAIN_ROUTE_REPORT.md","2301"
"reports/model_validation/model_validation_stage2_20260716/gse189919_frozen_no_pairwise/gse189919_latest_main_route_resolution_group_rankings.csv","65275"
"reports/model_validation/model_validation_stage2_20260716/gse189919_frozen_no_pairwise/gse189919_latest_main_route_sample_summary.csv","24214"
"reports/model_validation/model_validation_stage2_20260716/gse189919_frozen_no_pairwise/gse189919_sample_metadata.csv","3650"
"reports/model_validation/model_validation_stage2_20260716/gse189919_frozen_no_pairwise/manifest.json","1387"
"reports/model_validation/model_validation_stage2_20260716/gse189919_frozen_no_pairwise/run_gse189919_latest_main_route.py","16331"
"reports/model_validation/model_validation_stage2_20260716/lomo_frozen_no_pairwise/formal_lomo_exact_region_detail.csv","686186"
"reports/model_validation/model_validation_stage2_20260716/lomo_frozen_no_pairwise/formal_lomo_exact_region_per_monkey_metrics.csv","2415"
"reports/model_validation/model_validation_stage2_20260716/lomo_frozen_no_pairwise/formal_lomo_exact_region_route_metrics.csv","809"
"reports/model_validation/model_validation_stage2_20260716/lomo_frozen_no_pairwise/formal_lomo_fold_summary.csv","769"
"reports/model_validation/model_validation_stage2_20260716/lomo_frozen_no_pairwise/formal_lomo_network_detail.csv","623191"
"reports/model_validation/model_validation_stage2_20260716/lomo_frozen_no_pairwise/formal_lomo_network_per_monkey_metrics.csv","2642"
"reports/model_validation/model_validation_stage2_20260716/lomo_frozen_no_pairwise/formal_lomo_network_route_metrics.csv","679"
"reports/model_validation/model_validation_stage2_20260716/lomo_frozen_no_pairwise/formal_lomo_region_unsupported_samples.csv","821"
"reports/model_validation/model_validation_stage2_20260716/lomo_frozen_no_pairwise/formal_lomo_resolution_group_detail.csv","1721144"
"reports/model_validation/model_validation_stage2_20260716/lomo_frozen_no_pairwise/formal_lomo_resolution_group_per_monkey_metrics.csv","3853"
"reports/model_validation/model_validation_stage2_20260716/lomo_frozen_no_pairwise/formal_lomo_resolution_group_route_metrics.csv","1289"
"reports/model_validation/model_validation_stage2_20260716/lomo_frozen_no_pairwise/formal_lomo_validation_summary.json","8672"
"reports/model_validation/p0_8_sparse_domain_shift_r03b_smoke_20260716/baseline_gate.json","863"
"reports/model_validation/p0_8_sparse_domain_shift_r03b_smoke_20260716/executed_run_p0_4_sparse_domain_shift_sensitivity.py","27002"
"reports/model_validation/p0_8_sparse_domain_shift_r03b_smoke_20260716/input_audit.json","1817"
"reports/model_validation/p0_8_sparse_domain_shift_r03b_smoke_20260716/P0_4_METHODS.json","1951"
"reports/model_validation/p0_8_sparse_domain_shift_r03b_smoke_20260716/p0_4_sparse_sensitivity_curves.png","203371"
"reports/model_validation/p0_8_sparse_domain_shift_r03b_smoke_20260716/p0_4_sparse_sensitivity_sample_detail.csv","688596"
"reports/model_validation/p0_8_sparse_domain_shift_r03b_smoke_20260716/p0_8_sparse_sensitivity_across_repeats.csv","22172"
"reports/model_validation/p0_8_sparse_domain_shift_r03b_smoke_20260716/p0_8_sparse_sensitivity_per_repeat.csv","9398"
"reports/model_validation/p0_8_sparse_domain_shift_r03b_smoke_20260716/SHA256SUMS.txt","802"
"reports/model_validation/p0_8_sparse_domain_shift_r03c_formal_20260717/baseline_gate.json","863"
"reports/model_validation/p0_8_sparse_domain_shift_r03c_formal_20260717/executed_run_p0_4_sparse_domain_shift_sensitivity.py","27002"
"reports/model_validation/p0_8_sparse_domain_shift_r03c_formal_20260717/input_audit.json","1817"
"reports/model_validation/p0_8_sparse_domain_shift_r03c_formal_20260717/P0_4_METHODS.json","1952"
"reports/model_validation/p0_8_sparse_domain_shift_r03c_formal_20260717/p0_4_sparse_sensitivity_curves.png","202156"
"reports/model_validation/p0_8_sparse_domain_shift_r03c_formal_20260717/p0_4_sparse_sensitivity_sample_detail.csv","16707328"
"reports/model_validation/p0_8_sparse_domain_shift_r03c_formal_20260717/p0_8_sparse_sensitivity_across_repeats.csv","23826"
"reports/model_validation/p0_8_sparse_domain_shift_r03c_formal_20260717/p0_8_sparse_sensitivity_per_repeat.csv","226327"
"reports/model_validation/p0_8_sparse_domain_shift_r03c_formal_20260717/SHA256SUMS.txt","802"
"reports/model_validation/p0_8_sparse_domain_shift_r03c_self_repro_20260717/p0_4_sparse_sensitivity_curves.png","202030"
"reports/model_validation/p0_8_sparse_domain_shift_r03c_self_repro_20260717/p0_4_sparse_sensitivity_sample_detail.csv","16707328"
"reports/model_validation/p0_8_sparse_domain_shift_r03c_self_repro_20260717/p0_8_sparse_sensitivity_across_repeats.csv","23941"
"reports/model_validation/p0_8_sparse_domain_shift_r03c_self_repro_20260717/p0_8_sparse_sensitivity_per_repeat.csv","229226"
"reports/model_validation/p0_8_sparse_domain_shift_r03c_self_repro_v2_20260717/p0_4_sparse_sensitivity_curves.png","202156"
"reports/model_validation/p0_8_sparse_domain_shift_r03c_self_repro_v2_20260717/p0_4_sparse_sensitivity_sample_detail.csv","16707328"
"reports/model_validation/p0_8_sparse_domain_shift_r03c_self_repro_v2_20260717/p0_8_sparse_sensitivity_across_repeats.csv","23812"
"reports/model_validation/p0_8_sparse_domain_shift_r03c_self_repro_v2_20260717/p0_8_sparse_sensitivity_per_repeat.csv","226329"
"reports/supporting_inputs/bo2023_publication_label_curation_map_20260704.csv","2982"
"reports/validation_recheck_20260713/ahba/ahba_formal_three_tier_accuracy.png","71743"
"reports/validation_recheck_20260713/ahba/ahba_formal_three_tier_metrics.csv","871"
"reports/validation_recheck_20260713/ahba/ahba_formal_three_tier_resolution_audit.csv","31740327"
"reports/validation_recheck_20260713/ahba/ahba_formal_three_tier_sample_detail.csv","878965"
"reports/validation_recheck_20260713/ahba/ahba_formal_three_tier_special_labels.csv","1372"
"reports/validation_recheck_20260713/ahba/ahba_formal_three_tier_summary.json","6826"
"reports/validation_recheck_20260713/ahba/ahba_formal_three_tier_summary.md","664"
"reports/validation_recheck_20260713/ahba/ahba_technical_replicate_collapse_audit.csv","19527"
"reports/validation_recheck_20260713/ahba_aligned/ahba_formal_three_tier_accuracy.png","71251"
"reports/validation_recheck_20260713/ahba_aligned/ahba_formal_three_tier_metrics.csv","883"
"reports/validation_recheck_20260713/ahba_aligned/ahba_formal_three_tier_resolution_audit.csv","31740327"
"reports/validation_recheck_20260713/ahba_aligned/ahba_formal_three_tier_sample_detail.csv","671068"
"reports/validation_recheck_20260713/ahba_aligned/ahba_formal_three_tier_special_labels.csv","1372"
"reports/validation_recheck_20260713/ahba_aligned/ahba_formal_three_tier_summary.json","6838"
"reports/validation_recheck_20260713/ahba_aligned/ahba_formal_three_tier_summary.md","664"
"reports/validation_recheck_20260713/ahba_aligned/ahba_technical_replicate_collapse_audit.csv","19527"
"reports/validation_recheck_20260713/lomo/formal_lomo_exact_region_detail.csv","686556"
"reports/validation_recheck_20260713/lomo/formal_lomo_exact_region_per_monkey_metrics.csv","2406"
"reports/validation_recheck_20260713/lomo/formal_lomo_exact_region_route_metrics.csv","808"
"reports/validation_recheck_20260713/lomo/formal_lomo_fold_summary.csv","769"
"reports/validation_recheck_20260713/lomo/formal_lomo_network_detail.csv","643760"
"reports/validation_recheck_20260713/lomo/formal_lomo_network_per_monkey_metrics.csv","2609"
"reports/validation_recheck_20260713/lomo/formal_lomo_network_route_metrics.csv","683"
"reports/validation_recheck_20260713/lomo/formal_lomo_region_unsupported_samples.csv","821"
"reports/validation_recheck_20260713/lomo/formal_lomo_resolution_group_detail.csv","1702060"
"reports/validation_recheck_20260713/lomo/formal_lomo_resolution_group_per_monkey_metrics.csv","3868"
"reports/validation_recheck_20260713/lomo/formal_lomo_resolution_group_route_metrics.csv","1291"
"reports/validation_recheck_20260713/lomo/formal_lomo_validation_summary.json","8581"
"reports/validation_recheck_20260713/loso/hybrid_formal_loso_exact_region_detail.csv","184075"
"reports/validation_recheck_20260713/loso/hybrid_formal_loso_exact_region_route_metrics.csv","271"
"reports/validation_recheck_20260713/loso/hybrid_formal_loso_fold_summary.csv","32186"
"reports/validation_recheck_20260713/loso/hybrid_formal_loso_network_detail.csv","131253"
"reports/validation_recheck_20260713/loso/hybrid_formal_loso_network_route_metrics.csv","174"
"reports/validation_recheck_20260713/loso/hybrid_formal_loso_region_unsupported_samples.csv","614"
"reports/validation_recheck_20260713/loso/hybrid_formal_loso_resolution_group_detail.csv","434397"
"reports/validation_recheck_20260713/loso/hybrid_formal_loso_resolution_group_route_metrics.csv","532"
"reports/validation_recheck_20260713/loso/hybrid_formal_loso_summary.json","2234"
"reports/validation_recheck_20260713/run_web_core_ahba_audit.py","5414"
"reports/validation_recheck_20260713/run_web_core_tcga_audit.py","3626"
"reports/validation_recheck_20260713/tcga_65/tcga_labeled_hybrid_formal_accuracy.png","69054"
"reports/validation_recheck_20260713/tcga_65/tcga_labeled_hybrid_formal_metrics.csv","732"
"reports/validation_recheck_20260713/tcga_65/tcga_labeled_hybrid_formal_sample_detail.csv","98793"
"reports/validation_recheck_20260713/tcga_65/tcga_labeled_hybrid_formal_summary.json","2025"
"reports/validation_recheck_20260713/tcga_65/tcga_labeled_hybrid_formal_summary.md","678"
"reports/validation_recheck_20260713/VALIDATION_AUDIT.md","3003"
"reports/validation_recheck_20260713/web_core_ahba/web_core_ahba_sample_detail.csv","80073"
"reports/validation_recheck_20260713/web_core_ahba/web_core_ahba_summary.json","516"
"reports/validation_recheck_20260713/web_core_tcga/web_core_tcga_sample_detail.csv","11277"
"reports/validation_recheck_20260713/web_core_tcga/web_core_tcga_summary.json","299"
"reports/validation_recheck_20260713_canonical110/ahba/ahba_formal_three_tier_accuracy.png","71163"
"reports/validation_recheck_20260713_canonical110/ahba/ahba_formal_three_tier_metrics.csv","897"
"reports/validation_recheck_20260713_canonical110/ahba/ahba_formal_three_tier_resolution_audit.csv","30415782"
"reports/validation_recheck_20260713_canonical110/ahba/ahba_formal_three_tier_sample_detail.csv","524272"
"reports/validation_recheck_20260713_canonical110/ahba/ahba_formal_three_tier_special_labels.csv","1391"
"reports/validation_recheck_20260713_canonical110/ahba/ahba_formal_three_tier_summary.json","6947"
"reports/validation_recheck_20260713_canonical110/ahba/ahba_formal_three_tier_summary.md","664"
"reports/validation_recheck_20260713_canonical110/ahba/ahba_technical_replicate_collapse_audit.csv","19527"
"reports/validation_recheck_20260713_canonical110/donor_cluster_inference/donor_clustered_loso_lomo_summary.csv","3392"
"reports/validation_recheck_20260713_canonical110/donor_cluster_inference/donor_level_endpoint_metrics.csv","2059"
"reports/validation_recheck_20260713_canonical110/donor_cluster_inference/STATISTICAL_METHODS.json","704"
"reports/validation_recheck_20260713_canonical110/donor_input/formal_lomo_exact_region_detail.csv","686186"
"reports/validation_recheck_20260713_canonical110/donor_input/formal_lomo_locked_route/formal_lomo_exact_region_detail.csv","686186"
"reports/validation_recheck_20260713_canonical110/donor_input/formal_lomo_locked_route/formal_lomo_network_detail.csv","644436"
"reports/validation_recheck_20260713_canonical110/donor_input/formal_lomo_locked_route/formal_lomo_resolution_group_detail.csv","1721144"
"reports/validation_recheck_20260713_canonical110/donor_input/formal_lomo_network_detail.csv","644436"
"reports/validation_recheck_20260713_canonical110/donor_input/formal_lomo_resolution_group_detail.csv","1721144"
"reports/validation_recheck_20260713_canonical110/donor_input/formal_loso_locked_route/hybrid_formal_loso_exact_region_detail.csv","184060"
"reports/validation_recheck_20260713_canonical110/donor_input/formal_loso_locked_route/hybrid_formal_loso_network_detail.csv","131235"
"reports/validation_recheck_20260713_canonical110/donor_input/formal_loso_locked_route/hybrid_formal_loso_resolution_group_detail.csv","438343"
"reports/validation_recheck_20260713_canonical110/donor_input/hybrid_formal_loso_exact_region_detail.csv","184060"
"reports/validation_recheck_20260713_canonical110/donor_input/hybrid_formal_loso_network_detail.csv","131235"
"reports/validation_recheck_20260713_canonical110/donor_input/hybrid_formal_loso_resolution_group_detail.csv","438343"
"reports/validation_recheck_20260713_canonical110/exact_region_gene_count_variants/exact_region_gene_count_variants.pdf","22890"
"reports/validation_recheck_20260713_canonical110/exact_region_gene_count_variants/exact_region_gene_count_variants.png","98223"
"reports/validation_recheck_20260713_canonical110/exact_region_gene_count_variants/exact_region_gene_count_variants_report.md","1199"
"reports/validation_recheck_20260713_canonical110/exact_region_gene_count_variants/fold_gene_count_summary.csv","58406"
"reports/validation_recheck_20260713_canonical110/exact_region_gene_count_variants/route_metrics.csv","1302"
"reports/validation_recheck_20260713_canonical110/exact_region_gene_count_variants/top3_beam_local_top100_genes_detail.csv","98194"
"reports/validation_recheck_20260713_canonical110/exact_region_gene_count_variants/top3_beam_local_top1000_genes_detail.csv","99058"
"reports/validation_recheck_20260713_canonical110/exact_region_gene_count_variants/top3_beam_local_top200_genes_detail.csv","98255"
"reports/validation_recheck_20260713_canonical110/exact_region_gene_count_variants/top3_beam_local_top300_genes_detail.csv","98266"
"reports/validation_recheck_20260713_canonical110/exact_region_gene_count_variants/top3_beam_local_top50_genes_detail.csv","97382"
"reports/validation_recheck_20260713_canonical110/exact_region_gene_count_variants/top3_beam_local_top50_top100_zfusion_w0p25_detail.csv","109593"
"reports/validation_recheck_20260713_canonical110/exact_region_gene_count_variants/top3_beam_local_top50_top100_zfusion_w0p5_detail.csv","108786"
"reports/validation_recheck_20260713_canonical110/exact_region_gene_count_variants/top3_beam_local_top50_top100_zfusion_w0p75_detail.csv","109607"
"reports/validation_recheck_20260713_canonical110/exact_region_gene_count_variants/top3_beam_local_top500_genes_detail.csv","98308"
"reports/validation_recheck_20260713_canonical110/exact_region_gene_count_variants/validation_summary.json","6357"
"reports/validation_recheck_20260713_canonical110/lomo/formal_lomo_exact_region_detail.csv","686186"
"reports/validation_recheck_20260713_canonical110/lomo/formal_lomo_exact_region_per_monkey_metrics.csv","2415"
"reports/validation_recheck_20260713_canonical110/lomo/formal_lomo_exact_region_route_metrics.csv","810"
"reports/validation_recheck_20260713_canonical110/lomo/formal_lomo_fold_summary.csv","769"
"reports/validation_recheck_20260713_canonical110/lomo/formal_lomo_network_detail.csv","644436"
"reports/validation_recheck_20260713_canonical110/lomo/formal_lomo_network_per_monkey_metrics.csv","2636"
"reports/validation_recheck_20260713_canonical110/lomo/formal_lomo_network_route_metrics.csv","683"
"reports/validation_recheck_20260713_canonical110/lomo/formal_lomo_region_unsupported_samples.csv","821"
"reports/validation_recheck_20260713_canonical110/lomo/formal_lomo_resolution_group_detail.csv","1721144"
"reports/validation_recheck_20260713_canonical110/lomo/formal_lomo_resolution_group_per_monkey_metrics.csv","3853"
"reports/validation_recheck_20260713_canonical110/lomo/formal_lomo_resolution_group_route_metrics.csv","1289"
"reports/validation_recheck_20260713_canonical110/lomo/formal_lomo_validation_summary.json","8581"
"reports/validation_recheck_20260713_canonical110/loso/hybrid_formal_loso_exact_region_detail.csv","184060"
"reports/validation_recheck_20260713_canonical110/loso/hybrid_formal_loso_exact_region_route_metrics.csv","285"
"reports/validation_recheck_20260713_canonical110/loso/hybrid_formal_loso_fold_summary.csv","32186"
"reports/validation_recheck_20260713_canonical110/loso/hybrid_formal_loso_network_detail.csv","131235"
"reports/validation_recheck_20260713_canonical110/loso/hybrid_formal_loso_network_route_metrics.csv","174"
"reports/validation_recheck_20260713_canonical110/loso/hybrid_formal_loso_region_unsupported_samples.csv","614"
"reports/validation_recheck_20260713_canonical110/loso/hybrid_formal_loso_resolution_group_detail.csv","438343"
"reports/validation_recheck_20260713_canonical110/loso/hybrid_formal_loso_resolution_group_route_metrics.csv","531"
"reports/validation_recheck_20260713_canonical110/loso/hybrid_formal_loso_summary.json","2247"
"reports/validation_recheck_20260713_canonical110/loso_lambda_0p50/hybrid_formal_loso_exact_region_detail.csv","184051"
"reports/validation_recheck_20260713_canonical110/loso_lambda_0p50/hybrid_formal_loso_exact_region_route_metrics.csv","286"
"reports/validation_recheck_20260713_canonical110/loso_lambda_0p50/hybrid_formal_loso_fold_summary.csv","32186"
"reports/validation_recheck_20260713_canonical110/loso_lambda_0p50/hybrid_formal_loso_network_detail.csv","131235"
"reports/validation_recheck_20260713_canonical110/loso_lambda_0p50/hybrid_formal_loso_network_route_metrics.csv","174"
"reports/validation_recheck_20260713_canonical110/loso_lambda_0p50/hybrid_formal_loso_region_unsupported_samples.csv","614"
"reports/validation_recheck_20260713_canonical110/loso_lambda_0p50/hybrid_formal_loso_resolution_group_detail.csv","438343"
"reports/validation_recheck_20260713_canonical110/loso_lambda_0p50/hybrid_formal_loso_resolution_group_route_metrics.csv","531"
"reports/validation_recheck_20260713_canonical110/loso_lambda_0p50/hybrid_formal_loso_summary.json","2340"
"reports/validation_recheck_20260713_canonical110/loso_lambda_0p75/hybrid_formal_loso_exact_region_detail.csv","184049"
"reports/validation_recheck_20260713_canonical110/loso_lambda_0p75/hybrid_formal_loso_exact_region_route_metrics.csv","286"
"reports/validation_recheck_20260713_canonical110/loso_lambda_0p75/hybrid_formal_loso_fold_summary.csv","32186"
"reports/validation_recheck_20260713_canonical110/loso_lambda_0p75/hybrid_formal_loso_network_detail.csv","131235"
"reports/validation_recheck_20260713_canonical110/loso_lambda_0p75/hybrid_formal_loso_network_route_metrics.csv","174"
"reports/validation_recheck_20260713_canonical110/loso_lambda_0p75/hybrid_formal_loso_region_unsupported_samples.csv","614"
"reports/validation_recheck_20260713_canonical110/loso_lambda_0p75/hybrid_formal_loso_resolution_group_detail.csv","438343"
"reports/validation_recheck_20260713_canonical110/loso_lambda_0p75/hybrid_formal_loso_resolution_group_route_metrics.csv","531"
"reports/validation_recheck_20260713_canonical110/loso_lambda_0p75/hybrid_formal_loso_summary.json","2340"
"reports/validation_recheck_20260713_canonical110/sparse_sensitivity/P0_4_METHODS.json","1351"
"reports/validation_recheck_20260713_canonical110/sparse_sensitivity/p0_4_sparse_sensitivity_curves.png","206213"
"reports/validation_recheck_20260713_canonical110/sparse_sensitivity/p0_4_sparse_sensitivity_sample_detail.csv","1608131"
"reports/validation_recheck_20260713_canonical110/sparse_sensitivity/p0_4_sparse_sensitivity_summary.csv","4343"
"reports/validation_recheck_20260713_canonical110/VALIDATION_AUDIT.md","2141"
"reports/validation_recheck_20260713_canonical110/web_core_ahba/web_core_ahba_sample_detail.csv","79387"
"reports/validation_recheck_20260713_canonical110/web_core_ahba/web_core_ahba_summary.json","517"
"reproduce_all.ps1","6903"
"REPRODUCE_TEACHER_PACKAGE.md","2994"
"requirements.txt","136"
"requirements-repro.txt","100"
"results/archived_tcga_brats/brats_tcga_lgg_65_mri_truth_corrected_20260612/corrected_accuracy_metrics.csv","503"
"results/archived_tcga_brats/brats_tcga_lgg_65_mri_truth_corrected_20260612/corrected_direct_overlap_mri_truth.csv","99961"
"results/archived_tcga_brats/brats_tcga_lgg_65_mri_truth_corrected_20260612/corrected_truth_summary.json","2211"
"results/archived_tcga_brats/brats_tcga_lgg_65_mri_truth_evaluation_20260609/brats_tcga_lgg_65_accuracy_metrics.csv","9483"
"results/archived_tcga_brats/brats_tcga_lgg_65_mri_truth_evaluation_20260609/brats_tcga_lgg_65_evaluation_summary.json","1476"
"results/archived_tcga_brats/brats_tcga_lgg_65_mri_truth_evaluation_20260609/brats_tcga_lgg_65_mri_truth_and_predictions.csv","315441"
"results/archived_tcga_brats/brats_tcga_lgg_65_mri_truth_evaluation_20260609/brats_tcga_lgg_65_network_distribution.png","47547"
"results/archived_tcga_brats/brats_tcga_lgg_65_mri_truth_evaluation_20260609/brats_tcga_lgg_65_primary_accuracy.png","47260"
"results/archived_tcga_brats/brats_tcga_lgg_65_mri_truth_evaluation_20260609/network_top1_confusion_matrix.csv","534"
"results/archived_tcga_brats/brats_tcga_lgg_65_mri_truth_evaluation_20260609/sri24_tzo116_resampled_to_brats.nii.gz","545240"
"results/archived_tcga_brats/brats_tcga_lgg_65_mri_truth_evaluation_20260609/TCGA_LGG_65_MRI_RNAseq_tracing_evaluation_report.docx","120306"
"results/archived_tcga_brats/brats_tcga_lgg_65_mri_truth_evaluation_20260609/TCGA_LGG_65_MRI_RNAseq_tracing_evaluation_report.md","7222"
"results/archived_tcga_brats/brats_tcga_lgg_65_mri_truth_evaluation_20260609/TCGA_LGG_65_MRI_RNAseq_tracing_evaluation_report.pdf","476261"
"results/archived_tcga_brats/brats_tcga_lgg_65_mri_truth_qc_audit_20260612/montages/TCGA-CS-6186_flair_seg_atlas.png","333046"
"results/archived_tcga_brats/brats_tcga_lgg_65_mri_truth_qc_audit_20260612/montages/TCGA-CS-6188_flair_seg_atlas.png","324500"
"results/archived_tcga_brats/brats_tcga_lgg_65_mri_truth_qc_audit_20260612/montages/TCGA-DU-7008_flair_seg_atlas.png","335242"
"results/archived_tcga_brats/brats_tcga_lgg_65_mri_truth_qc_audit_20260612/montages/TCGA-DU-8167_flair_seg_atlas.png","379397"
"results/archived_tcga_brats/brats_tcga_lgg_65_mri_truth_qc_audit_20260612/montages/TCGA-HT-7680_flair_seg_atlas.png","300124"
"results/archived_tcga_brats/brats_tcga_lgg_65_mri_truth_qc_audit_20260612/montages/TCGA-HT-7879_flair_seg_atlas.png","353098"
"results/archived_tcga_brats/brats_tcga_lgg_65_mri_truth_qc_audit_20260612/mri_atlas_truth_qc_summary.json","943"
"results/archived_tcga_brats/brats_tcga_lgg_65_mri_truth_qc_audit_20260612/MRI_SEGMENTATION_ATLAS_TRUTH_AUDIT_REPORT.md","5954"
"results/archived_tcga_brats/brats_tcga_lgg_65_mri_truth_qc_audit_20260612/patient_level_mri_atlas_truth_qc.csv","34457"
"results/archived_tcga_brats/brats_tcga_lgg_65_mri_truth_qc_audit_20260612/truth_derivation_review_cases.csv","6679"
"results/archived_tcga_brats/brats_tcga_lgg_training_65_audit_20260609/brats_tcga_lgg_training_65_audit_summary.json","775"
"results/archived_tcga_brats/brats_tcga_lgg_training_65_audit_20260609/brats_tcga_lgg_training_65_patient_audit.csv","67283"
"results/archived_tcga_brats/brats_tcga_lgg_training_65_audit_20260609/brats_tcga_lgg_training_65_rnaseq_matched_tracing.csv","84612"
"results/archived_tcga_brats/tcga_gbm_lgg_project_centroid_tracing_20260602/tcga_gbm_lgg_project_centroid_network_tracing.csv","1553"
"results/archived_tcga_brats/tcga_gbm_lgg_project_centroid_tracing_20260602/tcga_gbm_lgg_project_centroid_region_tracing.csv","3822"
"results/archived_tcga_brats/tcga_gbm_lgg_project_centroid_tracing_20260602/tcga_gbm_lgg_project_centroid_tracing_meta.json","9739"
"results/archived_tcga_brats/tcga_gbm_lgg_project_centroid_tracing_20260602/tcga_gbm_lgg_project_centroid_tracing_summary.csv","436"
"results/archived_tcga_brats/tcga_gbm_lgg_project_centroid_tracing_margin0p002_20260604/tcga_gbm_lgg_project_centroid_network_tracing.csv","1553"
"results/archived_tcga_brats/tcga_gbm_lgg_project_centroid_tracing_margin0p002_20260604/tcga_gbm_lgg_project_centroid_region_tracing.csv","3822"
"results/archived_tcga_brats/tcga_gbm_lgg_project_centroid_tracing_margin0p002_20260604/tcga_gbm_lgg_project_centroid_tracing_meta.json","10723"
"results/archived_tcga_brats/tcga_gbm_lgg_project_centroid_tracing_margin0p002_20260604/tcga_gbm_lgg_project_centroid_tracing_summary.csv","436"
"results/archived_tcga_brats/tcga_gbm_lgg_sample_mri_label_tracing_20260605/tcga_gbm_lgg_sample_mri_label_evaluation_metrics.json","17556"
"results/archived_tcga_brats/tcga_gbm_lgg_sample_mri_label_tracing_20260605/tcga_gbm_lgg_sample_mri_label_tracing_summary.csv","216186"
"results/archived_tcga_brats/tcga_gbm_lgg_sample_mri_label_tracing_20260605/tcga_gbm_lgg_sample_network_tracing.csv","774974"
"results/archived_tcga_brats/tcga_gbm_lgg_sample_mri_label_tracing_20260605/tcga_gbm_lgg_sample_region_tracing.csv","2952356"
"results/archived_tcga_brats/tcga_gbm_lgg_sample_mri_label_tracing_20260605/tcga_gbm_lgg_sample_tracing_meta.json","9882121"
"results/archived_tcga_brats/tcga_gbm_lgg_sample_mri_label_tracing_smoke_20260605/tcga_gbm_lgg_sample_mri_label_evaluation_metrics.json","857"
"results/archived_tcga_brats/tcga_gbm_lgg_sample_mri_label_tracing_smoke_20260605/tcga_gbm_lgg_sample_mri_label_tracing_summary.csv","1672"
"results/archived_tcga_brats/tcga_gbm_lgg_sample_mri_label_tracing_smoke_20260605/tcga_gbm_lgg_sample_network_tracing.csv","4924"
"results/archived_tcga_brats/tcga_gbm_lgg_sample_mri_label_tracing_smoke_20260605/tcga_gbm_lgg_sample_region_tracing.csv","19099"
"results/archived_tcga_brats/tcga_gbm_lgg_sample_mri_label_tracing_smoke_20260605/tcga_gbm_lgg_sample_tracing_meta.json","62045"
"results/archived_tcga_brats/tcga_gbm_lgg_sample_mri_label_tracing_smoke10_20260605/tcga_gbm_lgg_sample_mri_label_evaluation_metrics.json","964"
"results/archived_tcga_brats/tcga_gbm_lgg_sample_mri_label_tracing_smoke10_20260605/tcga_gbm_lgg_sample_mri_label_tracing_summary.csv","3055"
"results/archived_tcga_brats/tcga_gbm_lgg_sample_mri_label_tracing_smoke10_20260605/tcga_gbm_lgg_sample_network_tracing.csv","9763"
"results/archived_tcga_brats/tcga_gbm_lgg_sample_mri_label_tracing_smoke10_20260605/tcga_gbm_lgg_sample_region_tracing.csv","36660"
"results/archived_tcga_brats/tcga_gbm_lgg_sample_mri_label_tracing_smoke10_20260605/tcga_gbm_lgg_sample_tracing_meta.json","123646"
"results/archived_tcga_brats/tcga_gbm_vs_lgg_network_domain_shift_20260609/analysis_summary.json","1729"
"results/archived_tcga_brats/tcga_gbm_vs_lgg_network_domain_shift_20260609/group_statistical_tests.csv","2533"
"results/archived_tcga_brats/tcga_gbm_vs_lgg_network_domain_shift_20260609/low_confidence_threshold_sensitivity.csv","1625"
"results/archived_tcga_brats/tcga_gbm_vs_lgg_network_domain_shift_20260609/network_distribution_comparison.csv","3340"
"results/archived_tcga_brats/tcga_gbm_vs_lgg_network_domain_shift_20260609/patient_level_metrics.csv","155185"
"results/archived_tcga_brats/tcga_gbm_vs_lgg_network_domain_shift_20260609/patient_level_network_probabilities.csv","752422"
"results/archived_tcga_brats/tcga_gbm_vs_lgg_network_domain_shift_20260609/patient_low_confidence_threshold_sensitivity.pdf","15719"
"results/archived_tcga_brats/tcga_gbm_vs_lgg_network_domain_shift_20260609/patient_low_confidence_threshold_sensitivity.png","61834"
"results/archived_tcga_brats/tcga_gbm_vs_lgg_network_domain_shift_20260609/patient_mean_network_probability_heatmap.pdf","23601"
"results/archived_tcga_brats/tcga_gbm_vs_lgg_network_domain_shift_20260609/patient_mean_network_probability_heatmap.png","184023"
"results/archived_tcga_brats/tcga_gbm_vs_lgg_network_domain_shift_20260609/patient_normalized_entropy.pdf","27049"
"results/archived_tcga_brats/tcga_gbm_vs_lgg_network_domain_shift_20260609/patient_normalized_entropy.png","101961"
"results/archived_tcga_brats/tcga_gbm_vs_lgg_network_domain_shift_20260609/patient_probability_margin.pdf","26103"
"results/archived_tcga_brats/tcga_gbm_vs_lgg_network_domain_shift_20260609/patient_probability_margin.png","102148"
"results/archived_tcga_brats/tcga_gbm_vs_lgg_network_domain_shift_20260609/patient_raw_score_margin.pdf","26452"
"results/archived_tcga_brats/tcga_gbm_vs_lgg_network_domain_shift_20260609/patient_raw_score_margin.png","97895"
"results/archived_tcga_brats/tcga_gbm_vs_lgg_network_domain_shift_20260609/patient_sample_effect_consistency.pdf","14220"
"results/archived_tcga_brats/tcga_gbm_vs_lgg_network_domain_shift_20260609/patient_sample_effect_consistency.png","92534"
"results/archived_tcga_brats/tcga_gbm_vs_lgg_network_domain_shift_20260609/patient_top1_network_distribution.pdf","19712"
"results/archived_tcga_brats/tcga_gbm_vs_lgg_network_domain_shift_20260609/patient_top1_network_distribution.png","103462"
"results/archived_tcga_brats/tcga_gbm_vs_lgg_network_domain_shift_20260609/sample_level_metrics.csv","158573"
"results/archived_tcga_brats/tcga_gbm_vs_lgg_network_domain_shift_20260609/sample_top1_network_distribution.pdf","19703"
"results/archived_tcga_brats/tcga_gbm_vs_lgg_network_domain_shift_20260609/sample_top1_network_distribution.png","103681"
"results/archived_tcga_brats/tcga_gbm_vs_lgg_network_domain_shift_20260609/tcga_gbm_vs_lgg_domain_shift_report_cn.md","1871"
"results/archived_tcga_brats/tcga_lgg_65_broad_anatomy_output_20260613/broad_anatomy_accuracy_metrics.csv","1572"
"results/archived_tcga_brats/tcga_lgg_65_broad_anatomy_output_20260613/corrected_network_accuracy_by_route.csv","947"
"results/archived_tcga_brats/tcga_lgg_65_broad_anatomy_output_20260613/human_sample_broad_anatomy_predictions.csv","93900"
"results/archived_tcga_brats/tcga_lgg_65_tumor_adapted_network_20260612/candidate_gene_domain_filter_audit.csv","191744"
"results/archived_tcga_brats/tcga_lgg_65_tumor_adapted_network_20260612/nested_calibration_choices.csv","3527"
"results/archived_tcga_brats/tcga_lgg_65_tumor_adapted_network_20260612/route_ablation_metrics.csv","824"
"results/archived_tcga_brats/tcga_lgg_65_tumor_adapted_network_20260612/tcga_lgg_65_tumor_adapted_predictions.csv","48958"
"results/archived_tcga_brats/tcga_lgg_65_tumor_adapted_network_20260612/tumor_adapted_evaluation_summary.json","4498"
"results/archived_tcga_brats/tcga_lgg_65_tumor_adapted_network_20260612/tumor_adapted_network_genes.csv","40449"
"results/archived_tcga_brats/tcga_lgg_65_tumor_adapted_network_20260612/tumor_adapted_route_report.md","4052"
"results/archived_tcga_brats/tcga_lgg_65_tumor_adapted_network_no_hallmark_20260612/candidate_gene_domain_filter_audit.csv","191804"
"results/archived_tcga_brats/tcga_lgg_65_tumor_adapted_network_no_hallmark_20260612/nested_calibration_choices.csv","3616"
"results/archived_tcga_brats/tcga_lgg_65_tumor_adapted_network_no_hallmark_20260612/route_ablation_metrics.csv","802"
"results/archived_tcga_brats/tcga_lgg_65_tumor_adapted_network_no_hallmark_20260612/tcga_lgg_65_tumor_adapted_predictions.csv","49414"
"results/archived_tcga_brats/tcga_lgg_65_tumor_adapted_network_no_hallmark_20260612/tumor_adapted_evaluation_summary.json","4660"
"results/archived_tcga_brats/tcga_lgg_65_tumor_adapted_network_no_hallmark_20260612/tumor_adapted_network_genes.csv","40527"
"results/archived_tcga_brats/tcga_rnaseq_tcia_mri_collection_match_20260605/tcga_rnaseq_patient_to_tcia_mri_match.csv","171254"
"results/archived_tcga_brats/tcga_rnaseq_tcia_mri_collection_match_20260605/tcga_rnaseq_patients_recommended_for_download_and_segmentation.csv","58492"
"results/archived_tcga_brats/tcga_rnaseq_tcia_mri_collection_match_20260605/tcga_rnaseq_patients_with_mri.csv","84295"
"results/archived_tcga_brats/tcga_rnaseq_tcia_mri_collection_match_20260605/tcga_rnaseq_patients_without_mri.csv","87294"
"results/archived_tcga_brats/tcga_rnaseq_tcia_mri_collection_match_20260605/tcga_rnaseq_tcia_mri_match_summary.json","1607"
"results/archived_tcga_brats/tcga_rnaseq_tcia_mri_collection_match_20260605/tcia_gbm_lgg_patient_mri_summary.csv","115920"
"results/archived_tcga_brats/tcga_rnaseq_tcia_mri_collection_match_20260605/tcia_gbm_lgg_series_with_modality_flags.csv","613113"
"results/archived_tcga_brats/tcga_tracing_tcia_mri_matched_patients_20260605/tcga_tracing_for_105_segmentation_ready_patients.csv","71239"
"results/archived_tcga_brats/tcga_tracing_tcia_mri_matched_patients_20260605/tcga_tracing_for_156_mri_matched_patients.csv","105153"
"results/archived_tcga_brats/tcga_tracing_tcia_mri_matched_patients_20260605/tcga_tracing_for_73_complete_brats4_patients.csv","49479"
"results/archived_tcga_brats/tcga_tracing_tcia_mri_matched_patients_20260605/tcga_tracing_tcia_mri_matched_summary.json","2651"
"results/brats_tcga_lgg_65_mri_truth_corrected_20260612/corrected_direct_overlap_mri_truth.csv","91500"
"results/brats_tcga_lgg_training_65_audit_20260609/brats_tcga_lgg_training_65_patient_audit.csv","28242"
"results/gse189919_latest_main_route_20260708/gse189919_latest_main_route_full_outputs.jsonl","1515813"
"results/gse189919_latest_main_route_20260708/gse189919_latest_main_route_network_rankings.csv","41561"
"results/gse189919_latest_main_route_20260708/gse189919_latest_main_route_network_top1_by_group_distribution.csv","341"
"results/gse189919_latest_main_route_20260708/gse189919_latest_main_route_network_top1_distribution.csv","341"
"results/gse189919_latest_main_route_20260708/gse189919_latest_main_route_region_rankings.csv","514702"
"results/gse189919_latest_main_route_20260708/gse189919_latest_main_route_region_top1_by_group_distribution.csv","293"
"results/gse189919_latest_main_route_20260708/gse189919_latest_main_route_region_top1_distribution.csv","293"
"results/gse189919_latest_main_route_20260708/GSE189919_LATEST_MAIN_ROUTE_REPORT.md","2278"
"results/gse189919_latest_main_route_20260708/gse189919_latest_main_route_resolution_group_rankings.csv","80778"
"results/gse189919_latest_main_route_20260708/gse189919_latest_main_route_resolution_group_top1_by_group_distribution.csv","734"
"results/gse189919_latest_main_route_20260708/gse189919_latest_main_route_sample_summary.csv","25602"
"results/gse189919_latest_main_route_20260708/gse189919_latest_main_route_three_tier_top3_summary.csv","14702"
"results/gse189919_latest_main_route_20260708/GSE189919_latest_main_route_中文整理报告.md","5680"
"results/gse189919_latest_main_route_20260708/gse189919_sample_metadata.csv","3650"
"results/gse189919_latest_main_route_20260708/manifest.json","1411"
"results/gse189919_latest_main_route_20260708/run_gse189919_latest_main_route.py","16246"
"results/gse189919_mb_signature_network_correlation_20260709/gse189919_mb_signature_gene_coverage.csv","297"
"results/gse189919_mb_signature_network_correlation_20260709/GSE189919_MB_signature_network_correlation_report.md","4236"
"results/gse189919_mb_signature_network_correlation_20260709/gse189919_mb_signature_scores.csv","6772"
"results/gse189919_mb_signature_network_correlation_20260709/gse189919_network_score_matrix.csv","10521"
"results/gse189919_mb_signature_network_correlation_20260709/gse189919_signature_covariate_spearman.csv","1695"
"results/gse189919_mb_signature_network_correlation_20260709/gse189919_signature_mb_vs_normal.csv","836"
"results/gse189919_mb_signature_network_correlation_20260709/gse189919_signature_network_spearman.csv","6234"
"results/gse189919_mb_signature_network_correlation_20260709/gse189919_signature_network_spearman_heatmap.png","202519"
"results/gse189919_mb_signature_network_correlation_20260709/run_metadata.json","850"
"results/gse189919_mb_signature_network_residualized_correlation_20260709/gse189919_network_score_residuals.csv","11639"
"results/gse189919_mb_signature_network_residualized_correlation_20260709/GSE189919_residualized_signature_network_correlation_report.md","6984"
"results/gse189919_mb_signature_network_residualized_correlation_20260709/gse189919_signature_network_residualized_spearman.csv","7675"
"results/gse189919_mb_signature_network_residualized_correlation_20260709/gse189919_signature_network_residualized_spearman_heatmap.png","205392"
"results/gse189919_mb_signature_network_residualized_correlation_20260709/gse189919_signature_score_residuals.csv","6912"
"results/gse189919_mb_signature_network_residualized_correlation_20260709/GSE189919_subgroup_candidate_plain_language_summary.md","3596"
"results/gse189919_mb_signature_network_residualized_correlation_20260709/run_metadata.json","622"
"sample_regions.csv","2423"
"scripts/add_supplementary_sparse_donor_tables.py","6062"
"scripts/analyze_bo2023_lomo_optimization_audits.py","8153"
"scripts/analyze_p0_7_ahba_mapping_leniency.py","9273"
"scripts/analyze_p0_donor_cluster_inference.py","11325"
"scripts/analyze_tcga_gbm_lgg_network_domain_shift.py","27162"
"scripts/apply_projected_vsd_to_external_counts.py","4406"
"scripts/apply_tcga_denominator_correction.py","3542"
"scripts/benchmark_real_input_inference.py","23585"
"scripts/build_bo2023_atlas_from_wang_matrix.py","19044"
"scripts/build_bo2023_formal_region_assets.py","5236"
"scripts/build_bo2023_network_model.py","4306"
"scripts/build_bo2023_network_pairwise_rescue_model.py","7107"
"scripts/build_bo2023_reference_projector.py","8507"
"scripts/build_bo2023_tpm_atlas_from_counts.py","15477"
"scripts/build_corrected_brats_mri_truth.py","8595"
"scripts/build_marker_candidates_v1.py","8262"
"scripts/build_processed_reference_v1.py","13632"
"scripts/build_reference_manifest.py","3292"
"scripts/build_reference_projection_test_report_pdf.py","22888"
"scripts/build_sqlite_reference_db_v1.py","5803"
"scripts/calibrate_bo2023_region_group_plausibility.py","4634"
"scripts/clarify_cluster_bh_reporting.py","5746"
"scripts/clean_bo2023_gene_map.py","2314"
"scripts/compute_gene_exon_union_length_from_gtf.py","8246"
"scripts/curate_bo2023_publication_labels.py","21106"
"scripts/evaluate_brats_tcga_lgg_65_mri_truth.py","20549"
"scripts/evaluate_ivy_gap_tracing_with_bo2023_mapping.py","7126"
"scripts/export_ahba_external_validation_figures.py","3177"
"scripts/export_bioinformatics_publication_tables.py","8277"
"scripts/export_bo2023_loso_lomo_summary_figures.py","14166"
"scripts/export_bo2023_public_anatomical_label_mapping.py","11231"
"scripts/export_bo2023_upload_samples.py","6644"
"scripts/generate_p0_hard_evidence.py","25878"
"scripts/generate_p0_marker_methodology.py","12949"
"scripts/generate_p1_consistency_diagnostics.py","28836"
"scripts/generate_p2_publication_completeness.py","18109"
"scripts/import_human_processed_atlas_to_main_db.py","6853"
"scripts/plot_reference_projection_results.py","10446"
"scripts/prepare_bo2023_vsd_metadata.py","1376"
"scripts/qc_reference_downloads.py","7936"
"scripts/refresh_publication_figure_source_data.py","7798"
"scripts/remap_bo2023_publication_result_labels.py","5499"
"scripts/run_ahba_human_rnaseq_external_validation.py","20501"
"scripts/run_ahba_projected_vsd_external_validation.py","17727"
"scripts/run_ahba_projected_vsd_formal_three_tier_external.py","28123"
"scripts/run_bo2023_correlation_marker_routes_validation.py","27683"
"scripts/run_bo2023_discriminative_correlation_validation.py","16055"
"scripts/run_bo2023_exact_region_gene_count_variants.py","15747"
"scripts/run_bo2023_exact_region_top5_conservative_rerank.py","21403"
"scripts/run_bo2023_group_aggregate_scoring_validation.py","13503"
"scripts/run_bo2023_group_network_probability_fusion_validation.py","16029"
"scripts/run_bo2023_group_pairwise_rescue_validation.py","25495"
"scripts/run_bo2023_group_specific_correlation_validation.py","19675"
"scripts/run_bo2023_hierarchical_region_correlation_validation.py","28875"
"scripts/run_bo2023_hybrid_formal_loso.py","18373"
"scripts/run_bo2023_leave_one_monkey_out_validation.py","24763"
"scripts/run_bo2023_lomo_network_normalization_screen.py","12152"
"scripts/run_bo2023_loso_validation.py","24592"
"scripts/run_bo2023_network_correlation_validation.py","14931"
"scripts/run_bo2023_network_multiview_fusion_screen.py","12392"
"scripts/run_bo2023_network_normalization_loso_screen.py","9350"
"scripts/run_bo2023_network_pairwise_correlation_validation.py","21188"
"scripts/run_bo2023_network_pairwise_margin_threshold_screen.py","4456"
"scripts/run_bo2023_network_regularized_centroid_screen.py","14567"
"scripts/run_bo2023_pairwise_marker_annotation_validation.py","26500"
"scripts/run_bo2023_projected_vsd_exact_region.py","10874"
"scripts/run_bo2023_projected_vsd_formal_lomo.py","23659"
"scripts/run_bo2023_projected_vsd_lomo.py","6990"
"scripts/run_bo2023_projected_vsd_loso.py","7317"
"scripts/run_bo2023_projected_vsd_region_local_rerank.py","19511"
"scripts/run_bo2023_region_multicenter_validation.py","21394"
"scripts/run_bo2023_region_soft_fusion_pairwise_nested_validation.py","28681"
"scripts/run_bo2023_resolution_group_rule_variants.py","23400"
"scripts/run_bo2023_resolution_tier_validation.py","34546"
"scripts/run_bo2023_v2_loso_validation.py","23488"
"scripts/run_gse189919_latest_main_route.py","17306"
"scripts/run_huang2025_external_candidate.py","27954"
"scripts/run_p0_4_sparse_domain_shift_sensitivity.py","27467"
"scripts/run_tcga_labeled_hybrid_formal_external.py","19968"
"scripts/score_ivy_gap_anatomic_rnaseq_samples.py","13808"
"scripts/score_tcga_gbm_lgg_project_centroids.py","4241"
"scripts/score_tcga_gbm_lgg_sample_tracing_with_mri_labels.py","11521"
"scripts/stage_validation_data_under_tests.py","5498"
"scripts/summarize_tracing_for_tcia_mri_matched_patients.py","4481"
"scripts/update_supplementary_methods_results_p0.py","13736"
"signature_builder.py","9568"
"source_tracing.py","12543"
"source_tracing_v2.py","46726"
"streamlit_app.py","78"
"tests/test_atlas_id_routing.py","1751"
"tests/test_bo2023_metadata.py","1521"
"tests/test_bo2023_resolution_group_outputs.py","2361"
"tests/test_bo2023_secondary_region_tracing.py","12414"
"tests/test_correlation_marker_routes.py","1611"
"tests/test_data_processor_qc_switch.py","5155"
"tests/test_discriminative_correlation.py","782"
"tests/test_gse189919_frozen_runner.py","2473"
"tests/test_huang2025_external_candidate.py","1730"
"tests/test_i18n.py","588"
"tests/test_locked_atlas_selection.py","1708"
"tests/test_model_lock.py","2633"
"tests/test_network_correlation.py","610"
"tests/test_network_primary_output.py","1765"
"tests/test_pairwise_marker_annotation.py","1847"
"tests/test_production_route_lock.py","4055"
"tests/test_public_demo_mode.py","2745"
"tests/test_r08_rf_fair_comparator.py","4607"
"tests/test_real_input_performance_harness.py","7187"
"tests/test_region_resolution_annotation.py","1982"
"tests/test_sparse_domain_shift_contract.py","4002"
"tests/test_upload_input_audit.py","6864"
"tests/test_upload_metadata_text_labels.py","635"
"tests/test_v2_vsd_adaptation.py","3827"
"validation_runs/huang2025_external_candidate_20260719/coarse_candidate_flags.csv","223"
"validation_runs/huang2025_external_candidate_20260719/exact_region_rankings.csv","1766622"
"validation_runs/huang2025_external_candidate_20260719/manifest.json","2698"
"validation_runs/huang2025_external_candidate_20260719/network_rankings.csv","146563"
"validation_runs/huang2025_external_candidate_20260719/network_top1_distribution.csv","638"
"validation_runs/huang2025_external_candidate_20260719/paired_csf_plasma_concordance.csv","6414"
"validation_runs/huang2025_external_candidate_20260719/paired_csf_plasma_summary.csv","839"
"validation_runs/huang2025_external_candidate_20260719/PROTOCOL.md","3990"
"validation_runs/huang2025_external_candidate_20260719/published_cohort_location_counts.csv","304"
"validation_runs/huang2025_external_candidate_20260719/REPRODUCIBILITY_AUDIT.md","832"
"validation_runs/huang2025_external_candidate_20260719/RESULTS.md","4136"
"validation_runs/huang2025_external_candidate_20260719/sample_summary.csv","65648"
"validation_runs/huang2025_external_candidate_20260719/tumor_control_comparisons.csv","1488"
"validation_runs/p1_8_real_input_performance_formal_20260717/RESULTS.md","3608"
"validation_runs/p1_8_real_input_performance_formal_20260717/SHA256SUMS.txt","183"
"validation_runs/p1_8_real_input_performance_formal_20260717/workload_51/manifest.json","5720"
"validation_runs/p1_8_real_input_performance_formal_20260717/workload_51/timing.csv","10261"
"validation_runs/p1_8_real_input_performance_gate_20260717/RESULTS_GATE.md","3104"
"validation_runs/p1_8_real_input_performance_gate_20260717/SHA256SUMS.txt","362"
"validation_runs/p1_8_real_input_performance_gate_20260717/workload_1/manifest.json","5639"
"validation_runs/p1_8_real_input_performance_gate_20260717/workload_1/timing.csv","313"
"validation_runs/p1_8_real_input_performance_gate_20260717/workload_8/manifest.json","5687"
"validation_runs/p1_8_real_input_performance_gate_20260717/workload_8/timing.csv","1679"
"validation_runs/p1_8_real_input_performance_smoke_20260716/manifest.json","2570"
"validation_runs/p1_8_real_input_performance_smoke_20260716/timing.csv","230"
"validation_runs/r02_small_donor_20260716/analyze_r02_small_donor.py","22152"
"validation_runs/r02_small_donor_20260716/donor_aware_summary.csv","2092"
"validation_runs/r02_small_donor_20260716/exact_sign_flip_tests.csv","622"
"validation_runs/r02_small_donor_20260716/EXECUTION_AND_QA.md","1871"
"validation_runs/r02_small_donor_20260716/input_audit.json","6191"
"validation_runs/r02_small_donor_20260716/paired_donor_differences.csv","3337"
"validation_runs/r02_small_donor_20260716/per_donor_metrics.csv","5086"
"validation_runs/r02_small_donor_20260716/PREREGISTRATION_REFERENCE.md","1346"
"validation_runs/r02_small_donor_20260716/results.json","9403"
"validation_runs/r02_small_donor_20260716/RESULTS.md","3772"
"validation_runs/r02_small_donor_20260716/SHA256SUMS.txt","888"
"validation_runs/r03b_sparse_domain_shift_20260716/PREREGISTRATION_AND_SMOKE.md","4233"
"validation_runs/r03c_sparse_domain_shift_20260717/FORMAL_SHA256SUMS.txt","802"
"validation_runs/r03c_sparse_domain_shift_20260717/RESULTS.md","4647"
"validation_runs/r08_high_feasibility_20260717/analyze_humanization.py","16738"
"validation_runs/r08_high_feasibility_20260717/analyze_internal_ahba.py","21318"
"validation_runs/r08_high_feasibility_20260717/audit_tcga_rf.py","13731"
"validation_runs/r08_high_feasibility_20260717/outputs/ahba/ahba_full_single_metrics.csv","2573"
"validation_runs/r08_high_feasibility_20260717/outputs/ahba/ahba_full_single_per_donor.csv","1248"
"validation_runs/r08_high_feasibility_20260717/outputs/ahba/input_and_gate_audit.json","1222"
"validation_runs/r08_high_feasibility_20260717/outputs/humanization/network_humanization_enrichment.csv","2053"
"validation_runs/r08_high_feasibility_20260717/outputs/humanization/network_top200_humanization.csv","22184"
"validation_runs/r08_high_feasibility_20260717/outputs/humanization/region_humanization_enrichment.csv","13579"
"validation_runs/r08_high_feasibility_20260717/outputs/humanization/results.json","2987"
"validation_runs/r08_high_feasibility_20260717/outputs/humanization/SHA256SUMS.txt","483"
"validation_runs/r08_high_feasibility_20260717/outputs/humanization/signature_humanization_8800.csv","1071037"
"validation_runs/r08_high_feasibility_20260717/outputs/internal/input_and_gate_audit.json","2506"
"validation_runs/r08_high_feasibility_20260717/outputs/internal/lomo_exact_top1_exploratory_counts.csv","25161"
"validation_runs/r08_high_feasibility_20260717/outputs/internal/lomo_exact_top1_exploratory_row_normalized.csv","52127"
"validation_runs/r08_high_feasibility_20260717/outputs/internal/lomo_exact_top1_exploratory_support_prediction_totals.csv","1069"
"validation_runs/r08_high_feasibility_20260717/outputs/internal/lomo_network_top1_counts.csv","721"
"validation_runs/r08_high_feasibility_20260717/outputs/internal/lomo_network_top1_row_normalized.csv","1736"
"validation_runs/r08_high_feasibility_20260717/outputs/internal/lomo_network_top1_support_prediction_totals.csv","354"
"validation_runs/r08_high_feasibility_20260717/outputs/internal/loso_exact_top1_exploratory_counts.csv","25161"
"validation_runs/r08_high_feasibility_20260717/outputs/internal/loso_exact_top1_exploratory_row_normalized.csv","52420"
"validation_runs/r08_high_feasibility_20260717/outputs/internal/loso_exact_top1_exploratory_support_prediction_totals.csv","1067"
"validation_runs/r08_high_feasibility_20260717/outputs/internal/loso_network_top1_counts.csv","718"
"validation_runs/r08_high_feasibility_20260717/outputs/internal/loso_network_top1_row_normalized.csv","1716"
"validation_runs/r08_high_feasibility_20260717/outputs/internal/loso_network_top1_support_prediction_totals.csv","354"
"validation_runs/r08_high_feasibility_20260717/outputs/internal/per_region_top1_top3.csv","43493"
"validation_runs/r08_high_feasibility_20260717/outputs/rf/audit.json","2835"
"validation_runs/r08_high_feasibility_20260717/outputs/rf/rf_formal_truth_mismatches.csv","254"
"validation_runs/r08_high_feasibility_20260717/outputs/rf/rf_network_metrics_recomputed.csv","200"
"validation_runs/r08_high_feasibility_20260717/outputs/rf/rf_network_per_donor.csv","623"
"validation_runs/r08_high_feasibility_20260717/outputs/rf/SHA256SUMS.txt","369"
"validation_runs/r08_high_feasibility_20260717/outputs/SHA256SUMS.txt","1933"
"validation_runs/r08_high_feasibility_20260717/outputs/tcga/audit.json","2753"
"validation_runs/r08_high_feasibility_20260717/outputs/tcga/SHA256SUMS.txt","182"
"validation_runs/r08_high_feasibility_20260717/outputs/tcga/tcga_network_top3_baseline_tests.csv","267"
"validation_runs/r08_rf_fair_comparator_20260717/EXECUTION_AND_QA.md","3083"
"validation_runs/r08_rf_fair_comparator_20260717/full_outputs/donor_aware_summary.csv","1078"
"validation_runs/r08_rf_fair_comparator_20260717/full_outputs/exact_sign_flip_tests.csv","834"
"validation_runs/r08_rf_fair_comparator_20260717/full_outputs/fold_local_group_map.csv","69118"
"validation_runs/r08_rf_fair_comparator_20260717/full_outputs/fold_summary.csv","678"
"validation_runs/r08_rf_fair_comparator_20260717/full_outputs/formal_per_donor_metrics.csv","1971"
"validation_runs/r08_rf_fair_comparator_20260717/full_outputs/full_contract.json","5299"
"validation_runs/r08_rf_fair_comparator_20260717/full_outputs/full_predictions.csv","299141"
"validation_runs/r08_rf_fair_comparator_20260717/full_outputs/group_label_universe_audit.csv","550"
"validation_runs/r08_rf_fair_comparator_20260717/full_outputs/group_label_universe_audit.json","694"
"validation_runs/r08_rf_fair_comparator_20260717/full_outputs/paired_formal_differences.csv","3137"
"validation_runs/r08_rf_fair_comparator_20260717/full_outputs/per_donor_metrics.csv","1948"
"validation_runs/r08_rf_fair_comparator_20260717/full_outputs/RESULTS.md","3060"
"validation_runs/r08_rf_fair_comparator_20260717/full_outputs/SHA256SUMS.txt","1186"
"validation_runs/r08_rf_fair_comparator_20260717/full_outputs/unsupported_predictions.csv","138"
"validation_runs/r08_rf_fair_comparator_20260717/PREREGISTRATION.md","2410"
"validation_runs/r08_rf_fair_comparator_20260717/run_rf_fair_comparator.py","47142"
"validation_runs/r08_rf_fair_comparator_20260717/smoke_outputs/fold_local_group_map.csv","7493"
"validation_runs/r08_rf_fair_comparator_20260717/smoke_outputs/SHA256SUMS.txt","353"
"validation_runs/r08_rf_fair_comparator_20260717/smoke_outputs/smoke_contract.json","3248"
"validation_runs/r08_rf_fair_comparator_20260717/smoke_outputs/smoke_metrics.csv","401"
"validation_runs/r08_rf_fair_comparator_20260717/smoke_outputs/smoke_predictions.csv","1110"
"validation_runs/stage2_frozen_route_20260716/PREREGISTRATION.md","2260"
"validation_runs/stage2_frozen_route_20260716/RESULTS_AUDIT.md","4324"
"validation_runs/stage2_frozen_route_20260716/SHA256SUMS.txt","2651"
"verify_package.ps1","1052"
