gene_symbol	logCPM
A1BG	8.906049
A2M	8.676523
A2ML1	9.034898
A3GALT2	4.373302
A4GALT	7.77994
AAAS	0.389401
AACS	3.42102
AADACL3	3.843779
AADAT	1.79761
AAGAB	1.165187
AAK1	7.408481
AAMDC	11.663545
AAMP	2.274952
AANAT	2.82161
AAR2	3.204905
AARD	1.908624
AARS	1.454584
AARS2	11.250519
AASDH	7.720956
AASDHPPT	4.25332
AASS	8.07061
AATF	5.625838
AATK	10.71158
ABAT	10.513468
ABCA1	1.893727
ABCA10	11.668286
ABCA12	2.244752
ABCA13	11.148415
ABCA2	10.696225
ABCA3	2.823318
ABCA4	3.828873
ABCA5	2.468748
ABCA6	3.289799
ABCA7	8.236597
ABCA8	11.23974
ABCA9	3.040213
ABCB1	0.403437
ABCB10	5.488
ABCB11	4.543283
ABCB5	6.299735
ABCB6	6.252738
ABCB7	4.759625
ABCB8	3.266299
ABCB9	4.621952
ABCC1	0.815366
ABCC10	9.816862
ABCC11	3.538453
ABCC12	10.070994
ABCC2	2.619161
ABCC3	2.757714
ABCC4	6.42899
ABCC5	8.171774
ABCC6	10.127044
ABCC8	8.612453
ABCC9	3.251492
ABCD1	2.886467
ABCD2	10.454877
ABCD3	2.101568
ABCD4	1.407882
ABCE1	0.829482
ABCF1	12.122454
ABCF3	0.978747
ABCG1	5.542043
ABCG4	7.312825
ABCG5	11.136707
ABCG8	9.319215
ABHD1	12.036232
ABHD10	2.907342
ABHD11	2.178736
ABHD12	3.202366
ABHD12B	11.57908
ABHD13	1.132541
ABHD14B	0.446295
ABHD15	6.33949
ABHD16A	5.219804
ABHD16B	5.284942
ABHD17A	5.871607
ABHD17B	4.539977
ABHD17C	5.181268
ABHD18	0.496098
ABHD2	0.919794
ABHD3	7.145763
ABHD4	8.785035
ABHD5	10.04143
ABHD6	4.871175
ABHD8	3.615638
ABI1	1.60289
ABI2	10.170904
ABI3	3.693161
ABI3BP	4.693966
ABITRAM	12.042468
ABL1	8.433593
ABL2	6.460878
ABLIM1	3.414532
ABLIM2	3.109328
ABLIM3	8.238275
ABO	4.303095
ABR	7.132613
ABRA	10.039279
ABRACL	7.103493
ABRAXAS1	10.272196
ABRAXAS2	11.606051
ABT1	11.002103
ABTB1	1.870974
ABTB2	9.949236
ACAA1	6.794902
ACAA2	10.828048
ACACA	0.578199
ACACB	10.389802
ACAD10	8.941021
ACAD11	2.206082
ACAD8	4.850319
ACAD9	1.155476
ACADL	4.450213
ACADM	4.319857
ACADS	5.898944
ACADSB	5.318951
ACADVL	5.99033
ACAN	11.467298
ACAP1	5.315401
ACAP2	2.538535
ACAP3	7.007903
ACAT1	10.563283
ACAT2	4.874155
ACBD3	9.815658
ACBD4	9.473788
ACBD5	8.835932
ACBD6	11.810946
ACBD7	0.55288
ACCS	9.614043
ACCSL	11.971669
ACD	6.737077
ACE	11.805285
ACE2	3.970649
ACER1	9.873469
ACER2	10.316622
ACER3	3.575668
ACHE	10.484566
ACIN1	8.27501
ACKR1	9.877148
ACKR2	10.167088
ACKR3	7.873921
ACKR4	9.574387
ACLY	6.783384
ACMSD	10.50892
ACO1	10.537636
ACO2	6.610271
ACOD1	11.329089
ACOT11	3.055696
ACOT12	2.174051
ACOT13	11.864946
ACOT2	10.08969
ACOT4	8.636883
ACOT6	8.539345
ACOT7	5.366776
ACOT8	1.992225
ACOT9	4.307713
ACOX1	7.47367
ACOX2	2.621789
ACOX3	11.75007
ACP1	8.70021
ACP2	10.270094
ACP4	0.394322
ACP5	11.33274
ACP6	10.617183
ACP7	8.624222
ACPP	3.258593
ACR	5.47558
ACRBP	3.508607
ACRV1	4.854934
ACSBG1	0.529703
ACSBG2	5.213915
ACSF2	5.778741
ACSF3	2.425507
ACSL1	6.484706
ACSL3	11.546442
ACSL4	9.761959
ACSL5	7.822118
ACSL6	4.377626
ACSM3	4.840709
ACSM4	8.641335
ACSM5	2.416066
ACSS1	7.01657
ACSS2	3.002425
ACSS3	4.386826
ACTA1	11.452356
ACTA2	5.326313
ACTB	5.884126
ACTBL2	6.118537
ACTC1	0.337488
ACTG1	7.473971
ACTG2	3.371281
ACTL10	6.858735
ACTL6A	5.174483
ACTL6B	0.689808
ACTL7A	0.739479
ACTL7B	11.074301
ACTL8	4.541727
ACTN1	9.407934
ACTN2	1.226032
ACTN3	4.97155
ACTN4	2.279053
ACTR10	4.592024
ACTR1A	2.152157
ACTR1B	3.105104
ACTR2	12.078456
ACTR3	8.263043
ACTR5	3.001463
ACTR6	2.304717
ACTR8	5.327208
ACTRT1	7.490224
ACTRT3	3.32818
ACVR1	4.452168
ACVR1B	8.040478
ACVR1C	8.094333
ACVR2A	6.816627
ACVR2B	7.007435
ACVRL1	8.657484
ACY3	3.434574
ACYP2	7.219568
ADA2	3.522321
ADAD2	10.676018
ADAL	2.089278
ADAM10	6.832282
ADAM11	12.133602
ADAM12	5.578264
ADAM15	5.148559
ADAM17	7.435781
ADAM18	4.731303
ADAM19	1.01326
ADAM2	5.209434
ADAM22	10.951849
ADAM23	12.0818
ADAM28	10.329463
ADAM32	4.777101
ADAM33	6.28434
ADAM5	0.503652
ADAM8	3.537268
ADAM9	0.645371
ADAMDEC1	0.51643
ADAMTS1	5.724211
ADAMTS10	7.780735
ADAMTS12	9.037132
ADAMTS13	11.216447
ADAMTS14	3.095309
ADAMTS15	7.699142
ADAMTS16	11.133562
ADAMTS17	5.507405
ADAMTS18	1.77803
ADAMTS19	8.450853
ADAMTS2	0.64632
ADAMTS20	11.315147
ADAMTS3	10.335632
ADAMTS4	8.579758
ADAMTS5	12.133683
ADAMTS6	10.06582
ADAMTS7	3.174219
ADAMTS8	4.291648
ADAMTS9	2.060959
ADAMTSL1	5.458941
ADAMTSL2	3.735931
ADAMTSL3	4.066624
ADAMTSL4	1.23477
ADAMTSL5	7.220135
ADAP1	6.847641
ADAP2	2.326001
ADAR	1.706922
ADARB1	7.033054
ADARB2	4.257577
ADAT1	10.625261
ADAT2	11.421088
ADCK1	3.705788
ADCK2	2.481561
ADCK5	5.741683
ADCY1	11.929722
ADCY10	0.660886
ADCY2	2.096
ADCY3	9.638131
ADCY4	3.103967
ADCY5	4.480362
ADCY6	0.943961
ADCY7	1.420458
ADCY8	0.966197
ADCYAP1	2.565992
ADCYAP1R1	9.996848
ADD1	7.826103
ADD2	5.010635
ADD3	10.87508
ADGB	0.512524
ADGRA1	6.361263
ADGRA2	11.942998
ADGRA3	7.811645
ADGRB1	11.03339
ADGRB2	7.31529
ADGRB3	1.121065
ADGRD1	4.597372
ADGRD2	2.00145
ADGRE1	11.379886
ADGRE2	5.785098
ADGRE5	7.782147
ADGRF1	2.604938
ADGRF3	10.764199
ADGRF4	5.71381
ADGRF5	8.553252
ADGRG1	1.585503
ADGRG2	1.282564
ADGRG3	6.86786
ADGRG4	6.479985
ADGRG5	10.227627
ADGRG6	3.721023
ADGRG7	8.977512
ADGRL1	6.589161
ADGRL2	5.512255
ADGRL3	3.460527
ADGRL4	6.635122
ADGRV1	4.322038
ADH1A	0.858695
ADH1B	8.255974
ADH5	1.0618
ADI1	8.529932
ADIG	11.825538
ADIPOQ	11.386555
ADIPOR2	8.745437
ADIRF	2.063207
ADK	9.206211
ADM	6.650843
ADM2	2.617865
ADM5	4.67115
ADNP	10.190348
ADNP2	3.651758
ADO	11.736848
ADORA1	9.50415
ADORA2A	3.011242
ADORA2B	3.664561
ADPGK	9.807057
ADPRH	4.373619
ADPRHL2	10.040191
ADPRM	1.767323
ADRA1A	9.926062
ADRA1B	7.239973
ADRA1D	10.612646
ADRA2A	2.678842
ADRA2B	4.879384
ADRA2C	9.639062
ADRB1	11.957723
ADRB2	5.472444
ADRB3	11.544359
ADRM1	7.385931
ADSL	9.137584
ADSS	7.83513
ADSSL1	11.277772
ADTRP	4.065551
AEBP1	6.309665
AEBP2	2.904711
AEN	6.292559
AFAP1	3.352956
AFAP1L1	2.58214
AFAP1L2	8.781975
AFDN	3.36192
AFF1	4.479664
AFF2	2.608143
AFF3	10.229422
AFF4	7.896012
AFG1L	9.566329
AFG3L2	2.167964
AFM	10.625196
AFMID	5.111878
AFP	9.177595
AFTPH	10.671701
AGA	10.157932
AGAP1	6.333908
AGAP2	9.808736
AGAP3	6.88786
AGBL1	11.16052
AGBL2	6.715208
AGBL3	5.709319
AGBL4	6.860695
AGBL5	5.300631
AGER	9.212994
AGFG1	8.039145
AGFG2	11.128412
AGK	9.904401
AGL	11.783931
AGMAT	1.174402
AGMO	4.380799
AGO1	4.021978
AGO2	7.8535
AGO3	7.165462
AGO4	4.496048
AGPAT1	4.138299
AGPAT2	4.00714
AGPAT3	3.279424
AGPAT4	9.377778
AGPAT5	4.044073
AGPS	10.935134
AGR2	3.117491
AGR3	5.653949
AGRN	10.421217
AGRP	5.253953
AGT	2.468487
AGTPBP1	4.613086
AGTR1	12.234041
AGTRAP	0.548658
AGXT2	2.310716
AHCTF1	12.074734
AHCY	0.988125
AHCYL1	8.940494
AHCYL2	0.368895
AHDC1	3.927563
AHI1	11.465342
AHNAK	2.982822
AHSA1	8.07476
AHSG	4.002284
AICDA	5.875243
AIDA	0.257935
AIF1	0.31089
AIF1L	1.681288
AIFM1	9.881014
AIFM2	1.282015
AIFM3	0.569829
AIG1	5.836557
AIM2	11.400305
AIMP1	8.556795
AIMP2	12.120121
AIP	11.676228
AIPL1	0.798298
AIRE	8.008307
AJAP1	7.004639
AJM1	4.607375
AJUBA	7.168791
AK1	10.233873
AK3	6.281848
AK5	4.458425
AK6	2.500128
AK7	9.834166
AK8	6.990205
AK9	12.118719
AKAIN1	5.192112
AKAP1	4.951038
AKAP10	4.489596
AKAP11	9.116223
AKAP12	7.937316
AKAP13	4.896484
AKAP14	7.395068
AKAP17A	9.241587
AKAP3	5.84909
AKAP4	9.212283
AKAP6	4.596305
AKAP7	2.243696
AKAP8	0.912769
AKAP8L	1.64986
AKAP9	4.458102
AKIP1	2.998394
AKIRIN1	10.87083
AKIRIN2	4.91648
AKNA	7.421766
AKNAD1	11.304301
AKR1A1	10.733918
AKR1B1	10.473042
AKR1C1	6.535731
AKR1C8P	6.795097
AKR1E2	10.847356
AKR7A2	2.963002
AKR7A3	8.676136
AKR7L	2.569761
AKT1	2.810616
AKT1S1	3.214254
AKT2	10.730866
AKT3	8.14163
AKTIP	1.949443
ALAD	2.158102
ALAS1	12.248744
ALAS2	2.136816
ALB	7.676665
ALCAM	4.166107
ALDH16A1	7.938051
ALDH18A1	8.557515
ALDH1A1	8.505587
ALDH1A2	10.10092
ALDH1A3	5.713311
ALDH1B1	0.919669
ALDH1L1	7.308652
ALDH1L2	5.737934
ALDH2	7.779437
ALDH3A1	11.210761
ALDH3A2	3.260006
ALDH3B1	0.678061
ALDH3B2	6.859837
ALDH4A1	10.679763
ALDH5A1	0.780303
ALDH6A1	0.48666
ALDH8A1	10.720974
ALDOB	6.339019
ALDOC	1.972858
ALG11	5.84719
ALG12	6.573127
ALG13	1.005685
ALG14	9.343485
ALG2	12.152609
ALG3	6.189225
ALG5	10.057469
ALG6	1.291737
ALG8	3.097839
ALK	2.663732
ALKAL1	1.077097
ALKAL2	3.414111
ALKBH1	6.892499
ALKBH2	0.316841
ALKBH3	2.394815
ALKBH4	2.240408
ALKBH5	9.970722
ALKBH6	10.872722
ALKBH7	11.285769
ALKBH8	4.356148
ALLC	11.761704
ALMS1	11.337266
ALOX12	7.539375
ALOX15	8.082895
ALOX15B	6.303061
ALOX5	7.17481
ALOX5AP	10.963486
ALOXE3	11.57741
ALPI	0.473631
ALPK1	3.051754
ALPK2	9.218037
ALPK3	12.187161
ALPL	2.724121
ALS2	1.749712
ALS2CL	4.485856
ALX1	6.451966
ALX3	6.553174
ALX4	3.254699
ALYREF	10.286965
AMACR	3.42795
AMBN	8.148943
AMBP	8.919819
AMBRA1	2.295521
AMD1	9.788422
AMDHD1	10.95976
AMER1	8.576015
AMER2	2.738135
AMFR	3.635557
AMH	7.82435
AMHR2	7.764521
AMIGO1	0.488705
AMIGO2	4.397337
AMIGO3	8.802328
AMMECR1	5.848611
AMMECR1L	4.026923
AMN1	9.317243
AMOT	10.011191
AMOTL1	4.798194
AMOTL2	10.08755
AMPD2	3.386187
AMPD3	3.588179
AMPH	4.261123
AMT	1.654393
AMZ1	9.725974
AMZ2	12.153308
ANAPC1	3.82548
ANAPC10	11.230186
ANAPC11	1.168623
ANAPC13	3.946118
ANAPC15	0.666552
ANAPC16	8.078496
ANAPC2	4.418781
ANAPC4	6.271252
ANAPC5	2.977986
ANAPC7	2.221832
ANGEL1	0.748014
ANGEL2	4.508087
ANGPT1	4.691078
ANGPT2	3.211128
ANGPT4	8.446501
ANGPTL1	4.001589
ANGPTL2	1.830652
ANGPTL4	11.056899
ANGPTL5	1.185109
ANGPTL6	2.685972
ANGPTL7	9.774905
ANGPTL8	10.560313
ANK1	4.588866
ANK2	1.394908
ANK3	10.019691
ANKAR	11.793654
ANKDD1A	7.082196
ANKDD1B	1.136296
ANKEF1	7.967282
ANKFN1	2.976679
ANKFY1	7.340828
ANKH	2.842411
ANKIB1	0.452245
ANKK1	10.126567
ANKLE1	1.674888
ANKLE2	2.396202
ANKMY1	3.238256
ANKMY2	8.677457
ANKRA2	11.431377
ANKRD1	4.805114
ANKRD10	1.659333
ANKRD11	1.10566
ANKRD12	3.550862
ANKRD13A	5.762825
ANKRD13B	4.657308
ANKRD13C	10.241591
ANKRD16	5.491371
ANKRD17	8.192519
ANKRD2	5.724998
ANKRD22	7.377707
ANKRD24	7.301319
ANKRD26	5.181206
ANKRD27	10.099232
ANKRD28	6.569398
ANKRD29	6.359193
ANKRD31	11.779591
ANKRD33	2.763119
ANKRD33B	6.798048
ANKRD34B	10.827669
ANKRD34C	6.337179
ANKRD35	3.043104
ANKRD37	11.951826
ANKRD39	9.561989
ANKRD40	11.871948
ANKRD42	12.22332
ANKRD44	1.868743
ANKRD46	4.124069
ANKRD49	4.345556
ANKRD50	6.232069
ANKRD52	11.071567
ANKRD53	11.853932
ANKRD54	4.618955
ANKRD55	10.835028
ANKRD6	7.335256
ANKRD60	10.363702
ANKRD61	6.446866
ANKRD62	2.090743
ANKRD63	1.81347
ANKRD66	8.094344
ANKRD7	0.787419
ANKRD9	5.248525
ANKS1A	7.748196
ANKS1B	9.665627
ANKS3	11.118487
ANKS4B	4.996546
ANKS6	11.726927
ANKUB1	9.124784
ANKZF1	1.431322
ANLN	7.818557
ANO1	6.808911
ANO10	8.945655
ANO2	4.615343
ANO3	3.833268
ANO4	9.961614
ANO5	1.563216
ANO6	12.039019
ANO7	9.797517
ANO8	2.610689
ANO9	6.886273
ANOS1	10.6873
ANP32B	11.283796
ANP32E	10.513204
ANPEP	7.554055
ANTXR1	5.647453
ANTXR2	1.519455
ANXA1	2.632415
ANXA10	5.062401
ANXA11	11.08954
ANXA13	4.304991
ANXA2	7.875975
ANXA2R	1.682985
ANXA3	9.21521
ANXA4	3.552259
ANXA5	5.24442
ANXA6	4.485355
ANXA7	10.009072
ANXA9	11.581013
AOAH	10.983708
AOC2	4.569229
AOC3	10.895346
AOPEP	10.683952
AOX1	10.860394
AOX2	11.648624
AOX4	4.773106
AP1AR	6.829664
AP1B1	6.443669
AP1G1	7.928939
AP1G2	3.281844
AP1M1	2.597244
AP1S1	5.872635
AP1S2	1.222454
AP1S3	7.680317
AP2A1	7.320116
AP2A2	10.478881
AP2B1	4.172582
AP2M1	1.265846
AP2S1	4.229891
AP3B1	6.149961
AP3B2	6.470855
AP3D1	5.415904
AP3M1	9.084223
AP3M2	5.219695
AP3S1	2.02734
AP4B1	10.875272
AP4E1	1.328378
AP4M1	9.452188
AP4S1	3.513902
AP5B1	1.852787
AP5M1	4.060538
AP5S1	0.846508
AP5Z1	8.92731
APAF1	0.750831
APBA1	11.396054
APBA2	1.392435
APBB1	8.493298
APBB1IP	2.742874
APBB2	4.434487
APBB3	11.928839
APC2	6.31371
APCDD1	5.249208
APCDD1L	10.589424
APEH	12.227053
APEX1	1.239475
APEX2	7.229436
APH1A	7.452602
APH1B	1.775314
API5	5.181329
APIP	3.68435
APLF	10.422338
APLNR	8.760028
APLP1	7.326362
APLP2	7.904054
APMAP	0.850539
APOA1	3.962377
APOA2	8.794644
APOA4	10.333372
APOA5	6.192557
APOB	1.224589
APOBEC2	11.184823
APOBEC3A	2.567397
APOBEC3C	8.761802
APOBEC3G	11.695401
APOBEC3H	5.927956
APOBR	3.625602
APOC2	6.939242
APOD	0.415604
APOE	6.24972
APOL1	1.696221
APOL2	2.171045
APOL4	0.985414
APOL5	9.919092
APOL6	3.148208
APOLD1	9.695015
APOM	5.872761
APOO	6.340863
APOOL	9.112125
APOPT1	2.961782
APP	5.390829
APPBP2	11.746643
APPL1	4.325613
APPL2	9.705857
APRT	6.600642
APTX	8.079821
AQP1	6.154854
AQP10	2.943908
AQP11	8.642212
AQP2	11.032159
AQP3	6.853467
AQP4	4.570443
AQP5	9.879608
AQP6	8.890446
AQP7	10.136529
AQP8	5.365585
AQP9	6.955745
AQR	2.484348
AR	2.819944
ARAF	5.672896
ARAP1	8.858765
ARAP2	8.296409
ARAP3	3.155036
ARC	3.790772
ARCN1	0.375783
AREG	2.606397
AREL1	2.341103
ARF1	5.822886
ARF3	11.67983
ARF4	6.904478
ARF5	11.454302
ARF6	11.300856
ARFGAP1	0.65522
ARFGAP2	11.509915
ARFGAP3	8.952436
ARFGEF1	3.066428
ARFGEF2	1.567475
ARFGEF3	6.234035
ARFIP1	4.877369
ARFIP2	11.777363
ARFRP1	12.131425
ARG1	3.544434
ARG2	6.826306
ARGLU1	5.263762
ARHGAP1	8.202467
ARHGAP10	2.876276
ARHGAP11A	8.764808
ARHGAP12	8.289597
ARHGAP15	7.261459
ARHGAP17	7.258934
ARHGAP18	9.62519
ARHGAP20	10.134464
ARHGAP21	0.32365
ARHGAP22	10.503849
ARHGAP23	7.519381
ARHGAP24	1.749735
ARHGAP25	9.164348
ARHGAP26	3.609882
ARHGAP27	4.255325
ARHGAP28	5.730678
ARHGAP29	11.296108
ARHGAP30	8.946146
ARHGAP31	9.517247
ARHGAP32	10.64014
ARHGAP33	12.160092
ARHGAP35	7.833065
ARHGAP36	1.434434
ARHGAP39	7.41255
ARHGAP4	11.277106
ARHGAP40	8.407413
ARHGAP42	10.984102
ARHGAP44	6.819667
ARHGAP5	4.034016
ARHGAP6	5.568809
ARHGAP9	4.63949
ARHGDIA	11.679451
ARHGDIB	2.628637
ARHGDIG	10.221153
ARHGEF1	3.90081
ARHGEF10	8.336027
ARHGEF10L	1.990529
ARHGEF11	11.41148
ARHGEF12	2.944532
ARHGEF15	1.681349
ARHGEF16	12.028129
ARHGEF17	3.909525
ARHGEF19	7.864216
ARHGEF2	3.950853
ARHGEF26	10.076403
ARHGEF28	8.223655
ARHGEF3	8.719261
ARHGEF33	6.195889
ARHGEF37	3.518443
ARHGEF38	7.310147
ARHGEF39	6.080359
ARHGEF40	3.884297
ARHGEF5	7.619871
ARHGEF6	4.359793
ARHGEF7	5.407058
ARHGEF9	2.732909
ARID1A	6.960761
ARID1B	8.110165
ARID2	8.03227
ARID3A	1.579453
ARID3B	4.356199
ARID3C	0.837999
ARID4A	6.20925
ARID4B	1.222539
ARID5A	1.787747
ARID5B	3.627632
ARIH1	5.8913
ARIH2	7.198656
ARIH2OS	9.796119
ARL1	8.955349
ARL10	5.984764
ARL13B	0.333617
ARL14EP	2.777241
ARL15	8.545489
ARL16	8.764578
ARL2	9.609505
ARL2BP	5.061965
ARL3	11.380249
ARL4C	3.814143
ARL4D	3.517791
ARL5A	5.948839
ARL5B	3.019936
ARL6	10.084735
ARL6IP4	4.256271
ARL6IP5	8.839257
ARL6IP6	0.87876
ARL8A	8.92622
ARL8B	4.079967
ARL9	6.137015
ARMC1	0.940633
ARMC10	12.19432
ARMC12	0.689832
ARMC2	6.502465
ARMC3	9.966933
ARMC4	3.662489
ARMC5	0.879236
ARMC6	10.765315
ARMC7	11.855682
ARMC8	3.258875
ARMC9	11.480716
ARMCX1	11.623149
ARMCX4	4.393522
ARMCX5	3.628557
ARMCX6	10.284242
ARMH1	0.312579
ARMH2	7.305583
ARMH3	8.173105
ARMH4	1.174515
ARMS2	3.646383
ARNT	8.336966
ARNT2	8.081873
ARNTL	3.217838
ARNTL2	4.996681
ARPC1A	0.380649
ARPC1B	4.876014
ARPC2	4.190423
ARPC3	5.547176
ARPC4	11.281725
ARPC5	6.584063
ARPC5L	8.108913
ARPP19	3.965797
ARPP21	5.577871
ARR3	4.429897
ARRB1	8.988183
ARRB2	3.580627
ARRDC1	5.977519
ARRDC2	0.458939
ARRDC3	2.149417
ARRDC4	5.971773
ARRDC5	1.373099
ARSA	8.521183
ARSB	6.32086
ARSD	6.755932
ARSE	8.129753
ARSF	5.139735
ARSG	11.896659
ARSH	4.938025
ARSI	8.171904
ARSJ	4.361338
ARSK	1.523255
ART1	5.610921
ART3	3.925143
ART4	12.01223
ART5	5.485472
ARTN	3.793647
ARV1	3.656296
ARVCF	0.691421
ARX	0.979035
AS3MT	5.471812
ASAH1	0.961644
ASAH2	2.35562
ASAP1	6.424852
ASAP2	7.015943
ASAP3	1.225137
ASB1	7.917786
ASB10	12.122857
ASB11	8.872879
ASB12	9.309632
ASB13	1.947937
ASB14	11.075707
ASB16	12.21844
ASB18	11.774713
ASB2	6.060619
ASB3	2.916422
ASB4	3.384613
ASB5	0.56214
ASB6	0.931941
ASB7	7.11099
ASB8	6.832083
ASB9	10.193189
ASCC1	5.949373
ASCC2	10.099252
ASCC3	12.229994
ASCL1	10.128919
ASCL2	8.968591
ASCL5	11.715793
ASF1A	9.720133
ASF1B	9.305751
ASGR1	8.057521
ASH1L	7.609489
ASH2L	9.171171
ASIC1	7.773047
ASIC2	10.930096
ASIC3	10.954827
ASIC4	10.896694
ASIP	2.901319
ASL	9.545893
ASNA1	1.449515
ASNS	3.392054
ASPA	9.439689
ASPDH	8.451404
ASPG	1.871366
ASPH	2.761713
ASPHD1	1.637867
ASPHD2	4.653405
ASPM	11.383861
ASPN	4.738258
ASPRV1	1.373094
ASPSCR1	1.724263
ASRGL1	7.888064
ASTE1	11.890182
ASTL	4.257583
ASTN1	1.236378
ASTN2	9.854144
ASXL1	9.240447
ASXL2	2.835618
ASXL3	11.723097
ATAD2	11.695572
ATAD2B	0.723817
ATAD5	7.867112
ATAT1	1.0459
ATCAY	1.700525
ATE1	6.062133
ATF1	6.232098
ATF2	5.278052
ATF3	10.681168
ATF4	6.161412
ATF5	1.406626
ATF6	6.208806
ATF6B	8.031341
ATF7IP	3.092896
ATF7IP2	9.665575
ATG10	5.441595
ATG101	2.19613
ATG12	7.088035
ATG13	6.177339
ATG14	7.137982
ATG16L1	9.275472
ATG16L2	1.95414
ATG2A	7.644829
ATG2B	7.059876
ATG3	2.963922
ATG4A	3.285292
ATG4B	5.270918
ATG4C	4.953409
ATG4D	8.311098
ATG5	6.712523
ATG7	11.013276
ATG9A	8.024321
ATG9B	8.814246
ATIC	0.25165
ATL1	4.268205
ATL2	3.24675
ATL3	1.875419
ATM	1.950018
ATMIN	9.910643
ATN1	2.857975
ATOH7	5.689403
ATOH8	10.441853
ATOX1	1.56947
ATP10A	2.36913
ATP10B	3.681377
ATP10D	8.907658
ATP11A	3.455861
ATP11B	8.691014
ATP11C	3.18798
ATP12A	7.527269
ATP13A1	10.485147
ATP13A2	0.396757
ATP13A3	1.994448
ATP13A4	9.448406
ATP13A5	8.060367
ATP1A1	3.976499
ATP1A4	4.147226
ATP1B1	5.260118
ATP1B2	2.134649
ATP1B3	12.181992
ATP1B4	12.005912
ATP23	9.209642
ATP2A1	5.192567
ATP2A2	3.010297
ATP2A3	12.198229
ATP2B1	10.113161
ATP2B2	8.485729
ATP2B3	8.609458
ATP2B4	7.91576
ATP2C1	2.627115
ATP2C2	7.5354
ATP4A	1.599055
ATP5F1B	1.509121
ATP5F1C	5.697463
ATP5F1D	5.766363
ATP5F1E	11.539174
ATP5IF1	3.697212
ATP5MC2	4.951175
ATP5MC3	0.714888
ATP5MD	6.659719
ATP5ME	12.020857
ATP5PF	8.976646
ATP6	9.157223
ATP6AP1	0.529328
ATP6AP1L	7.206063
ATP6AP2	7.145889
ATP6V0A1	8.042835
ATP6V0A2	6.207712
ATP6V0A4	11.331138
ATP6V0B	9.539773
ATP6V0C	10.696045
ATP6V0D1	7.331296
ATP6V0D2	7.783096
ATP6V0E1	8.179861
ATP6V0E2	7.924943
ATP6V1B1	1.260277
ATP6V1B2	6.769115
ATP6V1C1	9.736007
ATP6V1C2	9.950206
ATP6V1D	5.636721
ATP6V1E1	2.706304
ATP6V1E2	9.13797
ATP6V1F	11.097361
ATP6V1FNB	11.05193
ATP6V1G1	0.658063
ATP6V1H	3.175371
ATP7A	10.866852
ATP7B	5.923473
ATP8	7.352013
ATP8A1	4.013873
ATP8A2	4.373166
ATP8B1	7.524174
ATP8B2	9.868414
ATP8B3	9.165252
ATP8B4	10.378364
ATP9A	3.570915
ATP9B	5.432589
ATPAF1	5.304539
ATPAF2	7.559969
ATPSCKMT	10.231283
ATR	5.022393
ATRAID	4.871892
ATRIP	3.555249
ATRN	2.617223
ATRNL1	0.519384
ATRX	7.410674
ATXN1	3.134114
ATXN10	7.726769
ATXN1L	0.729987
ATXN2	3.791962
ATXN2L	7.031029
ATXN3	9.529712
ATXN7L1	9.392097
ATXN7L2	0.996931
ATXN7L3	7.682518
ATXN7L3B	7.721675
AUH	2.957509
AUNIP	2.043264
AUP1	5.495735
AURKA	1.446331
AURKAIP1	5.416349
AURKB	5.76439
AURKC	6.332182
AUTS2	3.730179
AVEN	6.733815
AVIL	6.025977
AVL9	8.209487
AVP	0.859982
AVPI1	2.419612
AVPR1A	2.196454
AVPR1B	6.439249
AVPR2	1.134322
AWAT2	1.926307
AXDND1	11.717704
AXIN1	1.380921
AXIN2	10.262524
AXL	2.882429
AZGP1	5.725869
AZI2	6.279526
AZIN1	10.58145
AZIN2	3.672265
AZU1	7.892533
B2M	2.339274
B3GALNT2	10.136892
B3GALT1	4.634386
B3GALT2	6.641899
B3GALT5	5.912547
B3GALT6	0.732321
B3GAT1	10.870664
B3GAT2	8.872013
B3GAT3	4.235112
B3GLCT	6.203809
B3GNT10	7.57935
B3GNT2	1.333635
B3GNT3	8.322201
B3GNT4	7.7771
B3GNT5	7.10728
B3GNT6	5.733687
B3GNT7	6.15472
B3GNT8	3.934364
B3GNT9	9.392051
B3GNTL1	6.852799
B4GALNT1	5.801868
B4GALNT3	8.53507
B4GALNT4	1.950495
B4GALT1	6.884184
B4GALT2	3.158438
B4GALT3	5.739011
B4GALT4	9.27885
B4GALT5	12.03042
B4GALT6	5.727858
B4GALT7	5.567475
B4GAT1	2.058357
B9D1	10.891376
B9D2	1.537388
BAALC	10.88371
BAAT	10.323888
BABAM1	6.76369
BABAM2	3.44561
BACE1	4.719431
BACE2	5.452988
BACH1	2.690981
BACH2	1.860473
BAD	9.16925
BAG1	1.345816
BAG2	8.278464
BAG3	8.594801
BAG4	8.604073
BAG5	11.266505
BAG6	8.891623
BAHCC1	7.847789
BAHD1	4.087758
BAIAP2	11.581569
BAIAP2L1	11.351559
BAIAP2L2	5.291103
BAIAP3	8.860316
BAK1	5.450623
BAMBI	6.635232
BANF1	9.968096
BANK1	6.998844
BANP	8.894198
BAP1	6.1395
BARD1	11.721148
BARHL1	10.204217
BARHL2	1.035465
BARX2	11.047361
BASP1	7.373825
BATF	8.134564
BATF2	9.913468
BATF3	10.642803
BAX	0.9592
BAZ1A	12.199695
BAZ1B	7.693837
BAZ2A	9.122105
BAZ2B	4.438829
BBC3	10.163849
BBOF1	3.395404
BBOX1	2.939261
BBS10	2.578542
BBS2	8.084255
BBS4	1.015773
BBS5	9.761883
BBS7	11.616101
BBS9	9.951534
BBX	1.039172
BCAM	7.312665
BCAN	4.004269
BCAP29	11.619735
BCAP31	10.944563
BCAR1	2.10705
BCAR3	8.375172
BCAS1	9.832223
BCAS2	10.636415
BCAS3	2.292788
BCAS4	1.877753
BCAT1	8.802461
BCAT2	10.208551
BCCIP	7.850188
BCDIN3D	5.173674
BCHE	10.639345
BCKDHA	4.026002
BCKDHB	7.452177
BCKDK	0.469795
BCL10	1.030857
BCL11A	10.160512
BCL11B	3.054972
BCL2	7.213383
BCL2A1	8.12117
BCL2L1	0.515062
BCL2L11	2.457556
BCL2L13	11.289516
BCL2L14	3.650399
BCL2L2-PABPN1	2.311489
BCL3	12.019336
BCL6	2.143718
BCL6B	0.334236
BCL7A	3.74043
BCL7B	3.347309
BCL7C	5.342092
BCL9	9.630358
BCL9L	10.636606
BCLAF1	12.245487
BCLAF3	8.251772
BCO1	2.979462
BCO2	8.832305
BCOR	4.641526
BCORL1	0.978426
BCR	11.034766
BCS1L	8.990732
BDH1	3.285173
BDH2	10.669967
BDKRB2	7.721537
BDNF	6.021795
BDP1	7.223265
BEAN1	3.078881
BECN1	10.207137
BEGAIN	2.462552
BEND3	7.213367
BEND4	4.750063
BEND5	6.90775
BEND6	3.701804
BEND7	12.132872
BEST1	6.357655
BEST2	3.537504
BEST3	6.338221
BEST4	6.788427
BET1	5.705753
BET1L	2.674955
BEX1	3.12651
BEX2	9.866435
BEX3	9.170854
BEX4	4.348671
BFAR	7.705679
BFSP1	1.941995
BFSP2	8.766509
BGLAP	9.183895
BGN	11.130932
BHLHB9	4.904226
BHLHE22	2.520507
BHLHE40	11.566728
BHLHE41	6.588231
BHMG1	5.558408
BHMT	10.653918
BHMT2	1.544677
BICC1	5.566935
BICD1	7.875986
BICD2	7.137804
BICDL1	4.685483
BICDL2	3.083278
BICRA	9.910181
BICRAL	10.314899
BID	9.858873
BIK	2.98501
BIN1	4.954674
BIN2	4.299123
BIN3	3.450765
BIRC2	8.119152
BIRC3	5.232366
BIRC5	2.769631
BIRC6	5.758001
BIRC7	6.265903
BIVM-ERCC5	8.33457
BLCAP	11.615848
BLK	4.548874
BLM	6.438622
BLMH	1.209684
BLNK	0.586714
BLOC1S2	11.624916
BLOC1S3	9.11683
BLOC1S6	2.219633
BLVRA	5.49156
BLVRB	8.027262
BLZF1	10.810934
BMERB1	7.468752
BMF	9.086185
BMP1	7.467192
BMP10	11.718191
BMP2	1.856168
BMP2K	0.403395
BMP3	4.859068
BMP4	9.302212
BMP5	8.618527
BMP6	7.794941
BMP7	2.441544
BMPER	4.375236
BMPR1A	4.960713
BMPR1B	6.577269
BMPR2	5.342754
BMS1	2.180671
BMT2	4.509823
BMX	9.293802
BNC1	11.175056
BNC2	10.751371
BNIP1	5.069375
BNIP2	5.094953
BNIP3	7.753111
BNIP3L	5.538145
BNIPL	11.294608
BOC	5.951519
BOD1	7.598216
BOD1L1	3.853123
BOK	1.272603
BOLA3	3.769511
BOP1	1.585719
BORA	3.816554
BORCS5	11.967924
BORCS6	9.415652
BPGM	12.103542
BPHL	3.477921
BPI	10.640549
BPIFA2	5.899973
BPIFB3	11.668554
BPIFC	3.183718
BPNT1	10.251726
BPTF	5.524462
BRAF	11.263024
BRAP	1.854734
BRAT1	2.20059
BRCA1	3.134689
BRCA2	6.247383
BRD1	6.007939
BRD2	5.465039
BRD3	2.168435
BRD3OS	9.792645
BRD4	8.895384
BRD7	8.515349
BRD8	12.057253
BRD9	2.882703
BRF1	7.87616
BRF2	5.284873
BRI3	2.813381
BRI3BP	5.718821
BRICD5	11.447935
BRINP1	2.178371
BRINP2	11.636793
BRINP3	3.136192
BRIP1	8.762587
BRIX1	6.505351
BRMS1	2.117501
BRMS1L	10.09277
BROX	0.484639
BRPF1	3.277875
BRPF3	6.272362
BRSK2	5.328292
BRWD1	1.54697
BRWD3	11.591229
BSCL2	5.114047
BSDC1	10.235891
BSG	9.268718
BSN	4.775883
BSND	0.419744
BSPH1	10.854798
BSPRY	1.340384
BST1	11.284016
BST2	3.705428
BTAF1	10.636042
BTBD1	1.941912
BTBD10	4.936428
BTBD11	2.39661
BTBD16	6.553424
BTBD17	5.605726
BTBD18	1.981205
BTBD19	11.78422
BTBD2	8.174822
BTBD3	5.035358
BTBD6	4.986386
BTBD7	1.093384
BTBD8	8.576199
BTBD9	11.848113
BTC	10.13232
BTD	9.205446
BTF3	7.710614
BTF3L4	4.075286
BTG2	1.809901
BTG3	10.389719
BTG4	6.114139
BTK	4.360934
BTLA	10.72704
BTN1A1	11.9851
BTN2A1	9.377439
BTN3A2	6.722059
BTNL8	0.575397
BTNL9	8.774058
BTRC	10.583898
BUB1	0.314699
BUB3	2.220125
BUD13	2.745114
BUD23	2.699268
BUD31	1.493821
BVES	2.424982
BYSL	7.705585
BZW1	1.587691
BZW2	6.275218
C10H20orf27	5.89837
C10orf113	1.028859
C10orf120	7.534812
C10orf143	10.063478
C10orf82	5.757401
C10orf88	7.108159
C10orf90	4.585202
C10orf95	5.53583
C10orf99	8.903722
C11H12orf10	9.380619
C11H12orf56	10.064154
C11orf16	4.087756
C11orf21	8.499081
C11orf40	11.574303
C11orf42	9.662182
C11orf52	1.490189
C11orf53	10.474747
C11orf54	8.291013
C11orf58	0.407453
C11orf65	10.424991
C11orf68	1.589101
C11orf71	7.204038
C11orf74	5.968254
C11orf80	1.264443
C11orf86	8.469746
C11orf88	11.323851
C11orf94	8.132481
C11orf95	3.288224
C11orf96	1.08416
C11orf97	11.543285
C12orf29	11.872168
C12orf4	2.477609
C12orf40	4.561727
C12orf42	11.239706
C12orf43	1.591474
C12orf45	9.959219
C12orf49	9.410381
C12orf50	8.413894
C12orf54	4.348555
C12orf57	4.743833
C12orf66	0.302172
C12orf71	7.532781
C12orf73	7.375616
C12orf74	11.58918
C12orf75	7.617907
C12orf76	11.905812
C12orf81	9.577792
C13H2orf42	9.37756
C13orf42	5.267235
C13orf46	2.273372
C14H11orf1	1.293708
C14H11orf49	4.271858
C14H11orf87	2.801319
C14orf119	5.203553
C14orf132	7.368283
C14orf178	8.295445
C14orf180	0.832919
C14orf28	5.436256
C14orf39	8.74684
C14orf93	1.352009
C15H9orf40	7.996818
C15H9orf43	9.055617
C15orf39	9.266752
C15orf40	4.179068
C15orf41	2.925968
C15orf53	6.047839
C15orf61	3.853812
C15orf62	10.923479
C15orf65	1.56789
C16H17orf62	12.124168
C16orf58	4.809362
C16orf70	11.823518
C16orf72	1.412641
C16orf74	3.602261
C16orf86	0.853516
C16orf87	8.825674
C16orf89	1.441497
C16orf90	10.38151
C16orf91	9.804402
C16orf92	7.412683
C16orf95	9.32491
C16orf96	8.251312
C17orf100	6.523282
C17orf107	10.340034
C17orf113	2.153169
C17orf50	3.690269
C17orf51	11.738764
C17orf53	6.707678
C17orf58	1.983199
C17orf64	3.085728
C17orf67	9.03826
C17orf75	4.055002
C17orf78	7.033363
C17orf80	9.826158
C17orf97	3.116539
C17orf98	7.759577
C17orf99	8.765911
C18orf21	10.007787
C18orf25	5.365059
C18orf32	7.254981
C18orf54	6.578494
C18orf63	7.699933
C19H19orf48	5.512334
C19H19orf66	4.770159
C19H19orf71	0.943764
C19orf12	10.33478
C19orf18	6.650305
C19orf24	4.491751
C19orf25	9.345693
C19orf38	3.454271
C19orf44	6.932326
C19orf47	0.268985
C19orf54	8.146721
C19orf57	8.608984
C19orf67	11.465448
C19orf81	4.799768
C19orf84	8.935575
C1D	1.17229
C1GALT1	3.07562
C1GALT1C1	8.03162
C1GALT1C1L	8.332371
C1H1orf43	2.834393
C1QA	4.291324
C1QB	7.497618
C1QBP	8.200697
C1QC	5.550061
C1QL1	3.333388
C1QL2	9.633571
C1QL3	9.218418
C1QL4	4.842082
C1QTNF1	10.420427
C1QTNF12	6.003703
C1QTNF2	1.45337
C1QTNF4	2.897176
C1QTNF5	7.709385
C1QTNF6	2.156081
C1QTNF7	6.375582
C1QTNF8	4.258543
C1RL	12.07716
C1orf100	10.448102
C1orf105	9.790268
C1orf109	6.771448
C1orf112	4.664062
C1orf115	9.221757
C1orf116	2.935612
C1orf122	3.453586
C1orf127	10.908182
C1orf131	8.785523
C1orf141	7.115736
C1orf146	12.195608
C1orf158	1.930762
C1orf159	11.022472
C1orf162	11.612035
C1orf167	10.075374
C1orf174	3.693392
C1orf185	11.558161
C1orf189	1.593699
C1orf194	1.060185
C1orf198	8.21765
C1orf21	3.217174
C1orf210	9.96909
C1orf216	6.586203
C1orf226	4.735419
C1orf35	3.476737
C1orf50	5.186385
C1orf52	7.379387
C1orf53	3.500991
C1orf54	8.914249
C1orf56	8.874113
C1orf74	3.486012
C1orf87	8.007631
C1orf94	8.265567
C20H16orf46	8.747928
C20H16orf71	7.715585
C20orf144	5.39134
C20orf173	2.044313
C20orf194	4.832392
C20orf202	1.289829
C20orf204	6.370425
C20orf85	2.33569
C20orf96	6.71596
C21orf58	9.594385
C21orf62	10.533921
C21orf91	7.519386
C22orf15	3.906957
C22orf23	9.51459
C22orf31	6.728654
C22orf39	6.570531
C2CD2	7.407931
C2CD2L	5.99283
C2CD3	5.599506
C2CD4B	11.598979
C2CD4C	2.656089
C2CD4D	10.070411
C2CD5	5.884354
C2CD6	6.206376
C2H3orf18	4.40596
C2H3orf84	0.25077
C2orf15	5.769544
C2orf40	9.657344
C2orf42	4.957003
C2orf49	10.424424
C2orf50	4.266113
C2orf66	4.987493
C2orf68	6.205969
C2orf69	11.271135
C2orf70	5.503374
C2orf72	10.667971
C2orf73	10.439337
C2orf74	3.962443
C2orf76	7.985767
C2orf80	10.476981
C2orf88	4.88229
C2orf91	2.15902
C2orf92	2.169625
C3	5.763874
C3H7orf31	0.480511
C3H7orf57	2.929928
C3orf14	1.243909
C3orf20	8.124389
C3orf22	7.383855
C3orf33	5.880653
C3orf38	0.896755
C3orf49	4.872176
C3orf62	8.487692
C3orf67	6.878945
C3orf70	2.788107
C3orf80	1.922989
C4BPB	4.72276
C4H6orf120	4.685779
C4H6orf163	10.662436
C4H6orf201	3.628278
C4orf19	0.908579
C4orf33	3.191139
C4orf45	3.307278
C4orf46	11.032542
C4orf47	3.722111
C4orf48	8.241587
C4orf50	1.590478
C4orf51	2.252798
C4orf54	11.2303
C5	3.057927
C5orf24	11.345752
C5orf30	10.738357
C5orf34	5.487138
C5orf49	4.281186
C5orf51	5.903963
C5orf52	9.500861
C5orf58	1.56021
C5orf63	2.823003
C5orf67	0.372763
C6	7.237849
C6H5orf15	11.503797
C6H5orf22	5.065029
C6orf118	11.30094
C6orf132	7.80597
C6orf136	7.860939
C6orf222	6.197469
C6orf223	1.255756
C6orf52	6.65538
C6orf58	5.088779
C6orf62	6.749719
C6orf89	3.488926
C7	3.252705
C7orf25	5.197997
C7orf26	11.229023
C7orf33	7.558673
C7orf50	11.698097
C7orf61	0.842867
C7orf77	11.6524
C8B	3.877326
C8G	0.792334
C8orf33	6.277396
C8orf34	3.242289
C8orf37	2.840582
C8orf82	7.647401
C8orf88	12.011118
C8orf89	11.518329
C9	11.258369
C9orf116	7.820469
C9orf129	9.624332
C9orf131	2.501752
C9orf135	11.716326
C9orf152	2.244238
C9orf153	3.884524
C9orf24	10.005453
C9orf50	2.682226
C9orf64	1.123655
C9orf66	5.752949
C9orf72	1.242558
C9orf78	3.680367
C9orf85	4.152861
CA1	6.200427
CA10	0.341668
CA11	10.9397
CA12	11.976363
CA13	7.162338
CA14	5.173519
CA2	11.749436
CA3	10.103391
CA4	5.96637
CA5A	1.375786
CA5B	12.140958
CA6	11.317084
CA7	11.894928
CA8	9.196824
CA9	0.583091
CAAP1	12.082908
CAB39	7.539684
CAB39L	11.064273
CABCOCO1	6.10256
CABIN1	6.214612
CABLES2	11.464509
CABP4	6.690973
CABP5	0.354689
CABP7	2.718554
CABYR	10.691583
CACFD1	8.686351
CACHD1	0.720087
CACNA1A	9.834254
CACNA1B	0.723019
CACNA1C	2.738794
CACNA1D	2.556497
CACNA1E	10.13841
CACNA1F	9.572768
CACNA1G	1.565026
CACNA1H	2.158007
CACNA1I	2.477112
CACNA1S	7.257779
CACNA2D1	3.12685
CACNA2D2	11.253414
CACNA2D3	5.29225
CACNA2D4	9.207591
CACNB1	7.72241
CACNB2	5.999531
CACNB3	7.641677
CACNG1	2.349659
CACNG2	0.669655
CACNG3	10.184872
CACNG4	6.358539
CACNG5	5.896517
CACNG6	10.170623
CACNG7	12.157407
CACNG8	4.416971
CACTIN	7.754551
CACUL1	0.532251
CACYBP	7.621416
CAD	0.400051
CADM1	1.545663
CADM2	4.768048
CADM3	9.289116
CADM4	4.882334
CADPS	5.995232
CADPS2	4.511896
CAGE1	7.526841
CALB1	9.357731
CALB2	8.19808
CALCA	8.48631
CALCB	4.355559
CALCOCO1	7.482061
CALCOCO2	0.545438
CALCR	9.63847
CALCRL	4.553993
CALD1	5.486224
CALHM1	7.435686
CALHM2	5.362432
CALHM3	5.125264
CALHM5	11.882504
CALHM6	4.392274
CALM1	3.213412
CALM2	1.058962
CALM3	6.275441
CALML4	8.041741
CALML6	0.958414
CALN1	10.350855
CALR	9.560692
CALU	4.223089
CALY	4.789647
CAMK1	8.125739
CAMK1D	5.314539
CAMK1G	7.50285
CAMK2A	5.946149
CAMK2B	5.476231
CAMK2D	12.001784
CAMK2G	8.639191
CAMK2N1	8.644983
CAMK2N2	4.513629
CAMK4	2.150922
CAMKK1	5.996969
CAMKK2	2.530335
CAMKMT	4.016398
CAMKV	9.938917
CAMLG	8.325882
CAMP	8.998793
CAMSAP1	6.310576
CAMSAP2	6.193003
CAMSAP3	10.610307
CAMTA1	7.022993
CAMTA2	2.453981
CAND1	7.332441
CAND2	8.491953
CANT1	6.465632
CANX	9.402532
CAP1	1.351702
CAP2	10.476305
CAPG	6.718928
CAPN1	1.000308
CAPN10	3.286576
CAPN11	4.351909
CAPN12	12.098301
CAPN13	3.428948
CAPN14	5.358406
CAPN15	8.075727
CAPN2	2.559039
CAPN3	9.192248
CAPN5	1.381212
CAPN6	2.026888
CAPN7	1.908642
CAPN8	9.345929
CAPN9	10.804778
CAPRIN1	10.8497
CAPRIN2	10.920043
CAPS	11.117081
CAPS2	6.267349
CAPSL	10.804937
CAPZA1	1.53516
CAPZA2	7.128218
CAPZA3	7.991606
CAPZB	1.064456
CARD10	11.841795
CARD11	1.514012
CARD14	3.650732
CARD18	0.62393
CARD19	8.496544
CARD6	7.029061
CARD9	2.535269
CARF	9.463861
CARHSP1	1.191475
CARM1	2.619291
CARMIL1	11.596503
CARMIL2	7.956211
CARMIL3	5.987298
CARNMT1	6.145774
CARNS1	1.898785
CARS	9.13314
CARS2	1.793055
CARTPT	2.686764
CASC1	10.028647
CASC3	3.581142
CASC4	7.258163
CASD1	5.109434
CASK	0.564055
CASKIN1	4.148374
CASKIN2	6.901552
CASP10	1.021758
CASP12	2.892987
CASP2	9.343499
CASP3	10.028173
CASP4	11.063946
CASP5	7.662904
CASP6	6.097546
CASP7	12.167032
CASP8	7.598031
CASP8AP2	6.984905
CASP9	4.200833
CASQ1	12.086915
CASQ2	5.027635
CASR	11.055589
CASS4	7.852837
CAST	6.184946
CASTOR1	5.338203
CASZ1	7.142277
CAT	6.863771
CATIP	10.853069
CATSPER1	2.863936
CATSPER2	9.974285
CATSPER3	8.547237
CATSPER4	3.712206
CATSPERB	12.123297
CATSPERD	8.669942
CATSPERE	1.618607
CATSPERG	4.423609
CAV1	7.018942
CAV2	3.426444
CAV3	1.102989
CAVIN1	3.719655
CAVIN2	0.858838
CAVIN3	10.921803
CAVIN4	5.26715
CBARP	1.689304
CBFA2T2	4.035158
CBFA2T3	0.358308
CBFB	3.356672
CBL	1.314778
CBLB	4.531302
CBLC	1.450896
CBLIF	3.04534
CBLL1	6.292454
CBLN1	9.693087
CBLN2	6.61528
CBLN3	6.173199
CBLN4	11.182721
CBR1	12.070834
CBR3	1.208143
CBR4	2.343836
CBS	11.2065
CBX1	11.013098
CBX2	6.66365
CBX3	8.471984
CBX4	2.405756
CBX5	2.701601
CBX6	4.586766
CBX7	4.823165
CBX8	2.89321
CBY3	9.555172
CC2D1A	6.47878
CC2D1B	11.012871
CC2D2A	0.662358
CCAR1	12.068612
CCAR2	2.079884
CCBE1	5.424266
CCDC102A	12.184357
CCDC102B	11.899734
CCDC103	2.698103
CCDC105	1.629368
CCDC106	11.452204
CCDC107	2.440971
CCDC110	10.664743
CCDC112	7.475544
CCDC113	5.324725
CCDC114	11.35528
CCDC115	11.923265
CCDC116	2.313468
CCDC117	5.002939
CCDC12	5.947226
CCDC120	9.410591
CCDC121	8.36238
CCDC122	5.689887
CCDC124	3.991724
CCDC126	9.100233
CCDC127	5.367597
CCDC130	5.178643
CCDC134	0.404402
CCDC136	5.683972
CCDC137	9.125134
CCDC138	9.654283
CCDC14	1.476267
CCDC141	0.725868
CCDC142	10.288532
CCDC146	5.907553
CCDC148	9.076594
CCDC149	1.494635
CCDC15	0.530805
CCDC150	10.088513
CCDC151	2.754445
CCDC152	6.844922
CCDC153	4.128039
CCDC154	10.885421
CCDC155	0.394749
CCDC157	2.276789
CCDC158	4.0188
CCDC159	5.150575
CCDC163	11.387448
CCDC166	6.83826
CCDC167	2.981586
CCDC168	8.260103
CCDC169	9.553356
CCDC17	5.623979
CCDC170	4.097197
CCDC171	11.967363
CCDC173	6.949334
CCDC174	4.162998
CCDC175	9.18947
CCDC177	12.194159
CCDC178	5.347188
CCDC18	3.329136
CCDC180	9.294364
CCDC181	2.126241
CCDC183	6.982511
CCDC184	4.733642
CCDC185	5.064453
CCDC186	6.895501
CCDC188	1.083808
CCDC189	3.282478
CCDC190	2.16404
CCDC191	7.738324
CCDC192	9.488892
CCDC194	4.95449
CCDC196	6.864156
CCDC197	5.140106
CCDC198	2.867287
CCDC200	9.063512
CCDC201	9.247736
CCDC22	1.769969
CCDC24	5.695622
CCDC27	9.715202
CCDC28A	11.829077
CCDC28B	3.437056
CCDC3	2.867619
CCDC30	11.335581
CCDC32	8.420588
CCDC33	7.785008
CCDC34	1.102758
CCDC36	7.94752
CCDC38	10.970971
CCDC39	10.153542
CCDC40	4.40686
CCDC42	9.571003
CCDC43	2.781901
CCDC47	8.854655
CCDC50	8.073528
CCDC51	0.934417
CCDC57	10.510081
CCDC58	6.240232
CCDC59	7.327904
CCDC6	9.773363
CCDC60	3.494408
CCDC61	1.523235
CCDC62	1.771115
CCDC63	7.256518
CCDC65	11.427373
CCDC66	0.947815
CCDC68	9.051213
CCDC69	2.466182
CCDC7	10.498587
CCDC71	0.680895
CCDC73	1.383659
CCDC77	0.672413
CCDC78	4.804743
CCDC8	8.983988
CCDC80	2.533574
CCDC81	7.23729
CCDC82	7.85015
CCDC83	10.832678
CCDC85A	4.85306
CCDC85B	5.507748
CCDC86	10.508616
CCDC87	3.139978
CCDC88A	11.968938
CCDC88B	6.661052
CCDC88C	8.08716
CCDC89	10.396252
CCDC9	1.125157
CCDC90B	7.520104
CCDC91	8.057951
CCDC92	5.15284
CCDC93	0.546398
CCDC97	7.609233
CCDC9B	9.943513
CCER2	4.963538
CCHCR1	3.044344
CCK	4.91956
CCKAR	9.686445
CCKBR	0.535141
CCL1	8.490823
CCL13	10.320525
CCL19	9.750916
CCL2	10.961855
CCL21	9.459061
CCL22	9.397027
CCL24	6.77093
CCL25	1.995788
CCL26	4.067373
CCL27	5.702763
CCL28	2.756177
CCL5	7.321709
CCL8	1.972397
CCM2	7.892471
CCM2L	5.434917
CCN1	11.707793
CCN2	5.96234
CCN3	3.994715
CCN4	6.269773
CCN5	8.812405
CCN6	9.377352
CCNA1	1.508194
CCNA2	0.578193
CCNB1	6.111132
CCNB1IP1	0.947231
CCNB2	0.814206
CCNB3	9.845858
CCNC	6.292764
CCND1	9.261109
CCND3	7.229791
CCNDBP1	3.549654
CCNE1	6.573117
CCNE2	8.250798
CCNF	11.061706
CCNG1	11.189636
CCNG2	8.656132
CCNH	7.261048
CCNI	0.43842
CCNI2	10.10703
CCNJ	6.175187
CCNJL	10.904293
CCNK	10.137291
CCNL1	8.19435
CCNL2	10.004818
CCNO	1.936644
CCNQ	9.634269
CCNT1	9.576413
CCNT2	2.99311
CCNY	5.043872
CCNYL1	10.650841
CCNYL2	11.605991
CCP110	4.675944
CCPG1	11.405713
CCR10	2.950472
CCR2	10.064593
CCR3	8.342734
CCR4	5.047289
CCR5	10.594043
CCR6	8.366905
CCR7	4.375643
CCR9	3.100055
CCRL2	10.96919
CCS	9.212608
CCSAP	0.628583
CCSER1	10.399846
CCSER2	6.523531
CCT2	12.195154
CCT3	6.211655
CCT4	11.506159
CCT5	3.041955
CCT6B	3.678587
CCT7	4.664981
CCT8	7.917692
CD101	8.322616
CD109	7.919067
CD14	12.209678
CD151	4.604966
CD160	7.925386
CD163	9.704288
CD163L1	11.189164
CD164	4.54531
CD164L2	6.566312
CD177	10.152219
CD180	2.666443
CD19	0.251557
CD1A	2.143724
CD1C	12.16257
CD1D	7.034937
CD2	3.137132
CD200	7.889354
CD200R1	3.17592
CD207	1.914604
CD209	6.338074
CD22	7.160951
CD226	7.129378
CD244	9.067076
CD247	11.310832
CD248	1.33942
CD27	9.044159
CD274	3.422964
CD276	11.073802
CD28	11.663203
CD2AP	10.633293
CD2BP2	0.782427
CD300A	5.6296
CD300C	6.586474
CD300E	8.576237
CD300H	11.475408
CD300LD	9.203111
CD300LF	6.945001
CD300LG	5.889632
CD302	7.13342
CD320	9.913492
CD33	9.910575
CD34	3.621772
CD36	7.194589
CD37	7.610464
CD38	7.889429
CD3D	8.332554
CD3E	2.348364
CD3EAP	6.157151
CD3G	3.887303
CD4	6.188281
CD40	8.764309
CD40LG	8.922356
CD44	2.903833
CD46	4.295286
CD47	2.37105
CD48	2.638197
CD5	5.04029
CD52	11.16905
CD53	6.532044
CD55	9.267503
CD58	5.78064
CD59	10.135608
CD5L	4.370211
CD6	9.565613
CD63	1.566992
CD68	4.933966
CD69	4.326996
CD7	6.274707
CD72	11.050234
CD74	0.603845
CD79A	9.892386
CD79B	9.619625
CD80	5.894806
CD81	7.942186
CD82	9.499323
CD83	10.470943
CD84	9.216507
CD86	2.646052
CD8A	10.40966
CD9	8.977297
CD93	0.473088
CD96	8.599971
CD99	9.254374
CD99L2	2.076786
CDA	9.159889
CDADC1	1.650037
CDAN1	2.248578
CDC123	7.430937
CDC14A	1.17895
CDC14C	4.229943
CDC16	2.196984
CDC20	7.872973
CDC20B	6.73521
CDC23	3.697702
CDC25A	4.322634
CDC25B	9.896
CDC25C	2.216382
CDC26	10.497029
CDC27	6.061635
CDC34	0.930775
CDC37	11.324941
CDC37L1	4.154332
CDC40	2.806216
CDC42	0.804473
CDC42BPA	1.97489
CDC42BPB	1.689417
CDC42BPG	2.815485
CDC42EP1	0.367827
CDC42EP2	9.319752
CDC42EP3	3.034432
CDC42SE1	1.964009
CDC42SE2	3.733218
CDC45	11.37708
CDC5L	4.760835
CDC6	9.179531
CDC73	2.773955
CDCA2	4.138015
CDCA3	9.945386
CDCA5	7.536639
CDCA7	6.856689
CDCA7L	3.613406
CDCA8	5.734566
CDCP1	0.405922
CDH1	9.30833
CDH10	5.949877
CDH11	6.85553
CDH12	9.089946
CDH13	5.659811
CDH15	9.572457
CDH16	6.526257
CDH17	8.709185
CDH18	11.808056
CDH19	2.220409
CDH2	1.728608
CDH20	12.113097
CDH22	8.327259
CDH23	4.04529
CDH24	3.241838
CDH26	11.05669
CDH3	1.611968
CDH4	2.876303
CDH5	4.905134
CDH6	9.960228
CDH7	3.09577
CDH8	10.126371
CDH9	6.126635
CDHR1	6.372591
CDHR2	10.553419
CDHR3	7.374231
CDHR5	2.006409
CDIP1	3.587449
CDIPT	4.214374
CDK1	5.829149
CDK10	9.438135
CDK12	3.497477
CDK13	9.176065
CDK14	1.628554
CDK15	0.436338
CDK16	8.237682
CDK17	8.19359
CDK18	4.095051
CDK19	1.007581
CDK2	10.454668
CDK20	10.627577
CDK2AP1	10.535811
CDK2AP2	4.787915
CDK3	11.222816
CDK4	8.661248
CDK5	6.855661
CDK5R1	1.392046
CDK5R2	4.460081
CDK5RAP1	11.731032
CDK5RAP2	8.883755
CDK5RAP3	8.745795
CDK6	4.684038
CDK7	4.256152
CDK8	8.841465
CDK9	4.972501
CDKAL1	10.606099
CDKL1	5.597569
CDKL2	1.514519
CDKL3	7.459035
CDKL4	2.498258
CDKL5	6.650098
CDKN1A	5.931094
CDKN1B	10.085801
CDKN2AIP	1.573456
CDKN2AIPNL	3.936116
CDKN2B	6.445632
CDKN2C	2.359128
CDKN2D	7.98463
CDKN3	2.827563
CDNF	10.110761
CDO1	9.783031
CDON	11.329492
CDPF1	8.667557
CDR1	9.092109
CDR2L	7.971263
CDRT4	2.506669
CDS1	5.183549
CDS2	5.18878
CDT1	1.224718
CDV3	9.376643
CDX1	11.25761
CDX4	9.84354
CDYL	10.534162
CDYL2	6.236739
CEACAM18	8.569498
CEACAM19	3.586634
CEACAM20	10.692275
CEACAM4	8.915522
CEACAM8	1.934322
CEBPA	0.821334
CEBPB	1.633425
CEBPD	11.927774
CEBPE	12.041689
CEBPG	5.624658
CEBPZ	8.342114
CECR2	4.775221
CEL	8.328532
CELA1	3.749161
CELA2B	0.672242
CELF1	0.41432
CELF2	3.991439
CELF3	11.889466
CELF4	9.168252
CELSR1	11.167889
CELSR2	2.26938
CELSR3	9.869411
CEMIP	1.305538
CEMIP2	3.833754
CENPA	10.80791
CENPB	2.976002
CENPBD1	10.845594
CENPC	2.883494
CENPE	3.777784
CENPF	10.647513
CENPH	6.462528
CENPI	10.548032
CENPJ	10.031129
CENPK	6.395591
CENPL	7.817776
CENPM	0.489014
CENPN	6.520819
CENPO	10.118556
CENPP	7.509019
CENPQ	10.95778
CENPS-CORT	12.24518
CENPT	11.038408
CENPU	5.120056
CENPV	11.600106
CENPW	4.699759
CENPX	2.671204
CEP104	6.380515
CEP112	4.278525
CEP120	7.514393
CEP126	5.717098
CEP128	9.265087
CEP131	9.273435
CEP135	7.984814
CEP152	9.557142
CEP162	4.527876
CEP164	11.433497
CEP170	1.244807
CEP170B	5.087757
CEP19	2.418279
CEP192	10.337423
CEP250	10.113982
CEP290	4.919364
CEP295	7.421931
CEP295NL	8.424301
CEP350	7.654574
CEP41	3.620349
CEP44	3.333203
CEP55	4.054925
CEP57	11.312073
CEP57L1	9.021025
CEP63	0.746422
CEP68	10.732026
CEP70	11.463127
CEP72	4.44808
CEP76	12.226365
CEP78	7.912446
CEP83	9.332223
CEP85	7.785983
CEP85L	4.131942
CEP89	8.488608
CEP95	2.204601
CEP97	5.920174
CEPT1	8.914901
CER1	3.263486
CERCAM	5.623025
CERK	11.094319
CERKL	2.351102
CERS2	3.256791
CERS3	6.3895
CERS4	5.190749
CERS5	4.678179
CERS6	7.844647
CES1	9.388929
CETN2	11.190505
CETN3	9.396525
CETP	2.372316
CFAP100	4.200289
CFAP126	5.819458
CFAP157	11.456816
CFAP161	4.07154
CFAP20	2.679548
CFAP206	1.728738
CFAP221	7.092261
CFAP298	6.713204
CFAP299	3.849006
CFAP300	2.307714
CFAP36	0.383186
CFAP410	7.432116
CFAP43	5.185618
CFAP44	5.550756
CFAP45	9.865417
CFAP46	5.055632
CFAP52	9.3025
CFAP54	8.558119
CFAP57	4.485479
CFAP58	5.717366
CFAP61	7.077828
CFAP65	4.794676
CFAP69	9.687976
CFAP70	6.715344
CFAP73	5.298924
CFAP74	2.920902
CFAP77	11.196336
CFAP97	7.614116
CFAP97D1	10.498573
CFAP99	10.028986
CFD	2.382247
CFDP1	7.462938
CFH	8.771376
CFHR5	2.482254
CFL1	4.765099
CFL2	9.270409
CFLAR	7.730448
CFP	8.4189
CFTR	1.424464
CGAS	6.008991
CGNL1	4.449181
CGREF1	1.849446
CHAC1	9.886728
CHAC2	10.772841
CHAD	10.575747
CHADL	8.031737
CHAF1A	8.635975
CHAF1B	0.384151
CHAMP1	4.670835
CHAT	6.523273
CHCHD1	3.801585
CHCHD10	1.461699
CHCHD5	1.820661
CHCHD6	0.680038
CHCHD7	7.624014
CHD1	3.540374
CHD1L	8.392009
CHD2	7.559645
CHD3	1.376173
CHD5	2.636292
CHD6	10.759929
CHD7	7.876942
CHD8	3.675911
CHD9	8.488875
CHDH	2.725074
CHEK1	11.66155
CHEK2	2.92058
CHERP	6.013622
CHFR	11.545824
CHGA	1.017018
CHGB	6.232327
CHI3L1	11.797347
CHI3L2	9.18662
CHIA	1.625205
CHIC1	9.556951
CHIC2	6.675687
CHID1	6.899715
CHIT1	10.801106
CHKA	2.449125
CHKB	3.40968
CHL1	0.655242
CHM	4.831374
CHMP1A	10.556451
CHMP2A	8.329363
CHMP2B	6.876568
CHMP4C	6.523781
CHMP5	7.659533
CHMP6	7.162154
CHMP7	12.124025
CHN1	7.371962
CHODL	11.616699
CHORDC1	5.7341
CHP1	10.253246
CHP2	5.647762
CHPF	2.866287
CHPF2	7.559254
CHPT1	7.707411
CHRAC1	9.741653
CHRD	2.351823
CHRDL1	0.761594
CHRDL2	9.242366
CHRM1	9.789568
CHRM2	4.622496
CHRM4	7.427219
CHRM5	4.04716
CHRNA1	0.848237
CHRNA10	6.236811
CHRNA2	5.358889
CHRNA3	0.953969
CHRNA4	6.161247
CHRNA5	4.385383
CHRNA6	5.225953
CHRNA9	3.995736
CHRNB1	10.043568
CHRNB2	1.255139
CHRNB3	3.705346
CHRNB4	8.450371
CHRND	11.67365
CHRNE	8.887726
CHRNG	7.972287
CHST1	10.460043
CHST10	9.06258
CHST11	7.088673
CHST12	11.355191
CHST13	9.209699
CHST15	6.871935
CHST2	9.647885
CHST3	3.968562
CHST4	5.759673
CHST6	3.575422
CHST7	7.641025
CHST8	3.766387
CHST9	7.981977
CHSY1	6.445006
CHSY3	11.367566
CHTF18	5.211809
CHTF8	9.762826
CHTOP	8.711454
CHUK	11.907388
CIAO1	3.406073
CIAO2B	4.837776
CIAO3	1.808578
CIART	3.896322
CIB1	8.782879
CIB2	8.919675
CIB3	3.146849
CIB4	6.062744
CIC	9.605461
CIDEA	11.788008
CIDEB	0.394655
CIDEC	6.483916
CIITA	6.388409
CILP	4.761894
CILP2	9.781982
CINP	11.279272
CIP2A	0.268712
CIPC	1.353929
CIR1	1.89786
CIRBP	10.722937
CISD1	4.343304
CISD2	9.800921
CISH	10.492868
CIT	8.447291
CITED1	11.772037
CITED2	4.913299
CIZ1	5.743834
CKAP2	3.225247
CKAP2L	10.484616
CKAP4	2.611325
CKAP5	3.418804
CKB	4.871666
CKLF	5.651362
CKM	5.820792
CKMT2	1.485348
CLASP1	1.638279
CLASRP	6.190495
CLBA1	11.789234
CLC	4.015334
CLCA1	2.368387
CLCA2	4.84751
CLCA4	10.837553
CLCC1	9.592756
CLCF1	1.784899
CLCN1	11.411749
CLCN2	6.033897
CLCN3	11.392446
CLCN4	5.834003
CLCN5	3.757908
CLCN6	3.264952
CLCN7	4.659962
CLCNKA	0.533782
CLCNKB	2.502247
CLDN1	2.898105
CLDN10	3.797126
CLDN11	8.220923
CLDN12	1.602266
CLDN14	4.338768
CLDN15	1.57982
CLDN16	1.538064
CLDN19	9.75149
CLDN2	9.228369
CLDN20	11.013663
CLDN22	1.846545
CLDN24	6.422774
CLDN3	6.163768
CLDN4	12.025957
CLDN5	0.943827
CLDN7	11.57393
CLDN9	5.768516
CLDND1	2.530038
CLDND2	8.51412
CLEC10A	9.941511
CLEC11A	8.761471
CLEC12A	11.442325
CLEC12B	4.10513
CLEC16A	0.68906
CLEC17A	1.604387
CLEC19A	3.851385
CLEC1A	7.678681
CLEC20A	10.0257
CLEC2B	9.701114
CLEC2D	6.3802
CLEC2L	7.434933
CLEC3A	2.275632
CLEC3B	4.404386
CLEC4A	4.40114
CLEC4E	2.491579
CLEC4F	2.143891
CLEC4G	2.204843
CLEC5A	0.753542
CLEC6A	8.230888
CLEC7A	1.389812
CLGN	3.940002
CLHC1	6.425292
CLIC1	8.649736
CLIC2	4.053932
CLIC3	2.260306
CLIC4	7.719526
CLIC5	5.840609
CLIC6	3.212846
CLINT1	0.436243
CLIP1	3.5574
CLIP2	8.491808
CLIP3	8.004082
CLIP4	2.01165
CLK1	3.545927
CLK2	6.499622
CLK3	0.501511
CLK4	1.064323
CLMN	11.619443
CLMP	4.248009
CLN3	10.762117
CLN6	3.216277
CLN8	0.452601
CLNK	9.923564
CLNS1A	9.692232
CLOCK	5.1938
CLP1	4.3268
CLPB	7.075365
CLPS	10.703921
CLPSL1	12.161526
CLPTM1	11.930913
CLPTM1L	6.540005
CLRN1	1.454471
CLRN2	0.563126
CLRN3	6.830999
CLSPN	10.359679
CLSTN1	1.555903
CLSTN2	1.531486
CLSTN3	8.781405
CLTA	2.397209
CLTB	12.003563
CLTC	9.308865
CLTCL1	10.36105
CLU	10.446191
CLUAP1	11.97753
CLUH	5.567614
CLUL1	6.38548
CLVS1	0.729633
CLVS2	7.784792
CLYBL	11.298559
CMA1	0.941974
CMAS	7.398054
CMBL	9.778169
CMC2	11.091139
CMC4	5.556979
CMIP	7.318011
CMKLR1	8.114753
CMPK2	1.509408
CMSS1	8.254955
CMTM2	2.659365
CMTM3	2.762444
CMTM4	1.989016
CMTM5	11.823692
CMTM6	9.812591
CMTM7	5.651849
CMTM8	10.527729
CMTR1	2.207727
CMYA5	4.147946
CNBD1	8.695218
CNBD2	8.434594
CNBP	4.870453
CNDP1	11.853616
CNDP2	9.435946
CNEP1R1	2.077221
CNFN	10.555775
CNGA1	4.704711
CNGA3	5.557214
CNGA4	8.717516
CNGB1	6.923211
CNGB3	2.625036
CNIH1	7.196457
CNIH2	2.316015
CNIH3	4.671627
CNIH4	7.255449
CNKSR1	4.047225
CNKSR2	3.223702
CNKSR3	11.850691
CNMD	7.611587
CNN1	8.164397
CNN3	7.174353
CNNM1	8.889776
CNNM2	4.895229
CNNM3	10.95994
CNNM4	5.796233
CNOT1	12.184777
CNOT10	3.53296
CNOT11	5.707364
CNOT3	11.320532
CNOT4	4.94522
CNOT6	1.866504
CNOT6L	10.770966
CNOT7	12.137898
CNOT8	4.527103
CNP	0.428237
CNPPD1	5.351776
CNPY1	10.868761
CNPY2	2.632986
CNPY3	0.277586
CNPY4	0.615949
CNR1	8.963973
CNR2	0.396706
CNRIP1	5.759395
CNST	0.709085
CNTD1	10.869903
CNTD2	4.646073
CNTFR	10.022111
CNTLN	3.287562
CNTN1	7.703646
CNTN2	2.2446
CNTN3	1.125177
CNTN4	9.893978
CNTN5	2.230108
CNTN6	4.999292
CNTNAP1	8.102657
CNTNAP2	5.720678
CNTNAP5	4.018149
CNTRL	4.324537
CNTROB	9.079619
COA1	2.762237
COA5	8.651526
COA6	7.184288
COA7	3.16758
COASY	0.427327
COBL	3.529252
COBLL1	2.172264
COCH	8.573596
COG2	0.386093
COG3	3.631268
COG4	4.643811
COG5	9.567115
COG6	4.557978
COG7	9.751282
COIL	5.688557
COL10A1	9.814014
COL11A1	5.950723
COL11A2	6.290559
COL12A1	9.218765
COL14A1	0.638947
COL16A1	4.639032
COL17A1	0.808062
COL18A1	3.361877
COL19A1	11.729078
COL1A1	1.747475
COL1A2	5.597643
COL20A1	9.078248
COL21A1	6.551294
COL22A1	4.45199
COL23A1	2.437699
COL24A1	2.196867
COL25A1	3.587758
COL26A1	3.936042
COL27A1	6.42429
COL28A1	2.06169
COL2A1	6.401002
COL3A1	0.572552
COL4A1	1.966122
COL4A2	1.712664
COL4A3	8.576357
COL4A3BP	2.369985
COL4A4	4.542
COL4A5	1.651772
COL4A6	7.817152
COL5A1	6.278917
COL5A2	8.963174
COL5A3	5.883264
COL6A1	5.754522
COL6A2	7.283104
COL6A3	7.298799
COL6A5	6.597097
COL6A6	11.517635
COL7A1	5.287896
COL8A1	10.356833
COL8A2	9.689346
COL9A1	12.051915
COL9A2	11.281135
COLCA2	4.10894
COLEC10	0.908414
COLEC11	9.482637
COLEC12	11.868998
COLGALT1	0.898934
COLGALT2	6.934637
COMMD1	3.840804
COMMD10	5.34438
COMMD2	6.452012
COMMD3	2.877706
COMMD4	10.332477
COMMD5	0.437437
COMMD7	2.038037
COMMD8	9.545625
COMMD9	9.181082
COMP	5.21116
COMT	11.516654
COMTD1	12.031594
COP1	8.693384
COPA	6.46634
COPB1	0.612469
COPB2	4.097321
COPE	8.207749
COPG1	10.190171
COPG2	6.746631
COPRS	1.829722
COPS2	3.670735
COPS3	9.537623
COPS4	0.873558
COPS5	3.687666
COPS7A	4.88253
COPS7B	5.920415
COPS8	2.178188
COPZ1	1.264092
COPZ2	1.320323
COQ10A	11.206353
COQ10B	4.894824
COQ2	9.740178
COQ3	11.165344
COQ4	9.744171
COQ5	3.875028
COQ6	9.89844
COQ8A	5.159986
COQ8B	9.305224
COQ9	8.173656
CORIN	8.951849
CORO1A	6.329566
CORO1B	6.134719
CORO1C	7.804894
CORO2A	6.522136
CORO2B	5.812032
CORO6	10.871526
COTL1	8.63107
COX1	0.74298
COX10	0.845866
COX11	6.652444
COX15	8.717494
COX16	9.224801
COX17	7.940008
COX18	5.483915
COX2	6.001759
COX20	11.071985
COX3	5.709953
COX4I2	8.61077
COX6A1	11.442693
COX6A2	2.198785
COX7A1	4.86775
COX7B	8.932024
COX7B2	11.537278
COX8A	6.427917
CP	0.534671
CPA1	11.342793
CPA2	5.919309
CPA3	11.07045
CPA4	1.41961
CPA5	0.344085
CPA6	3.954556
CPAMD8	0.685274
CPB1	0.426262
CPD	11.839721
CPE	3.10565
CPEB1	5.898141
CPEB2	8.751792
CPEB3	0.724995
CPEB4	7.369231
CPED1	4.304214
CPLANE1	8.709429
CPLANE2	0.391141
CPLX1	5.451989
CPLX2	10.608058
CPLX3	1.03382
CPM	7.612017
CPN1	12.200096
CPNE2	7.321006
CPNE3	8.849822
CPNE4	2.011738
CPNE5	8.507911
CPNE6	1.46567
CPNE7	7.458627
CPNE8	11.825181
CPNE9	7.287038
CPO	5.190961
CPOX	5.003565
CPPED1	11.208144
CPQ	6.872515
CPS1	2.415279
CPSF1	10.169367
CPSF2	7.284769
CPSF3	5.311732
CPSF4	2.524659
CPSF4L	11.032911
CPSF6	10.062343
CPSF7	6.61114
CPT1A	3.481421
CPT1B	3.34685
CPT1C	7.806916
CPT2	9.784279
CPTP	1.928189
CPVL	8.881558
CPXM1	0.539949
CPXM2	3.887393
CPZ	1.340366
CR1	1.653863
CR1L	10.502968
CR2	8.385607
CRABP1	6.550041
CRABP2	5.322028
CRACR2A	2.510521
CRACR2B	5.186144
CRADD	8.98546
CRAMP1	3.476752
CRAT	0.707971
CRB1	0.543246
CRB2	2.017167
CRB3	11.382308
CRBN	9.213193
CRCP	2.744755
CREB1	5.845741
CREB3	6.647713
CREB3L1	3.142979
CREB3L2	4.930779
CREB3L3	0.566638
CREB3L4	6.769555
CREB5	9.93116
CREBBP	6.750479
CREBL2	3.332748
CREBRF	4.36414
CREBZF	9.225366
CREG1	9.617848
CREG2	0.457018
CRELD1	2.925323
CRELD2	8.183316
CREM	8.371687
CRH	11.438747
CRHBP	0.257111
CRHR1	5.774884
CRHR2	1.831981
CRIM1	8.008776
CRIP2	8.22622
CRIP3	5.013038
CRIPT	4.96204
CRISP3	8.220779
CRISPLD1	7.440647
CRISPLD2	7.836697
CRK	11.309685
CRKL	7.067626
CRLF1	9.937476
CRLF3	6.947088
CRLS1	5.030205
CRMP1	4.223927
CRNKL1	1.715157
CROCC	0.478655
CROCC2	11.490975
CROT	9.22819
CRP	0.70103
CRPPA	4.219191
CRTAC1	5.474737
CRTAM	11.450319
CRTAP	6.68246
CRTC1	4.293511
CRTC2	9.077876
CRTC3	12.133453
CRY1	5.53433
CRY2	4.176899
CRYAB	1.76132
CRYBA1	0.665193
CRYBA2	0.515697
CRYBA4	4.773577
CRYBB1	4.931944
CRYBB2	4.004181
CRYBB3	9.639105
CRYBG1	3.882708
CRYBG3	11.036403
CRYGA	0.910985
CRYGB	5.654344
CRYGD	11.713987
CRYGN	6.551283
CRYGS	6.480793
CRYL1	4.472289
CRYM	3.139797
CRYZ	8.393654
CRYZL1	10.273673
CS	10.428847
CSAD	8.304241
CSDC2	8.756753
CSDE1	1.766815
CSE1L	8.222673
CSF1	10.375876
CSF1R	10.08917
CSF2RB	0.945233
CSF3	2.495156
CSF3R	7.143877
CSGALNACT1	3.201272
CSGALNACT2	9.393728
CSK	0.982651
CSKMT	7.849324
CSMD1	9.094595
CSMD2	8.987805
CSMD3	6.669565
CSNK1A1	2.892574
CSNK1D	7.913147
CSNK1G1	1.25641
CSNK1G2	7.823615
CSNK1G3	9.357508
CSNK2A2	8.594177
CSPG4	2.596884
CSPG5	11.591709
CSPP1	2.150448
CSRNP1	1.253908
CSRNP2	9.120306
CSRNP3	9.7963
CSRP1	9.572463
CSRP2	8.400991
CST3	1.406048
CST5	2.785593
CST6	1.992534
CST7	10.798174
CSTA	2.591438
CSTB	6.982138
CSTF1	5.474132
CSTF2	11.225038
CSTF3	5.681497
CSTL1	6.672851
CT55	7.307026
CTBP1	4.447897
CTBP2	3.998048
CTBS	8.615112
CTC1	2.25941
CTCF	10.471428
CTCFL	9.696673
CTDNEP1	2.614355
CTDP1	3.778995
CTDSP1	3.246539
CTDSP2	5.733905
CTDSPL	9.857715
CTDSPL2	6.53853
CTF1	11.887785
CTH	7.71725
CTHRC1	5.601519
CTIF	6.341333
CTNNA1	7.21634
CTNNA2	11.064157
CTNNA3	11.681818
CTNNAL1	10.556457
CTNNB1	7.327659
CTNNBIP1	0.671477
CTNNBL1	10.312929
CTNND1	11.995417
CTNND2	0.852328
CTNS	5.960088
CTPS1	5.947615
CTPS2	5.265474
CTR9	2.182658
CTRL	4.857589
CTSA	1.450673
CTSB	12.173706
CTSC	6.440217
CTSD	9.298213
CTSF	8.246181
CTSH	7.769119
CTSK	9.75601
CTSL	2.961912
CTSO	8.93084
CTSS	10.374172
CTSV	1.386189
CTSW	9.434297
CTSZ	1.016412
CTTN	0.41515
CTTNBP2	9.064835
CTTNBP2NL	1.421758
CTU1	5.504875
CTU2	8.339433
CTXN1	9.388886
CTXN2	5.322097
CTXN3	6.110301
CTXND1	11.284951
CUBN	7.139787
CUEDC1	9.614979
CUEDC2	11.044022
CUL1	2.274948
CUL2	0.501241
CUL3	2.468448
CUL4A	2.283922
CUL4B	4.359436
CUL5	8.314957
CUL7	5.919392
CUL9	8.335184
CUTA	6.20794
CUTC	8.816421
CUX1	9.792489
CUX2	5.805555
CWC15	10.650084
CWC22	2.758856
CWC25	11.040869
CWC27	3.222351
CWF19L2	7.043132
CWH43	5.161029
CX3CL1	0.470217
CX3CR1	4.274288
CXCL1	9.558009
CXCL10	9.706361
CXCL11	1.239655
CXCL12	11.198175
CXCL14	10.590319
CXCL16	11.644419
CXCL17	11.128314
CXCL2	3.010827
CXCL3	0.652453
CXCL6	6.439809
CXCL8	11.302183
CXCL9	2.256683
CXCR1	11.033191
CXCR3	4.953082
CXCR4	4.315465
CXCR5	11.925988
CXCR6	10.373605
CXXC1	10.678008
CXXC4	1.983819
CXXC5	5.853864
CXorf21	7.622338
CXorf38	1.7378
CXorf56	4.687795
CXorf58	4.336
CXorf65	6.37491
CYB561	1.850471
CYB561A3	3.551304
CYB561D1	5.455606
CYB561D2	11.641077
CYB5B	2.087791
CYB5D1	11.965044
CYB5D2	2.995488
CYB5R1	8.047695
CYB5R2	4.437213
CYB5R3	7.032687
CYB5R4	11.724466
CYBA	4.218724
CYBB	3.450005
CYBRD1	1.764115
CYC1	6.104771
CYFIP1	7.399439
CYFIP2	0.483286
CYGB	4.968446
CYHR1	2.512795
CYLD	7.0558
CYP11A	2.106376
CYP11B1	10.286608
CYP17A1	8.496427
CYP19A1	10.439495
CYP1A1	6.652083
CYP1B1	5.82323
CYP21A2	10.974122
CYP24A1	3.335285
CYP26A1	5.037082
CYP26B1	8.94781
CYP26C1	9.130806
CYP27A1	3.255278
CYP27B1	5.448959
CYP27C1	4.728074
CYP2A23	12.175191
CYP2A24	6.689445
CYP2A26	0.413407
CYP2B6	11.407264
CYP2C43	0.55822
CYP2C75	5.916023
CYP2C8	6.832151
CYP2D17	0.964213
CYP2D44	10.025468
CYP2E1	11.571202
CYP2G2	2.780646
CYP2J2	6.753949
CYP2R1	6.862053
CYP2S1	10.09746
CYP2U1	10.934546
CYP2W1	10.480024
CYP39A1	2.162283
CYP3A4	2.745288
CYP3A43	2.286497
CYP3A5	3.654817
CYP46A1	1.300939
CYP4A11	3.464974
CYP4B1	7.52284
CYP4F11	2.268828
CYP4F12	6.689928
CYP4F2	12.091162
CYP4F22	3.283304
CYP4V2	1.619788
CYP4X1	10.152184
CYP51A1	7.542922
CYP7A1	2.474679
CYP7B1	9.275065
CYREN	5.267951
CYS1	11.99716
CYSLTR1	7.141435
CYSLTR2	10.008451
CYSRT1	11.087881
CYSTM1	9.907697
CYTB	0.836566
CYTH1	0.722417
CYTH2	7.598976
CYTH3	6.867573
CYTH4	8.99851
CYTIP	3.067356
CYTL1	10.314256
CYYR1	11.140107
CZIB	8.914383
D2HGDH	9.197381
DAAM1	12.080003
DAAM2	0.442028
DAB1	11.39294
DAB2	4.992665
DAB2IP	5.232582
DACH1	7.351278
DACH2	11.021513
DACT1	1.100353
DACT2	2.503789
DAD1	5.969194
DAG1	11.200539
DAGLA	7.338018
DAGLB	5.879475
DALRD3	4.948896
DAND5	11.625934
DAO	0.817726
DAP	3.947277
DAP3	6.80012
DAPK1	9.679302
DAPK2	2.767189
DAPK3	5.666634
DAPL1	6.009674
DAPP1	10.206039
DARS	4.332254
DARS2	5.843349
DAW1	12.150212
DAXX	12.170149
DAZAP1	7.891937
DAZAP2	6.255527
DAZL	6.670154
DBF4	8.5531
DBF4B	1.234662
DBH	7.879794
DBI	7.181193
DBN1	9.428476
DBNDD1	11.573041
DBNDD2	0.376176
DBNL	2.686259
DBP	6.685719
DBR1	4.043789
DBT	2.661428
DBX2	1.054681
DCAF1	9.314883
DCAF10	11.076887
DCAF12	8.178893
DCAF12L1	10.713579
DCAF12L2	11.877757
DCAF15	0.786897
DCAF16	5.239482
DCAF17	2.995528
DCAF4	11.179091
DCAF4L1	8.847695
DCAF4L2	7.033054
DCAF5	6.519767
DCAF7	7.63788
DCAF8	11.733457
DCAKD	9.857461
DCBLD1	3.681255
DCBLD2	1.373731
DCC	5.550797
DCDC2	6.563763
DCDC2B	8.392788
DCDC2C	7.861715
DCHS1	3.553095
DCK	2.079231
DCLK1	6.203999
DCLK2	9.099122
DCLK3	9.265947
DCLRE1A	6.151173
DCLRE1B	11.125896
DCLRE1C	8.579133
DCN	1.658639
DCP1A	10.442271
DCP1B	1.390493
DCP2	5.168635
DCPS	5.846465
DCST1	10.337742
DCST2	0.275783
DCSTAMP	10.520881
DCT	9.413255
DCTD	2.937277
DCTN2	3.130125
DCTN3	4.375612
DCTN4	12.148366
DCTN5	4.276271
DCTN6	6.158721
DCTPP1	3.493794
DCUN1D1	7.229529
DCUN1D2	8.025682
DCUN1D3	5.180901
DCUN1D4	0.34534
DCUN1D5	8.905435
DCX	10.025802
DCXR	10.843707
DDA1	11.209615
DDAH1	3.848021
DDAH2	7.763141
DDB1	3.058664
DDB2	8.857245
DDC	10.180256
DDHD1	6.714834
DDHD2	1.465472
DDI2	12.163034
DDIAS	5.596592
DDIT3	5.205942
DDIT4	10.976482
DDIT4L	8.845532
DDN	2.172561
DDO	3.846858
DDOST	8.97019
DDR1	12.148517
DDR2	12.118984
DDRGK1	0.949103
DDTL	1.143163
DDX1	8.537998
DDX10	3.867192
DDX11	10.984443
DDX17	5.367341
DDX18	12.211156
DDX19A	7.101706
DDX19B	10.644352
DDX20	0.677098
DDX21	9.613004
DDX23	10.709985
DDX24	4.43159
DDX25	3.717899
DDX27	7.456751
DDX28	2.416619
DDX31	4.533352
DDX39A	0.275191
DDX39B	1.206564
DDX3X	0.989407
DDX4	4.559793
DDX41	1.507693
DDX42	7.448997
DDX43	2.320444
DDX46	7.114783
DDX47	0.474994
DDX49	9.316282
DDX5	6.607339
DDX50	11.724667
DDX51	10.312871
DDX52	4.142513
DDX54	9.422822
DDX55	11.302103
DDX56	1.457974
DDX58	3.114332
DDX59	2.437302
DDX6	11.082606
DDX60	11.607095
DDX60L	4.119
DEAF1	1.68241
DEC1	4.776609
DECR1	0.435905
DECR2	4.249269
DEDD	6.782585
DEDD2	11.411456
DEF6	10.01958
DEF8	8.042487
DEFB1	11.325384
DEFB108B	8.73892
DEFB124	0.763956
DEFB125	9.668837
DEFB126	11.143926
DEFB135	10.242153
DEFB136	10.234718
DEGS1	6.244104
DEGS2	1.258861
DELE1	1.112165
DENND1A	3.052042
DENND1B	2.697241
DENND1C	5.343246
DENND2A	11.607419
DENND2C	8.768534
DENND2D	9.942466
DENND3	2.83151
DENND4A	0.563726
DENND4B	10.881899
DENND4C	3.568635
DENND5A	4.760832
DENND5B	5.503149
DENND6A	1.539802
DENND6B	6.573107
DENR	8.313512
DEPDC1	8.631932
DEPDC1B	0.394191
DEPDC7	2.325348
DEPTOR	7.818989
DERA	4.842707
DERL1	4.773842
DERL2	2.328488
DERL3	2.754633
DES	4.536364
DESI1	3.479477
DESI2	9.963678
DEUP1	3.006099
DEXI	7.643211
DFFA	8.882673
DFFB	9.886488
DGAT1	3.621293
DGAT2	10.198608
DGAT2L6	7.496668
DGCR2	8.824417
DGCR8	2.891216
DGKA	1.322706
DGKB	2.790727
DGKD	8.288797
DGKE	11.894579
DGKG	2.849595
DGKH	6.647984
DGKI	3.669079
DGKK	9.353413
DGKQ	9.803876
DGKZ	8.519715
DGLUCY	11.68423
DGUOK	12.106345
DHCR24	5.41999
DHCR7	1.053896
DHDDS	8.343174
DHDH	7.926494
DHFR2	10.079378
DHH	3.949115
DHODH	9.64866
DHPS	1.036646
DHRS1	11.735607
DHRS11	1.2585
DHRS12	3.541928
DHRS13	11.24026
DHRS2	5.674043
DHRS3	12.078668
DHRS7	11.577521
DHRS7B	11.891146
DHRS7C	3.170147
DHRS9	5.422368
DHTKD1	0.337124
DHX15	7.87016
DHX16	11.307544
DHX29	6.221019
DHX30	3.987713
DHX32	0.969807
DHX33	7.723771
DHX34	8.534719
DHX35	4.199368
DHX36	4.423155
DHX37	6.927952
DHX38	12.245814
DHX40	7.634683
DHX57	10.941567
DHX58	6.32426
DHX9	7.238744
DIAPH1	4.336434
DIAPH2	10.36325
DIAPH3	5.753567
DICER1	11.809835
DIDO1	11.778854
DIMT1	11.915272
DIO1	11.419545
DIP2A	5.231765
DIP2B	3.698141
DIP2C	9.247535
DIPK1A	8.552551
DIPK1B	10.813968
DIPK1C	10.281281
DIPK2A	4.47769
DIPK2B	6.129562
DIRAS1	10.827125
DIRAS2	9.475427
DIS3	5.715534
DIS3L	1.26727
DIS3L2	1.036024
DISC1	3.246026
DISP1	8.501212
DISP2	5.680751
DISP3	10.198551
DIXDC1	4.097326
DKC1	8.933038
DKK1	1.448433
DKK2	7.220587
DKK3	9.333596
DKK4	7.132781
DKKL1	1.642462
DLD	8.381613
DLEC1	6.074047
DLEU7	4.860457
DLG1	10.462285
DLG2	9.738422
DLG3	10.101951
DLG4	4.418255
DLG5	1.172627
DLGAP1	1.044998
DLGAP2	9.661612
DLGAP3	8.900281
DLGAP5	6.222614
DLK1	3.864379
DLK2	8.185437
DLL1	7.44639
DLL4	6.177271
DLST	7.751793
DLX1	9.470695
DLX2	2.968964
DLX3	10.918756
DLX4	10.870706
DLX5	10.843467
DLX6	2.67766
DMAC1	1.234162
DMAC2	3.755603
DMAC2L	9.682186
DMAP1	4.18561
DMBT1	0.674941
DMBX1	7.172313
DMC1	8.669737
DMD	4.06383
DMGDH	6.993007
DMKN	6.900211
DMP1	5.73688
DMRT1	3.941575
DMRT2	3.134899
DMRT3	2.826105
DMRTA1	6.962664
DMRTA2	10.616187
DMRTB1	4.609049
DMTF1	10.31192
DMTN	1.891495
DMXL1	6.636914
DMXL2	1.535403
DNA2	7.971758
DNAAF1	3.064921
DNAAF2	0.371397
DNAAF4	5.267521
DNAH1	0.604944
DNAH10	6.095078
DNAH11	11.648022
DNAH17	10.465742
DNAH2	7.453158
DNAH3	11.995306
DNAH5	2.948116
DNAH6	2.151975
DNAH7	5.332783
DNAH8	10.950609
DNAH9	3.916251
DNAI1	12.048628
DNAI2	1.380339
DNAJA1	7.88208
DNAJA2	1.146495
DNAJA3	9.255218
DNAJA4	5.922223
DNAJB1	7.441013
DNAJB12	11.875518
DNAJB13	2.588628
DNAJB14	11.799631
DNAJB2	3.247241
DNAJB4	1.054662
DNAJB5	10.70613
DNAJB6	10.487274
DNAJB9	11.738119
DNAJC1	11.732059
DNAJC10	4.852864
DNAJC11	6.888251
DNAJC12	6.742467
DNAJC13	9.621
DNAJC14	10.12407
DNAJC15	3.560455
DNAJC16	9.522945
DNAJC17	10.255185
DNAJC18	6.127588
DNAJC19	11.053229
DNAJC2	4.209887
DNAJC21	5.705159
DNAJC22	9.4102
DNAJC24	2.265282
DNAJC25	3.229303
DNAJC27	6.798898
DNAJC28	1.997084
DNAJC3	2.225867
DNAJC4	5.604829
DNAJC5	9.485907
DNAJC5B	10.434362
DNAJC5G	7.714836
DNAJC6	8.704312
DNAJC7	2.043851
DNAJC9	3.725249
DNAL1	8.870131
DNAL4	3.013735
DNALI1	12.072635
DNASE1	1.553072
DNASE1L1	3.773831
DNASE1L2	3.400371
DNASE1L3	3.134192
DNASE2	11.524071
DNASE2B	8.779238
DND1	4.905601
DNER	4.35548
DNHD1	6.70224
DNLZ	12.213695
DNM1	2.1209
DNM1L	10.683138
DNM2	0.69919
DNM3	5.600682
DNMBP	7.584054
DNMT1	11.959396
DNMT3A	2.100209
DNMT3B	10.465646
DNPEP	11.122786
DNPH1	4.934413
DNTT	3.434229
DNTTIP1	12.054635
DOC2A	9.749426
DOC2B	4.060639
DOCK1	5.265635
DOCK10	6.703217
DOCK11	2.20088
DOCK2	2.236754
DOCK3	3.508129
DOCK4	4.953672
DOCK5	6.533485
DOCK6	10.944199
DOCK7	1.610764
DOCK8	5.983474
DOCK9	1.944802
DOHH	7.522121
DOK1	3.512456
DOK2	2.857806
DOK3	11.329093
DOK4	3.47997
DOK5	11.712096
DOK6	0.675729
DOK7	0.858294
DOLK	4.465286
DOLPP1	2.792908
DOP1A	10.84173
DOP1B	1.407739
DOT1L	2.485771
DPAGT1	5.870726
DPCD	8.158451
DPEP1	3.675093
DPEP2	7.082208
DPEP2NB	7.895299
DPEP3	3.446082
DPF1	8.6318
DPF2	8.239487
DPF3	6.387513
DPH1	8.074022
DPH2	7.689204
DPH5	2.704982
DPH6	1.403874
DPH7	4.286568
DPM1	9.447861
DPM2	6.599069
DPP10	3.234295
DPP3	7.89809
DPP4	7.93929
DPP6	10.231471
DPP7	9.374005
DPP8	2.966887
DPP9	1.865481
DPPA4	1.490557
DPT	8.811154
DPY19L1	7.007291
DPY19L3	8.429905
DPY19L4	9.223462
DPY30	10.724361
DPYD	10.689495
DPYS	3.158799
DPYSL2	11.318788
DPYSL3	4.218542
DPYSL4	4.463009
DPYSL5	4.003303
DQX1	7.160647
DR1	7.212832
DRAM1	11.494163
DRAM2	3.726676
DRAP1	3.143255
DRAXIN	7.390224
DRC1	10.427362
DRC3	6.707445
DRC7	5.499218
DRD1	1.306545
DRD2	10.248892
DRD3	4.579849
DRD4	2.386946
DRD5	5.272069
DRG2	3.086622
DRGX	6.557583
DRICH1	10.172814
DROSHA	3.798283
DRP2	10.772355
DSC1	9.917226
DSC2	4.855631
DSC3	2.892274
DSCAM	6.374699
DSCAML1	3.012609
DSCC1	8.724256
DSEL	1.681227
DSG1	0.774751
DSG2	0.729426
DSG3	6.473079
DSG4	0.774383
DSN1	2.733174
DSP	10.37063
DSPP	6.735716
DST	5.724884
DSTN	3.978459
DSTYK	1.147889
DTD2	0.601942
DTHD1	3.813671
DTL	5.429227
DTNA	1.27534
DTNBP1	4.336815
DTWD1	2.124301
DTWD2	9.24009
DTX1	7.942436
DTX2	1.40989
DTX3	11.609976
DTX3L	8.258583
DTX4	10.373676
DTYMK	3.34509
DUOX1	1.274138
DUOX2	2.467398
DUOXA1	1.208419
DUPD1	3.832846
DUS1L	9.140639
DUS2	12.223871
DUS3L	5.585425
DUS4L	10.399731
DUSP1	4.983209
DUSP10	7.214229
DUSP11	8.890641
DUSP12	4.692294
DUSP13	11.079907
DUSP14	3.1315
DUSP15	5.852607
DUSP16	10.513627
DUSP19	12.161587
DUSP2	1.433828
DUSP22	7.17104
DUSP23	8.317919
DUSP26	9.433123
DUSP27	12.012318
DUSP28	3.85602
DUSP3	0.358742
DUSP4	7.612904
DUSP5	9.149634
DUSP6	9.154634
DUSP7	9.783678
DUSP8	11.218484
DUSP9	1.757082
DUT	11.32164
DUXB	4.802172
DVL1	7.790763
DVL2	0.398684
DVL3	3.07702
DXO	0.472913
DYDC1	5.646795
DYDC2	11.869637
DYM	10.57036
DYNC1H1	7.750554
DYNC1I1	6.715199
DYNC1I2	5.768236
DYNC1LI1	7.376918
DYNC1LI2	4.433696
DYNC2H1	10.717008
DYNC2LI1	8.146075
DYNLRB1	3.36783
DYNLRB2	8.843826
DYNLT1	2.770556
DYNLT3	7.879969
DYRK1A	7.889275
DYRK1B	4.938572
DYRK2	10.198243
DYRK3	7.733928
DYRK4	10.383454
DYSF	3.908773
DYTN	2.628215
DZANK1	5.449198
DZIP1	1.177755
DZIP1L	11.222423
DZIP3	11.845623
E2F1	7.230215
E2F2	4.405161
E2F3	1.901323
E2F4	11.337283
E2F6	9.769453
E2F7	6.32653
E2F8	6.169333
E4F1	3.752311
EAF1	8.079131
EAF2	3.563093
EARS2	4.348762
EBAG9	6.796535
EBF1	6.580193
EBF2	9.362234
EBF3	0.594511
EBF4	7.608323
EBI3	9.088107
EBNA1BP2	5.467031
EBPL	10.349936
ECD	2.118201
ECE1	3.099369
ECE2	3.163749
ECEL1	11.801714
ECH1	11.86889
ECHDC1	10.30162
ECHDC2	5.163676
ECHDC3	2.326546
ECHS1	12.210762
ECI1	4.610792
ECI2	9.401896
ECM1	6.019973
ECM2	4.642147
ECPAS	8.180692
ECSIT	3.261442
ECT2	10.537796
ECT2L	3.228892
EDA	3.627377
EDA2R	5.170675
EDAR	7.732833
EDARADD	9.792639
EDC3	11.463181
EDC4	12.198969
EDDM13	3.933866
EDEM1	7.613537
EDEM2	8.5833
EDEM3	3.616347
EDF1	9.888366
EDIL3	1.657076
EDN1	1.596662
EDN2	10.150261
EDN3	10.833274
EDNRA	7.514643
EDNRB	1.636936
EDRF1	3.15047
EEA1	8.508209
EED	8.029208
EEF1A1	1.265132
EEF1A2	5.560193
EEF1AKMT1	3.24888
EEF1AKMT3	5.85875
EEF1AKNMT	11.473422
EEF1B2	12.166312
EEF1D	2.832161
EEF1E1	1.428362
EEF2	6.404849
EEF2K	9.468542
EEFSEC	5.140719
EEPD1	1.801077
EFCAB1	9.565292
EFCAB10	2.027042
EFCAB11	4.888133
EFCAB12	1.106949
EFCAB13	7.754733
EFCAB3	8.878544
EFCAB5	12.111858
EFCAB6	1.892363
EFCAB7	12.221181
EFCAB8	0.697426
EFCAB9	7.4349
EFCC1	11.28844
EFEMP1	10.099199
EFEMP2	2.378234
EFHB	11.918642
EFHC1	3.734837
EFHC2	12.185459
EFHD1	1.259057
EFHD2	7.405698
EFNA1	8.504196
EFNA2	2.100954
EFNA3	8.216175
EFNA4	2.506008
EFNA5	8.333083
EFNB1	5.651816
EFNB2	11.893104
EFNB3	6.944263
EFR3A	0.462266
EFR3B	4.780653
EFS	11.64959
EFTUD2	3.884458
EGF	8.055205
EGFL6	9.428427
EGFL7	5.721396
EGFLAM	11.686951
EGFR	6.768898
EGLN1	4.295555
EGLN2	0.857729
EGLN3	4.695352
EGR1	0.527451
EGR2	12.183528
EGR3	9.096475
EGR4	3.121212
EHBP1	6.917042
EHBP1L1	2.310451
EHD1	0.629325
EHD2	7.721152
EHD3	11.84853
EHD4	2.840237
EHF	6.129136
EHHADH	11.844681
EHMT1	2.092104
EHMT2	2.931585
EI24	3.976527
EID2	4.823327
EIF1	0.750829
EIF1AD	5.787336
EIF1AX	2.126514
EIF1B	0.764145
EIF2A	7.056062
EIF2AK1	1.381619
EIF2AK2	9.206462
EIF2AK3	4.373493
EIF2AK4	2.203736
EIF2B1	5.857775
EIF2B2	0.486735
EIF2B3	10.436242
EIF2B4	8.775352
EIF2B5	9.016615
EIF2D	9.960937
EIF2S1	0.567123
EIF2S2	0.595097
EIF3A	0.428052
EIF3B	9.689448
EIF3D	3.494137
EIF3E	6.27337
EIF3F	9.014283
EIF3H	9.135753
EIF3I	1.982215
EIF3J	11.944906
EIF3K	8.524125
EIF3L	11.906254
EIF3M	4.281469
EIF4A1	2.325049
EIF4A2	10.911416
EIF4A3	5.063837
EIF4E	9.664285
EIF4E1B	2.954673
EIF4E2	5.8745
EIF4EBP1	3.108928
EIF4EBP2	10.876247
EIF4ENIF1	7.540491
EIF4G1	11.521792
EIF4G2	11.160815
EIF4G3	3.829971
EIF4H	7.892366
EIF5	6.75722
EIF5A2	5.511026
EIF5B	1.277288
EIF6	0.637375
EIPR1	6.625749
ELAC1	9.642864
ELAC2	3.113161
ELANE	3.382642
ELAVL1	7.550311
ELAVL2	6.346868
ELAVL3	1.842476
ELAVL4	5.477845
ELF1	6.530101
ELF2	9.783022
ELF3	7.925847
ELF4	3.359207
ELF5	9.541018
ELFN1	10.638933
ELFN2	7.865377
ELK1	0.382432
ELK3	2.99262
ELK4	9.215299
ELL	11.169513
ELL2	0.922038
ELL3	5.957004
ELMO1	3.038384
ELMO2	7.607535
ELMO3	9.945523
ELMOD1	9.661926
ELMOD2	4.761179
ELMOD3	8.70835
ELMSAN1	7.910493
ELOA	9.10358
ELOB	10.089904
ELOF1	4.004045
ELOVL1	5.829791
ELOVL2	3.512104
ELOVL3	12.223488
ELOVL4	10.42117
ELOVL5	3.551069
ELOVL6	3.512057
ELOVL7	3.426046
ELP1	1.057673
ELP2	11.381611
ELP3	7.155652
ELP4	4.43771
ELP5	10.70903
ELP6	3.393733
EMB	10.798757
EMC1	8.704821
EMC10	4.6605
EMC2	2.053969
EMC3	3.500241
EMC4	10.186006
EMC6	1.546912
EMC7	11.330127
EMC8	6.111963
EMC9	1.632285
EMCN	8.767781
EMD	6.768115
EME1	2.261043
EME2	9.419465
EMG1	8.193902
EMID1	10.962638
EMILIN1	6.68362
EMILIN2	5.228003
EMILIN3	8.734639
EML1	1.862677
EML3	9.244316
EML4	2.537727
EML6	9.591965
EMP1	11.14783
EMP2	6.564867
EMP3	10.921152
EMSY	5.727973
EMX1	5.860823
EMX2	5.310808
EN1	8.976927
EN2	7.869503
ENAH	0.410627
ENC1	11.107639
ENDOD1	10.532571
ENDOG	11.412839
ENDOU	11.742159
ENDOV	11.117857
ENG	3.405917
ENGASE	4.014854
ENHO	7.581076
ENKD1	1.447796
ENKUR	11.7137
ENO1	4.383087
ENO2	0.379234
ENO3	1.347193
ENO4	8.180331
ENOSF1	5.381391
ENOX1	3.178634
ENOX2	7.066399
ENPEP	9.545748
ENPP1	6.253261
ENPP2	1.187565
ENPP3	8.228306
ENPP4	3.029509
ENPP5	6.61173
ENPP6	11.927329
ENSMFAG00000000001	9.910305
ENSMFAG00000000002	7.258538
ENSMFAG00000000003	1.153166
ENSMFAG00000000004	11.111523
ENSMFAG00000000005	4.444694
ENSMFAG00000000006	1.199023
ENSMFAG00000000007	6.985793
ENSMFAG00000000008	3.33931
ENSMFAG00000000009	4.784059
ENSMFAG00000000010	8.933031
ENSMFAG00000000011	8.906595
ENSMFAG00000000012	4.512928
ENSMFAG00000000013	4.05516
ENSMFAG00000000014	7.062177
ENSMFAG00000000015	1.496294
ENSMFAG00000000016	5.770612
ENSMFAG00000000017	7.646953
ENSMFAG00000000018	4.65753
ENSMFAG00000000019	9.496921
ENSMFAG00000000020	8.710122
ENSMFAG00000000021	3.475793
ENSMFAG00000000022	0.752382
ENSMFAG00000000023	1.19306
ENSMFAG00000000024	6.003056
ENSMFAG00000000027	5.149197
ENSMFAG00000000030	5.345353
ENSMFAG00000000031	7.329967
ENSMFAG00000000045	11.929329
ENSMFAG00000000046	9.697116
ENSMFAG00000000052	8.584652
ENSMFAG00000000056	11.542077
ENSMFAG00000000057	11.647689
ENSMFAG00000000061	6.597507
ENSMFAG00000000063	6.755543
ENSMFAG00000000071	6.840253
ENSMFAG00000000104	5.302953
ENSMFAG00000000112	6.749318
ENSMFAG00000000116	1.32411
ENSMFAG00000000122	8.977692
ENSMFAG00000000126	1.325555
ENSMFAG00000000135	4.816972
ENSMFAG00000000148	9.214722
ENSMFAG00000000157	4.432738
ENSMFAG00000000159	9.716598
ENSMFAG00000000169	2.973447
ENSMFAG00000000175	3.002251
ENSMFAG00000000181	3.934181
ENSMFAG00000000187	9.685196
ENSMFAG00000000190	0.855125
ENSMFAG00000000194	11.725855
ENSMFAG00000000196	2.654116
ENSMFAG00000000209	9.845961
ENSMFAG00000000210	5.337755
ENSMFAG00000000213	10.641155
ENSMFAG00000000219	11.107814
ENSMFAG00000000222	7.796614
ENSMFAG00000000224	5.074212
ENSMFAG00000000230	5.844303
ENSMFAG00000000245	0.619203
ENSMFAG00000000257	5.386393
ENSMFAG00000000262	6.490504
ENSMFAG00000000268	7.038772
ENSMFAG00000000270	7.833152
ENSMFAG00000000272	3.247058
ENSMFAG00000000280	6.095255
ENSMFAG00000000288	5.837733
ENSMFAG00000000296	4.235414
ENSMFAG00000000297	2.178823
ENSMFAG00000000298	1.222641
ENSMFAG00000000300	6.737498
ENSMFAG00000000301	6.512397
ENSMFAG00000000302	5.884269
ENSMFAG00000000303	2.728913
ENSMFAG00000000306	12.144273
ENSMFAG00000000311	9.768587
ENSMFAG00000000313	11.706017
ENSMFAG00000000314	9.56617
ENSMFAG00000000315	10.877329
ENSMFAG00000000325	10.716012
ENSMFAG00000000333	9.819462
ENSMFAG00000000343	4.703283
ENSMFAG00000000351	4.586363
ENSMFAG00000000359	9.241185
ENSMFAG00000000366	6.390007
ENSMFAG00000000371	3.886591
ENSMFAG00000000382	8.836682
ENSMFAG00000000385	9.155562
ENSMFAG00000000394	1.784913
ENSMFAG00000000396	9.486681
ENSMFAG00000000409	3.43799
ENSMFAG00000000419	5.618623
ENSMFAG00000000420	12.161728
ENSMFAG00000000440	11.001824
ENSMFAG00000000455	2.763547
ENSMFAG00000000460	7.964365
ENSMFAG00000000463	9.727657
ENSMFAG00000000474	11.219049
ENSMFAG00000000495	11.56247
ENSMFAG00000000516	2.4775
ENSMFAG00000000525	5.147127
ENSMFAG00000000532	5.322866
ENSMFAG00000000540	4.509883
ENSMFAG00000000554	5.78083
ENSMFAG00000000556	5.10628
ENSMFAG00000000557	11.515478
ENSMFAG00000000569	11.43936
ENSMFAG00000000580	0.592648
ENSMFAG00000000587	8.94144
ENSMFAG00000000589	4.702494
ENSMFAG00000000595	1.457639
ENSMFAG00000000597	6.444799
ENSMFAG00000000609	11.948913
ENSMFAG00000000629	3.235206
ENSMFAG00000000632	12.22211
ENSMFAG00000000634	5.855244
ENSMFAG00000000643	2.709665
ENSMFAG00000000646	8.602046
ENSMFAG00000000663	2.103264
ENSMFAG00000000664	10.986204
ENSMFAG00000000668	8.800382
ENSMFAG00000000676	11.145074
ENSMFAG00000000677	3.169181
ENSMFAG00000000679	4.183649
ENSMFAG00000000694	3.921423
ENSMFAG00000000700	8.513187
ENSMFAG00000000709	9.253013
ENSMFAG00000000716	1.561688
ENSMFAG00000000734	9.714107
ENSMFAG00000000740	8.541251
ENSMFAG00000000742	5.818378
ENSMFAG00000000747	7.543488
ENSMFAG00000000755	4.452675
ENSMFAG00000000763	5.622384
ENSMFAG00000000764	7.535221
ENSMFAG00000000772	2.540093
ENSMFAG00000000779	9.94056
ENSMFAG00000000784	7.717718
ENSMFAG00000000811	3.680468
ENSMFAG00000000817	7.429882
ENSMFAG00000000826	7.381146
ENSMFAG00000000837	4.819038
ENSMFAG00000000844	9.575242
ENSMFAG00000000846	1.305619
ENSMFAG00000000848	4.074783
ENSMFAG00000000856	4.644823
ENSMFAG00000000857	11.016235
ENSMFAG00000000863	3.517612
ENSMFAG00000000871	7.161231
ENSMFAG00000000872	10.523936
ENSMFAG00000000888	0.890976
ENSMFAG00000000890	10.540509
ENSMFAG00000000895	3.57659
ENSMFAG00000000896	12.207123
ENSMFAG00000000898	1.214
ENSMFAG00000000905	8.803083
ENSMFAG00000000909	9.176517
ENSMFAG00000000912	9.703522
ENSMFAG00000000917	9.472371
ENSMFAG00000000927	12.225677
ENSMFAG00000000936	5.484319
ENSMFAG00000000938	10.221597
ENSMFAG00000000957	7.963219
ENSMFAG00000000965	9.017463
ENSMFAG00000000972	10.457783
ENSMFAG00000000976	1.567726
ENSMFAG00000000984	10.075326
ENSMFAG00000000985	11.637653
ENSMFAG00000000988	1.191285
ENSMFAG00000000991	6.595907
ENSMFAG00000001012	7.51541
ENSMFAG00000001022	0.377538
ENSMFAG00000001023	0.382072
ENSMFAG00000001024	9.315141
ENSMFAG00000001028	6.702513
ENSMFAG00000001034	5.536932
ENSMFAG00000001036	0.773692
ENSMFAG00000001037	0.337425
ENSMFAG00000001040	6.279235
ENSMFAG00000001054	12.143754
ENSMFAG00000001057	11.002202
ENSMFAG00000001058	11.057339
ENSMFAG00000001063	1.659985
ENSMFAG00000001079	4.414174
ENSMFAG00000001096	5.705404
ENSMFAG00000001098	1.827264
ENSMFAG00000001105	1.139984
ENSMFAG00000001113	10.189955
ENSMFAG00000001123	10.59016
ENSMFAG00000001127	10.608739
ENSMFAG00000001129	10.150072
ENSMFAG00000001138	8.37505
ENSMFAG00000001143	8.660227
ENSMFAG00000001146	6.032668
ENSMFAG00000001156	7.373407
ENSMFAG00000001158	9.618701
ENSMFAG00000001159	10.117081
ENSMFAG00000001163	5.117704
ENSMFAG00000001169	5.595024
ENSMFAG00000001177	4.221008
ENSMFAG00000001181	7.950029
ENSMFAG00000001184	9.737585
ENSMFAG00000001185	0.780192
ENSMFAG00000001198	10.344814
ENSMFAG00000001209	6.09396
ENSMFAG00000001211	10.414623
ENSMFAG00000001216	11.426975
ENSMFAG00000001217	2.8931
ENSMFAG00000001218	1.346174
ENSMFAG00000001221	2.309067
ENSMFAG00000001225	2.078494
ENSMFAG00000001230	6.109906
ENSMFAG00000001234	6.238885
ENSMFAG00000001235	11.670405
ENSMFAG00000001238	1.556967
ENSMFAG00000001258	8.200116
ENSMFAG00000001264	11.370474
ENSMFAG00000001287	8.533026
ENSMFAG00000001290	1.031107
ENSMFAG00000001294	4.464412
ENSMFAG00000001296	5.683664
ENSMFAG00000001297	3.95218
ENSMFAG00000001303	1.864982
ENSMFAG00000001310	8.396284
ENSMFAG00000001311	10.295796
ENSMFAG00000001318	11.915894
ENSMFAG00000001330	7.32984
ENSMFAG00000001340	9.223717
ENSMFAG00000001351	9.731239
ENSMFAG00000001356	5.786533
ENSMFAG00000001367	4.382816
ENSMFAG00000001369	3.517074
ENSMFAG00000001372	2.903996
ENSMFAG00000001379	8.665021
ENSMFAG00000001387	5.313709
ENSMFAG00000001393	12.184469
ENSMFAG00000001403	4.487707
ENSMFAG00000001406	8.125581
ENSMFAG00000001407	1.080871
ENSMFAG00000001409	4.97469
ENSMFAG00000001411	0.327298
ENSMFAG00000001412	5.007295
ENSMFAG00000001428	10.268472
ENSMFAG00000001435	8.664472
ENSMFAG00000001444	8.518088
ENSMFAG00000001449	6.97181
ENSMFAG00000001453	1.134965
ENSMFAG00000001469	8.636193
ENSMFAG00000001472	1.686425
ENSMFAG00000001473	4.427169
ENSMFAG00000001476	5.571356
ENSMFAG00000001478	11.253512
ENSMFAG00000001487	9.339219
ENSMFAG00000001492	9.194318
ENSMFAG00000001495	0.459883
ENSMFAG00000001504	2.463294
ENSMFAG00000001505	9.517982
ENSMFAG00000001511	8.067323
ENSMFAG00000001514	4.649176
ENSMFAG00000001515	8.80941
ENSMFAG00000001523	7.046019
ENSMFAG00000001524	2.248127
ENSMFAG00000001546	7.561158
ENSMFAG00000001552	9.609985
ENSMFAG00000001559	9.464081
ENSMFAG00000001564	8.53406
ENSMFAG00000001565	2.984409
ENSMFAG00000001567	9.017624
ENSMFAG00000001568	11.790364
ENSMFAG00000001578	1.033444
ENSMFAG00000001586	7.444474
ENSMFAG00000001595	4.247861
ENSMFAG00000001597	11.628022
ENSMFAG00000001598	6.064656
ENSMFAG00000001600	7.87993
ENSMFAG00000001607	5.798971
ENSMFAG00000001639	9.337504
ENSMFAG00000001641	5.306143
ENSMFAG00000001643	10.21298
ENSMFAG00000001649	10.712021
ENSMFAG00000001651	8.383204
ENSMFAG00000001668	8.597532
ENSMFAG00000001670	10.51281
ENSMFAG00000001671	2.842477
ENSMFAG00000001677	2.895393
ENSMFAG00000001686	8.461357
ENSMFAG00000001697	10.707027
ENSMFAG00000001698	1.992133
ENSMFAG00000001699	1.375681
ENSMFAG00000001703	1.713684
ENSMFAG00000001705	3.723197
ENSMFAG00000001714	5.005571
ENSMFAG00000001719	10.654647
ENSMFAG00000001726	7.019602
ENSMFAG00000001733	8.390821
ENSMFAG00000001734	7.997317
ENSMFAG00000001743	11.654673
ENSMFAG00000001751	3.99756
ENSMFAG00000001753	1.136265
ENSMFAG00000001757	11.040102
ENSMFAG00000001772	2.619209
ENSMFAG00000001776	7.892504
ENSMFAG00000001777	11.045081
ENSMFAG00000001790	10.340129
ENSMFAG00000001794	10.997053
ENSMFAG00000001795	2.461349
ENSMFAG00000001796	12.24772
ENSMFAG00000001805	1.43745
ENSMFAG00000001806	1.814923
ENSMFAG00000001819	9.764011
ENSMFAG00000001821	0.855334
ENSMFAG00000001822	7.466302
ENSMFAG00000001825	1.392101
ENSMFAG00000001832	3.325622
ENSMFAG00000001836	6.464133
ENSMFAG00000001838	5.582999
ENSMFAG00000001840	5.171792
ENSMFAG00000001844	8.405416
ENSMFAG00000001847	10.60806
ENSMFAG00000001865	3.308864
ENSMFAG00000001871	6.508263
ENSMFAG00000001876	2.592301
ENSMFAG00000001878	5.394262
ENSMFAG00000001879	6.500156
ENSMFAG00000001882	9.437516
ENSMFAG00000001887	2.05972
ENSMFAG00000001890	2.407837
ENSMFAG00000001893	7.202475
ENSMFAG00000001895	2.82933
ENSMFAG00000001897	7.673227
ENSMFAG00000001908	1.926152
ENSMFAG00000001914	11.479936
ENSMFAG00000001915	4.959892
ENSMFAG00000001917	4.962373
ENSMFAG00000001919	0.896141
ENSMFAG00000001922	7.62842
ENSMFAG00000001923	0.550767
ENSMFAG00000001929	3.633969
ENSMFAG00000001941	11.377896
ENSMFAG00000001944	3.989787
ENSMFAG00000001946	9.051849
ENSMFAG00000001947	6.697555
ENSMFAG00000001952	8.088609
ENSMFAG00000001954	11.26369
ENSMFAG00000001955	2.002295
ENSMFAG00000001956	4.230417
ENSMFAG00000001958	4.119367
ENSMFAG00000001960	3.704392
ENSMFAG00000001963	11.25613
ENSMFAG00000001966	2.078041
ENSMFAG00000001967	4.89449
ENSMFAG00000001974	6.153975
ENSMFAG00000001979	6.067686
ENSMFAG00000001981	1.604493
ENSMFAG00000001993	2.440395
ENSMFAG00000001998	10.567765
ENSMFAG00000002006	9.706289
ENSMFAG00000002019	12.132328
ENSMFAG00000002024	11.818918
ENSMFAG00000002029	9.986828
ENSMFAG00000002030	1.474914
ENSMFAG00000002064	11.87589
ENSMFAG00000002071	1.736718
ENSMFAG00000002074	10.649771
ENSMFAG00000002087	5.412183
ENSMFAG00000002089	3.774692
ENSMFAG00000002096	3.086097
ENSMFAG00000002097	3.855488
ENSMFAG00000002098	10.619843
ENSMFAG00000002099	6.793868
ENSMFAG00000002100	5.370159
ENSMFAG00000002109	8.102609
ENSMFAG00000002111	1.537174
ENSMFAG00000002115	5.329281
ENSMFAG00000002119	11.883279
ENSMFAG00000002134	7.445848
ENSMFAG00000002138	6.714851
ENSMFAG00000002142	4.638325
ENSMFAG00000002146	9.102517
ENSMFAG00000002147	9.802085
ENSMFAG00000002151	12.015883
ENSMFAG00000002155	3.389184
ENSMFAG00000002156	11.475301
ENSMFAG00000002157	3.726864
ENSMFAG00000002162	10.708964
ENSMFAG00000002164	9.923048
ENSMFAG00000002167	3.007477
ENSMFAG00000002168	6.689311
ENSMFAG00000002172	7.755487
ENSMFAG00000002175	6.400399
ENSMFAG00000002178	4.839735
ENSMFAG00000002183	1.154505
ENSMFAG00000002190	10.732483
ENSMFAG00000002191	1.019815
ENSMFAG00000002203	2.049891
ENSMFAG00000002209	7.065698
ENSMFAG00000002213	7.99016
ENSMFAG00000002220	11.557243
ENSMFAG00000002226	8.596129
ENSMFAG00000002238	6.619817
ENSMFAG00000002245	2.742096
ENSMFAG00000002252	7.114409
ENSMFAG00000002258	4.462718
ENSMFAG00000002265	6.834474
ENSMFAG00000002276	2.894671
ENSMFAG00000002287	11.872914
ENSMFAG00000002289	3.856104
ENSMFAG00000002298	7.207742
ENSMFAG00000002299	5.412341
ENSMFAG00000002301	11.690851
ENSMFAG00000002314	9.962104
ENSMFAG00000002316	9.093877
ENSMFAG00000002322	5.99835
ENSMFAG00000002331	3.098835
ENSMFAG00000002343	7.121214
ENSMFAG00000002344	6.3913
ENSMFAG00000002350	1.842931
ENSMFAG00000002351	4.504582
ENSMFAG00000002373	7.906776
ENSMFAG00000002391	6.178236
ENSMFAG00000002395	6.195511
ENSMFAG00000002396	7.356255
ENSMFAG00000002400	8.27353
ENSMFAG00000002403	10.771226
ENSMFAG00000002405	6.076077
ENSMFAG00000002418	3.44924
ENSMFAG00000002421	7.14538
ENSMFAG00000002429	6.468996
ENSMFAG00000002433	0.959026
ENSMFAG00000002435	11.464922
ENSMFAG00000002445	11.578564
ENSMFAG00000002446	10.221102
ENSMFAG00000002450	10.267953
ENSMFAG00000002467	7.611694
ENSMFAG00000002472	11.446758
ENSMFAG00000002474	3.222105
ENSMFAG00000002482	5.092613
ENSMFAG00000002495	5.973916
ENSMFAG00000002511	9.318162
ENSMFAG00000002516	7.883856
ENSMFAG00000002517	2.136815
ENSMFAG00000002521	10.390807
ENSMFAG00000002532	2.820191
ENSMFAG00000002534	3.437224
ENSMFAG00000002535	7.168611
ENSMFAG00000002546	3.849139
ENSMFAG00000002548	3.559192
ENSMFAG00000002553	5.092704
ENSMFAG00000002563	1.431388
ENSMFAG00000002566	2.571856
ENSMFAG00000002572	11.701346
ENSMFAG00000002573	2.091863
ENSMFAG00000002579	10.753648
ENSMFAG00000002580	10.606369
ENSMFAG00000002587	9.927345
ENSMFAG00000002590	11.093783
ENSMFAG00000002608	5.273939
ENSMFAG00000002629	8.825767
ENSMFAG00000002634	5.781251
ENSMFAG00000002640	6.269883
ENSMFAG00000002642	3.426621
ENSMFAG00000002643	4.722845
ENSMFAG00000002645	11.610179
ENSMFAG00000002651	11.411067
ENSMFAG00000002652	6.346211
ENSMFAG00000002661	0.275847
ENSMFAG00000002672	3.849358
ENSMFAG00000002674	3.629366
ENSMFAG00000002682	8.348397
ENSMFAG00000002690	2.577815
ENSMFAG00000002692	2.16082
ENSMFAG00000002694	4.35097
ENSMFAG00000002704	10.667021
ENSMFAG00000002709	2.78104
ENSMFAG00000002711	10.005394
ENSMFAG00000002713	10.694185
ENSMFAG00000002714	3.546103
ENSMFAG00000002716	0.450903
ENSMFAG00000002720	11.16327
ENSMFAG00000002724	3.198002
ENSMFAG00000002726	3.182844
ENSMFAG00000002753	1.92838
ENSMFAG00000002754	10.326059
ENSMFAG00000002762	1.104606
ENSMFAG00000002765	7.447471
ENSMFAG00000002773	9.284783
ENSMFAG00000002776	3.683384
ENSMFAG00000002778	1.104427
ENSMFAG00000002780	8.765598
ENSMFAG00000002785	2.699494
ENSMFAG00000002791	9.7817
ENSMFAG00000002815	5.105717
ENSMFAG00000002818	7.131454
ENSMFAG00000002825	10.282762
ENSMFAG00000002828	3.503809
ENSMFAG00000002843	8.956243
ENSMFAG00000002850	2.51994
ENSMFAG00000002853	3.092365
ENSMFAG00000002854	11.867854
ENSMFAG00000002856	4.851903
ENSMFAG00000002857	2.81024
ENSMFAG00000002862	1.518509
ENSMFAG00000002879	11.61119
ENSMFAG00000002880	9.511239
ENSMFAG00000002883	0.72969
ENSMFAG00000002886	8.307723
ENSMFAG00000002891	2.062036
ENSMFAG00000002892	1.984854
ENSMFAG00000002899	3.903331
ENSMFAG00000002901	11.787649
ENSMFAG00000002907	9.277562
ENSMFAG00000002911	2.645746
ENSMFAG00000002913	4.790772
ENSMFAG00000002916	11.688131
ENSMFAG00000002917	7.3096
ENSMFAG00000002923	6.153537
ENSMFAG00000002943	0.924794
ENSMFAG00000002944	6.653023
ENSMFAG00000002948	8.939996
ENSMFAG00000002953	5.049419
ENSMFAG00000002957	8.827521
ENSMFAG00000002958	11.995663
ENSMFAG00000002963	7.095517
ENSMFAG00000002973	2.389961
ENSMFAG00000002981	7.375404
ENSMFAG00000002988	9.069051
ENSMFAG00000002992	11.776444
ENSMFAG00000002993	0.927024
ENSMFAG00000003003	3.115042
ENSMFAG00000003005	8.094988
ENSMFAG00000003016	11.84975
ENSMFAG00000003022	8.464085
ENSMFAG00000003025	4.636215
ENSMFAG00000003030	7.134917
ENSMFAG00000003035	6.047878
ENSMFAG00000003039	4.386134
ENSMFAG00000003051	11.503222
ENSMFAG00000003053	8.48788
ENSMFAG00000003060	1.460135
ENSMFAG00000003070	5.343564
ENSMFAG00000003072	10.505752
ENSMFAG00000003085	2.435923
ENSMFAG00000003087	5.834642
ENSMFAG00000003092	3.315325
ENSMFAG00000003093	12.015821
ENSMFAG00000003099	5.254696
ENSMFAG00000003101	8.551634
ENSMFAG00000003104	8.052046
ENSMFAG00000003110	11.469464
ENSMFAG00000003114	4.634625
ENSMFAG00000003119	11.617196
ENSMFAG00000003121	2.38231
ENSMFAG00000003123	10.877119
ENSMFAG00000003130	1.222007
ENSMFAG00000003131	9.361618
ENSMFAG00000003132	9.823546
ENSMFAG00000003140	8.587063
ENSMFAG00000003143	5.379674
ENSMFAG00000003144	8.196937
ENSMFAG00000003158	7.193202
ENSMFAG00000003160	4.999507
ENSMFAG00000003163	1.518731
ENSMFAG00000003168	11.550041
ENSMFAG00000003171	5.985067
ENSMFAG00000003176	11.356742
ENSMFAG00000003180	9.796034
ENSMFAG00000003188	9.436344
ENSMFAG00000003190	3.851086
ENSMFAG00000003194	10.993153
ENSMFAG00000003206	4.489703
ENSMFAG00000003207	9.095406
ENSMFAG00000003211	10.633708
ENSMFAG00000003214	10.483541
ENSMFAG00000003237	12.200059
ENSMFAG00000003238	2.752235
ENSMFAG00000003255	5.59267
ENSMFAG00000003265	0.344591
ENSMFAG00000003267	8.177809
ENSMFAG00000003271	10.005266
ENSMFAG00000003276	9.567414
ENSMFAG00000003279	1.563717
ENSMFAG00000003286	3.233944
ENSMFAG00000003287	6.96804
ENSMFAG00000003291	7.298396
ENSMFAG00000003296	8.444588
ENSMFAG00000003297	0.377936
ENSMFAG00000003302	3.504999
ENSMFAG00000003305	0.32613
ENSMFAG00000003306	7.264703
ENSMFAG00000003314	8.565118
ENSMFAG00000003315	0.719568
ENSMFAG00000003321	1.256047
ENSMFAG00000003325	11.604256
ENSMFAG00000003331	5.7592
ENSMFAG00000003333	7.547923
ENSMFAG00000003337	9.291885
ENSMFAG00000003341	3.449225
ENSMFAG00000003345	5.528502
ENSMFAG00000003353	1.359642
ENSMFAG00000003362	5.425451
ENSMFAG00000003363	3.595909
ENSMFAG00000003365	4.074062
ENSMFAG00000003368	10.966142
ENSMFAG00000003372	1.619227
ENSMFAG00000003376	10.584153
ENSMFAG00000003380	7.544867
ENSMFAG00000003382	1.381867
ENSMFAG00000003384	9.422686
ENSMFAG00000003390	0.934952
ENSMFAG00000003395	9.553032
ENSMFAG00000003397	5.964749
ENSMFAG00000003402	8.729503
ENSMFAG00000003407	4.6034
ENSMFAG00000003416	8.721365
ENSMFAG00000003422	9.332363
ENSMFAG00000003424	6.000727
ENSMFAG00000003425	3.294481
ENSMFAG00000003429	10.058237
ENSMFAG00000003431	3.745121
ENSMFAG00000003433	11.999397
ENSMFAG00000003437	8.04821
ENSMFAG00000003449	2.590533
ENSMFAG00000003453	11.57726
ENSMFAG00000003457	3.712539
ENSMFAG00000003463	8.448647
ENSMFAG00000003465	6.920973
ENSMFAG00000003472	5.498947
ENSMFAG00000003478	0.409818
ENSMFAG00000003479	9.475287
ENSMFAG00000003485	1.337076
ENSMFAG00000003489	4.062882
ENSMFAG00000003497	8.32879
ENSMFAG00000003511	6.524724
ENSMFAG00000003514	5.34392
ENSMFAG00000003534	5.747434
ENSMFAG00000003535	8.657843
ENSMFAG00000003545	8.416998
ENSMFAG00000003551	6.034655
ENSMFAG00000003552	10.510262
ENSMFAG00000003553	1.273667
ENSMFAG00000003554	2.081367
ENSMFAG00000003555	11.783209
ENSMFAG00000003563	0.620702
ENSMFAG00000003576	11.666939
ENSMFAG00000003578	5.910661
ENSMFAG00000003589	1.831814
ENSMFAG00000003594	7.896357
ENSMFAG00000003600	3.697552
ENSMFAG00000003601	11.906518
ENSMFAG00000003605	8.92348
ENSMFAG00000003606	4.532747
ENSMFAG00000003609	8.327815
ENSMFAG00000003623	7.09254
ENSMFAG00000003624	10.103715
ENSMFAG00000003633	10.688154
ENSMFAG00000003658	10.560362
ENSMFAG00000003660	3.085135
ENSMFAG00000003666	9.077091
ENSMFAG00000003671	11.045571
ENSMFAG00000003682	8.297478
ENSMFAG00000003683	1.406189
ENSMFAG00000003690	3.745574
ENSMFAG00000003693	3.98142
ENSMFAG00000003699	11.923347
ENSMFAG00000003707	3.471778
ENSMFAG00000003722	6.627723
ENSMFAG00000003723	7.410417
ENSMFAG00000003727	7.395797
ENSMFAG00000003731	4.150962
ENSMFAG00000003734	3.471924
ENSMFAG00000003742	5.813078
ENSMFAG00000003746	8.651686
ENSMFAG00000003749	2.44913
ENSMFAG00000003752	4.823395
ENSMFAG00000003776	7.936928
ENSMFAG00000003779	8.570644
ENSMFAG00000003780	10.044334
ENSMFAG00000003782	4.313346
ENSMFAG00000003785	0.33741
ENSMFAG00000003787	0.87939
ENSMFAG00000003793	11.718132
ENSMFAG00000003798	11.756685
ENSMFAG00000003815	5.871262
ENSMFAG00000003836	10.865751
ENSMFAG00000003837	10.535535
ENSMFAG00000003840	1.810333
ENSMFAG00000003850	9.288142
ENSMFAG00000003852	5.312101
ENSMFAG00000003858	0.73012
ENSMFAG00000003865	1.248268
ENSMFAG00000003871	3.366301
ENSMFAG00000003873	8.057368
ENSMFAG00000003874	6.406456
ENSMFAG00000003875	7.445161
ENSMFAG00000003877	7.188232
ENSMFAG00000003882	8.383801
ENSMFAG00000003894	8.277128
ENSMFAG00000003898	9.467939
ENSMFAG00000003911	11.732555
ENSMFAG00000003912	3.226959
ENSMFAG00000003915	1.203572
ENSMFAG00000003917	10.098599
ENSMFAG00000003918	12.042218
ENSMFAG00000003919	1.44701
ENSMFAG00000003924	11.496581
ENSMFAG00000003942	4.390843
ENSMFAG00000003947	4.221343
ENSMFAG00000003949	11.868336
ENSMFAG00000003951	7.030731
ENSMFAG00000003957	4.157968
ENSMFAG00000003960	9.168887
ENSMFAG00000003962	9.944434
ENSMFAG00000003963	7.80029
ENSMFAG00000003967	4.855626
ENSMFAG00000003972	12.143271
ENSMFAG00000003974	3.482422
ENSMFAG00000003981	4.714862
ENSMFAG00000003983	1.589615
ENSMFAG00000003985	1.492408
ENSMFAG00000003986	2.195126
ENSMFAG00000003989	12.175235
ENSMFAG00000003997	6.952399
ENSMFAG00000003998	6.02696
ENSMFAG00000004018	11.123788
ENSMFAG00000004020	0.771209
ENSMFAG00000004022	9.67171
ENSMFAG00000004025	11.844973
ENSMFAG00000004026	12.192264
ENSMFAG00000004031	5.014012
ENSMFAG00000004037	7.645423
ENSMFAG00000004045	10.712235
ENSMFAG00000004048	8.235933
ENSMFAG00000004050	7.804254
ENSMFAG00000004052	8.946849
ENSMFAG00000004058	1.182647
ENSMFAG00000004064	6.50231
ENSMFAG00000004076	1.415411
ENSMFAG00000004115	8.001098
ENSMFAG00000004120	7.642356
ENSMFAG00000004136	4.586023
ENSMFAG00000004149	5.970063
ENSMFAG00000004178	7.806503
ENSMFAG00000004221	1.179256
ENSMFAG00000004232	3.511464
ENSMFAG00000004234	9.555091
ENSMFAG00000004261	11.494452
ENSMFAG00000004289	8.239558
ENSMFAG00000004299	11.538921
ENSMFAG00000004307	1.670893
ENSMFAG00000004317	8.243886
ENSMFAG00000004334	1.004237
ENSMFAG00000004349	0.92038
ENSMFAG00000004358	0.375819
ENSMFAG00000004381	10.750977
ENSMFAG00000004430	9.649895
ENSMFAG00000004481	0.333201
ENSMFAG00000004488	11.641149
ENSMFAG00000004495	1.811932
ENSMFAG00000004501	1.690711
ENSMFAG00000004508	1.271654
ENSMFAG00000004511	3.191796
ENSMFAG00000004518	1.776515
ENSMFAG00000004519	0.651663
ENSMFAG00000004521	6.582512
ENSMFAG00000004528	6.866794
ENSMFAG00000004532	12.046949
ENSMFAG00000004539	1.720344
ENSMFAG00000004557	10.744562
ENSMFAG00000004572	11.509996
ENSMFAG00000004576	6.515616
ENSMFAG00000004583	9.587247
ENSMFAG00000004584	11.517572
ENSMFAG00000004599	1.879925
ENSMFAG00000004600	0.509789
ENSMFAG00000004606	6.731339
ENSMFAG00000004607	11.98324
ENSMFAG00000004615	2.013657
ENSMFAG00000004618	10.064883
ENSMFAG00000004626	3.446624
ENSMFAG00000004635	11.193656
ENSMFAG00000004638	2.987116
ENSMFAG00000004644	1.668018
ENSMFAG00000004652	2.532954
ENSMFAG00000004653	1.191624
ENSMFAG00000004668	2.660574
ENSMFAG00000004689	11.490495
ENSMFAG00000004717	9.573063
ENSMFAG00000004725	5.08278
ENSMFAG00000004739	2.609687
ENSMFAG00000004761	3.863563
ENSMFAG00000004793	9.364533
ENSMFAG00000004854	4.924439
ENSMFAG00000004869	2.411539
ENSMFAG00000004906	3.328883
ENSMFAG00000004943	8.239986
ENSMFAG00000004947	4.33712
ENSMFAG00000004985	8.032162
ENSMFAG00000005030	6.656551
ENSMFAG00000005045	8.570712
ENSMFAG00000005090	9.18351
ENSMFAG00000005091	4.169346
ENSMFAG00000005109	6.204672
ENSMFAG00000005126	5.048875
ENSMFAG00000005150	10.382302
ENSMFAG00000005241	4.571849
ENSMFAG00000005267	11.584062
ENSMFAG00000005291	5.081444
ENSMFAG00000005305	11.071965
ENSMFAG00000005338	4.773197
ENSMFAG00000005346	8.729927
ENSMFAG00000005400	7.52155
ENSMFAG00000005405	0.719807
ENSMFAG00000005433	8.055242
ENSMFAG00000005436	4.079345
ENSMFAG00000005442	11.221582
ENSMFAG00000005470	6.870853
ENSMFAG00000005490	8.630715
ENSMFAG00000005543	11.643497
ENSMFAG00000005562	6.342876
ENSMFAG00000005563	2.225761
ENSMFAG00000005569	6.20862
ENSMFAG00000005573	8.502046
ENSMFAG00000005602	10.93924
ENSMFAG00000005648	1.342641
ENSMFAG00000005670	8.613768
ENSMFAG00000005677	5.704533
ENSMFAG00000005679	6.108924
ENSMFAG00000005689	5.776562
ENSMFAG00000005691	2.362456
ENSMFAG00000005696	7.538004
ENSMFAG00000005715	3.544625
ENSMFAG00000005742	10.749042
ENSMFAG00000005758	9.438057
ENSMFAG00000005773	12.187668
ENSMFAG00000005812	0.310075
ENSMFAG00000005819	6.695536
ENSMFAG00000005821	8.842776
ENSMFAG00000005835	4.191898
ENSMFAG00000005838	10.604018
ENSMFAG00000005860	11.249746
ENSMFAG00000005891	5.761038
ENSMFAG00000005892	9.858325
ENSMFAG00000005895	7.616884
ENSMFAG00000005927	3.894339
ENSMFAG00000005943	11.549656
ENSMFAG00000005944	4.887473
ENSMFAG00000005946	1.673392
ENSMFAG00000005954	7.809435
ENSMFAG00000005980	6.907859
ENSMFAG00000005987	10.649718
ENSMFAG00000005999	3.9792
ENSMFAG00000006001	9.598991
ENSMFAG00000006010	7.48747
ENSMFAG00000006031	4.575655
ENSMFAG00000006172	11.732902
ENSMFAG00000006173	3.515692
ENSMFAG00000006175	7.729231
ENSMFAG00000006183	5.477833
ENSMFAG00000006204	4.983817
ENSMFAG00000006207	6.076932
ENSMFAG00000006211	8.736059
ENSMFAG00000006224	0.698473
ENSMFAG00000006238	1.674971
ENSMFAG00000006243	4.973029
ENSMFAG00000006261	10.070437
ENSMFAG00000006279	3.706822
ENSMFAG00000006304	3.819557
ENSMFAG00000006312	3.503972
ENSMFAG00000006322	0.32283
ENSMFAG00000006344	12.060577
ENSMFAG00000006345	10.810073
ENSMFAG00000006396	3.091835
ENSMFAG00000006440	2.699266
ENSMFAG00000006447	5.271022
ENSMFAG00000006492	10.408779
ENSMFAG00000006493	2.324756
ENSMFAG00000006511	3.678767
ENSMFAG00000006545	8.242928
ENSMFAG00000006550	9.583019
ENSMFAG00000006551	8.963922
ENSMFAG00000006556	1.595691
ENSMFAG00000006585	11.914591
ENSMFAG00000006608	0.38219
ENSMFAG00000006629	7.365418
ENSMFAG00000006705	10.756441
ENSMFAG00000006713	9.872363
ENSMFAG00000006716	5.234831
ENSMFAG00000006726	1.75106
ENSMFAG00000006775	5.293078
ENSMFAG00000006792	5.032143
ENSMFAG00000006813	11.971658
ENSMFAG00000006821	6.532063
ENSMFAG00000006832	1.154066
ENSMFAG00000006845	4.850134
ENSMFAG00000006850	1.836276
ENSMFAG00000006876	9.886073
ENSMFAG00000006881	2.184459
ENSMFAG00000006890	5.904837
ENSMFAG00000006894	6.784957
ENSMFAG00000006902	6.854903
ENSMFAG00000006903	4.729935
ENSMFAG00000006919	1.99594
ENSMFAG00000006923	1.198126
ENSMFAG00000006980	6.597224
ENSMFAG00000007000	2.829257
ENSMFAG00000007012	1.886914
ENSMFAG00000007031	11.395235
ENSMFAG00000007040	6.670822
ENSMFAG00000007043	9.710498
ENSMFAG00000007051	9.95765
ENSMFAG00000007053	6.121308
ENSMFAG00000007061	4.920287
ENSMFAG00000007064	2.898634
ENSMFAG00000007066	6.231175
ENSMFAG00000007085	10.383321
ENSMFAG00000007087	8.725676
ENSMFAG00000007093	6.278237
ENSMFAG00000007094	4.109357
ENSMFAG00000007119	3.955843
ENSMFAG00000007123	4.255979
ENSMFAG00000007129	3.823581
ENSMFAG00000007141	12.016009
ENSMFAG00000007149	5.151626
ENSMFAG00000007154	6.54381
ENSMFAG00000007157	6.825154
ENSMFAG00000007163	4.368458
ENSMFAG00000007166	4.409949
ENSMFAG00000007171	2.522968
ENSMFAG00000007207	10.496224
ENSMFAG00000007213	11.695682
ENSMFAG00000007222	4.365517
ENSMFAG00000007224	7.825758
ENSMFAG00000007230	5.625962
ENSMFAG00000007262	7.271568
ENSMFAG00000007265	11.806893
ENSMFAG00000007266	4.040313
ENSMFAG00000007277	8.790659
ENSMFAG00000007284	1.44495
ENSMFAG00000007295	3.853374
ENSMFAG00000007314	9.275222
ENSMFAG00000007327	9.388161
ENSMFAG00000007334	9.957803
ENSMFAG00000007354	0.57822
ENSMFAG00000007359	8.505145
ENSMFAG00000007370	3.497315
ENSMFAG00000007398	7.135467
ENSMFAG00000007405	11.994503
ENSMFAG00000007416	6.834824
ENSMFAG00000007424	11.321462
ENSMFAG00000007454	2.812602
ENSMFAG00000007477	11.231418
ENSMFAG00000007498	1.738397
ENSMFAG00000007500	10.12747
ENSMFAG00000007503	2.866085
ENSMFAG00000007518	0.619128
ENSMFAG00000007527	11.543185
ENSMFAG00000007530	7.809373
ENSMFAG00000007536	4.459716
ENSMFAG00000007558	10.711892
ENSMFAG00000007583	1.93393
ENSMFAG00000007609	0.930101
ENSMFAG00000007610	10.815638
ENSMFAG00000007624	8.793636
ENSMFAG00000007625	4.000145
ENSMFAG00000007648	7.163382
ENSMFAG00000007674	4.856373
ENSMFAG00000007708	6.123738
ENSMFAG00000007728	0.27313
ENSMFAG00000007767	6.244976
ENSMFAG00000007768	1.872408
ENSMFAG00000007781	4.375937
ENSMFAG00000007790	6.389877
ENSMFAG00000007792	10.440117
ENSMFAG00000007795	10.116278
ENSMFAG00000007818	5.986376
ENSMFAG00000007826	9.395478
ENSMFAG00000007837	7.884974
ENSMFAG00000007860	8.104175
ENSMFAG00000007896	2.667141
ENSMFAG00000007906	11.02865
ENSMFAG00000007928	4.419171
ENSMFAG00000007940	3.813484
ENSMFAG00000007942	11.869378
ENSMFAG00000007943	3.952797
ENSMFAG00000007955	7.393519
ENSMFAG00000007971	1.452816
ENSMFAG00000007994	10.64728
ENSMFAG00000008002	2.164212
ENSMFAG00000008055	11.854348
ENSMFAG00000008058	8.804613
ENSMFAG00000008086	6.2826
ENSMFAG00000008088	3.691019
ENSMFAG00000008096	2.037583
ENSMFAG00000008112	2.760582
ENSMFAG00000008119	9.374384
ENSMFAG00000008140	2.267385
ENSMFAG00000008147	10.337822
ENSMFAG00000008150	7.982036
ENSMFAG00000008170	4.016063
ENSMFAG00000008179	10.397083
ENSMFAG00000008199	5.729501
ENSMFAG00000008202	10.395873
ENSMFAG00000008207	3.855178
ENSMFAG00000008224	11.552495
ENSMFAG00000008239	5.818663
ENSMFAG00000008242	7.80468
ENSMFAG00000008267	7.519912
ENSMFAG00000008290	10.984811
ENSMFAG00000008326	10.80392
ENSMFAG00000008336	5.889689
ENSMFAG00000008367	9.897975
ENSMFAG00000008386	9.244732
ENSMFAG00000008400	5.091573
ENSMFAG00000008404	4.685153
ENSMFAG00000008406	10.692539
ENSMFAG00000008465	3.630282
ENSMFAG00000008517	4.513202
ENSMFAG00000008570	0.289859
ENSMFAG00000008577	8.300861
ENSMFAG00000008578	10.64153
ENSMFAG00000008586	6.157307
ENSMFAG00000008608	3.554329
ENSMFAG00000008648	11.511888
ENSMFAG00000008657	3.703633
ENSMFAG00000008670	11.514419
ENSMFAG00000008694	10.721767
ENSMFAG00000008695	7.053204
ENSMFAG00000008711	1.044592
ENSMFAG00000008718	11.018632
ENSMFAG00000008743	6.600261
ENSMFAG00000008768	9.324873
ENSMFAG00000008773	4.82389
ENSMFAG00000008779	10.689342
ENSMFAG00000008782	3.930643
ENSMFAG00000008788	4.486743
ENSMFAG00000008799	9.98224
ENSMFAG00000008812	3.274128
ENSMFAG00000008838	4.187971
ENSMFAG00000008844	4.967152
ENSMFAG00000008879	9.139756
ENSMFAG00000008940	11.298627
ENSMFAG00000008961	11.172492
ENSMFAG00000008966	5.4267
ENSMFAG00000008976	4.247688
ENSMFAG00000008982	8.978005
ENSMFAG00000008989	9.881169
ENSMFAG00000009004	4.340714
ENSMFAG00000009021	7.666319
ENSMFAG00000009063	5.994671
ENSMFAG00000009085	12.165273
ENSMFAG00000009094	2.630598
ENSMFAG00000009121	8.074356
ENSMFAG00000009138	6.098799
ENSMFAG00000009141	10.439307
ENSMFAG00000009168	4.430806
ENSMFAG00000009181	2.056953
ENSMFAG00000009182	10.865956
ENSMFAG00000009214	10.134702
ENSMFAG00000009222	10.355253
ENSMFAG00000009310	7.553729
ENSMFAG00000009327	6.436466
ENSMFAG00000009336	6.424308
ENSMFAG00000009371	9.424962
ENSMFAG00000009381	2.418975
ENSMFAG00000009457	10.977766
ENSMFAG00000009475	7.217416
ENSMFAG00000009476	6.182063
ENSMFAG00000009493	3.463049
ENSMFAG00000009499	1.912222
ENSMFAG00000009513	9.144524
ENSMFAG00000009540	8.081505
ENSMFAG00000009542	2.869968
ENSMFAG00000009570	8.757017
ENSMFAG00000009576	8.015399
ENSMFAG00000009601	1.753546
ENSMFAG00000009609	4.386361
ENSMFAG00000009611	7.461831
ENSMFAG00000009623	1.269068
ENSMFAG00000009632	3.150488
ENSMFAG00000009673	8.198792
ENSMFAG00000009690	6.255956
ENSMFAG00000009707	9.02176
ENSMFAG00000009709	5.293765
ENSMFAG00000009713	4.932052
ENSMFAG00000009714	6.067201
ENSMFAG00000009732	3.371994
ENSMFAG00000009736	5.567852
ENSMFAG00000009737	8.363793
ENSMFAG00000009760	8.732393
ENSMFAG00000009765	9.571011
ENSMFAG00000009768	0.310318
ENSMFAG00000009792	4.567575
ENSMFAG00000009811	7.354461
ENSMFAG00000009821	1.432717
ENSMFAG00000009845	7.55038
ENSMFAG00000009863	10.853962
ENSMFAG00000009882	1.850539
ENSMFAG00000009892	6.371022
ENSMFAG00000009927	9.379061
ENSMFAG00000009938	10.040462
ENSMFAG00000009957	4.915537
ENSMFAG00000009965	1.620707
ENSMFAG00000010002	4.839577
ENSMFAG00000010052	0.400918
ENSMFAG00000010110	12.048114
ENSMFAG00000010115	6.442655
ENSMFAG00000010132	9.319335
ENSMFAG00000010139	1.671504
ENSMFAG00000010169	8.831367
ENSMFAG00000010194	2.260056
ENSMFAG00000010199	6.377098
ENSMFAG00000010205	6.66345
ENSMFAG00000010228	7.238841
ENSMFAG00000010239	2.343804
ENSMFAG00000010270	3.963539
ENSMFAG00000010277	5.380062
ENSMFAG00000010302	2.647508
ENSMFAG00000010311	8.98543
ENSMFAG00000010339	4.028635
ENSMFAG00000010352	11.744384
ENSMFAG00000010382	1.783457
ENSMFAG00000010400	9.159
ENSMFAG00000010409	10.136834
ENSMFAG00000010423	9.633736
ENSMFAG00000010490	6.245379
ENSMFAG00000010555	2.177647
ENSMFAG00000010631	9.905479
ENSMFAG00000010650	0.784224
ENSMFAG00000010652	0.924643
ENSMFAG00000010673	1.745493
ENSMFAG00000010688	6.947127
ENSMFAG00000010713	1.821298
ENSMFAG00000010714	1.237367
ENSMFAG00000010720	2.807135
ENSMFAG00000010740	2.190206
ENSMFAG00000010744	8.026307
ENSMFAG00000010775	10.256245
ENSMFAG00000010779	7.455542
ENSMFAG00000010780	5.750516
ENSMFAG00000010782	7.293099
ENSMFAG00000010804	11.253418
ENSMFAG00000010806	10.594192
ENSMFAG00000010808	10.886865
ENSMFAG00000010829	9.581036
ENSMFAG00000010836	10.536458
ENSMFAG00000010857	4.635431
ENSMFAG00000010872	1.224766
ENSMFAG00000010881	8.660617
ENSMFAG00000010891	4.671528
ENSMFAG00000010921	0.840777
ENSMFAG00000010929	5.602784
ENSMFAG00000010945	5.814326
ENSMFAG00000010954	11.116955
ENSMFAG00000010964	3.23436
ENSMFAG00000010968	9.702642
ENSMFAG00000010981	1.212778
ENSMFAG00000011016	11.070878
ENSMFAG00000011027	0.322614
ENSMFAG00000011028	7.022512
ENSMFAG00000011035	11.21867
ENSMFAG00000011076	10.775144
ENSMFAG00000011078	11.18607
ENSMFAG00000011094	5.126732
ENSMFAG00000011113	2.065283
ENSMFAG00000011150	1.365723
ENSMFAG00000011159	2.347398
ENSMFAG00000011190	4.713333
ENSMFAG00000011194	4.089045
ENSMFAG00000011220	3.414643
ENSMFAG00000011230	10.29348
ENSMFAG00000011266	1.758758
ENSMFAG00000011286	11.470948
ENSMFAG00000011297	0.303001
ENSMFAG00000011311	7.725198
ENSMFAG00000011317	2.790641
ENSMFAG00000011318	6.168056
ENSMFAG00000011359	0.915114
ENSMFAG00000011367	7.226239
ENSMFAG00000011404	6.963716
ENSMFAG00000011410	8.05762
ENSMFAG00000011413	9.922108
ENSMFAG00000011429	9.065497
ENSMFAG00000011442	8.35394
ENSMFAG00000011451	10.09431
ENSMFAG00000011453	0.520074
ENSMFAG00000011472	1.010894
ENSMFAG00000011474	11.539389
ENSMFAG00000011491	11.702861
ENSMFAG00000011492	0.599243
ENSMFAG00000011553	4.071072
ENSMFAG00000011565	1.891056
ENSMFAG00000011575	9.41155
ENSMFAG00000011594	3.699936
ENSMFAG00000011600	6.70718
ENSMFAG00000011609	1.383976
ENSMFAG00000011620	11.050976
ENSMFAG00000011646	2.117595
ENSMFAG00000011674	5.744045
ENSMFAG00000011685	8.498573
ENSMFAG00000011696	7.725006
ENSMFAG00000011697	9.46329
ENSMFAG00000011703	2.631745
ENSMFAG00000011710	6.538981
ENSMFAG00000011729	0.981992
ENSMFAG00000011735	3.370852
ENSMFAG00000011745	8.117184
ENSMFAG00000011758	10.88441
ENSMFAG00000011761	8.339924
ENSMFAG00000011776	1.847973
ENSMFAG00000011778	8.501269
ENSMFAG00000011785	5.105069
ENSMFAG00000011839	8.531744
ENSMFAG00000011854	8.748587
ENSMFAG00000011904	8.742305
ENSMFAG00000011940	4.210675
ENSMFAG00000011945	10.085467
ENSMFAG00000011947	2.877186
ENSMFAG00000011968	6.412571
ENSMFAG00000011969	11.105232
ENSMFAG00000011982	2.261242
ENSMFAG00000012023	5.014643
ENSMFAG00000012040	11.752763
ENSMFAG00000012041	10.407416
ENSMFAG00000012042	11.543006
ENSMFAG00000012082	8.626843
ENSMFAG00000012084	6.875823
ENSMFAG00000012114	9.202029
ENSMFAG00000012116	3.86883
ENSMFAG00000012118	3.173836
ENSMFAG00000012145	3.264561
ENSMFAG00000012179	11.968777
ENSMFAG00000012180	0.801189
ENSMFAG00000012205	7.576228
ENSMFAG00000012225	5.457184
ENSMFAG00000012229	1.76242
ENSMFAG00000012267	6.445777
ENSMFAG00000012303	8.047145
ENSMFAG00000012321	11.521733
ENSMFAG00000012351	2.699911
ENSMFAG00000012369	2.357713
ENSMFAG00000012371	2.730854
ENSMFAG00000012381	4.688893
ENSMFAG00000012397	1.223222
ENSMFAG00000012407	8.581013
ENSMFAG00000012411	5.570765
ENSMFAG00000012439	5.897325
ENSMFAG00000012468	3.607136
ENSMFAG00000012470	5.026639
ENSMFAG00000012495	6.78802
ENSMFAG00000012520	4.135766
ENSMFAG00000012527	2.872966
ENSMFAG00000012536	4.446356
ENSMFAG00000012537	11.414168
ENSMFAG00000012538	7.869392
ENSMFAG00000012545	8.13478
ENSMFAG00000012549	5.207093
ENSMFAG00000012558	5.156598
ENSMFAG00000012569	4.57586
ENSMFAG00000012591	8.997734
ENSMFAG00000012603	4.927492
ENSMFAG00000012632	5.494518
ENSMFAG00000012633	2.040577
ENSMFAG00000012658	7.080518
ENSMFAG00000012682	9.979558
ENSMFAG00000012711	11.591169
ENSMFAG00000012713	1.802568
ENSMFAG00000012715	9.453794
ENSMFAG00000012756	5.021127
ENSMFAG00000012759	1.218116
ENSMFAG00000012807	7.724625
ENSMFAG00000012820	4.442054
ENSMFAG00000012821	5.059346
ENSMFAG00000012838	4.30566
ENSMFAG00000012839	0.690875
ENSMFAG00000012855	11.669817
ENSMFAG00000012859	9.564263
ENSMFAG00000012871	1.731215
ENSMFAG00000012875	9.465848
ENSMFAG00000012886	6.394143
ENSMFAG00000012902	4.302881
ENSMFAG00000012948	4.028031
ENSMFAG00000012951	8.357081
ENSMFAG00000013002	10.749898
ENSMFAG00000013011	9.284524
ENSMFAG00000013019	2.551662
ENSMFAG00000013031	3.456507
ENSMFAG00000013034	3.107542
ENSMFAG00000013037	1.347625
ENSMFAG00000013038	5.953594
ENSMFAG00000013044	0.887534
ENSMFAG00000013049	12.102876
ENSMFAG00000013070	6.90829
ENSMFAG00000013071	10.848128
ENSMFAG00000013097	8.832653
ENSMFAG00000013118	11.494707
ENSMFAG00000013124	6.639915
ENSMFAG00000013152	5.261675
ENSMFAG00000013167	10.974491
ENSMFAG00000013176	7.40803
ENSMFAG00000013190	0.558001
ENSMFAG00000013210	0.318515
ENSMFAG00000013255	11.808481
ENSMFAG00000013270	9.706242
ENSMFAG00000013274	5.782038
ENSMFAG00000013277	1.846911
ENSMFAG00000013305	4.541267
ENSMFAG00000013319	8.331687
ENSMFAG00000013330	6.902297
ENSMFAG00000013332	7.81613
ENSMFAG00000013333	6.624732
ENSMFAG00000013334	10.503625
ENSMFAG00000013372	11.079245
ENSMFAG00000013376	3.565011
ENSMFAG00000013395	6.697056
ENSMFAG00000013424	9.952334
ENSMFAG00000013448	6.923251
ENSMFAG00000013480	0.456957
ENSMFAG00000013501	7.594545
ENSMFAG00000013533	7.889104
ENSMFAG00000013540	5.452965
ENSMFAG00000013555	3.921668
ENSMFAG00000013566	2.289373
ENSMFAG00000013575	6.125863
ENSMFAG00000013591	9.77482
ENSMFAG00000013646	2.137568
ENSMFAG00000013671	5.478132
ENSMFAG00000013679	4.335929
ENSMFAG00000013681	1.143885
ENSMFAG00000013695	2.501745
ENSMFAG00000013705	5.980139
ENSMFAG00000013719	6.510505
ENSMFAG00000013720	1.986405
ENSMFAG00000013725	1.419904
ENSMFAG00000013753	3.695061
ENSMFAG00000013780	6.113703
ENSMFAG00000013789	5.032779
ENSMFAG00000013793	10.121345
ENSMFAG00000013813	1.009839
ENSMFAG00000013851	4.684502
ENSMFAG00000013855	10.742816
ENSMFAG00000013860	6.108487
ENSMFAG00000013861	10.24731
ENSMFAG00000013877	6.303096
ENSMFAG00000013881	9.851245
ENSMFAG00000013894	7.208539
ENSMFAG00000013965	11.623189
ENSMFAG00000013971	5.276831
ENSMFAG00000013977	2.989805
ENSMFAG00000013978	5.723629
ENSMFAG00000014004	4.996537
ENSMFAG00000014028	0.311118
ENSMFAG00000014033	7.586899
ENSMFAG00000014104	7.043832
ENSMFAG00000014109	7.253935
ENSMFAG00000014144	10.522559
ENSMFAG00000014166	11.422804
ENSMFAG00000014171	7.488322
ENSMFAG00000014222	5.10732
ENSMFAG00000014232	11.301257
ENSMFAG00000014265	11.425162
ENSMFAG00000014271	7.763866
ENSMFAG00000014293	5.230373
ENSMFAG00000014325	6.661126
ENSMFAG00000014326	8.361491
ENSMFAG00000014345	6.473476
ENSMFAG00000014363	9.81287
ENSMFAG00000014366	11.043221
ENSMFAG00000014381	1.71133
ENSMFAG00000014388	9.971904
ENSMFAG00000014391	1.224743
ENSMFAG00000014400	3.184415
ENSMFAG00000014434	0.482131
ENSMFAG00000014455	9.708481
ENSMFAG00000014463	0.5959
ENSMFAG00000014468	7.063826
ENSMFAG00000014469	9.338142
ENSMFAG00000014478	2.168542
ENSMFAG00000014493	3.701965
ENSMFAG00000014524	9.670679
ENSMFAG00000014525	2.573579
ENSMFAG00000014527	4.50926
ENSMFAG00000014550	11.168297
ENSMFAG00000014562	7.934249
ENSMFAG00000014644	1.751842
ENSMFAG00000014652	3.753969
ENSMFAG00000014661	7.287856
ENSMFAG00000014671	12.035124
ENSMFAG00000014685	2.113812
ENSMFAG00000014721	11.566874
ENSMFAG00000014750	11.350383
ENSMFAG00000014784	6.688732
ENSMFAG00000014799	10.611551
ENSMFAG00000014834	5.644299
ENSMFAG00000014836	11.942275
ENSMFAG00000014837	8.271523
ENSMFAG00000014842	4.56194
ENSMFAG00000014884	3.983984
ENSMFAG00000014887	10.25564
ENSMFAG00000014914	8.820363
ENSMFAG00000014947	9.846972
ENSMFAG00000014991	11.294242
ENSMFAG00000015046	10.949175
ENSMFAG00000015060	8.046155
ENSMFAG00000015141	2.349989
ENSMFAG00000015162	4.599459
ENSMFAG00000015166	8.237189
ENSMFAG00000015175	5.33398
ENSMFAG00000015194	10.071466
ENSMFAG00000015218	4.578868
ENSMFAG00000015257	3.864702
ENSMFAG00000015302	5.811857
ENSMFAG00000015337	1.976526
ENSMFAG00000015459	0.539116
ENSMFAG00000015461	9.868285
ENSMFAG00000015501	1.66588
ENSMFAG00000015504	6.256988
ENSMFAG00000015508	4.590105
ENSMFAG00000015524	8.991189
ENSMFAG00000015528	0.939628
ENSMFAG00000015532	1.288768
ENSMFAG00000015538	0.542308
ENSMFAG00000015544	3.899086
ENSMFAG00000015568	9.447077
ENSMFAG00000015570	1.604965
ENSMFAG00000015592	9.940496
ENSMFAG00000015595	6.383327
ENSMFAG00000015606	11.377437
ENSMFAG00000015609	1.600071
ENSMFAG00000015627	3.577755
ENSMFAG00000015655	11.387836
ENSMFAG00000015670	3.825147
ENSMFAG00000015684	11.831888
ENSMFAG00000015685	8.117677
ENSMFAG00000015728	7.477262
ENSMFAG00000015735	5.120459
ENSMFAG00000015746	12.055876
ENSMFAG00000015762	0.882073
ENSMFAG00000015784	7.502053
ENSMFAG00000015786	1.019607
ENSMFAG00000015798	6.914213
ENSMFAG00000015912	8.911002
ENSMFAG00000015919	10.362891
ENSMFAG00000015927	7.284822
ENSMFAG00000015946	6.036786
ENSMFAG00000015955	6.569743
ENSMFAG00000015963	11.296722
ENSMFAG00000015994	11.118375
ENSMFAG00000015999	2.592253
ENSMFAG00000016007	3.605022
ENSMFAG00000016016	0.45613
ENSMFAG00000016019	11.198709
ENSMFAG00000016029	11.421128
ENSMFAG00000016031	2.54338
ENSMFAG00000016049	10.108711
ENSMFAG00000016053	0.814569
ENSMFAG00000016064	9.46395
ENSMFAG00000016080	4.712484
ENSMFAG00000016100	11.742126
ENSMFAG00000016103	11.283584
ENSMFAG00000016105	10.950699
ENSMFAG00000016132	5.991096
ENSMFAG00000016135	3.126925
ENSMFAG00000016143	3.338244
ENSMFAG00000016169	0.372542
ENSMFAG00000016176	8.6783
ENSMFAG00000016180	2.453274
ENSMFAG00000016196	8.175003
ENSMFAG00000016207	10.728716
ENSMFAG00000016213	8.405331
ENSMFAG00000016215	0.727689
ENSMFAG00000016216	3.650161
ENSMFAG00000016222	2.708008
ENSMFAG00000016244	11.855888
ENSMFAG00000016274	1.336209
ENSMFAG00000016289	11.539106
ENSMFAG00000016302	6.766088
ENSMFAG00000016303	1.111317
ENSMFAG00000016333	11.228805
ENSMFAG00000016368	1.020106
ENSMFAG00000016417	9.274015
ENSMFAG00000016425	7.640491
ENSMFAG00000016428	9.211631
ENSMFAG00000016439	8.933173
ENSMFAG00000016453	5.804846
ENSMFAG00000016454	4.67817
ENSMFAG00000016485	3.110982
ENSMFAG00000016509	2.370099
ENSMFAG00000016548	8.179201
ENSMFAG00000016609	2.609379
ENSMFAG00000016634	8.64358
ENSMFAG00000016702	10.085137
ENSMFAG00000016709	10.225641
ENSMFAG00000016712	4.81752
ENSMFAG00000016715	4.856032
ENSMFAG00000016727	4.667399
ENSMFAG00000016729	11.51412
ENSMFAG00000016743	9.529332
ENSMFAG00000016768	1.180933
ENSMFAG00000016781	10.24322
ENSMFAG00000016818	3.206716
ENSMFAG00000016821	10.76191
ENSMFAG00000016830	6.394767
ENSMFAG00000016864	8.14278
ENSMFAG00000016897	1.98956
ENSMFAG00000016940	1.403335
ENSMFAG00000016983	12.060375
ENSMFAG00000016994	8.838844
ENSMFAG00000017006	6.546055
ENSMFAG00000017011	0.629468
ENSMFAG00000017057	4.372795
ENSMFAG00000017090	10.901655
ENSMFAG00000017140	11.565041
ENSMFAG00000017158	11.776797
ENSMFAG00000017159	3.44345
ENSMFAG00000017163	7.44622
ENSMFAG00000017174	9.551519
ENSMFAG00000017248	3.060091
ENSMFAG00000017285	11.312921
ENSMFAG00000017287	6.996045
ENSMFAG00000017288	10.275103
ENSMFAG00000017328	6.050681
ENSMFAG00000017334	4.282616
ENSMFAG00000017337	3.166287
ENSMFAG00000017358	1.010856
ENSMFAG00000017373	6.158704
ENSMFAG00000017384	1.983535
ENSMFAG00000017407	6.232222
ENSMFAG00000017410	6.744394
ENSMFAG00000017427	11.553418
ENSMFAG00000017431	9.110623
ENSMFAG00000017476	8.378174
ENSMFAG00000017496	6.281684
ENSMFAG00000017504	10.082247
ENSMFAG00000017515	9.267097
ENSMFAG00000017533	6.533064
ENSMFAG00000017546	4.822816
ENSMFAG00000017591	2.140427
ENSMFAG00000017601	9.019485
ENSMFAG00000017641	11.545675
ENSMFAG00000017689	2.844679
ENSMFAG00000017741	3.049278
ENSMFAG00000017743	7.631221
ENSMFAG00000017777	1.459506
ENSMFAG00000017796	1.113082
ENSMFAG00000017802	6.519081
ENSMFAG00000017814	11.905724
ENSMFAG00000017819	1.135788
ENSMFAG00000017855	3.286918
ENSMFAG00000017858	0.71687
ENSMFAG00000017867	1.744389
ENSMFAG00000017869	3.765747
ENSMFAG00000017882	6.844116
ENSMFAG00000017901	6.698342
ENSMFAG00000017916	9.362984
ENSMFAG00000018031	2.168291
ENSMFAG00000018080	8.154049
ENSMFAG00000018118	1.11423
ENSMFAG00000018162	8.829899
ENSMFAG00000018170	7.38798
ENSMFAG00000018190	5.805638
ENSMFAG00000018199	6.674058
ENSMFAG00000018226	11.799153
ENSMFAG00000018246	3.302874
ENSMFAG00000018250	8.665815
ENSMFAG00000018286	6.549853
ENSMFAG00000018413	1.274801
ENSMFAG00000018428	2.251399
ENSMFAG00000018435	2.866347
ENSMFAG00000018465	4.96765
ENSMFAG00000018471	1.143002
ENSMFAG00000018534	7.42565
ENSMFAG00000018541	5.981473
ENSMFAG00000018576	1.651499
ENSMFAG00000018632	8.321896
ENSMFAG00000018633	3.509024
ENSMFAG00000018634	9.408337
ENSMFAG00000018676	10.687856
ENSMFAG00000018720	6.683871
ENSMFAG00000018749	3.772351
ENSMFAG00000018815	7.405781
ENSMFAG00000018834	8.671902
ENSMFAG00000018839	3.775657
ENSMFAG00000018851	4.469311
ENSMFAG00000018852	2.518713
ENSMFAG00000018867	12.180919
ENSMFAG00000018870	8.483929
ENSMFAG00000018873	9.08898
ENSMFAG00000018899	9.002536
ENSMFAG00000018901	2.269848
ENSMFAG00000018905	9.078815
ENSMFAG00000018951	4.719784
ENSMFAG00000018955	11.872562
ENSMFAG00000018966	4.502979
ENSMFAG00000018969	11.221086
ENSMFAG00000019054	3.589291
ENSMFAG00000019088	2.213275
ENSMFAG00000019118	8.909055
ENSMFAG00000019129	6.484218
ENSMFAG00000019143	0.810902
ENSMFAG00000019163	5.208282
ENSMFAG00000019215	10.082657
ENSMFAG00000019253	5.484123
ENSMFAG00000019292	7.602476
ENSMFAG00000019310	4.609965
ENSMFAG00000019339	0.776267
ENSMFAG00000019344	6.897747
ENSMFAG00000019421	0.967519
ENSMFAG00000019453	5.850716
ENSMFAG00000019454	0.64096
ENSMFAG00000019461	1.534602
ENSMFAG00000019477	10.310533
ENSMFAG00000019480	7.117146
ENSMFAG00000019530	3.657108
ENSMFAG00000019535	8.07248
ENSMFAG00000019545	9.329563
ENSMFAG00000019616	7.117691
ENSMFAG00000019657	9.08988
ENSMFAG00000019689	6.82927
ENSMFAG00000019699	10.321921
ENSMFAG00000019706	5.842962
ENSMFAG00000019727	4.421215
ENSMFAG00000019768	10.857943
ENSMFAG00000019910	0.667643
ENSMFAG00000019936	1.788438
ENSMFAG00000019961	5.48468
ENSMFAG00000019971	5.577491
ENSMFAG00000020073	1.825619
ENSMFAG00000020099	6.580076
ENSMFAG00000020103	5.352968
ENSMFAG00000020143	9.765098
ENSMFAG00000020148	4.126471
ENSMFAG00000020220	6.374203
ENSMFAG00000020277	1.363598
ENSMFAG00000020286	6.544559
ENSMFAG00000020297	10.115669
ENSMFAG00000020318	6.007932
ENSMFAG00000020331	4.102555
ENSMFAG00000020399	1.52883
ENSMFAG00000020410	0.739579
ENSMFAG00000020420	6.762754
ENSMFAG00000020465	5.689476
ENSMFAG00000020471	10.966295
ENSMFAG00000020472	11.998036
ENSMFAG00000020492	6.517522
ENSMFAG00000020515	3.107988
ENSMFAG00000020521	10.280741
ENSMFAG00000020523	7.336533
ENSMFAG00000020533	11.913618
ENSMFAG00000020561	11.799394
ENSMFAG00000020574	1.379661
ENSMFAG00000020646	3.013478
ENSMFAG00000020667	11.671857
ENSMFAG00000020718	9.519728
ENSMFAG00000020773	0.388627
ENSMFAG00000020774	1.250475
ENSMFAG00000020777	2.207966
ENSMFAG00000020840	6.506485
ENSMFAG00000020932	10.297905
ENSMFAG00000020933	2.449302
ENSMFAG00000020953	9.638031
ENSMFAG00000021008	5.240942
ENSMFAG00000021011	11.104341
ENSMFAG00000021012	4.451367
ENSMFAG00000021041	5.696885
ENSMFAG00000021071	0.495887
ENSMFAG00000021078	8.9272
ENSMFAG00000021079	9.967938
ENSMFAG00000021107	8.212005
ENSMFAG00000021112	9.862356
ENSMFAG00000021118	8.980927
ENSMFAG00000021158	4.867571
ENSMFAG00000021159	2.583026
ENSMFAG00000021160	7.03339
ENSMFAG00000021167	6.272057
ENSMFAG00000021176	0.862268
ENSMFAG00000021203	3.914876
ENSMFAG00000021237	7.782407
ENSMFAG00000021261	8.795253
ENSMFAG00000021315	4.9444
ENSMFAG00000021373	3.458283
ENSMFAG00000021393	10.542318
ENSMFAG00000021451	4.088347
ENSMFAG00000021460	1.825016
ENSMFAG00000021495	5.663395
ENSMFAG00000021542	4.154245
ENSMFAG00000021547	5.518037
ENSMFAG00000021613	6.981204
ENSMFAG00000021616	7.2593
ENSMFAG00000021643	11.975737
ENSMFAG00000021668	2.278226
ENSMFAG00000021712	3.873584
ENSMFAG00000021718	2.843296
ENSMFAG00000021730	2.611129
ENSMFAG00000021733	2.777101
ENSMFAG00000021753	6.743822
ENSMFAG00000021756	5.062907
ENSMFAG00000021768	7.761407
ENSMFAG00000021791	2.911794
ENSMFAG00000021836	1.412599
ENSMFAG00000021900	8.645133
ENSMFAG00000021919	6.758846
ENSMFAG00000022020	11.098036
ENSMFAG00000022029	11.611151
ENSMFAG00000022058	4.74122
ENSMFAG00000022091	9.065741
ENSMFAG00000022123	4.256688
ENSMFAG00000022188	5.651967
ENSMFAG00000022213	7.932113
ENSMFAG00000022241	8.561534
ENSMFAG00000022270	3.122955
ENSMFAG00000022310	0.655474
ENSMFAG00000022333	8.100774
ENSMFAG00000022347	12.011096
ENSMFAG00000022402	4.419693
ENSMFAG00000022438	1.926415
ENSMFAG00000022458	3.692932
ENSMFAG00000022490	6.352933
ENSMFAG00000022532	0.315092
ENSMFAG00000022580	2.736099
ENSMFAG00000022639	3.112389
ENSMFAG00000022674	6.526182
ENSMFAG00000022693	1.177848
ENSMFAG00000022737	6.325191
ENSMFAG00000022745	0.506067
ENSMFAG00000022758	1.468839
ENSMFAG00000022781	9.298987
ENSMFAG00000022790	3.130125
ENSMFAG00000022808	1.580194
ENSMFAG00000022828	2.139236
ENSMFAG00000022863	3.114348
ENSMFAG00000022873	8.73179
ENSMFAG00000022923	6.172208
ENSMFAG00000022948	3.895239
ENSMFAG00000022953	2.315765
ENSMFAG00000022957	5.034435
ENSMFAG00000022958	10.902816
ENSMFAG00000022965	3.2591
ENSMFAG00000022981	4.470199
ENSMFAG00000022983	6.521258
ENSMFAG00000022985	12.011146
ENSMFAG00000023005	11.194947
ENSMFAG00000023009	2.794184
ENSMFAG00000023078	9.532849
ENSMFAG00000023096	7.926726
ENSMFAG00000023109	1.842802
ENSMFAG00000023129	7.830874
ENSMFAG00000023169	2.733904
ENSMFAG00000023206	6.277011
ENSMFAG00000023207	5.825813
ENSMFAG00000023229	0.625511
ENSMFAG00000023274	5.421317
ENSMFAG00000023295	9.268745
ENSMFAG00000023313	7.250491
ENSMFAG00000023332	11.330346
ENSMFAG00000023345	4.69815
ENSMFAG00000023352	8.461418
ENSMFAG00000023373	4.875292
ENSMFAG00000023387	9.600805
ENSMFAG00000023402	7.094764
ENSMFAG00000023475	3.091061
ENSMFAG00000023528	9.16182
ENSMFAG00000023542	9.391049
ENSMFAG00000023548	3.106956
ENSMFAG00000023565	1.326434
ENSMFAG00000023600	6.405444
ENSMFAG00000023617	5.197977
ENSMFAG00000023621	8.204971
ENSMFAG00000023643	11.03995
ENSMFAG00000023657	6.513177
ENSMFAG00000023658	4.927374
ENSMFAG00000023679	10.144315
ENSMFAG00000023704	3.529904
ENSMFAG00000023742	7.225653
ENSMFAG00000023747	1.048716
ENSMFAG00000023760	4.9032
ENSMFAG00000023780	6.614197
ENSMFAG00000023811	5.416902
ENSMFAG00000023825	1.814158
ENSMFAG00000023844	2.053398
ENSMFAG00000023858	11.708265
ENSMFAG00000023923	7.364248
ENSMFAG00000023927	4.90007
ENSMFAG00000023941	9.888541
ENSMFAG00000023962	2.233265
ENSMFAG00000023975	11.133763
ENSMFAG00000024016	4.838383
ENSMFAG00000024046	2.66107
ENSMFAG00000024075	11.354252
ENSMFAG00000024078	7.918272
ENSMFAG00000024087	11.02768
ENSMFAG00000024195	0.374433
ENSMFAG00000024197	6.680928
ENSMFAG00000024228	10.746645
ENSMFAG00000024295	8.160754
ENSMFAG00000024321	4.533222
ENSMFAG00000024336	9.540995
ENSMFAG00000024346	3.766042
ENSMFAG00000024362	11.817752
ENSMFAG00000024366	3.522262
ENSMFAG00000024380	2.97888
ENSMFAG00000024473	5.247828
ENSMFAG00000024544	4.818264
ENSMFAG00000024650	1.202963
ENSMFAG00000024671	5.188208
ENSMFAG00000024698	10.584676
ENSMFAG00000024712	6.635813
ENSMFAG00000024714	7.921047
ENSMFAG00000024716	12.202962
ENSMFAG00000024745	0.95806
ENSMFAG00000024766	5.69263
ENSMFAG00000024781	5.036386
ENSMFAG00000024806	3.046693
ENSMFAG00000024810	6.161883
ENSMFAG00000024897	9.062014
ENSMFAG00000024909	10.820698
ENSMFAG00000024930	6.507695
ENSMFAG00000024955	9.83369
ENSMFAG00000024958	10.060468
ENSMFAG00000024959	1.984807
ENSMFAG00000024995	10.261002
ENSMFAG00000025024	3.472673
ENSMFAG00000025168	1.1754
ENSMFAG00000025215	11.115135
ENSMFAG00000025218	1.454913
ENSMFAG00000025239	11.391425
ENSMFAG00000025260	2.561251
ENSMFAG00000025266	12.207561
ENSMFAG00000025290	9.058053
ENSMFAG00000025292	3.867985
ENSMFAG00000025293	12.035199
ENSMFAG00000025333	10.933757
ENSMFAG00000025337	1.818173
ENSMFAG00000025361	4.808359
ENSMFAG00000025363	5.019183
ENSMFAG00000025364	8.706461
ENSMFAG00000025406	2.055569
ENSMFAG00000025409	12.09472
ENSMFAG00000025456	1.146364
ENSMFAG00000025466	3.529684
ENSMFAG00000025531	8.043885
ENSMFAG00000025573	11.98013
ENSMFAG00000025603	7.612934
ENSMFAG00000025647	8.73052
ENSMFAG00000025648	8.780325
ENSMFAG00000025676	4.032655
ENSMFAG00000025685	8.374895
ENSMFAG00000025723	8.722603
ENSMFAG00000025743	11.838666
ENSMFAG00000025764	6.736145
ENSMFAG00000025775	0.842475
ENSMFAG00000025838	4.734641
ENSMFAG00000025902	9.468521
ENSMFAG00000025904	0.90519
ENSMFAG00000025909	5.579123
ENSMFAG00000025922	9.571397
ENSMFAG00000025940	4.776737
ENSMFAG00000025977	4.432513
ENSMFAG00000025982	3.098528
ENSMFAG00000025987	7.290005
ENSMFAG00000026020	5.336281
ENSMFAG00000026040	1.87621
ENSMFAG00000026056	8.291427
ENSMFAG00000026088	9.98813
ENSMFAG00000026096	6.479619
ENSMFAG00000026126	4.35328
ENSMFAG00000026214	4.293784
ENSMFAG00000026282	1.109069
ENSMFAG00000026319	4.92948
ENSMFAG00000026321	4.637136
ENSMFAG00000026353	11.593813
ENSMFAG00000026356	9.5733
ENSMFAG00000026358	3.99136
ENSMFAG00000026367	6.470329
ENSMFAG00000026369	6.724407
ENSMFAG00000026375	11.128116
ENSMFAG00000026422	4.161849
ENSMFAG00000026455	3.736055
ENSMFAG00000026472	12.00318
ENSMFAG00000026475	6.296313
ENSMFAG00000026508	9.575028
ENSMFAG00000026576	6.852798
ENSMFAG00000026595	2.288026
ENSMFAG00000026620	6.456925
ENSMFAG00000026635	2.417647
ENSMFAG00000026637	3.975494
ENSMFAG00000026668	11.102875
ENSMFAG00000026693	2.647868
ENSMFAG00000026728	10.147927
ENSMFAG00000026743	1.622351
ENSMFAG00000026826	4.025726
ENSMFAG00000026832	12.202775
ENSMFAG00000026839	12.182171
ENSMFAG00000026842	0.826592
ENSMFAG00000026904	6.449161
ENSMFAG00000026933	4.218801
ENSMFAG00000026940	8.4928
ENSMFAG00000026943	3.596425
ENSMFAG00000026957	10.962517
ENSMFAG00000026974	4.690881
ENSMFAG00000026975	2.578315
ENSMFAG00000026990	0.667508
ENSMFAG00000027000	2.719492
ENSMFAG00000027008	8.91092
ENSMFAG00000027015	2.119801
ENSMFAG00000027017	3.596091
ENSMFAG00000027070	11.799929
ENSMFAG00000027071	5.628877
ENSMFAG00000027100	4.710574
ENSMFAG00000027138	0.549378
ENSMFAG00000027150	9.580127
ENSMFAG00000027180	4.907819
ENSMFAG00000027184	8.764904
ENSMFAG00000027191	2.12096
ENSMFAG00000027209	7.477603
ENSMFAG00000027241	8.833921
ENSMFAG00000027255	2.062061
ENSMFAG00000027293	6.075728
ENSMFAG00000027320	10.867477
ENSMFAG00000027330	8.177686
ENSMFAG00000027351	2.653176
ENSMFAG00000027445	0.606049
ENSMFAG00000027455	3.757604
ENSMFAG00000027483	5.532158
ENSMFAG00000027623	4.636379
ENSMFAG00000027628	5.805558
ENSMFAG00000027659	2.918512
ENSMFAG00000027660	2.773504
ENSMFAG00000027665	2.762944
ENSMFAG00000027683	2.153497
ENSMFAG00000027717	5.878291
ENSMFAG00000027743	1.561774
ENSMFAG00000027759	0.704314
ENSMFAG00000027784	11.012575
ENSMFAG00000027809	8.603643
ENSMFAG00000027811	9.970314
ENSMFAG00000027834	2.467912
ENSMFAG00000027851	12.043298
ENSMFAG00000027900	11.445098
ENSMFAG00000027916	1.331879
ENSMFAG00000027926	6.115691
ENSMFAG00000027928	11.625039
ENSMFAG00000027932	0.318831
ENSMFAG00000027945	6.288773
ENSMFAG00000027969	2.270092
ENSMFAG00000027983	7.683207
ENSMFAG00000027988	8.196843
ENSMFAG00000027989	3.872929
ENSMFAG00000028003	4.059179
ENSMFAG00000028033	1.133814
ENSMFAG00000028058	2.603595
ENSMFAG00000028071	11.117305
ENSMFAG00000028079	1.401286
ENSMFAG00000028088	6.445489
ENSMFAG00000028097	5.050905
ENSMFAG00000028126	0.969279
ENSMFAG00000028127	0.626005
ENSMFAG00000028151	8.525894
ENSMFAG00000028187	7.387629
ENSMFAG00000028188	1.321083
ENSMFAG00000028201	5.899903
ENSMFAG00000028211	9.279274
ENSMFAG00000028216	9.530042
ENSMFAG00000028229	0.514521
ENSMFAG00000028232	9.233452
ENSMFAG00000028246	6.810238
ENSMFAG00000028247	5.184272
ENSMFAG00000028258	5.617792
ENSMFAG00000028273	6.313947
ENSMFAG00000028289	11.249527
ENSMFAG00000028296	8.798443
ENSMFAG00000028323	6.430409
ENSMFAG00000028351	8.809939
ENSMFAG00000028355	9.006793
ENSMFAG00000028356	3.563173
ENSMFAG00000028360	2.478271
ENSMFAG00000028377	8.333708
ENSMFAG00000028381	2.955528
ENSMFAG00000028408	9.798849
ENSMFAG00000028411	7.618156
ENSMFAG00000028436	8.596808
ENSMFAG00000028467	8.87667
ENSMFAG00000028505	2.373301
ENSMFAG00000028528	8.059074
ENSMFAG00000028542	11.189024
ENSMFAG00000028579	1.819722
ENSMFAG00000028584	10.38304
ENSMFAG00000028585	10.629809
ENSMFAG00000028589	3.425947
ENSMFAG00000028600	7.509579
ENSMFAG00000028610	4.494554
ENSMFAG00000028614	2.737028
ENSMFAG00000028630	2.601326
ENSMFAG00000028668	5.048547
ENSMFAG00000028669	5.872285
ENSMFAG00000028672	5.904854
ENSMFAG00000028677	6.613106
ENSMFAG00000028681	9.963093
ENSMFAG00000028725	1.337209
ENSMFAG00000028726	10.403281
ENSMFAG00000028746	1.262599
ENSMFAG00000028777	7.092183
ENSMFAG00000028792	0.873943
ENSMFAG00000028805	3.082969
ENSMFAG00000028837	0.459604
ENSMFAG00000028838	4.325369
ENSMFAG00000028870	7.59562
ENSMFAG00000028878	8.030697
ENSMFAG00000028881	8.359578
ENSMFAG00000028888	8.278607
ENSMFAG00000028895	4.123871
ENSMFAG00000028896	7.854752
ENSMFAG00000028904	9.844808
ENSMFAG00000028919	11.088278
ENSMFAG00000028945	6.03798
ENSMFAG00000028947	0.386192
ENSMFAG00000028965	3.086577
ENSMFAG00000028971	7.830361
ENSMFAG00000028974	9.199154
ENSMFAG00000029000	3.247934
ENSMFAG00000029006	5.39581
ENSMFAG00000029018	11.485826
ENSMFAG00000029021	1.952353
ENSMFAG00000029037	0.78092
ENSMFAG00000029041	4.91819
ENSMFAG00000029059	8.285371
ENSMFAG00000029063	5.222794
ENSMFAG00000029077	6.819721
ENSMFAG00000029079	7.018873
ENSMFAG00000029080	7.486352
ENSMFAG00000029104	2.045561
ENSMFAG00000029127	2.485872
ENSMFAG00000029149	6.071519
ENSMFAG00000029160	3.908996
ENSMFAG00000029161	0.789732
ENSMFAG00000029168	9.088071
ENSMFAG00000029174	9.473354
ENSMFAG00000029175	3.075188
ENSMFAG00000029206	2.443548
ENSMFAG00000029207	5.278993
ENSMFAG00000029210	3.429461
ENSMFAG00000029217	3.10954
ENSMFAG00000029224	6.489941
ENSMFAG00000029234	3.23885
ENSMFAG00000029251	9.324519
ENSMFAG00000029254	3.020077
ENSMFAG00000029263	9.570376
ENSMFAG00000029279	1.599796
ENSMFAG00000029291	1.894109
ENSMFAG00000029324	3.098337
ENSMFAG00000029327	8.293585
ENSMFAG00000029344	5.509531
ENSMFAG00000029347	3.280296
ENSMFAG00000029352	1.708429
ENSMFAG00000029369	10.649144
ENSMFAG00000029370	2.310137
ENSMFAG00000029383	11.397715
ENSMFAG00000029388	3.186367
ENSMFAG00000029389	1.51023
ENSMFAG00000029407	7.68912
ENSMFAG00000029417	3.198459
ENSMFAG00000029442	2.476636
ENSMFAG00000029461	4.415153
ENSMFAG00000029464	11.865594
ENSMFAG00000029486	3.17852
ENSMFAG00000029504	1.148448
ENSMFAG00000029506	4.943946
ENSMFAG00000029508	11.856107
ENSMFAG00000029512	0.69784
ENSMFAG00000029517	6.346036
ENSMFAG00000029522	2.741933
ENSMFAG00000029537	3.126671
ENSMFAG00000029571	5.93464
ENSMFAG00000029596	10.491254
ENSMFAG00000029597	9.168856
ENSMFAG00000029622	4.37065
ENSMFAG00000029626	1.909607
ENSMFAG00000029650	5.955918
ENSMFAG00000029654	0.739681
ENSMFAG00000029659	0.444278
ENSMFAG00000029668	3.653903
ENSMFAG00000029679	5.243467
ENSMFAG00000029683	11.718605
ENSMFAG00000029688	0.659454
ENSMFAG00000029726	2.171814
ENSMFAG00000029743	9.00766
ENSMFAG00000029750	7.375522
ENSMFAG00000029760	7.787236
ENSMFAG00000029774	9.344686
ENSMFAG00000029782	0.664342
ENSMFAG00000029793	8.270164
ENSMFAG00000029814	5.968899
ENSMFAG00000029834	3.988682
ENSMFAG00000029857	0.872233
ENSMFAG00000029862	7.515194
ENSMFAG00000029864	7.557613
ENSMFAG00000029870	1.929569
ENSMFAG00000029875	3.066274
ENSMFAG00000029879	7.557637
ENSMFAG00000029892	4.862255
ENSMFAG00000029925	0.97388
ENSMFAG00000029941	9.630871
ENSMFAG00000029945	10.30574
ENSMFAG00000029953	9.732629
ENSMFAG00000029962	2.187933
ENSMFAG00000029968	8.224491
ENSMFAG00000029971	7.967703
ENSMFAG00000029973	2.035661
ENSMFAG00000029979	0.477206
ENSMFAG00000029981	1.799276
ENSMFAG00000029985	3.794043
ENSMFAG00000029998	5.615206
ENSMFAG00000030000	5.754715
ENSMFAG00000030001	10.845217
ENSMFAG00000030002	7.435349
ENSMFAG00000030003	8.022971
ENSMFAG00000030006	5.699266
ENSMFAG00000030012	5.811949
ENSMFAG00000030016	10.906536
ENSMFAG00000030019	7.429843
ENSMFAG00000030023	12.007942
ENSMFAG00000030024	0.394308
ENSMFAG00000030025	2.968816
ENSMFAG00000030029	3.22246
ENSMFAG00000030031	4.951862
ENSMFAG00000030038	7.997462
ENSMFAG00000030041	10.918785
ENSMFAG00000030042	7.573587
ENSMFAG00000030053	12.081465
ENSMFAG00000030054	8.412209
ENSMFAG00000030056	11.008757
ENSMFAG00000030058	9.125419
ENSMFAG00000030063	7.326406
ENSMFAG00000030068	1.977569
ENSMFAG00000030071	8.868057
ENSMFAG00000030073	8.30697
ENSMFAG00000030074	6.094544
ENSMFAG00000030083	5.368379
ENSMFAG00000030085	4.546532
ENSMFAG00000030087	2.918561
ENSMFAG00000030091	12.04233
ENSMFAG00000030093	0.735473
ENSMFAG00000030096	7.810228
ENSMFAG00000030102	0.371199
ENSMFAG00000030103	1.623355
ENSMFAG00000030105	6.931733
ENSMFAG00000030113	7.705962
ENSMFAG00000030120	2.419864
ENSMFAG00000030122	4.46529
ENSMFAG00000030125	5.203033
ENSMFAG00000030126	1.436637
ENSMFAG00000030127	6.16462
ENSMFAG00000030132	12.011748
ENSMFAG00000030135	7.636485
ENSMFAG00000030138	1.611473
ENSMFAG00000030143	10.651837
ENSMFAG00000030146	4.023626
ENSMFAG00000030148	10.584828
ENSMFAG00000030152	2.145026
ENSMFAG00000030155	10.616107
ENSMFAG00000030162	7.150053
ENSMFAG00000030167	5.771936
ENSMFAG00000030169	0.522606
ENSMFAG00000030170	3.168258
ENSMFAG00000030172	7.683715
ENSMFAG00000030175	8.335119
ENSMFAG00000030178	12.097319
ENSMFAG00000030184	10.361708
ENSMFAG00000030186	5.362954
ENSMFAG00000030188	11.766417
ENSMFAG00000030191	7.534035
ENSMFAG00000030192	2.618506
ENSMFAG00000030194	7.05912
ENSMFAG00000030198	12.047069
ENSMFAG00000030205	3.096995
ENSMFAG00000030209	3.90811
ENSMFAG00000030211	5.525134
ENSMFAG00000030213	8.686623
ENSMFAG00000030214	7.228492
ENSMFAG00000030216	8.919984
ENSMFAG00000030219	9.220977
ENSMFAG00000030223	6.800792
ENSMFAG00000030224	10.698663
ENSMFAG00000030228	0.529564
ENSMFAG00000030229	4.390409
ENSMFAG00000030231	2.961111
ENSMFAG00000030232	8.775002
ENSMFAG00000030237	6.282877
ENSMFAG00000030238	9.18504
ENSMFAG00000030239	9.845975
ENSMFAG00000030240	10.704464
ENSMFAG00000030242	2.802349
ENSMFAG00000030244	7.680399
ENSMFAG00000030261	6.525201
ENSMFAG00000030267	4.839613
ENSMFAG00000030277	9.515304
ENSMFAG00000030280	6.463706
ENSMFAG00000030283	8.510381
ENSMFAG00000030285	1.531268
ENSMFAG00000030297	11.01618
ENSMFAG00000030299	5.772282
ENSMFAG00000030300	3.763101
ENSMFAG00000030307	7.115785
ENSMFAG00000030310	10.540855
ENSMFAG00000030316	12.113393
ENSMFAG00000030320	10.736781
ENSMFAG00000030321	10.403825
ENSMFAG00000030323	5.686633
ENSMFAG00000030325	9.802595
ENSMFAG00000030330	11.812586
ENSMFAG00000030333	8.334328
ENSMFAG00000030337	11.36732
ENSMFAG00000030339	3.781149
ENSMFAG00000030340	8.031001
ENSMFAG00000030341	2.721141
ENSMFAG00000030344	4.402126
ENSMFAG00000030349	1.86376
ENSMFAG00000030351	7.929907
ENSMFAG00000030354	7.459482
ENSMFAG00000030357	3.905117
ENSMFAG00000030358	11.499808
ENSMFAG00000030368	4.709848
ENSMFAG00000030371	4.254207
ENSMFAG00000030373	1.537837
ENSMFAG00000030377	2.72662
ENSMFAG00000030378	11.086964
ENSMFAG00000030379	10.820143
ENSMFAG00000030382	7.423636
ENSMFAG00000030386	5.55265
ENSMFAG00000030388	1.447046
ENSMFAG00000030389	10.508864
ENSMFAG00000030390	8.822461
ENSMFAG00000030396	4.012321
ENSMFAG00000030398	3.763016
ENSMFAG00000030399	4.184398
ENSMFAG00000030401	7.395555
ENSMFAG00000030403	5.130214
ENSMFAG00000030405	1.614454
ENSMFAG00000030411	10.918961
ENSMFAG00000030415	7.02517
ENSMFAG00000030416	8.173717
ENSMFAG00000030418	10.806824
ENSMFAG00000030420	5.921064
ENSMFAG00000030421	3.782334
ENSMFAG00000030422	2.535473
ENSMFAG00000030425	6.666474
ENSMFAG00000030426	3.96718
ENSMFAG00000030428	6.25555
ENSMFAG00000030429	4.505594
ENSMFAG00000030430	3.130156
ENSMFAG00000030439	11.593867
ENSMFAG00000030441	12.246002
ENSMFAG00000030446	1.159528
ENSMFAG00000030447	5.793545
ENSMFAG00000030457	4.210336
ENSMFAG00000030460	12.001905
ENSMFAG00000030461	0.505588
ENSMFAG00000030465	0.552713
ENSMFAG00000030467	4.056726
ENSMFAG00000030468	7.270255
ENSMFAG00000030472	4.466199
ENSMFAG00000030474	11.3648
ENSMFAG00000030478	10.250208
ENSMFAG00000030484	8.530202
ENSMFAG00000030485	9.029199
ENSMFAG00000030487	12.171639
ENSMFAG00000030492	7.065858
ENSMFAG00000030493	10.466474
ENSMFAG00000030498	1.00827
ENSMFAG00000030500	5.47755
ENSMFAG00000030502	1.166659
ENSMFAG00000030504	2.543966
ENSMFAG00000030509	6.406825
ENSMFAG00000030510	8.895493
ENSMFAG00000030512	10.281275
ENSMFAG00000030517	5.15169
ENSMFAG00000030519	9.427156
ENSMFAG00000030525	12.111442
ENSMFAG00000030527	9.709153
ENSMFAG00000030530	8.535935
ENSMFAG00000030531	10.798919
ENSMFAG00000030532	10.94791
ENSMFAG00000030533	3.687268
ENSMFAG00000030534	10.394637
ENSMFAG00000030540	11.963084
ENSMFAG00000030548	11.958323
ENSMFAG00000030552	5.285662
ENSMFAG00000030559	4.295637
ENSMFAG00000030563	10.900064
ENSMFAG00000030566	3.155529
ENSMFAG00000030582	5.568785
ENSMFAG00000030583	6.984286
ENSMFAG00000030585	2.250126
ENSMFAG00000030594	11.084372
ENSMFAG00000030596	10.450666
ENSMFAG00000030598	3.714882
ENSMFAG00000030621	5.609314
ENSMFAG00000030623	1.40954
ENSMFAG00000030626	5.597343
ENSMFAG00000030628	8.087686
ENSMFAG00000030630	0.735073
ENSMFAG00000030633	0.911568
ENSMFAG00000030634	2.951985
ENSMFAG00000030635	5.497363
ENSMFAG00000030640	6.990749
ENSMFAG00000030645	4.097885
ENSMFAG00000030649	7.912604
ENSMFAG00000030652	11.000257
ENSMFAG00000030654	8.614612
ENSMFAG00000030655	2.321363
ENSMFAG00000030656	11.287001
ENSMFAG00000030657	7.92116
ENSMFAG00000030659	1.470174
ENSMFAG00000030663	8.903848
ENSMFAG00000030664	10.840654
ENSMFAG00000030665	10.401107
ENSMFAG00000030666	7.84153
ENSMFAG00000030673	10.423774
ENSMFAG00000030676	9.62426
ENSMFAG00000030678	4.453912
ENSMFAG00000030681	5.205804
ENSMFAG00000030687	4.032293
ENSMFAG00000030688	5.759151
ENSMFAG00000030690	2.716187
ENSMFAG00000030694	10.755773
ENSMFAG00000030697	2.308002
ENSMFAG00000030699	7.131033
ENSMFAG00000030702	1.183884
ENSMFAG00000030704	9.184606
ENSMFAG00000030711	3.820881
ENSMFAG00000030715	4.274942
ENSMFAG00000030718	4.831634
ENSMFAG00000030720	11.936795
ENSMFAG00000030721	9.760699
ENSMFAG00000030722	2.329818
ENSMFAG00000030726	10.025645
ENSMFAG00000030731	2.651263
ENSMFAG00000030732	5.675725
ENSMFAG00000030744	4.912466
ENSMFAG00000030750	4.441247
ENSMFAG00000030754	7.545239
ENSMFAG00000030755	2.97175
ENSMFAG00000030760	11.656926
ENSMFAG00000030761	1.349451
ENSMFAG00000030764	11.219569
ENSMFAG00000030765	4.6816
ENSMFAG00000030767	9.189175
ENSMFAG00000030771	4.276021
ENSMFAG00000030772	3.980777
ENSMFAG00000030773	6.048806
ENSMFAG00000030774	6.096314
ENSMFAG00000030779	10.405259
ENSMFAG00000030781	9.706195
ENSMFAG00000030786	10.7088
ENSMFAG00000030788	0.375504
ENSMFAG00000030790	5.679065
ENSMFAG00000030791	6.890132
ENSMFAG00000030792	4.352381
ENSMFAG00000030794	5.446456
ENSMFAG00000030799	11.712738
ENSMFAG00000030801	10.106087
ENSMFAG00000030803	9.535469
ENSMFAG00000030810	7.219547
ENSMFAG00000030812	11.477633
ENSMFAG00000030814	4.067908
ENSMFAG00000030816	2.612134
ENSMFAG00000030818	4.882379
ENSMFAG00000030821	9.891081
ENSMFAG00000030830	2.126553
ENSMFAG00000030836	8.496324
ENSMFAG00000030837	0.640775
ENSMFAG00000030842	10.809129
ENSMFAG00000030848	11.522336
ENSMFAG00000030850	0.751748
ENSMFAG00000030852	9.836169
ENSMFAG00000030855	6.19091
ENSMFAG00000030856	10.7496
ENSMFAG00000030861	9.678238
ENSMFAG00000030862	3.692848
ENSMFAG00000030863	2.843571
ENSMFAG00000030864	8.056803
ENSMFAG00000030865	0.374232
ENSMFAG00000030874	10.877532
ENSMFAG00000030875	8.244873
ENSMFAG00000030877	7.129139
ENSMFAG00000030880	0.881275
ENSMFAG00000030890	11.08644
ENSMFAG00000030898	10.57285
ENSMFAG00000030902	6.015438
ENSMFAG00000030913	11.690308
ENSMFAG00000030925	10.52358
ENSMFAG00000030928	8.28677
ENSMFAG00000030929	8.184602
ENSMFAG00000030933	5.509131
ENSMFAG00000030942	5.47044
ENSMFAG00000030944	6.332145
ENSMFAG00000030951	4.553745
ENSMFAG00000030958	10.482782
ENSMFAG00000030959	5.485965
ENSMFAG00000030961	9.771903
ENSMFAG00000030964	10.031954
ENSMFAG00000030967	10.777874
ENSMFAG00000030970	2.588374
ENSMFAG00000030977	7.443134
ENSMFAG00000030984	1.846774
ENSMFAG00000030990	10.625461
ENSMFAG00000030997	7.280869
ENSMFAG00000031009	2.026697
ENSMFAG00000031015	10.60205
ENSMFAG00000031024	6.844912
ENSMFAG00000031032	7.471409
ENSMFAG00000031034	8.59779
ENSMFAG00000031052	4.549551
ENSMFAG00000031056	1.796403
ENSMFAG00000031069	9.991727
ENSMFAG00000031083	7.689918
ENSMFAG00000031089	2.878632
ENSMFAG00000031092	8.708743
ENSMFAG00000031095	8.079387
ENSMFAG00000031099	2.77066
ENSMFAG00000031106	8.139409
ENSMFAG00000031119	9.353706
ENSMFAG00000031120	0.920081
ENSMFAG00000031125	3.182131
ENSMFAG00000031126	3.616861
ENSMFAG00000031135	4.354608
ENSMFAG00000031138	3.453351
ENSMFAG00000031148	10.072151
ENSMFAG00000031152	5.407716
ENSMFAG00000031157	2.821872
ENSMFAG00000031168	10.004286
ENSMFAG00000031170	6.949355
ENSMFAG00000031179	8.662666
ENSMFAG00000031181	10.399272
ENSMFAG00000031187	1.123073
ENSMFAG00000031194	6.520261
ENSMFAG00000031202	2.309679
ENSMFAG00000031203	8.780035
ENSMFAG00000031209	11.528891
ENSMFAG00000031210	8.34764
ENSMFAG00000031223	4.75277
ENSMFAG00000031225	11.729359
ENSMFAG00000031238	2.098841
ENSMFAG00000031239	9.082797
ENSMFAG00000031240	4.965229
ENSMFAG00000031244	9.109358
ENSMFAG00000031245	7.09881
ENSMFAG00000031253	0.85242
ENSMFAG00000031266	9.902435
ENSMFAG00000031268	10.470915
ENSMFAG00000031279	7.480161
ENSMFAG00000031284	8.9344
ENSMFAG00000031285	9.706944
ENSMFAG00000031287	6.951612
ENSMFAG00000031292	7.225813
ENSMFAG00000031297	4.341755
ENSMFAG00000031299	9.002142
ENSMFAG00000031310	7.010421
ENSMFAG00000031317	11.037131
ENSMFAG00000031319	11.959489
ENSMFAG00000031324	7.035766
ENSMFAG00000031338	1.159746
ENSMFAG00000031340	2.974949
ENSMFAG00000031350	9.821138
ENSMFAG00000031353	6.507252
ENSMFAG00000031355	1.208638
ENSMFAG00000031377	3.48284
ENSMFAG00000031388	4.395642
ENSMFAG00000031396	12.241899
ENSMFAG00000031405	9.29627
ENSMFAG00000031407	9.777394
ENSMFAG00000031415	6.379365
ENSMFAG00000031420	7.362202
ENSMFAG00000031430	4.253246
ENSMFAG00000031431	2.366507
ENSMFAG00000031440	1.870697
ENSMFAG00000031441	10.259549
ENSMFAG00000031453	9.348092
ENSMFAG00000031459	3.758712
ENSMFAG00000031469	5.788782
ENSMFAG00000031476	3.557021
ENSMFAG00000031477	4.203059
ENSMFAG00000031491	6.147139
ENSMFAG00000031495	4.513003
ENSMFAG00000031509	2.892083
ENSMFAG00000031511	11.823849
ENSMFAG00000031519	6.438615
ENSMFAG00000031533	10.157931
ENSMFAG00000031537	5.539058
ENSMFAG00000031551	7.680178
ENSMFAG00000031562	3.2184
ENSMFAG00000031564	6.25806
ENSMFAG00000031569	6.270931
ENSMFAG00000031571	10.875589
ENSMFAG00000031581	3.795696
ENSMFAG00000031586	3.264982
ENSMFAG00000031592	5.00657
ENSMFAG00000031602	3.242441
ENSMFAG00000031621	10.259426
ENSMFAG00000031625	11.95962
ENSMFAG00000031629	2.266034
ENSMFAG00000031630	11.921154
ENSMFAG00000031632	4.010475
ENSMFAG00000031634	1.474407
ENSMFAG00000031644	9.713013
ENSMFAG00000031645	2.630536
ENSMFAG00000031647	1.090957
ENSMFAG00000031652	8.579491
ENSMFAG00000031659	1.548919
ENSMFAG00000031660	2.284217
ENSMFAG00000031664	7.297298
ENSMFAG00000031666	6.249144
ENSMFAG00000031670	2.679333
ENSMFAG00000031672	7.872216
ENSMFAG00000031677	1.091233
ENSMFAG00000031680	1.839994
ENSMFAG00000031693	11.394385
ENSMFAG00000031694	6.369515
ENSMFAG00000031698	5.692095
ENSMFAG00000031710	7.207592
ENSMFAG00000031716	3.042831
ENSMFAG00000031724	4.622497
ENSMFAG00000031734	12.115278
ENSMFAG00000031736	2.390015
ENSMFAG00000031739	11.56239
ENSMFAG00000031740	4.502817
ENSMFAG00000031744	10.458597
ENSMFAG00000031745	3.678961
ENSMFAG00000031746	5.540459
ENSMFAG00000031747	0.80641
ENSMFAG00000031748	3.319267
ENSMFAG00000031751	10.256391
ENSMFAG00000031760	6.607439
ENSMFAG00000031764	8.810872
ENSMFAG00000031765	7.898266
ENSMFAG00000031773	1.876166
ENSMFAG00000031776	8.960354
ENSMFAG00000031778	0.930138
ENSMFAG00000031781	10.913868
ENSMFAG00000031785	2.329524
ENSMFAG00000031810	3.564806
ENSMFAG00000031811	10.581762
ENSMFAG00000031828	10.773056
ENSMFAG00000031843	1.343803
ENSMFAG00000031855	6.490259
ENSMFAG00000031862	11.792305
ENSMFAG00000031864	12.236326
ENSMFAG00000031866	1.068635
ENSMFAG00000031871	4.174705
ENSMFAG00000031883	6.029468
ENSMFAG00000031891	3.531418
ENSMFAG00000031902	11.887853
ENSMFAG00000031907	3.470179
ENSMFAG00000031914	10.820719
ENSMFAG00000031918	9.948874
ENSMFAG00000031941	10.578295
ENSMFAG00000031950	9.065337
ENSMFAG00000031951	10.240665
ENSMFAG00000031965	4.618354
ENSMFAG00000031967	4.921589
ENSMFAG00000031969	7.692273
ENSMFAG00000031971	3.112102
ENSMFAG00000031973	4.875572
ENSMFAG00000031995	11.986345
ENSMFAG00000031996	5.387094
ENSMFAG00000032002	10.764225
ENSMFAG00000032005	8.269045
ENSMFAG00000032013	5.152958
ENSMFAG00000032018	5.006361
ENSMFAG00000032023	1.992065
ENSMFAG00000032029	2.96415
ENSMFAG00000032043	3.401318
ENSMFAG00000032047	5.390401
ENSMFAG00000032050	6.710745
ENSMFAG00000032059	10.511152
ENSMFAG00000032060	8.894491
ENSMFAG00000032063	2.723881
ENSMFAG00000032068	10.957236
ENSMFAG00000032070	4.170745
ENSMFAG00000032071	5.8029
ENSMFAG00000032072	11.876086
ENSMFAG00000032073	4.330799
ENSMFAG00000032074	6.827882
ENSMFAG00000032078	5.516363
ENSMFAG00000032086	3.743083
ENSMFAG00000032087	9.10611
ENSMFAG00000032095	7.722852
ENSMFAG00000032101	8.536663
ENSMFAG00000032122	6.653939
ENSMFAG00000032123	11.982289
ENSMFAG00000032127	7.082265
ENSMFAG00000032129	7.379741
ENSMFAG00000032133	8.523634
ENSMFAG00000032140	12.217216
ENSMFAG00000032148	3.034764
ENSMFAG00000032153	4.092648
ENSMFAG00000032172	2.294709
ENSMFAG00000032173	10.475413
ENSMFAG00000032176	1.800765
ENSMFAG00000032178	8.618863
ENSMFAG00000032180	7.638328
ENSMFAG00000032186	4.259478
ENSMFAG00000032196	0.355868
ENSMFAG00000032208	1.98523
ENSMFAG00000032214	4.0703
ENSMFAG00000032225	2.558958
ENSMFAG00000032234	10.642959
ENSMFAG00000032249	6.660255
ENSMFAG00000032250	3.697372
ENSMFAG00000032252	9.059741
ENSMFAG00000032258	7.968404
ENSMFAG00000032266	1.481427
ENSMFAG00000032273	9.3137
ENSMFAG00000032280	11.461542
ENSMFAG00000032281	2.632177
ENSMFAG00000032293	11.349962
ENSMFAG00000032296	8.604626
ENSMFAG00000032302	1.592441
ENSMFAG00000032309	5.933349
ENSMFAG00000032317	3.341217
ENSMFAG00000032318	11.884365
ENSMFAG00000032324	11.058755
ENSMFAG00000032327	3.29521
ENSMFAG00000032336	8.31113
ENSMFAG00000032337	6.69513
ENSMFAG00000032338	4.514681
ENSMFAG00000032346	7.816751
ENSMFAG00000032348	7.550111
ENSMFAG00000032353	1.394798
ENSMFAG00000032358	9.550043
ENSMFAG00000032360	6.134842
ENSMFAG00000032379	6.540501
ENSMFAG00000032384	4.952571
ENSMFAG00000032389	2.421193
ENSMFAG00000032391	8.000514
ENSMFAG00000032403	4.80343
ENSMFAG00000032404	7.713482
ENSMFAG00000032408	5.321259
ENSMFAG00000032410	9.863819
ENSMFAG00000032413	2.393978
ENSMFAG00000032415	6.731299
ENSMFAG00000032416	0.269721
ENSMFAG00000032417	10.030962
ENSMFAG00000032419	1.565754
ENSMFAG00000032425	0.45331
ENSMFAG00000032430	2.099206
ENSMFAG00000032436	5.054493
ENSMFAG00000032439	2.333902
ENSMFAG00000032440	2.264006
ENSMFAG00000032456	7.153098
ENSMFAG00000032459	3.697361
ENSMFAG00000032482	10.177266
ENSMFAG00000032483	4.572914
ENSMFAG00000032484	11.592625
ENSMFAG00000032490	0.902978
ENSMFAG00000032492	9.95706
ENSMFAG00000032495	2.258085
ENSMFAG00000032502	7.056457
ENSMFAG00000032504	7.384618
ENSMFAG00000032506	4.369842
ENSMFAG00000032508	10.718644
ENSMFAG00000032510	2.404238
ENSMFAG00000032513	0.515148
ENSMFAG00000032518	8.802876
ENSMFAG00000032528	6.526619
ENSMFAG00000032532	1.516703
ENSMFAG00000032534	10.539178
ENSMFAG00000032548	10.736803
ENSMFAG00000032553	3.924378
ENSMFAG00000032569	5.02711
ENSMFAG00000032571	0.572412
ENSMFAG00000032573	10.531743
ENSMFAG00000032575	8.993134
ENSMFAG00000032579	5.678636
ENSMFAG00000032581	7.190421
ENSMFAG00000032582	3.368488
ENSMFAG00000032611	5.445682
ENSMFAG00000032614	3.934177
ENSMFAG00000032617	12.071935
ENSMFAG00000032621	1.527371
ENSMFAG00000032622	9.947944
ENSMFAG00000032628	7.655437
ENSMFAG00000032632	8.309835
ENSMFAG00000032633	11.254471
ENSMFAG00000032635	11.878553
ENSMFAG00000032656	9.605135
ENSMFAG00000032657	11.270523
ENSMFAG00000032669	2.048759
ENSMFAG00000032670	6.029905
ENSMFAG00000032691	1.956137
ENSMFAG00000032695	10.126384
ENSMFAG00000032696	7.683019
ENSMFAG00000032700	3.447778
ENSMFAG00000032704	6.39725
ENSMFAG00000032710	8.305967
ENSMFAG00000032713	6.718215
ENSMFAG00000032714	10.539519
ENSMFAG00000032716	9.884499
ENSMFAG00000032717	1.283743
ENSMFAG00000032719	11.206842
ENSMFAG00000032720	8.826313
ENSMFAG00000032741	7.123379
ENSMFAG00000032754	1.352351
ENSMFAG00000032755	1.796594
ENSMFAG00000032766	10.518559
ENSMFAG00000032782	6.497725
ENSMFAG00000032786	3.751276
ENSMFAG00000032795	4.249444
ENSMFAG00000032797	10.629994
ENSMFAG00000032800	6.700943
ENSMFAG00000032805	1.820079
ENSMFAG00000032808	6.993501
ENSMFAG00000032817	6.66475
ENSMFAG00000032828	3.604337
ENSMFAG00000032838	9.032335
ENSMFAG00000032840	4.229609
ENSMFAG00000032859	9.869391
ENSMFAG00000032864	10.195772
ENSMFAG00000032868	0.910708
ENSMFAG00000032884	1.25518
ENSMFAG00000032887	7.529294
ENSMFAG00000032898	9.418608
ENSMFAG00000032899	6.459188
ENSMFAG00000032900	6.647901
ENSMFAG00000032901	6.042435
ENSMFAG00000032902	7.259832
ENSMFAG00000032916	8.1874
ENSMFAG00000032920	11.550383
ENSMFAG00000032938	1.406967
ENSMFAG00000032944	4.660497
ENSMFAG00000032948	9.312371
ENSMFAG00000032950	3.698189
ENSMFAG00000032951	8.305726
ENSMFAG00000032952	7.266748
ENSMFAG00000032954	3.555379
ENSMFAG00000032961	10.362719
ENSMFAG00000032964	7.324301
ENSMFAG00000032969	2.746073
ENSMFAG00000032977	12.114271
ENSMFAG00000032990	10.060654
ENSMFAG00000033000	3.406718
ENSMFAG00000033006	11.069685
ENSMFAG00000033008	7.834368
ENSMFAG00000033025	8.058482
ENSMFAG00000033033	2.519726
ENSMFAG00000033043	5.264844
ENSMFAG00000033049	5.063782
ENSMFAG00000033052	10.775983
ENSMFAG00000033055	5.724893
ENSMFAG00000033057	6.479146
ENSMFAG00000033062	10.300719
ENSMFAG00000033063	2.606642
ENSMFAG00000033068	10.375882
ENSMFAG00000033069	11.688021
ENSMFAG00000033075	2.98032
ENSMFAG00000033090	6.936398
ENSMFAG00000033093	4.005236
ENSMFAG00000033095	10.950789
ENSMFAG00000033096	9.038565
ENSMFAG00000033104	10.087652
ENSMFAG00000033115	7.679682
ENSMFAG00000033121	9.287551
ENSMFAG00000033126	5.780374
ENSMFAG00000033128	4.526193
ENSMFAG00000033130	0.996771
ENSMFAG00000033136	11.169218
ENSMFAG00000033141	0.437975
ENSMFAG00000033153	3.708032
ENSMFAG00000033157	9.524061
ENSMFAG00000033160	2.149101
ENSMFAG00000033161	4.316984
ENSMFAG00000033165	3.8838
ENSMFAG00000033168	8.184035
ENSMFAG00000033189	3.625572
ENSMFAG00000033190	1.719378
ENSMFAG00000033197	8.846189
ENSMFAG00000033199	9.802001
ENSMFAG00000033200	11.663285
ENSMFAG00000033206	1.320691
ENSMFAG00000033211	0.476215
ENSMFAG00000033212	6.180044
ENSMFAG00000033222	2.670127
ENSMFAG00000033224	5.405986
ENSMFAG00000033226	10.820042
ENSMFAG00000033247	10.134221
ENSMFAG00000033250	10.122503
ENSMFAG00000033257	3.469627
ENSMFAG00000033269	5.944405
ENSMFAG00000033273	8.273605
ENSMFAG00000033280	11.765021
ENSMFAG00000033287	6.692011
ENSMFAG00000033288	2.700699
ENSMFAG00000033289	8.663636
ENSMFAG00000033292	1.57498
ENSMFAG00000033294	9.385974
ENSMFAG00000033295	6.047048
ENSMFAG00000033299	6.540638
ENSMFAG00000033311	1.220358
ENSMFAG00000033313	3.899366
ENSMFAG00000033314	8.150822
ENSMFAG00000033318	2.702353
ENSMFAG00000033320	5.984003
ENSMFAG00000033321	0.344162
ENSMFAG00000033322	6.57683
ENSMFAG00000033328	5.142117
ENSMFAG00000033331	10.733008
ENSMFAG00000033334	9.107515
ENSMFAG00000033342	11.195172
ENSMFAG00000033345	3.067426
ENSMFAG00000033347	9.894326
ENSMFAG00000033348	7.928376
ENSMFAG00000033349	11.728299
ENSMFAG00000033357	2.613159
ENSMFAG00000033361	3.132016
ENSMFAG00000033366	6.454857
ENSMFAG00000033367	11.442548
ENSMFAG00000033382	8.411412
ENSMFAG00000033384	7.072409
ENSMFAG00000033385	3.664406
ENSMFAG00000033399	8.342219
ENSMFAG00000033402	7.805866
ENSMFAG00000033417	7.202218
ENSMFAG00000033419	6.782787
ENSMFAG00000033420	1.755392
ENSMFAG00000033434	4.658896
ENSMFAG00000033437	9.900166
ENSMFAG00000033440	4.625482
ENSMFAG00000033444	11.952354
ENSMFAG00000033448	8.199337
ENSMFAG00000033459	10.632301
ENSMFAG00000033462	7.248508
ENSMFAG00000033466	2.537264
ENSMFAG00000033472	8.476985
ENSMFAG00000033486	6.784694
ENSMFAG00000033490	3.828736
ENSMFAG00000033495	0.493487
ENSMFAG00000033499	10.659731
ENSMFAG00000033503	3.972464
ENSMFAG00000033529	5.527136
ENSMFAG00000033530	1.214181
ENSMFAG00000033540	6.94816
ENSMFAG00000033546	5.808246
ENSMFAG00000033548	8.093389
ENSMFAG00000033567	3.377035
ENSMFAG00000033579	5.795967
ENSMFAG00000033580	1.442776
ENSMFAG00000033595	4.695554
ENSMFAG00000033612	3.015155
ENSMFAG00000033613	6.731957
ENSMFAG00000033617	10.034957
ENSMFAG00000033623	3.583093
ENSMFAG00000033627	9.8285
ENSMFAG00000033630	10.398358
ENSMFAG00000033657	6.16449
ENSMFAG00000033660	3.45458
ENSMFAG00000033663	0.381994
ENSMFAG00000033666	6.166445
ENSMFAG00000033676	3.139439
ENSMFAG00000033677	8.717468
ENSMFAG00000033682	1.339069
ENSMFAG00000033684	6.398272
ENSMFAG00000033690	9.733699
ENSMFAG00000033691	3.511169
ENSMFAG00000033696	3.604613
ENSMFAG00000033701	2.973387
ENSMFAG00000033714	3.881868
ENSMFAG00000033717	11.099531
ENSMFAG00000033721	7.879191
ENSMFAG00000033723	4.637723
ENSMFAG00000033742	6.567253
ENSMFAG00000033758	11.102941
ENSMFAG00000033778	8.243004
ENSMFAG00000033790	5.554041
ENSMFAG00000033812	10.981606
ENSMFAG00000033816	2.955787
ENSMFAG00000033834	5.680803
ENSMFAG00000033835	9.656249
ENSMFAG00000033838	8.624226
ENSMFAG00000033839	5.854658
ENSMFAG00000033842	4.86626
ENSMFAG00000033843	8.600613
ENSMFAG00000033846	6.242092
ENSMFAG00000033848	4.070994
ENSMFAG00000033851	2.471675
ENSMFAG00000033864	6.737827
ENSMFAG00000033867	5.749552
ENSMFAG00000033869	6.598545
ENSMFAG00000033870	1.033058
ENSMFAG00000033887	2.129702
ENSMFAG00000033891	11.592734
ENSMFAG00000033895	0.545028
ENSMFAG00000033904	12.027067
ENSMFAG00000033918	1.923754
ENSMFAG00000033926	10.664434
ENSMFAG00000033928	4.819
ENSMFAG00000033932	6.81744
ENSMFAG00000033933	9.738642
ENSMFAG00000033941	8.433769
ENSMFAG00000033943	1.872423
ENSMFAG00000033944	5.312614
ENSMFAG00000033947	2.579991
ENSMFAG00000033952	9.468434
ENSMFAG00000033958	11.600036
ENSMFAG00000033965	9.587973
ENSMFAG00000033969	2.304201
ENSMFAG00000033981	6.308723
ENSMFAG00000033989	3.308278
ENSMFAG00000033999	10.592126
ENSMFAG00000034011	7.960723
ENSMFAG00000034026	6.387246
ENSMFAG00000034029	6.869573
ENSMFAG00000034035	9.1514
ENSMFAG00000034036	7.076223
ENSMFAG00000034055	3.572495
ENSMFAG00000034057	0.302339
ENSMFAG00000034058	6.870718
ENSMFAG00000034063	9.009017
ENSMFAG00000034064	1.519309
ENSMFAG00000034072	2.411723
ENSMFAG00000034080	10.760118
ENSMFAG00000034085	0.785886
ENSMFAG00000034094	6.857762
ENSMFAG00000034100	0.671443
ENSMFAG00000034105	6.542513
ENSMFAG00000034106	7.665783
ENSMFAG00000034112	9.169207
ENSMFAG00000034113	4.249672
ENSMFAG00000034122	9.516452
ENSMFAG00000034128	8.594408
ENSMFAG00000034129	5.685823
ENSMFAG00000034138	9.131336
ENSMFAG00000034144	11.312314
ENSMFAG00000034152	3.432158
ENSMFAG00000034153	7.260372
ENSMFAG00000034159	9.040219
ENSMFAG00000034161	12.111583
ENSMFAG00000034163	6.004447
ENSMFAG00000034164	3.292315
ENSMFAG00000034194	10.289874
ENSMFAG00000034195	9.589035
ENSMFAG00000034197	11.247929
ENSMFAG00000034198	4.360806
ENSMFAG00000034211	10.307816
ENSMFAG00000034213	8.589511
ENSMFAG00000034223	11.951465
ENSMFAG00000034226	11.888686
ENSMFAG00000034227	7.874945
ENSMFAG00000034228	7.35866
ENSMFAG00000034229	3.779663
ENSMFAG00000034242	9.941146
ENSMFAG00000034256	10.536546
ENSMFAG00000034259	4.599139
ENSMFAG00000034274	7.403932
ENSMFAG00000034277	2.453966
ENSMFAG00000034279	5.537888
ENSMFAG00000034280	1.057312
ENSMFAG00000034282	6.747637
ENSMFAG00000034285	3.647016
ENSMFAG00000034287	5.602965
ENSMFAG00000034290	1.008864
ENSMFAG00000034292	11.327887
ENSMFAG00000034295	11.073714
ENSMFAG00000034296	9.88836
ENSMFAG00000034298	5.057046
ENSMFAG00000034328	5.677903
ENSMFAG00000034330	7.390813
ENSMFAG00000034350	7.075252
ENSMFAG00000034351	6.77131
ENSMFAG00000034352	5.801021
ENSMFAG00000034354	12.222036
ENSMFAG00000034356	9.529795
ENSMFAG00000034368	4.608127
ENSMFAG00000034373	1.944253
ENSMFAG00000034374	11.894426
ENSMFAG00000034375	1.590494
ENSMFAG00000034387	11.787345
ENSMFAG00000034389	2.475772
ENSMFAG00000034390	9.985997
ENSMFAG00000034394	4.080828
ENSMFAG00000034395	11.593572
ENSMFAG00000034403	2.272035
ENSMFAG00000034421	1.159247
ENSMFAG00000034445	0.776996
ENSMFAG00000034450	11.173422
ENSMFAG00000034457	10.236438
ENSMFAG00000034458	11.475911
ENSMFAG00000034465	6.426142
ENSMFAG00000034467	0.339842
ENSMFAG00000034477	0.497467
ENSMFAG00000034478	5.031619
ENSMFAG00000034482	10.675099
ENSMFAG00000034490	4.798419
ENSMFAG00000034501	10.479561
ENSMFAG00000034503	5.458883
ENSMFAG00000034506	6.219759
ENSMFAG00000034507	11.31527
ENSMFAG00000034508	9.252034
ENSMFAG00000034510	7.309859
ENSMFAG00000034513	2.271396
ENSMFAG00000034515	5.265914
ENSMFAG00000034521	11.708541
ENSMFAG00000034527	3.39735
ENSMFAG00000034528	5.258468
ENSMFAG00000034529	9.263206
ENSMFAG00000034532	11.532074
ENSMFAG00000034534	6.234528
ENSMFAG00000034542	4.132014
ENSMFAG00000034548	10.138192
ENSMFAG00000034563	11.284462
ENSMFAG00000034566	0.465035
ENSMFAG00000034584	9.758999
ENSMFAG00000034588	11.868315
ENSMFAG00000034592	4.258899
ENSMFAG00000034597	7.024895
ENSMFAG00000034604	7.491428
ENSMFAG00000034611	2.044136
ENSMFAG00000034618	9.844974
ENSMFAG00000034621	9.814392
ENSMFAG00000034627	8.907933
ENSMFAG00000034635	10.685918
ENSMFAG00000034636	6.633285
ENSMFAG00000034637	1.837474
ENSMFAG00000034640	5.876873
ENSMFAG00000034649	6.26769
ENSMFAG00000034658	11.030616
ENSMFAG00000034663	12.015095
ENSMFAG00000034672	0.482182
ENSMFAG00000034677	10.790418
ENSMFAG00000034684	0.954769
ENSMFAG00000034689	3.492179
ENSMFAG00000034690	0.86847
ENSMFAG00000034698	8.455447
ENSMFAG00000034701	10.0708
ENSMFAG00000034738	10.817324
ENSMFAG00000034746	1.407358
ENSMFAG00000034748	6.334498
ENSMFAG00000034752	8.530305
ENSMFAG00000034759	10.45196
ENSMFAG00000034769	11.328309
ENSMFAG00000034775	4.928208
ENSMFAG00000034779	5.80719
ENSMFAG00000034794	0.773736
ENSMFAG00000034810	9.962433
ENSMFAG00000034818	9.725325
ENSMFAG00000034823	9.536401
ENSMFAG00000034835	5.14239
ENSMFAG00000034852	7.35576
ENSMFAG00000034860	6.190328
ENSMFAG00000034881	9.975548
ENSMFAG00000034885	8.383709
ENSMFAG00000034889	4.495591
ENSMFAG00000034890	4.328148
ENSMFAG00000034902	9.453551
ENSMFAG00000034905	1.470339
ENSMFAG00000034917	0.441735
ENSMFAG00000034924	5.528001
ENSMFAG00000034925	7.876147
ENSMFAG00000034938	1.348327
ENSMFAG00000034945	5.768201
ENSMFAG00000034973	9.044008
ENSMFAG00000034974	3.864819
ENSMFAG00000034992	11.924727
ENSMFAG00000034998	8.866587
ENSMFAG00000034999	3.316331
ENSMFAG00000035018	2.016202
ENSMFAG00000035034	2.178152
ENSMFAG00000035044	8.497204
ENSMFAG00000035083	1.986738
ENSMFAG00000035098	4.948353
ENSMFAG00000035099	9.335139
ENSMFAG00000035100	8.070373
ENSMFAG00000035106	5.67288
ENSMFAG00000035118	4.457347
ENSMFAG00000035129	2.918332
ENSMFAG00000035131	6.428567
ENSMFAG00000035147	5.031904
ENSMFAG00000035149	3.303083
ENSMFAG00000035162	8.061477
ENSMFAG00000035163	11.402321
ENSMFAG00000035171	9.319831
ENSMFAG00000035174	7.977179
ENSMFAG00000035175	1.486141
ENSMFAG00000035177	6.116669
ENSMFAG00000035190	8.787338
ENSMFAG00000035195	6.880336
ENSMFAG00000035198	8.36209
ENSMFAG00000035223	0.342549
ENSMFAG00000035224	4.047327
ENSMFAG00000035236	2.374004
ENSMFAG00000035245	10.04199
ENSMFAG00000035266	6.633838
ENSMFAG00000035317	7.477225
ENSMFAG00000035318	7.581088
ENSMFAG00000035319	12.027082
ENSMFAG00000035321	12.045729
ENSMFAG00000035326	7.307344
ENSMFAG00000035327	5.706527
ENSMFAG00000035343	4.49437
ENSMFAG00000035348	3.008736
ENSMFAG00000035365	8.782193
ENSMFAG00000035366	4.020043
ENSMFAG00000035374	11.440449
ENSMFAG00000035378	4.025559
ENSMFAG00000035379	10.370325
ENSMFAG00000035382	9.150527
ENSMFAG00000035391	9.163767
ENSMFAG00000035396	6.801579
ENSMFAG00000035400	4.729461
ENSMFAG00000035415	9.491414
ENSMFAG00000035426	1.047597
ENSMFAG00000035429	11.778781
ENSMFAG00000035430	3.863831
ENSMFAG00000035437	3.174864
ENSMFAG00000035440	12.1334
ENSMFAG00000035444	6.603658
ENSMFAG00000035448	10.558436
ENSMFAG00000035452	6.181798
ENSMFAG00000035453	8.883684
ENSMFAG00000035457	8.282906
ENSMFAG00000035459	9.183248
ENSMFAG00000035472	1.996159
ENSMFAG00000035478	10.309528
ENSMFAG00000035481	6.757635
ENSMFAG00000035488	8.308241
ENSMFAG00000035498	1.761008
ENSMFAG00000035513	3.221076
ENSMFAG00000035517	2.885469
ENSMFAG00000035523	4.505917
ENSMFAG00000035530	5.104415
ENSMFAG00000035532	3.231975
ENSMFAG00000035539	7.299029
ENSMFAG00000035540	10.424832
ENSMFAG00000035545	5.967355
ENSMFAG00000035557	3.35331
ENSMFAG00000035558	7.105064
ENSMFAG00000035567	3.752102
ENSMFAG00000035568	8.374909
ENSMFAG00000035573	11.221751
ENSMFAG00000035574	0.791069
ENSMFAG00000035581	1.701554
ENSMFAG00000035587	11.466464
ENSMFAG00000035592	1.583823
ENSMFAG00000035595	10.470119
ENSMFAG00000035601	7.281733
ENSMFAG00000035603	4.226423
ENSMFAG00000035609	8.869987
ENSMFAG00000035612	2.355547
ENSMFAG00000035623	5.097161
ENSMFAG00000035638	10.823092
ENSMFAG00000035641	3.094836
ENSMFAG00000035647	1.38588
ENSMFAG00000035648	1.96013
ENSMFAG00000035664	6.879036
ENSMFAG00000035672	0.419022
ENSMFAG00000035685	1.464982
ENSMFAG00000035686	6.745857
ENSMFAG00000035687	2.01517
ENSMFAG00000035696	0.538839
ENSMFAG00000035698	8.942217
ENSMFAG00000035705	0.793494
ENSMFAG00000035706	10.701536
ENSMFAG00000035715	4.943057
ENSMFAG00000035716	10.092677
ENSMFAG00000035717	10.153699
ENSMFAG00000035719	0.809573
ENSMFAG00000035728	6.448496
ENSMFAG00000035737	6.319274
ENSMFAG00000035746	10.410641
ENSMFAG00000035750	7.704374
ENSMFAG00000035755	2.564907
ENSMFAG00000035759	3.797759
ENSMFAG00000035769	3.581415
ENSMFAG00000035778	7.060796
ENSMFAG00000035787	4.077697
ENSMFAG00000035795	5.442675
ENSMFAG00000035799	8.245886
ENSMFAG00000035800	1.415125
ENSMFAG00000035806	0.294317
ENSMFAG00000035808	6.273197
ENSMFAG00000035816	2.601184
ENSMFAG00000035818	1.007557
ENSMFAG00000035823	4.228274
ENSMFAG00000035825	11.514862
ENSMFAG00000035833	2.93755
ENSMFAG00000035834	7.058753
ENSMFAG00000035835	3.751236
ENSMFAG00000035836	9.645966
ENSMFAG00000035838	0.708711
ENSMFAG00000035846	4.688883
ENSMFAG00000035848	6.588284
ENSMFAG00000035852	2.934748
ENSMFAG00000035854	9.379947
ENSMFAG00000035855	4.226055
ENSMFAG00000035858	11.799282
ENSMFAG00000035879	10.844355
ENSMFAG00000035881	11.22709
ENSMFAG00000035896	5.880165
ENSMFAG00000035898	3.190093
ENSMFAG00000035911	4.187618
ENSMFAG00000035916	4.103292
ENSMFAG00000035920	4.69221
ENSMFAG00000035924	2.411111
ENSMFAG00000035932	4.87654
ENSMFAG00000035934	1.631176
ENSMFAG00000035937	6.313931
ENSMFAG00000035939	10.754201
ENSMFAG00000035945	10.507796
ENSMFAG00000035951	1.551361
ENSMFAG00000035956	5.657676
ENSMFAG00000035958	2.840461
ENSMFAG00000035962	5.169462
ENSMFAG00000035963	6.895553
ENSMFAG00000035967	3.219896
ENSMFAG00000035969	1.356851
ENSMFAG00000035972	5.390745
ENSMFAG00000035975	10.470043
ENSMFAG00000035987	2.190287
ENSMFAG00000035992	11.863712
ENSMFAG00000035994	7.169075
ENSMFAG00000035995	5.167997
ENSMFAG00000036000	10.441746
ENSMFAG00000036006	9.611855
ENSMFAG00000036008	10.53638
ENSMFAG00000036042	5.109422
ENSMFAG00000036043	5.798782
ENSMFAG00000036056	11.324166
ENSMFAG00000036062	11.399141
ENSMFAG00000036069	12.042309
ENSMFAG00000036077	9.177324
ENSMFAG00000036092	7.747984
ENSMFAG00000036093	11.698318
ENSMFAG00000036098	10.181817
ENSMFAG00000036100	1.067675
ENSMFAG00000036101	7.074228
ENSMFAG00000036103	6.65795
ENSMFAG00000036105	2.753329
ENSMFAG00000036108	5.476132
ENSMFAG00000036110	4.807683
ENSMFAG00000036111	6.460266
ENSMFAG00000036113	4.361831
ENSMFAG00000036125	11.862627
ENSMFAG00000036127	9.059322
ENSMFAG00000036129	11.481
ENSMFAG00000036130	11.841685
ENSMFAG00000036136	9.979285
ENSMFAG00000036138	6.406011
ENSMFAG00000036140	3.782737
ENSMFAG00000036151	9.469494
ENSMFAG00000036164	9.016679
ENSMFAG00000036167	11.809191
ENSMFAG00000036170	2.343844
ENSMFAG00000036184	6.274306
ENSMFAG00000036186	2.431093
ENSMFAG00000036198	12.244391
ENSMFAG00000036203	2.42476
ENSMFAG00000036248	4.970608
ENSMFAG00000036271	0.735903
ENSMFAG00000036272	1.431492
ENSMFAG00000036275	4.929628
ENSMFAG00000036286	4.510093
ENSMFAG00000036288	3.459253
ENSMFAG00000036289	0.411905
ENSMFAG00000036290	11.750252
ENSMFAG00000036291	0.532665
ENSMFAG00000036292	1.321807
ENSMFAG00000036293	11.309624
ENSMFAG00000036295	10.300525
ENSMFAG00000036298	4.902556
ENSMFAG00000036300	11.452201
ENSMFAG00000036305	2.167145
ENSMFAG00000036308	10.23374
ENSMFAG00000036309	10.624956
ENSMFAG00000036314	1.338621
ENSMFAG00000036315	6.541019
ENSMFAG00000036316	6.023751
ENSMFAG00000036318	1.655405
ENSMFAG00000036339	0.748128
ENSMFAG00000036340	4.193022
ENSMFAG00000036345	7.323902
ENSMFAG00000036349	11.078268
ENSMFAG00000036355	3.891848
ENSMFAG00000036360	2.285471
ENSMFAG00000036361	6.841071
ENSMFAG00000036371	7.889469
ENSMFAG00000036376	11.119184
ENSMFAG00000036384	12.133229
ENSMFAG00000036388	5.249946
ENSMFAG00000036397	7.873578
ENSMFAG00000036404	8.86308
ENSMFAG00000036406	6.335012
ENSMFAG00000036411	9.093369
ENSMFAG00000036436	1.256959
ENSMFAG00000036442	9.229558
ENSMFAG00000036445	10.615775
ENSMFAG00000036454	5.889567
ENSMFAG00000036455	12.115171
ENSMFAG00000036465	1.857283
ENSMFAG00000036470	11.508062
ENSMFAG00000036475	2.337232
ENSMFAG00000036485	0.355798
ENSMFAG00000036486	6.47767
ENSMFAG00000036487	7.447801
ENSMFAG00000036489	3.302904
ENSMFAG00000036494	1.880631
ENSMFAG00000036497	1.506699
ENSMFAG00000036502	11.438422
ENSMFAG00000036505	3.445492
ENSMFAG00000036510	2.222682
ENSMFAG00000036512	0.43532
ENSMFAG00000036514	11.722403
ENSMFAG00000036516	9.847107
ENSMFAG00000036530	12.147536
ENSMFAG00000036539	2.377648
ENSMFAG00000036551	11.201732
ENSMFAG00000036553	8.5289
ENSMFAG00000036556	3.846342
ENSMFAG00000036561	4.790312
ENSMFAG00000036579	5.847378
ENSMFAG00000036580	5.966168
ENSMFAG00000036618	0.362843
ENSMFAG00000036622	1.751582
ENSMFAG00000036624	4.227439
ENSMFAG00000036636	7.168377
ENSMFAG00000036649	11.699271
ENSMFAG00000036651	2.697611
ENSMFAG00000036667	7.356709
ENSMFAG00000036677	11.095088
ENSMFAG00000036679	1.295745
ENSMFAG00000036680	8.852743
ENSMFAG00000036681	8.568447
ENSMFAG00000036686	5.738995
ENSMFAG00000036703	10.401566
ENSMFAG00000036704	11.95839
ENSMFAG00000036706	4.905466
ENSMFAG00000036707	8.899303
ENSMFAG00000036722	6.722756
ENSMFAG00000036724	7.236704
ENSMFAG00000036734	9.600037
ENSMFAG00000036735	10.683709
ENSMFAG00000036742	5.280192
ENSMFAG00000036748	2.772051
ENSMFAG00000036749	7.226699
ENSMFAG00000036754	8.292385
ENSMFAG00000036784	5.399249
ENSMFAG00000036801	10.590001
ENSMFAG00000036810	3.876724
ENSMFAG00000036811	4.982673
ENSMFAG00000036814	9.089235
ENSMFAG00000036815	1.778614
ENSMFAG00000036816	2.728188
ENSMFAG00000036821	3.208385
ENSMFAG00000036830	10.844298
ENSMFAG00000036838	8.668958
ENSMFAG00000036843	9.202566
ENSMFAG00000036846	3.672357
ENSMFAG00000036851	8.874235
ENSMFAG00000036865	5.60771
ENSMFAG00000036866	10.372756
ENSMFAG00000036868	12.111576
ENSMFAG00000036885	3.646894
ENSMFAG00000036888	10.275498
ENSMFAG00000036902	5.504189
ENSMFAG00000036904	12.235768
ENSMFAG00000036905	0.367378
ENSMFAG00000036910	10.585261
ENSMFAG00000036924	5.178142
ENSMFAG00000036930	7.262895
ENSMFAG00000036948	11.774135
ENSMFAG00000036951	8.279023
ENSMFAG00000036954	2.854449
ENSMFAG00000036956	2.789575
ENSMFAG00000036964	2.852778
ENSMFAG00000036975	2.688577
ENSMFAG00000036985	10.00228
ENSMFAG00000036986	4.303431
ENSMFAG00000036987	9.177157
ENSMFAG00000037001	12.072366
ENSMFAG00000037006	7.531152
ENSMFAG00000037007	10.000467
ENSMFAG00000037017	4.367703
ENSMFAG00000037020	11.171145
ENSMFAG00000037035	1.072711
ENSMFAG00000037043	5.065261
ENSMFAG00000037049	4.919337
ENSMFAG00000037074	1.556926
ENSMFAG00000037075	6.825424
ENSMFAG00000037076	6.27881
ENSMFAG00000037084	3.861913
ENSMFAG00000037086	0.972165
ENSMFAG00000037087	8.540226
ENSMFAG00000037097	5.081062
ENSMFAG00000037110	9.159466
ENSMFAG00000037113	1.727181
ENSMFAG00000037121	9.64507
ENSMFAG00000037132	10.505806
ENSMFAG00000037139	2.856229
ENSMFAG00000037149	10.008418
ENSMFAG00000037151	1.791534
ENSMFAG00000037164	9.82343
ENSMFAG00000037177	0.592443
ENSMFAG00000037178	1.83483
ENSMFAG00000037180	9.481159
ENSMFAG00000037187	1.408752
ENSMFAG00000037188	0.935076
ENSMFAG00000037192	8.349453
ENSMFAG00000037195	5.319852
ENSMFAG00000037217	3.593491
ENSMFAG00000037234	6.876832
ENSMFAG00000037240	4.279916
ENSMFAG00000037243	2.256976
ENSMFAG00000037246	5.766413
ENSMFAG00000037250	8.660896
ENSMFAG00000037251	2.435677
ENSMFAG00000037254	10.70045
ENSMFAG00000037263	3.219498
ENSMFAG00000037272	9.432646
ENSMFAG00000037283	4.565496
ENSMFAG00000037289	9.803067
ENSMFAG00000037290	8.27204
ENSMFAG00000037304	8.962291
ENSMFAG00000037321	10.725771
ENSMFAG00000037336	1.129876
ENSMFAG00000037339	11.380255
ENSMFAG00000037340	2.719079
ENSMFAG00000037355	3.285592
ENSMFAG00000037366	9.050559
ENSMFAG00000037370	9.309965
ENSMFAG00000037373	4.284139
ENSMFAG00000037375	10.933363
ENSMFAG00000037377	6.387048
ENSMFAG00000037379	4.047514
ENSMFAG00000037385	5.74627
ENSMFAG00000037388	9.535299
ENSMFAG00000037395	5.042144
ENSMFAG00000037400	5.912343
ENSMFAG00000037422	3.042638
ENSMFAG00000037426	11.60512
ENSMFAG00000037443	3.917496
ENSMFAG00000037451	9.736914
ENSMFAG00000037460	3.988403
ENSMFAG00000037467	8.571392
ENSMFAG00000037468	10.649053
ENSMFAG00000037469	11.208885
ENSMFAG00000037472	8.76363
ENSMFAG00000037473	8.440039
ENSMFAG00000037475	6.939611
ENSMFAG00000037476	5.959902
ENSMFAG00000037477	11.28292
ENSMFAG00000037484	2.200644
ENSMFAG00000037498	1.740545
ENSMFAG00000037502	1.078643
ENSMFAG00000037507	9.748686
ENSMFAG00000037511	9.257682
ENSMFAG00000037514	9.163276
ENSMFAG00000037518	12.017296
ENSMFAG00000037523	11.650125
ENSMFAG00000037524	8.409234
ENSMFAG00000037525	5.803358
ENSMFAG00000037528	1.670139
ENSMFAG00000037529	10.559361
ENSMFAG00000037534	8.297552
ENSMFAG00000037549	1.81602
ENSMFAG00000037550	2.827295
ENSMFAG00000037553	0.424639
ENSMFAG00000037557	2.82252
ENSMFAG00000037558	0.818417
ENSMFAG00000037563	3.51654
ENSMFAG00000037564	10.561511
ENSMFAG00000037565	4.944465
ENSMFAG00000037573	3.21932
ENSMFAG00000037576	11.682314
ENSMFAG00000037577	0.279344
ENSMFAG00000037578	10.550902
ENSMFAG00000037584	5.107587
ENSMFAG00000037587	10.342649
ENSMFAG00000037588	9.698771
ENSMFAG00000037594	0.80565
ENSMFAG00000037596	11.608473
ENSMFAG00000037619	1.860374
ENSMFAG00000037626	3.349089
ENSMFAG00000037633	1.349701
ENSMFAG00000037634	4.291124
ENSMFAG00000037635	10.385159
ENSMFAG00000037636	0.620961
ENSMFAG00000037643	0.913237
ENSMFAG00000037649	1.647762
ENSMFAG00000037654	6.724712
ENSMFAG00000037660	8.538209
ENSMFAG00000037665	6.449665
ENSMFAG00000037671	1.87615
ENSMFAG00000037672	7.396786
ENSMFAG00000037680	5.60021
ENSMFAG00000037683	4.389692
ENSMFAG00000037686	7.442102
ENSMFAG00000037687	8.64731
ENSMFAG00000037689	4.335899
ENSMFAG00000037692	6.398316
ENSMFAG00000037705	12.198372
ENSMFAG00000037706	1.879298
ENSMFAG00000037717	6.639148
ENSMFAG00000037719	5.625001
ENSMFAG00000037720	11.429998
ENSMFAG00000037725	0.508559
ENSMFAG00000037727	9.078504
ENSMFAG00000037730	9.901406
ENSMFAG00000037747	12.079356
ENSMFAG00000037758	11.446068
ENSMFAG00000037759	12.060819
ENSMFAG00000037761	8.361661
ENSMFAG00000037767	6.782241
ENSMFAG00000037772	6.118968
ENSMFAG00000037777	0.457939
ENSMFAG00000037779	11.766213
ENSMFAG00000037784	9.0562
ENSMFAG00000037790	4.592511
ENSMFAG00000037793	1.43552
ENSMFAG00000037795	9.024792
ENSMFAG00000037796	2.330396
ENSMFAG00000037798	6.245129
ENSMFAG00000037807	5.632732
ENSMFAG00000037811	0.351403
ENSMFAG00000037821	10.162199
ENSMFAG00000037829	3.186799
ENSMFAG00000037838	9.957248
ENSMFAG00000037843	4.06292
ENSMFAG00000037847	11.651607
ENSMFAG00000037849	9.978542
ENSMFAG00000037852	2.835367
ENSMFAG00000037864	1.143216
ENSMFAG00000037872	11.541546
ENSMFAG00000037878	4.541471
ENSMFAG00000037886	10.452738
ENSMFAG00000037887	9.737881
ENSMFAG00000037909	9.687957
ENSMFAG00000037913	12.165664
ENSMFAG00000037921	1.545271
ENSMFAG00000037923	3.111001
ENSMFAG00000037924	3.40942
ENSMFAG00000037932	5.405207
ENSMFAG00000037935	1.908706
ENSMFAG00000037942	2.631439
ENSMFAG00000037947	9.765351
ENSMFAG00000037949	3.17043
ENSMFAG00000037977	9.998982
ENSMFAG00000037981	2.662567
ENSMFAG00000038002	7.629293
ENSMFAG00000038004	4.315837
ENSMFAG00000038008	10.893448
ENSMFAG00000038016	5.737567
ENSMFAG00000038018	6.023365
ENSMFAG00000038034	10.087316
ENSMFAG00000038039	3.665798
ENSMFAG00000038049	4.731639
ENSMFAG00000038062	0.490215
ENSMFAG00000038063	2.186589
ENSMFAG00000038075	8.778214
ENSMFAG00000038077	11.352553
ENSMFAG00000038081	11.947937
ENSMFAG00000038087	7.781019
ENSMFAG00000038089	10.155171
ENSMFAG00000038092	10.238576
ENSMFAG00000038094	6.947536
ENSMFAG00000038096	8.512127
ENSMFAG00000038098	1.358682
ENSMFAG00000038107	2.433739
ENSMFAG00000038109	8.600757
ENSMFAG00000038110	2.954854
ENSMFAG00000038113	9.760703
ENSMFAG00000038131	6.772212
ENSMFAG00000038138	11.383537
ENSMFAG00000038147	2.15179
ENSMFAG00000038166	4.91223
ENSMFAG00000038171	9.218498
ENSMFAG00000038180	1.295982
ENSMFAG00000038182	3.84002
ENSMFAG00000038186	4.733112
ENSMFAG00000038190	1.767341
ENSMFAG00000038223	9.395587
ENSMFAG00000038228	9.818088
ENSMFAG00000038231	0.294381
ENSMFAG00000038235	7.996964
ENSMFAG00000038241	7.65614
ENSMFAG00000038252	7.892505
ENSMFAG00000038253	1.330458
ENSMFAG00000038258	7.055778
ENSMFAG00000038259	2.269099
ENSMFAG00000038262	7.100646
ENSMFAG00000038277	11.650857
ENSMFAG00000038296	4.190986
ENSMFAG00000038302	1.534731
ENSMFAG00000038303	9.992331
ENSMFAG00000038323	9.513568
ENSMFAG00000038324	9.550417
ENSMFAG00000038332	2.966701
ENSMFAG00000038346	6.207311
ENSMFAG00000038351	11.359761
ENSMFAG00000038367	7.541597
ENSMFAG00000038371	6.667072
ENSMFAG00000038374	6.953618
ENSMFAG00000038375	4.144809
ENSMFAG00000038381	10.140139
ENSMFAG00000038382	5.148513
ENSMFAG00000038384	11.712808
ENSMFAG00000038395	6.794219
ENSMFAG00000038402	8.059816
ENSMFAG00000038404	3.620106
ENSMFAG00000038408	8.323471
ENSMFAG00000038418	6.046389
ENSMFAG00000038428	0.323377
ENSMFAG00000038454	8.622258
ENSMFAG00000038458	2.786232
ENSMFAG00000038464	9.610146
ENSMFAG00000038471	7.055322
ENSMFAG00000038501	11.845878
ENSMFAG00000038502	10.342133
ENSMFAG00000038508	8.946782
ENSMFAG00000038511	3.641459
ENSMFAG00000038515	7.918484
ENSMFAG00000038518	9.196372
ENSMFAG00000038524	2.302772
ENSMFAG00000038539	1.005678
ENSMFAG00000038547	10.252277
ENSMFAG00000038558	0.733399
ENSMFAG00000038561	1.770421
ENSMFAG00000038571	0.426241
ENSMFAG00000038594	3.68366
ENSMFAG00000038595	7.352089
ENSMFAG00000038618	2.511555
ENSMFAG00000038631	2.404964
ENSMFAG00000038636	5.462775
ENSMFAG00000038637	2.432334
ENSMFAG00000038645	0.717841
ENSMFAG00000038649	8.426127
ENSMFAG00000038653	1.527991
ENSMFAG00000038657	2.234584
ENSMFAG00000038659	11.593044
ENSMFAG00000038664	9.062847
ENSMFAG00000038669	0.836496
ENSMFAG00000038673	8.922977
ENSMFAG00000038678	2.706414
ENSMFAG00000038684	4.03411
ENSMFAG00000038688	10.705081
ENSMFAG00000038691	10.519626
ENSMFAG00000038698	0.591685
ENSMFAG00000038700	5.699899
ENSMFAG00000038704	7.222147
ENSMFAG00000038708	6.989583
ENSMFAG00000038716	5.365791
ENSMFAG00000038718	9.194717
ENSMFAG00000038719	12.212606
ENSMFAG00000038721	1.686293
ENSMFAG00000038726	1.862996
ENSMFAG00000038734	10.0538
ENSMFAG00000038746	2.067203
ENSMFAG00000038750	9.822819
ENSMFAG00000038755	5.648494
ENSMFAG00000038761	9.075883
ENSMFAG00000038765	11.1615
ENSMFAG00000038767	10.311497
ENSMFAG00000038769	8.535241
ENSMFAG00000038775	0.345871
ENSMFAG00000038777	7.278459
ENSMFAG00000038801	9.402645
ENSMFAG00000038803	0.608322
ENSMFAG00000038812	2.927027
ENSMFAG00000038814	8.377628
ENSMFAG00000038815	0.728408
ENSMFAG00000038816	10.378686
ENSMFAG00000038819	2.408394
ENSMFAG00000038824	2.215985
ENSMFAG00000038830	11.262936
ENSMFAG00000038836	4.691707
ENSMFAG00000038841	11.262353
ENSMFAG00000038879	2.432089
ENSMFAG00000038883	3.189856
ENSMFAG00000038884	1.215145
ENSMFAG00000038888	3.675747
ENSMFAG00000038903	0.973974
ENSMFAG00000038911	1.599548
ENSMFAG00000038912	6.058398
ENSMFAG00000038917	2.824125
ENSMFAG00000038933	6.363196
ENSMFAG00000038944	5.866721
ENSMFAG00000038952	2.820781
ENSMFAG00000038956	7.187217
ENSMFAG00000038977	1.702514
ENSMFAG00000038979	9.746385
ENSMFAG00000038980	6.284997
ENSMFAG00000038983	11.197759
ENSMFAG00000038984	10.949242
ENSMFAG00000038987	4.726293
ENSMFAG00000039006	11.362108
ENSMFAG00000039007	10.493526
ENSMFAG00000039015	6.963613
ENSMFAG00000039020	6.386088
ENSMFAG00000039031	11.246653
ENSMFAG00000039035	2.249016
ENSMFAG00000039044	1.513325
ENSMFAG00000039046	9.90473
ENSMFAG00000039053	10.967907
ENSMFAG00000039061	6.168948
ENSMFAG00000039064	1.611512
ENSMFAG00000039067	4.009396
ENSMFAG00000039068	5.581357
ENSMFAG00000039092	10.332735
ENSMFAG00000039095	10.022155
ENSMFAG00000039099	7.979735
ENSMFAG00000039103	1.111855
ENSMFAG00000039105	8.955173
ENSMFAG00000039108	8.720081
ENSMFAG00000039110	11.432563
ENSMFAG00000039121	6.773638
ENSMFAG00000039123	0.297791
ENSMFAG00000039127	6.156132
ENSMFAG00000039133	4.970554
ENSMFAG00000039135	11.129424
ENSMFAG00000039144	5.645534
ENSMFAG00000039145	8.739561
ENSMFAG00000039146	2.626159
ENSMFAG00000039150	5.832703
ENSMFAG00000039164	2.834891
ENSMFAG00000039168	12.120862
ENSMFAG00000039170	5.908592
ENSMFAG00000039174	9.238563
ENSMFAG00000039180	9.708412
ENSMFAG00000039181	9.897141
ENSMFAG00000039182	3.679699
ENSMFAG00000039183	0.737807
ENSMFAG00000039190	2.49177
ENSMFAG00000039191	4.956735
ENSMFAG00000039196	0.333172
ENSMFAG00000039207	6.663452
ENSMFAG00000039208	10.042633
ENSMFAG00000039221	7.670759
ENSMFAG00000039222	2.078228
ENSMFAG00000039224	3.922611
ENSMFAG00000039228	11.929519
ENSMFAG00000039254	8.169082
ENSMFAG00000039261	9.82392
ENSMFAG00000039264	8.265016
ENSMFAG00000039267	9.945061
ENSMFAG00000039281	7.747513
ENSMFAG00000039289	8.397528
ENSMFAG00000039297	4.748171
ENSMFAG00000039304	8.100064
ENSMFAG00000039306	0.761532
ENSMFAG00000039310	0.487726
ENSMFAG00000039312	3.850313
ENSMFAG00000039315	5.271918
ENSMFAG00000039322	11.555047
ENSMFAG00000039325	8.969104
ENSMFAG00000039327	7.196977
ENSMFAG00000039329	4.274217
ENSMFAG00000039330	9.886541
ENSMFAG00000039331	4.144571
ENSMFAG00000039348	11.893838
ENSMFAG00000039349	4.874644
ENSMFAG00000039360	0.466302
ENSMFAG00000039363	4.034675
ENSMFAG00000039371	4.803743
ENSMFAG00000039376	9.029052
ENSMFAG00000039391	0.738288
ENSMFAG00000039393	3.625185
ENSMFAG00000039394	5.689603
ENSMFAG00000039395	4.055004
ENSMFAG00000039401	1.216152
ENSMFAG00000039409	11.350242
ENSMFAG00000039432	2.330747
ENSMFAG00000039433	0.349219
ENSMFAG00000039438	11.183015
ENSMFAG00000039439	7.546675
ENSMFAG00000039456	0.850368
ENSMFAG00000039465	3.008285
ENSMFAG00000039487	3.087938
ENSMFAG00000039495	5.131525
ENSMFAG00000039504	1.521646
ENSMFAG00000039508	1.055331
ENSMFAG00000039510	0.767505
ENSMFAG00000039523	5.178436
ENSMFAG00000039524	5.597507
ENSMFAG00000039533	0.473592
ENSMFAG00000039537	8.13532
ENSMFAG00000039540	9.532118
ENSMFAG00000039554	2.830842
ENSMFAG00000039556	10.765086
ENSMFAG00000039563	2.815157
ENSMFAG00000039565	3.204075
ENSMFAG00000039570	6.507769
ENSMFAG00000039574	10.946475
ENSMFAG00000039589	4.701179
ENSMFAG00000039591	11.991436
ENSMFAG00000039595	11.420803
ENSMFAG00000039602	7.369485
ENSMFAG00000039608	9.284105
ENSMFAG00000039609	3.761068
ENSMFAG00000039610	10.880676
ENSMFAG00000039614	11.196259
ENSMFAG00000039626	4.072111
ENSMFAG00000039641	3.116236
ENSMFAG00000039648	11.8561
ENSMFAG00000039652	0.863842
ENSMFAG00000039653	3.790596
ENSMFAG00000039667	0.501608
ENSMFAG00000039668	5.434156
ENSMFAG00000039671	5.263086
ENSMFAG00000039679	9.046288
ENSMFAG00000039693	6.956614
ENSMFAG00000039705	9.227404
ENSMFAG00000039707	5.555159
ENSMFAG00000039715	1.220767
ENSMFAG00000039727	6.302833
ENSMFAG00000039736	7.413125
ENSMFAG00000039745	7.1193
ENSMFAG00000039753	8.204049
ENSMFAG00000039768	3.086503
ENSMFAG00000039776	7.736461
ENSMFAG00000039783	0.74706
ENSMFAG00000039785	11.290981
ENSMFAG00000039796	4.219819
ENSMFAG00000039800	6.443645
ENSMFAG00000039812	1.706767
ENSMFAG00000039814	6.365308
ENSMFAG00000039827	6.331973
ENSMFAG00000039828	1.806269
ENSMFAG00000039829	1.701173
ENSMFAG00000039830	11.296746
ENSMFAG00000039836	7.977008
ENSMFAG00000039841	2.092188
ENSMFAG00000039848	11.146546
ENSMFAG00000039851	10.592129
ENSMFAG00000039857	12.152096
ENSMFAG00000039861	5.503334
ENSMFAG00000039862	2.030816
ENSMFAG00000039863	7.830737
ENSMFAG00000039865	2.688546
ENSMFAG00000039878	4.392234
ENSMFAG00000039879	5.382263
ENSMFAG00000039886	4.107271
ENSMFAG00000039890	4.952747
ENSMFAG00000039899	4.722778
ENSMFAG00000039909	6.119639
ENSMFAG00000039911	3.583617
ENSMFAG00000039914	10.311936
ENSMFAG00000039929	1.630825
ENSMFAG00000039934	1.372817
ENSMFAG00000039944	9.114794
ENSMFAG00000039954	2.874467
ENSMFAG00000039961	4.805161
ENSMFAG00000039972	8.55294
ENSMFAG00000039976	9.004735
ENSMFAG00000039979	11.798931
ENSMFAG00000039986	4.407462
ENSMFAG00000039989	8.153118
ENSMFAG00000039990	11.559787
ENSMFAG00000039994	11.857729
ENSMFAG00000040007	3.969609
ENSMFAG00000040020	10.326222
ENSMFAG00000040021	6.99559
ENSMFAG00000040029	12.215253
ENSMFAG00000040042	3.708341
ENSMFAG00000040049	2.692728
ENSMFAG00000040050	10.1295
ENSMFAG00000040051	11.421249
ENSMFAG00000040054	5.143035
ENSMFAG00000040055	10.548035
ENSMFAG00000040070	9.985505
ENSMFAG00000040072	1.982499
ENSMFAG00000040084	7.166583
ENSMFAG00000040088	5.666238
ENSMFAG00000040092	10.498744
ENSMFAG00000040096	3.301495
ENSMFAG00000040101	6.37416
ENSMFAG00000040102	6.923679
ENSMFAG00000040129	0.53725
ENSMFAG00000040131	3.39207
ENSMFAG00000040132	6.707245
ENSMFAG00000040135	10.701027
ENSMFAG00000040159	6.447487
ENSMFAG00000040162	4.788956
ENSMFAG00000040163	7.737039
ENSMFAG00000040177	5.063626
ENSMFAG00000040187	9.145173
ENSMFAG00000040190	0.396988
ENSMFAG00000040193	2.55184
ENSMFAG00000040196	5.338858
ENSMFAG00000040197	5.563107
ENSMFAG00000040209	11.743215
ENSMFAG00000040216	10.094868
ENSMFAG00000040220	2.231142
ENSMFAG00000040242	10.789755
ENSMFAG00000040244	6.415699
ENSMFAG00000040246	8.056262
ENSMFAG00000040254	0.750274
ENSMFAG00000040255	11.007761
ENSMFAG00000040260	1.93229
ENSMFAG00000040268	7.413298
ENSMFAG00000040282	3.546079
ENSMFAG00000040287	0.842941
ENSMFAG00000040295	1.926963
ENSMFAG00000040297	10.314573
ENSMFAG00000040301	1.808879
ENSMFAG00000040308	0.523948
ENSMFAG00000040310	6.917442
ENSMFAG00000040325	7.104447
ENSMFAG00000040333	11.273789
ENSMFAG00000040340	8.789066
ENSMFAG00000040354	9.512592
ENSMFAG00000040362	1.943454
ENSMFAG00000040370	2.193694
ENSMFAG00000040375	5.762131
ENSMFAG00000040387	0.894835
ENSMFAG00000040389	9.453059
ENSMFAG00000040422	0.262754
ENSMFAG00000040430	4.150186
ENSMFAG00000040442	10.134481
ENSMFAG00000040446	4.569129
ENSMFAG00000040449	2.951251
ENSMFAG00000040453	5.414057
ENSMFAG00000040474	2.888091
ENSMFAG00000040479	9.811599
ENSMFAG00000040480	10.121679
ENSMFAG00000040487	10.868479
ENSMFAG00000040499	6.538189
ENSMFAG00000040500	11.191363
ENSMFAG00000040501	11.300871
ENSMFAG00000040504	5.64677
ENSMFAG00000040514	6.698477
ENSMFAG00000040524	1.406166
ENSMFAG00000040530	5.912703
ENSMFAG00000040533	9.880689
ENSMFAG00000040534	2.147344
ENSMFAG00000040547	2.333906
ENSMFAG00000040549	1.251633
ENSMFAG00000040554	11.073815
ENSMFAG00000040566	8.168554
ENSMFAG00000040595	9.186879
ENSMFAG00000040603	5.115885
ENSMFAG00000040606	8.873044
ENSMFAG00000040614	1.031629
ENSMFAG00000040622	1.064422
ENSMFAG00000040623	1.791433
ENSMFAG00000040629	0.899494
ENSMFAG00000040640	3.815552
ENSMFAG00000040641	1.859243
ENSMFAG00000040644	7.915957
ENSMFAG00000040648	9.876311
ENSMFAG00000040652	7.221849
ENSMFAG00000040656	8.624934
ENSMFAG00000040662	4.274392
ENSMFAG00000040671	8.723188
ENSMFAG00000040682	3.730057
ENSMFAG00000040691	1.742487
ENSMFAG00000040697	9.765878
ENSMFAG00000040700	5.374333
ENSMFAG00000040719	5.20271
ENSMFAG00000040723	11.822761
ENSMFAG00000040739	8.502545
ENSMFAG00000040743	6.15378
ENSMFAG00000040746	10.329062
ENSMFAG00000040747	2.00272
ENSMFAG00000040748	3.719778
ENSMFAG00000040749	11.911231
ENSMFAG00000040760	11.498618
ENSMFAG00000040764	8.132231
ENSMFAG00000040793	2.233822
ENSMFAG00000040795	8.227492
ENSMFAG00000040798	11.421779
ENSMFAG00000040800	7.431036
ENSMFAG00000040817	10.043896
ENSMFAG00000040821	9.77155
ENSMFAG00000040852	3.539993
ENSMFAG00000040854	9.90737
ENSMFAG00000040859	7.219636
ENSMFAG00000040867	10.412492
ENSMFAG00000040877	12.186452
ENSMFAG00000040879	5.291344
ENSMFAG00000040898	1.608687
ENSMFAG00000040906	8.674177
ENSMFAG00000040912	10.533014
ENSMFAG00000040913	10.399941
ENSMFAG00000040916	11.708139
ENSMFAG00000040918	7.656719
ENSMFAG00000040919	8.062732
ENSMFAG00000040922	2.238095
ENSMFAG00000040936	1.161091
ENSMFAG00000040937	1.682936
ENSMFAG00000040941	12.039837
ENSMFAG00000040946	9.41811
ENSMFAG00000040951	3.526606
ENSMFAG00000040955	2.79368
ENSMFAG00000040963	8.398463
ENSMFAG00000040967	11.35766
ENSMFAG00000040972	5.743128
ENSMFAG00000040975	1.533236
ENSMFAG00000040984	3.614831
ENSMFAG00000040991	2.604768
ENSMFAG00000040995	4.706084
ENSMFAG00000040999	8.132551
ENSMFAG00000041009	4.577475
ENSMFAG00000041011	0.509497
ENSMFAG00000041014	8.150786
ENSMFAG00000041021	10.048152
ENSMFAG00000041024	11.365111
ENSMFAG00000041026	4.637924
ENSMFAG00000041029	7.863303
ENSMFAG00000041035	10.571193
ENSMFAG00000041039	1.101817
ENSMFAG00000041050	9.194901
ENSMFAG00000041052	7.04361
ENSMFAG00000041053	11.532573
ENSMFAG00000041057	5.848556
ENSMFAG00000041059	2.92668
ENSMFAG00000041060	5.053163
ENSMFAG00000041062	2.495641
ENSMFAG00000041063	7.361537
ENSMFAG00000041073	9.16303
ENSMFAG00000041074	5.902996
ENSMFAG00000041075	2.279005
ENSMFAG00000041076	6.481449
ENSMFAG00000041080	8.048207
ENSMFAG00000041081	6.560142
ENSMFAG00000041082	8.096482
ENSMFAG00000041085	3.422546
ENSMFAG00000041093	3.709322
ENSMFAG00000041094	4.288219
ENSMFAG00000041103	11.322962
ENSMFAG00000041107	11.809976
ENSMFAG00000041113	7.44955
ENSMFAG00000041116	8.614376
ENSMFAG00000041127	4.804798
ENSMFAG00000041139	3.869486
ENSMFAG00000041140	7.460042
ENSMFAG00000041164	6.049943
ENSMFAG00000041165	10.331062
ENSMFAG00000041167	4.169979
ENSMFAG00000041168	1.16473
ENSMFAG00000041175	2.785072
ENSMFAG00000041183	8.576428
ENSMFAG00000041188	2.025804
ENSMFAG00000041189	7.515172
ENSMFAG00000041190	1.991837
ENSMFAG00000041199	9.048257
ENSMFAG00000041204	5.255893
ENSMFAG00000041211	2.536717
ENSMFAG00000041213	8.269276
ENSMFAG00000041214	7.719173
ENSMFAG00000041234	3.286128
ENSMFAG00000041242	1.058623
ENSMFAG00000041255	0.744713
ENSMFAG00000041256	11.578016
ENSMFAG00000041262	3.489326
ENSMFAG00000041266	3.740504
ENSMFAG00000041267	4.768576
ENSMFAG00000041277	6.98913
ENSMFAG00000041280	5.227912
ENSMFAG00000041281	4.534884
ENSMFAG00000041284	4.879942
ENSMFAG00000041286	7.547723
ENSMFAG00000041298	12.224091
ENSMFAG00000041299	1.855131
ENSMFAG00000041300	7.174231
ENSMFAG00000041305	3.589604
ENSMFAG00000041309	3.433367
ENSMFAG00000041316	2.693419
ENSMFAG00000041318	8.10055
ENSMFAG00000041319	4.614644
ENSMFAG00000041322	8.42797
ENSMFAG00000041324	10.692439
ENSMFAG00000041342	8.126282
ENSMFAG00000041351	0.755101
ENSMFAG00000041352	11.842528
ENSMFAG00000041353	11.850525
ENSMFAG00000041366	4.883117
ENSMFAG00000041373	3.589274
ENSMFAG00000041375	9.111474
ENSMFAG00000041383	8.600077
ENSMFAG00000041389	4.316719
ENSMFAG00000041398	8.7183
ENSMFAG00000041400	2.928602
ENSMFAG00000041412	7.736945
ENSMFAG00000041417	10.012073
ENSMFAG00000041425	4.506019
ENSMFAG00000041426	4.35655
ENSMFAG00000041438	3.594104
ENSMFAG00000041441	6.234203
ENSMFAG00000041443	0.926104
ENSMFAG00000041445	9.53824
ENSMFAG00000041446	3.436301
ENSMFAG00000041448	1.788585
ENSMFAG00000041463	4.093548
ENSMFAG00000041485	1.139044
ENSMFAG00000041489	10.421809
ENSMFAG00000041502	7.63164
ENSMFAG00000041503	7.133451
ENSMFAG00000041518	2.154491
ENSMFAG00000041521	3.427131
ENSMFAG00000041528	8.568922
ENSMFAG00000041535	3.080869
ENSMFAG00000041553	4.981296
ENSMFAG00000041554	4.96797
ENSMFAG00000041560	8.328095
ENSMFAG00000041567	5.452003
ENSMFAG00000041571	5.345803
ENSMFAG00000041574	11.263118
ENSMFAG00000041576	4.552011
ENSMFAG00000041577	3.935101
ENSMFAG00000041584	11.467971
ENSMFAG00000041600	1.531898
ENSMFAG00000041602	5.047342
ENSMFAG00000041610	9.941227
ENSMFAG00000041611	8.131639
ENSMFAG00000041617	5.34992
ENSMFAG00000041623	7.74605
ENSMFAG00000041626	8.309676
ENSMFAG00000041629	6.929519
ENSMFAG00000041633	7.04396
ENSMFAG00000041638	11.25528
ENSMFAG00000041640	1.502252
ENSMFAG00000041664	9.561184
ENSMFAG00000041667	8.478353
ENSMFAG00000041668	9.950162
ENSMFAG00000041673	5.955115
ENSMFAG00000041682	2.048703
ENSMFAG00000041684	8.338136
ENSMFAG00000041704	6.247279
ENSMFAG00000041708	7.143442
ENSMFAG00000041709	0.645215
ENSMFAG00000041713	10.604358
ENSMFAG00000041714	6.830693
ENSMFAG00000041715	8.459806
ENSMFAG00000041717	7.180487
ENSMFAG00000041719	1.835862
ENSMFAG00000041720	4.318326
ENSMFAG00000041732	4.073562
ENSMFAG00000041741	3.966664
ENSMFAG00000041747	4.90702
ENSMFAG00000041757	1.761073
ENSMFAG00000041760	2.052787
ENSMFAG00000041783	2.633304
ENSMFAG00000041787	10.046873
ENSMFAG00000041797	7.213877
ENSMFAG00000041802	2.199851
ENSMFAG00000041804	4.455008
ENSMFAG00000041808	9.551358
ENSMFAG00000041811	3.399638
ENSMFAG00000041812	0.537912
ENSMFAG00000041815	3.645572
ENSMFAG00000041816	8.391606
ENSMFAG00000041818	12.000916
ENSMFAG00000041821	0.580754
ENSMFAG00000041843	0.403168
ENSMFAG00000041856	10.7815
ENSMFAG00000041871	4.581769
ENSMFAG00000041876	3.854954
ENSMFAG00000041885	2.976438
ENSMFAG00000041897	5.311361
ENSMFAG00000041903	3.325188
ENSMFAG00000041904	5.138018
ENSMFAG00000041908	3.388828
ENSMFAG00000041914	6.461491
ENSMFAG00000041917	1.809177
ENSMFAG00000041922	1.309778
ENSMFAG00000041930	10.324023
ENSMFAG00000041932	0.485402
ENSMFAG00000041939	6.625094
ENSMFAG00000041942	2.604599
ENSMFAG00000041943	2.835118
ENSMFAG00000041956	5.393266
ENSMFAG00000041963	9.867122
ENSMFAG00000041970	3.900168
ENSMFAG00000041976	2.967557
ENSMFAG00000041978	12.160312
ENSMFAG00000041982	8.416729
ENSMFAG00000041985	3.269223
ENSMFAG00000041991	7.321986
ENSMFAG00000041995	11.548772
ENSMFAG00000042008	6.247271
ENSMFAG00000042009	9.220397
ENSMFAG00000042020	2.118623
ENSMFAG00000042048	8.959209
ENSMFAG00000042056	0.643383
ENSMFAG00000042059	4.924129
ENSMFAG00000042063	11.02226
ENSMFAG00000042064	9.654596
ENSMFAG00000042069	12.185369
ENSMFAG00000042070	9.347569
ENSMFAG00000042071	8.151628
ENSMFAG00000042072	5.783039
ENSMFAG00000042086	8.069485
ENSMFAG00000042094	5.819833
ENSMFAG00000042104	4.55036
ENSMFAG00000042114	11.116158
ENSMFAG00000042115	4.635431
ENSMFAG00000042118	9.390279
ENSMFAG00000042121	8.668515
ENSMFAG00000042123	4.547473
ENSMFAG00000042132	11.431815
ENSMFAG00000042135	7.181619
ENSMFAG00000042142	2.943504
ENSMFAG00000042154	4.194741
ENSMFAG00000042177	3.776998
ENSMFAG00000042180	11.484465
ENSMFAG00000042191	11.678491
ENSMFAG00000042195	6.439794
ENSMFAG00000042197	11.872282
ENSMFAG00000042198	9.651571
ENSMFAG00000042199	1.023653
ENSMFAG00000042200	8.967865
ENSMFAG00000042204	9.496352
ENSMFAG00000042212	2.034289
ENSMFAG00000042223	0.412262
ENSMFAG00000042224	1.303958
ENSMFAG00000042245	4.055606
ENSMFAG00000042248	8.750333
ENSMFAG00000042252	6.508086
ENSMFAG00000042262	5.690501
ENSMFAG00000042276	5.904274
ENSMFAG00000042283	9.847987
ENSMFAG00000042295	12.206255
ENSMFAG00000042298	8.513833
ENSMFAG00000042302	1.408455
ENSMFAG00000042317	0.804616
ENSMFAG00000042337	2.791105
ENSMFAG00000042339	8.884841
ENSMFAG00000042341	5.413886
ENSMFAG00000042342	7.746256
ENSMFAG00000042344	10.925692
ENSMFAG00000042347	1.369176
ENSMFAG00000042351	0.824088
ENSMFAG00000042371	3.890028
ENSMFAG00000042377	7.268988
ENSMFAG00000042384	0.568275
ENSMFAG00000042392	2.383509
ENSMFAG00000042409	0.897107
ENSMFAG00000042411	2.359336
ENSMFAG00000042417	6.122056
ENSMFAG00000042421	11.729389
ENSMFAG00000042427	5.863294
ENSMFAG00000042430	9.230158
ENSMFAG00000042444	0.866029
ENSMFAG00000042447	9.934157
ENSMFAG00000042453	6.99266
ENSMFAG00000042463	2.007122
ENSMFAG00000042464	0.503852
ENSMFAG00000042468	5.354214
ENSMFAG00000042474	4.520798
ENSMFAG00000042475	12.030453
ENSMFAG00000042490	8.737016
ENSMFAG00000042491	11.608059
ENSMFAG00000042496	3.192791
ENSMFAG00000042514	6.203477
ENSMFAG00000042516	10.62147
ENSMFAG00000042520	0.489479
ENSMFAG00000042526	3.91776
ENSMFAG00000042530	1.773413
ENSMFAG00000042537	10.121302
ENSMFAG00000042565	0.250935
ENSMFAG00000042574	0.65429
ENSMFAG00000042582	1.409723
ENSMFAG00000042596	10.600296
ENSMFAG00000042601	3.454977
ENSMFAG00000042602	10.118967
ENSMFAG00000042610	1.99211
ENSMFAG00000042613	4.694399
ENSMFAG00000042614	3.562789
ENSMFAG00000042620	3.238291
ENSMFAG00000042623	11.464716
ENSMFAG00000042626	0.499828
ENSMFAG00000042637	3.420414
ENSMFAG00000042639	4.663824
ENSMFAG00000042641	0.464249
ENSMFAG00000042648	3.590055
ENSMFAG00000042649	6.002297
ENSMFAG00000042652	9.924989
ENSMFAG00000042660	10.933828
ENSMFAG00000042673	1.099833
ENSMFAG00000042674	7.95837
ENSMFAG00000042676	4.505482
ENSMFAG00000042690	11.686247
ENSMFAG00000042693	8.991424
ENSMFAG00000042696	8.86362
ENSMFAG00000042727	2.737108
ENSMFAG00000042734	8.018574
ENSMFAG00000042744	3.991274
ENSMFAG00000042745	7.851184
ENSMFAG00000042748	0.747878
ENSMFAG00000042749	1.245465
ENSMFAG00000042750	3.217851
ENSMFAG00000042751	5.338998
ENSMFAG00000042753	9.710859
ENSMFAG00000042754	4.773028
ENSMFAG00000042758	1.539221
ENSMFAG00000042759	2.815131
ENSMFAG00000042760	9.083871
ENSMFAG00000042777	2.140468
ENSMFAG00000042798	10.563273
ENSMFAG00000042810	4.555873
ENSMFAG00000042822	1.013852
ENSMFAG00000042828	3.522827
ENSMFAG00000042835	0.486424
ENSMFAG00000042838	8.16561
ENSMFAG00000042852	4.184883
ENSMFAG00000042859	5.908999
ENSMFAG00000042860	11.1148
ENSMFAG00000042865	12.138857
ENSMFAG00000042866	0.712194
ENSMFAG00000042869	4.889539
ENSMFAG00000042872	7.989692
ENSMFAG00000042873	6.521102
ENSMFAG00000042887	6.859722
ENSMFAG00000042890	4.81231
ENSMFAG00000042893	2.809581
ENSMFAG00000042902	9.934364
ENSMFAG00000042905	4.251696
ENSMFAG00000042913	9.479043
ENSMFAG00000042918	5.845173
ENSMFAG00000042931	11.72368
ENSMFAG00000042935	8.737284
ENSMFAG00000042938	4.100028
ENSMFAG00000042940	5.113879
ENSMFAG00000042947	11.12741
ENSMFAG00000042953	3.107739
ENSMFAG00000042956	3.674253
ENSMFAG00000042961	2.040409
ENSMFAG00000042962	9.498524
ENSMFAG00000042984	4.607643
ENSMFAG00000042996	9.591076
ENSMFAG00000043011	9.865
ENSMFAG00000043014	12.131563
ENSMFAG00000043022	11.30384
ENSMFAG00000043027	10.275015
ENSMFAG00000043029	6.198117
ENSMFAG00000043033	4.253828
ENSMFAG00000043036	6.668868
ENSMFAG00000043037	3.582095
ENSMFAG00000043041	12.055497
ENSMFAG00000043044	8.614461
ENSMFAG00000043045	11.056289
ENSMFAG00000043057	9.613964
ENSMFAG00000043058	2.312981
ENSMFAG00000043068	6.527472
ENSMFAG00000043069	5.059849
ENSMFAG00000043083	9.759823
ENSMFAG00000043093	3.065257
ENSMFAG00000043094	7.812108
ENSMFAG00000043102	9.599385
ENSMFAG00000043103	3.555192
ENSMFAG00000043105	10.929329
ENSMFAG00000043107	4.76874
ENSMFAG00000043108	7.803044
ENSMFAG00000043109	4.800228
ENSMFAG00000043121	1.157359
ENSMFAG00000043123	3.129188
ENSMFAG00000043128	8.920566
ENSMFAG00000043133	0.438518
ENSMFAG00000043140	11.536326
ENSMFAG00000043153	1.426041
ENSMFAG00000043161	11.471578
ENSMFAG00000043166	0.937942
ENSMFAG00000043170	2.983783
ENSMFAG00000043175	2.34517
ENSMFAG00000043176	5.360993
ENSMFAG00000043193	10.014459
ENSMFAG00000043199	10.930031
ENSMFAG00000043202	6.489523
ENSMFAG00000043206	10.703952
ENSMFAG00000043215	4.362526
ENSMFAG00000043217	11.959172
ENSMFAG00000043220	11.294386
ENSMFAG00000043232	11.969184
ENSMFAG00000043243	6.772526
ENSMFAG00000043250	12.134894
ENSMFAG00000043257	11.84208
ENSMFAG00000043263	10.699257
ENSMFAG00000043279	3.337945
ENSMFAG00000043281	2.120911
ENSMFAG00000043312	2.340846
ENSMFAG00000043317	7.787653
ENSMFAG00000043320	8.431344
ENSMFAG00000043329	5.22455
ENSMFAG00000043330	11.753978
ENSMFAG00000043340	9.20874
ENSMFAG00000043355	10.519823
ENSMFAG00000043357	8.643226
ENSMFAG00000043370	10.191066
ENSMFAG00000043371	0.726957
ENSMFAG00000043378	4.437115
ENSMFAG00000043380	5.156652
ENSMFAG00000043384	5.652909
ENSMFAG00000043392	6.240261
ENSMFAG00000043397	11.445343
ENSMFAG00000043399	0.773579
ENSMFAG00000043402	6.037582
ENSMFAG00000043408	7.431229
ENSMFAG00000043412	5.374069
ENSMFAG00000043427	11.368374
ENSMFAG00000043430	6.506807
ENSMFAG00000043433	2.499294
ENSMFAG00000043453	6.230773
ENSMFAG00000043466	3.885738
ENSMFAG00000043468	4.423604
ENSMFAG00000043479	5.39653
ENSMFAG00000043481	8.871095
ENSMFAG00000043507	6.395279
ENSMFAG00000043535	7.188937
ENSMFAG00000043536	11.0896
ENSMFAG00000043550	10.128619
ENSMFAG00000043555	3.786154
ENSMFAG00000043569	0.591471
ENSMFAG00000043570	3.91233
ENSMFAG00000043572	3.640466
ENSMFAG00000043575	5.982373
ENSMFAG00000043576	11.292171
ENSMFAG00000043577	3.121915
ENSMFAG00000043579	6.444155
ENSMFAG00000043587	7.59572
ENSMFAG00000043601	3.920894
ENSMFAG00000043604	6.565751
ENSMFAG00000043624	7.392256
ENSMFAG00000043631	11.786967
ENSMFAG00000043640	12.119672
ENSMFAG00000043648	7.115115
ENSMFAG00000043653	8.957871
ENSMFAG00000043664	9.209095
ENSMFAG00000043674	6.570291
ENSMFAG00000043675	11.11785
ENSMFAG00000043676	8.553208
ENSMFAG00000043680	2.526069
ENSMFAG00000043682	5.853993
ENSMFAG00000043683	11.210848
ENSMFAG00000043686	1.64667
ENSMFAG00000043692	6.640772
ENSMFAG00000043697	4.843555
ENSMFAG00000043704	8.704962
ENSMFAG00000043715	12.023098
ENSMFAG00000043717	8.547941
ENSMFAG00000043718	5.436809
ENSMFAG00000043720	6.431506
ENSMFAG00000043726	0.917307
ENSMFAG00000043729	10.625319
ENSMFAG00000043733	4.520412
ENSMFAG00000043735	7.510311
ENSMFAG00000043738	3.505654
ENSMFAG00000043756	8.68165
ENSMFAG00000043758	10.060069
ENSMFAG00000043759	6.698911
ENSMFAG00000043760	11.439453
ENSMFAG00000043766	6.758682
ENSMFAG00000043771	9.595438
ENSMFAG00000043772	5.582737
ENSMFAG00000043775	8.277339
ENSMFAG00000043777	10.879994
ENSMFAG00000043781	9.676006
ENSMFAG00000043782	2.980004
ENSMFAG00000043788	7.491702
ENSMFAG00000043803	9.555191
ENSMFAG00000043804	10.216084
ENSMFAG00000043809	3.836053
ENSMFAG00000043815	6.920385
ENSMFAG00000043821	6.076233
ENSMFAG00000043825	8.367566
ENSMFAG00000043832	5.114358
ENSMFAG00000043848	10.923952
ENSMFAG00000043856	6.387009
ENSMFAG00000043858	5.175554
ENSMFAG00000043862	10.910271
ENSMFAG00000043871	7.156386
ENSMFAG00000043881	2.284658
ENSMFAG00000043889	4.072733
ENSMFAG00000043900	6.82524
ENSMFAG00000043906	8.774609
ENSMFAG00000043914	10.733152
ENSMFAG00000043927	1.046828
ENSMFAG00000043938	11.620198
ENSMFAG00000043939	11.752563
ENSMFAG00000043949	5.202491
ENSMFAG00000043950	8.961663
ENSMFAG00000043951	6.874349
ENSMFAG00000043952	8.987556
ENSMFAG00000043953	3.292662
ENSMFAG00000043957	6.660527
ENSMFAG00000043958	6.03806
ENSMFAG00000043976	5.379425
ENSMFAG00000043990	4.249715
ENSMFAG00000043996	12.154611
ENSMFAG00000043997	9.036818
ENSMFAG00000044001	10.922842
ENSMFAG00000044003	2.234952
ENSMFAG00000044009	4.132154
ENSMFAG00000044015	7.758931
ENSMFAG00000044018	9.401426
ENSMFAG00000044020	2.822569
ENSMFAG00000044024	5.481099
ENSMFAG00000044027	8.375634
ENSMFAG00000044028	8.22619
ENSMFAG00000044032	12.200438
ENSMFAG00000044035	4.071404
ENSMFAG00000044050	7.069377
ENSMFAG00000044069	4.258215
ENSMFAG00000044075	10.063417
ENSMFAG00000044076	10.369924
ENSMFAG00000044087	1.308687
ENSMFAG00000044091	6.810343
ENSMFAG00000044113	0.336606
ENSMFAG00000044117	12.055999
ENSMFAG00000044121	11.770743
ENSMFAG00000044123	10.273289
ENSMFAG00000044141	11.28881
ENSMFAG00000044153	5.409759
ENSMFAG00000044155	12.108661
ENSMFAG00000044156	7.390386
ENSMFAG00000044157	3.382377
ENSMFAG00000044163	9.108479
ENSMFAG00000044166	11.255971
ENSMFAG00000044183	10.968039
ENSMFAG00000044185	3.438947
ENSMFAG00000044188	10.723054
ENSMFAG00000044190	8.684283
ENSMFAG00000044195	10.932752
ENSMFAG00000044202	11.828182
ENSMFAG00000044208	8.441586
ENSMFAG00000044220	11.396759
ENSMFAG00000044226	8.205324
ENSMFAG00000044227	11.17622
ENSMFAG00000044231	5.995587
ENSMFAG00000044240	6.238734
ENSMFAG00000044242	9.858787
ENSMFAG00000044243	9.322589
ENSMFAG00000044257	12.046686
ENSMFAG00000044258	4.599408
ENSMFAG00000044259	8.746326
ENSMFAG00000044264	11.510294
ENSMFAG00000044283	8.11869
ENSMFAG00000044286	11.003242
ENSMFAG00000044287	10.01512
ENSMFAG00000044302	4.246724
ENSMFAG00000044310	0.28547
ENSMFAG00000044316	1.210275
ENSMFAG00000044321	4.701872
ENSMFAG00000044333	3.687435
ENSMFAG00000044336	10.755174
ENSMFAG00000044343	9.7551
ENSMFAG00000044348	9.111112
ENSMFAG00000044350	0.547384
ENSMFAG00000044351	6.87209
ENSMFAG00000044366	5.238158
ENSMFAG00000044372	9.689712
ENSMFAG00000044375	3.165255
ENSMFAG00000044380	11.628814
ENSMFAG00000044382	4.731716
ENSMFAG00000044383	1.533097
ENSMFAG00000044385	10.9664
ENSMFAG00000044391	5.097924
ENSMFAG00000044397	9.450581
ENSMFAG00000044402	6.862459
ENSMFAG00000044405	8.300591
ENSMFAG00000044407	8.277756
ENSMFAG00000044417	6.372129
ENSMFAG00000044418	9.830847
ENSMFAG00000044422	1.602469
ENSMFAG00000044434	8.890054
ENSMFAG00000044438	5.448996
ENSMFAG00000044444	2.737388
ENSMFAG00000044447	8.091451
ENSMFAG00000044448	4.594418
ENSMFAG00000044452	4.743467
ENSMFAG00000044457	5.573842
ENSMFAG00000044463	11.188573
ENSMFAG00000044471	10.647794
ENSMFAG00000044475	4.879153
ENSMFAG00000044476	3.917617
ENSMFAG00000044484	4.456256
ENSMFAG00000044487	4.980596
ENSMFAG00000044489	10.1887
ENSMFAG00000044507	0.831065
ENSMFAG00000044508	6.995714
ENSMFAG00000044510	3.148228
ENSMFAG00000044513	4.800122
ENSMFAG00000044516	8.066643
ENSMFAG00000044519	3.126236
ENSMFAG00000044520	10.087018
ENSMFAG00000044522	8.718862
ENSMFAG00000044523	9.145515
ENSMFAG00000044526	11.971438
ENSMFAG00000044531	8.85223
ENSMFAG00000044532	12.219574
ENSMFAG00000044533	9.764344
ENSMFAG00000044535	3.824638
ENSMFAG00000044538	9.519628
ENSMFAG00000044547	9.59376
ENSMFAG00000044548	2.340881
ENSMFAG00000044549	5.878826
ENSMFAG00000044558	0.744859
ENSMFAG00000044561	4.960664
ENSMFAG00000044566	0.465315
ENSMFAG00000044588	7.392831
ENSMFAG00000044590	5.223243
ENSMFAG00000044591	3.377773
ENSMFAG00000044597	1.566758
ENSMFAG00000044598	8.445396
ENSMFAG00000044605	3.882104
ENSMFAG00000044606	11.436772
ENSMFAG00000044607	1.928848
ENSMFAG00000044610	6.44016
ENSMFAG00000044614	1.695121
ENSMFAG00000044619	8.35444
ENSMFAG00000044623	10.754514
ENSMFAG00000044631	5.338385
ENSMFAG00000044634	7.120552
ENSMFAG00000044635	7.660934
ENSMFAG00000044639	2.514457
ENSMFAG00000044642	2.248127
ENSMFAG00000044646	7.381846
ENSMFAG00000044651	9.062619
ENSMFAG00000044660	2.693125
ENSMFAG00000044661	2.981524
ENSMFAG00000044679	7.019471
ENSMFAG00000044680	4.879804
ENSMFAG00000044691	3.806474
ENSMFAG00000044694	0.343939
ENSMFAG00000044701	2.516969
ENSMFAG00000044706	4.922737
ENSMFAG00000044709	0.463793
ENSMFAG00000044710	2.128299
ENSMFAG00000044714	6.645045
ENSMFAG00000044722	2.995823
ENSMFAG00000044724	9.659638
ENSMFAG00000044727	10.399805
ENSMFAG00000044746	4.005735
ENSMFAG00000044747	8.941035
ENSMFAG00000044749	8.820287
ENSMFAG00000044751	8.104871
ENSMFAG00000044752	2.72366
ENSMFAG00000044756	8.034963
ENSMFAG00000044765	2.176632
ENSMFAG00000044769	6.78702
ENSMFAG00000044775	11.20851
ENSMFAG00000044777	12.07794
ENSMFAG00000044781	2.985008
ENSMFAG00000044783	10.526313
ENSMFAG00000044787	9.80835
ENSMFAG00000044791	10.11596
ENSMFAG00000044796	0.764089
ENSMFAG00000044812	6.100302
ENSMFAG00000044821	6.863051
ENSMFAG00000044823	9.948323
ENSMFAG00000044826	3.036288
ENSMFAG00000044835	0.705908
ENSMFAG00000044846	3.657856
ENSMFAG00000044866	2.765943
ENSMFAG00000044868	5.116873
ENSMFAG00000044874	8.213483
ENSMFAG00000044879	5.788467
ENSMFAG00000044886	10.638906
ENSMFAG00000044888	6.758811
ENSMFAG00000044900	5.529594
ENSMFAG00000044902	8.324372
ENSMFAG00000044913	4.71526
ENSMFAG00000044916	10.336679
ENSMFAG00000044917	0.637388
ENSMFAG00000044918	11.225854
ENSMFAG00000044928	8.112494
ENSMFAG00000044930	8.033232
ENSMFAG00000044935	9.95456
ENSMFAG00000044941	10.804824
ENSMFAG00000044948	4.25394
ENSMFAG00000044950	8.429165
ENSMFAG00000044951	7.06533
ENSMFAG00000044953	5.719566
ENSMFAG00000044956	2.586099
ENSMFAG00000044961	9.772439
ENSMFAG00000044964	6.155029
ENSMFAG00000044967	7.410528
ENSMFAG00000044969	3.98007
ENSMFAG00000044972	2.181709
ENSMFAG00000044978	11.574295
ENSMFAG00000044990	10.626791
ENSMFAG00000044995	2.173241
ENSMFAG00000044999	0.716199
ENSMFAG00000045005	1.860025
ENSMFAG00000045007	7.686477
ENSMFAG00000045012	9.43859
ENSMFAG00000045023	5.14243
ENSMFAG00000045037	9.639285
ENSMFAG00000045039	3.45731
ENSMFAG00000045040	11.898923
ENSMFAG00000045046	2.543158
ENSMFAG00000045054	0.513665
ENSMFAG00000045055	8.541449
ENSMFAG00000045067	3.269911
ENSMFAG00000045068	4.657074
ENSMFAG00000045070	7.647583
ENSMFAG00000045072	9.675871
ENSMFAG00000045078	9.974256
ENSMFAG00000045082	4.887459
ENSMFAG00000045089	10.688472
ENSMFAG00000045098	7.600461
ENSMFAG00000045105	3.758937
ENSMFAG00000045109	7.5517
ENSMFAG00000045126	5.001296
ENSMFAG00000045127	0.638453
ENSMFAG00000045132	0.46744
ENSMFAG00000045150	3.161909
ENSMFAG00000045164	10.061501
ENSMFAG00000045170	10.539118
ENSMFAG00000045172	9.960629
ENSMFAG00000045191	1.242534
ENSMFAG00000045207	10.8666
ENSMFAG00000045220	3.797233
ENSMFAG00000045228	7.493119
ENSMFAG00000045238	2.633013
ENSMFAG00000045251	4.611563
ENSMFAG00000045255	10.925274
ENSMFAG00000045269	9.261124
ENSMFAG00000045287	7.644678
ENSMFAG00000045289	9.663002
ENSMFAG00000045304	8.245757
ENSMFAG00000045321	9.464591
ENSMFAG00000045324	10.083495
ENSMFAG00000045330	2.633536
ENSMFAG00000045335	7.625167
ENSMFAG00000045338	4.613163
ENSMFAG00000045339	8.517999
ENSMFAG00000045346	6.961517
ENSMFAG00000045354	9.575657
ENSMFAG00000045358	11.291542
ENSMFAG00000045359	9.636306
ENSMFAG00000045361	4.464871
ENSMFAG00000045380	5.175308
ENSMFAG00000045388	8.938554
ENSMFAG00000045394	11.729102
ENSMFAG00000045407	9.558673
ENSMFAG00000045410	5.88108
ENSMFAG00000045419	9.199697
ENSMFAG00000045427	3.910202
ENSMFAG00000045431	11.20889
ENSMFAG00000045436	4.439236
ENSMFAG00000045438	8.140909
ENSMFAG00000045454	5.202406
ENSMFAG00000045474	5.100183
ENSMFAG00000045477	3.300864
ENSMFAG00000045478	0.412223
ENSMFAG00000045484	9.478747
ENSMFAG00000045494	7.216506
ENSMFAG00000045500	5.890653
ENSMFAG00000045515	4.287543
ENSMFAG00000045523	1.810169
ENSMFAG00000045527	9.193376
ENSMFAG00000045532	6.254597
ENSMFAG00000045535	5.454278
ENSMFAG00000045536	0.320965
ENSMFAG00000045541	11.937826
ENSMFAG00000045546	0.294399
ENSMFAG00000045548	10.917498
ENSMFAG00000045551	5.556378
ENSMFAG00000045558	6.183399
ENSMFAG00000045571	3.806181
ENSMFAG00000045574	0.701817
ENSMFAG00000045596	6.253365
ENSMFAG00000045600	6.984159
ENSMFAG00000045607	6.486287
ENSMFAG00000045619	3.207959
ENSMFAG00000045622	7.813367
ENSMFAG00000045634	9.942836
ENSMFAG00000045635	6.585461
ENSMFAG00000045640	0.720813
ENSMFAG00000045641	2.502122
ENSMFAG00000045643	1.171657
ENSMFAG00000045648	9.886647
ENSMFAG00000045663	8.414086
ENSMFAG00000045673	8.375515
ENSMFAG00000045675	5.233637
ENSMFAG00000045681	4.002082
ENSMFAG00000045684	11.233269
ENSMFAG00000045685	6.323914
ENSMFAG00000045688	11.277759
ENSMFAG00000045696	1.63767
ENSMFAG00000045698	4.762458
ENSMFAG00000045700	11.869791
ENSMFAG00000045702	5.687362
ENSMFAG00000045703	9.387671
ENSMFAG00000045704	2.288958
ENSMFAG00000045705	5.018625
ENSMFAG00000045706	11.476432
ENSMFAG00000045710	7.190886
ENSMFAG00000045711	3.592776
ENSMFAG00000045712	5.719808
ENSMFAG00000045720	1.332962
ENSMFAG00000045742	5.007588
ENSMFAG00000045753	1.32595
ENSMFAG00000045754	4.264071
ENSMFAG00000045755	2.593546
ENSMFAG00000045767	9.345229
ENSMFAG00000045774	0.442074
ENSMFAG00000045775	10.734903
ENSMFAG00000045776	8.297951
ENSMFAG00000045778	9.178551
ENSMFAG00000045785	6.991101
ENSMFAG00000045787	11.173044
ENSMFAG00000045796	2.876033
ENSMFAG00000045798	12.182897
ENSMFAG00000045805	5.067364
ENSMFAG00000045810	9.882406
ENSMFAG00000045818	10.307751
ENSMFAG00000045819	5.693507
ENSMFAG00000045821	9.862746
ENSMFAG00000045827	4.478308
ENSMFAG00000045829	5.010593
ENSMFAG00000045832	12.107715
ENSMFAG00000045839	1.773805
ENSMFAG00000045844	11.199132
ENSMFAG00000045850	10.951615
ENSMFAG00000045860	2.70092
ENSMFAG00000045862	0.427491
ENSMFAG00000045870	10.611015
ENSMFAG00000045874	1.745526
ENSMFAG00000045877	3.028213
ENSMFAG00000045879	6.341735
ENSMFAG00000045887	6.496442
ENSMFAG00000045894	6.47281
ENSMFAG00000045904	2.175061
ENSMFAG00000045909	5.218596
ENSMFAG00000045913	6.908593
ENSMFAG00000045921	11.273749
ENSMFAG00000045925	4.449757
ENSMFAG00000045926	4.804129
ENSMFAG00000045927	2.391759
ENSMFAG00000045928	6.507664
ENSMFAG00000045934	3.202853
ENSMFAG00000045945	9.60663
ENSMFAG00000045948	8.090131
ENSMFAG00000045956	9.309329
ENSMFAG00000045959	10.957598
ENSMFAG00000045963	6.379034
ENSMFAG00000045975	9.482785
ENSMFAG00000045977	4.805334
ENSMFAG00000045985	4.538352
ENSMFAG00000046000	8.283291
ENSMFAG00000046003	3.30176
ENSMFAG00000046006	12.090826
ENSMFAG00000046007	8.406256
ENSMFAG00000046010	8.884734
ENSMFAG00000046014	3.336528
ENSMFAG00000046017	7.119508
ENSMFAG00000046029	8.3514
ENSMFAG00000046031	10.824588
ENSMFAG00000046036	9.318467
ENSMFAG00000046039	11.599515
ENSMFAG00000046044	3.77817
ENSMFAG00000046048	8.321106
ENSMFAG00000046050	7.185799
ENSMFAG00000046052	0.318585
ENSMFAG00000046058	0.449179
ENSMFAG00000046065	3.524463
ENSMFAG00000046072	7.741979
ENSMFAG00000046073	10.140255
ENSMFAG00000046078	4.176788
ENSMFAG00000046103	9.607047
ENSMFAG00000046107	9.992487
ENSMFAG00000046109	0.830234
ENSMFAG00000046110	2.491565
ENSMFAG00000046111	4.064987
ENSMFAG00000046121	12.06138
ENSMFAG00000046124	0.290251
ENSMFAG00000046125	6.074186
ENSMFAG00000046130	0.883065
ENSMFAG00000046134	9.628288
ENSMFAG00000046137	1.814535
ENSMFAG00000046138	0.698106
ENSMFAG00000046140	2.57092
ENSMFAG00000046141	3.01406
ENSMFAG00000046145	2.031428
ENSMFAG00000046159	6.430274
ENSMFAG00000046163	0.573627
ENSMFAG00000046178	10.371458
ENSMFAG00000046180	10.297756
ENSMFAG00000046188	0.655865
ENSMFAG00000046193	2.819225
ENSMFAG00000046195	9.169039
ENSMFAG00000046202	3.617135
ENSMFAG00000046206	2.517303
ENSMFAG00000046207	3.164589
ENSMFAG00000046227	4.094728
ENSMFAG00000046228	2.564532
ENSMFAG00000046234	2.557717
ENSMFAG00000046235	1.961082
ENSMFAG00000046236	10.414218
ENSMFAG00000046240	2.612412
ENSMFAG00000046241	8.339818
ENSMFAG00000046245	12.170032
ENSMFAG00000046260	0.852184
ENSMFAG00000046263	12.062365
ENSMFAG00000046277	9.227427
ENSMFAG00000046282	8.31966
ENSMFAG00000046286	2.454864
ENSMFAG00000046298	2.351435
ENSMFAG00000046300	1.979113
ENSMFAG00000046303	11.904043
ENSMFAG00000046312	1.723667
ENSMFAG00000046314	5.243361
ENSMFAG00000046318	12.148445
ENSMFAG00000046323	6.599465
ENSMFAG00000046334	0.886232
ENSMFAG00000046338	3.551631
ENSMFAG00000046351	2.846177
ENSMFAG00000046356	4.215227
ENSMFAG00000046368	2.328625
ENSMFAG00000046370	1.888623
ENSMFAG00000046373	2.057108
ENSMFAG00000046377	0.926603
ENSMFAG00000046386	4.313629
ENSMFAG00000046387	1.831388
ENSMFAG00000046392	11.949211
ENSMFAG00000046409	6.196446
ENSMFAG00000046429	2.267614
ENSMFAG00000046430	11.151575
ENSMFAG00000046431	0.889153
ENSMFAG00000046432	3.436064
ENSMFAG00000046433	9.869307
ENSMFAG00000046434	6.17292
ENSMFAG00000046435	1.42649
ENSMFAG00000046436	1.288126
ENSMFAG00000046437	8.357004
ENSMFAG00000046438	1.101239
ENSMFAG00000046439	6.222888
ENSMFAG00000046440	1.971473
ENSMFAG00000046441	1.250404
ENSMFAG00000046442	2.864612
ENSMFAG00000046443	1.938778
ENSMFAG00000046444	3.524647
ENSMFAG00000046445	5.964859
ENSMFAG00000046446	3.297241
ENSMFAG00000046447	8.244376
ENSMFAG00000046448	4.881767
ENSMFAG00000046449	10.545157
ENSMFAG00000046450	9.914281
ENSMFAG00000046452	4.972648
ENSMFAG00000046453	2.866559
ENSMFAG00000046454	8.956965
ENSMFAG00000046455	9.163765
ENSMFAG00000046456	6.283604
ENSMFAG00000046457	2.651974
ENSMFAG00000046458	6.17462
ENSMFAG00000046459	9.65107
ENSMFAG00000046460	10.269304
ENSMFAG00000046461	5.56997
ENSMFAG00000046462	11.15031
ENSMFAG00000046463	9.622324
ENSMFAG00000046464	10.198411
ENSMFAG00000046466	3.086603
ENSMFAG00000046467	5.675892
ENSMFAG00000046469	5.194891
ENSMFAG00000046470	10.691254
ENSMFAG00000046471	5.517332
ENSMFAG00000046472	3.597448
ENSMFAG00000046473	2.027865
ENSMFAG00000046474	12.155682
ENSMFAG00000046475	10.029326
ENSMFAG00000046476	8.977943
ENSMFAG00000046477	0.45586
ENSMFAG00000046479	0.606824
ENSMFAG00000046480	1.507683
ENSMFAG00000046481	9.77865
ENSMFAG00000046484	8.581851
ENSMFAG00000046485	5.5752
ENSMFAG00000046486	0.942617
ENSMFAG00000046487	3.892614
ENSMFAG00000046488	11.29439
ENSMFAG00000046489	5.852299
ENSMFAG00000046490	12.228025
ENSMFAG00000046491	3.330471
ENSMFAG00000046492	0.685405
ENSMFAG00000046493	3.948177
ENSMFAG00000046494	5.518102
ENSMFAG00000046495	6.386015
ENSMFAG00000046496	6.323965
ENSMFAG00000046497	7.198691
ENSMFAG00000046498	1.882097
ENSMFAG00000046499	7.971677
ENSMFAG00000046500	8.482052
ENSMFAG00000046501	6.505108
ENSMFAG00000046502	8.981804
ENSMFAG00000046503	9.070489
ENSMFAG00000046504	9.380163
ENSMFAG00000046505	3.415927
ENSMFAG00000046506	1.635857
ENSMFAG00000046507	10.740279
ENSMFAG00000046508	7.682476
ENSMFAG00000046509	10.55114
ENSMFAG00000046510	1.582476
ENSMFAG00000046511	3.456365
ENSMFAG00000046512	9.511655
ENSMFAG00000046513	1.789035
ENSMFAG00000046514	1.323968
ENSMFAG00000046515	1.154609
ENSMFAG00000046517	9.025517
ENSMFAG00000046518	5.947987
ENSMFAG00000046519	5.228316
ENSMFAG00000046520	6.333745
ENSMFAG00000046521	0.458297
ENSMFAG00000046522	1.972781
ENSMFAG00000046523	7.050469
ENSMFAG00000046524	12.068197
ENSMFAG00000046525	10.334575
ENSMFAG00000046526	10.318126
ENSMFAG00000046527	7.419984
ENSMFAG00000046528	4.088501
ENSMFAG00000046529	3.017662
ENSMFAG00000046530	5.113476
ENSMFAG00000046532	2.054994
ENSMFAG00000046534	10.444243
ENSMFAG00000046535	3.441443
ENSMFAG00000046536	11.905388
ENSMFAG00000046537	3.244614
ENSMFAG00000046539	10.967408
ENSMFAG00000046540	0.266035
ENSMFAG00000046541	1.953757
ENSMFAG00000046542	9.748062
ENSMFAG00000046543	9.392871
ENSMFAG00000046544	3.913459
ENSMFAG00000046546	0.708734
ENSMFAG00000046547	1.51969
ENSMFAG00000046548	4.610659
ENSMFAG00000046549	4.438585
ENSMFAG00000046551	4.688201
ENSMFAG00000046552	10.627061
ENSMFAG00000046553	4.008551
ENSMFAG00000046555	7.484641
ENSMFAG00000046556	5.220032
ENSMFAG00000046557	1.341663
ENSMFAG00000046559	5.819271
ENSMFAG00000046561	4.334713
ENSMFAG00000046562	10.975462
ENSMFAG00000046565	4.353431
ENSMFAG00000046566	4.665489
ENSMFAG00000046567	1.539623
ENSMFAG00000046568	4.309045
ENSMFAG00000046569	8.110495
ENSMFAG00000046570	3.199115
ENSMFAG00000046572	3.568164
ENSMFAG00000046574	5.005143
ENSMFAG00000046575	0.607449
ENSMFAG00000046576	1.162777
ENSMFAG00000046577	1.984483
ENSMFAG00000046578	8.188967
ENSMFAG00000046579	10.609928
ENSMFAG00000046580	10.568595
ENSMFAG00000046581	7.384817
ENSMFAG00000046584	1.745378
ENSMFAG00000046586	2.380798
ENSMFAG00000046587	10.708862
ENSMFAG00000046589	5.196245
ENSMFAG00000046590	9.81952
ENSMFAG00000046591	12.152045
ENSMFAG00000046592	9.014749
ENSMFAG00000046593	2.782946
ENSMFAG00000046594	4.69442
ENSMFAG00000046596	5.036736
ENSMFAG00000046597	8.33968
ENSMFAG00000046598	8.289094
ENSMFAG00000046600	0.865806
ENSMFAG00000046601	7.782787
ENSMFAG00000046602	8.364232
ENSMFAG00000046603	1.36039
ENSMFAG00000046606	8.224758
ENSMFAG00000046607	7.488054
ENSMFAG00000046608	7.358612
ENSMFAG00000046609	11.518213
ENSMFAG00000046610	8.180623
ENSMFAG00000046611	11.036188
ENSMFAG00000046612	11.02638
ENSMFAG00000046613	12.045968
ENSMFAG00000046614	2.045111
ENSMFAG00000046615	8.736863
ENSMFAG00000046616	3.547295
ENSMFAG00000046617	1.61546
ENSMFAG00000046618	4.056757
ENSMFAG00000046620	7.304884
ENSMFAG00000046622	6.70726
ENSMFAG00000046623	2.399154
ENSMFAG00000046624	11.804609
ENSMFAG00000046625	5.344178
ENSMFAG00000046626	9.812008
ENSMFAG00000046627	9.537861
ENSMFAG00000046628	3.096945
ENSMFAG00000046629	6.281091
ENSMFAG00000046631	8.374967
ENSMFAG00000046632	3.677643
ENSMFAG00000046633	3.515743
ENSMFAG00000046634	7.148738
ENSMFAG00000046636	8.57411
ENSMFAG00000046637	10.009911
ENSMFAG00000046639	8.597722
ENSMFAG00000046641	4.151828
ENSMFAG00000046642	8.364963
ENSMFAG00000046643	9.454807
ENSMFAG00000046644	2.378754
ENSMFAG00000046645	9.092012
ENSMFAG00000046647	2.776259
ENSMFAG00000046648	4.8661
ENSMFAG00000046649	6.869802
ENSMFAG00000046650	1.570396
ENSMFAG00000046651	3.344605
ENSMFAG00000046652	11.023418
ENSMFAG00000046653	11.723293
ENSMFAG00000046654	9.925722
ENSMFAG00000046655	10.522827
ENSMFAG00000046656	9.964675
ENSMFAG00000046657	4.917332
ENSMFAG00000046658	4.521097
ENSMFAG00000046659	5.258613
ENSMFAG00000046660	2.836686
ENSMFAG00000046662	8.68975
ENSMFAG00000046663	6.537525
ENSMFAG00000046664	3.516659
ENSMFAG00000046665	8.027019
ENSMFAG00000046666	1.040189
ENSMFAG00000046667	5.937972
ENSMFAG00000046668	5.24784
ENSMFAG00000046669	8.433812
ENSMFAG00000046670	4.580569
ENSMFAG00000046672	11.696311
ENSMFAG00000046674	5.105238
ENSMFAG00000046675	3.526136
ENSMFAG00000046676	0.918949
ENSMFAG00000046677	0.989615
ENSMFAG00000046678	9.929883
ENSMFAG00000046679	0.86305
ENSMFAG00000046680	11.064337
ENSMFAG00000046681	2.198476
ENSMFAG00000046682	0.575837
ENSMFAG00000046683	11.612273
ENSMFAG00000046684	5.230231
ENSMFAG00000046685	10.072553
ENSMFAG00000046687	0.68753
ENSMFAG00000046689	0.871089
ENSMFAG00000046690	2.209929
ENSMFAG00000046691	6.764428
ENSMFAG00000046693	6.047751
ENSMFAG00000046694	1.905071
ENSMFAG00000046695	8.010579
ENSMFAG00000046696	1.110769
ENSMFAG00000046699	3.26734
ENSMFAG00000046701	8.986206
ENSMFAG00000046702	7.207253
ENSMFAG00000046703	10.958085
ENSMFAG00000046704	6.601257
ENSMFAG00000046706	10.125488
ENSMFAG00000046707	7.915603
ENSMFAG00000046708	7.117986
ENSMFAG00000046710	10.629457
ENSMFAG00000046712	2.74875
ENSMFAG00000046713	6.144019
ENSMFAG00000046714	8.771228
ENSMFAG00000046716	1.658556
ENSMFAG00000046717	3.63704
ENSMFAG00000046719	8.161692
ENSMFAG00000046720	11.429156
ENSMFAG00000046721	8.286877
ENSMFAG00000046722	10.07609
ENSMFAG00000046723	9.57703
ENSMFAG00000046725	9.21196
ENSMFAG00000046726	9.752152
ENSMFAG00000046729	2.280935
ENSMFAG00000046730	10.709257
ENSMFAG00000046731	9.772105
ENSMFAG00000046735	2.729124
ENSMFAG00000046736	1.33205
ENSMFAG00000046738	0.648478
ENSMFAG00000046739	6.632475
ENSMFAG00000046741	11.207346
ENSMFAG00000046742	2.460635
ENSMFAG00000046743	3.754122
ENSMFAG00000046744	3.381984
ENSMFAG00000046745	11.738556
ENSMFAG00000046746	11.56039
ENSMFAG00000046748	1.756453
ENSMFAG00000046749	9.426954
ENSMFAG00000046750	9.524606
ENSMFAG00000046751	3.4028
ENSMFAG00000046753	7.984707
ENSMFAG00000046754	0.507691
ENSMFAG00000046755	5.050356
ENSMFAG00000046756	6.594262
ENSMFAG00000046757	8.023473
ENSMFAG00000046758	2.240745
ENSMFAG00000046760	10.53597
ENSMFAG00000046761	6.311966
ENSMFAG00000046762	11.423758
ENSMFAG00000046763	3.633739
ENSMFAG00000046766	8.182625
ENSMFAG00000046767	5.954193
ENSMFAG00000046768	1.106683
ENSMFAG00000046770	12.003472
ENSMFAG00000046771	10.062494
ENSMFAG00000046773	9.203308
ENSMFAG00000046774	9.922589
ENSMFAG00000046775	6.276595
ENSMFAG00000046776	11.953103
ENSMFAG00000046777	12.181955
ENSMFAG00000046778	4.052956
ENSMFAG00000046779	1.700674
ENSMFAG00000046780	10.419366
ENSMFAG00000046782	3.735745
ENSMFAG00000046783	7.487296
ENSMFAG00000046784	8.102728
ENSMFAG00000046785	6.965109
ENSMFAG00000046786	3.505416
ENSMFAG00000046787	11.170438
ENSMFAG00000046788	9.66692
ENSMFAG00000046790	6.278781
ENSMFAG00000046791	5.793426
ENSMFAG00000046792	2.121786
ENSMFAG00000046793	0.68554
ENSMFAG00000046795	7.976264
ENSMFAG00000046796	2.064907
ENSMFAG00000046797	7.908514
ENSMFAG00000046800	3.635725
ENSMFAG00000046802	6.807224
ENSMFAG00000046803	3.960095
ENSMFAG00000046805	1.805421
ENSMFAG00000046806	4.211084
ENSMFAG00000046807	1.075268
ENSMFAG00000046808	0.308985
ENSMFAG00000046809	11.66459
ENSMFAG00000046811	3.345974
ENSMFAG00000046813	5.55228
ENSMFAG00000046814	5.760511
ENSMFAG00000046815	10.922606
ENSMFAG00000046816	5.051405
ENSMFAG00000046817	5.614836
ENSMFAG00000046818	0.816135
ENSMFAG00000046819	11.513355
ENSMFAG00000046820	11.98358
ENSMFAG00000046822	7.907223
ENSMFAG00000046824	10.698052
ENSMFAG00000046825	12.121123
ENSMFAG00000046826	8.752589
ENSMFAG00000046827	12.093007
ENSMFAG00000046829	6.851954
ENSMFAG00000046830	6.138025
ENSMFAG00000046831	5.484436
ENSMFAG00000046834	10.195185
ENSMFAG00000046835	8.820666
ENSMFAG00000046837	2.966314
ENSMFAG00000046839	10.486861
ENSMFAG00000046840	7.589818
ENSMFAG00000046841	1.151529
ENSMFAG00000046842	6.908251
ENSMFAG00000046843	11.097774
ENSMFAG00000046845	8.969985
ENSMFAG00000046846	10.098114
ENSMFAG00000046847	9.975713
ENSMFAG00000046848	4.361657
ENSMFAG00000046849	11.579579
ENSMFAG00000046850	9.078289
ENSMFAG00000046851	10.835592
ENSMFAG00000046852	10.4808
ENSMFAG00000046853	0.918684
ENSMFAG00000046854	8.611543
ENSMFAG00000046855	2.837294
ENSMFAG00000046856	4.993548
ENSMFAG00000046858	9.762261
ENSMFAG00000046859	2.65022
ENSMFAG00000046861	4.541051
ENSMFAG00000046862	4.535532
ENSMFAG00000046864	11.815357
ENSMFAG00000046865	11.833143
ENSMFAG00000046866	7.745015
ENSMFAG00000046867	3.02853
ENSMFAG00000046868	8.225164
ENSMFAG00000046869	8.419883
ENSMFAG00000046871	5.938703
ENSMFAG00000046873	10.835402
ENSMFAG00000046875	11.596377
ENSMFAG00000046877	5.614551
ENSMFAG00000046880	3.741893
ENSMFAG00000046881	9.451226
ENSMFAG00000046882	3.594996
ENSMFAG00000046883	11.70075
ENSMFAG00000046884	2.286854
ENSMFAG00000046885	4.471002
ENSMFAG00000046887	3.582865
ENSMFAG00000046889	3.017392
ENSMFAG00000046890	2.968441
ENSMFAG00000046891	1.793343
ENSMFAG00000046892	5.007778
ENSMFAG00000046893	6.672908
ENSMFAG00000046894	11.129361
ENSMFAG00000046895	12.112357
ENSMFAG00000046896	7.596467
ENSMFAG00000046897	0.642721
ENSMFAG00000046898	5.002842
ENSMFAG00000046899	0.579991
ENSMFAG00000046900	2.13572
ENSMFAG00000046901	2.743924
ENSMFAG00000046902	9.187992
ENSMFAG00000046903	6.680529
ENSMFAG00000046904	6.250907
ENSMFAG00000046905	8.712964
ENSMFAG00000046906	5.905305
ENSMFAG00000046908	1.927531
ENSMFAG00000046909	5.501074
ENSMFAG00000046910	6.964816
ENSMFAG00000046912	9.270159
ENSMFAG00000046914	4.870928
ENSMFAG00000046915	1.079308
ENSMFAG00000046916	1.072206
ENSMFAG00000046917	3.84533
ENSMFAG00000046918	4.242258
ENSMFAG00000046920	6.071908
ENSMFAG00000046921	0.616232
ENSMFAG00000046922	1.209308
ENSMFAG00000046923	11.539091
ENSMFAG00000046924	8.657972
ENSMFAG00000046925	5.646259
ENSMFAG00000046926	4.045675
ENSMFAG00000046928	5.649792
ENSMFAG00000046929	0.982848
ENSMFAG00000046930	11.099997
ENSMFAG00000046933	4.424442
ENSMFAG00000046934	2.830121
ENSMFAG00000046935	9.483661
ENSMFAG00000046936	6.125378
ENSMFAG00000046938	7.855982
ENSMFAG00000046939	5.658146
ENSMFAG00000046940	2.340562
ENSMFAG00000046942	5.788111
ENSMFAG00000046943	0.91898
ENSMFAG00000046945	10.404166
ENSMFAG00000046946	3.357155
ENSMFAG00000046947	12.194208
ENSMFAG00000046948	11.807643
ENSMFAG00000046949	10.121309
ENSMFAG00000046950	1.801241
ENSMFAG00000046951	8.018578
ENSMFAG00000046952	10.277653
ENSMFAG00000046955	1.397605
ENSMFAG00000046956	11.407588
ENSMFAG00000046957	11.943097
ENSMFAG00000046958	5.104427
ENSMFAG00000046959	5.487688
ENSMFAG00000046960	9.786387
ENSMFAG00000046962	0.273074
ENSMFAG00000046963	5.407762
ENSMFAG00000046964	12.037356
ENSMFAG00000046965	10.88773
ENSMFAG00000046968	5.686407
ENSMFAG00000046969	12.240564
ENSMFAG00000046970	0.545274
ENSMFAG00000046971	7.836871
ENSMFAG00000046972	7.135977
ENSMFAG00000046973	6.885754
ENSMFAG00000046974	5.346199
ENSMFAG00000046975	9.239331
ENSMFAG00000046976	8.808928
ENSMFAG00000046977	5.746247
ENSMFAG00000046978	1.378631
ENSMFAG00000046979	8.017263
ENSMFAG00000046980	10.534663
ENSMFAG00000046981	10.626715
ENSMFAG00000046982	10.134265
ENSMFAG00000046983	6.094513
ENSMFAG00000046986	6.058303
ENSMFAG00000046987	9.423914
ENSMFAG00000046988	5.158948
ENSMFAG00000046989	7.40866
ENSMFAG00000046990	10.080048
ENSMFAG00000046992	8.078039
ENSMFAG00000046994	2.928982
ENSMFAG00000046996	9.533421
ENSMFAG00000046997	1.073225
ENSMFAG00000046998	2.493443
ENSMFAG00000046999	11.602129
ENSMFAG00000047000	11.192699
ENSMFAG00000047001	4.619283
ENSMFAG00000047002	7.077193
ENSMFAG00000047003	3.005911
ENSMFAG00000047004	7.322673
ENSMFAG00000047005	8.377839
ENSMFAG00000047007	6.163551
ENSMFAG00000047008	1.346134
ENSMFAG00000047010	4.781348
ENSMFAG00000047011	9.870018
ENSMFAG00000047012	9.917492
ENSMFAG00000047013	0.930385
ENSMFAG00000047015	11.091506
ENSMFAG00000047016	7.464459
ENSMFAG00000047017	10.967919
ENSMFAG00000047018	2.553853
ENSMFAG00000047021	2.203944
ENSMFAG00000047022	8.944381
ENSMFAG00000047023	9.896045
ENSMFAG00000047024	2.804569
ENSMFAG00000047026	0.814575
ENSMFAG00000047028	8.276949
ENSMFAG00000047029	8.776955
ENSMFAG00000047030	8.994893
ENSMFAG00000047031	11.071367
ENSMFAG00000047032	5.043478
ENSMFAG00000047033	7.37116
ENSMFAG00000047034	1.684899
ENSMFAG00000047035	1.907336
ENSMFAG00000047036	4.364035
ENSMFAG00000047037	11.75291
ENSMFAG00000047038	3.573655
ENSMFAG00000047039	3.660467
ENSMFAG00000047041	1.121509
ENSMFAG00000047043	11.458333
ENSMFAG00000047044	7.839236
ENSMFAG00000047045	10.516389
ENSMFAG00000047046	1.660797
ENSMFAG00000047047	6.271766
ENSMFAG00000047048	4.42739
ENSMFAG00000047049	12.193254
ENSMFAG00000047050	5.845645
ENSMFAG00000047052	1.249637
ENSMFAG00000047053	3.78508
ENSMFAG00000047054	2.426105
ENSMFAG00000047056	9.312706
ENSMFAG00000047057	5.964651
ENSMFAG00000047059	5.571031
ENSMFAG00000047060	5.727585
ENSMFAG00000047061	10.844321
ENSMFAG00000047062	0.54092
ENSMFAG00000047063	4.013878
ENSMFAG00000047064	9.04247
ENSMFAG00000047066	2.892868
ENSMFAG00000047068	7.7686
ENSMFAG00000047069	2.431809
ENSMFAG00000047070	11.131808
ENSMFAG00000047072	9.970003
ENSMFAG00000047073	9.394137
ENSMFAG00000047074	4.032743
ENSMFAG00000047075	6.986572
ENSMFAG00000047076	5.300721
ENSMFAG00000047077	11.261367
ENSMFAG00000047078	10.8615
ENSMFAG00000047079	9.572388
ENSMFAG00000047080	2.584913
ENSMFAG00000047081	4.878694
ENSMFAG00000047083	10.508562
ENSMFAG00000047084	10.57406
ENSMFAG00000047086	10.639986
ENSMFAG00000047087	3.12364
ENSMFAG00000047088	3.41023
ENSMFAG00000047089	10.6571
ENSMFAG00000047090	10.497747
ENSMFAG00000047092	0.33093
ENSMFAG00000047094	9.571441
ENSMFAG00000047095	10.394467
ENSMFAG00000047096	6.460192
ENSMFAG00000047097	8.31576
ENSMFAG00000047098	5.29986
ENSMFAG00000047100	4.194293
ENSMFAG00000047103	2.057858
ENSMFAG00000047105	4.725745
ENSMFAG00000047106	3.530563
ENSMFAG00000047107	2.619605
ENSMFAG00000047108	7.535954
ENSMFAG00000047109	4.92764
ENSMFAG00000047111	4.353281
ENSMFAG00000047112	5.00933
ENSMFAG00000047113	7.546055
ENSMFAG00000047114	5.642192
ENSMFAG00000047115	8.966405
ENSMFAG00000047116	4.530982
ENSMFAG00000047118	11.641287
ENSMFAG00000047121	7.486509
ENSMFAG00000047122	9.791618
ENSMFAG00000047123	6.958171
ENSMFAG00000047124	1.163753
ENSMFAG00000047125	8.769451
ENSMFAG00000047126	0.5362
ENSMFAG00000047127	0.395376
ENSMFAG00000047128	5.332083
ENSMFAG00000047130	1.272672
ENSMFAG00000047131	11.527926
ENSMFAG00000047133	3.927905
ENSMFAG00000047134	9.627788
ENSMFAG00000047136	0.342333
ENSMFAG00000047138	5.666309
ENSMFAG00000047139	8.944447
ENSMFAG00000047140	10.953069
ENSMFAG00000047141	10.208061
ENSMFAG00000047142	10.903835
ENSMFAG00000047143	2.544414
ENSMFAG00000047144	9.761498
ENSMFAG00000047147	0.256441
ENSMFAG00000047148	11.923297
ENSMFAG00000047149	3.317569
ENSMFAG00000047151	12.070061
ENSMFAG00000047152	0.404669
ENSMFAG00000047153	2.465562
ENSMFAG00000047154	4.898052
ENSMFAG00000047155	2.73286
ENSMFAG00000047156	3.931031
ENSMFAG00000047157	2.898265
ENSMFAG00000047158	8.167131
ENSMFAG00000047159	5.388607
ENSMFAG00000047160	6.708538
ENTHD1	4.7739
ENTPD1	11.587536
ENTPD2	8.911266
ENTPD3	0.951076
ENTPD4	10.762934
ENTPD5	1.283258
ENTPD6	2.036713
ENTPD7	9.155582
ENTPD8	9.777208
ENTR1	1.934055
EOGT	4.6605
EOMES	0.779963
EP300	1.654531
EP400	0.438631
EPAS1	3.191362
EPB41	9.792029
EPB41L1	2.84483
EPB41L2	9.097779
EPB41L3	3.18006
EPB41L4A	5.042603
EPB41L4B	2.437203
EPB41L5	6.315695
EPB42	4.974149
EPC1	2.446551
EPC2	11.140502
EPCAM	10.529481
EPDR1	7.2511
EPG5	7.630388
EPGN	1.245762
EPHA1	9.934739
EPHA2	4.715799
EPHA3	5.333552
EPHA4	4.705617
EPHA5	6.285333
EPHA6	1.526385
EPHA7	1.923127
EPHA8	10.037937
EPHB1	8.760182
EPHB3	8.336693
EPHB4	11.294467
EPHB6	1.29447
EPHX1	4.083098
EPHX2	6.896675
EPHX3	6.99328
EPHX4	0.382904
EPM2A	12.214008
EPM2AIP1	9.8538
EPN1	6.433168
EPN2	9.451114
EPN3	5.311613
EPO	7.640336
EPOP	10.52027
EPOR	3.188284
EPRS	8.572091
EPS15	0.650958
EPS15L1	8.583702
EPS8	10.00458
EPS8L1	7.708324
EPS8L2	0.927876
EPSTI1	0.76655
EPX	8.695229
EPYC	11.609819
EQTN	8.654565
ERAL1	2.155949
ERAP1	11.711124
ERAP2	0.796171
ERAS	9.894863
ERBB2	0.82505
ERBB3	2.993815
ERBB4	5.705088
ERBIN	1.099375
ERC1	4.40019
ERC2	11.405614
ERCC1	7.203343
ERCC2	4.908628
ERCC3	3.031571
ERCC4	7.258359
ERCC6	11.533361
ERCC6L	4.55561
ERCC8	12.246537
EREG	4.232015
ERF	2.670877
ERFE	5.19535
ERG	0.898987
ERG28	8.777251
ERGIC1	11.193978
ERGIC2	4.994278
ERGIC3	11.418357
ERH	12.006827
ERI1	10.377617
ERI2	8.549323
ERI3	4.865999
ERICH1	4.476582
ERICH2	3.888912
ERICH3	6.156877
ERICH4	10.377574
ERICH5	3.576153
ERICH6	0.408544
ERICH6B	11.772325
ERLEC1	9.983764
ERLIN1	1.944773
ERLIN2	9.321255
ERMAP	9.437336
ERMARD	7.517
ERMN	7.343855
ERMP1	11.438905
ERN1	0.341735
ERN2	6.128404
ERO1A	2.468583
ERO1B	11.658413
ERP27	7.577392
ERP29	6.101613
ERP44	7.525337
ERRFI1	11.119641
ERVFRD-1	1.744804
ESAM	11.304165
ESCO1	8.312562
ESCO2	7.243069
ESF1	11.259577
ESM1	1.402296
ESPL1	3.366411
ESPN	10.862181
ESPNL	1.559225
ESR1	11.248538
ESR2	7.169694
ESRP1	0.308789
ESRP2	10.071625
ESRRA	9.487855
ESRRB	0.542719
ESRRG	3.212756
ESS2	11.239325
ESYT1	2.222215
ESYT2	12.144332
ESYT3	3.65986
ETAA1	3.099429
ETF1	11.767107
ETFA	4.733704
ETFB	4.433432
ETFBKMT	12.136647
ETFDH	6.132999
ETFRF1	10.195836
ETHE1	5.380382
ETNK1	10.767383
ETNK2	2.969022
ETNPPL	3.267169
ETS1	4.935539
ETS2	9.229982
ETV1	5.17106
ETV2	1.971927
ETV3	5.152519
ETV3L	10.902049
ETV4	2.033948
ETV5	2.941768
ETV6	5.410252
ETV7	4.703574
EVA1A	7.910258
EVA1B	0.522595
EVA1C	3.712157
EVC	7.55544
EVC2	3.718124
EVI5	0.889116
EVI5L	4.078628
EVL	6.079837
EVPL	2.24037
EWSR1	8.943681
EXD1	12.195465
EXD2	6.613314
EXD3	3.468913
EXO1	5.785579
EXO5	3.033052
EXOC1	5.102662
EXOC1L	11.293318
EXOC2	12.039733
EXOC3	5.014517
EXOC3L1	9.627123
EXOC3L2	6.638588
EXOC3L4	7.716878
EXOC4	1.738529
EXOC5	9.607934
EXOC6	8.534577
EXOC6B	1.382408
EXOC7	2.511052
EXOC8	0.867142
EXOG	8.882948
EXOSC1	0.840173
EXOSC10	7.917111
EXOSC3	2.772463
EXOSC4	10.328456
EXOSC5	7.222529
EXOSC6	0.79269
EXOSC7	1.853976
EXOSC8	11.373045
EXOSC9	10.929903
EXPH5	4.423439
EXT1	7.179756
EXT2	6.310445
EXTL1	0.39447
EXTL2	7.226007
EXTL3	10.292283
EYA1	11.720825
EYA2	4.935755
EYA3	8.928904
EYA4	3.90648
EYS	1.763456
EZH1	5.384091
EZH2	3.244632
EZR	11.418169
F10	11.218184
F11R	3.344368
F12	8.025549
F13A1	7.752008
F2	3.016079
F2R	1.645609
F2RL1	0.938559
F2RL2	10.836593
F2RL3	8.586685
F3	2.559215
F5	0.762558
F7	3.819613
F8	11.24209
FA2H	6.628926
FAAH	3.953789
FAAH2	3.372128
FAAP100	7.801615
FABP1	0.28008
FABP3	9.414365
FABP5	1.664036
FABP6	1.661554
FABP7	4.020781
FADD	5.822097
FADS1	3.102248
FADS2	4.140925
FADS3	8.962154
FAF1	9.113925
FAF2	4.838828
FAH	2.54552
FAHD1	8.833702
FAHD2A	6.064951
FAHD2B	1.873745
FAIM	1.893918
FAIM2	8.975871
FAM102A	11.99323
FAM102B	11.936734
FAM104A	7.897271
FAM104B	0.913791
FAM107A	9.371658
FAM107B	3.315209
FAM110A	1.363662
FAM110B	3.237798
FAM110C	2.806567
FAM110D	1.347614
FAM111A	3.307087
FAM111B	0.339871
FAM114A1	11.713497
FAM114A2	5.865863
FAM117B	4.49028
FAM118A	1.997089
FAM118B	3.201197
FAM120A	6.118874
FAM120AOS	3.439112
FAM120B	1.898016
FAM120C	9.959109
FAM122A	5.826044
FAM122B	11.606027
FAM122C	8.827782
FAM124A	10.408313
FAM124B	7.899503
FAM126A	11.16263
FAM126B	4.198764
FAM129A	1.974409
FAM129B	5.5491
FAM129C	4.573671
FAM131A	11.531539
FAM131B	0.460513
FAM133A	2.704877
FAM135A	8.121228
FAM135B	3.006418
FAM136A	6.348235
FAM13A	5.104181
FAM13B	11.370388
FAM13C	8.088774
FAM149A	7.316329
FAM149B1	5.029225
FAM151A	4.363253
FAM151B	0.558161
FAM155A	4.752692
FAM155B	8.544745
FAM160A1	4.194082
FAM160A2	3.10983
FAM160B1	11.879673
FAM160B2	3.903367
FAM161A	6.880371
FAM161B	11.261467
FAM162A	4.663892
FAM162B	12.060233
FAM163A	7.408523
FAM163B	3.891803
FAM166A	1.713679
FAM166B	3.808429
FAM167A	0.897978
FAM167B	6.112169
FAM168A	3.860829
FAM168B	8.981957
FAM169A	6.649254
FAM170A	11.305577
FAM170B	7.1548
FAM171A1	3.421671
FAM171A2	11.759637
FAM171B	12.147661
FAM172A	0.994637
FAM173A	3.837136
FAM174A	8.393043
FAM174B	5.40712
FAM177B	11.81468
FAM178B	1.107383
FAM180A	9.453789
FAM180B	1.989204
FAM181A	5.175632
FAM181B	5.834503
FAM183A	0.870608
FAM184A	2.070965
FAM184B	10.289229
FAM185A	11.9716
FAM186A	9.983243
FAM186B	2.803125
FAM187A	11.170428
FAM187B	0.921766
FAM189A1	6.537411
FAM189A2	5.339662
FAM193A	1.711591
FAM193B	5.288457
FAM199X	5.699791
FAM200A	11.092642
FAM200B	8.27028
FAM204A	7.427121
FAM205A	8.609285
FAM205C	4.392432
FAM207A	12.120828
FAM20A	0.539076
FAM20B	1.369384
FAM20C	9.957389
FAM210B	11.057371
FAM214A	2.28642
FAM214B	6.772155
FAM216A	11.586998
FAM216B	1.395044
FAM217A	10.586449
FAM217B	6.99158
FAM218A	0.894287
FAM219A	5.815237
FAM219B	10.59747
FAM220A	1.852974
FAM221A	5.513297
FAM221B	1.78088
FAM222A	12.228608
FAM222B	9.886035
FAM227A	4.915478
FAM227B	5.43355
FAM228A	12.220094
FAM229A	10.557275
FAM229B	2.600633
FAM234A	2.26944
FAM234B	2.306479
FAM237A	10.719922
FAM240C	0.944759
FAM241A	8.418662
FAM241B	10.759987
FAM24A	2.299201
FAM24B	5.486015
FAM32A	2.681561
FAM3A	10.447013
FAM3B	3.031981
FAM3C	10.73951
FAM3D	4.506325
FAM43A	4.895123
FAM47A	3.248677
FAM47C	6.383865
FAM49A	11.676414
FAM49B	4.685715
FAM50A	1.109698
FAM50B	0.543324
FAM53A	1.432924
FAM53B	7.10814
FAM53C	11.853255
FAM57A	3.662259
FAM57B	2.181335
FAM71C	11.365659
FAM71D	0.689638
FAM71F1	1.970062
FAM76A	9.658811
FAM76B	10.766136
FAM78A	12.207703
FAM78B	6.951755
FAM81A	2.192725
FAM81B	8.845558
FAM83A	9.442367
FAM83B	5.074718
FAM83C	6.240568
FAM83D	9.439978
FAM83E	11.914735
FAM83F	3.901291
FAM83G	5.285126
FAM83H	3.830588
FAM89A	5.157734
FAM89B	1.940561
FAM8A1	9.066598
FAM91A1	11.318451
FAM92A	11.117252
FAM92B	4.76779
FAM98A	5.439748
FAM98B	6.701732
FAM98C	3.399512
FAM9A	5.37441
FAM9B	5.828766
FAM9C	4.996625
FAN1	7.729647
FANCA	4.495235
FANCB	1.302923
FANCC	7.296636
FANCD2	2.229437
FANCE	9.253865
FANCG	2.644302
FANCI	10.302597
FANCL	4.859198
FANCM	6.778708
FANK1	3.458132
FAP	6.122791
FAR1	3.045477
FAR2	5.773899
FARP1	10.382564
FARP2	4.198931
FARS2	9.456883
FARSA	4.211022
FARSB	9.448081
FAS	0.520423
FASLG	9.365418
FASN	3.87038
FASTK	12.019191
FASTKD1	3.283929
FASTKD2	6.377707
FASTKD3	2.616092
FAT1	4.057154
FAT2	11.822665
FAT3	7.860997
FAT4	2.919128
FATE1	3.773536
FAU	8.041261
FAXC	10.017745
FAXDC2	11.627918
FBF1	7.911531
FBL	11.770364
FBLIM1	5.303738
FBLL1	3.275718
FBLN1	3.187365
FBLN2	5.552102
FBLN5	1.805896
FBLN7	0.54658
FBN2	9.676525
FBN3	0.283224
FBP1	9.170588
FBP2	1.610713
FBRS	7.24501
FBXL12	6.393261
FBXL13	12.12356
FBXL14	1.920678
FBXL15	9.907397
FBXL16	5.398005
FBXL17	2.116899
FBXL18	1.625402
FBXL19	10.801959
FBXL2	6.645286
FBXL20	5.606869
FBXL22	4.359531
FBXL3	0.355456
FBXL4	9.905909
FBXL5	0.895197
FBXL6	6.469456
FBXL7	8.86457
FBXO10	11.699657
FBXO11	4.745901
FBXO15	1.737997
FBXO16	0.405615
FBXO2	5.558542
FBXO21	3.593143
FBXO22	5.352132
FBXO24	5.530682
FBXO25	1.941132
FBXO27	7.159744
FBXO28	11.229803
FBXO3	5.098584
FBXO30	8.025682
FBXO31	12.247305
FBXO32	5.079729
FBXO33	10.128632
FBXO34	9.033032
FBXO36	0.963288
FBXO38	4.448735
FBXO39	11.751635
FBXO4	6.970426
FBXO40	11.932888
FBXO41	5.896825
FBXO42	8.331548
FBXO43	8.782508
FBXO45	1.318395
FBXO46	7.813496
FBXO47	3.671523
FBXO48	10.476178
FBXO5	10.036735
FBXO6	0.731692
FBXO7	5.885227
FBXO8	3.910766
FBXO9	4.872477
FBXW11	6.924252
FBXW12	1.427574
FBXW2	8.316378
FBXW4	11.445481
FBXW5	8.432016
FBXW7	0.936161
FBXW8	3.667664
FBXW9	11.090819
FCAMR	10.468781
FCAR	2.183331
FCER1G	10.183406
FCER2	4.912817
FCGR1A	5.510971
FCGR2B	1.695695
FCGRT	4.508514
FCHO1	6.063929
FCHO2	4.325764
FCHSD1	0.91096
FCHSD2	2.741028
FCMR	9.821692
FCN3	4.889465
FCRL1	4.449905
FCRL3	6.187567
FCRL4	11.349119
FCRL5	2.538245
FCRL6	3.758066
FCRLA	6.632645
FCRLB	11.951284
FCSK	5.8754
FDFT1	4.747614
FDX1	10.174597
FDXACB1	1.941048
FDXR	0.557962
FECH	1.266374
FEM1A	9.03126
FEM1B	11.627644
FEM1C	10.562923
FEN1	7.330395
FER	7.01595
FER1L5	2.890336
FER1L6	4.455274
FERD3L	1.917334
FERMT1	0.768628
FERMT2	2.381151
FERMT3	10.965355
FES	8.391686
FETUB	11.770412
FEV	5.260195
FEZ1	3.530967
FEZ2	2.589068
FEZF1	11.253282
FEZF2	1.240384
FFAR1	4.886169
FFAR2	10.869516
FFAR4	8.947278
FGB	3.154816
FGD1	4.168416
FGD2	5.006666
FGD3	2.957522
FGD4	3.671656
FGD5	3.038465
FGD6	8.909898
FGF1	4.244443
FGF10	11.742328
FGF11	0.825148
FGF12	0.509617
FGF13	1.589877
FGF14	7.361398
FGF16	6.400741
FGF17	1.267547
FGF18	4.180628
FGF2	1.961593
FGF20	10.863885
FGF22	9.941836
FGF23	8.22419
FGF5	2.553635
FGF6	7.262059
FGF7	8.58517
FGF8	1.813263
FGF9	3.30068
FGFR1	2.493472
FGFR1OP	11.018639
FGFR1OP2	0.95229
FGFR2	9.076721
FGFR3	11.358305
FGFR4	11.881294
FGFRL1	9.54028
FGGY	8.400397
FGL1	2.486257
FGL2	4.351423
FGR	3.084267
FH	3.79104
FHAD1	3.823587
FHDC1	5.060433
FHIT	3.782933
FHL1	3.757766
FHL2	9.702414
FHL3	8.585374
FHL5	9.362581
FHOD1	1.642672
FHOD3	2.930969
FIBCD1	11.986265
FIBP	0.988399
FICD	4.492952
FIG4	3.96062
FIGN	10.122144
FIGNL2	8.101224
FILIP1	10.22918
FILIP1L	9.706462
FIP1L1	3.263209
FIS1	11.95403
FITM1	3.746869
FITM2	7.920607
FIZ1	2.109357
FJX1	1.346995
FKBP10	7.021842
FKBP11	10.075636
FKBP14	8.232079
FKBP15	10.092845
FKBP1A	7.897983
FKBP1B	4.175271
FKBP3	3.594635
FKBP4	9.212914
FKBP5	8.939174
FKBP6	11.194901
FKBP7	9.302814
FKBP8	1.592257
FKBP9	8.822045
FKBPL	8.370056
FKRP	10.217614
FKTN	6.690949
FLACC1	7.314763
FLAD1	6.84433
FLCN	1.744158
FLI1	7.561967
FLII	10.96509
FLNA	3.026061
FLNB	5.883502
FLNC	6.944371
FLOT1	0.381945
FLOT2	5.348002
FLRT1	8.348265
FLRT2	11.358988
FLRT3	7.994792
FLT1	5.828271
FLT3	2.900574
FLT3LG	6.34683
FLT4	2.402922
FLVCR1	12.173774
FLVCR2	1.226493
FLYWCH1	9.852408
FLYWCH2	2.950292
FMC1-LUC7L2	8.7928
FMN1	7.514351
FMN2	6.386879
FMNL1	5.753656
FMNL2	3.398985
FMNL3	11.37073
FMO1	7.063692
FMO2	5.574688
FMO3	7.727543
FMO4	2.211821
FMO5	3.203363
FMOD	8.768308
FMR1	8.287827
FN1	1.422589
FN3K	1.618762
FN3KRP	9.71757
FNBP1	4.554768
FNBP1L	7.553862
FNBP4	10.530323
FNDC1	2.937458
FNDC11	10.094695
FNDC3A	10.845399
FNDC3B	10.690034
FNDC4	8.255968
FNDC5	0.547217
FNDC7	1.973143
FNIP1	9.181145
FNIP2	6.679557
FOCAD	11.094382
FOLH1	1.278018
FOLR1	4.599491
FOLR2	10.381568
FOPNL	0.944583
FOS	3.520764
FOSB	5.481498
FOSL1	10.885509
FOSL2	6.360974
FOXA3	12.081861
FOXB1	2.716118
FOXC1	9.706054
FOXC2	10.21042
FOXD2	1.007702
FOXD3	6.453283
FOXD4L1	10.837919
FOXE1	6.662494
FOXF1	3.483701
FOXF2	7.313261
FOXG1	5.240556
FOXH1	9.448109
FOXI3	6.287269
FOXJ1	2.853171
FOXJ2	12.229017
FOXJ3	9.107961
FOXK1	1.942725
FOXK2	6.531881
FOXL1	1.085594
FOXL2	4.005597
FOXL2NB	6.21661
FOXM1	0.84472
FOXN2	7.987608
FOXN3	7.259251
FOXN4	12.117339
FOXO1	3.395702
FOXO3	8.749562
FOXO4	4.794335
FOXO6	8.892877
FOXP1	2.597188
FOXP2	9.143602
FOXP3	4.252236
FOXP4	3.363869
FOXQ1	3.42009
FOXR1	11.35226
FOXRED1	2.308752
FOXRED2	1.764359
FPGS	10.028827
FPR2	2.736611
FRA10AC1	10.640894
FRAS1	12.144663
FRAT1	10.852026
FRAT2	3.930811
FREM1	4.851319
FREM2	4.594176
FREM3	3.07977
FRG1	11.914515
FRK	1.082325
FRMD1	11.555847
FRMD3	5.275635
FRMD4A	2.27371
FRMD4B	4.275884
FRMD5	10.564617
FRMD6	2.766247
FRMD7	1.599657
FRMD8	11.287137
FRMPD1	6.415324
FRMPD2	2.34673
FRMPD3	1.437091
FRMPD4	5.094116
FRRS1	1.434704
FRRS1L	10.254298
FRS2	10.520157
FRS3	2.45694
FRY	8.990421
FRYL	7.17736
FRZB	0.86477
FSCB	9.39075
FSCN1	0.457601
FSCN2	7.648401
FSCN3	10.979144
FSD1	9.054886
FSD1L	2.701966
FSD2	9.663778
FSHB	8.217486
FSHR	3.919058
FSIP1	11.68563
FSIP2	6.315946
FST	0.376102
FSTL1	8.739817
FSTL3	8.956217
FSTL4	11.756425
FSTL5	11.836641
FTCD	7.403072
FTH1	7.254621
FTL	11.762904
FTO	1.850652
FTSJ1	1.464205
FTSJ3	5.943632
FUBP1	2.746974
FUBP3	8.106932
FUCA1	5.840878
FUCA2	9.119083
FUNDC1	7.0508
FUNDC2	0.311997
FUOM	3.023092
FURIN	5.870498
FUS	2.355806
FUT1	9.012596
FUT10	2.595238
FUT11	0.883167
FUT3	7.742566
FUT7	10.998804
FUT8	11.19323
FUT9	8.836154
FUZ	3.87732
FXN	10.955169
FXR1	11.606623
FXR2	8.338323
FXYD1	9.793594
FXYD4	10.31999
FXYD5	7.316667
FXYD6	1.054342
FYB1	7.939413
FYB2	6.115599
FYCO1	9.304555
FYN	8.724911
FYTTD1	4.825704
FZD10	12.223221
FZD2	10.47505
FZD3	7.778224
FZD4	2.300819
FZD5	9.759169
FZD6	3.342878
FZD7	9.724411
FZD8	7.762288
FZD9	3.969864
FZR1	1.697339
G0S2	9.809827
G2E3	9.70337
G3BP1	1.478207
G3BP2	9.031303
G6PC3	5.903138
G6PD	5.644843
GAA	10.625384
GAB1	12.12788
GAB2	3.470727
GAB3	0.581943
GABARAP	0.406074
GABARAPL1	9.978383
GABARAPL2	11.012078
GABBR1	7.735107
GABBR2	8.067902
GABPA	8.765177
GABPB1	0.345999
GABRA1	11.306689
GABRA2	6.652584
GABRA3	10.656489
GABRA4	10.022841
GABRA5	6.418319
GABRA6	3.301166
GABRB1	6.975433
GABRB2	11.626784
GABRB3	11.918063
GABRD	11.830503
GABRE	5.382401
GABRG1	11.172048
GABRG2	8.670012
GABRG3	6.517015
GABRQ	8.651976
GABRR1	3.193212
GABRR2	10.615846
GABRR3	10.668901
GAD1	9.41786
GAD2	2.215294
GADD45A	11.088592
GADD45B	9.080367
GADD45G	10.768471
GADD45GIP1	1.914417
GADL1	9.43164
GAK	1.679356
GAL	11.501995
GAL3ST1	3.908592
GAL3ST2	12.206152
GAL3ST3	8.071258
GAL3ST4	1.039464
GALC	8.739464
GALE	2.978805
GALK1	8.239639
GALK2	8.735231
GALM	11.435268
GALNS	1.598401
GALNT1	1.530239
GALNT10	1.636021
GALNT11	11.641226
GALNT12	6.265836
GALNT13	8.362059
GALNT14	5.032665
GALNT15	1.147015
GALNT16	2.415238
GALNT17	7.589317
GALNT18	0.287268
GALNT2	10.116755
GALNT3	4.697398
GALNT5	5.481485
GALNT6	2.900362
GALNT7	5.307815
GALNT9	4.806943
GALNTL5	1.553906
GALNTL6	5.479055
GALP	5.789389
GALR2	11.350766
GALR3	1.506749
GAMT	1.153659
GAN	1.490646
GANAB	9.017831
GAP43	0.41688
GAPDH	11.216409
GAPDHS	8.707615
GAPVD1	3.978092
GAR1	2.739579
GAREM1	5.769036
GAREM2	6.572792
GARNL3	9.980599
GARS	2.704508
GART	8.08082
GAS1	9.967418
GAS2	9.824837
GAS2L1	0.659291
GAS2L2	1.278182
GAS2L3	10.745584
GAS6	9.77885
GAS8	8.934015
GASK1A	2.245195
GASK1B	4.750906
GAST	3.878099
GATA2	5.296189
GATA3	7.594202
GATA4	8.656251
GATA5	9.462175
GATA6	9.085503
GATAD1	10.465681
GATAD2A	2.850135
GATAD2B	9.199087
GATB	4.916963
GATD1	3.55827
GATM	9.416533
GBA	3.102465
GBA2	1.818852
GBA3	6.963366
GBE1	9.904687
GBF1	10.841365
GBP1	6.798895
GBP2	9.956768
GBP3	7.570825
GBP7	8.810681
GBX1	10.133341
GBX2	8.438028
GCA	5.961834
GCAT	11.632527
GCC1	6.706288
GCC2	4.135121
GCDH	3.911618
GCFC2	3.926844
GCG	11.486713
GCGR	10.320734
GCH1	10.467255
GCHFR	12.213031
GCK	0.363334
GCKR	3.515497
GCLC	6.958215
GCLM	9.75606
GCN1	6.146768
GCNA	12.240044
GCNT1	11.528045
GCNT2	2.573742
GCNT3	4.406514
GCNT4	4.467991
GCNT7	5.67032
GCSAML	8.642216
GDA	10.437324
GDAP1	4.905911
GDAP1L1	10.695378
GDAP2	2.268348
GDE1	8.61684
GDF10	2.674208
GDF11	11.107078
GDF15	4.849999
GDF2	7.205992
GDF5	0.915309
GDF6	0.891148
GDF7	10.492492
GDF9	2.447937
GDI1	11.561038
GDI2	5.298202
GDNF	2.010871
GDPD1	2.466706
GDPD2	4.644599
GDPD3	7.681919
GDPD4	3.451944
GDPD5	6.26993
GEM	4.008794
GEMIN2	6.52592
GEMIN4	6.657958
GEMIN5	1.820461
GEMIN6	5.345843
GEMIN7	6.352279
GEMIN8	11.269135
GEN1	6.318403
GET4	9.644169
GFAP	10.807883
GFER	6.53593
GFI1	8.816482
GFI1B	2.152732
GFM1	8.083561
GFM2	6.037087
GFOD1	10.380947
GFOD2	1.328099
GFPT1	5.214552
GFPT2	7.432559
GFRA1	11.318592
GFRA2	9.681035
GFRA3	4.10507
GFRA4	4.196457
GFRAL	10.260617
GFY	7.10042
GGA1	1.869573
GGA2	6.637958
GGA3	11.806798
GGCX	4.262406
GGH	8.66762
GGN	2.900305
GGNBP2	3.38207
GGPS1	8.041659
GGT6	10.056335
GGT7	2.630772
GHDC	1.030625
GHITM	3.641213
GHR	5.3307
GHRH	9.001774
GHRL	4.941354
GHSR	6.530092
GID4	10.15077
GID8	4.643116
GIGYF1	12.131448
GIGYF2	9.030133
GIMAP2	8.575077
GIMAP4	5.539039
GIMAP6	11.678295
GIMAP7	9.201664
GIMAP8	6.542362
GIN1	10.751321
GINM1	5.209586
GINS1	9.799278
GINS2	12.057871
GINS3	6.523805
GINS4	3.144172
GIPC1	7.247151
GIPC2	10.723259
GIPC3	11.694578
GIPR	7.722778
GIT1	10.47416
GIT2	1.743865
GJA10	4.520521
GJA3	1.944929
GJA5	4.522184
GJA9	8.572058
GJB2	8.097016
GJB5	3.341939
GJB6	0.534342
GJC1	6.235657
GJC2	5.063046
GJC3	7.221991
GJD2	8.038098
GJD3	3.169816
GJD4	1.042923
GK	12.071932
GK5	4.902417
GKAP1	3.70536
GKN2	8.831518
GLA	5.8424
GLB1L	2.236855
GLB1L2	4.328768
GLB1L3	11.513718
GLCCI1	5.858438
GLCE	1.074307
GLDC	7.107236
GLDN	11.489735
GLE1	7.115066
GLG1	3.287423
GLI1	12.101924
GLI2	10.342498
GLI3	0.754159
GLI4	0.982417
GLIPR1	8.651755
GLIPR1L1	9.465863
GLIPR1L2	10.351613
GLIPR2	1.761721
GLIS1	11.981495
GLIS2	5.265924
GLIS3	8.90916
GLMN	6.951224
GLMP	6.206057
GLO1	5.382858
GLOD4	6.732423
GLP1R	9.677866
GLP2R	2.688254
GLRA1	7.847953
GLRA2	10.834154
GLRA3	7.418056
GLRA4	9.479212
GLRB	1.180185
GLRX	6.998342
GLRX2	5.283655
GLRX3	8.246092
GLRX5	3.190959
GLS	2.111368
GLS2	10.048007
GLT1D1	7.018841
GLT6D1	12.080295
GLT8D1	2.991075
GLT8D2	0.739212
GLTP	5.060999
GLTPD2	9.533485
GLUL	2.602365
GLYAT	0.977678
GLYATL1	1.029502
GLYCTK	2.152943
GLYR1	2.990864
GM2A	3.391096
GMCL1	3.186508
GMCL2	4.08082
GMDS	6.815478
GMEB1	2.90609
GMEB2	11.36687
GMFB	9.466627
GMFG	5.110027
GMIP	5.089409
GML	7.628311
GMNC	7.195846
GMNN	6.982752
GMPPA	11.471798
GMPPB	6.08793
GMPR	10.88237
GMPR2	11.440802
GMPS	3.862321
GNA11	2.260128
GNA12	9.473428
GNA13	0.447091
GNA14	0.533552
GNA15	11.065919
GNAI1	1.61345
GNAI2	1.549624
GNAI3	2.698485
GNAL	3.183287
GNAO1	2.958653
GNAQ	6.575878
GNAS	9.754097
GNAT1	5.605235
GNAT2	3.649038
GNAT3	11.192543
GNAZ	0.803543
GNB1	2.492271
GNB1L	11.669182
GNB2	10.297679
GNB3	1.776869
GNB4	11.410773
GNB5	2.309926
GNE	2.156632
GNG10	0.339496
GNG11	2.136322
GNG12	0.439782
GNG13	10.341042
GNG2	10.30935
GNG3	0.776829
GNG4	8.960051
GNG7	11.670631
GNGT2	2.226184
GNL1	2.835371
GNL2	10.490524
GNL3	11.261531
GNL3L	9.436275
GNLY	12.035362
GNMT	11.182701
GNPAT	6.81848
GNPDA1	12.174219
GNPDA2	8.229712
GNPNAT1	1.825969
GNPTAB	6.783758
GNPTG	1.629162
GNRH1	9.098345
GNRH2	7.89018
GNS	8.930891
GOLGA1	11.355941
GOLGA2	8.129694
GOLGA3	11.039617
GOLGA4	4.678459
GOLGA5	8.899222
GOLGA7	9.523718
GOLGA7B	4.960309
GOLGB1	2.170246
GOLM1	7.763895
GOLPH3	8.712856
GOLPH3L	1.447965
GOLT1A	5.221663
GOLT1B	3.7145
GON4L	9.077738
GON7	1.60165
GORAB	5.979313
GORASP1	8.360418
GORASP2	8.671346
GOSR1	6.9417
GOT1	10.15208
GOT1L1	8.456423
GOT2	0.514784
GP1BA	9.55393
GP1BB	4.778064
GP6	6.121602
GP9	2.141004
GPA33	10.72837
GPAA1	3.186065
GPALPP1	7.639058
GPAM	8.060553
GPANK1	9.763718
GPAT2	3.8468
GPAT4	9.615822
GPATCH1	9.930887
GPATCH11	11.135643
GPATCH2	11.526518
GPATCH2L	7.761296
GPATCH3	10.778553
GPATCH4	8.400843
GPATCH8	2.825013
GPBAR1	9.576358
GPBP1	9.767928
GPBP1L1	6.335078
GPC1	0.915523
GPC2	7.165324
GPC3	3.672102
GPC4	4.640776
GPC5	9.687073
GPC6	2.129867
GPCPD1	1.978821
GPD1	4.372661
GPD1L	10.871188
GPD2	10.158986
GPER1	6.380457
GPHA2	1.669208
GPHB5	2.123724
GPHN	5.857491
GPIHBP1	11.126751
GPKOW	11.158749
GPLD1	1.929595
GPM6A	6.597033
GPM6B	5.344203
GPN1	5.939626
GPN2	8.362995
GPN3	5.071774
GPNMB	5.208238
GPR1	4.539007
GPR101	12.00407
GPR107	4.865634
GPR12	9.045176
GPR135	9.811352
GPR137	1.800077
GPR137B	3.683154
GPR137C	2.34334
GPR139	10.505915
GPR142	6.726285
GPR143	7.155673
GPR146	0.56148
GPR149	4.025901
GPR15	6.744564
GPR150	2.648861
GPR151	10.938185
GPR152	10.453
GPR153	4.591496
GPR155	11.926781
GPR156	6.993185
GPR157	11.475968
GPR158	12.040549
GPR160	9.338962
GPR161	2.50547
GPR162	11.840506
GPR17	2.948895
GPR171	12.167656
GPR173	0.500491
GPR174	8.537145
GPR176	5.068925
GPR179	7.984019
GPR18	0.561386
GPR180	4.500047
GPR183	2.783258
GPR19	9.216659
GPR20	10.778435
GPR22	0.714439
GPR25	11.503044
GPR26	4.853772
GPR27	10.436865
GPR3	6.712231
GPR32	4.97106
GPR35	11.830364
GPR37	5.097279
GPR37L1	9.149181
GPR4	7.747731
GPR45	1.867814
GPR50	3.29789
GPR55	8.12835
GPR61	1.883368
GPR63	11.403817
GPR65	1.162288
GPR68	3.685886
GPR78	4.769993
GPR82	12.0213
GPR83	7.221276
GPR84	10.485168
GPR87	9.75751
GPR88	10.177235
GPRASP1	6.226217
GPRASP2	8.697031
GPRC5A	3.486933
GPRC5B	2.810596
GPRC5C	6.790531
GPRC5D	7.602998
GPRIN2	7.858233
GPS1	6.679113
GPS2	8.487977
GPSM1	10.997813
GPSM2	7.202677
GPSM3	8.836846
GPT	0.454406
GPT2	9.694117
GPX1	9.076907
GPX2	5.613848
GPX3	4.801377
GPX4	5.798547
GPX7	10.483485
GPX8	9.69689
GRAMD1A	7.570604
GRAMD1B	4.298299
GRAMD1C	5.766418
GRAMD2A	1.773907
GRAMD2B	10.738237
GRAP	11.263234
GRAP2	11.447205
GRASP	6.179363
GRB10	11.299726
GRB14	8.415265
GRB2	9.71964
GRB7	5.703444
GREB1	3.722036
GREB1L	9.719437
GREM2	6.206092
GRHL1	5.446916
GRHL2	8.939663
GRHL3	11.814083
GRHPR	1.274512
GRIA1	8.711337
GRIA2	1.925575
GRIA3	4.966422
GRIA4	8.826099
GRID1	8.246267
GRID2	7.620715
GRID2IP	10.593816
GRIK1	11.815097
GRIK2	7.835317
GRIK3	9.984229
GRIK4	7.487632
GRIK5	7.433423
GRIN1	1.190677
GRIN2A	10.219238
GRIN2B	1.267516
GRIN2C	2.347354
GRIN2D	5.858127
GRIN3A	4.341477
GRIN3B	6.108076
GRINA	12.058652
GRIP1	0.823685
GRIP2	8.107457
GRIPAP1	7.622169
GRK1	5.444405
GRK2	4.141585
GRK3	0.320902
GRK4	3.514073
GRK5	6.887454
GRK6	6.69457
GRK7	12.10787
GRM1	5.329962
GRM2	10.279547
GRM3	9.485656
GRM4	11.525333
GRM5	6.573692
GRM6	4.436938
GRM7	4.446975
GRM8	5.25847
GRN	5.215905
GRP	2.176497
GRPEL1	10.682473
GRPR	1.466848
GRSF1	10.969479
GRTP1	4.012166
GRWD1	11.992631
GRXCR1	0.597408
GRXCR2	11.70727
GSAP	11.878732
GSC	9.043755
GSC2	0.472109
GSDMA	12.119506
GSDMB	2.646669
GSDMC	9.724751
GSDMD	6.916822
GSDME	11.53323
GSE1	3.057868
GSG1	4.080978
GSG1L	3.167013
GSG1L2	10.922238
GSK3B	3.088861
GSKIP	8.972775
GSN	9.817195
GSPT1	2.748785
GSPT2	3.494492
GSR	3.027629
GSS	8.15683
GSTA4	7.494111
GSTA5	10.793912
GSTCD	11.214412
GSTK1	1.483921
GSTM1	10.254332
GSTM3	4.88852
GSTM4	11.583237
GSTM5	10.978038
GSTO1	1.577339
GSTO2	8.059211
GSTP1	9.728983
GSTT2	9.212608
GSTZ1	6.569738
GSX1	3.351609
GSX2	0.790236
GTDC1	0.527173
GTF2A1	12.105181
GTF2A1L	4.408147
GTF2A2	6.805305
GTF2B	0.544551
GTF2E1	5.153791
GTF2E2	7.986751
GTF2F1	2.170504
GTF2F2	1.504654
GTF2H1	8.275357
GTF2H4	6.662654
GTF2H5	7.284517
GTF2I	1.358052
GTF2IRD1	7.737646
GTF3A	1.330937
GTF3C1	6.875018
GTF3C2	6.363455
GTF3C3	4.106768
GTF3C4	3.560859
GTF3C5	8.433077
GTPBP1	5.278464
GTPBP10	1.968774
GTPBP2	3.78892
GTPBP3	1.194391
GTPBP4	2.669535
GTPBP6	0.739756
GTPBP8	6.617219
GTSE1	9.711471
GTSF1	11.661323
GUCA1B	9.613954
GUCA1C	0.312578
GUCA2A	10.338951
GUCD1	10.04374
GUCY1A1	5.015645
GUCY1A2	3.021123
GUCY1B1	7.248257
GUCY2C	4.053865
GUCY2D	0.827597
GUCY2F	8.248458
GUF1	1.076498
GUK1	7.646885
GULP1	7.378814
GVQW3	1.627092
GXYLT1	7.156105
GXYLT2	5.480206
GYG1	10.106424
GYG2	8.304801
GYPC	1.785909
GYS1	12.176907
GZF1	11.096709
GZMA	0.696016
GZMB	8.826947
GZMK	4.863901
H1F0	1.714169
H1FX	10.778582
H2AFJ	0.299603
H2AFV	7.587732
H2AFX	4.633318
H2AFY	7.903812
H2AFY2	11.334443
H2AFZ	10.233388
H2BFM	2.210966
H3F3B	3.381233
H6PD	11.794118
HAAO	2.933146
HABP2	11.637542
HABP4	1.409198
HACD1	1.540585
HACD2	8.816193
HACD3	10.347189
HACD4	0.364998
HACE1	5.734186
HACL1	7.591172
HADH	7.340337
HADHA	7.754039
HADHB	2.393951
HAGH	9.408295
HAGHL	12.178244
HAL	11.647473
HAMP	3.795829
HAO1	10.355373
HAO2	6.776423
HAP1	8.381584
HAPLN1	5.80345
HAPLN2	1.77432
HAPLN3	1.32751
HAPLN4	9.935522
HARBI1	12.096752
HARS	5.286658
HARS2	2.597175
HAS1	2.537964
HAS2	3.742048
HAS3	7.38096
HAT1	5.232055
HAUS1	11.640376
HAUS2	3.249649
HAUS3	8.086965
HAUS4	9.744255
HAUS5	2.139055
HAUS6	3.089349
HAUS7	4.771199
HAUS8	1.543972
HAVCR1	5.475821
HAVCR2	9.460269
HAX1	3.047935
HBB	2.068499
HBEGF	10.643721
HBM	1.430477
HBP1	9.007305
HBQ1	3.39975
HBS1L	3.782776
HBZ	3.853968
HCAR1	3.564573
HCCS	9.406634
HCFC1	11.477112
HCFC1R1	7.87953
HCFC2	1.767181
HCK	11.93623
HCLS1	9.907547
HCN1	7.310862
HCN2	6.689121
HCN3	5.416407
HCN4	9.087573
HCRT	9.834089
HCRTR1	4.935059
HCRTR2	8.75112
HCST	7.034849
HDAC1	7.514143
HDAC10	7.638821
HDAC11	4.612425
HDAC2	3.485532
HDAC3	2.995879
HDAC4	8.988154
HDAC5	1.78211
HDAC6	3.274995
HDAC7	11.993496
HDAC9	5.271868
HDC	7.215377
HDDC2	1.923656
HDDC3	6.807751
HDGF	10.313686
HDGFL2	10.760076
HDGFL3	9.681396
HDHD3	9.897707
HDHD5	8.648915
HDLBP	6.900296
HDX	3.183627
HEATR1	11.283532
HEATR3	7.403552
HEATR4	8.624805
HEATR5A	10.595182
HEATR5B	4.565544
HEATR9	1.880295
HEBP1	2.06783
HEBP2	5.521451
HECA	5.590913
HECTD1	3.315142
HECTD2	10.285894
HECTD3	4.91095
HECTD4	3.705574
HECW1	0.960564
HECW2	5.487169
HEG1	11.526788
HELB	9.023524
HELLS	11.019567
HELQ	11.090945
HELT	9.439048
HELZ	4.600136
HELZ2	9.385072
HEMGN	9.650648
HEMK1	7.891164
HENMT1	8.463492
HEPACAM	8.982036
HEPACAM2	11.566978
HEPH	8.977535
HEPHL1	1.443339
HERC1	2.341419
HERC2	4.869141
HERC4	7.911333
HERC5	12.094086
HERC6	1.08671
HERPUD1	9.629783
HERPUD2	10.582652
HES1	11.19826
HES2	2.700148
HES4	0.918743
HES5	4.942972
HES6	3.472628
HES7	3.4456
HESX1	0.772889
HEXA	5.456855
HEXB	12.094262
HEXD	2.651396
HEXIM1	10.294386
HEXIM2	1.236205
HEY1	0.795634
HEY2	5.868975
HEYL	1.318745
HFE	7.282032
HFM1	0.549343
HGD	11.767532
HGF	4.813758
HGFAC	8.289064
HGH1	4.530504
HGS	7.610722
HHAT	3.665131
HHATL	8.879786
HHEX	8.17936
HHIP	5.265304
HHIPL1	4.690019
HHIPL2	5.20382
HHLA1	2.897053
HHLA2	11.045283
HIBADH	7.779468
HIBCH	7.074176
HIC1	10.248127
HIC2	6.557694
HID1	10.04134
HIF1A	6.458055
HIF1AN	4.821322
HIF3A	10.851328
HIGD1A	11.573357
HIGD1B	5.01416
HIGD1C	10.448184
HIGD2A	7.733318
HIGD2B	3.800022
HIKESHI	4.178098
HILPDA	8.272993
HINFP	1.357688
HINT1	7.346668
HINT2	7.474647
HINT3	10.940816
HIP1	2.436424
HIP1R	4.26846
HIPK1	1.91472
HIPK2	2.94478
HIPK3	5.36971
HIPK4	5.37769
HIRA	6.295656
HIRIP3	0.427892
HIST1H1B	9.254184
HIST1H1E	1.920589
HIST1H2AA	3.444524
HIST1H2AC	3.785222
HIST1H2AD	5.084644
HIST1H2AG	5.481459
HIST1H2AJ	8.609409
HIST1H2BA	6.605356
HIST1H2BB	11.612484
HIST1H2BD	1.632607
HIST1H2BJ	12.233105
HIST1H2BM	12.059435
HIST1H2BN	8.895348
HIST1H2BO	10.084213
HIST2H2AB	3.380855
HIST2H2AC	6.872124
HIST2H2BE	7.011974
HIST2H2BF	1.951636
HIST2H3D	6.076677
HIST3H2A	9.940297
HIST3H2BB	2.257242
HIST3H3	8.939421
HIVEP1	7.629896
HIVEP2	6.068801
HIVEP3	11.319302
HJURP	3.625295
HJV	5.515697
HK1	1.412531
HK2	8.132837
HK3	11.691344
HKDC1	1.262155
HLA-DMA	8.837839
HLA-DOA	0.5571
HLA-DOB	2.538627
HLA-DPA1	1.119389
HLA-DPB1	2.349698
HLA-DQA2	10.738935
HLA-DRA	3.081803
HLA-E	4.034384
HLA-F	5.279875
HLCS	10.243507
HLF	5.611925
HLTF	3.96537
HLX	3.380759
HM13	1.479599
HMBOX1	5.852579
HMBS	2.089873
HMCES	8.244408
HMCN1	11.509782
HMG20A	8.218368
HMG20B	7.348382
HMGA2	3.088783
HMGB1	11.373135
HMGB2	4.061834
HMGB3	12.114925
HMGCL	11.030076
HMGCLL1	10.316772
HMGCR	5.177589
HMGCS1	11.158791
HMGCS2	0.558667
HMGN3	8.518694
HMGN4	6.50973
HMGN5	2.778541
HMGXB3	9.976957
HMGXB4	11.734361
HMMR	4.920396
HMOX1	6.356213
HMOX2	1.502482
HMX1	5.280907
HNF1A	4.343102
HNF1B	7.554757
HNF4A	7.319883
HNF4G	2.431678
HNRNPA0	3.981322
HNRNPA1	6.137542
HNRNPA2B1	1.277819
HNRNPA3	5.275187
HNRNPAB	8.961106
HNRNPC	8.338522
HNRNPD	3.700771
HNRNPDL	7.462051
HNRNPF	12.198241
HNRNPH1	3.37773
HNRNPH3	6.443029
HNRNPK	6.160505
HNRNPL	6.421823
HNRNPLL	10.362848
HNRNPM	5.873591
HNRNPR	6.565613
HNRNPU	4.00795
HNRNPUL1	5.032096
HOMER1	4.726321
HOMER2	2.2898
HOMEZ	5.911465
HOOK1	2.332286
HOOK2	8.329147
HOOK3	5.959698
HOPX	3.973726
HORMAD1	1.281376
HORMAD2	10.604274
HOXA10	11.303942
HOXA5	11.195127
HOXA7	10.02139
HOXA9	9.500676
HOXB3	4.075428
HOXB4	4.959696
HOXB5	10.55674
HOXB6	7.585164
HOXB7	8.282154
HOXD1	6.249738
HOXD3	3.657459
HOXD4	6.200445
HP1BP3	4.676917
HPCA	8.23704
HPCAL1	5.226264
HPCAL4	4.438618
HPD	11.632386
HPDL	11.433744
HPF1	2.022301
HPGD	4.067863
HPGDS	7.773651
HPN	11.180164
HPRT1	5.832173
HPS1	5.689592
HPS3	5.663217
HPS4	3.818556
HPS5	4.070541
HPS6	12.130762
HPSE	5.751009
HPSE2	8.098756
HPX	6.154667
HR	4.307769
HRAS	2.113798
HRC	8.095448
HRCT1	10.076683
HRG	10.676168
HRH1	4.359125
HRH2	10.498344
HRH3	5.396373
HRH4	9.707681
HS1BP3	0.795295
HS2ST1	6.646412
HS3ST2	6.877526
HS3ST3A1	3.202569
HS3ST3B1	5.476351
HS3ST4	10.559789
HS3ST5	0.700681
HS3ST6	5.16011
HS6ST1	10.889994
HS6ST2	6.153584
HS6ST3	1.880391
HSBP1L1	6.815557
HSCB	11.903015
HSD11B1	0.992344
HSD11B1L	5.495988
HSD11B2	8.376994
HSD17B1	4.963625
HSD17B10	7.305336
HSD17B11	4.039662
HSD17B12	6.04377
HSD17B13	5.171095
HSD17B3	5.307531
HSD17B4	3.193455
HSD17B6	5.979677
HSD17B7	5.894153
HSD17B8	4.03828
HSD3B1	5.722958
HSD3B7	3.674036
HSDL1	1.132215
HSDL2	4.308546
HSF1	11.614658
HSF2	5.58196
HSF2BP	4.373994
HSF4	1.844723
HSF5	1.155135
HSH2D	5.585157
HSP90AA1	9.379428
HSP90AB1	2.177857
HSP90B1	4.863889
HSPA12A	7.526062
HSPA12B	1.968821
HSPA13	8.743886
HSPA14	6.440979
HSPA2	7.57856
HSPA4	2.719876
HSPA4L	10.073323
HSPA5	2.64907
HSPA6	7.251422
HSPA8	4.988078
HSPB1	0.973101
HSPB11	8.813866
HSPB3	4.320673
HSPB6	10.014931
HSPB7	11.868182
HSPB8	6.834069
HSPBAP1	3.302043
HSPBP1	3.713994
HSPG2	9.573007
HSPH1	6.868466
HTATIP2	3.737362
HTATSF1	8.426627
HTR1A	2.741497
HTR1B	7.714922
HTR1D	3.889409
HTR1E	4.991809
HTR1F	2.341544
HTR2A	8.444266
HTR2B	0.520455
HTR2C	2.752471
HTR3A	11.277114
HTR3B	2.238887
HTR3D	2.602715
HTR4	0.411711
HTR5A	5.486291
HTR6	2.277639
HTR7	3.883081
HTRA1	11.892964
HTRA2	4.852054
HTRA3	6.218196
HTRA4	2.327415
HTT	10.780898
HUNK	11.252648
HUS1	6.854736
HUS1B	2.955474
HUWE1	1.345651
HVCN1	7.347528
HYAL1	6.550758
HYAL2	0.930154
HYAL3	2.215046
HYAL4	0.43458
HYDIN	10.906182
HYI	4.757046
HYKK	4.871634
HYLS1	9.083224
HYOU1	9.423354
HYPK	1.220105
IAH1	4.220354
IAPP	11.673206
IARS	9.332508
IARS2	10.980025
IBA57	10.867391
IBSP	6.48422
IBTK	1.405026
ICA1	12.213411
ICA1L	2.855827
ICAM1	5.018135
ICAM2	7.639327
ICAM3	4.479293
ICAM4	3.361888
ICAM5	7.566413
ICE1	3.933254
ICE2	0.70761
ICK	3.346859
ICMT	5.484175
ICOS	3.048941
ID1	1.639835
ID2	12.012299
ID3	8.58514
ID4	0.767817
IDE	2.301232
IDH1	10.952518
IDH2	10.851693
IDH3A	4.233022
IDH3B	10.343087
IDH3G	10.474944
IDI1	6.747857
IDI2	0.727492
IDNK	10.862825
IDO1	5.017053
IDO2	5.210536
IDUA	1.642395
IER2	6.882644
IER3	11.907393
IER5	9.475345
IER5L	5.278093
IFFO1	12.173247
IFFO2	10.249166
IFI16	6.665038
IFI27	6.156922
IFI27L1	9.461751
IFI27L2	9.84661
IFI30	5.849038
IFI35	5.537903
IFI44	0.41038
IFI44L	1.138081
IFI6	4.90488
IFIH1	10.268915
IFIT1	0.754138
IFIT2	3.846865
IFIT3	10.796233
IFITM1	9.702533
IFNA6	9.953947
IFNAR1	11.981927
IFNE	8.081544
IFNGR1	11.867298
IFNGR2	5.809681
IFNLR1	9.174857
IFRD1	8.644002
IFT122	4.039628
IFT140	12.032401
IFT172	7.955553
IFT20	0.5466
IFT22	6.518239
IFT27	5.609752
IFT43	6.988271
IFT46	2.460837
IFT52	4.998447
IFT57	7.078686
IFT74	1.267126
IFT80	8.151278
IFT81	11.836133
IFT88	10.441162
IGDCC3	0.256121
IGDCC4	1.875194
IGF1	7.591413
IGF1R	9.303147
IGF2	3.271584
IGF2BP1	5.054107
IGF2BP3	2.197841
IGF2R	8.209787
IGFALS	11.46435
IGFBP1	5.010942
IGFBP2	8.217965
IGFBP3	6.879149
IGFBP4	11.580221
IGFBP5	3.292887
IGFBP6	3.854137
IGFBP7	5.823129
IGFBPL1	12.150586
IGFL1	6.898459
IGFL3	11.121265
IGFL4	12.222783
IGFLR1	11.267304
IGFN1	8.537367
IGHMBP2	10.885787
IGIP	7.151953
IGKC	11.612816
IGLV11-55	5.024236
IGLV5-45	1.69515
IGSF1	3.69471
IGSF10	8.342463
IGSF11	10.163929
IGSF21	3.40503
IGSF22	10.276918
IGSF3	7.450654
IGSF5	1.158473
IGSF6	5.77712
IGSF8	7.961666
IGSF9	8.80212
IGSF9B	0.37776
IHH	2.918827
IK	6.880244
IKBIP	10.377175
IKBKB	2.32298
IKBKE	8.350924
IKBKG	10.778766
IKZF1	0.694481
IKZF2	5.688337
IKZF3	2.832162
IKZF4	8.706544
IKZF5	10.656731
IL10	11.64481
IL10RA	5.51529
IL10RB	1.121847
IL11	11.241461
IL12A	8.497286
IL12B	6.988629
IL12RB1	4.592663
IL12RB2	8.412708
IL13	1.43208
IL13RA1	9.167542
IL13RA2	4.301165
IL15	6.90818
IL15RA	0.255003
IL16	9.091201
IL17B	5.943442
IL17F	4.539213
IL17RA	4.36093
IL17RB	0.716188
IL17RC	11.784422
IL17RD	4.194966
IL17RE	5.449857
IL17REL	9.929355
IL18	0.701074
IL18BP	1.694106
IL18R1	9.514097
IL18RAP	0.586332
IL19	10.858512
IL1A	4.187042
IL1B	5.421079
IL1R1	6.65274
IL1R2	2.667535
IL1RAP	5.531399
IL1RAPL1	10.753829
IL1RAPL2	6.428164
IL1RL1	7.477203
IL1RL2	10.013173
IL1RN	10.303133
IL20	0.535575
IL20RA	5.551161
IL20RB	4.112493
IL21R	7.834524
IL22RA1	11.532382
IL23A	5.609168
IL25	4.782428
IL26	9.177241
IL27	0.269965
IL27RA	1.387207
IL2RB	10.480331
IL31RA	11.365998
IL33	5.268579
IL34	7.421038
IL36B	0.448089
IL36G	4.948713
IL37	11.347763
IL4I1	1.802328
IL4R	3.411178
IL5	10.494667
IL5RA	8.840965
IL6	1.632856
IL6R	5.314978
IL6ST	7.447986
IL7	5.519973
IL7R	6.400783
IL9	11.186262
IL9R	2.847125
ILDR1	11.664419
ILDR2	5.580728
ILF3	6.812219
ILK	5.105417
ILKAP	3.463315
ILRUN	8.181356
ILVBL	3.283182
IMMP2L	10.152864
IMMT	4.016509
IMP3	1.010693
IMP4	3.477933
IMPA1	1.710472
IMPA2	4.339071
IMPAD1	10.175928
IMPDH1	10.391435
IMPDH2	2.527852
IMPG1	8.162009
IMPG2	8.339081
INAVA	6.322503
INCA1	5.811442
INCENP	6.479421
INF2	11.925418
ING1	10.214385
ING2	0.517986
ING3	2.708423
ING4	2.752963
ING5	5.131711
INHA	9.567579
INHBA	8.622766
INHBB	3.636259
INHBC	4.998439
INHBE	11.633588
INIP	1.311808
INKA1	11.8434
INKA2	3.444424
INO80	10.647672
INO80D	6.79516
INO80E	1.218465
INPP4A	3.009625
INPP4B	7.543003
INPP5A	8.268635
INPP5B	10.736795
INPP5D	8.681626
INPP5E	1.710024
INPP5F	11.000861
INPP5J	11.739684
INPP5K	7.302466
INPPL1	1.030274
INS	5.507981
INSC	8.127259
INSIG1	1.196401
INSIG2	6.217695
INSL3	1.798548
INSL6	1.455268
INSM1	5.226147
INSM2	2.244088
INSR	7.42234
INSRR	2.056072
INSYN1	9.970168
INSYN2A	11.605623
INSYN2B	0.56731
INTS1	0.686565
INTS10	11.008044
INTS11	2.191543
INTS12	7.526201
INTS13	3.160099
INTS14	8.823438
INTS2	0.781282
INTS3	8.104072
INTS4	11.279599
INTS5	3.286683
INTS6	4.993921
INTS6L	12.091493
INTS7	6.391989
INTS8	11.454649
INTS9	10.434562
INTU	8.507079
INVS	11.197624
IP6K1	9.459695
IP6K2	7.327575
IP6K3	2.681244
IPCEF1	4.181259
IPMK	6.222816
IPO11	8.47121
IPO13	10.262492
IPO4	0.95596
IPO5	9.711114
IPO7	3.090204
IPO8	7.891161
IPO9	1.87144
IPP	7.246955
IPPK	11.805159
IQANK1	1.952166
IQCA1	6.885051
IQCA1L	1.176579
IQCB1	3.322724
IQCC	10.458145
IQCD	7.963778
IQCE	11.206243
IQCF1	4.501057
IQCF2	5.539142
IQCF5	7.32896
IQCG	5.39223
IQCH	11.966893
IQCJ	9.275101
IQCK	11.244736
IQCN	12.179038
IQGAP1	0.760254
IQGAP2	12.031776
IQGAP3	8.733567
IQSEC1	8.793374
IQSEC2	5.86492
IQSEC3	10.812362
IQUB	9.302309
IRAK1	3.174921
IRAK1BP1	5.527476
IRAK2	3.161293
IRAK3	0.55595
IRAK4	4.794019
IREB2	12.107262
IRF1	11.905495
IRF2	6.016118
IRF2BP1	5.783466
IRF2BP2	2.377402
IRF2BPL	1.55294
IRF3	0.756239
IRF4	9.471398
IRF5	7.304299
IRF6	2.051382
IRF7	11.406265
IRF8	3.131853
IRF9	0.468438
IRGC	0.625206
IRGM	6.329419
IRGQ	10.387077
IRS1	9.393134
IRS2	2.33122
IRS4	6.207897
IRX1	9.848333
IRX2	6.225543
IRX3	7.16534
IRX4	9.753552
IRX5	9.908518
IRX6	4.785212
ISCA1	4.771555
ISCA2	9.359053
ISCU	10.548049
ISG15	9.564257
ISG20	6.56669
ISL1	10.77029
ISL2	10.085685
ISLR	10.291753
ISLR2	4.283881
ISM1	4.288278
ISM2	1.128564
ISOC1	8.664162
ISOC2	10.27495
IST1	1.368886
ISYNA1	0.287107
ITCH	5.175617
ITFG1	5.749848
ITFG2	7.961857
ITGA1	3.899674
ITGA10	3.42093
ITGA11	11.988944
ITGA2	12.127616
ITGA2B	10.687007
ITGA3	1.030277
ITGA4	4.066487
ITGA5	1.035784
ITGA6	3.639177
ITGA7	7.877763
ITGA8	11.385867
ITGA9	8.07491
ITGAD	10.52877
ITGAE	7.537793
ITGAM	11.679792
ITGAV	2.737712
ITGAX	11.117352
ITGB1	6.773353
ITGB1BP1	4.257255
ITGB1BP2	3.977278
ITGB2	5.045733
ITGB3BP	1.005076
ITGB4	1.58056
ITGB5	1.360769
ITGB6	9.304244
ITGB7	10.264121
ITGB8	3.41582
ITGBL1	0.954919
ITIH1	11.119049
ITIH2	9.590682
ITIH3	9.991279
ITIH4	3.415959
ITIH5	4.275208
ITIH6	0.937466
ITK	2.790473
ITLN1	2.037123
ITLN2	6.647961
ITM2A	4.166412
ITM2B	7.680386
ITM2C	7.871339
ITPA	7.863512
ITPK1	5.932388
ITPKA	1.365852
ITPKB	7.955533
ITPKC	5.261775
ITPR1	5.384666
ITPR2	11.632184
ITPR3	9.460628
ITPRID1	0.584371
ITPRID2	1.081865
ITPRIPL1	8.13338
ITPRIPL2	4.943307
ITSN1	4.24344
ITSN2	0.746168
IVD	4.125457
IVNS1ABP	2.210772
IWS1	5.225072
IYD	2.803857
IZUMO1	0.93716
IZUMO1R	8.638189
IZUMO2	0.516658
IZUMO3	3.353004
IZUMO4	4.692863
JADE1	8.826844
JADE2	9.153291
JADE3	10.511625
JAG1	4.994991
JAG2	11.18568
JAGN1	5.493328
JAK1	11.021737
JAK2	7.665343
JAK3	5.019097
JAKMIP1	8.45694
JAKMIP2	5.776915
JAKMIP3	8.803846
JAM2	4.141745
JAM3	6.013041
JAML	10.144476
JARID2	8.312245
JAZF1	8.303974
JCAD	7.311744
JCHAIN	11.016691
JDP2	9.068238
JHY	7.293354
JKAMP	5.497174
JMJD1C	7.707847
JMJD4	0.785752
JMJD6	3.441448
JMJD7	10.085371
JMJD8	10.929882
JMY	12.036708
JOSD1	9.40969
JOSD2	5.461845
JPH1	4.639473
JPH2	7.527578
JPH3	10.519832
JPH4	6.105448
JPT1	8.758133
JPT2	5.822132
JRK	6.483048
JRKL	3.153351
JSRP1	4.415882
JTB	8.072443
JUNB	2.286048
JUND	10.528479
JUP	7.039178
KALRN	11.234218
KANK1	9.788447
KANK2	8.44941
KANK3	9.227985
KANK4	3.754905
KANSL1	8.23735
KANSL1L	4.29319
KANSL2	1.327814
KANSL3	9.88901
KARS	2.97179
KAT14	3.298824
KAT2A	0.358523
KAT2B	10.358451
KAT5	11.613159
KAT6A	9.137684
KAT6B	7.715464
KAT7	10.459607
KAT8	1.393675
KATNA1	9.964008
KATNAL1	9.930854
KATNAL2	5.454415
KATNB1	4.646427
KATNBL1	2.49598
KAZALD1	8.965485
KAZN	2.607685
KBTBD11	3.2813
KBTBD12	11.944967
KBTBD13	3.888145
KBTBD2	4.200061
KBTBD3	1.214957
KBTBD4	7.63264
KBTBD6	8.913081
KBTBD7	5.897398
KBTBD8	11.075561
KCMF1	11.482534
KCNA1	8.473743
KCNA2	1.429586
KCNA3	8.64534
KCNA5	10.233561
KCNA6	3.285843
KCNA7	1.569036
KCNAB1	3.358172
KCNAB2	12.146652
KCNAB3	7.178413
KCNB1	1.711823
KCNB2	2.117685
KCNC1	9.484663
KCNC2	0.884683
KCNC4	1.18646
KCND1	2.806221
KCND2	5.116135
KCND3	1.850649
KCNE3	2.581194
KCNE4	9.549219
KCNF1	5.005043
KCNG1	10.093602
KCNG2	7.115975
KCNG3	4.237801
KCNG4	2.665452
KCNH1	6.113402
KCNH2	9.734808
KCNH3	2.847799
KCNH4	9.328771
KCNH5	1.017865
KCNH6	11.498084
KCNH7	2.492241
KCNH8	0.920403
KCNIP1	1.222603
KCNIP2	11.657147
KCNIP3	10.802952
KCNIP4	8.724712
KCNJ1	6.454943
KCNJ11	1.174704
KCNJ13	4.168082
KCNJ14	10.263693
KCNJ15	10.007145
KCNJ16	5.907283
KCNJ2	5.055846
KCNJ3	6.422715
KCNJ4	3.881762
KCNJ5	11.166978
KCNJ6	3.131884
KCNJ8	8.316383
KCNJ9	2.06712
KCNK1	5.689365
KCNK10	7.111276
KCNK12	7.755512
KCNK13	6.135881
KCNK15	3.043829
KCNK17	5.152412
KCNK18	0.58508
KCNK2	2.362612
KCNK3	1.852042
KCNK4	11.074411
KCNK5	0.397376
KCNK6	5.128265
KCNK7	4.231053
KCNK9	6.390542
KCNMA1	8.491405
KCNMB1	7.003285
KCNMB3	11.113316
KCNMB4	3.90762
KCNN1	6.83051
KCNN2	3.477557
KCNN3	2.053218
KCNN4	0.918684
KCNQ1	1.691541
KCNQ2	1.456086
KCNQ3	0.454109
KCNQ4	7.457398
KCNQ5	7.036997
KCNRG	10.182928
KCNS1	2.245175
KCNS2	3.916317
KCNS3	1.041713
KCNT1	4.815
KCNT2	6.443288
KCNU1	5.463831
KCNV1	5.521313
KCNV2	6.438585
KCP	4.950662
KCTD10	5.350546
KCTD11	1.866515
KCTD13	2.431375
KCTD14	7.339214
KCTD15	0.293634
KCTD16	9.520493
KCTD17	9.944702
KCTD18	11.496294
KCTD19	11.507868
KCTD2	7.772604
KCTD20	0.874879
KCTD21	6.684958
KCTD3	5.0712
KCTD4	1.702462
KCTD5	11.21475
KCTD6	11.348553
KCTD7	2.711575
KCTD8	2.235564
KCTD9	2.042303
KDELR1	6.817889
KDELR2	2.152879
KDELR3	7.531559
KDF1	7.037592
KDM1A	3.874397
KDM1B	1.16752
KDM2A	11.107842
KDM2B	3.851755
KDM3A	2.287484
KDM3B	1.548638
KDM4B	11.197353
KDM4C	5.046924
KDM4D	6.526692
KDM5A	11.961987
KDM5B	4.182977
KDM5C	5.121118
KDM6A	10.3459
KDM6B	6.308421
KDM7A	10.82009
KDM8	8.666886
KDR	2.098613
KDSR	10.464867
KEAP1	3.38457
KEL	3.797341
KERA	11.959412
KHDC1L	2.801915
KHDC3L	0.668294
KHDC4	7.358874
KHDRBS1	7.269329
KHDRBS2	0.46169
KHDRBS3	6.531228
KHK	5.006032
KHNYN	11.338478
KHSRP	11.810758
KIAA0040	5.937681
KIAA0100	7.304156
KIAA0232	5.236723
KIAA0319	0.509132
KIAA0319L	9.205286
KIAA0355	5.050392
KIAA0408	7.799905
KIAA0513	11.188617
KIAA0556	10.664528
KIAA0586	3.537464
KIAA0753	3.830569
KIAA0895	5.252367
KIAA0895L	10.661867
KIAA0930	8.142384
KIAA1109	10.96803
KIAA1143	1.694222
KIAA1147	7.452305
KIAA1191	5.073462
KIAA1210	1.818809
KIAA1211	6.113714
KIAA1211L	2.29022
KIAA1217	3.673799
KIAA1324	5.672394
KIAA1324L	10.730281
KIAA1328	6.438625
KIAA1522	2.43528
KIAA1549	8.542377
KIAA1549L	7.757933
KIAA1586	4.228246
KIAA1614	5.229102
KIAA1671	8.897404
KIAA1755	5.779244
KIAA1841	9.24972
KIAA1958	2.666323
KIAA2012	6.362875
KIAA2013	2.116011
KIAA2026	11.227651
KIDINS220	11.215739
KIF11	8.242968
KIF12	5.99536
KIF13A	4.336477
KIF13B	8.852281
KIF14	2.240822
KIF15	12.097351
KIF16B	11.831892
KIF17	1.008464
KIF18A	8.754675
KIF18B	0.750484
KIF19	2.172567
KIF1A	1.411634
KIF1B	8.967077
KIF1BP	1.150561
KIF1C	1.968354
KIF20A	4.976261
KIF20B	11.618684
KIF21A	0.735755
KIF21B	1.092325
KIF22	5.243903
KIF24	0.845421
KIF25	3.756713
KIF26A	3.745082
KIF26B	4.369235
KIF27	9.671577
KIF2A	5.988957
KIF2C	1.795979
KIF3A	2.258592
KIF3B	8.5083
KIF3C	0.28263
KIF4A	7.8739
KIF4B	2.96511
KIF5A	11.643518
KIF5B	8.305436
KIF5C	6.634346
KIF6	11.285232
KIF7	10.216126
KIF9	10.84463
KIFAP3	3.204064
KIFC1	1.809281
KIFC2	0.91744
KIFC3	7.584039
KIN	0.643104
KIRREL1	8.973653
KIRREL2	11.463714
KIRREL3	1.353484
KISS1	5.020392
KISS1R	3.097776
KIT	7.181772
KITLG	0.321982
KIZ	10.918495
KL	8.320713
KLB	11.512424
KLC2	3.670464
KLC3	1.072938
KLC4	0.61835
KLF1	12.135257
KLF10	8.330041
KLF11	0.37307
KLF12	5.020297
KLF14	1.458483
KLF15	11.185471
KLF3	6.947962
KLF4	0.679904
KLF5	2.554798
KLF6	8.011127
KLF7	8.783987
KLF8	8.089797
KLF9	5.127499
KLHDC1	6.801456
KLHDC10	10.081847
KLHDC2	1.45162
KLHDC3	2.184331
KLHDC4	11.063148
KLHDC7A	7.220891
KLHDC8A	0.306662
KLHDC8B	6.956882
KLHDC9	8.676432
KLHL1	8.805793
KLHL10	9.638453
KLHL11	2.443714
KLHL13	3.411463
KLHL14	1.278437
KLHL15	2.280515
KLHL17	11.69802
KLHL18	9.604546
KLHL2	7.44282
KLHL20	11.846318
KLHL21	9.319547
KLHL22	2.809979
KLHL23	2.162298
KLHL24	10.698671
KLHL25	5.290178
KLHL26	4.040159
KLHL28	7.31746
KLHL29	1.660833
KLHL3	7.338071
KLHL30	8.644943
KLHL31	1.736082
KLHL32	7.346479
KLHL33	7.366522
KLHL34	11.072889
KLHL35	6.922981
KLHL36	0.568269
KLHL38	7.941696
KLHL4	2.794939
KLHL40	4.417919
KLHL41	3.957914
KLHL42	8.046493
KLHL5	1.120042
KLHL6	8.201157
KLHL7	3.038265
KLHL8	0.520673
KLHL9	11.810116
KLK1	7.58022
KLK10	6.639361
KLK14	9.677195
KLK15	10.68997
KLK3	3.305765
KLK4	2.642933
KLK5	1.770485
KLK6	6.083067
KLK7	11.689522
KLK8	1.084726
KLKB1	6.54814
KLRB1	10.875994
KLRC1	11.045142
KLRD1	6.580271
KLRF1	10.979758
KLRF2	3.488417
KLRG1	0.944026
KLRG2	4.647108
KLRK1	6.083221
KMO	10.989295
KMT2B	4.437124
KMT2C	6.353883
KMT2D	11.949911
KMT2E	5.759367
KMT5A	9.564509
KMT5B	9.736323
KMT5C	12.23104
KNCN	2.020867
KNDC1	5.823837
KNG1	5.023695
KNL1	5.23434
KNOP1	3.732911
KNSTRN	6.319688
KNTC1	9.150334
KPNA1	12.011115
KPNA2	1.580576
KPNA3	2.72972
KPNA4	5.681555
KPNA5	3.721046
KPNA6	5.197528
KPNA7	9.503141
KPNB1	5.409809
KPTN	2.087061
KRAS	8.996908
KRBA1	8.142714
KRBA2	1.220462
KRBOX4	0.548022
KRCC1	1.678774
KREMEN1	9.197874
KREMEN2	11.722858
KRI1	3.476524
KRR1	12.157756
KRT1	6.447103
KRT10	0.624806
KRT12	7.265381
KRT14	9.884868
KRT16	2.827423
KRT17	4.422669
KRT19	7.55102
KRT2	6.477167
KRT20	0.46356
KRT23	3.718939
KRT24	4.039432
KRT27	7.723393
KRT3	3.313784
KRT32	10.498591
KRT33A	1.06799
KRT33B	11.298906
KRT34	7.421087
KRT37	11.112641
KRT39	5.016272
KRT40	10.726157
KRT5	2.058522
KRT6A	9.361078
KRT7	3.570325
KRT75	5.894048
KRT77	8.937915
KRT80	7.338584
KRT82	9.938516
KRT84	11.432458
KRT85	11.821564
KRT86	9.360323
KRTAP5-10	10.226736
KRTAP5-3	9.69662
KRTAP7-1	1.32169
KRTAP9-1	0.409105
KRTCAP2	7.01114
KRTCAP3	7.521767
KSR1	10.748912
KSR2	3.102718
KTN1	5.464288
KY	6.06345
KYAT3	1.858458
KYNU	7.373633
L1CAM	9.374925
L1TD1	8.884998
L2HGDH	0.969623
L3HYPDH	3.36574
L3MBTL2	1.068108
L3MBTL3	6.688117
L3MBTL4	7.813245
LACTB	5.224878
LACTB2	9.759646
LACTBL1	9.141791
LAD1	3.406436
LAG3	1.309957
LAGE3	5.883037
LAIR1	1.258588
LAIR2	6.075402
LALBA	4.473242
LAMA1	8.035471
LAMA2	3.001773
LAMA3	5.376541
LAMA4	1.015829
LAMA5	8.945069
LAMB1	6.307999
LAMB2	0.878044
LAMB3	5.199065
LAMB4	2.67364
LAMC1	1.712127
LAMC2	4.855793
LAMC3	9.286876
LAMP1	0.890395
LAMP2	3.046132
LAMP3	3.974325
LAMP5	2.822293
LAMTOR1	5.387818
LAMTOR2	1.312121
LAMTOR3	9.472376
LAMTOR4	11.709428
LAMTOR5	4.838123
LANCL1	8.949571
LANCL2	3.255175
LANCL3	5.653583
LAP3	6.794231
LAPTM4A	11.198536
LAPTM4B	0.977412
LAPTM5	6.694289
LARGE1	4.146054
LARGE2	4.7696
LARP1	4.498606
LARP1B	0.297519
LARP4	7.359399
LARP4B	10.727536
LARP6	10.833603
LARP7	2.966707
LARS	5.903706
LARS2	5.612728
LAS1L	4.881787
LASP1	7.780637
LAT	6.804968
LAT2	6.864565
LATS1	4.222799
LATS2	3.109344
LAX1	8.49869
LAYN	2.046301
LBH	7.812779
LBHD1	5.348775
LBHD2	9.061752
LBR	7.46568
LBX1	0.559329
LBX2	11.437967
LCA5	10.504143
LCA5L	0.546144
LCAT	7.639523
LCK	6.95189
LCLAT1	2.217432
LCMT1	2.554947
LCN12	1.568135
LCN15	8.210646
LCN2	1.392563
LCN8	4.547539
LCN9	5.749038
LCOR	4.676074
LCP1	0.988434
LCP2	7.689503
LCT	5.965899
LCTL	4.974918
LDAH	9.095874
LDB1	1.258595
LDB2	5.067707
LDB3	6.021664
LDHAL6A	1.031778
LDHB	4.062887
LDHC	11.526341
LDHD	0.97288
LDLR	6.285546
LDLRAD2	2.743613
LDLRAD3	11.211238
LDLRAD4	8.581052
LDOC1	3.506283
LEAP2	8.553105
LEF1	1.830053
LEMD1	7.823364
LEMD2	3.299586
LEMD3	3.73446
LENEP	9.027353
LENG1	11.909987
LENG8	4.956013
LENG9	5.641881
LEO1	5.326029
LEPR	4.510826
LEPROT	4.939169
LEPROTL1	8.718176
LETM2	5.630656
LETMD1	5.381094
LEUTX	3.137821
LEXM	5.099452
LFNG	5.251925
LGALS12	1.295658
LGALS13	8.530423
LGALS14	10.827241
LGALS2	2.696025
LGALS3	11.727241
LGALS3BP	5.87708
LGALS4	9.663857
LGALS8	0.792734
LGALSL	6.460358
LGI1	8.653297
LGI2	9.863778
LGI3	4.914061
LGI4	3.790538
LGMN	2.095532
LGR4	8.503412
LGR5	5.010878
LGR6	9.102808
LGSN	7.196438
LHB	5.385279
LHFPL1	8.194275
LHFPL2	7.997987
LHFPL3	3.782514
LHFPL4	4.809978
LHFPL5	11.427436
LHFPL6	6.845978
LHPP	11.01121
LHX1	10.38438
LHX2	3.142427
LHX3	4.893588
LHX4	9.609213
LHX5	9.089452
LHX6	2.468095
LHX8	10.312062
LHX9	3.746746
LIAS	2.402544
LIF	1.690416
LIFR	7.657164
LIG1	1.752928
LIG3	10.235811
LIG4	7.579264
LILRA4	9.450699
LILRA5	11.408876
LILRB4	2.802466
LILRB5	8.858786
LIMA1	12.160048
LIMCH1	5.626945
LIMD1	8.222402
LIMD2	6.438761
LIMK1	9.144014
LIMK2	6.19027
LIMS2	7.769634
LIN28A	7.733784
LIN28B	0.800474
LIN37	8.719987
LIN52	10.864382
LIN54	6.331336
LIN7A	3.743259
LIN7B	10.378063
LIN7C	0.435548
LIN9	7.375362
LINC00514	3.199656
LINC00672	3.421627
LINGO1	10.955713
LINGO2	3.686816
LINGO3	8.22802
LINGO4	9.696483
LINS1	9.742805
LIPA	5.057419
LIPC	6.775906
LIPE	5.339072
LIPG	9.740997
LIPH	2.567918
LIPI	3.487781
LIPJ	2.623782
LIPK	3.776192
LIPM	9.745615
LIPN	11.447249
LIPT1	7.032604
LIPT2	10.359059
LITAF	2.935137
LITAFD	8.43229
LIX1	0.617121
LIX1L	9.121491
LKAAEAR1	7.115476
LLGL1	6.572139
LLGL2	11.883206
LLPH	9.68382
LMAN1	7.075457
LMAN1L	5.175933
LMAN2	1.450377
LMAN2L	3.689734
LMBR1	8.968101
LMBR1L	2.523956
LMBRD1	4.35076
LMBRD2	6.695047
LMCD1	1.771189
LMF1	10.707687
LMF2	11.741317
LMLN	11.944076
LMLN2	2.633082
LMNA	3.844573
LMNB1	6.631675
LMNB2	9.123524
LMNTD1	10.602015
LMNTD2	9.97671
LMO1	9.920097
LMO2	10.219546
LMO3	4.575948
LMO4	0.435749
LMO7	10.428413
LMOD1	6.724994
LMOD2	3.802541
LMOD3	7.982976
LMTK2	11.416927
LMTK3	4.055512
LMX1A	2.864202
LMX1B	4.811843
LNP1	10.004606
LNPEP	9.85502
LNPK	11.707638
LNX1	1.593205
LNX2	10.781286
LONP1	5.858124
LONP2	5.384733
LONRF2	4.400142
LONRF3	1.645467
LOX	10.733713
LOXHD1	8.666934
LOXL1	10.568239
LOXL2	4.229034
LOXL3	6.860885
LOXL4	4.482991
LPAR1	3.587965
LPAR2	10.09452
LPAR3	11.813019
LPAR4	9.954402
LPAR6	1.820712
LPCAT1	8.214695
LPCAT2	11.315505
LPCAT3	3.590943
LPCAT4	10.768761
LPGAT1	1.872539
LPIN1	10.682035
LPIN2	6.121657
LPIN3	9.197292
LPL	3.247275
LPO	6.662727
LPP	1.254521
LPXN	6.476481
LRAT	2.614465
LRATD1	5.900553
LRATD2	11.417953
LRBA	9.25662
LRCH1	10.177623
LRCH2	11.652706
LRCH3	2.108996
LRCH4	3.372268
LRCOL1	11.720628
LRFN1	2.326367
LRFN2	2.09496
LRFN3	0.840943
LRFN4	4.471745
LRFN5	7.815352
LRG1	8.051684
LRGUK	11.402171
LRIF1	3.051298
LRIG1	3.040393
LRIG2	7.42001
LRIG3	9.192859
LRIT2	9.132569
LRIT3	10.143342
LRMDA	10.774465
LRP1	2.545721
LRP10	8.03195
LRP11	3.266115
LRP12	5.708409
LRP1B	3.194139
LRP2	8.527359
LRP2BP	1.025788
LRP3	0.872905
LRP4	6.902286
LRP6	2.304871
LRP8	12.197315
LRPAP1	7.59071
LRR1	1.543309
LRRC1	7.596216
LRRC10B	1.394396
LRRC14	9.834117
LRRC14B	5.293269
LRRC15	10.225806
LRRC17	4.204515
LRRC18	2.929156
LRRC19	5.980235
LRRC2	3.141968
LRRC20	6.963833
LRRC23	12.160439
LRRC24	5.758781
LRRC25	3.715314
LRRC26	3.391874
LRRC27	1.858924
LRRC28	0.561597
LRRC29	9.515744
LRRC3	3.303843
LRRC30	10.967161
LRRC31	1.538825
LRRC32	4.614893
LRRC34	3.082397
LRRC36	8.24214
LRRC38	11.100828
LRRC39	9.84397
LRRC3B	4.76226
LRRC3C	7.837324
LRRC4	10.949533
LRRC40	5.275795
LRRC41	8.454941
LRRC42	2.239077
LRRC43	4.313686
LRRC45	8.568443
LRRC46	3.35461
LRRC47	4.983804
LRRC49	10.776374
LRRC4B	8.764878
LRRC4C	9.416243
LRRC52	8.743309
LRRC53	9.917622
LRRC55	3.630006
LRRC56	3.897068
LRRC58	0.907264
LRRC59	2.673701
LRRC6	3.244641
LRRC61	4.546265
LRRC63	6.153949
LRRC66	3.19759
LRRC7	10.11091
LRRC71	1.530758
LRRC72	2.19408
LRRC73	9.817164
LRRC74A	8.827164
LRRC75A	7.067069
LRRC75B	6.930466
LRRC8A	2.850524
LRRC8B	8.715726
LRRC8C	9.523061
LRRC8E	7.204542
LRRC9	2.597683
LRRCC1	1.688964
LRRD1	7.956438
LRRFIP2	6.551489
LRRIQ1	1.090287
LRRIQ3	5.249715
LRRIQ4	9.440283
LRRK1	6.592022
LRRK2	7.576289
LRRN1	8.542688
LRRN2	9.895225
LRRN4	6.138767
LRRN4CL	11.94602
LRRTM1	1.177656
LRRTM2	7.502586
LRRTM3	7.768766
LRRTM4	10.25299
LRSAM1	2.965541
LRTM1	0.559076
LRTM2	5.026293
LRWD1	7.308246
LSAMP	9.878526
LSG1	8.725964
LSM1	2.140026
LSM10	0.754707
LSM11	10.456329
LSM12	7.307414
LSM14A	2.12457
LSM14B	3.339724
LSM2	1.753196
LSM3	10.732544
LSM6	4.946505
LSM7	11.98464
LSM8	11.858672
LSMEM1	2.908
LSMEM2	5.81627
LSP1	8.605136
LSR	9.30005
LSS	8.151147
LST1	3.107255
LTA	11.809874
LTA4H	3.703205
LTB	2.036721
LTB4R2	5.30353
LTBP1	2.398414
LTBP2	10.310263
LTBP3	8.242051
LTBP4	11.099026
LTC4S	3.982061
LTF	8.357472
LTK	8.336738
LTN1	9.709673
LTO1	8.599494
LUC7L	11.20635
LUC7L3	2.401673
LUM	1.522581
LURAP1	10.793985
LURAP1L	7.700173
LUZP1	4.618022
LUZP2	7.342644
LVRN	6.73634
LXN	0.511345
LY6D	7.639167
LY6E	3.295572
LY6G5C	1.283756
LY6G6C	11.647997
LY6H	11.101057
LY6K	9.163875
LY6L	9.654763
LY86	9.496528
LY9	12.048828
LY96	10.014271
LYAR	5.273605
LYL1	10.740872
LYN	9.746663
LYNX1	4.824456
LYNX1-SLURP2	7.767397
LYPD1	6.359418
LYPD2	11.903838
LYPD3	8.06891
LYPD5	8.301806
LYPD6	2.124533
LYPD6B	5.10051
LYPD8	7.771452
LYPLA1	1.266289
LYPLA2	9.080578
LYPLAL1	7.533738
LYRM1	1.184076
LYRM2	2.976651
LYRM4	6.833251
LYRM7	9.526642
LYSMD1	9.48858
LYSMD2	4.510967
LYSMD3	6.356438
LYSMD4	8.025396
LYST	9.432234
LYVE1	6.784356
LYZ	5.782574
LYZL4	3.353509
LZIC	10.164236
LZTFL1	10.781595
LZTR1	0.856755
LZTS1	0.753545
LZTS2	6.302949
LZTS3	10.113341
M1AP	7.144711
M6PR	1.210525
MAB21L1	1.217045
MAB21L2	6.27177
MAB21L3	1.137012
MAB21L4	11.600333
MACC1	9.724814
MACF1	7.121377
MACO1	5.941313
MACROD1	0.329526
MACROD2	5.555832
MAD1L1	4.341036
MAD2L1	8.115958
MAD2L1BP	6.467933
MAD2L2	9.569977
MADCAM1	9.289554
MADD	2.529284
MAEA	2.398323
MAEL	5.9969
MAF1	11.689352
MAFB	7.104022
MAFF	6.457805
MAFG	2.896704
MAFK	10.977553
MAG	9.541727
MAGEA11	10.579838
MAGEC3	4.491708
MAGED1	7.75114
MAGED2	9.488608
MAGEE1	10.369444
MAGEE2	3.912427
MAGEF1	1.016641
MAGEL2	9.424413
MAGI1	7.669285
MAGI2	9.003476
MAGI3	10.118992
MAGIX	5.251879
MAGOH	6.136287
MAGOHB	11.122858
MAGT1	10.74633
MAIP1	1.335114
MAJIN	2.022899
MAK	7.732603
MAK16	3.33873
MAL	6.250879
MAL2	8.144136
MALL	2.536052
MALRD1	4.592771
MALSU1	4.755301
MALT1	7.199309
MAMDC2	7.702386
MAMDC4	5.539257
MAML1	0.317523
MAML2	1.037317
MAML3	12.215683
MAMLD1	9.742385
MAMSTR	10.083403
MAN1A1	9.090497
MAN1A2	6.246251
MAN1B1	10.831015
MAN1C1	7.346624
MAN2A1	1.514369
MAN2A2	0.792641
MAN2B1	11.073335
MAN2B2	3.887197
MAN2C1	11.840632
MANBA	4.016417
MANBAL	0.479888
MANEA	5.730381
MANEAL	5.240262
MANF	5.196106
MANSC1	0.530801
MANSC4	6.290194
MAOA	5.75418
MAOB	6.790994
MAP10	5.34978
MAP11	12.065636
MAP1A	11.798718
MAP1B	5.364939
MAP1LC3A	1.133678
MAP1LC3B	5.715378
MAP1S	9.907552
MAP2	3.292112
MAP2K1	7.550541
MAP2K2	11.052212
MAP2K3	0.826098
MAP2K4	3.600781
MAP2K5	9.471166
MAP2K6	3.762371
MAP2K7	6.737418
MAP3K1	4.898149
MAP3K10	1.416991
MAP3K11	8.11049
MAP3K12	4.150914
MAP3K13	8.563432
MAP3K14	3.993145
MAP3K15	2.445832
MAP3K19	4.045243
MAP3K2	9.179523
MAP3K20	4.000297
MAP3K21	0.443235
MAP3K3	11.91246
MAP3K4	11.857196
MAP3K5	8.990729
MAP3K6	2.078136
MAP3K7	2.520964
MAP3K7CL	5.170672
MAP3K9	9.610359
MAP4K2	8.302116
MAP4K3	9.685325
MAP4K4	10.789208
MAP4K5	5.098705
MAP6	0.886248
MAP6D1	3.919386
MAP7	4.025068
MAP7D1	0.266253
MAP7D3	10.105296
MAP9	4.116103
MAPK1	7.203522
MAPK10	11.907863
MAPK11	10.670333
MAPK12	8.316214
MAPK13	8.676534
MAPK14	7.958915
MAPK15	1.905936
MAPK1IP1L	0.32169
MAPK3	3.620265
MAPK4	11.006353
MAPK6	11.622344
MAPK7	5.077564
MAPK8	7.014048
MAPK8IP1	10.199391
MAPK8IP2	5.639136
MAPK8IP3	4.658934
MAPK9	7.854218
MAPKAP1	12.165801
MAPKAPK2	0.388148
MAPKAPK3	1.321967
MAPKAPK5	9.28452
MAPKBP1	10.937687
MAPRE1	6.787187
MAPRE2	12.112704
MAPRE3	11.61554
MARCH1	4.620826
MARCH10	10.556401
MARCH11	3.612981
MARCH2	11.031677
MARCH3	1.67842
MARCH4	8.098362
MARCH5	9.751153
MARCH6	11.180692
MARCH7	8.330507
MARCH8	4.617615
MARCH9	7.435517
MARCKS	3.445086
MARCKSL1	1.463878
MARCO	1.124981
MARF1	2.80708
MARK1	6.744446
MARK2	4.718941
MARK3	0.383871
MARK4	5.61637
MARS	5.202305
MARS2	10.115999
MARVELD2	3.765578
MARVELD3	9.964942
MAS1	6.680144
MASP1	6.997122
MASP2	8.77779
MAST1	5.867277
MAST2	9.865781
MAST3	9.93822
MAST4	6.053789
MASTL	7.420228
MAT1A	7.586181
MAT2A	7.026187
MATK	8.129658
MATN1	9.267164
MATN2	9.39954
MATN3	1.929827
MAU2	2.999949
MAVS	8.806398
MAX	6.189802
MAZ	2.926786
MB	2.937997
MB21D2	10.136018
MBD1	8.149778
MBD2	6.188989
MBD4	6.154116
MBD5	1.14091
MBD6	3.166468
MBIP	0.462389
MBLAC2	10.224145
MBNL1	2.847434
MBNL2	6.630806
MBNL3	9.884541
MBOAT1	2.775252
MBOAT2	8.936944
MBP	0.793133
MBTD1	3.230438
MBTPS1	7.517703
MBTPS2	10.525319
MC1R	0.34431
MC4R	5.410999
MCAT	8.897881
MCC	7.916575
MCCC1	10.700842
MCCC2	0.89149
MCEMP1	1.039444
MCF2	10.56487
MCF2L	1.918549
MCF2L2	10.611797
MCFD2	11.107942
MCHR1	4.506956
MCHR2	8.65773
MCIDAS	3.575118
MCL1	7.628494
MCM10	11.230108
MCM2	11.438517
MCM3	7.097358
MCM3AP	8.338856
MCM4	1.768869
MCM5	11.25886
MCM6	1.219248
MCM7	12.22202
MCM9	10.178006
MCMBP	11.452581
MCMDC2	9.51157
MCOLN1	11.327938
MCOLN2	12.137905
MCOLN3	10.484588
MCPH1	10.884492
MCRIP1	6.345114
MCRIP2	10.431044
MCRS1	4.762018
MCTP1	8.237032
MCTP2	3.495603
MCTS1	9.961567
MCU	6.570836
MCUB	4.340364
MCUR1	2.804551
MDC1	11.908127
MDFI	3.34955
MDFIC	2.362942
MDFIC2	11.486836
MDGA1	7.92114
MDGA2	3.844203
MDH1	9.947746
MDH1B	1.275844
MDH2	12.047421
MDK	3.360118
MDM1	2.233473
MDM2	10.676114
MDM4	8.698545
MDN1	3.58287
MDP1	3.646942
ME1	2.762398
ME2	10.454301
ME3	10.480983
MEA1	9.000136
MEAF6	10.65884
MEAK7	6.206705
MECOM	1.869484
MECP2	3.091528
MECR	3.090974
MED1	0.689763
MED10	4.492225
MED11	5.400998
MED12	11.826113
MED12L	7.271826
MED13	0.483075
MED13L	5.884431
MED14	2.73849
MED15	4.440453
MED16	0.437711
MED17	5.669675
MED18	5.513027
MED19	6.948367
MED20	7.343286
MED21	4.78441
MED22	0.631151
MED23	6.491767
MED25	1.428013
MED27	5.639973
MED28	12.22099
MED29	8.512806
MED30	1.556048
MED31	1.882993
MED4	2.274621
MED6	2.641769
MED7	2.974549
MED8	7.251955
MED9	6.588604
MEDAG	2.629838
MEF2A	0.583742
MEF2B	9.518387
MEF2C	7.85601
MEF2D	0.80126
MEFV	8.003198
MEGF10	0.797803
MEGF11	9.717986
MEGF6	4.195209
MEGF8	3.819222
MEGF9	7.451397
MEI1	5.145777
MEI4	2.271616
MEIG1	11.593478
MEIKIN	1.01743
MEIOB	10.42103
MEIOC	8.516341
MEIS1	6.143692
MEIS2	11.373651
MEIS3	4.128654
MELK	8.439125
MELTF	2.627272
MEMO1	2.544664
MEN1	8.304918
MEOX1	11.392642
MEOX2	2.680607
MEP1A	11.691076
MEP1B	2.39003
MEPCE	5.843547
MEPE	10.047866
MERTK	11.322764
MESD	9.081026
MESP1	5.444424
MESP2	11.584392
MEST	9.817566
MET	11.053776
METAP1	5.309735
METAP1D	4.955978
METAP2	11.717734
METRN	6.671664
METRNL	5.511247
METTL1	3.705184
METTL14	7.289405
METTL15	0.788395
METTL16	12.216272
METTL17	7.838367
METTL18	8.576958
METTL21A	4.86547
METTL21C	6.163603
METTL22	12.052943
METTL23	3.984699
METTL24	6.779062
METTL25	6.844631
METTL26	10.248561
METTL2A	0.326665
METTL3	12.233386
METTL4	4.471269
METTL5	1.381087
METTL6	0.588653
METTL7A	3.625077
METTL7B	4.886955
METTL8	0.714604
METTL9	3.48242
MEX3A	0.524101
MEX3B	10.702219
MEX3C	4.127538
MEX3D	9.372359
MFAP1	11.378575
MFAP2	2.273515
MFAP3	8.826923
MFAP3L	2.647969
MFAP4	2.086678
MFAP5	12.139273
MFF	0.51951
MFGE8	11.719555
MFHAS1	4.364293
MFN1	8.015092
MFN2	10.693637
MFNG	6.25977
MFRP	2.011974
MFSD1	4.947688
MFSD11	1.847884
MFSD12	2.945626
MFSD13A	2.075944
MFSD14B	3.181991
MFSD2A	2.038455
MFSD2B	12.056207
MFSD3	9.098676
MFSD4A	9.087755
MFSD4B	10.892793
MFSD5	6.178709
MFSD6	7.913602
MFSD8	1.167501
MFSD9	2.517796
MGA	10.802052
MGAM	2.924846
MGAM2	9.838816
MGARP	3.390964
MGAT1	8.398459
MGAT3	3.605463
MGAT4A	3.834483
MGAT4B	0.633475
MGAT4C	8.177676
MGAT4D	3.051968
MGAT5	6.931249
MGAT5B	6.848776
MGLL	2.223175
MGME1	0.811269
MGMT	7.653984
MGP	2.877093
MGRN1	4.609394
MGST1	9.568215
MGST2	7.79513
MGST3	5.874203
MIA-RAB4B	4.852733
MIA3	6.420941
MIB1	7.65071
MIB2	4.379727
MICAL1	12.11678
MICAL2	11.469732
MICAL3	11.798513
MICALL1	9.884771
MICALL2	8.282639
MICOS13	12.136109
MICU1	5.414995
MICU2	8.752656
MICU3	5.44176
MID1	1.860661
MID2	6.985136
MIDN	3.022634
MIEF1	4.711034
MIEF2	3.476377
MIEN1	8.517925
MIER1	2.16298
MIER2	2.029156
MIER3	7.096957
MIF	3.593408
MIF4GD	8.899429
MIGA1	10.877556
MIGA2	0.839363
MIIP	4.477133
MILR1	1.67777
MINAR1	6.299046
MINAR2	5.693408
MINDY1	7.694031
MINDY2	2.276707
MINDY3	2.108098
MINDY4	7.045722
MINDY4B	4.465464
MINK1	7.995078
MINPP1	6.084108
MIOS	9.924863
MIOX	9.799196
MIP	8.396223
MIPEP	12.05799
MIPOL1	6.542184
MIR1-1	7.458723
MIR1-2	3.905047
MIR100	7.678516
MIR101-1	7.334439
MIR103A1	8.941821
MIR103A2	6.630283
MIR105-1	10.995794
MIR105-2	12.088395
MIR106B	5.022797
MIR107	1.638605
MIR1179	5.002369
MIR1180	5.797989
MIR1185-1	2.387939
MIR1204	5.397446
MIR1208	9.860165
MIR124-1	3.887396
MIR124-2	11.740958
MIR124-3	1.170114
MIR1251	6.067524
MIR1253	0.361805
MIR1255A	4.888962
MIR125B1	11.020798
MIR125B2	5.907657
MIR126	5.259194
MIR1260B	2.738471
MIR127	3.121056
MIR128-1	6.127792
MIR128-2	2.314696
MIR1282	4.845931
MIR1288	3.718449
MIR129-1	7.916466
MIR129-2	1.235085
MIR1296	9.456135
MIR1301	7.389602
MIR1307	2.377802
MIR130A	5.633806
MIR132	8.885567
MIR133A1	8.06621
MIR133A2	8.485698
MIR134	1.101205
MIR135A1	12.078675
MIR135A2	0.39988
MIR136	2.43492
MIR137	4.670262
MIR138-1	5.305079
MIR138-2	3.128807
MIR139	5.462306
MIR140	10.372494
MIR143	5.009614
MIR145	2.996247
MIR1469	10.395052
MIR146B	11.711952
MIR148B	2.809372
MIR151A	11.727263
MIR152	8.431226
MIR153-1	9.764675
MIR153-2	3.593892
MIR154	4.741214
MIR155	8.958171
MIR15A	4.951737
MIR17	11.256053
MIR181A1	10.236723
MIR181A2	4.868253
MIR181B1	2.573901
MIR181B2	9.0632
MIR181C	0.426705
MIR185	4.795347
MIR186	1.210435
MIR187	0.564312
MIR188	5.005924
MIR18A	2.363678
MIR190A	3.575821
MIR191	10.446
MIR1912	3.921074
MIR1915HG	5.56429
MIR193A	6.348917
MIR193B	5.717219
MIR195	0.788815
MIR197	1.93707
MIR199A1	7.450588
MIR199A2	2.352479
MIR19A	10.507296
MIR204	1.540764
MIR21	7.450427
MIR2113	9.327261
MIR212	8.15788
MIR214	3.502046
MIR218-1	9.164298
MIR218-2	2.250389
MIR219A2	5.859159
MIR221	0.340017
MIR222	8.071849
MIR223	7.419285
MIR224	9.384145
MIR23A	5.975993
MIR23B	9.765901
MIR25	5.199597
MIR26A1	6.889194
MIR26A2	4.625862
MIR26B	1.069351
MIR27A	9.965131
MIR27B	7.389861
MIR298	5.967623
MIR299	8.933836
MIR29A	10.40604
MIR29B1	6.67962
MIR29B2	8.264735
MIR29C	10.522066
MIR301A	7.980472
MIR301B	9.042254
MIR3064	8.07498
MIR3074	9.95867
MIR30A	8.757447
MIR30B	8.34784
MIR30C1	8.654052
MIR30C2	5.615801
MIR30D	1.908588
MIR30E	7.556017
MIR31	4.410545
MIR3187	5.807014
MIR32	3.8878
MIR3200	0.872673
MIR320A	4.184575
MIR320E	7.813015
MIR323A	5.611643
MIR323B	9.253826
MIR324	4.463225
MIR326	3.146065
MIR330	10.012471
MIR331	11.1059
MIR335	1.883426
MIR337	7.866395
MIR339	5.212661
MIR33A	4.72682
MIR33B	7.785991
MIR340	0.37698
MIR342	3.129102
MIR345	10.439366
MIR346	7.632842
MIR34A	5.064957
MIR361	9.870657
MIR365A	0.873236
MIR365B	6.101628
MIR3661	6.900098
MIR3666	11.162273
MIR369	7.71131
MIR370	5.148523
MIR374A	8.017203
MIR374B	3.59693
MIR377	12.108109
MIR378A	5.087665
MIR378B	6.156852
MIR378D2	4.901479
MIR381	11.616741
MIR382	10.611804
MIR3926-2	9.459527
MIR409	8.1294
MIR410	3.535988
MIR411	9.424267
MIR412	9.88968
MIR421	4.422338
MIR424	2.937449
MIR425	1.664388
MIR431	5.092424
MIR432	7.503317
MIR433	2.605528
MIR4504	11.367019
MIR454	4.203335
MIR455	1.061066
MIR4657	1.884889
MIR4677	1.851884
MIR4743	11.220604
MIR4785	5.181386
MIR484	7.952213
MIR485	1.852221
MIR486-1	4.386385
MIR487B	7.050763
MIR488	9.818946
MIR490	10.38235
MIR491	9.653774
MIR494	7.982086
MIR495	4.015097
MIR496	1.246073
MIR497	4.206851
MIR500A	8.963203
MIR500B	9.260526
MIR502	7.763892
MIR504	0.696058
MIR5047	10.58842
MIR505	6.005296
MIR532	0.487063
MIR539	0.350088
MIR541	7.520164
MIR544A	8.246062
MIR545	10.546147
MIR548AH	4.312936
MIR548AN	0.450573
MIR548AV	7.311883
MIR548AY	7.300608
MIR548C	6.713534
MIR550B1	9.674814
MIR554	4.075454
MIR569	7.145217
MIR577	5.273928
MIR579	6.680406
MIR581	2.712835
MIR582	4.157844
MIR583	3.63848
MIR584	1.05457
MIR590	7.662091
MIR592	11.567556
MIR598	6.287431
MIR611	5.696232
MIR612	3.25579
MIR628	8.708908
MIR631	2.151656
MIR640	4.232737
MIR643	11.830943
MIR651	10.412121
MIR652	1.088705
MIR654	11.102478
MIR656	0.940735
MIR660	1.232621
MIR665	1.761617
MIR668	5.188902
MIR670	4.624099
MIR675	3.480811
MIR6812	8.231548
MIR7-1	3.579581
MIR7-3	4.174542
MIR708	1.372207
MIR744	11.304508
MIR759	3.863118
MIR760	2.765101
MIR761	8.630208
MIR767	9.604945
MIR770	8.648635
MIR873	4.35095
MIR874	0.879308
MIR876	8.615234
MIR885	5.154971
MIR887	3.584115
MIR889	2.608798
MIR9-2	1.482254
MIR9-3	2.463514
MIR940	5.452419
MIR942	1.306602
MIR95	0.904817
MIR98	2.185565
MIR99A	0.763052
MIRLET7A1	9.06145
MIRLET7A2	2.259292
MIRLET7A3	3.893988
MIRLET7C	12.00348
MIRLET7D	10.238181
MIRLET7F1	6.539847
MIRLET7F2	1.919776
MIRLET7G	5.423027
MIRLET7I	6.671359
MIS12	11.43994
MIS18A	1.383674
MIS18BP1	5.156119
MISP	1.440065
MITD1	10.065007
MITF	5.730777
MIXL1	8.765291
MKI67	7.057797
MKKS	9.008339
MKLN1	0.931547
MKNK1	2.112716
MKNK2	8.341085
MKRN1	1.734946
MKRN2	4.000202
MKRN2OS	6.104288
MKS1	12.232502
MKX	0.336467
MLANA	0.861758
MLC1	10.005506
MLEC	4.004941
MLF1	11.375054
MLF2	9.316613
MLH1	10.571191
MLH3	2.014488
MLIP	1.671064
MLKL	2.639622
MLLT1	0.423058
MLLT10	3.758109
MLLT3	10.216509
MLLT6	7.886743
MLN	0.530671
MLNR	12.018809
MLPH	6.429004
MLST8	10.820531
MLX	9.681808
MLXIP	2.857727
MLYCD	9.064159
MMAA	8.491365
MMAB	1.241716
MMACHC	8.757517
MMADHC	6.245711
MMD	1.441356
MMD2	10.759902
MME	0.960378
MMEL1	3.94258
MMGT1	8.181258
MMP1	5.082267
MMP11	11.503449
MMP13	5.687457
MMP14	1.346271
MMP15	9.446999
MMP16	5.323359
MMP17	9.373012
MMP19	0.561784
MMP2	10.236723
MMP21	7.085253
MMP23B	9.365118
MMP24	2.491827
MMP25	3.271011
MMP27	1.513663
MMP28	6.276116
MMP3	5.41815
MMP9	9.83557
MMRN1	4.516711
MMRN2	8.876688
MMS19	4.10144
MMS22L	2.071731
MMUT	9.067109
MN1	2.43722
MNAT1	5.126248
MND1	2.041807
MNDA	0.67929
MNS1	1.385802
MNT	5.753075
MOAP1	9.807813
MOB1B	11.374573
MOB2	5.330302
MOB3A	0.645735
MOB3B	4.883093
MOB3C	5.4394
MOBP	11.181682
MOCOS	8.066094
MOCS1	4.143543
MOG	11.903951
MOGAT1	0.951428
MOGAT2	4.873473
MOGAT3	6.268969
MOGS	9.092949
MOK	8.882353
MON1A	5.789495
MON1B	5.43855
MON2	5.84776
MORC1	7.389731
MORC2	10.425625
MORC3	2.660077
MORC4	10.783275
MORF4L1	8.756069
MORN1	5.616769
MORN2	3.213308
MORN3	2.705024
MORN4	10.830949
MORN5	3.553564
MOS	5.114181
MOSMO	4.838838
MOSPD2	9.943585
MOSPD3	7.472091
MOV10	4.148863
MOV10L1	3.934214
MOXD1	10.677539
MPC1	7.585277
MPC1L	4.508243
MPC2	2.215191
MPDU1	3.707564
MPDZ	11.558781
MPEG1	5.966649
MPG	0.550612
MPHOSPH10	5.019917
MPHOSPH6	0.869128
MPHOSPH8	11.006819
MPHOSPH9	7.710589
MPI	6.701281
MPIG6B	5.29363
MPL	0.951866
MPLKIP	0.388506
MPND	11.373534
MPO	6.889886
MPP1	6.754264
MPP2	11.480104
MPP3	9.372665
MPP4	0.697464
MPP5	11.538453
MPP6	11.993832
MPP7	7.801776
MPPE1	10.806443
MPPED1	6.292733
MPPED2	6.644059
MPV17	9.019476
MPV17L	3.295729
MPV17L2	9.70653
MPZ	7.630186
MPZL1	8.127124
MPZL2	5.901827
MPZL3	3.892578
MR1	3.070602
MRAP	1.990695
MRAP2	2.503187
MRAS	1.918108
MRC1	12.096425
MRE11	0.295348
MREG	9.865222
MRFAP1L1	9.545742
MRGBP	7.180347
MRGPRF	0.655259
MRI1	1.437289
MRLN	3.580569
MRM1	0.988228
MRM2	5.30889
MRM3	9.104718
MRNIP	6.904994
MRO	9.598819
MROH1	4.911432
MROH2A	3.128191
MROH2B	3.715011
MROH5	0.4494
MROH6	9.214401
MROH8	10.477012
MROH9	11.319991
MRPL1	1.504714
MRPL10	11.717695
MRPL11	5.694389
MRPL12	1.519341
MRPL13	11.712249
MRPL14	2.857311
MRPL15	8.230423
MRPL16	4.072567
MRPL17	6.354362
MRPL18	5.511716
MRPL19	4.366793
MRPL2	12.044513
MRPL20	10.270698
MRPL21	3.569256
MRPL22	6.607645
MRPL24	2.049077
MRPL27	10.389644
MRPL28	4.692463
MRPL3	11.689804
MRPL30	9.982266
MRPL32	0.387787
MRPL35	11.929607
MRPL37	6.312097
MRPL38	3.476036
MRPL39	9.861408
MRPL4	11.776216
MRPL42	6.799373
MRPL44	0.344373
MRPL46	7.216482
MRPL47	5.520553
MRPL48	6.304393
MRPL49	6.072901
MRPL50	6.255012
MRPL51	9.969296
MRPL52	10.526844
MRPL53	10.609348
MRPL54	8.31812
MRPL55	3.605719
MRPL57	8.965778
MRPL9	0.896843
MRPS10	9.409922
MRPS11	9.179315
MRPS12	1.352827
MRPS14	7.370279
MRPS15	5.602121
MRPS16	1.417269
MRPS18A	8.303666
MRPS18B	11.616172
MRPS18C	10.612773
MRPS2	4.691799
MRPS21	11.186807
MRPS23	2.010081
MRPS24	10.24652
MRPS25	5.912135
MRPS26	0.492793
MRPS27	10.831622
MRPS30	1.057828
MRPS31	8.455615
MRPS33	8.909887
MRPS34	4.739485
MRPS35	6.331283
MRPS5	9.110163
MRPS6	5.257816
MRPS7	6.29753
MRPS9	8.02379
MRRF	11.30342
MRS2	8.699563
MRTFA	2.821143
MRTFB	12.0474
MRTO4	9.99904
MRVI1	3.915121
MS4A1	4.045031
MS4A12	8.333723
MS4A13	3.878638
MS4A18	3.472796
MS4A2	1.004398
MS4A3	11.360081
MS4A4A	7.16662
MS4A6A	2.132996
MS4A8	2.304561
MSANTD1	11.166818
MSANTD2	7.419567
MSANTD3-TMEFF1	1.383422
MSANTD4	7.157196
MSC	2.614891
MSH2	1.451357
MSH3	11.876617
MSH4	11.326543
MSH6	5.286124
MSI1	9.033159
MSI2	7.469893
MSL1	7.727405
MSL2	10.488827
MSL3	9.377897
MSLN	8.125383
MSLNL	10.803487
MSMB	9.952472
MSMO1	6.482685
MSMP	8.655413
MSN	2.968581
MSR1	8.113943
MSRA	9.781543
MSRB2	3.632899
MSRB3	2.613678
MSS51	1.218046
MST1	10.642609
MST1R	8.418462
MSTN	7.11628
MSX1	10.520191
MSX2	7.308126
MT1A	1.528727
MT1G	11.778059
MT1M	9.679377
MT1X	9.252077
MT2A	3.032013
MT3	1.537583
MTA1	10.703243
MTA2	1.185196
MTA3	1.31029
MTAP	5.664809
MTBP	9.531893
MTCH1	7.972599
MTCH2	6.789439
MTCL1	1.762575
MTCP1	11.533363
MTDH	4.580099
MTERF1	6.846893
MTERF2	7.431814
MTERF3	4.555582
MTERF4	1.052153
MTF1	3.799127
MTF2	5.396042
MTFMT	5.590015
MTFP1	11.58246
MTFR1	8.754738
MTFR1L	1.661245
MTFR2	1.405661
MTG1	1.808274
MTG2	2.732229
MTHFD1L	1.801176
MTHFD2	11.784507
MTHFD2L	5.580367
MTHFR	11.165061
MTHFSD	6.055148
MTIF2	8.330138
MTIF3	4.870366
MTLN	1.915928
MTM1	10.67031
MTMR1	0.5882
MTMR10	2.23792
MTMR11	9.589911
MTMR12	4.648298
MTMR14	3.865621
MTMR2	7.431767
MTMR3	9.23722
MTMR4	10.279848
MTMR6	10.55364
MTMR7	11.172144
MTMR8	11.335706
MTMR9	11.897281
MTNR1A	2.098242
MTNR1B	4.608631
MTO1	7.883704
MTOR	10.795097
MTPAP	12.112575
MTPN	2.996499
MTR	10.040986
MTREX	3.303414
MTRF1	6.519527
MTRR	7.878952
MTSS1	5.46372
MTSS2	3.350563
MTTP	0.875522
MTURN	3.797408
MTUS1	5.955271
MTUS2	0.785873
MTX1	8.528936
MTX2	10.395157
MTX3	1.227324
MUC1	4.747731
MUC13	9.478204
MUC15	0.627617
MUC17	6.054073
MUC20	9.810265
MUC22	6.388829
MUC5B	4.202651
MUC6	11.549412
MUL1	2.369406
MUS81	3.188181
MUSK	7.777865
MUTYH	3.035534
MVB12A	2.119359
MVB12B	7.973255
MVD	3.632174
MVK	8.248169
MVP	0.697454
MX1	2.193856
MX2	3.380389
MXD1	10.912502
MXD3	11.162611
MXD4	3.978432
MXI1	5.753785
MXRA5	3.25216
MXRA8	4.905983
MYADM	4.617028
MYADML2	9.662943
MYB	3.378513
MYBBP1A	0.61245
MYBL1	9.681863
MYBL2	10.738921
MYBPC1	12.087929
MYBPC2	10.477291
MYBPC3	3.242362
MYBPH	4.375133
MYBPHL	4.4021
MYC	0.696024
MYCBP2	7.460379
MYCBPAP	10.545047
MYCL	8.104003
MYCN	0.864622
MYCT1	10.718172
MYD88	3.965282
MYDGF	6.223573
MYEF2	0.647459
MYEOV	1.985209
MYF6	0.446152
MYH1	9.992262
MYH10	8.360888
MYH11	4.549997
MYH13	8.947883
MYH14	6.038519
MYH15	7.621906
MYH3	9.756181
MYH4	5.389092
MYH6	8.087059
MYH7	2.755059
MYH7B	5.44619
MYH8	5.160452
MYH9	5.888361
MYL1	5.639252
MYL10	6.15973
MYL12A	9.509501
MYL2	4.651945
MYL3	8.829883
MYL4	10.978255
MYL5	3.977763
MYL6B	9.819009
MYL7	3.428261
MYL9	7.721086
MYLIP	9.172464
MYLK	11.149616
MYLK2	11.278071
MYLK3	3.009681
MYLK4	8.139357
MYLPF	7.947279
MYMK	5.592906
MYMX	0.422826
MYNN	5.029224
MYO10	1.273425
MYO15A	9.897979
MYO15B	1.262094
MYO16	1.357075
MYO18A	2.078645
MYO18B	4.207314
MYO19	11.944987
MYO1A	3.203944
MYO1B	2.857599
MYO1C	1.424446
MYO1D	7.293219
MYO1E	7.164865
MYO1G	11.293852
MYO3A	0.308326
MYO3B	2.842727
MYO5A	4.494178
MYO5C	11.771071
MYO6	5.152023
MYO7A	2.362253
MYO7B	0.988241
MYO9A	4.640115
MYO9B	3.073639
MYOC	3.71499
MYOCD	1.210994
MYOD1	3.935908
MYOF	6.986707
MYOG	2.609863
MYOM1	6.206597
MYOM2	1.385977
MYOM3	9.548282
MYOT	12.038319
MYOZ1	7.204186
MYOZ2	1.798729
MYOZ3	0.444498
MYPN	7.853547
MYPOP	12.020867
MYRF	0.528062
MYRFL	3.666925
MYRIP	11.891898
MYSM1	8.639467
MYT1	2.981693
MYT1L	1.287244
MZB1	7.534796
MZT1	3.705798
N4BP2	5.436074
N4BP2L1	10.710934
N4BP2L2	9.689144
N4BP3	4.599071
N6AMT1	0.614493
NAA10	10.135022
NAA15	2.819367
NAA16	12.060054
NAA20	5.335116
NAA25	9.721476
NAA30	0.316166
NAA35	8.281929
NAA38	1.873141
NAA40	7.175754
NAA50	9.000181
NAA60	11.130497
NAA80	0.424925
NAAA	8.124082
NAALAD2	2.583128
NAALADL1	9.064213
NAALADL2	5.247492
NAB1	5.720588
NAB2	9.376865
NABP1	0.596
NABP2	3.797314
NACAD	2.137893
NACC1	6.205761
NACC2	0.422363
NADK	11.449834
NADK2	0.818299
NADSYN1	6.756195
NAE1	9.46187
NAF1	7.699886
NAGA	4.004367
NAGK	3.347729
NAGLU	3.507644
NAGPA	5.103769
NAGS	6.921673
NAIF1	10.539857
NAIP	11.866358
NALCN	3.850246
NAMPT	2.048641
NANOG	8.95316
NANOS3	0.522471
NANP	4.1814
NANS	2.584434
NAP1L1	5.84395
NAP1L3	7.426613
NAP1L4	3.078376
NAP1L5	6.342027
NAPA	6.599681
NAPB	10.872106
NAPEPLD	7.634605
NAPG	2.76411
NAPRT	6.912779
NAPSA	6.625387
NARF	6.433592
NARS	2.8464
NARS2	5.696588
NASP	9.838534
NAT1	3.291235
NAT10	7.771178
NAT16	2.673787
NAT9	11.974605
NATD1	4.678027
NAV1	9.19754
NAV2	6.037685
NAV3	11.650651
NAXD	8.000138
NAXE	7.435641
NBAS	9.896688
NBDY	3.418561
NBEA	12.13504
NBEAL1	5.500477
NBEAL2	3.66796
NBL1	3.330682
NBN	9.306718
NBR1	11.879087
NCALD	2.003879
NCAM1	6.864844
NCAM2	2.676795
NCAN	1.94768
NCAPD2	3.729861
NCAPD3	11.805606
NCAPG	4.247769
NCAPG2	1.749463
NCAPH	0.858057
NCAPH2	7.049175
NCBP1	2.248968
NCBP2	8.747941
NCBP2AS2	7.792962
NCBP3	4.630089
NCCRP1	3.594718
NCDN	12.06456
NCEH1	4.121091
NCF1	0.847091
NCF2	2.673716
NCF4	10.331823
NCK1	0.396766
NCK2	3.503033
NCKAP1	4.303618
NCKAP1L	8.838622
NCKAP5	12.231836
NCKAP5L	8.024385
NCKIPSD	12.154732
NCL	10.129316
NCLN	7.89064
NCMAP	0.762126
NCOA1	9.066439
NCOA2	4.16368
NCOA3	2.262504
NCOA4	3.249139
NCOA5	7.334849
NCOA6	3.976248
NCOA7	1.067075
NCOR1	3.313857
NCOR2	3.560254
NCR1	10.608599
NCR3	11.645103
NCSTN	12.215458
ND1	3.911924
ND2	3.853221
ND3	4.934521
ND4	7.286658
ND4L	4.635329
ND5	4.554624
ND6	1.871105
NDC1	2.953952
NDC80	8.484181
NDE1	4.986298
NDEL1	6.499727
NDFIP1	1.958896
NDFIP2	3.08061
NDN	7.882515
NDNF	7.495119
NDOR1	12.171208
NDP	1.292754
NDRG1	5.766438
NDRG2	4.114335
NDRG3	3.146095
NDRG4	1.200691
NDST1	2.370049
NDST3	11.397263
NDST4	1.848245
NDUFA1	8.49285
NDUFA10	2.347907
NDUFA11	0.717827
NDUFA12	11.367505
NDUFA13	9.276151
NDUFA2	11.584158
NDUFA4L2	5.985882
NDUFA5	4.268871
NDUFA7	12.112614
NDUFA8	8.404847
NDUFA9	1.022853
NDUFAB1	1.108801
NDUFAF1	0.641668
NDUFAF2	7.401365
NDUFAF3	6.251354
NDUFAF4	6.897941
NDUFAF5	8.606963
NDUFAF6	11.141599
NDUFAF7	1.502172
NDUFAF8	11.525356
NDUFB10	0.33139
NDUFB2	3.361946
NDUFB4	11.361111
NDUFB5	6.402089
NDUFB6	11.249833
NDUFB7	0.607892
NDUFB9	5.176402
NDUFC1	7.683354
NDUFC2	5.812428
NDUFS1	7.06561
NDUFS3	6.339636
NDUFS4	4.303095
NDUFS5	1.727256
NDUFS6	9.263808
NDUFS7	1.400063
NDUFS8	11.976952
NDUFV1	9.500328
NDUFV3	2.126744
NEB	8.436006
NEBL	9.907754
NECAB1	11.170168
NECAB2	2.059938
NECAB3	7.81748
NECAP1	6.832426
NECAP2	9.447977
NECTIN1	2.058115
NECTIN2	1.177214
NECTIN3	7.684338
NEDD1	0.455118
NEDD4	1.644049
NEDD4L	11.806939
NEDD9	0.409118
NEFH	10.736464
NEFL	8.80069
NEFM	5.260034
NEGR1	6.471049
NEIL1	9.693026
NEIL2	5.599468
NEIL3	2.997528
NEK1	8.797232
NEK10	7.27386
NEK11	7.444889
NEK2	3.236082
NEK3	11.526176
NEK4	11.41921
NEK5	7.26453
NEK6	10.467157
NEK7	6.575419
NEK9	5.164857
NELFA	11.72386
NELFB	8.062016
NELFCD	2.131426
NELL1	5.055647
NELL2	0.854172
NEMF	10.851783
NEMP1	2.767881
NEMP2	10.930013
NENF	3.687282
NEO1	3.826289
NEPRO	11.637786
NES	4.411123
NET1	2.503475
NETO1	7.180037
NETO2	8.930129
NEU1	8.407207
NEU2	11.982165
NEU3	9.245951
NEU4	4.853083
NEURL1	11.689518
NEURL1B	2.793231
NEURL2	9.900297
NEURL3	10.844542
NEUROD1	11.463411
NEUROD2	3.070198
NEUROD6	2.605648
NEUROG2	1.15171
NEXMIF	0.903208
NEXN	2.433186
NF1	9.125326
NF2	6.70741
NFAM1	5.093797
NFASC	11.192493
NFAT5	5.26597
NFATC1	6.5009
NFATC2	1.082213
NFATC2IP	6.825766
NFATC3	2.516099
NFATC4	11.358015
NFE2	10.506614
NFE2L1	11.026839
NFE2L2	8.41004
NFE2L3	5.676419
NFIA	6.814998
NFIB	3.494841
NFIC	7.545762
NFIL3	3.885396
NFIX	0.790906
NFKB1	2.731443
NFKB2	10.373619
NFKBIA	8.942395
NFKBIB	8.355398
NFKBID	0.961677
NFKBIE	11.297842
NFKBIL1	8.689838
NFKBIZ	11.037644
NFRKB	1.394254
NFU1	6.003464
NFX1	1.93512
NFXL1	9.172516
NFYA	7.578848
NFYC	8.166397
NGB	0.602824
NGDN	9.646851
NGEF	11.1912
NGF	0.977316
NGFR	6.102254
NGLY1	6.981666
NHEJ1	10.168447
NHLH1	5.857921
NHLH2	3.043452
NHLRC1	10.973326
NHLRC2	9.570251
NHLRC3	9.737178
NHLRC4	1.438677
NHP2	11.531609
NHS	6.704611
NHSL1	7.417035
NHSL2	2.603584
NID1	1.189778
NID2	11.1522
NIF3L1	4.687898
NIFK	3.864309
NIM1K	11.102576
NIN	1.417058
NINJ1	1.552171
NINJ2	11.226608
NINL	7.708299
NIP7	6.562499
NIPA1	0.760952
NIPA2	6.250089
NIPAL1	8.052377
NIPAL2	8.600216
NIPAL3	8.706029
NIPAL4	1.043394
NIPBL	6.213686
NIPSNAP1	11.81128
NIPSNAP2	6.778454
NIPSNAP3A	6.085637
NIPSNAP3B	4.002777
NISCH	2.316496
NIT1	1.645994
NIT2	2.052029
NKAIN1	7.709422
NKAIN2	4.627552
NKAIN3	4.223303
NKAIN4	2.092577
NKAP	2.61349
NKAPD1	2.550358
NKD1	6.152109
NKD2	4.32266
NKG7	10.224904
NKIRAS1	5.469979
NKIRAS2	11.237535
NKPD1	10.363904
NKRF	4.14356
NKTR	1.508192
NKX1-2	11.442476
NKX2-1	7.591447
NKX2-2	1.863283
NKX2-4	4.092634
NKX2-8	2.304501
NKX3-1	8.347284
NKX6-1	8.430927
NKX6-2	5.684304
NLE1	1.230695
NLGN1	8.267276
NLGN2	11.393877
NLGN4X	6.513432
NLK	11.861647
NLN	8.317565
NLRC3	7.054214
NLRC4	9.900316
NLRC5	7.926751
NLRP10	8.164302
NLRP12	7.109742
NLRP14	7.416155
NLRP2	11.211114
NLRP3	6.070245
NLRP6	12.19052
NLRP7	1.886352
NLRX1	10.639155
NMB	6.570731
NMBR	9.023542
NMD3	2.550131
NME1-NME2	11.202761
NME3	6.054578
NME4	5.947657
NME5	6.093855
NME6	3.570789
NME7	5.632612
NME9	7.474664
NMI	8.811905
NMNAT1	12.090108
NMNAT2	7.053647
NMNAT3	5.768304
NMRAL1	4.028582
NMRK1	3.926144
NMRK2	6.677659
NMS	4.271178
NMT1	4.431143
NMT2	8.292412
NMU	10.510847
NMUR1	4.810066
NMUR2	3.799397
NNAT	9.086492
NNMT	6.390752
NNT	2.052837
NOA1	10.834717
NOB1	0.545057
NOBOX	12.111904
NOC2L	8.773575
NOC3L	8.455532
NOC4L	4.360812
NOD1	3.860134
NOD2	11.652184
NODAL	0.345593
NOG	4.639699
NOL10	7.158235
NOL11	7.444374
NOL3	5.446962
NOL4	1.684519
NOL4L	6.711991
NOL6	1.893508
NOL7	5.116279
NOL8	9.854811
NOL9	9.481124
NOLC1	9.160583
NONO	6.981541
NOP10	2.693881
NOP14	4.514891
NOP16	6.692452
NOP2	3.733169
NOP53	1.185719
NOP56	1.152092
NOP58	1.475422
NOP9	5.219379
NOS1	9.280512
NOS1AP	2.241437
NOS2	8.783053
NOS3	3.510564
NOSIP	3.684973
NOSTRIN	1.034291
NOTCH1	8.906809
NOTCH2	5.895836
NOTCH3	7.559045
NOTCH4	11.891012
NOTUM	2.461843
NOVA1	2.22487
NOVA2	8.836372
NOX1	7.748053
NOX3	6.991181
NOX4	1.547871
NOX5	4.694557
NOXA1	11.805502
NOXO1	8.851818
NOXRED1	5.307132
NPAS1	5.929545
NPAS2	4.409052
NPAS3	6.248038
NPAS4	0.868801
NPAT	0.530127
NPB	11.260924
NPBWR1	12.118431
NPC1	8.262118
NPC1L1	10.539361
NPC2	1.116314
NPDC1	8.272877
NPEPL1	3.69054
NPEPPS	4.010018
NPFF	5.715204
NPFFR1	11.520764
NPFFR2	7.242431
NPHP1	2.632648
NPHP3	3.713102
NPHP4	2.798528
NPHS1	8.141514
NPHS2	10.593745
NPL	6.476147
NPM2	11.867865
NPM3	5.337756
NPNT	8.200761
NPPA	11.745096
NPPB	10.717529
NPPC	11.436241
NPR1	2.839131
NPR2	5.164198
NPR3	1.394621
NPRL2	1.940395
NPRL3	8.686191
NPSR1	1.401582
NPTN	5.858128
NPTX2	10.845984
NPTXR	6.341186
NPVF	1.745573
NPW	9.325666
NPY	7.865128
NPY1R	3.408837
NPY2R	9.294371
NPY5R	12.172979
NQO1	4.070734
NQO2	8.864259
NR0B1	0.574469
NR1D1	2.430705
NR1D2	11.457498
NR1H3	11.027235
NR1I2	11.857656
NR1I3	3.074026
NR2C1	9.46106
NR2C2	8.480637
NR2C2AP	10.661141
NR2E1	9.40978
NR2E3	11.467012
NR2F1	7.181757
NR2F2	7.16333
NR2F6	7.926807
NR3C1	6.673969
NR3C2	1.075115
NR4A1	5.045246
NR4A2	8.505187
NR4A3	11.149765
NR5A1	11.714476
NR5A2	2.769553
NR6A1	3.144361
NRAP	10.469646
NRAS	3.294742
NRBF2	11.364135
NRBP1	1.946671
NRBP2	9.517681
NRCAM	2.00612
NRDC	6.964349
NREP	7.115103
NRF1	8.663022
NRG1	3.816367
NRG2	6.288451
NRG3	9.169484
NRG4	11.248518
NRGN	3.181886
NRIP1	1.149312
NRIP2	7.129641
NRIP3	6.764202
NRK	0.46671
NRL	2.475535
NRM	4.130863
NRN1	6.166662
NRP1	11.298915
NRP2	5.818529
NRROS	11.764488
NRSN1	7.093148
NRSN2	9.267552
NRTN	4.703595
NRXN1	1.128975
NRXN2	7.699893
NRXN3	6.216844
NSA2	4.228766
NSD1	10.263965
NSD2	1.048141
NSD3	7.775986
NSDHL	8.392986
NSF	6.156963
NSFL1C	9.481109
NSG1	2.368296
NSG2	10.274583
NSL1	6.936964
NSMCE1	8.515424
NSMCE2	10.085032
NSMCE4A	8.030648
NSMF	8.671545
NSRP1	5.315877
NSUN2	9.648199
NSUN3	6.513584
NSUN4	7.406902
NSUN5	6.981562
NSUN6	0.331982
NSUN7	11.645767
NT5C	7.724845
NT5C1A	6.141772
NT5C2	7.963749
NT5C3A	0.500846
NT5C3B	1.702666
NT5DC1	4.123769
NT5DC2	0.706817
NT5DC3	0.497929
NT5DC4	6.940932
NT5E	2.656131
NT5M	2.745801
NTF3	7.282041
NTHL1	8.343061
NTM	10.070697
NTMT1	2.356566
NTN1	0.86886
NTN3	2.789938
NTN4	4.223812
NTN5	12.060472
NTNG1	4.501469
NTNG2	3.017199
NTPCR	10.323372
NTRK1	3.588763
NTRK2	8.998608
NTRK3	11.199666
NTS	2.703384
NTSR1	10.947898
NTSR2	6.412853
NUAK1	3.552938
NUAK2	1.766988
NUB1	8.781549
NUBP1	8.660218
NUBP2	5.403445
NUBPL	4.84325
NUCB1	8.804935
NUCB2	4.7932
NUCKS1	8.681588
NUDCD1	11.931223
NUDCD2	9.343467
NUDCD3	3.034439
NUDT1	0.569982
NUDT10	5.486149
NUDT11	1.076206
NUDT12	4.143658
NUDT13	4.407744
NUDT14	3.455453
NUDT16	2.533407
NUDT16L1	2.926841
NUDT17	11.588311
NUDT18	1.155297
NUDT19	2.29638
NUDT21	3.473158
NUDT22	2.286211
NUDT3	2.558982
NUDT4	11.541634
NUDT5	3.367278
NUDT6	6.918847
NUDT8	4.764565
NUDT9	7.881242
NUF2	10.632972
NUFIP1	4.934592
NUFIP2	2.240708
NUGGC	5.485337
NUMA1	9.912261
NUMBL	6.455487
NUP107	1.032353
NUP133	8.732708
NUP153	6.811879
NUP155	7.021425
NUP160	0.799332
NUP188	10.956735
NUP205	6.65085
NUP210	2.602453
NUP210L	9.179707
NUP214	4.740681
NUP35	2.072307
NUP37	5.357712
NUP50	10.727613
NUP54	2.92281
NUP58	6.592158
NUP62	0.253562
NUP62CL	6.489005
NUP85	7.639783
NUP88	9.14772
NUP93	3.177306
NUP98	6.655839
NUPL2	5.022226
NUPR1	1.133175
NUS1	10.054345
NUTF2	4.884422
NUTM1	7.82202
NVL	12.067956
NWD1	9.287455
NWD2	7.616098
NXF1	4.473785
NXF3	2.658528
NXN	5.133458
NXNL2	2.292213
NXPE2	10.473759
NXPE3	1.268619
NXPE4	8.987235
NXPH1	2.690826
NXPH2	1.011672
NXPH3	9.840962
NXPH4	3.254758
NXT1	4.932376
NXT2	11.032218
NYAP1	0.397133
NYAP2	4.289985
NYNRIN	7.982461
NYX	1.967879
OAF	10.304308
OARD1	2.612046
OAS2	10.203535
OAS3	12.141548
OASL	8.028859
OAT	6.880503
OAZ1	6.005488
OAZ2	10.586813
OAZ3	6.928537
OBSCN	6.124255
OBSL1	9.552834
OCA2	2.522127
OCEL1	1.657376
OCIAD1	10.248272
OCIAD2	11.504726
OCLN	1.451324
OCRL	0.276512
OCSTAMP	10.722797
ODAPH	0.404807
ODF1	10.27088
ODF2	5.915916
ODF2L	3.394259
ODF3L1	6.722121
ODF3L2	3.689994
ODF4	0.685826
ODR4	7.740006
OFD1	2.550169
OGA	3.527381
OGDH	12.090029
OGDHL	0.978174
OGFOD1	10.890332
OGFOD2	9.609023
OGFOD3	4.5997
OGFR	10.809685
OGFRL1	9.626633
OGG1	10.489155
OGN	0.623146
OGT	3.250232
OIP5	5.595364
OIT3	2.162473
OLA1	6.37646
OLAH	3.940498
OLFM1	11.03301
OLFM3	6.878331
OLFM4	8.510885
OLFML1	3.423442
OLFML2A	5.315793
OLFML2B	8.339436
OLFML3	0.711243
OLIG1	9.885572
OLIG2	6.923349
OLR1	3.488928
OMA1	0.32285
OMD	11.687101
OMG	6.415266
ONECUT1	6.793902
ONECUT2	5.118874
OOEP	2.776046
OPA1	1.794076
OPA3	1.057617
OPALIN	7.621688
OPCML	7.868986
OPHN1	11.618616
OPLAH	0.456433
OPN1SW	11.914827
OPN3	6.990067
OPN4	8.316685
OPN5	1.737757
OPRD1	1.215773
OPRK1	4.870441
OPRL1	6.466984
OPRM1	9.258497
OPTC	5.724859
OPTN	4.196621
OR10J3	8.091246
OR14J1	8.725339
OR1P1	5.078958
OR2AJ1	9.357749
OR2B11	2.648492
OR2B2	2.784559
OR2B6	11.558472
OR2C1	4.464452
OR2F1	7.42526
OR2K2	9.388262
OR2M4	4.628383
OR2W3	9.655125
OR3A1	7.23112
OR4D1	1.207563
OR4E2	10.505692
OR4X2	6.563755
OR51E2	4.481684
OR52A1	8.980729
OR52H1	1.123496
OR5AN1	5.419817
OR5B21	6.400302
OR6C65	1.282235
OR6S1	5.677248
OR6V1	6.206486
OR8D1	11.043785
OR9A2	10.302996
OR9G4	0.328754
ORAI1	4.21609
ORAI2	11.100453
ORAI3	0.603743
ORC1	11.877698
ORC2	2.41422
ORC3	4.718437
ORC4	1.164197
ORC5	7.034497
ORC6	4.186768
ORMDL1	5.173804
ORMDL2	5.466117
ORMDL3	9.47468
OS9	4.205826
OSBP	7.154758
OSBP2	10.4547
OSBPL10	3.632121
OSBPL11	11.636513
OSBPL1A	2.322267
OSBPL2	6.279998
OSBPL3	6.240694
OSBPL5	11.110253
OSBPL6	5.983159
OSBPL8	2.433604
OSBPL9	3.179192
OSCAR	8.478791
OSCP1	5.091525
OSER1	4.713971
OSGEP	5.699527
OSGEPL1	6.189518
OSGIN1	1.428877
OSGIN2	3.603602
OSM	11.546049
OSMR	8.157181
OSR1	1.396858
OSR2	9.29011
OST4	11.693045
OSTC	3.89379
OSTF1	2.625813
OSTM1	9.699118
OSTN	9.874461
OTC	1.476161
OTOA	7.664644
OTOF	5.909346
OTOG	10.68943
OTOGL	1.218882
OTOL1	1.084284
OTOP1	7.874913
OTOP2	11.944265
OTOP3	1.152854
OTOR	11.90665
OTOS	4.380549
OTP	7.130916
OTUB1	1.849379
OTUB2	2.413342
OTUD1	8.461826
OTUD3	12.178208
OTUD4	10.972246
OTUD5	5.994252
OTUD6B	1.173016
OTUD7A	9.821335
OTUD7B	2.741791
OTULIN	6.115385
OTULINL	4.240776
OTX1	2.686578
OTX2	0.569784
OVCH1	10.453261
OVCH2	10.306576
OVGP1	5.338996
OVOL1	6.411127
OVOL2	9.987496
OVOL3	8.782657
OXA1L	8.945505
OXER1	11.186812
OXGR1	7.14407
OXLD1	0.912516
OXNAD1	6.009604
OXR1	2.98094
OXSM	6.67059
OXSR1	1.75367
OXT	10.034424
OXTR	10.671985
P2RX1	7.640487
P2RX2	4.662252
P2RX3	5.874133
P2RX4	9.150984
P2RX6	9.000442
P2RX7	10.143819
P2RY1	2.424652
P2RY10	0.549392
P2RY11	11.050714
P2RY12	4.871015
P2RY13	3.702559
P2RY14	4.630377
P2RY2	9.07152
P2RY4	10.342669
P2RY6	1.664783
P3H1	7.426141
P3H2	11.965834
P3H3	3.657917
P3H4	7.233275
P4HA1	6.75794
P4HA2	11.231323
P4HA3	3.347752
P4HB	5.020718
P4HTM	1.392529
PA2G4	9.040286
PAAF1	0.632181
PABPC1	6.441461
PABPC1L	7.594828
PABPC3	3.436558
PABPC4	3.320451
PABPC5	2.839952
PACRG	5.089935
PACRGL	10.081317
PACS1	10.21869
PACS2	1.355036
PACSIN1	9.286897
PACSIN2	10.726838
PACSIN3	1.996656
PADI1	9.288228
PADI2	0.830727
PADI3	8.472435
PADI4	3.548338
PADI6	7.012762
PAEP	1.99847
PAF1	5.860445
PAFAH1B1	6.075199
PAFAH1B2	6.992871
PAFAH1B3	7.535004
PAFAH2	6.335281
PAG1	3.095139
PAGE4	3.239232
PAGR1	8.114751
PAH	12.018785
PAICS	0.496376
PAIP1	9.151589
PAIP2	4.831739
PAIP2B	2.536276
PAK1	1.451297
PAK1IP1	5.408043
PAK2	1.956426
PAK3	1.93502
PAK4	0.272487
PAK5	3.20232
PAK6	11.761157
PALD1	1.248406
PALLD	2.341352
PALM	10.248656
PALM2	11.771024
PALM3	5.241796
PALMD	1.560689
PAM	0.276488
PAM16	2.346095
PAMR1	4.88545
PAN2	10.37297
PAN3	12.216857
PANK1	11.450551
PANK2	6.729575
PANK3	5.424839
PANK4	6.619181
PANO1	6.431267
PANX1	7.062226
PANX2	3.627395
PAPLN	1.044469
PAPOLA	7.29111
PAPOLB	9.111115
PAPOLG	9.202725
PAPPA	9.764072
PAPPA2	4.097136
PAPSS1	1.476042
PAPSS2	8.015085
PAQR3	3.073492
PAQR4	5.542855
PAQR5	9.313753
PAQR7	5.682956
PAQR8	0.296495
PAQR9	0.595176
PARD3	2.971268
PARD3B	6.704856
PARD6A	2.249024
PARD6B	3.574062
PARD6G	3.266731
PARG	9.067867
PARK7	6.60781
PARL	12.187256
PARM1	7.075642
PARN	9.995733
PARP1	5.232974
PARP10	6.824496
PARP11	6.32753
PARP12	7.379466
PARP14	1.756408
PARP15	7.916241
PARP16	3.662537
PARP2	11.230771
PARP3	2.338746
PARP6	0.369416
PARP8	8.769991
PARP9	4.093604
PARPBP	3.769581
PARVA	0.88583
PARVB	11.12533
PARVG	9.707021
PASK	1.88888
PATE2	3.547475
PATE4	11.462141
PATL1	4.18976
PATL2	7.713934
PATZ1	2.118187
PAWR	1.512261
PAX1	5.276701
PAX2	4.030145
PAX3	10.677758
PAX5	1.430772
PAX6	10.285203
PAX7	1.999408
PAX8	5.420652
PAXBP1	10.042665
PAXIP1	8.570769
PAXX	6.862848
PBDC1	4.43125
PBK	9.416054
PBLD	8.662419
PBRM1	1.129428
PBX1	4.636695
PBX2	4.35376
PBX3	1.461968
PBX4	5.7095
PBXIP1	2.849315
PC	7.632546
PCARE	5.357002
PCBD1	4.549027
PCBD2	11.056795
PCBP1	1.087768
PCBP2	3.186117
PCBP3	8.433561
PCBP4	11.544718
PCCA	9.159688
PCCB	1.055847
PCDH1	4.762606
PCDH10	4.702483
PCDH12	7.653103
PCDH15	7.448389
PCDH17	2.169597
PCDH18	3.367901
PCDH19	11.611074
PCDH7	0.99839
PCDH8	1.493529
PCDH9	9.536546
PCDHA8	5.765159
PCDHAC2	7.04352
PCDHB1	1.580296
PCDHB12	11.910611
PCDHB14	6.561265
PCDHB4	3.960809
PCDHB5	10.828852
PCDHB7	12.099775
PCDHGA4	9.80542
PCED1A	8.152973
PCF11	5.311759
PCGF1	6.079073
PCGF2	5.080524
PCGF3	9.590366
PCGF5	12.119775
PCGF6	9.3994
PCID2	2.204447
PCIF1	11.57663
PCK1	5.247183
PCK2	6.703912
PCLO	5.486737
PCM1	7.950962
PCMTD1	6.591228
PCMTD2	9.983923
PCNA	6.03235
PCNT	3.594938
PCNX1	1.990107
PCNX2	8.087384
PCNX3	8.512712
PCNX4	6.508489
PCOLCE	8.128035
PCOLCE2	2.572142
PCP2	10.037153
PCP4	0.305454
PCP4L1	9.272692
PCSK1	6.46396
PCSK1N	7.689767
PCSK2	9.030063
PCSK4	3.529565
PCSK5	0.887193
PCSK6	11.981107
PCSK7	5.718592
PCSK9	0.298082
PCTP	10.280683
PCYOX1	10.612049
PCYOX1L	6.720744
PCYT1A	11.936537
PCYT1B	4.007392
PCYT2	11.711882
PDCD1	6.819935
PDCD10	1.957682
PDCD11	9.361175
PDCD1LG2	12.105682
PDCD2	4.286732
PDCD4	8.072149
PDCD5	3.002394
PDCD6	12.04331
PDCD6IP	0.44086
PDCD7	8.625072
PDCL	9.347596
PDCL2	5.583883
PDE10A	4.024434
PDE11A	3.353602
PDE12	9.8379
PDE1A	12.100659
PDE1B	10.811478
PDE1C	9.077982
PDE2A	6.517919
PDE3A	6.045969
PDE3B	3.622994
PDE4A	8.517063
PDE4B	9.03921
PDE4D	8.788154
PDE4DIP	2.916337
PDE5A	9.863418
PDE6A	8.826401
PDE6B	7.813992
PDE6C	7.640209
PDE6D	6.178305
PDE7A	10.658769
PDE7B	0.322279
PDE8A	3.080248
PDE9A	11.042071
PDF	10.009932
PDGFA	4.01408
PDGFB	2.417211
PDGFC	3.631923
PDGFD	2.510311
PDGFRA	0.790798
PDGFRB	5.037435
PDGFRL	7.263444
PDHB	3.049233
PDHX	7.589417
PDIA2	3.997529
PDIA3	7.552206
PDIA4	0.497005
PDIA5	3.435977
PDIA6	2.131547
PDIK1L	4.638772
PDILT	9.863617
PDK1	10.057243
PDK2	3.194745
PDK3	3.587088
PDK4	9.017822
PDLIM1	4.220748
PDLIM2	6.161189
PDLIM3	5.691919
PDLIM4	1.748388
PDLIM5	4.8455
PDLIM7	4.576874
PDP1	10.999518
PDP2	10.410197
PDPK1	11.009553
PDPN	8.809678
PDPR	2.721511
PDRG1	3.645115
PDS5A	3.447147
PDS5B	12.181771
PDSS1	0.752888
PDSS2	0.268141
PDXDC1	1.757422
PDXK	11.491632
PDXP	2.897634
PDYN	5.130334
PDZD11	11.184059
PDZD2	9.009333
PDZD3	2.823262
PDZD4	0.939972
PDZD7	7.547557
PDZD8	10.661259
PDZD9	8.234579
PDZK1	3.580402
PDZK1IP1	8.076267
PDZRN3	8.114653
PDZRN4	11.794939
PEA15	0.428423
PEAK1	8.582496
PEAK3	10.468468
PEAR1	1.224585
PEBP4	11.634588
PECAM1	7.470502
PECR	6.348175
PEG10	10.034239
PEG3	2.505711
PELI1	0.830042
PELI2	4.111238
PELI3	10.84725
PELO	5.044453
PELP1	5.742558
PEMT	6.826886
PENK	11.175519
PEPD	8.230427
PER2	1.704986
PER3	10.58333
PERM1	4.135106
PERP	8.611611
PES1	3.741307
PET100	11.121832
PET117	12.21654
PEX1	3.157015
PEX10	9.268553
PEX11A	8.538442
PEX11G	6.236918
PEX12	3.004739
PEX13	7.751175
PEX14	11.853839
PEX16	11.877853
PEX19	4.957096
PEX2	7.963262
PEX26	10.33085
PEX3	6.082897
PEX5	2.187182
PEX5L	6.191936
PEX6	6.224908
PEX7	0.297835
PF4	11.006061
PF4V1	11.490632
PFAS	9.37234
PFDN1	1.325654
PFDN2	4.118345
PFDN4	6.665079
PFDN6	4.17368
PFKFB1	0.724071
PFKFB2	8.355414
PFKFB3	1.091933
PFKFB4	9.685805
PFKL	2.723311
PFKM	12.124675
PFN1	8.549998
PFN2	3.483625
PFN3	9.883253
PFN4	4.585986
PGAM1	3.883123
PGAM2	3.023095
PGAP1	8.748922
PGAP2	12.112031
PGAP3	4.183051
PGBD1	6.032356
PGBD2	9.377784
PGBD4	0.937144
PGBD5	7.19987
PGC	1.447598
PGD	5.18936
PGF	9.937905
PGGHG	11.159193
PGGT1B	5.472505
PGK1	11.646057
PGLYRP1	8.539415
PGM1	4.83926
PGM2	6.114692
PGM2L1	7.658954
PGM3	2.242757
PGM5	1.742427
PGP	1.995274
PGPEP1	10.402724
PGPEP1L	5.459994
PGR	0.2889
PGRMC1	2.156124
PGRMC2	11.886244
PGS1	2.646835
PHACTR1	10.808892
PHACTR2	8.440638
PHACTR3	4.848117
PHACTR4	6.242801
PHAX	10.618144
PHB	3.38684
PHB2	11.966253
PHC1	9.837289
PHC2	11.386881
PHC3	9.513543
PHETA1	9.844027
PHEX	3.158594
PHF1	1.513021
PHF10	7.397029
PHF11	1.302511
PHF12	6.513566
PHF13	0.884309
PHF14	4.894186
PHF19	3.919485
PHF2	5.982953
PHF20	8.489318
PHF20L1	10.438907
PHF21A	8.165365
PHF21B	5.455024
PHF23	0.651061
PHF24	5.874058
PHF3	8.475478
PHF5A	1.068585
PHF6	9.670309
PHF7	4.646753
PHF8	7.413165
PHGDH	3.98302
PHIP	7.915492
PHKA1	10.535559
PHKA2	1.161668
PHKB	5.547781
PHKG1	6.706914
PHKG2	1.568032
PHLDA1	10.553737
PHLDA2	6.02828
PHLDA3	0.720614
PHLDB1	11.334346
PHLDB2	2.893722
PHLDB3	11.400928
PHLPP1	1.734848
PHLPP2	3.455438
PHOSPHO1	7.958288
PHOX2A	11.585239
PHPT1	3.231756
PHRF1	6.242841
PHTF1	7.66731
PHTF2	0.66297
PHYH	11.171146
PHYHD1	3.950297
PHYHIP	8.856216
PHYHIPL	9.237551
PHYKPL	11.906325
PI15	10.094001
PI16	0.356091
PI3	0.828217
PI4K2A	8.923842
PI4K2B	10.934346
PI4KA	8.175197
PI4KB	10.326055
PIANP	5.769715
PIAS1	1.46248
PIAS2	4.408081
PIAS3	8.693498
PIAS4	11.687325
PIBF1	3.154237
PICALM	7.504887
PICK1	0.817256
PID1	11.612502
PIDD1	9.556694
PIEZO1	0.791788
PIEZO2	2.668633
PIF1	11.567529
PIFO	1.008731
PIGA	5.217819
PIGB	5.498735
PIGC	8.971597
PIGF	4.847171
PIGG	2.332775
PIGH	5.00699
PIGK	7.108426
PIGL	5.695072
PIGN	3.741223
PIGO	1.635036
PIGP	2.38907
PIGQ	3.942397
PIGS	0.855104
PIGT	0.76133
PIGU	9.913309
PIGV	5.082542
PIGW	2.533582
PIGX	5.245548
PIGZ	12.222002
PIH1D1	3.242621
PIH1D2	2.899447
PIK3AP1	6.133706
PIK3C2A	11.400472
PIK3C2B	10.994736
PIK3C2G	8.660314
PIK3C3	6.236949
PIK3CA	5.226224
PIK3CB	5.511932
PIK3CD	3.530072
PIK3CG	10.750085
PIK3IP1	11.44444
PIK3R1	1.535251
PIK3R3	7.36626
PIK3R4	7.269413
PIK3R5	0.83186
PIK3R6	6.89886
PIKFYVE	1.951369
PILRA	2.273087
PIM1	4.801611
PIM2	10.07336
PIM3	0.790863
PIMREG	10.622701
PIN1	9.579266
PINK1	11.713025
PINLYP	4.974479
PINX1	1.77658
PIP	3.533961
PIP4K2A	7.528643
PIP4K2B	2.110212
PIP4K2C	2.323003
PIP4P1	2.725829
PIP4P2	4.654517
PIP5K1A	2.716011
PIP5K1B	11.44405
PIP5K1C	10.508809
PIP5KL1	10.842693
PIPOX	10.297409
PIR	11.407834
PIRT	9.63231
PISD	6.901318
PITHD1	0.624544
PITPNA	4.520273
PITPNB	9.039193
PITPNC1	2.023862
PITPNM1	9.384265
PITPNM2	5.475329
PITPNM3	12.018826
PITRM1	0.555338
PITX1	6.286009
PITX3	7.305752
PIWIL1	11.772984
PIWIL2	8.705882
PIWIL3	8.359952
PIWIL4	10.241635
PJA2	9.690776
PJVK	1.766501
PKD1	6.268126
PKD1L1	4.829338
PKD1L3	1.72321
PKD2	11.199702
PKD2L2	5.605702
PKDCC	10.351704
PKDREJ	7.830674
PKHD1	5.245002
PKHD1L1	3.906073
PKIA	1.690514
PKIB	5.350796
PKIG	6.215051
PKLR	10.968102
PKMYT1	0.673621
PKN1	1.596222
PKN2	3.218696
PKN3	5.287533
PKNOX1	11.36364
PKNOX2	8.08697
PKP1	12.193846
PKP2	7.577858
PKP3	12.025037
PKP4	11.995701
PLA1A	7.884021
PLA2G12A	8.375713
PLA2G12B	9.779243
PLA2G15	4.56347
PLA2G1B	9.092587
PLA2G2A	2.723537
PLA2G2C	1.201215
PLA2G2D	9.609483
PLA2G2F	5.438711
PLA2G3	6.340298
PLA2G4A	6.310195
PLA2G4C	11.07037
PLA2G4D	3.752395
PLA2G4E	10.880578
PLA2G4F	9.814488
PLA2G5	0.646131
PLA2G6	3.39565
PLA2G7	7.81781
PLA2R1	2.432299
PLAA	6.961135
PLAAT1	7.821696
PLAAT2	9.475521
PLAAT3	9.976018
PLAAT4	2.241369
PLAAT5	10.99376
PLAC8	3.145679
PLAC8L1	2.706187
PLAC9	6.193023
PLAG1	11.49538
PLAGL1	6.215169
PLAGL2	5.039814
PLAT	8.40164
PLAU	7.846977
PLAUR	7.756176
PLB1	1.44162
PLBD1	9.064035
PLBD2	7.318674
PLCB1	0.987028
PLCB2	3.497049
PLCB3	7.347306
PLCB4	10.839645
PLCD1	9.68039
PLCD3	9.062795
PLCD4	7.678759
PLCE1	2.619268
PLCG1	11.249146
PLCH1	7.674094
PLCH2	11.520344
PLCL1	4.874242
PLCL2	3.437686
PLCXD1	3.217396
PLCXD3	2.520864
PLCZ1	8.385699
PLD1	7.524052
PLD2	5.075541
PLD3	12.235276
PLD4	12.093552
PLD5	7.986283
PLD6	3.243742
PLEC	8.271081
PLEK	2.710394
PLEK2	11.626113
PLEKHA1	7.406112
PLEKHA2	7.325643
PLEKHA3	3.729845
PLEKHA4	1.879675
PLEKHA5	6.337751
PLEKHA6	10.17163
PLEKHA7	4.14395
PLEKHA8	6.884467
PLEKHB1	3.305181
PLEKHB2	3.666643
PLEKHD1	2.850358
PLEKHF1	4.792928
PLEKHF2	10.171154
PLEKHG1	10.477413
PLEKHG2	10.364877
PLEKHG3	4.474946
PLEKHG4	11.098884
PLEKHG4B	2.61166
PLEKHG5	6.429103
PLEKHG6	4.392895
PLEKHH1	3.759184
PLEKHH2	4.203014
PLEKHH3	6.334157
PLEKHM1	2.43761
PLEKHM2	7.937896
PLEKHM3	3.561872
PLEKHN1	2.320989
PLEKHO1	12.195606
PLEKHS1	5.005447
PLGRKT	9.156301
PLIN1	9.607771
PLIN3	9.703622
PLIN4	2.875369
PLIN5	2.155834
PLK1	3.638396
PLK2	7.654078
PLK3	8.338503
PLK4	0.580756
PLK5	8.469231
PLLP	11.720553
PLN	1.381816
PLOD1	3.294149
PLOD2	2.551436
PLOD3	5.992481
PLP1	2.399345
PLP2	10.773467
PLPBP	1.425993
PLPP1	6.558284
PLPP2	1.101295
PLPP4	11.267093
PLPP5	0.621824
PLPP6	8.557928
PLPP7	8.741739
PLPPR1	6.335743
PLPPR2	8.840945
PLPPR3	3.788492
PLPPR4	12.123017
PLPPR5	4.693733
PLRG1	10.473407
PLS1	1.857352
PLS3	9.12434
PLSCR1	9.119209
PLSCR3	1.806567
PLSCR4	7.246868
PLSCR5	6.251493
PLTP	11.988122
PLVAP	4.753869
PLXDC1	3.706065
PLXDC2	9.714555
PLXNA1	7.106552
PLXNA2	5.841393
PLXNA3	9.65405
PLXNA4	5.261788
PLXNB1	2.374138
PLXNB2	9.702268
PLXNB3	10.758862
PLXNC1	4.170487
PM20D1	3.701478
PM20D2	11.409378
PMCH	3.792287
PMEL	1.253343
PMEPA1	4.661319
PMFBP1	10.860932
PMIS2	2.414661
PML	9.71129
PMM1	7.67108
PMM2	8.531512
PMP2	2.23867
PMP22	8.731202
PMPCA	2.515308
PMPCB	11.086608
PMS1	8.923713
PMS2	1.61225
PMVK	4.946485
PNCK	11.947343
PNISR	7.461819
PNKD	8.136703
PNKP	9.70185
PNLDC1	1.926058
PNLIP	2.584282
PNLIPRP1	1.220084
PNLIPRP2	11.136835
PNLIPRP3	5.751711
PNMA1	4.531714
PNMA2	8.983192
PNMA3	7.459276
PNMA6A	7.55473
PNMA6E	10.840723
PNMA6F	5.113175
PNMA8A	4.041349
PNMA8C	12.170014
PNMT	2.507133
PNN	6.194492
PNO1	2.645437
PNOC	9.030426
PNPLA1	10.893806
PNPLA2	5.77733
PNPLA3	2.761464
PNPLA4	11.545201
PNPLA5	10.844102
PNPLA6	8.237092
PNPLA7	6.709644
PNPLA8	4.269436
PNPO	1.254157
PNPT1	3.854217
PNRC1	7.69906
PNRC2	2.584614
POC1A	4.065353
POC1B	9.751195
POC5	3.084768
PODN	1.261655
PODNL1	5.156194
PODXL	1.311478
PODXL2	0.312618
POF1B	0.764022
POFUT1	3.766756
POFUT2	5.11628
POGK	2.233026
POGLUT1	11.032114
POGLUT2	7.865201
POGLUT3	2.325949
POGZ	9.93008
POLA1	9.593697
POLB	4.658811
POLD1	8.170756
POLD2	11.777363
POLD3	11.748604
POLD4	6.618968
POLDIP2	0.727833
POLDIP3	5.783973
POLE2	5.517606
POLE3	0.372479
POLE4	9.225798
POLG	6.134313
POLG2	9.745503
POLH	4.261257
POLI	1.997209
POLK	7.443828
POLL	11.991155
POLM	7.045118
POLN	4.946754
POLQ	10.238893
POLR1A	4.970016
POLR1B	9.258586
POLR1C	2.61878
POLR1D	5.813676
POLR1E	2.25813
POLR2B	5.338467
POLR2C	4.702544
POLR2D	11.06418
POLR2E	4.946704
POLR2F	4.385752
POLR2G	7.606454
POLR2H	2.623164
POLR2I	6.89955
POLR2L	1.875066
POLR3A	11.650681
POLR3B	10.889992
POLR3C	3.764339
POLR3D	6.95063
POLR3E	7.973528
POLR3F	3.052139
POLR3G	2.320562
POLR3GL	6.98346
POLR3H	9.884814
POLR3K	3.248768
POLRMT	8.355336
POMC	11.667055
POMGNT1	6.057181
POMGNT2	10.061983
POMK	10.392929
POMP	0.42606
POMT1	8.299862
POMT2	5.263598
PON1	9.969121
PON2	9.641912
PON3	8.911102
POP1	10.985144
POP4	11.108843
POP5	5.516496
POP7	4.600204
POPDC2	12.243603
POPDC3	3.230312
POR	5.843133
PORCN	12.158478
POSTN	4.752961
POT1	6.958814
POU1F1	0.696168
POU2AF1	7.61076
POU2F1	9.731955
POU2F2	4.262027
POU2F3	11.957994
POU3F4	5.497565
POU4F2	10.925899
POU6F2	11.104111
PP2D1	2.752858
PPA1	9.869238
PPA2	3.574026
PPAN	4.105089
PPARA	1.028448
PPARD	9.571573
PPARG	4.204719
PPARGC1A	1.410325
PPARGC1B	1.040246
PPAT	3.567153
PPBP	9.64718
PPCDC	4.364428
PPCS	11.368123
PPDPF	11.817563
PPDPFL	5.655286
PPEF1	3.770188
PPEF2	10.993532
PPFIA1	10.278207
PPFIA2	7.110403
PPFIA3	3.354384
PPFIA4	8.009299
PPFIBP1	9.466074
PPFIBP2	8.799745
PPHLN1	6.238418
PPIA	8.543135
PPIB	8.09438
PPIC	4.135612
PPID	9.641627
PPIE	0.726223
PPIF	8.684257
PPIG	3.576623
PPIH	8.940705
PPIL1	9.034392
PPIL4	6.233147
PPIL6	1.609135
PPIP5K1	10.962685
PPIP5K2	9.522534
PPL	8.805859
PPM1A	0.831611
PPM1D	7.530319
PPM1E	4.708808
PPM1F	6.516223
PPM1G	0.419641
PPM1H	11.797941
PPM1J	4.682167
PPM1K	1.532586
PPM1L	10.823841
PPM1M	3.781842
PPM1N	8.20489
PPME1	3.628837
PPOX	7.20504
PPP1CA	9.681332
PPP1CB	4.058035
PPP1CC	11.140582
PPP1R10	1.996645
PPP1R11	2.400994
PPP1R12A	2.572809
PPP1R12B	8.669559
PPP1R12C	4.32845
PPP1R13B	1.379799
PPP1R13L	4.451711
PPP1R14A	7.315015
PPP1R14C	8.159338
PPP1R15A	4.849535
PPP1R15B	0.751033
PPP1R16A	5.646417
PPP1R16B	9.38611
PPP1R17	0.879715
PPP1R18	7.865794
PPP1R1A	5.144814
PPP1R1B	3.534785
PPP1R1C	2.337531
PPP1R21	1.776192
PPP1R26	1.760746
PPP1R27	8.314335
PPP1R32	3.672437
PPP1R35	4.958194
PPP1R36	11.841647
PPP1R37	5.299928
PPP1R3A	0.6856
PPP1R3B	7.997139
PPP1R3C	2.103128
PPP1R3D	2.856909
PPP1R3E	7.239758
PPP1R3F	7.624957
PPP1R42	6.058247
PPP1R7	5.983692
PPP1R8	1.765613
PPP1R9A	0.533456
PPP1R9B	11.268629
PPP2CA	0.488553
PPP2CB	8.818031
PPP2R1A	6.123275
PPP2R1B	1.75461
PPP2R2A	8.488294
PPP2R2B	3.821325
PPP2R2C	6.903281
PPP2R2D	7.33591
PPP2R3A	1.838035
PPP2R3B	1.235844
PPP2R3C	9.925482
PPP2R5A	10.576328
PPP2R5B	2.719637
PPP2R5D	11.233997
PPP2R5E	3.402924
PPP3CA	2.451476
PPP3CB	6.500866
PPP3CC	2.748463
PPP3R1	3.702177
PPP4C	1.144528
PPP4R1	0.999545
PPP4R2	5.438048
PPP4R3A	1.240134
PPP4R3B	5.614657
PPP4R4	10.540451
PPP5C	10.599589
PPP6C	7.18996
PPP6R1	10.774693
PPP6R2	5.978295
PPP6R3	10.882083
PPRC1	7.3783
PPT1	9.728581
PPT2	9.836076
PPTC7	1.970075
PPWD1	2.498329
PPY	4.145428
PQBP1	10.959688
PQLC1	10.958676
PQLC2	8.177476
PQLC2L	7.264167
PQLC3	3.433538
PRADC1	6.584569
PRAF2	3.79995
PRAG1	2.34362
PRAM1	11.405916
PRAME	10.144531
PRB1	3.06959
PRC1	7.647434
PRCC	5.997697
PRCD	11.202718
PRCP	7.796883
PRDM1	5.461274
PRDM10	2.735767
PRDM11	8.787189
PRDM12	10.550991
PRDM13	2.445202
PRDM15	2.413931
PRDM16	8.165103
PRDM2	8.701144
PRDM4	4.905144
PRDM5	2.001232
PRDM6	3.929623
PRDM8	7.978553
PRDX1	9.349161
PRDX2	7.412587
PRDX3	2.745951
PRDX4	8.107317
PRDX5	10.730271
PRDX6	1.895823
PRELID1	7.424471
PRELID2	1.735375
PRELID3A	11.927714
PRELID3B	3.469855
PRELP	2.141365
PREP	2.913359
PREPL	5.215583
PREX1	4.224948
PREX2	11.747842
PRF1	3.009035
PRG4	11.293158
PRICKLE1	8.46478
PRICKLE2	11.069547
PRICKLE3	8.939772
PRIM2	8.37344
PRIMA1	7.507419
PRIMPOL	4.390058
PRKAA1	4.135371
PRKAA2	4.912992
PRKAB1	5.912064
PRKAB2	10.59179
PRKACA	7.025589
PRKACB	6.244063
PRKACG	0.948896
PRKAG1	9.347563
PRKAG2	9.03606
PRKAG3	0.60927
PRKAR1B	4.358852
PRKAR2A	11.0274
PRKAR2B	1.513766
PRKCA	10.801416
PRKCB	7.60801
PRKCD	1.817764
PRKCE	4.025658
PRKCG	10.821969
PRKCI	1.975311
PRKCQ	6.005203
PRKCSH	6.417719
PRKCZ	10.153162
PRKD1	3.180225
PRKD2	2.716838
PRKD3	12.005263
PRKDC	1.626784
PRKG1	1.173485
PRKG2	9.668044
PRKN	1.379044
PRKRA	2.575797
PRKRIP1	3.774385
PRLH	0.609337
PRLHR	10.694027
PRLR	6.668016
PRMT1	2.12117
PRMT2	7.613452
PRMT3	7.275134
PRMT5	11.463493
PRMT6	5.730267
PRMT7	3.798452
PRMT8	5.750594
PRMT9	0.388993
PRNP	7.421673
PROC	9.892533
PROCA1	0.41999
PROCR	0.33642
PRODH2	2.691038
PROK1	10.996484
PROK2	10.926701
PROKR1	2.519398
PROKR2	6.523066
PROM1	10.880514
PROM2	3.480195
PROP1	4.268839
PROS1	3.120683
PROSER1	11.076718
PROSER2	5.945593
PROSER3	0.880823
PROX1	1.366165
PROX2	7.411941
PROZ	9.820384
PRPF19	6.40569
PRPF3	4.598135
PRPF31	8.177299
PRPF38A	8.481765
PRPF39	7.805057
PRPF4	3.393216
PRPF40A	10.97119
PRPF40B	2.344294
PRPF4B	7.503462
PRPF6	0.502739
PRPF8	9.791005
PRPH	7.544462
PRPH2	12.171884
PRPS1	11.32046
PRPS2	11.886368
PRPSAP1	12.128979
PRPSAP2	10.770895
PRR11	3.775622
PRR12	8.785485
PRR13	1.624646
PRR14	5.724548
PRR14L	4.936242
PRR15	11.737135
PRR16	0.491043
PRR19	3.720126
PRR22	6.953977
PRR29	10.010581
PRR3	4.932726
PRR35	3.799326
PRR36	10.586434
PRR5	12.051128
PRR5L	3.4286
PRR7	8.088279
PRRC1	12.207382
PRRC2A	11.284003
PRRC2B	12.019644
PRRC2C	9.106804
PRRG1	6.550254
PRRG3	8.799016
PRRG4	7.204391
PRRT1	2.689293
PRRT1B	12.118987
PRRT2	2.132879
PRRT3	1.353025
PRRX1	11.282589
PRRX2	5.263422
PRSS1	0.579866
PRSS12	4.020213
PRSS16	8.413944
PRSS21	8.432791
PRSS22	11.46314
PRSS27	5.124274
PRSS33	6.694225
PRSS35	3.975396
PRSS36	5.539703
PRSS38	9.087015
PRSS41	1.898692
PRSS42P	10.703057
PRSS45P	1.830738
PRSS48	8.145369
PRSS53	12.094779
PRSS54	1.461496
PRSS55	1.873221
PRSS56	5.157304
PRSS57	1.276498
PRSS8	2.564092
PRTFDC1	7.185034
PRTG	5.834964
PRTN3	12.024188
PRUNE1	2.789879
PRUNE2	3.030125
PRX	4.147879
PRXL2A	6.057895
PRXL2B	0.874803
PSAP	1.608046
PSAT1	9.050095
PSD	11.02172
PSD2	3.16213
PSD3	4.499379
PSD4	2.042657
PSEN1	3.383839
PSEN2	2.851339
PSENEN	6.608453
PSIP1	9.380387
PSKH1	3.227586
PSKH2	8.509314
PSMA1	6.491864
PSMA2	11.639256
PSMA3	7.696788
PSMA4	2.912634
PSMA5	1.908707
PSMA6	3.848539
PSMA7	4.195422
PSMA8	6.564871
PSMB1	10.040429
PSMB10	12.159185
PSMB11	4.799718
PSMB2	11.536604
PSMB3	2.293448
PSMB4	9.295108
PSMB5	10.654758
PSMB6	2.304345
PSMB7	8.213973
PSMB8	3.945818
PSMB9	7.325175
PSMC1	7.092723
PSMC2	2.546885
PSMC3	9.265371
PSMC3IP	4.916399
PSMC4	8.671808
PSMC5	0.949919
PSMC6	0.75787
PSMD1	3.310078
PSMD10	11.286882
PSMD11	10.407009
PSMD12	9.968133
PSMD13	0.652296
PSMD14	5.91699
PSMD2	7.412372
PSMD3	5.516619
PSMD4	6.389257
PSMD5	9.09329
PSMD6	7.54138
PSMD7	9.182265
PSMD8	6.074962
PSME1	8.526854
PSME2	9.350768
PSME3	7.091493
PSME4	7.505755
PSMF1	1.613465
PSMG1	0.653913
PSMG3	0.516272
PSMG4	0.337254
PSORS1C2	8.049907
PSPC1	3.491779
PSPN	8.457034
PSRC1	1.199931
PSTK	12.145591
PSTPIP1	2.873016
PSTPIP2	9.1921
PTAFR	3.488259
PTAR1	9.972356
PTBP1	2.391544
PTBP2	9.185681
PTBP3	8.903421
PTCD2	6.139111
PTCD3	8.552564
PTCH1	0.672759
PTCH2	9.173267
PTCHD1	8.021592
PTCHD4	10.734221
PTCRA	5.146543
PTDSS1	11.024516
PTDSS2	0.267052
PTEN	1.354963
PTER	11.014272
PTF1A	4.856179
PTGDR	6.421353
PTGDR2	1.616388
PTGDS	10.831189
PTGER1	11.306529
PTGER2	8.92323
PTGER3	7.692696
PTGER4	8.769789
PTGES	1.281132
PTGES2	0.506638
PTGES3	10.260243
PTGFR	0.675239
PTGFRN	2.96454
PTGIR	6.678176
PTGIS	10.88299
PTGR1	6.424638
PTGS1	1.59443
PTGS2	11.32456
PTH1R	7.829256
PTH2	9.687137
PTH2R	1.122268
PTHLH	4.08141
PTK2	5.598065
PTK2B	1.807109
PTK6	9.247835
PTK7	10.515729
PTMA	6.573791
PTMS	11.246675
PTN	3.754448
PTOV1	5.418222
PTP4A1	6.503352
PTP4A2	5.944037
PTP4A3	3.748353
PTPA	10.865377
PTPDC1	11.812257
PTPMT1	5.13896
PTPN1	2.210557
PTPN11	11.338437
PTPN12	3.11746
PTPN13	2.54073
PTPN14	1.393179
PTPN18	8.503812
PTPN2	0.411939
PTPN20	1.758158
PTPN22	2.678878
PTPN23	0.769471
PTPN3	12.091716
PTPN4	7.393231
PTPN5	7.348533
PTPN6	11.50924
PTPN7	2.030356
PTPN9	2.24346
PTPRA	4.016469
PTPRB	7.332225
PTPRC	9.536323
PTPRCAP	8.878805
PTPRD	0.564004
PTPRE	12.213636
PTPRF	0.802321
PTPRG	0.678407
PTPRJ	5.664379
PTPRK	3.25833
PTPRM	6.56209
PTPRN	6.671243
PTPRN2	3.4041
PTPRO	8.192689
PTPRQ	4.943302
PTPRR	11.550703
PTPRS	8.753058
PTPRT	0.94706
PTPRU	2.988245
PTPRZ1	11.993921
PTRH1	7.660274
PTRH2	11.997222
PTRHD1	2.53015
PTS	3.219953
PTTG1	7.579283
PTTG1IP	10.009511
PTTG2	10.410875
PTX3	2.956774
PTX4	9.771654
PUF60	2.679039
PUM1	11.690732
PUM2	9.995272
PUM3	4.670056
PURA	5.92208
PURB	10.632358
PURG	1.417803
PUS1	0.857907
PUS10	6.468216
PUS3	4.555407
PUS7	10.444506
PUS7L	11.457084
PUSL1	11.861502
PVALB	4.82357
PVALEF	1.103843
PVR	7.49767
PVRIG	2.584145
PVRL4	5.911875
PWP1	7.935348
PWWP2A	6.626593
PWWP2B	5.376921
PWWP3A	2.882399
PXDC1	6.715176
PXDN	4.979643
PXDNL	9.203379
PXK	10.881767
PXMP2	12.120064
PXN	3.028999
PXT1	4.034971
PXYLP1	6.639745
PYCARD	12.183981
PYCR1	1.371292
PYCR3	3.305234
PYDC2	7.058133
PYGB	7.849064
PYGL	3.118695
PYGM	0.700425
PYGO1	6.428327
PYGO2	10.375639
PYHIN1	8.214716
PYM1	3.310587
PYROXD1	3.470889
PYROXD2	1.614713
PYURF	0.31645
PYY	0.983248
PZP	2.656389
QARS	11.122128
QDPR	3.181479
QPCT	0.556837
QPCTL	9.331396
QPRT	7.69644
QRFPR	2.291552
QRICH1	2.387291
QRICH2	1.770381
QRSL1	4.954278
QSER1	3.571243
QSOX1	5.399436
QSOX2	1.107989
QTRT1	8.957025
QTRT2	4.970318
R3HCC1	8.771573
R3HCC1L	8.701794
R3HDM1	10.271122
R3HDM2	11.437746
R3HDM4	3.779425
R3HDML	4.907701
RAB10	5.36127
RAB11A	3.215613
RAB11B	3.32303
RAB11FIP1	3.52512
RAB11FIP2	7.358306
RAB11FIP3	10.797692
RAB11FIP4	6.908016
RAB12	0.404335
RAB13	10.974575
RAB14	8.949888
RAB15	0.984779
RAB17	3.462916
RAB18	2.331643
RAB19	2.025611
RAB1A	1.105584
RAB1B	1.877536
RAB20	2.439296
RAB21	5.981313
RAB22A	2.907869
RAB23	10.78704
RAB24	9.876155
RAB25	3.407856
RAB26	2.655155
RAB27A	7.610469
RAB27B	8.408954
RAB28	5.666584
RAB29	3.241339
RAB2A	1.150354
RAB2B	8.191031
RAB30	2.729425
RAB31	4.441452
RAB33A	0.853348
RAB33B	1.15353
RAB34	1.889821
RAB35	0.770728
RAB36	6.968113
RAB37	9.733046
RAB38	9.056187
RAB39A	6.853256
RAB39B	11.945839
RAB3A	8.287469
RAB3B	12.207433
RAB3C	3.383217
RAB3D	9.77653
RAB3GAP1	10.826856
RAB3GAP2	3.755489
RAB3IL1	6.332251
RAB3IP	7.352862
RAB40A	3.585702
RAB40AL	10.913057
RAB40B	1.151815
RAB40C	10.343099
RAB41	11.635427
RAB42	3.830629
RAB43	1.557513
RAB44	7.765372
RAB4A	9.461066
RAB5A	1.536373
RAB5B	5.115618
RAB5C	6.915365
RAB5IF	11.473446
RAB6A	3.503605
RAB6B	5.603764
RAB7A	5.71441
RAB7B	11.903657
RAB8A	1.188978
RAB8B	10.567166
RAB9A	9.316015
RAB9B	4.312067
RABAC1	6.974346
RABEP1	3.563044
RABEP2	5.527454
RABEPK	1.944739
RABGAP1	5.080905
RABGAP1L	5.752193
RABGGTA	11.426359
RABGGTB	9.129025
RABIF	3.942688
RABL3	8.626358
RABL6	0.305901
RAC1	4.898658
RAC2	8.914209
RAC3	5.525984
RACGAP1	7.917091
RACK1	7.093741
RAD1	1.542445
RAD17	10.332877
RAD18	10.017891
RAD21	2.211394
RAD21L1	7.352721
RAD23A	7.774596
RAD23B	1.64392
RAD51	0.719746
RAD51AP1	1.635714
RAD51AP2	11.921345
RAD51B	2.122421
RAD51C	4.735324
RAD51D	6.009146
RAD52	8.721941
RAD54L	4.410528
RAD54L2	12.123228
RAD9A	7.619938
RAD9B	11.473236
RADIL	10.906121
RADX	7.336696
RAE1	9.542915
RAF1	5.156159
RAG1	5.993832
RAG2	10.953947
RAI1	1.111728
RAI14	2.563312
RALA	7.053501
RALB	5.448463
RALGAPA1	6.421749
RALGAPA2	1.480073
RALGAPB	5.187249
RALGPS1	6.546144
RALGPS2	7.757165
RALY	10.480553
RALYL	7.49829
RAMAC	8.322943
RAMP1	9.609738
RAMP2	8.953279
RAMP3	0.518377
RAN	6.927151
RANBP1	2.205051
RANBP10	4.68197
RANBP17	5.291526
RANBP2	8.968328
RANBP3	6.605447
RANBP3L	7.450364
RANBP9	1.901069
RANGAP1	0.377584
RANGRF	7.012469
RAP1A	11.191628
RAP1B	6.098154
RAP1GAP	0.81206
RAP1GAP2	10.04933
RAP1GDS1	3.091892
RAP2A	2.827147
RAP2B	6.151507
RAP2C	1.875824
RAPGEF1	6.391981
RAPGEF2	4.471369
RAPGEF3	0.82203
RAPGEF4	2.205359
RAPGEF5	7.844966
RAPGEFL1	8.430682
RAPH1	2.944495
RAPSN	9.630055
RARA	4.908539
RARB	0.943968
RARG	8.949672
RARRES1	10.930454
RARRES2	11.977569
RARS	6.485496
RARS2	8.279046
RASA1	9.467928
RASA2	7.053816
RASA3	2.624032
RASAL1	4.760563
RASAL2	3.614888
RASAL3	5.399101
RASD1	2.469443
RASD2	8.406319
RASEF	0.519911
RASGEF1A	12.241159
RASGEF1B	5.604103
RASGEF1C	6.876279
RASGRF1	4.540937
RASGRF2	6.995747
RASGRP1	1.335869
RASGRP2	3.846389
RASGRP3	11.223717
RASGRP4	3.348165
RASIP1	1.743809
RASL10A	0.844788
RASL10B	10.779046
RASL11A	4.108872
RASL11B	2.58757
RASL12	2.953161
RASSF1	1.967958
RASSF10	7.670688
RASSF2	8.688008
RASSF3	1.65646
RASSF4	2.686696
RASSF5	10.607441
RASSF6	10.379442
RASSF7	4.092249
RASSF8	1.786779
RASSF9	8.409403
RAVER2	5.521997
RAX2	10.334397
RB1	11.785319
RB1CC1	7.226847
RBAK	3.71036
RBBP4	7.890322
RBBP5	6.254181
RBBP6	0.357117
RBBP7	7.931665
RBBP8	7.23938
RBBP9	11.344845
RBCK1	11.531726
RBFA	4.560177
RBFOX1	9.515894
RBFOX2	2.489396
RBFOX3	2.753998
RBKS	6.638996
RBL1	10.128595
RBL2	3.626658
RBM10	7.40832
RBM11	1.483884
RBM12	11.851051
RBM12B	2.914239
RBM15	11.698508
RBM15B	5.583665
RBM17	6.278322
RBM18	7.767055
RBM19	2.344296
RBM20	3.380793
RBM22	5.568508
RBM23	8.213589
RBM24	9.229574
RBM25	0.618535
RBM26	10.020915
RBM28	9.608868
RBM3	9.928838
RBM33	4.488304
RBM34	4.852617
RBM38	1.65188
RBM39	7.846095
RBM4	7.361593
RBM41	10.73757
RBM42	4.446149
RBM43	8.115413
RBM44	5.277317
RBM45	2.423635
RBM46	0.48991
RBM47	10.921517
RBM48	9.63155
RBM4B	3.291582
RBM5	3.958856
RBM8A	1.680367
RBMS1	9.062829
RBMS2	6.258476
RBMS3	3.371488
RBMX	9.955312
RBMX2	2.245552
RBMXL2	7.073651
RBP1	5.893743
RBP3	10.881989
RBP4	11.760717
RBP5	2.528732
RBP7	6.086715
RBPJ	4.433373
RBPJL	11.222621
RBPMS	8.542282
RBPMS2	9.112063
RBSN	3.617567
RBX1	5.157932
RC3H1	4.589066
RC3H2	1.236761
RCAN1	6.850807
RCAN2	10.594433
RCAN3	2.022811
RCBTB1	3.128921
RCBTB2	0.602979
RCC1L	1.549474
RCC2	5.484211
RCCD1	3.262848
RCE1	1.383554
RCHY1	3.379065
RCL1	5.985294
RCN1	6.800335
RCN2	5.052388
RCN3	9.632721
RCOR1	10.221103
RCOR2	2.22751
RCOR3	11.258802
RCSD1	4.24765
RCVRN	6.929594
RD3	10.447888
RD3L	8.871741
RDH10	6.966853
RDH11	3.779016
RDH12	11.788753
RDH13	0.362885
RDH14	8.105849
RDH5	3.603906
RDM1	8.89242
RDX	2.508667
REC114	6.10971
REC8	6.425824
RECK	8.161894
RECQL	10.787439
RECQL4	5.827589
RECQL5	2.807177
REELD1	2.971246
REEP1	8.310748
REEP2	7.061341
REEP3	7.989369
REEP4	11.247621
REEP5	8.534346
REEP6	1.012203
REG4	11.813164
REL	7.110496
RELA	11.321232
RELB	8.263823
RELCH	1.372018
RELL1	5.745313
RELL2	0.944082
RELN	4.226215
RELT	4.490454
REM1	5.292603
REM2	12.219434
REN	10.216943
RENBP	9.502419
REPIN1	8.952734
REPS1	1.503913
REPS2	0.830862
RER1	8.28193
RERE	5.514302
RERG	0.55037
RERGL	2.539342
RESF1	6.159324
RESP18	6.980982
REST	4.168241
RET	10.849818
RETNLB	5.119356
RETREG1	4.402828
RETREG2	11.235565
RETREG3	0.554773
RETSAT	1.642883
REV1	8.654959
REV3L	2.132823
REX1BD	7.445548
REXO1	3.033918
REXO2	11.721458
REXO4	7.849194
REXO5	11.644743
RF00001	3.644549
RF00002	2.95319
RF00003	4.376311
RF00004	9.22897
RF00006	7.7691
RF00007	6.622997
RF00009	4.254379
RF00012	10.896552
RF00015	6.50236
RF00016	3.505001
RF00017	5.856171
RF00019	2.367617
RF00020	5.307791
RF00024	1.628014
RF00026	9.092021
RF00030	10.18614
RF00045	10.458127
RF00049	3.014115
RF00054	2.591147
RF00055	4.994556
RF00056	3.034355
RF00066	5.829704
RF00067	10.578878
RF00068	0.371219
RF00069	7.823785
RF00071	8.075225
RF00072	8.695392
RF00085	8.868479
RF00086	0.640921
RF00087	4.05243
RF00088	1.306297
RF00089	6.343155
RF00090	1.616232
RF00091	3.298953
RF00092	0.792854
RF00093	4.129245
RF00096	11.394993
RF00099	0.713892
RF00100	1.870726
RF00105	4.581876
RF00108	9.896025
RF00133	6.834966
RF00134	12.19647
RF00136	2.05951
RF00137	10.877219
RF00138	2.813533
RF00139	8.640025
RF00147	3.151061
RF00150	8.375095
RF00151	0.584461
RF00152	10.752461
RF00153	0.340062
RF00154	2.565591
RF00155	9.248562
RF00156	3.724194
RF00157	6.939221
RF00158	5.075193
RF00181	12.167108
RF00188	8.636424
RF00189	3.22535
RF00190	12.139676
RF00191	6.643056
RF00211	2.115263
RF00212	10.952605
RF00213	3.607147
RF00217	6.771687
RF00218	10.855512
RF00221	9.295273
RF00231	1.460933
RF00263	9.321137
RF00264	2.743306
RF00265	9.705844
RF00266	7.362263
RF00270	10.581685
RF00272	5.754449
RF00273	3.584396
RF00275	6.059559
RF00276	6.531689
RF00277	5.541662
RF00278	7.963852
RF00279	7.451541
RF00280	0.597421
RF00282	4.223673
RF00283	6.226601
RF00284	4.478937
RF00285	4.310891
RF00286	8.004345
RF00287	6.749307
RF00288	10.351642
RF00289	1.8974
RF00302	4.978788
RF00309	0.780043
RF00319	4.395278
RF00322	1.284354
RF00324	10.769642
RF00325	3.364022
RF00334	8.838509
RF00340	5.169204
RF00341	8.981877
RF00342	7.920738
RF00377	11.613636
RF00392	1.635803
RF00393	1.539194
RF00394	3.884832
RF00396	0.272428
RF00397	2.738793
RF00398	7.068087
RF00399	3.721836
RF00400	5.985092
RF00401	2.935052
RF00402	12.145883
RF00403	2.452612
RF00404	0.822264
RF00405	8.411121
RF00406	1.746276
RF00408	4.101935
RF00409	5.52211
RF00410	2.862285
RF00411	3.061348
RF00412	8.87927
RF00413	2.374246
RF00414	5.199178
RF00415	8.928665
RF00416	2.178721
RF00417	3.911667
RF00418	2.065889
RF00419	6.653076
RF00420	7.476492
RF00421	7.722006
RF00422	5.432862
RF00424	6.213735
RF00425	7.035955
RF00426	2.345626
RF00427	6.579593
RF00428	11.364496
RF00429	5.839713
RF00430	0.815221
RF00431	9.26926
RF00432	9.286234
RF00438	5.159608
RF00439	2.816269
RF00440	6.540653
RF00443	6.004789
RF00478	9.799093
RF00492	11.962621
RF00493	11.32183
RF00494	6.067475
RF00548	7.688571
RF00553	2.112385
RF00554	3.281392
RF00561	4.93938
RF00562	6.714129
RF00563	12.15129
RF00564	5.003129
RF00565	1.126457
RF00566	4.626368
RF00567	9.402514
RF00568	1.342493
RF00569	10.31439
RF00570	0.622916
RF00571	4.940223
RF00572	5.309197
RF00573	1.144189
RF00574	6.113546
RF00575	3.749017
RF00576	10.469819
RF00578	2.471037
RF00579	3.413908
RF00580	11.493939
RF00581	0.576607
RF00582	7.003483
RF00584	9.300242
RF00586	1.913421
RF00588	1.871895
RF00593	8.01858
RF00594	6.018284
RF00598	0.662329
RF00599	3.964562
RF00600	0.634681
RF00601	11.568166
RF00602	9.87709
RF00603	1.002593
RF00604	5.645368
RF00606	4.130066
RF00608	3.425164
RF00610	4.225935
RF00611	4.432497
RF00613	11.244543
RF00614	8.067073
RF00618	4.868072
RF00619	7.501825
RF00622	9.694697
RF01156	9.034478
RF01158	4.811957
RF01161	0.743475
RF01164	2.389097
RF01168	4.26005
RF01169	11.346744
RF01173	0.999988
RF01182	6.200315
RF01183	2.474362
RF01186	8.46678
RF01191	1.422514
RF01192	4.449048
RF01210	6.253761
RF01211	5.355358
RF01225	11.148054
RF01229	6.150708
RF01233	5.692791
RF01234	6.289895
RF01241	8.187743
RF01268	7.594529
RF01278	10.322634
RF01290	3.973807
RF01291	9.490167
RF01293	2.383982
RF01294	7.419027
RF01295	1.783055
RF01296	3.975274
RF01299	3.516121
RF01383	0.455115
RF01518	7.311415
RF01684	0.78841
RF01778	8.881662
RF01848	10.326385
RF01871	7.980093
RF01874	8.700229
RF01875	8.510596
RF01876	9.201833
RF01877	11.62996
RF01879	9.635012
RF01881	9.503089
RF01882	8.146994
RF01883	8.280734
RF01891	6.655153
RF01892	0.394297
RF01909	10.527327
RF01946	4.977754
RF01947	0.716056
RF01948	2.3276
RF01950	8.176108
RF01951	2.158519
RF01953	3.443653
RF01954	6.306957
RF01955	2.034409
RF01956	9.913011
RF01957	2.712808
RF01962	4.534198
RF01963	8.078923
RF01964	6.174486
RF01965	11.683009
RF01966	1.501545
RF01967	3.53449
RF01968	7.637155
RF01969	9.773672
RF01970	5.01633
RF01971	3.777653
RF01972	1.408915
RF01983	8.435504
RF01984	8.210843
RF01985	7.526136
RF01986	9.585111
RF01987	3.896566
RF02044	1.699567
RF02045	7.525625
RF02101	11.620975
RF02102	2.592463
RF02103	0.661626
RF02104	0.607913
RF02109	1.176077
RF02110	11.538121
RF02113	2.951684
RF02114	6.619185
RF02115	7.003886
RF02116	3.46857
RF02120	9.000865
RF02121	9.525968
RF02122	5.844831
RF02123	5.755918
RF02124	4.734805
RF02126	1.130341
RF02134	9.012583
RF02135	0.755208
RF02136	6.220523
RF02145	1.04424
RF02146	1.98835
RF02147	10.822523
RF02148	9.191881
RF02149	9.297587
RF02150	6.461058
RF02159	5.414974
RF02160	1.740841
RF02161	3.351767
RF02164	10.208745
RF02165	7.765468
RF02166	5.84941
RF02167	2.497439
RF02168	1.111245
RF02169	6.437243
RF02170	0.655367
RF02174	3.628131
RF02175	9.102659
RF02176	1.139958
RF02180	11.286645
RF02181	11.702171
RF02182	7.078923
RF02183	11.299812
RF02184	6.907499
RF02185	2.712112
RF02186	2.412346
RF02187	6.728554
RF02188	9.007655
RF02189	5.877839
RF02190	3.542291
RF02191	6.420372
RF02192	7.536004
RF02195	11.105192
RF02196	10.230737
RF02198	0.934456
RF02199	0.981137
RF02200	8.125991
RF02201	7.515697
RF02215	8.436528
RF02216	7.348994
RF02217	4.786375
RF02271	5.613024
RF02275	7.591356
RFC1	2.039294
RFC2	3.894909
RFC3	7.291932
RFC4	1.907943
RFC5	3.04198
RFESD	1.520679
RFFL	2.16494
RFLNA	10.857248
RFLNB	9.022948
RFNG	5.983491
RFTN1	10.6087
RFTN2	8.327515
RFWD3	5.156745
RFX1	10.120016
RFX2	0.332035
RFX3	10.812348
RFX4	1.702114
RFX5	0.308187
RFX7	6.994449
RFX8	11.33694
RFXANK	1.946507
RFXAP	1.160854
RGCC	8.286496
RGL1	7.528619
RGL2	5.168644
RGL3	5.594646
RGMA	3.102551
RGMB	9.608985
RGN	3.647465
RGP1	8.004501
RGR	1.665973
RGS1	0.677393
RGS10	12.076642
RGS11	7.152389
RGS12	0.358705
RGS14	10.691368
RGS16	6.163501
RGS17	3.117429
RGS18	6.71054
RGS19	1.788426
RGS2	2.777452
RGS20	8.917595
RGS22	4.124937
RGS3	8.5969
RGS4	1.172981
RGS5	9.441587
RGS6	1.284452
RGS7	9.510864
RGS7BP	10.174905
RGS8	10.320386
RGS9	4.768079
RGS9BP	11.253288
RGSL1	8.094991
RHAG	0.746932
RHBDD1	1.317281
RHBDD2	1.776148
RHBDD3	7.531543
RHBDF1	2.008666
RHBDF2	1.042127
RHBDL1	1.001872
RHBDL2	10.171379
RHBDL3	1.108464
RHBG	0.988835
RHCG	9.332162
RHEB	1.865053
RHEBL1	11.656251
RHEX	9.97549
RHNO1	10.02117
RHO	5.985253
RHOB	1.050336
RHOBTB1	6.303346
RHOBTB2	10.840206
RHOBTB3	11.123786
RHOC	7.388531
RHOD	11.786695
RHOF	4.808222
RHOG	6.607111
RHOH	1.342451
RHOJ	11.216086
RHOQ	8.42205
RHOT1	2.573236
RHOT2	7.738637
RHOU	0.434276
RHOV	1.333188
RHOXF1	2.855527
RHPN1	8.550841
RHPN2	0.83607
RIBC1	9.511829
RIBC2	10.665578
RIC1	10.364975
RIC3	5.920565
RIC8A	11.068562
RIC8B	9.673065
RICTOR	1.512121
RIDA	9.235795
RIF1	2.111204
RIIAD1	7.045798
RILP	10.284285
RILPL1	4.205768
RILPL2	9.299447
RIMBP2	2.595961
RIMKLA	5.678384
RIMS1	11.1074
RIMS2	7.757513
RIMS3	6.180404
RIMS4	4.479008
RIN1	7.165176
RIN2	10.150779
RIN3	7.055381
RING1	6.836919
RINL	7.254164
RINT1	8.792089
RIOK1	6.412892
RIOK2	1.005584
RIOK3	4.141986
RIOX1	1.458662
RIOX2	1.300205
RIPK1	2.011554
RIPK2	8.780741
RIPK3	6.607437
RIPK4	1.637072
RIPOR1	6.678221
RIPOR2	10.360231
RIPOR3	8.977306
RIPPLY1	5.219337
RIPPLY2	8.82098
RIPPLY3	7.09343
RIT1	9.226523
RIT2	4.947438
RITA1	4.05809
RLBP1	1.985826
RLF	5.467359
RLIM	8.616406
RLN2	9.156221
RMC1	11.405797
RMDN1	6.321443
RMDN2	11.307347
RMDN3	9.13022
RMI1	3.243491
RMI2	11.633976
RMND1	9.140958
RMND5A	2.128989
RMND5B	8.173943
RNASE4	1.848473
RNASE6	0.399855
RNASEH2A	7.549783
RNASEK	8.187793
RNASEL	8.551112
RNASET2	6.345921
RND1	6.906987
RND2	8.798676
RND3	11.575538
RNF10	8.936904
RNF103	6.773203
RNF11	5.070033
RNF111	0.948044
RNF112	5.647834
RNF113A	2.221248
RNF114	9.547855
RNF115	9.328883
RNF121	2.488059
RNF122	4.158347
RNF123	7.072725
RNF125	6.815869
RNF128	7.101303
RNF13	1.730661
RNF130	8.623707
RNF135	3.943411
RNF138	0.672551
RNF139	10.46127
RNF14	4.601672
RNF141	11.519007
RNF144A	10.67026
RNF144B	2.412202
RNF145	10.193134
RNF146	3.965722
RNF149	1.019896
RNF150	0.936795
RNF151	10.996913
RNF152	8.476182
RNF157	0.951121
RNF165	2.626126
RNF166	4.788
RNF167	2.686917
RNF168	11.230605
RNF169	5.787369
RNF17	6.683576
RNF170	3.037038
RNF175	8.197108
RNF180	3.079941
RNF181	3.287386
RNF182	5.479843
RNF185	10.524625
RNF187	3.074044
RNF19A	11.310009
RNF19B	8.64727
RNF2	11.953422
RNF20	2.452129
RNF207	3.760989
RNF208	10.388275
RNF212	10.642135
RNF212B	3.208088
RNF214	7.077097
RNF215	3.674489
RNF216	5.74535
RNF217	5.616001
RNF219	7.611047
RNF220	11.469817
RNF225	4.506514
RNF227	9.760222
RNF24	6.532814
RNF25	7.754498
RNF26	5.30435
RNF32	9.986905
RNF34	7.787314
RNF38	4.923415
RNF39	8.329061
RNF4	5.559743
RNF40	4.937757
RNF41	3.773667
RNF44	2.61581
RNF5	3.90939
RNF6	10.386113
RNF7	6.826996
RNF8	7.170955
RNFT1	8.096538
RNFT2	11.295951
RNGTT	7.134123
RNH1	7.907434
RNLS	11.579436
RNMT	7.606028
RNPC3	6.399721
RNPEP	11.302948
RNPEPL1	7.859467
RO60	5.078065
ROBO1	0.871072
ROBO2	9.856528
ROBO3	4.005808
ROBO4	2.964666
ROCK1	10.573325
ROCK2	3.499255
ROGDI	6.009818
ROM1	1.410969
ROMO1	11.591263
ROPN1B	3.093245
ROPN1L	7.381178
ROR1	6.405721
ROR2	9.50998
RORA	7.78388
RORB	8.779493
RORC	4.658392
ROS1	9.035162
RP1	8.080765
RP1L1	3.065263
RP2	1.95229
RP9	3.363888
RPA2	8.884939
RPAIN	5.518682
RPAP1	11.059687
RPAP2	4.477657
RPAP3	1.476807
RPE65	11.377981
RPF1	9.42988
RPF2	11.953205
RPGRIP1	6.177094
RPGRIP1L	6.314691
RPH3A	11.660444
RPH3AL	6.703979
RPIA	9.726788
RPL10	3.396747
RPL10A	9.538981
RPL13A	1.982748
RPL15	2.335728
RPL18	3.515191
RPL18A	8.223395
RPL19	3.714918
RPL22	5.639163
RPL26L1	2.868166
RPL27	8.992063
RPL27A	3.669528
RPL28	1.549676
RPL3	10.151324
RPL30	2.273901
RPL31	9.179033
RPL32	4.925638
RPL35A	5.565043
RPL36	11.035447
RPL39L	7.534642
RPL3L	10.486489
RPL4	5.974841
RPL5	8.362879
RPL7	2.14189
RPL7A	9.734495
RPL8	5.131814
RPL9	10.454092
RPLP0	7.69199
RPLP2	6.38659
RPN1	5.988519
RPN2	3.895803
RPP14	8.707484
RPP25	10.971115
RPP30	2.619994
RPP40	9.95647
RPRD1A	7.444449
RPRD1B	1.167068
RPRD2	7.749984
RPRM	4.888666
RPRML	6.425726
RPS10	11.07758
RPS11	1.34985
RPS13	6.133351
RPS14	3.267481
RPS15	0.775231
RPS15A	10.205679
RPS16	9.221329
RPS17	4.710449
RPS18	0.858332
RPS19	7.337086
RPS19BP1	10.374928
RPS2	7.164547
RPS20	6.501027
RPS21	2.906359
RPS23	10.135707
RPS25	12.026048
RPS27L	1.123916
RPS29	4.291748
RPS3A	5.145658
RPS4X	8.380478
RPS5	6.506758
RPS6	1.794081
RPS6KA1	8.293869
RPS6KA2	5.125649
RPS6KA3	8.600804
RPS6KA4	11.834131
RPS6KA5	1.977487
RPS6KA6	5.273637
RPS6KB1	12.101515
RPS6KB2	6.914432
RPS6KC1	1.147802
RPS6KL1	3.241569
RPS7	6.192482
RPS8	10.463773
RPS9	0.519462
RPSA	9.0403
RPTN	10.012048
RPTOR	4.145003
RPUSD1	4.142224
RPUSD2	9.130444
RPUSD3	12.098817
RPUSD4	2.770553
RQCD1	10.991597
RRAD	7.087803
RRAGA	9.624921
RRAGB	3.570576
RRAGC	7.683218
RRAGD	10.39679
RRAS	0.723176
RRAS2	11.553506
RRBP1	9.777474
RREB1	6.365402
RRH	11.459199
RRM1	0.559499
RRM2	1.07456
RRM2B	8.780308
RRN3	2.955773
RRNAD1	0.332875
RRP1	0.711042
RRP12	2.158308
RRP15	8.610291
RRP1B	6.08402
RRP36	11.496075
RRP7A	8.391683
RRP8	3.819765
RRP9	6.050679
RRS1	9.847186
RS1	1.926441
RSAD1	2.182383
RSAD2	11.323312
RSBN1	7.276763
RSBN1L	2.503037
RSF1	3.071723
RSKR	9.953632
RSL1D1	9.685464
RSL24D1	7.373377
RSPH1	5.136099
RSPH14	7.978109
RSPH3	7.600059
RSPH4A	1.660722
RSPH6A	1.324865
RSPH9	6.36693
RSPO1	6.943263
RSPO2	7.975421
RSPO3	6.14493
RSPO4	8.894238
RSPRY1	0.558249
RSRC1	7.135354
RSRC2	8.691074
RSRP1	1.778429
RSU1	10.290993
RTBDN	9.050131
RTCA	0.532159
RTCB	5.634921
RTF1	4.713042
RTF2	4.878517
RTKN	3.608448
RTKN2	7.923108
RTL1	12.02291
RTL5	8.794917
RTL6	4.215562
RTL9	3.490187
RTN1	10.963594
RTN2	7.315347
RTN3	0.63216
RTN4	2.935759
RTN4IP1	9.353903
RTN4R	8.733912
RTN4RL1	9.718675
RTN4RL2	9.478113
RTP1	5.153443
RTP2	0.976412
RTP4	12.008796
RTP5	8.388783
RTRAF	5.300443
RTTN	5.208531
RUBCN	3.798317
RUBCNL	6.592442
RUFY1	4.272582
RUFY2	1.75828
RUFY3	0.893814
RUFY4	4.169188
RUNDC1	2.074958
RUNDC3A	4.767947
RUNDC3B	11.061768
RUNX1	12.039769
RUNX1T1	1.570376
RUNX2	7.339762
RUNX3	9.852205
RUSC1	2.13527
RUSC2	8.000451
RUVBL1	8.943378
RUVBL2	1.850569
RWDD1	2.11508
RWDD2A	4.139908
RWDD2B	10.317601
RWDD3	6.811494
RWDD4	0.414824
RXFP1	1.524513
RXFP2	10.123866
RXFP3	8.209759
RXFP4	8.805471
RXRA	6.923836
RXRB	1.71564
RXRG	4.085513
RXYLT1	8.758194
RYBP	4.067803
RYK	5.654831
RYR1	7.291806
RYR2	6.572972
RYR3	4.477855
S100A1	4.144686
S100A10	8.326238
S100A13	3.194826
S100A14	10.024708
S100A16	12.142776
S100A2	10.218331
S100A4	9.843016
S100A5	6.432802
S100A6	6.934592
S100A8	10.74106
S100A9	8.566116
S100B	0.330931
S100P	8.754852
S100PBP	9.862134
S1PR1	11.646039
S1PR2	0.866429
S1PR3	7.610978
S1PR4	8.446205
SAA2	4.456543
SAA4	11.999848
SAAL1	8.966573
SAC3D1	1.948238
SACM1L	4.371945
SACS	6.128257
SAE1	6.52837
SAFB	11.874382
SAFB2	4.955447
SAG	11.64283
SALL1	0.893625
SALL2	8.211844
SALL3	8.732936
SALL4	9.79861
SAMD1	4.508743
SAMD10	10.538886
SAMD11	9.315684
SAMD13	7.979898
SAMD14	3.264375
SAMD15	5.370427
SAMD3	3.613265
SAMD4A	2.561575
SAMD4B	8.935113
SAMD5	3.300601
SAMD7	3.509595
SAMD8	1.572732
SAMD9	1.086911
SAMHD1	6.130826
SAMM50	11.112973
SAMSN1	4.863028
SAP130	1.512945
SAP18	11.880899
SAP25	10.448165
SAP30	0.606199
SAP30BP	11.905561
SAP30L	7.107959
SAPCD1	8.331298
SAPCD2	6.240751
SAR1A	11.664222
SAR1B	11.741286
SARAF	3.537864
SARDH	4.247791
SARM1	0.78057
SARNP	7.847659
SARS	6.136811
SARS2	2.277046
SART1	3.708051
SART3	11.397948
SASH1	2.659531
SASH3	5.031049
SASS6	5.758018
SAT1	3.028573
SAT2	4.007327
SATB1	1.169251
SATB2	4.18239
SATL1	9.609394
SAV1	5.248814
SAXO1	10.183864
SAYSD1	2.116579
SBDS	6.648221
SBF1	1.217324
SBF2	5.023776
SBK1	1.848882
SBK2	12.107139
SBNO1	7.647742
SBNO2	6.116514
SBSN	3.307434
SBSPON	11.56341
SC5D	9.637928
SCAF1	11.565448
SCAF11	9.035366
SCAF4	2.445139
SCAF8	7.150931
SCAI	7.507954
SCAMP1	11.196084
SCAMP2	0.64431
SCAMP4	11.646117
SCAMP5	0.497769
SCAP	9.596035
SCAPER	4.132737
SCARA3	7.366657
SCARA5	1.280447
SCARB1	4.031424
SCARB2	10.387918
SCARF1	2.161644
SCARF2	11.495003
SCART1	1.847414
SCCPDH	10.081658
SCD	10.667709
SCD5	2.915238
SCEL	2.056628
SCFD1	3.912127
SCFD2	0.775383
SCG3	0.994669
SCG5	2.665342
SCGB1A1	9.157382
SCGB1D2	9.373833
SCGB1D4	12.028449
SCGB3A1	7.529356
SCGB3A2	0.472687
SCGN	9.324823
SCIMP	12.106582
SCIN	3.815832
SCLT1	1.765507
SCLY	3.537227
SCMH1	3.304671
SCML1	6.001753
SCML2	5.168512
SCML4	5.983008
SCN10A	4.754731
SCN11A	11.942999
SCN1A	5.135463
SCN1B	0.673817
SCN2A	9.750096
SCN2B	0.337422
SCN3A	3.646167
SCN3B	5.924494
SCN4A	2.107639
SCN4B	7.978095
SCN5A	4.988005
SCN7A	9.538933
SCN8A	8.292639
SCN9A	7.08925
SCNM1	3.807687
SCNN1A	3.21895
SCNN1B	8.356212
SCNN1D	7.491842
SCNN1G	10.763793
SCO1	11.789804
SCOC	6.062553
SCP2	9.994702
SCPEP1	10.031215
SCRG1	6.074616
SCRIB	11.380002
SCRN1	3.245689
SCRN2	12.137485
SCRN3	3.862323
SCRT1	0.924191
SCRT2	8.506051
SCTR	3.092042
SCUBE1	5.932901
SCUBE2	8.508337
SCUBE3	10.267987
SCX	1.638936
SCYGR1	4.900694
SCYGR2	8.559131
SCYGR5	11.904323
SCYL1	2.583624
SCYL2	10.706362
SCYL3	7.645507
SDAD1	6.57495
SDC1	9.468804
SDC2	9.317835
SDC3	1.143435
SDC4	8.641342
SDCBP	3.562015
SDCBP2	11.011182
SDCCAG8	6.351174
SDE2	8.904321
SDF2	1.39751
SDF2L1	8.279078
SDF4	3.188118
SDHAF1	1.52136
SDHAF2	2.097336
SDHAF4	9.243059
SDHB	7.538956
SDHD	1.00009
SDK1	0.414936
SDK2	5.86256
SDR16C5	3.291715
SDR39U1	7.730096
SDR42E1	12.16541
SDR42E2	11.757941
SDR9C7	4.610933
SDS	9.923158
SDSL	3.063941
SEBOX	6.480999
SEC11A	1.345214
SEC11C	12.159049
SEC13	6.216784
SEC14L1	6.722136
SEC14L2	9.391251
SEC14L3	1.486582
SEC14L4	3.550467
SEC14L5	7.653234
SEC16A	3.721477
SEC16B	9.462074
SEC22A	5.600528
SEC22B	9.19709
SEC22C	0.881595
SEC23A	4.447521
SEC23B	1.389039
SEC23IP	11.113408
SEC24A	0.797394
SEC24B	10.068748
SEC24D	11.289615
SEC31A	1.274313
SEC31B	8.038565
SEC61A1	8.404289
SEC61A2	2.252602
SEC61G	10.447981
SEC62	10.397292
SEC63	1.032054
SECISBP2	10.453133
SECISBP2L	1.851101
SECTM1	7.153094
SEH1L	1.889988
SEL1L	8.987481
SEL1L2	6.962014
SEL1L3	7.938076
SELE	2.240557
SELENBP1	5.651836
SELENOF	5.696
SELENOH	0.338043
SELENOI	8.133415
SELENOK	8.714235
SELENOM	2.249696
SELENON	1.695086
SELENOO	4.809311
SELENOS	9.630727
SELENOT	11.124768
SELENOV	0.717835
SELENOW	1.463405
SELL	2.240367
SELP	1.544862
SELPLG	3.106136
SEM1	1.749181
SEMA3A	0.323344
SEMA3B	2.40159
SEMA3C	8.171655
SEMA3D	9.349791
SEMA3E	8.58872
SEMA3F	6.060716
SEMA3G	4.467864
SEMA4A	10.675958
SEMA4B	3.668929
SEMA4C	3.913562
SEMA4D	0.515882
SEMA4F	8.887251
SEMA4G	4.452476
SEMA5A	5.929831
SEMA5B	9.416275
SEMA6A	8.362951
SEMA6B	1.250197
SEMA6C	8.87025
SEMA6D	12.014608
SEMA7A	2.146758
SENP2	11.498664
SENP5	9.346179
SENP6	5.57402
SENP7	7.57867
SENP8	4.846403
SEPHS1	8.809053
SEPSECS	10.082213
SEPT1	8.179964
SEPT10	3.84711
SEPT11	9.163604
SEPT12	6.066233
SEPT14	2.920918
SEPT2	4.5722
SEPT4	3.210153
SEPT5	1.942549
SEPT6	7.398646
SEPT7	8.365484
SEPT8	3.300384
SEPT9	6.065807
SERAC1	10.190433
SERBP1	8.937017
SERF2	11.854152
SERGEF	10.810929
SERINC1	8.260319
SERINC2	9.113095
SERINC3	5.825233
SERINC4	8.236704
SERINC5	10.561981
SERP1	5.264862
SERP2	6.220321
SERPINA1	8.860406
SERPINA10	12.020395
SERPINA12	7.005522
SERPINA3	4.866463
SERPINA5	5.522347
SERPINA9	8.427109
SERPINB1	7.532031
SERPINB12	4.211101
SERPINB13	5.803359
SERPINB2	11.245034
SERPINB5	1.340018
SERPINB6	5.426269
SERPINB7	5.334243
SERPINB8	9.549625
SERPINB9	2.997219
SERPINC1	6.77239
SERPIND1	1.946749
SERPINE1	10.752069
SERPINE2	3.360876
SERPINE3	9.175073
SERPINF1	11.750998
SERPINF2	1.457143
SERPING1	10.453069
SERPINH1	0.394228
SERPINI1	9.373108
SERPINI2	7.983835
SERTAD1	1.981048
SERTAD2	0.35852
SERTAD3	7.457118
SERTAD4	0.843096
SERTM1	9.094034
SERTM2	9.906287
SESN1	9.832727
SESN2	0.262318
SESN3	7.312413
SESTD1	2.007834
SETBP1	2.275087
SETD1A	11.288121
SETD1B	1.576271
SETD2	5.042296
SETD3	10.971773
SETD4	1.970594
SETD5	2.579647
SETD6	7.461056
SETD7	10.6945
SETD9	3.274406
SETDB1	6.524015
SETDB2	6.844028
SETMAR	10.600646
SETX	3.441474
SEZ6	9.326295
SEZ6L	11.394885
SEZ6L2	10.282161
SF1	6.140385
SF3A1	2.04427
SF3A2	4.347291
SF3A3	8.473021
SF3B2	3.277848
SF3B3	1.110539
SF3B4	8.230083
SF3B5	4.314778
SF3B6	8.993297
SFI1	4.706403
SFMBT1	10.360082
SFMBT2	6.320129
SFN	0.396068
SFPQ	0.356304
SFR1	6.378586
SFRP1	11.652408
SFRP2	4.26822
SFRP4	6.305712
SFRP5	3.073733
SFSWAP	1.23348
SFT2D1	4.244961
SFT2D2	3.697578
SFT2D3	0.343523
SFTA2	7.860335
SFTA3	11.757671
SFTPB	0.379661
SFTPC	7.076684
SFXN1	2.155733
SFXN2	8.396849
SFXN3	3.074729
SFXN4	10.270584
SFXN5	5.446039
SGCA	11.605768
SGCB	11.01268
SGCD	4.712766
SGCE	9.692507
SGCG	5.854554
SGCZ	3.693256
SGF29	5.755062
SGIP1	1.337319
SGK1	8.015506
SGK2	8.756462
SGK3	9.127749
SGMS1	3.220005
SGMS2	11.596627
SGO1	8.732838
SGO2	6.350964
SGPL1	8.00526
SGPP1	11.700487
SGPP2	1.935389
SGSH	9.92503
SGSM1	3.227953
SGSM2	1.385484
SGSM3	9.879713
SGTA	10.280037
SGTB	1.99875
SH2B2	10.419696
SH2B3	0.648796
SH2D1A	0.252385
SH2D2A	4.059669
SH2D3A	11.390428
SH2D3C	7.771405
SH2D4A	6.780291
SH2D4B	8.818469
SH2D5	1.18271
SH2D7	11.442044
SH3BGR	11.288758
SH3BGRL	8.639409
SH3BGRL2	5.387138
SH3BGRL3	2.401486
SH3BP1	7.796823
SH3BP2	3.308981
SH3BP4	4.62079
SH3BP5	0.555881
SH3BP5L	4.585823
SH3D19	0.923716
SH3D21	10.438352
SH3GL1	12.118937
SH3GL2	9.75342
SH3GL3	3.626873
SH3GLB1	3.696733
SH3GLB2	11.895604
SH3KBP1	0.966685
SH3PXD2A	8.532872
SH3PXD2B	6.313506
SH3RF1	2.686233
SH3RF2	7.233714
SH3RF3	7.347225
SH3TC2	12.248977
SH3YL1	9.246891
SHANK1	3.260302
SHANK2	3.394705
SHANK3	9.485689
SHARPIN	7.134752
SHBG	3.640202
SHC1	1.784166
SHC3	12.070937
SHC4	1.871923
SHCBP1	9.759888
SHCBP1L	8.493111
SHD	12.211972
SHE	1.501584
SHF	5.583645
SHH	7.30945
SHISA2	8.676233
SHISA3	1.274029
SHISA4	8.423024
SHISA5	11.171349
SHISA6	10.514416
SHISA7	3.454768
SHISA8	1.496651
SHISA9	7.510288
SHISAL1	7.561477
SHISAL2A	10.346055
SHISAL2B	10.246613
SHKBP1	5.253185
SHLD1	6.359926
SHMT2	3.974391
SHOC1	10.270609
SHOC2	2.138559
SHOX2	0.487217
SHPRH	11.849518
SHQ1	4.141525
SHROOM1	9.603741
SHROOM2	10.290969
SHROOM3	7.161277
SHROOM4	9.664119
SHTN1	10.489267
SI	5.69012
SIAE	2.321269
SIAH1	3.751344
SIAH2	5.671505
SIAH3	7.292696
SIDT1	0.818648
SIDT2	7.092842
SIGIRR	0.868985
SIGLEC1	11.945169
SIGLEC10	1.021401
SIGLEC11	11.008218
SIGLEC12	11.301037
SIGLEC15	7.740555
SIGLEC6	2.225062
SIGLEC9	4.099701
SIGMAR1	11.329834
SIK2	3.302137
SIK3	4.775607
SIKE1	3.262777
SIL1	4.007858
SIM1	3.307377
SIM2	5.001124
SIMC1	3.888715
SIN3A	3.229474
SIN3B	5.28682
SINHCAF	3.635721
SIPA1	8.234039
SIPA1L1	1.941033
SIPA1L2	5.197265
SIPA1L3	2.706125
SIRPA	4.176314
SIRPB2	5.185501
SIRPG	10.421513
SIRT1	7.205785
SIRT2	5.067355
SIRT3	7.630242
SIRT4	10.613302
SIRT5	4.15789
SIRT7	1.76643
SIT1	1.666685
SIVA1	1.504016
SIX1	6.438273
SIX2	3.946442
SIX3	9.794214
SIX4	3.798412
SIX5	0.32957
SIX6	0.542375
SKA1	1.669444
SKA2	1.356508
SKA3	4.303255
SKAP1	1.757962
SKAP2	4.871008
SKI	5.765312
SKIDA1	9.272443
SKIL	4.62596
SKIV2L	2.352713
SKOR1	8.548276
SKOR2	2.596248
SKP1	0.57934
SKP2	1.941862
SLA	2.518372
SLA2	4.970416
SLAIN1	11.342869
SLAIN2	10.796917
SLAMF1	11.426759
SLAMF6	2.077237
SLAMF7	1.695839
SLAMF8	2.675892
SLAMF9	10.459339
SLBP	3.378145
SLC10A1	12.021593
SLC10A3	2.995836
SLC10A4	4.987115
SLC10A5	3.029231
SLC10A6	6.535576
SLC10A7	6.872033
SLC11A1	11.780502
SLC11A2	10.830873
SLC12A1	9.542927
SLC12A2	3.059773
SLC12A3	5.959433
SLC12A4	10.15521
SLC12A5	2.480542
SLC12A6	11.915061
SLC12A7	2.787271
SLC12A8	6.034604
SLC12A9	7.520955
SLC13A1	4.144536
SLC13A2	5.008463
SLC13A3	3.496828
SLC13A4	9.93146
SLC13A5	1.781905
SLC14A1	9.57833
SLC14A2	11.244225
SLC15A1	2.086737
SLC15A2	12.022872
SLC15A3	8.866883
SLC15A4	8.848556
SLC15A5	9.435446
SLC16A1	10.47338
SLC16A10	0.832144
SLC16A11	1.482953
SLC16A12	11.133355
SLC16A13	10.337118
SLC16A14	10.346043
SLC16A2	8.980484
SLC16A3	6.642807
SLC16A4	3.219501
SLC16A5	7.671526
SLC16A6	4.552735
SLC16A7	6.244797
SLC16A8	7.35769
SLC16A9	5.19761
SLC17A2	10.994606
SLC17A3	0.862337
SLC17A4	5.571474
SLC17A5	3.36992
SLC17A6	4.042101
SLC17A7	3.609054
SLC17A8	8.401365
SLC17A9	11.365025
SLC18A1	0.700832
SLC18A2	9.32829
SLC18A3	10.153164
SLC18B1	8.080828
SLC19A1	7.218591
SLC19A2	8.458771
SLC19A3	4.515342
SLC1A1	11.20488
SLC1A2	1.806484
SLC1A3	1.577816
SLC1A4	5.740648
SLC1A5	1.364583
SLC1A6	2.819388
SLC1A7	4.160983
SLC20A1	0.350993
SLC20A2	9.632883
SLC22A1	10.613564
SLC22A13	9.686336
SLC22A14	6.394622
SLC22A15	10.847484
SLC22A16	1.770374
SLC22A17	5.395524
SLC22A18	9.225392
SLC22A2	8.336437
SLC22A23	6.849612
SLC22A3	9.956128
SLC22A31	3.313196
SLC22A4	11.804058
SLC22A5	10.605681
SLC22A6	11.369926
SLC22A7	9.717856
SLC22A8	11.880276
SLC23A1	1.616997
SLC23A2	12.069211
SLC23A3	2.700137
SLC24A1	7.207665
SLC24A2	1.940305
SLC24A3	5.972926
SLC24A4	7.929712
SLC24A5	6.274375
SLC25A1	2.518493
SLC25A10	8.520967
SLC25A11	0.702844
SLC25A12	8.3936
SLC25A13	1.562342
SLC25A14	2.460435
SLC25A15	8.037368
SLC25A17	11.188606
SLC25A18	7.309886
SLC25A19	10.409118
SLC25A2	1.100734
SLC25A20	5.900056
SLC25A21	10.138707
SLC25A22	6.179097
SLC25A23	0.863528
SLC25A24	2.327256
SLC25A25	1.164545
SLC25A26	11.295084
SLC25A27	12.133904
SLC25A28	5.786526
SLC25A29	8.28761
SLC25A3	11.522307
SLC25A30	1.247889
SLC25A31	1.403545
SLC25A33	4.616926
SLC25A34	8.531729
SLC25A35	9.444449
SLC25A36	7.691927
SLC25A37	4.067938
SLC25A38	6.91439
SLC25A39	2.858166
SLC25A4	1.617238
SLC25A40	4.994711
SLC25A41	10.16066
SLC25A42	9.789827
SLC25A43	3.640406
SLC25A44	11.267031
SLC25A45	8.897787
SLC25A46	9.95298
SLC25A47	4.093962
SLC25A48	7.266927
SLC25A5	4.375469
SLC25A51	4.500028
SLC25A6	9.267135
SLC26A1	9.298649
SLC26A10	4.273932
SLC26A11	1.657912
SLC26A2	8.729962
SLC26A3	3.354068
SLC26A4	12.054502
SLC26A5	10.584491
SLC26A6	3.033694
SLC26A7	12.004154
SLC26A8	5.946104
SLC26A9	9.21338
SLC27A1	9.422764
SLC27A2	8.500015
SLC27A3	10.307819
SLC27A4	8.459747
SLC27A5	3.933746
SLC27A6	10.716167
SLC28A1	3.993976
SLC28A2	12.087656
SLC28A3	4.399585
SLC29A1	10.306324
SLC29A2	5.107364
SLC29A3	6.453525
SLC29A4	10.623234
SLC2A1	5.595811
SLC2A10	3.622763
SLC2A11	9.792484
SLC2A12	10.631829
SLC2A13	3.20065
SLC2A2	2.472194
SLC2A4	2.312017
SLC2A4RG	0.908365
SLC2A5	10.080361
SLC2A6	2.00471
SLC2A7	3.985941
SLC2A8	11.170717
SLC2A9	11.78822
SLC30A1	9.328267
SLC30A10	8.189689
SLC30A2	4.504736
SLC30A3	9.87101
SLC30A4	5.764499
SLC30A5	11.940504
SLC30A6	1.35909
SLC30A7	1.338643
SLC30A8	4.234684
SLC30A9	3.297139
SLC31A1	8.649981
SLC31A2	5.763496
SLC32A1	7.705891
SLC33A1	0.639214
SLC34A2	8.618155
SLC34A3	1.962936
SLC35A1	1.787924
SLC35A2	6.392485
SLC35A5	4.419257
SLC35B1	0.385492
SLC35B2	0.414799
SLC35B3	9.225808
SLC35B4	3.078361
SLC35C1	7.459281
SLC35C2	7.794931
SLC35D1	6.499414
SLC35D3	4.683854
SLC35E3	0.456177
SLC35E4	7.043847
SLC35F1	9.24446
SLC35F2	6.658986
SLC35F3	0.688819
SLC35F4	6.549676
SLC35F5	8.319262
SLC35F6	0.322822
SLC35G1	8.884907
SLC35G2	10.855936
SLC36A1	1.486647
SLC36A4	6.248546
SLC37A1	2.244178
SLC37A2	3.356548
SLC37A3	11.993666
SLC37A4	8.229275
SLC38A1	10.020756
SLC38A10	5.271458
SLC38A11	1.203761
SLC38A2	10.794492
SLC38A3	9.965815
SLC38A4	9.536626
SLC38A5	6.172157
SLC38A6	5.288932
SLC38A7	8.506163
SLC38A8	11.917805
SLC38A9	9.485044
SLC39A1	10.293994
SLC39A10	5.53039
SLC39A11	3.906534
SLC39A12	6.169598
SLC39A13	9.998468
SLC39A14	1.377808
SLC39A2	9.206867
SLC39A3	5.57412
SLC39A4	1.141871
SLC39A5	2.093366
SLC39A6	1.598828
SLC39A7	1.504716
SLC39A8	7.130088
SLC39A9	8.40132
SLC3A1	9.567197
SLC3A2	5.195795
SLC40A1	1.007047
SLC41A1	8.98642
SLC41A2	6.928649
SLC41A3	0.8791
SLC43A1	7.518099
SLC43A2	8.169826
SLC43A3	8.066806
SLC44A1	2.672327
SLC44A3	7.171969
SLC44A4	7.218621
SLC44A5	4.537424
SLC45A1	0.842741
SLC45A2	0.298006
SLC45A3	2.378973
SLC45A4	2.97766
SLC46A1	5.528174
SLC46A2	2.764334
SLC46A3	9.354894
SLC47A1	4.739392
SLC47A2	10.277147
SLC48A1	1.478803
SLC49A3	3.331679
SLC49A4	11.732489
SLC4A1	4.209452
SLC4A10	11.228221
SLC4A11	7.163066
SLC4A1AP	5.777364
SLC4A2	1.475186
SLC4A3	1.41855
SLC4A4	9.78375
SLC4A5	0.57777
SLC4A7	3.8378
SLC4A8	3.153572
SLC4A9	0.276878
SLC50A1	4.124432
SLC51A	2.482236
SLC51B	0.534597
SLC52A1	1.983665
SLC52A2	0.881709
SLC52A3	6.180545
SLC5A1	5.110095
SLC5A10	11.018572
SLC5A11	6.740531
SLC5A12	11.150686
SLC5A2	1.790183
SLC5A3	8.514676
SLC5A4	0.945971
SLC5A5	7.727601
SLC5A6	1.433505
SLC5A7	11.803207
SLC5A8	1.656794
SLC6A1	3.420517
SLC6A11	5.622032
SLC6A12	10.595182
SLC6A13	5.346689
SLC6A15	7.580977
SLC6A16	10.323984
SLC6A17	2.26243
SLC6A18	2.163292
SLC6A19	4.484607
SLC6A2	1.223213
SLC6A20	9.843834
SLC6A3	6.191212
SLC6A4	7.379894
SLC6A5	11.170809
SLC6A6	1.093888
SLC6A7	8.269983
SLC6A9	0.642321
SLC7A1	3.859504
SLC7A10	10.564527
SLC7A11	1.321632
SLC7A14	1.395044
SLC7A2	5.254742
SLC7A3	10.436888
SLC7A4	9.595186
SLC7A5	7.267099
SLC7A6	6.934889
SLC7A6OS	11.241623
SLC7A7	2.725797
SLC7A8	3.664077
SLC7A9	2.514124
SLC8A1	7.175303
SLC8A2	3.284369
SLC8A3	0.548391
SLC8B1	2.022323
SLC9A1	1.015937
SLC9A2	1.320078
SLC9A3	1.022626
SLC9A3R1	10.820192
SLC9A3R2	4.908552
SLC9A4	1.158261
SLC9A5	12.238409
SLC9A6	7.775837
SLC9A7	8.930886
SLC9A8	6.795532
SLC9A9	10.718724
SLC9B1	5.512056
SLC9B2	5.889815
SLC9C1	5.376937
SLC9C2	3.91318
SLCO1A2	3.237853
SLCO1B1	10.555054
SLCO1C1	7.205126
SLCO2A1	11.853596
SLCO2B1	8.805863
SLCO3A1	2.455941
SLCO4A1	5.974686
SLCO4C1	3.970987
SLCO5A1	7.737371
SLCO6A1	9.458068
SLF1	3.595411
SLF2	1.082786
SLFN11	5.111125
SLFN12	2.199791
SLFN12L	6.81233
SLFN13	6.364832
SLFN14	3.640446
SLFN5	8.090216
SLFNL1	8.176708
SLIRP	0.645657
SLIT1	8.117335
SLIT2	8.583216
SLIT3	2.004809
SLITRK1	9.300563
SLITRK2	2.861942
SLITRK3	2.627961
SLITRK4	4.81795
SLITRK5	2.572772
SLITRK6	10.026419
SLK	10.66997
SLMAP	1.397906
SLN	10.536803
SLPI	5.046877
SLTM	7.3343
SLU7	0.728859
SLURP1	11.775254
SLX4	3.397816
SLX4IP	4.9528
SMAD1	10.825413
SMAD2	5.208403
SMAD3	0.577424
SMAD4	7.924885
SMAD5	4.102496
SMAD6	11.818376
SMAD7	1.871243
SMAD9	10.461484
SMAGP	6.615272
SMAP1	8.986057
SMAP2	6.245041
SMARCA1	6.789036
SMARCA2	9.054527
SMARCA4	2.276939
SMARCA5	10.650944
SMARCAD1	0.436776
SMARCAL1	6.949917
SMARCB1	1.619817
SMARCC1	7.851613
SMARCC2	12.030325
SMARCD1	3.558133
SMARCD2	9.845881
SMARCD3	5.137066
SMARCE1	0.313394
SMC1A	2.174822
SMC1B	4.408315
SMC2	6.784222
SMC3	4.586933
SMC4	9.841646
SMC6	0.360212
SMCHD1	4.404502
SMCO1	11.498683
SMCO2	7.191419
SMCO3	4.147745
SMCO4	8.082531
SMCR8	9.329661
SMDT1	8.481307
SMG1	5.921174
SMG5	10.041223
SMG6	5.498539
SMG7	9.923609
SMG8	8.390728
SMG9	10.023141
SMIM1	11.939251
SMIM10	9.089105
SMIM10L1	2.054384
SMIM10L2B	7.855186
SMIM12	10.064912
SMIM13	9.673539
SMIM14	6.05667
SMIM15	3.78079
SMIM17	3.994945
SMIM18	4.10044
SMIM19	2.53402
SMIM2	4.186496
SMIM22	5.96406
SMIM24	9.354887
SMIM28	1.501332
SMIM29	10.839028
SMIM3	9.243002
SMIM30	8.146077
SMIM33	10.921869
SMIM35	8.671333
SMIM36	9.699596
SMIM38	1.830026
SMIM4	2.996435
SMIM5	5.552076
SMIM7	1.22102
SMIM8	11.937311
SMIM9	8.309357
SMKR1	4.985474
SMLR1	3.156465
SMN1	1.710698
SMO	10.307763
SMOC1	9.861474
SMOC2	3.093
SMOX	6.759577
SMPD1	1.085639
SMPD2	2.942173
SMPD3	9.547248
SMPD4	4.111682
SMPDL3A	9.69115
SMPDL3B	1.398801
SMPX	5.726191
SMS	1.809372
SMTN	4.072013
SMTNL1	7.38089
SMTNL2	6.594689
SMU1	8.427863
SMUG1	5.361674
SMURF1	1.059004
SMURF2	7.17596
SMYD1	6.947103
SMYD2	5.457606
SMYD3	11.462437
SMYD4	2.04485
SMYD5	1.173465
SNAI1	10.100082
SNAI2	9.273818
SNAI3	5.254617
SNAP23	9.10807
SNAP25	8.5968
SNAP29	1.997302
SNAP47	6.832897
SNAP91	5.293458
SNAPC1	6.20768
SNAPC2	1.235904
SNAPC3	9.217395
SNAPC4	3.584384
SNAPC5	4.261102
SNAPIN	7.178404
SNCA	8.84351
SNCAIP	11.309739
SNCB	4.990325
SNCG	5.686338
SND1	4.738037
SNED1	11.163125
SNF8	10.815492
SNHG32	5.125375
SNIP1	6.212189
SNN	3.616659
SNORC	0.494779
SNRK	6.335477
SNRNP200	12.137638
SNRNP25	1.389241
SNRNP35	5.80268
SNRNP40	1.676507
SNRNP48	9.954279
SNRNP70	0.298782
SNRPA	8.159717
SNRPA1	4.963605
SNRPB	0.455481
SNRPB2	4.742895
SNRPD1	7.033875
SNRPD3	3.098092
SNRPG	2.900645
SNRPN	8.889905
SNTA1	11.273718
SNTB1	1.564996
SNTB2	3.106199
SNTG1	8.009225
SNTG2	10.671598
SNTN	5.39642
SNU13	3.600978
SNUPN	6.08304
SNW1	2.047219
SNX1	2.485205
SNX10	11.265518
SNX11	0.762738
SNX12	6.981912
SNX13	3.218624
SNX14	6.166539
SNX15	3.318683
SNX16	6.611906
SNX17	7.15404
SNX18	3.052301
SNX19	8.668662
SNX2	8.969332
SNX20	4.81844
SNX21	2.821035
SNX22	9.639296
SNX24	6.086648
SNX25	5.133081
SNX27	11.066631
SNX29	11.612899
SNX3	6.455304
SNX30	4.042984
SNX31	12.018817
SNX32	8.259917
SNX33	7.812089
SNX4	11.020875
SNX5	8.318972
SNX6	4.351664
SNX8	6.310595
SNX9	0.924605
SOAT1	0.836584
SOAT2	8.218607
SOBP	9.118333
SOCS1	5.317473
SOCS2	10.677581
SOCS3	0.625988
SOCS4	0.90708
SOCS5	6.104625
SOCS6	6.143061
SOCS7	11.590602
SOD1	8.792608
SOD2	10.91274
SOD3	10.099251
SOGA1	2.95769
SOHLH1	3.808597
SON	9.799855
SORBS1	3.141965
SORBS2	4.370963
SORBS3	11.346514
SORCS1	6.127967
SORCS2	11.656096
SORCS3	2.698765
SORD	10.345997
SORL1	12.208348
SORT1	2.247737
SOS1	3.198341
SOS2	9.03598
SOST	7.944292
SOSTDC1	9.542143
SOWAHA	6.781715
SOWAHC	6.145526
SOWAHD	2.173313
SOX1	4.221754
SOX10	5.736935
SOX11	9.358701
SOX12	12.106339
SOX13	7.46839
SOX15	3.417245
SOX17	5.045061
SOX18	9.286844
SOX2	1.595182
SOX21	5.902547
SOX3	2.816852
SOX30	9.239123
SOX4	11.740066
SOX5	5.819436
SOX6	3.255294
SOX7	1.170053
SOX9	7.247986
SP1	11.146189
SP100	0.490665
SP110	3.738437
SP140	7.580818
SP2	6.819543
SP3	4.942879
SP4	1.62499
SP5	9.075042
SP6	12.045443
SP8	0.798786
SP9	11.288447
SPA17	3.23244
SPAAR	0.680997
SPACA1	1.181461
SPACA3	5.055366
SPACA6	6.01251
SPACA9	5.991898
SPAG1	9.263283
SPAG16	5.734559
SPAG17	2.463942
SPAG4	10.484846
SPAG5	4.044525
SPAG6	8.239685
SPAG7	0.936377
SPAG8	3.137418
SPAG9	8.403027
SPARC	11.809143
SPARCL1	5.42787
SPART	3.680853
SPAST	0.993719
SPATA1	3.478828
SPATA16	11.783958
SPATA17	7.217056
SPATA18	3.291011
SPATA19	11.815697
SPATA2	7.214531
SPATA20	5.805362
SPATA21	10.884243
SPATA22	6.363024
SPATA25	9.572652
SPATA2L	10.526621
SPATA3	0.266707
SPATA31E1	6.40516
SPATA32	8.215391
SPATA33	0.856002
SPATA4	6.660312
SPATA45	12.172066
SPATA48	3.968434
SPATA5	5.868085
SPATA5L1	7.749237
SPATA6	0.454286
SPATA6L	1.914947
SPATA7	9.841527
SPATA9	9.960139
SPATC1	10.909238
SPATC1L	9.05518
SPATS1	8.180432
SPATS2	5.455018
SPATS2L	6.171645
SPC24	1.024946
SPC25	11.055884
SPCS1	10.71448
SPCS2	4.436882
SPCS3	8.996007
SPDEF	9.5683
SPDL1	6.098267
SPDYA	11.124938
SPDYC	12.187295
SPDYE4	0.496854
SPECC1	2.5345
SPEF1	6.268535
SPEF2	5.009024
SPEG	12.246785
SPEGNB	7.744749
SPEM1	8.449817
SPEM2	11.586783
SPEM3	0.501654
SPEN	1.72962
SPESP1	2.95946
SPG11	10.00639
SPG21	7.998665
SPG7	10.507986
SPHK1	11.82611
SPHK2	9.830463
SPHKAP	6.600482
SPI1	7.404854
SPIDR	5.538279
SPIN1	12.220976
SPIN4	8.961332
SPINDOC	9.401251
SPINK13	5.92877
SPINK2	9.160086
SPINK5	11.306471
SPINK7	5.120742
SPINK9	5.160929
SPINT2	9.360788
SPIRE1	2.571088
SPIRE2	3.807716
SPN	10.75775
SPNS1	6.952859
SPNS3	8.00852
SPO11	7.027548
SPOCD1	7.300255
SPOCK1	0.431294
SPOCK2	1.069026
SPOCK3	3.945079
SPON1	4.500871
SPON2	2.598884
SPOP	7.18475
SPOPL	11.820607
SPOUT1	11.526182
SPP1	8.355995
SPPL2A	4.916175
SPPL2B	9.564344
SPPL3	3.142816
SPR	7.331361
SPRED1	5.611683
SPRED2	1.689012
SPRED3	4.332363
SPRN	1.455051
SPRR2G	11.268414
SPRTN	7.489702
SPRY1	4.493375
SPRY2	12.118618
SPRY3	5.765327
SPRY4	2.338055
SPRYD3	6.280853
SPRYD4	1.332963
SPRYD7	9.669335
SPSB1	9.68619
SPSB2	3.887354
SPSB3	10.620263
SPSB4	12.127145
SPTA1	6.536168
SPTAN1	10.993088
SPTB	2.060835
SPTBN1	1.486832
SPTBN2	1.184969
SPTBN4	10.439423
SPTBN5	9.469167
SPTLC1	11.900152
SPTLC2	8.277149
SPTLC3	2.510028
SPTSSA	1.368892
SPTSSB	9.333153
SPTY2D1	9.129889
SPX	5.858255
SQLE	6.11104
SQOR	5.21671
SQSTM1	0.290091
SRA1	9.966482
SRARP	6.91807
SRBD1	4.004628
SRC	0.690076
SRCIN1	11.238518
SRD5A1	10.7792
SRD5A2	3.988969
SRD5A3	8.389393
SREBF1	0.424578
SREBF2	3.608763
SREK1	1.952486
SREK1IP1	4.242244
SRF	3.018437
SRFBP1	5.620338
SRGAP1	8.23009
SRGAP3	5.599237
SRGN	12.15883
SRI	1.456939
SRL	5.164079
SRMS	5.216494
SRP14	10.628409
SRP54	4.782412
SRP68	1.101357
SRP72	6.104583
SRP9	9.978131
SRPK2	7.742209
SRPK3	4.459838
SRPRA	4.721154
SRPRB	2.480495
SRPX	1.137611
SRPX2	4.179069
SRR	4.887409
SRRD	7.413499
SRRM1	0.424122
SRRM2	1.597809
SRRM4	7.052292
SRRM5	0.538273
SRRT	8.141615
SRSF1	11.726108
SRSF10	0.871568
SRSF11	3.489084
SRSF12	0.389955
SRSF2	10.971225
SRSF3	11.867497
SRSF4	6.909442
SRSF5	3.565894
SRSF6	11.272827
SRSF7	5.798549
SRSF8	11.247418
SRSF9	10.368589
SRXN1	6.887714
SS18	4.253321
SS18L1	2.46727
SS18L2	8.905336
SSB	10.410288
SSBP1	7.26313
SSBP2	4.384872
SSBP3	4.10938
SSBP4	2.572126
SSC4D	6.953453
SSC5D	9.62838
SSH1	5.410229
SSH2	4.573323
SSH3	10.826681
SSMEM1	3.253368
SSNA1	1.904373
SSPN	1.631751
SSPO	1.859039
SSR1	6.366923
SSR2	6.680885
SSR3	6.193812
SSR4	8.959715
SSRP1	2.439839
SST	5.218934
SSTR1	2.120009
SSTR2	1.526648
SSTR3	6.720097
SSTR4	5.875645
SSTR5	9.937286
SSU72	11.140371
SSUH2	0.342512
SSX2IP	11.668886
ST14	5.765905
ST18	12.216571
ST20-MTHFS	3.057853
ST3GAL1	2.227397
ST3GAL2	3.160127
ST3GAL3	6.364444
ST3GAL4	4.814655
ST3GAL5	1.981164
ST3GAL6	5.041049
ST5	9.943622
ST6GAL1	3.885896
ST6GAL2	1.712048
ST6GALNAC1	7.662221
ST6GALNAC2	4.158268
ST6GALNAC3	12.146484
ST6GALNAC4	11.479476
ST6GALNAC5	0.265573
ST7	9.875845
ST7L	1.032576
ST8SIA1	10.546345
ST8SIA2	0.764018
ST8SIA3	9.399264
ST8SIA4	0.724304
ST8SIA5	0.805774
ST8SIA6	3.846005
STAB1	3.948369
STAB2	0.64512
STAC	11.365909
STAC2	6.630553
STAC3	6.233478
STAG1	0.896184
STAG2	7.420878
STAG3	2.840738
STAM	6.722485
STAM2	5.663193
STAMBP	4.69098
STAMBPL1	0.414061
STAP1	7.731788
STAP2	10.4941
STARD10	1.525164
STARD13	1.401482
STARD3	8.881413
STARD3NL	8.396322
STARD4	8.502797
STARD5	3.642101
STARD6	6.981367
STARD7	4.116867
STARD8	1.391051
STARD9	9.493054
STAT1	3.234245
STAT2	6.344511
STAT3	1.985411
STAT4	9.137092
STAT5A	6.006712
STAT5B	9.620284
STAT6	2.280049
STAU1	3.283484
STAU2	5.136296
STC1	10.590617
STC2	8.67327
STEAP2	3.496566
STEAP3	6.219617
STEAP4	9.698141
STIL	3.073858
STIM1	11.680015
STIM2	7.387312
STIP1	6.356445
STK10	5.964588
STK11	5.520154
STK11IP	0.756971
STK16	1.190787
STK17A	2.645192
STK17B	9.990356
STK19	7.346343
STK24	5.304176
STK25	9.369673
STK26	4.97326
STK3	5.862732
STK31	6.981567
STK32A	6.857529
STK32B	1.46664
STK32C	1.125915
STK33	6.23701
STK35	7.670626
STK36	8.974481
STK38	7.278851
STK38L	2.439264
STK39	6.373586
STK4	6.902456
STK40	7.878024
STKLD1	9.030184
STMN1	2.271037
STMN2	8.730082
STMN3	9.662467
STMN4	4.104155
STMND1	9.376619
STMP1	5.338971
STN1	2.166325
STOM	10.044477
STOML1	1.95894
STOML2	9.911764
STON2	10.204566
STOX1	0.924863
STOX2	5.671593
STPG1	3.635323
STPG2	4.412292
STPG3	6.096625
STPG4	2.909051
STRA6	5.604453
STRA8	2.35449
STRADA	3.265043
STRADB	11.660247
STRAP	5.71278
STRBP	8.480435
STRC	4.06223
STRIP1	6.790787
STRIP2	9.769991
STRIT1	11.85095
STRN	8.372906
STRN3	10.425086
STRN4	10.933567
STS	8.852489
STT3A	7.412988
STT3B	6.548854
STUB1	7.98162
STUM	2.310288
STX10	1.138353
STX11	6.39661
STX12	4.019184
STX16	9.37809
STX17	7.57925
STX18	3.931104
STX19	8.784033
STX1A	9.999553
STX1B	8.791808
STX2	4.316248
STX3	9.224758
STX4	10.447838
STX5	3.970024
STX6	2.580937
STX7	10.089059
STX8	10.414324
STXBP1	1.969343
STXBP2	11.884314
STXBP3	7.559083
STXBP4	5.877977
STXBP5	4.927457
STXBP5L	3.575854
STXBP6	5.174086
STYK1	5.270427
STYX	0.580439
STYXL1	1.653545
SUB1	3.607344
SUCLA2	3.465963
SUCLG1	11.25408
SUCLG2	8.454237
SUCNR1	5.567295
SUCO	4.32361
SUFU	8.480901
SUGCT	4.301068
SUGP2	9.794193
SUGT1	0.400268
SULF1	5.258409
SULF2	1.440666
SULT1B1	3.134336
SULT1C2	2.441346
SULT1C3	6.936614
SULT1C4	1.986619
SULT1E1	8.848151
SULT2B1	7.241927
SULT4A1	8.132765
SULT6B1	2.020611
SUMF1	8.820117
SUMF2	4.219944
SUMO1	0.319886
SUMO2	1.147028
SUMO3	3.603583
SUN1	9.385023
SUN2	0.769643
SUN3	9.106521
SUN5	10.243917
SUOX	10.991638
SUPT16H	3.230979
SUPT20H	11.965107
SUPT3H	6.772825
SUPT4H1	1.791584
SUPT5H	5.786072
SUPT6H	2.8982
SUPT7L	2.968643
SUPV3L1	2.922894
SURF1	2.752991
SURF2	1.061718
SURF4	1.67736
SURF6	4.782645
SUSD1	2.725853
SUSD2	1.56346
SUSD3	4.601467
SUSD4	7.262308
SUSD5	3.256119
SUSD6	9.719527
SUV39H1	8.166278
SUZ12	8.742069
SV2A	11.669245
SV2B	7.290293
SV2C	9.234425
SVBP	9.961404
SVEP1	3.007528
SVIL	8.335604
SVIP	7.287913
SVOP	11.24391
SVOPL	2.437042
SWAP70	2.74521
SWSAP1	5.879342
SWT1	11.569826
SYAP1	4.231624
SYBU	8.26704
SYCE1	11.875518
SYCE1L	4.489705
SYCE2	7.118036
SYCE3	2.144173
SYCP1	7.735464
SYCP2	8.40111
SYCP2L	11.276552
SYCP3	3.430383
SYDE1	3.05953
SYDE2	7.643195
SYF2	9.464306
SYK	2.07807
SYN1	6.389173
SYN2	7.476684
SYN3	12.234155
SYNC	9.641748
SYNDIG1	10.371602
SYNDIG1L	3.941991
SYNE1	6.056644
SYNE2	2.405654
SYNE3	4.014205
SYNE4	10.563523
SYNGAP1	4.258405
SYNGR1	10.538173
SYNGR2	5.178613
SYNGR4	11.943456
SYNJ1	6.779725
SYNJ2	9.2918
SYNJ2BP	12.142345
SYNM	11.16628
SYNPO	5.444544
SYNPO2	1.648292
SYNPO2L	10.294997
SYNPR	6.934566
SYNRG	7.998945
SYP	2.464776
SYPL1	12.049895
SYPL2	5.47599
SYS1	3.244403
SYT1	4.982732
SYT10	10.817318
SYT11	7.75327
SYT12	4.426279
SYT13	9.856325
SYT14	2.442222
SYT16	1.955977
SYT17	9.769522
SYT2	10.53774
SYT3	5.253495
SYT4	8.956949
SYT5	11.101722
SYT6	2.14713
SYT7	7.481447
SYT8	7.261552
SYT9	0.489055
SYTL1	5.217654
SYTL3	9.503407
SYTL4	6.652268
SYTL5	3.463325
SYVN1	4.186152
SZRD1	2.27261
SZT2	6.484411
TAB1	0.917214
TAB2	9.837478
TAB3	10.946072
TAC1	10.514781
TAC3	8.460966
TACC1	6.474268
TACC2	4.269883
TACC3	2.354907
TACO1	9.747795
TACR1	10.986893
TACR2	7.972331
TACR3	11.121809
TACSTD2	2.192076
TADA1	7.029163
TADA2A	3.8265
TADA2B	9.46998
TADA3	1.494702
TAF1	10.696686
TAF11	3.046817
TAF12	5.295698
TAF13	9.383333
TAF15	5.618444
TAF1A	6.322899
TAF1B	4.960296
TAF1C	11.02899
TAF1D	12.191753
TAF2	1.830146
TAF3	5.919696
TAF4	4.690357
TAF4B	8.733524
TAF5	2.382288
TAF5L	9.761051
TAF6	10.013502
TAF6L	7.812518
TAF7	11.377583
TAF7L	3.266369
TAF8	11.487122
TAF9B	8.933939
TAFA1	0.309552
TAFA2	6.962329
TAFA3	0.744334
TAFA4	0.998836
TAGAP	9.335007
TAGLN	0.619835
TAGLN2	10.713039
TAGLN3	8.706748
TAL1	8.621914
TAL2	11.251859
TALDO1	12.194363
TAMM41	3.77248
TANC1	11.670152
TANC2	4.275939
TANGO2	1.979192
TANGO6	1.481182
TANK	4.371841
TAOK1	9.886
TAOK2	10.417062
TAOK3	11.015987
TAP1	4.074434
TAPBP	6.345774
TAPBPL	10.271131
TAPT1	5.135238
TARBP1	3.384135
TARBP2	9.770152
TARDBP	8.602363
TARM1	11.963712
TARS	4.427952
TARS2	4.250418
TARSL2	2.760399
TAS1R1	10.391451
TAS1R2	2.272162
TAS1R3	1.396722
TAS2R1	6.407332
TASOR	11.824339
TASOR2	5.296298
TASP1	11.671391
TAT	11.184162
TATDN1	11.539295
TATDN3	4.554157
TAX1BP1	10.67616
TAX1BP3	11.649024
TAZ	3.256501
TBC1D1	5.836356
TBC1D10A	6.209269
TBC1D10B	0.459017
TBC1D10C	6.858172
TBC1D12	2.601737
TBC1D13	9.463884
TBC1D14	11.833723
TBC1D15	8.835478
TBC1D16	3.394881
TBC1D17	9.967209
TBC1D19	9.09661
TBC1D2	11.459031
TBC1D20	9.646057
TBC1D21	10.318753
TBC1D22A	6.214312
TBC1D22B	6.218909
TBC1D23	1.306369
TBC1D24	2.43673
TBC1D25	1.084037
TBC1D26	2.092374
TBC1D28	6.950464
TBC1D2B	10.574574
TBC1D30	8.921214
TBC1D32	5.895992
TBC1D4	11.310952
TBC1D5	10.322855
TBC1D7	11.986786
TBC1D8	1.125675
TBC1D8B	0.439524
TBC1D9	4.287542
TBC1D9B	6.465188
TBCA	8.044816
TBCB	7.915587
TBCC	6.239017
TBCCD1	8.306
TBCD	8.438018
TBCK	10.98236
TBK1	4.05365
TBKBP1	1.513682
TBL1X	1.391388
TBL1XR1	10.345739
TBL2	2.150896
TBL3	4.784009
TBP	2.968475
TBPL1	2.085542
TBR1	4.089585
TBRG1	9.729008
TBRG4	7.091617
TBX1	9.955634
TBX10	10.673294
TBX15	2.094255
TBX18	11.489575
TBX19	12.209739
TBX2	2.13969
TBX21	11.828087
TBX22	10.427741
TBX3	10.352776
TBX4	10.444097
TBX5	10.819392
TBX6	5.6591
TBXA2R	12.130874
TBXAS1	8.927199
TBXT	12.011404
TC2N	11.205302
TCAF1	3.875649
TCAIM	6.90592
TCAP	5.786804
TCEA1	10.702467
TCEA2	7.113538
TCEA3	1.581684
TCEAL1	1.9601
TCEAL4	10.935349
TCEAL5	0.435698
TCEAL7	0.475734
TCEAL8	2.300177
TCEAL9	1.076148
TCEANC	4.148777
TCEANC2	4.495781
TCERG1	1.660303
TCERG1L	0.532075
TCF12	0.623262
TCF15	10.58181
TCF19	9.853799
TCF20	8.827676
TCF23	7.407555
TCF24	12.175277
TCF25	5.456929
TCF3	0.506452
TCF4	7.343357
TCF7	8.871879
TCF7L1	3.614064
TCF7L2	3.743078
TCHH	7.201677
TCHP	1.30281
TCIM	8.911726
TCIRG1	8.521199
TCL1B	6.769011
TCN2	4.332596
TCOF1	8.8322
TCP1	7.085429
TCP10L	9.313101
TCP11	5.203825
TCP11L1	9.296363
TCP11L2	7.509399
TCTA	8.311733
TCTE1	10.255209
TCTE3	9.826615
TCTEX1D1	3.295841
TCTEX1D2	5.506359
TCTN1	4.556143
TCTN2	9.66184
TCTN3	10.652139
TDG	10.704533
TDGF1	11.684532
TDP1	12.043639
TDP2	11.774637
TDRD1	3.693496
TDRD10	8.082612
TDRD15	11.744694
TDRD3	7.624565
TDRD5	5.420793
TDRD6	8.441396
TDRD7	9.177683
TDRD9	6.744796
TDRKH	4.129385
TDRP	1.726834
TEAD1	3.952044
TEAD2	4.653583
TEAD3	7.795677
TEAD4	10.150647
TEC	3.813762
TECPR1	10.955708
TECPR2	10.484469
TECR	0.278648
TECRL	10.631772
TECTB	0.845211
TEDC1	4.032129
TEDC2	4.092923
TEF	2.100033
TEFM	2.495152
TEK	4.846677
TEKT1	11.666992
TEKT2	3.316814
TEKT3	6.311999
TEKT5	10.633135
TELO2	3.781951
TENM1	1.995656
TENM2	1.302933
TENM3	1.967747
TENM4	11.180944
TENT2	0.327825
TENT4A	1.824809
TENT4B	10.100396
TENT5A	6.873806
TENT5B	3.837691
TENT5C	0.305396
TEP1	0.68062
TEPP	9.741028
TERB1	9.143729
TERB2	5.117189
TERF1	5.509714
TERF2	3.324238
TERF2IP	6.259825
TERT	1.670839
TES	10.463166
TESC	4.976319
TESK1	0.271908
TESK2	10.14483
TESMIN	10.787003
TESPA1	6.267632
TET1	3.38143
TET2	9.449767
TET3	4.58992
TEX10	4.174409
TEX101	6.757656
TEX11	4.726787
TEX12	1.937167
TEX13B	11.028577
TEX14	11.677201
TEX15	9.230414
TEX2	5.705976
TEX22	9.481692
TEX26	3.750802
TEX261	5.109722
TEX264	11.825897
TEX29	3.353187
TEX30	5.436335
TEX33	10.96664
TEX35	8.297836
TEX37	0.675578
TEX38	10.222623
TEX43	5.178725
TEX46	3.121798
TEX53	2.636501
TEX54	2.862339
TEX9	7.329967
TF	6.0424
TFAM	9.410757
TFAP2A	12.107038
TFAP2B	8.820536
TFAP2C	0.275185
TFAP2D	9.550513
TFAP2E	5.837081
TFAP4	5.64024
TFB1M	11.334195
TFB2M	9.827399
TFCP2	6.94166
TFCP2L1	2.712071
TFDP1	10.686533
TFDP2	9.664827
TFDP3	11.806377
TFE3	11.464421
TFEB	8.400494
TFEC	2.864718
TFF3	7.644323
TFG	1.799462
TFIP11	1.705956
TFPI	2.552775
TFPI2	1.426882
TFPT	3.43924
TFR2	0.533016
TFRC	0.776774
TG	11.810999
TGDS	0.781678
TGFA	6.825149
TGFB1	11.521023
TGFB1I1	6.406557
TGFB2	9.30176
TGFB3	8.104723
TGFBI	0.448632
TGFBR1	8.932389
TGFBR2	1.586482
TGFBR3	5.744077
TGFBR3L	9.479332
TGFBRAP1	1.577594
TGIF1	0.910076
TGIF2	10.350628
TGM1	3.813469
TGM2	5.413945
TGM4	2.429165
TGM5	2.050354
TGM6	2.603704
TGM7	0.668248
TGOLN2	2.741936
TGS1	10.839188
TH	1.921495
THADA	1.263272
THAP1	2.219363
THAP10	4.977987
THAP11	3.044793
THAP2	6.472423
THAP3	11.530173
THAP4	10.228427
THAP5	11.568355
THAP6	8.021703
THAP7	7.230992
THAP8	5.919084
THAP9	6.079448
THBS1	9.534368
THBS2	4.149474
THBS3	10.53208
THBS4	1.556643
THEG	11.02734
THEGL	5.524149
THEM4	2.196486
THEM5	3.688403
THEM6	10.655775
THEMIS	11.357857
THEMIS2	4.865006
THG1L	0.536491
THNSL2	9.640423
THOC1	7.326923
THOC2	2.315324
THOC3	11.729592
THOC5	9.713598
THOC6	1.415986
THOC7	6.840782
THPO	11.539568
THRA	12.216597
THRAP3	9.147535
THRB	5.450447
THSD1	11.993562
THSD4	4.01614
THSD7A	5.55237
THSD7B	1.989083
THTPA	4.179095
THUMPD1	7.883754
THUMPD2	0.974807
THUMPD3	7.171247
THY1	5.037179
THYN1	1.097581
TIA1	2.359066
TIAL1	5.987832
TIAM1	4.665854
TIAM2	3.888883
TICAM1	6.290675
TICAM2	3.506251
TICRR	4.809835
TIE1	7.014938
TIFA	9.839558
TIGAR	11.415016
TIGD2	6.741759
TIGD3	11.704455
TIGD4	8.251106
TIGD6	2.412922
TIGD7	9.538716
TIGIT	4.303082
TIMD4	7.91296
TIMELESS	0.94454
TIMM10	3.57863
TIMM10B	5.313541
TIMM13	0.38295
TIMM17A	7.77696
TIMM17B	5.107969
TIMM21	5.095206
TIMM22	3.598806
TIMM23	5.482595
TIMM29	7.375685
TIMM44	2.968939
TIMM9	5.330037
TIMMDC1	5.590846
TIMP1	9.0253
TIMP2	5.354128
TIMP3	9.348305
TIMP4	1.342869
TINAG	6.181935
TINAGL1	1.432594
TINCR	0.878151
TIPARP	8.469227
TIPIN	10.85506
TIPRL	4.402654
TIRAP	6.934115
TJAP1	12.198496
TJP1	5.235554
TK1	9.065281
TK2	12.068568
TKFC	1.588901
TKT	11.3662
TKTL1	4.003922
TKTL2	8.896241
TLCD1	8.809874
TLCD2	8.253688
TLDC2	3.135327
TLE1	7.617856
TLE2	9.814481
TLE3	0.280245
TLE4	4.123264
TLE5	6.10769
TLE6	11.163238
TLE7	9.155633
TLK1	2.673927
TLK2	6.875498
TLL1	4.289315
TLL2	0.695142
TLN1	10.52414
TLN2	1.174803
TLR1	6.025624
TLR10	6.550753
TLR2	10.741924
TLR3	11.489299
TLR4	4.956259
TLR5	10.178029
TLR7	8.198414
TLR8	11.57446
TLX2	11.831799
TM2D1	8.589802
TM2D2	6.172472
TM2D3	10.559957
TM4SF18	0.376963
TM4SF20	5.887127
TM4SF4	4.897052
TM4SF5	4.040368
TM6SF1	8.414957
TM6SF2	4.488404
TM7SF2	2.630473
TM7SF3	9.858608
TM9SF2	8.141426
TM9SF3	6.162119
TM9SF4	1.854318
TMA7	6.158917
TMBIM1	9.948432
TMBIM4	7.23883
TMBIM6	7.932393
TMC1	4.75072
TMC2	1.707022
TMC3	4.865871
TMC4	8.403935
TMC5	9.060398
TMC6	5.190124
TMC7	1.226801
TMC8	0.507719
TMCC1	10.444855
TMCC2	4.497516
TMCC3	1.253682
TMCO1	11.654683
TMCO2	10.420047
TMCO3	6.743444
TMCO4	7.793382
TMCO6	2.619521
TMED1	7.188506
TMED10	7.575185
TMED2	8.391482
TMED3	9.151938
TMED4	11.269046
TMED5	1.841877
TMED7	3.513307
TMED8	9.535436
TMED9	8.145958
TMEFF2	3.58231
TMEM100	9.483969
TMEM101	9.313326
TMEM102	9.662055
TMEM104	9.067323
TMEM106A	9.824216
TMEM106B	8.553506
TMEM106C	5.948032
TMEM107	8.40166
TMEM108	6.684283
TMEM109	3.872253
TMEM11	0.962279
TMEM114	9.24302
TMEM115	10.229483
TMEM116	10.751933
TMEM117	10.50563
TMEM120A	4.111717
TMEM120B	7.051636
TMEM121	7.583706
TMEM121B	2.969441
TMEM123	2.040976
TMEM125	11.690834
TMEM126A	3.737767
TMEM126B	8.157562
TMEM127	5.353156
TMEM128	3.640327
TMEM129	2.645438
TMEM130	3.739964
TMEM131	7.991221
TMEM131L	6.009152
TMEM132A	0.838993
TMEM132B	1.94898
TMEM132C	9.057376
TMEM132D	10.672999
TMEM132E	4.275706
TMEM134	2.347005
TMEM135	1.767563
TMEM136	3.590344
TMEM138	6.087354
TMEM139	3.724555
TMEM143	10.647702
TMEM144	2.839095
TMEM145	6.266941
TMEM147	6.785364
TMEM14A	10.808092
TMEM14B	9.210159
TMEM14C	11.815963
TMEM150A	11.026396
TMEM150B	7.931858
TMEM150C	7.624116
TMEM151A	0.275894
TMEM151B	11.816712
TMEM154	0.295757
TMEM155	7.648847
TMEM156	8.16989
TMEM159	12.133242
TMEM160	9.270848
TMEM161A	2.550856
TMEM161B	5.26847
TMEM163	7.121988
TMEM164	11.669517
TMEM165	5.965594
TMEM167A	0.430628
TMEM167B	7.93773
TMEM168	4.518104
TMEM169	1.589796
TMEM17	4.485306
TMEM170B	4.252543
TMEM171	11.344331
TMEM173	5.655693
TMEM174	8.203392
TMEM175	4.146084
TMEM176A	7.447793
TMEM176B	3.022088
TMEM178A	6.042315
TMEM178B	2.471926
TMEM179	7.38099
TMEM179B	8.272264
TMEM18	9.5579
TMEM181	0.980364
TMEM182	7.791512
TMEM184A	3.564173
TMEM184B	1.126066
TMEM184C	1.049498
TMEM185A	6.610763
TMEM185B	11.3449
TMEM186	8.940082
TMEM189	11.908344
TMEM19	12.087731
TMEM190	2.96953
TMEM192	7.568641
TMEM196	8.856894
TMEM198	2.028826
TMEM199	3.221674
TMEM200A	3.781287
TMEM200B	3.73667
TMEM200C	5.690596
TMEM201	7.9569
TMEM202	4.550129
TMEM203	5.843804
TMEM204	4.287908
TMEM205	11.608304
TMEM206	8.615449
TMEM207	9.294947
TMEM208	1.639444
TMEM209	6.375224
TMEM210	0.87759
TMEM213	0.890343
TMEM215	6.39641
TMEM216	6.400651
TMEM217	4.510871
TMEM218	1.858888
TMEM219	8.565526
TMEM220	11.126345
TMEM222	2.829731
TMEM225	1.095928
TMEM225B	1.610889
TMEM229A	6.164161
TMEM229B	5.314951
TMEM230	8.027432
TMEM231	2.725224
TMEM232	10.28169
TMEM233	10.927765
TMEM234	12.186574
TMEM235	1.568091
TMEM236	5.949651
TMEM237	2.050822
TMEM238	0.830886
TMEM240	11.682356
TMEM241	7.941344
TMEM242	6.591923
TMEM243	7.848491
TMEM244	8.014636
TMEM245	4.496388
TMEM246	3.516266
TMEM248	10.56
TMEM249	3.956453
TMEM25	1.669501
TMEM250	7.094024
TMEM251	1.259993
TMEM252	4.025892
TMEM253	12.026978
TMEM254	2.664453
TMEM255A	4.748983
TMEM255B	10.987135
TMEM259	3.127244
TMEM26	12.024396
TMEM260	9.02469
TMEM262	10.696683
TMEM263	1.513896
TMEM266	10.118172
TMEM267	10.210996
TMEM268	0.520725
TMEM269	2.657228
TMEM270	4.455493
TMEM273	6.543074
TMEM30A	6.416755
TMEM30B	3.277208
TMEM31	10.180556
TMEM33	4.01997
TMEM35	5.915303
TMEM35B	3.567644
TMEM37	9.159635
TMEM38A	4.748239
TMEM38B	7.870953
TMEM39A	2.820625
TMEM39B	2.589965
TMEM40	6.406085
TMEM41A	6.119595
TMEM41B	10.861206
TMEM42	2.023724
TMEM43	1.501296
TMEM44	11.541979
TMEM45A	2.359862
TMEM45B	6.147764
TMEM47	8.740004
TMEM50A	8.654948
TMEM50B	10.700626
TMEM51	11.212431
TMEM52	1.082009
TMEM52B	8.139845
TMEM53	10.510368
TMEM54	8.676369
TMEM56	11.777177
TMEM59	10.352605
TMEM60	0.723483
TMEM61	1.860432
TMEM62	3.169855
TMEM63A	5.025011
TMEM63B	1.608727
TMEM63C	10.541494
TMEM64	6.042562
TMEM65	8.92007
TMEM67	8.789402
TMEM68	1.65006
TMEM70	4.285037
TMEM71	2.773374
TMEM72	4.711305
TMEM74	3.592729
TMEM74B	7.818043
TMEM79	10.322648
TMEM80	1.184818
TMEM81	6.619943
TMEM82	5.101338
TMEM86A	3.648672
TMEM86B	11.680636
TMEM87A	10.12117
TMEM87B	6.700509
TMEM88	7.589667
TMEM89	8.301696
TMEM8A	6.01573
TMEM8B	3.239608
TMEM9	7.701267
TMEM92	12.026992
TMEM94	8.436715
TMEM95	2.986246
TMEM97	3.985471
TMEM98	12.036038
TMEM99	2.236
TMEM9B	1.011488
TMF1	9.12274
TMIE	6.463117
TMIGD3	4.920743
TMLHE	4.363078
TMOD1	6.46269
TMOD2	10.104307
TMOD3	0.355455
TMOD4	10.99731
TMPO	8.994095
TMPPE	7.286475
TMPRSS11B	8.39888
TMPRSS12	0.547716
TMPRSS13	5.744419
TMPRSS15	1.625195
TMPRSS2	8.228946
TMPRSS3	11.940966
TMPRSS5	3.344236
TMPRSS6	5.864107
TMPRSS7	11.441662
TMPRSS9	4.271453
TMSB10	8.65267
TMTC1	5.22944
TMTC2	4.570607
TMTC3	12.20496
TMTC4	11.619212
TMUB1	4.511331
TMUB2	8.937424
TMX1	11.952124
TMX2	3.962679
TMX3	5.156255
TMX4	9.26052
TNC	6.619655
TNF	5.17473
TNFAIP1	7.132901
TNFAIP2	3.006653
TNFAIP3	2.393492
TNFAIP6	9.437712
TNFAIP8	2.303501
TNFAIP8L1	5.894714
TNFAIP8L2	4.536526
TNFAIP8L3	2.50013
TNFRSF10A	8.888269
TNFRSF10B	6.183501
TNFRSF10D	12.084316
TNFRSF11A	1.020498
TNFRSF11B	1.973627
TNFRSF13B	5.102488
TNFRSF13C	1.381056
TNFRSF14	7.694578
TNFRSF17	4.936749
TNFRSF18	3.77763
TNFRSF19	0.443364
TNFRSF1A	2.551845
TNFRSF1B	7.513751
TNFRSF21	0.292382
TNFRSF25	4.519546
TNFRSF4	5.013639
TNFRSF6B	11.347038
TNFRSF8	9.945675
TNFRSF9	3.300685
TNFSF10	3.690436
TNFSF11	3.943032
TNFSF12	3.732762
TNFSF13	9.990155
TNFSF13B	3.916476
TNFSF14	11.199995
TNFSF15	11.767366
TNFSF18	9.16401
TNFSF4	4.16674
TNFSF8	5.401568
TNFSF9	4.688177
TNIK	2.370302
TNIP1	10.336823
TNIP2	5.778838
TNIP3	1.965127
TNK1	2.412217
TNK2	8.246093
TNKS	9.992183
TNKS1BP1	9.668795
TNKS2	3.119414
TNMD	3.70286
TNN	11.026895
TNNC1	3.176635
TNNC2	0.805947
TNNI1	0.642761
TNNI2	1.501114
TNNT1	3.697653
TNNT2	12.163481
TNNT3	3.607905
TNPO1	6.803665
TNPO2	1.989691
TNPO3	0.871266
TNR	5.881036
TNRC18	11.779576
TNRC6A	9.456063
TNRC6B	2.319075
TNRC6C	3.41561
TNS1	9.806752
TNS2	10.933406
TNS3	6.554736
TNS4	7.879649
TOB1	9.349749
TOB2	12.119784
TOE1	9.623675
TOGARAM1	10.696732
TOGARAM2	5.506495
TOLLIP	5.557194
TOM1	7.381416
TOM1L1	2.848429
TOM1L2	2.475776
TOMM20L	10.486621
TOMM22	10.846313
TOMM34	11.5051
TOMM40	0.854249
TOMM40L	4.230566
TOMM5	1.572234
TOMM6	7.096848
TOMM70	9.796886
TONSL	9.469435
TOP1	0.984095
TOP1MT	3.771419
TOP2A	5.24267
TOP2B	4.269518
TOP3A	10.955159
TOP3B	2.181969
TOPBP1	1.907693
TOPORS	4.423607
TOR1A	8.523686
TOR1AIP1	0.34235
TOR1AIP2	3.244468
TOR1B	6.051368
TOR2A	3.032086
TOR3A	12.020249
TOR4A	9.387883
TOX	10.648599
TOX2	11.183114
TOX3	7.922122
TOX4	4.409872
TP53	10.512697
TP53AIP1	2.783827
TP53BP1	9.895452
TP53BP2	8.600526
TP53I11	7.798609
TP53I13	4.738772
TP53I3	10.908243
TP53INP1	5.705697
TP53INP2	6.830137
TP53RK	0.831076
TP53TG5	3.795585
TP63	0.464986
TP73	11.957199
TPBG	6.903875
TPBGL	1.56096
TPCN1	6.613027
TPD52L1	8.270941
TPD52L2	10.883687
TPGS2	7.941036
TPH1	5.415799
TPH2	0.579844
TPK1	5.150375
TPM1	10.675312
TPM2	2.07934
TPM3	5.308984
TPM4	10.149026
TPMT	1.009152
TPO	3.32062
TPP1	10.024594
TPP2	1.961122
TPPP	6.306445
TPPP2	0.984952
TPPP3	10.163387
TPR	1.443706
TPRA1	6.718689
TPRG1	4.865286
TPRG1L	1.466985
TPRKB	6.272792
TPRN	4.739743
TPRX1	6.088745
TPSD1	5.60376
TPST1	6.435718
TPST2	6.816306
TPT1	10.530424
TPX2	12.111057
TRA2A	1.332136
TRA2B	2.497815
TRABD	5.069863
TRABD2A	0.892048
TRABD2B	2.313569
TRAC	9.838089
TRADD	3.961891
TRAF1	11.431563
TRAF2	2.801031
TRAF3	5.209094
TRAF3IP1	1.40716
TRAF3IP2	5.872425
TRAF3IP3	6.58764
TRAF4	2.814297
TRAF5	0.992639
TRAF6	7.18512
TRAF7	11.841975
TRAFD1	8.096416
TRAIP	8.058
TRAK1	2.867219
TRAK2	7.778169
TRAM1	2.416607
TRAM1L1	4.848493
TRAM2	3.52422
TRANK1	6.238748
TRAP1	4.807263
TRAPPC1	8.780469
TRAPPC11	10.297042
TRAPPC12	8.532882
TRAPPC13	4.839799
TRAPPC2	10.095116
TRAPPC2B	4.586817
TRAPPC3	5.261843
TRAPPC3L	3.974758
TRAPPC4	9.851821
TRAPPC6A	1.202033
TRAPPC6B	5.897777
TRAPPC8	11.435633
TRAPPC9	7.719378
TRARG1	8.578304
TRAT1	11.207423
TRAV2	9.978235
TRAV24	10.647636
TRAV38-1	8.974679
TRAV8-6	3.317501
TRBV10-1	2.061687
TRBV10-3	3.572716
TRBV16	2.054466
TRBV19	1.724334
TRBV24-1	2.129068
TRBV25-1	5.915679
TRBV9	1.043953
TRDMT1	5.621522
TRDN	2.779924
TREH	4.589991
TREM1	6.983687
TREM2	8.630696
TREML1	5.569047
TREML2	3.156248
TRERF1	8.759786
TREX2	7.660017
TRGV9	5.902502
TRH	3.869669
TRHDE	11.956712
TRHR	9.945988
TRIAP1	3.245799
TRIB1	0.719476
TRIB2	10.246155
TRIB3	3.920931
TRIL	1.085419
TRIM10	5.855693
TRIM11	10.123266
TRIM13	9.078376
TRIM14	0.471967
TRIM17	0.7583
TRIM2	2.656288
TRIM21	11.712884
TRIM22	5.460403
TRIM23	5.954652
TRIM24	0.790468
TRIM25	1.380565
TRIM26	1.47467
TRIM27	5.812622
TRIM28	11.546403
TRIM29	9.700022
TRIM3	12.158054
TRIM31	6.202651
TRIM32	6.71701
TRIM33	5.370109
TRIM35	4.855187
TRIM36	9.952148
TRIM37	2.720791
TRIM38	11.971333
TRIM39	5.31436
TRIM4	5.898169
TRIM40	8.124021
TRIM41	2.231632
TRIM42	7.781685
TRIM44	8.387932
TRIM45	0.582307
TRIM46	1.280349
TRIM5	10.771513
TRIM50	8.589262
TRIM52	8.155316
TRIM54	5.964574
TRIM55	2.954045
TRIM56	10.924052
TRIM58	1.476989
TRIM59	10.329082
TRIM6	12.177461
TRIM60	9.965863
TRIM62	6.797886
TRIM63	9.578033
TRIM65	9.660265
TRIM66	6.111297
TRIM67	2.794616
TRIM69	7.486231
TRIM7	5.696016
TRIM71	4.363706
TRIM72	0.738757
TRIM75P	8.576581
TRIM8	11.922421
TRIM9	1.576912
TRIO	8.184152
TRIP10	3.237323
TRIP11	9.442164
TRIP12	5.448236
TRIP13	7.149122
TRIP4	4.560866
TRIP6	12.13182
TRIQK	8.658255
TRIR	4.118757
TRIT1	1.170476
TRMO	4.720243
TRMT1	1.138838
TRMT10A	2.268434
TRMT10B	0.83957
TRMT11	2.170968
TRMT13	7.092794
TRMT1L	3.804494
TRMT2A	10.288663
TRMT2B	12.132587
TRMT44	9.094036
TRMT5	10.423918
TRMT6	3.977239
TRMT61A	5.443389
TRMT61B	9.283811
TRMT9B	7.616064
TRMU	9.852094
TRNAU1AP	10.49097
TRNP1	11.889034
TRNT1	3.380896
TRO	6.939918
TROAP	9.74065
TRPA1	2.167568
TRPC1	4.424863
TRPC3	0.987335
TRPC4	10.813777
TRPC4AP	2.205533
TRPC5	9.779546
TRPC6	11.485757
TRPC7	8.499733
TRPM1	3.493597
TRPM2	4.751349
TRPM3	4.485391
TRPM4	1.231893
TRPM5	6.539334
TRPM6	8.62306
TRPM7	6.012167
TRPM8	9.789797
TRPS1	10.234658
TRPT1	8.499661
TRPV1	9.999691
TRPV2	10.266205
TRPV3	1.532143
TRPV4	11.920736
TRPV5	11.590967
TRPV6	3.002794
TRRAP	8.604502
TRUB1	8.790315
TRUB2	1.683503
TSACC	9.91363
TSBP1	1.491345
TSC1	10.206981
TSC2	3.905575
TSC22D1	2.003212
TSC22D2	10.494097
TSC22D3	1.121123
TSC22D4	10.30557
TSEN2	10.745285
TSEN34	1.462293
TSEN54	8.010131
TSFM	7.065932
TSG101	7.593455
TSGA10	5.941278
TSGA10IP	10.172587
TSGA13	0.582263
TSHR	11.592443
TSHZ1	7.733319
TSHZ2	0.576724
TSHZ3	3.410925
TSKS	6.075545
TSKU	11.915752
TSN	0.68848
TSNARE1	12.227324
TSNAX	6.242598
TSNAXIP1	4.754963
TSPAN1	0.747513
TSPAN10	5.086149
TSPAN11	3.881221
TSPAN12	12.222595
TSPAN13	3.252601
TSPAN14	8.474119
TSPAN15	8.393397
TSPAN16	6.797091
TSPAN17	10.47985
TSPAN18	11.468601
TSPAN19	8.370762
TSPAN2	0.461948
TSPAN3	10.491078
TSPAN31	6.320109
TSPAN32	9.262881
TSPAN33	9.42751
TSPAN4	10.739388
TSPAN5	5.395739
TSPAN6	9.277434
TSPAN7	9.862899
TSPAN8	4.844944
TSPAN9	7.746962
TSPEAR	10.928739
TSPO	2.348613
TSPOAP1	11.218678
TSPYL2	5.889024
TSPYL4	9.709062
TSPYL5	5.050152
TSR1	11.555222
TSR2	5.643518
TSR3	9.111287
TSSC4	4.781326
TSSK3	3.288963
TSSK4	1.674927
TSSK6	9.185885
TST	6.384484
TSTA3	1.947882
TSTD1	11.631492
TSTD2	0.685468
TTBK1	6.157058
TTBK2	0.876726
TTC1	5.108307
TTC12	3.371662
TTC13	2.653982
TTC14	10.77782
TTC16	10.714461
TTC17	4.313571
TTC19	3.542266
TTC21A	0.764728
TTC21B	6.385419
TTC22	10.931592
TTC23	3.239388
TTC23L	2.582712
TTC24	0.469395
TTC25	6.849615
TTC26	10.673243
TTC27	4.372542
TTC28	1.107891
TTC29	7.581547
TTC3	5.352103
TTC30A	6.188245
TTC30B	0.259543
TTC31	11.204135
TTC32	4.431233
TTC33	8.155807
TTC36	12.118938
TTC37	3.090175
TTC38	8.453787
TTC39A	2.057019
TTC39B	0.84066
TTC39C	2.291029
TTC4	5.472169
TTC5	11.735215
TTC7A	11.96779
TTC7B	4.677156
TTC8	12.104995
TTC9	9.77405
TTC9B	1.432453
TTC9C	6.737373
TTF1	11.617322
TTI1	2.920214
TTI2	6.195179
TTK	4.00737
TTL	6.273179
TTLL1	3.006112
TTLL10	3.162107
TTLL11	4.637085
TTLL12	5.602552
TTLL2	5.844656
TTLL4	4.552635
TTLL5	7.846178
TTLL6	3.819317
TTLL7	2.985204
TTLL8	0.600207
TTLL9	7.42811
TTN	2.00625
TTPA	4.993946
TTPAL	0.986572
TTR	9.900545
TTYH1	6.877488
TTYH2	8.621588
TTYH3	2.596967
TUB	1.511929
TUBA1A	0.886825
TUBA1C	1.375938
TUBA3E	10.938791
TUBA4A	3.207913
TUBA8	8.50728
TUBAL3	6.178281
TUBB	11.157448
TUBB1	3.184427
TUBB2A	2.94509
TUBB2B	0.430282
TUBB3	5.374293
TUBB4A	5.140917
TUBB4B	4.305614
TUBB6	1.693479
TUBD1	7.052388
TUBE1	5.84812
TUBG1	5.082676
TUBG2	9.860931
TUBGCP2	11.97765
TUBGCP3	5.466229
TUBGCP4	3.463087
TUBGCP5	9.481675
TUBGCP6	9.484502
TUFM	4.555176
TUFT1	3.502047
TULP1	9.418677
TULP2	6.285969
TULP3	9.734268
TULP4	2.87037
TUNAR	8.685446
TUSC2	9.37838
TUSC3	7.636725
TUT4	4.255709
TUT7	0.661244
TVP23A	10.600241
TVP23B	7.949365
TWF1	7.813304
TWF2	11.709709
TWIST1	4.787403
TWIST2	10.0668
TWISTNB	3.618229
TWNK	11.744464
TWSG1	8.728344
TXK	9.094892
TXLNA	6.267429
TXLNB	1.838348
TXLNG	8.252507
TXN2	10.063873
TXNDC11	9.474598
TXNDC12	1.400449
TXNDC15	7.094177
TXNDC16	0.279104
TXNDC17	6.532635
TXNDC2	10.455621
TXNDC5	6.132347
TXNDC9	5.838725
TXNIP	1.973502
TXNL4A	3.301046
TXNL4B	2.335557
TXNRD1	2.058095
TXNRD2	1.517789
TXNRD3	9.314485
TYK2	4.402123
TYMP	3.555106
TYMS	9.549094
TYR	9.062392
TYRO3	11.238216
TYROBP	6.75781
TYRP1	7.887487
TYSND1	7.725824
TYW3	1.764009
TYW5	6.723274
U2AF2	1.838667
U2SURP	11.419804
UACA	11.149983
UAP1	0.864531
UAP1L1	10.794974
UBA1	11.791204
UBA2	6.336556
UBA3	6.755578
UBA5	9.595358
UBA52	4.246747
UBA6	10.622403
UBA7	0.312636
UBAC1	7.713936
UBAC2	11.421647
UBALD1	8.389034
UBALD2	6.311448
UBAP1	7.427893
UBAP1L	5.771307
UBAP2	7.599889
UBAP2L	1.490811
UBASH3A	8.598827
UBASH3B	4.987881
UBB	8.084887
UBC	10.752096
UBD	11.725787
UBE2A	11.720638
UBE2B	4.373127
UBE2C	11.799843
UBE2D1	6.702155
UBE2D2	3.502247
UBE2D3	0.52221
UBE2D4	6.08179
UBE2E1	10.573527
UBE2E2	1.305593
UBE2E3	7.581309
UBE2F	6.42876
UBE2G1	11.638325
UBE2G2	2.064333
UBE2H	8.845783
UBE2I	1.977648
UBE2J1	5.740721
UBE2J2	11.563496
UBE2K	3.955799
UBE2L3	5.988927
UBE2L5	9.124178
UBE2L6	6.081062
UBE2M	8.714089
UBE2N	3.580163
UBE2O	2.99883
UBE2Q1	9.312771
UBE2Q2	2.971413
UBE2R2	5.377008
UBE2S	11.174042
UBE2T	7.052933
UBE2U	0.271884
UBE2V1	7.335908
UBE2V2	8.754463
UBE2Z	2.899158
UBE3A	6.861543
UBE3B	11.553242
UBE3C	10.697429
UBE3D	4.779697
UBE4A	9.816871
UBE4B	3.01544
UBFD1	2.899048
UBIAD1	2.693139
UBL3	1.741861
UBL4A	8.893284
UBL7	0.917155
UBLCP1	1.683622
UBN1	4.180074
UBN2	7.178215
UBOX5	7.598665
UBP1	10.987289
UBQLN1	3.767062
UBQLN3	8.676617
UBQLNL	9.359213
UBR1	9.19787
UBR2	4.459765
UBR3	8.931088
UBR4	2.919973
UBR5	8.679019
UBR7	8.676317
UBTD1	1.956206
UBTD2	7.956846
UBTF	4.055738
UBXN1	8.023726
UBXN11	3.169141
UBXN2A	8.666528
UBXN2B	1.262929
UBXN4	1.898066
UBXN6	6.130633
UBXN7	2.343824
UBXN8	1.18592
UCHL1	6.32641
UCHL3	10.88749
UCHL5	7.523499
UCK1	3.827598
UCK2	5.074601
UCKL1	10.137655
UCMA	6.001979
UCP1	7.225004
UCP2	11.738259
UCP3	5.87518
UEVLD	6.875358
UFC1	11.939107
UFD1	6.600614
UFL1	10.525202
UFM1	9.942457
UFSP1	0.402654
UFSP2	0.314895
UGCG	10.3108
UGDH	2.544252
UGGT1	10.521599
UGGT2	2.477843
UGP2	1.961916
UGT1A3	3.472383
UGT2A3	12.167552
UGT3A1	10.041457
UGT8	5.985022
UHMK1	4.000218
UHRF1	11.285077
UHRF1BP1	6.724314
UHRF1BP1L	8.34615
UIMC1	2.843048
ULK1	11.197648
ULK2	6.44542
ULK3	5.579847
ULK4	7.22696
UMAD1	6.480428
UMOD	2.867742
UMODL1	9.923801
UMPS	3.935059
UNC119	8.728123
UNC119B	5.40575
UNC13A	8.328818
UNC13C	8.68923
UNC13D	6.734859
UNC45A	11.818963
UNC45B	9.583061
UNC50	2.662259
UNC5A	7.824218
UNC5B	2.228693
UNC5C	6.107775
UNC5CL	8.143032
UNC5D	1.049057
UNC79	0.274613
UNC80	2.590657
UNC93A	5.639294
UNC93B1	6.361832
UNG	3.348456
UNK	2.997109
UPB1	11.201425
UPF1	4.338163
UPF2	7.110138
UPF3A	8.63261
UPF3B	3.116961
UPK1A	2.23717
UPK1B	10.341924
UPK2	4.834616
UPK3A	10.992504
UPK3B	0.984184
UPP1	7.934344
UPP2	0.699432
UPRT	1.496736
UQCC1	7.09176
UQCC2	8.311465
UQCRB	8.187575
UQCRC1	2.563335
UQCRQ	6.790216
URB1	9.031187
URB2	6.519995
URGCP	11.600483
URI1	4.922353
URM1	6.357112
UROC1	2.244652
UROD	7.917347
UROS	11.363931
USB1	5.910963
USE1	10.198975
USF1	7.841192
USF2	2.322983
USF3	9.697131
USH1C	9.797583
USH1G	10.84785
USH2A	10.316326
USHBP1	11.797215
USO1	9.419831
USP1	11.192015
USP10	3.444557
USP11	11.56936
USP13	10.183226
USP14	2.105983
USP15	12.000437
USP16	8.771102
USP19	9.607695
USP2	7.174841
USP20	7.14105
USP21	3.095025
USP22	10.493263
USP24	5.634945
USP25	8.422272
USP27X	11.443179
USP28	8.378798
USP3	11.912702
USP30	11.764703
USP31	9.98671
USP33	5.045017
USP34	5.075229
USP35	4.369055
USP37	3.637872
USP38	8.034811
USP39	2.38284
USP4	1.391323
USP40	4.820212
USP42	0.899976
USP43	5.435328
USP44	3.477742
USP45	10.947488
USP46	8.390559
USP47	0.916972
USP48	11.01864
USP49	1.634111
USP5	0.419257
USP50	2.923464
USP51	8.450291
USP53	1.940609
USP54	7.294329
USP6NL	4.057042
USP7	11.000707
USP8	8.563717
USP9X	3.335616
USPL1	10.722602
UST	2.73819
UTP11	3.692446
UTP14A	12.10579
UTP15	5.740876
UTP18	7.44404
UTP20	9.6236
UTP23	5.572383
UTP25	4.916047
UTP3	0.903506
UTP4	10.221057
UTP6	4.796971
UTRN	10.488571
UTS2	5.145417
UTS2B	3.624727
UTS2R	1.130684
UVRAG	8.11141
UVSSA	12.154465
UXS1	7.370951
UXT	1.569974
VAC14	11.824317
VAMP1	9.195231
VAMP2	4.445218
VAMP3	7.28261
VAMP4	11.68339
VAMP5	9.210038
VAMP7	6.702789
VAMP8	9.437822
VANGL1	8.283751
VANGL2	7.708154
VAPA	11.477461
VAPB	2.751097
VARS	9.715387
VARS2	10.881499
VASH1	7.770341
VASH2	7.871999
VASN	11.963287
VASP	4.118465
VAT1	5.797886
VAT1L	0.717145
VAV1	5.107066
VAV2	10.19387
VAV3	3.823518
VAX1	11.752454
VAX2	4.907678
VBP1	5.488099
VCAM1	5.302944
VCAN	0.770703
VCP	7.042227
VCPIP1	2.245408
VCPKMT	7.769717
VDAC1	10.739835
VDAC2	8.488731
VDAC3	4.43222
VDR	8.068398
VEGFA	8.099487
VEGFB	1.265316
VEGFC	5.153595
VEGFD	8.481576
VEPH1	3.605457
VEZF1	11.66705
VEZT	8.625335
VGF	8.389437
VGLL2	4.044017
VGLL3	2.101494
VGLL4	2.395513
VIL1	6.437375
VILL	2.793783
VIM	6.142058
VIP	8.397646
VIPAS39	7.561102
VIPR1	11.243632
VIPR2	10.136151
VIRMA	3.99333
VIT	9.129921
VKORC1L1	11.197675
VLDLR	10.154265
VMA21	3.818377
VMAC	5.63655
VMO1	5.203491
VMP1	2.841029
VNN1	1.449641
VNN2	0.917916
VOPP1	5.478634
VPREB3	7.807679
VPS11	9.194838
VPS13A	9.183115
VPS13B	3.434741
VPS13C	6.680975
VPS13D	3.342032
VPS16	0.842709
VPS18	10.485635
VPS25	9.90303
VPS26A	6.261931
VPS26B	5.27735
VPS26C	10.353095
VPS28	3.203656
VPS29	7.019455
VPS35L	0.896973
VPS36	1.500092
VPS37A	9.908358
VPS37B	7.051257
VPS37C	5.066109
VPS37D	8.085806
VPS39	4.95456
VPS41	12.078108
VPS45	6.352831
VPS4B	11.538172
VPS50	9.577775
VPS51	2.603478
VPS52	6.684527
VPS53	7.313245
VPS54	0.35671
VPS72	10.915406
VPS8	10.177179
VPS9D1	11.802259
VRK1	7.08796
VRK2	9.34287
VRK3	1.399107
VSIG1	4.416025
VSIG10	8.994749
VSIG10L	11.27699
VSIG10L2	11.282443
VSIG2	5.802464
VSIG4	12.151462
VSIG8	6.184828
VSIR	0.456567
VSNL1	9.622354
VSTM2A	11.781746
VSTM2B	1.569303
VSTM2L	0.828554
VSTM4	7.979608
VSTM5	2.220904
VSX1	9.864808
VSX2	12.049258
VTA1	7.624457
VTCN1	9.032818
VTI1A	3.050435
VTI1B	3.434534
VTN	1.742819
VWA1	9.521744
VWA2	1.830452
VWA3A	1.882092
VWA3B	7.018625
VWA5A	11.767529
VWA5B1	10.869255
VWA5B2	7.715727
VWA7	10.188715
VWA8	8.046809
VWC2	11.349985
VWC2L	10.407922
VWCE	11.449372
VWDE	8.994621
VWF	12.247955
VXN	2.705284
WAC	3.355056
WAPL	3.832085
WARS	9.822524
WARS2	3.24436
WAS	11.016988
WASF1	11.143202
WASF2	9.792876
WASF3	4.80916
WASHC1	8.578941
WASHC3	4.228452
WASHC4	10.799414
WASHC5	11.132304
WASL	2.164488
WBP1	10.037046
WBP11	5.322765
WBP1L	6.287253
WBP2	3.004773
WBP2NL	2.529289
WBP4	5.195147
WDCP	9.333989
WDFY2	10.799562
WDFY3	1.308469
WDFY4	3.015455
WDHD1	2.394206
WDPCP	9.952254
WDR1	4.945509
WDR11	10.082326
WDR12	6.522082
WDR13	1.519773
WDR17	2.833433
WDR18	3.993899
WDR19	10.123932
WDR20	5.310545
WDR24	2.426634
WDR25	6.937526
WDR26	7.678158
WDR27	7.583696
WDR3	4.387088
WDR31	2.387877
WDR33	5.668464
WDR34	2.245415
WDR35	5.442517
WDR36	0.543327
WDR37	10.671658
WDR38	1.735969
WDR4	5.916146
WDR41	1.026444
WDR43	1.934272
WDR44	4.95079
WDR45B	9.378359
WDR46	10.199038
WDR47	2.703541
WDR48	11.546439
WDR49	0.723371
WDR5	7.198356
WDR53	9.921461
WDR54	5.441891
WDR55	3.541785
WDR59	6.307846
WDR5B	9.021934
WDR6	9.459441
WDR60	1.874964
WDR61	3.109913
WDR62	3.928279
WDR63	1.825599
WDR64	10.103283
WDR66	8.264009
WDR7	9.266154
WDR70	4.543387
WDR72	2.840499
WDR73	10.290581
WDR74	4.843711
WDR75	6.339381
WDR76	7.516921
WDR77	8.609494
WDR78	7.747378
WDR81	4.259557
WDR82	8.207831
WDR83	10.530334
WDR83OS	8.998033
WDR86	7.128323
WDR88	6.209974
WDR89	7.440173
WDR90	1.98671
WDR91	10.297135
WDR92	11.849243
WDR97	0.640781
WDSUB1	9.565336
WDTC1	1.082367
WDYHV1	2.725799
WEE1	5.032693
WEE2	11.314522
WFDC1	3.115338
WFDC10A	4.797558
WFDC10B	1.145262
WFDC11	6.244145
WFDC2	9.37726
WFDC3	10.965009
WFDC5	11.132769
WFIKKN1	2.738709
WFIKKN2	5.561302
WFS1	5.113341
WHAMM	2.530201
WHRN	8.470596
WIF1	10.212795
WIPF1	11.841035
WIPF2	11.6518
WIPF3	9.718858
WIPI1	7.17125
WIPI2	10.680247
WIZ	8.196447
WLS	3.410714
WNK1	9.538672
WNK2	7.802527
WNK3	11.09864
WNK4	10.302228
WNT1	9.210221
WNT10A	4.183078
WNT10B	8.707744
WNT11	5.040407
WNT16	2.645882
WNT2	11.013915
WNT2B	2.006952
WNT3	7.805488
WNT3A	5.833011
WNT4	10.915264
WNT5A	11.638585
WNT5B	4.040493
WNT6	5.371428
WNT7A	2.905243
WNT7B	4.930519
WNT8A	3.059235
WNT8B	7.311552
WNT9A	11.85796
WNT9B	9.191085
WRAP53	7.47352
WRAP73	2.795547
WRB	8.466854
WRN	10.919415
WRNIP1	8.760444
WSB1	1.509494
WSCD1	11.304133
WSCD2	3.440796
WT1	9.012849
WTIP	10.944023
WWC1	2.428698
WWC2	6.798582
WWC3	2.68443
WWOX	4.368228
WWP1	2.024821
WWP2	7.344148
WWTR1	6.417891
XAB2	5.090792
XAF1	11.327081
XAGE3	3.435079
XDH	5.602326
XG	6.565858
XIAP	11.906046
XIRP1	5.69146
XIRP2	4.38322
XK	1.736239
XKR4	4.203147
XKR5	1.950906
XKR6	11.649146
XKR7	7.831214
XKR8	5.44731
XKR9	7.486233
XKRX	4.028631
XPA	3.344523
XPC	10.56028
XPNPEP1	11.360395
XPNPEP2	9.249608
XPNPEP3	6.008754
XPO1	11.984246
XPO4	1.120258
XPO5	9.48975
XPO7	9.232271
XPOT	7.494563
XPR1	8.616626
XRCC1	10.814879
XRCC2	2.407663
XRCC3	9.683752
XRCC4	5.456183
XRCC5	11.834468
XRCC6	2.725655
XRN1	8.540714
XRN2	11.509171
XRRA1	8.181091
XXYLT1	6.70428
XYLB	10.86698
XYLT1	1.640105
XYLT2	9.097993
YAE1	11.330883
YAF2	3.564818
YAP1	11.040911
YARS	7.330199
YARS2	7.647416
YBEY	2.994577
YBX1	3.352612
YBX2	2.318235
YBX3	5.147111
YDJC	3.284696
YEATS2	3.078939
YEATS4	9.158336
YES1	9.020297
YIF1A	6.42278
YIF1B	3.019849
YIPF1	3.267225
YIPF2	1.041779
YIPF3	10.810134
YIPF4	11.321916
YIPF5	2.6415
YIPF6	5.593624
YIPF7	9.939112
YJEFN3	8.628513
YKT6	4.816786
YLPM1	11.462286
YME1L1	12.138149
YOD1	2.608655
YPEL1	0.67286
YPEL3	2.033445
YPEL4	2.931601
YPEL5	0.444974
YRDC	2.061122
YTHDC1	3.712434
YTHDF1	5.43524
YTHDF2	0.979021
YTHDF3	2.217388
YWHAB	4.426211
YWHAE	4.641341
YWHAG	2.825865
YWHAH	11.436337
YWHAQ	3.04749
YWHAZ	4.07802
YY1	12.225563
YY1AP1	2.916426
ZACN	3.327896
ZADH2	1.95663
ZAN	10.439214
ZAP70	8.315939
ZAR1	5.647131
ZAR1L	4.879352
ZBBX	3.978124
ZBED1	10.928128
ZBED2	11.75339
ZBED4	11.552433
ZBED8	8.543438
ZBED9	10.188843
ZBP1	8.193752
ZBTB1	5.736129
ZBTB10	4.150897
ZBTB11	9.64757
ZBTB12	1.422178
ZBTB14	7.28122
ZBTB16	10.674211
ZBTB17	3.731111
ZBTB18	8.997005
ZBTB2	2.049979
ZBTB20	5.118922
ZBTB21	0.75294
ZBTB22	12.098895
ZBTB24	8.079226
ZBTB25	11.737788
ZBTB26	4.962849
ZBTB3	2.928624
ZBTB32	2.039839
ZBTB33	10.872059
ZBTB34	9.179671
ZBTB37	10.906323
ZBTB38	7.550782
ZBTB39	5.991267
ZBTB4	0.977585
ZBTB40	4.580359
ZBTB41	7.083497
ZBTB42	5.990841
ZBTB43	2.451833
ZBTB44	1.666628
ZBTB45	3.184698
ZBTB46	1.077761
ZBTB47	1.379562
ZBTB48	7.549595
ZBTB49	6.611619
ZBTB5	12.220745
ZBTB6	3.770391
ZBTB7A	8.522522
ZBTB7B	5.469272
ZBTB7C	6.25166
ZBTB8A	11.543417
ZBTB8OS	9.246441
ZBTB9	1.812674
ZC2HC1A	2.565879
ZC2HC1B	0.542194
ZC2HC1C	1.415813
ZC3H10	12.05668
ZC3H12A	8.156119
ZC3H12B	2.458743
ZC3H12C	3.314777
ZC3H12D	8.658956
ZC3H13	3.570548
ZC3H14	3.202527
ZC3H15	0.532198
ZC3H18	8.934254
ZC3H3	2.586808
ZC3H6	10.737202
ZC3H7A	5.798053
ZC3H7B	6.474195
ZC3H8	6.139798
ZC3HAV1	7.11202
ZC3HAV1L	4.106598
ZC3HC1	11.965451
ZC4H2	11.177183
ZCCHC10	8.043599
ZCCHC12	3.121409
ZCCHC14	9.558445
ZCCHC17	0.883972
ZCCHC2	0.881206
ZCCHC24	7.232729
ZCCHC3	5.63742
ZCCHC4	3.957491
ZCCHC7	6.364482
ZCCHC8	2.671317
ZCCHC9	8.745873
ZCRB1	6.214193
ZCWPW1	5.860783
ZCWPW2	4.083497
ZDBF2	10.030917
ZDHHC1	3.866115
ZDHHC12	1.287169
ZDHHC13	2.612938
ZDHHC14	10.115567
ZDHHC15	8.592654
ZDHHC16	2.512975
ZDHHC17	3.096956
ZDHHC18	3.260261
ZDHHC19	0.756957
ZDHHC2	11.252213
ZDHHC20	3.766805
ZDHHC21	3.291737
ZDHHC22	6.350377
ZDHHC23	9.803447
ZDHHC24	8.161073
ZDHHC3	10.970939
ZDHHC4	0.382069
ZDHHC5	10.635138
ZDHHC6	0.331027
ZDHHC7	8.463838
ZDHHC8	4.99923
ZDHHC9	0.473796
ZEB1	6.8286
ZEB2	8.89551
ZER1	3.726181
ZFAND1	11.176784
ZFAND2B	0.630637
ZFAND3	11.491453
ZFAND4	5.458513
ZFAND5	8.59049
ZFAND6	5.429585
ZFAT	4.618863
ZFC3H1	11.878646
ZFHX2	5.026551
ZFHX3	5.980338
ZFHX4	5.819507
ZFP1	4.064393
ZFP14	0.55504
ZFP2	10.814058
ZFP28	8.460545
ZFP3	1.607673
ZFP30	6.793424
ZFP36	3.045272
ZFP36L1	9.436815
ZFP36L2	7.202758
ZFP37	3.706716
ZFP57	3.945405
ZFP62	2.904125
ZFP64	4.790195
ZFP69	2.915295
ZFP69B	6.526942
ZFP82	1.151256
ZFP90	8.330173
ZFP92	12.106276
ZFPL1	1.282543
ZFPM1	4.598315
ZFPM2	0.273139
ZFR	6.951265
ZFR2	10.911531
ZFX	6.898366
ZFYVE1	4.343585
ZFYVE16	2.457039
ZFYVE19	1.1013
ZFYVE21	6.334208
ZFYVE26	11.17489
ZFYVE27	0.49389
ZFYVE9	11.823944
ZG16B	6.488585
ZGLP1	9.717003
ZGPAT	1.076541
ZGRF1	5.745892
ZHX1	0.94461
ZHX2	0.4556
ZHX3	9.41408
ZIC1	9.197512
ZIC2	11.360313
ZIC3	8.340302
ZIC4	0.843837
ZIC5	6.497615
ZIK1	6.659167
ZKSCAN1	1.77993
ZKSCAN2	7.460213
ZKSCAN3	1.654915
ZKSCAN4	2.30328
ZKSCAN5	8.702076
ZKSCAN7	0.574576
ZKSCAN8	4.013561
ZMAT1	4.131155
ZMAT2	9.524856
ZMAT3	6.569555
ZMAT4	3.198439
ZMAT5	3.026619
ZMIZ1	7.199698
ZMIZ2	0.373113
ZMPSTE24	6.062582
ZMYM1	0.860874
ZMYM2	1.167245
ZMYM3	3.931529
ZMYM4	4.725056
ZMYM6	9.153387
ZMYND10	8.208269
ZMYND11	3.490502
ZMYND12	7.106531
ZMYND15	7.367821
ZMYND19	2.24968
ZMYND8	10.931765
ZNF101	5.549797
ZNF106	0.409549
ZNF107	4.417769
ZNF114	2.58717
ZNF12	4.140718
ZNF121	0.952821
ZNF124	2.713413
ZNF131	5.017842
ZNF132	0.510171
ZNF133	1.364407
ZNF134	4.92202
ZNF135	1.568069
ZNF136	1.467523
ZNF14	6.708379
ZNF140	1.97225
ZNF142	8.202751
ZNF143	4.376014
ZNF146	7.844361
ZNF148	7.885471
ZNF154	7.581367
ZNF155	8.166126
ZNF157	0.884365
ZNF16	1.354654
ZNF160	5.557927
ZNF165	10.353764
ZNF169	3.425887
ZNF174	2.248171
ZNF175	0.85718
ZNF18	5.041142
ZNF180	4.751046
ZNF181	3.654236
ZNF182	5.117638
ZNF184	9.205351
ZNF185	4.724996
ZNF189	5.926569
ZNF19	3.661787
ZNF197	8.009797
ZNF2	7.335038
ZNF20	11.827317
ZNF200	11.417159
ZNF202	11.655034
ZNF205	4.160262
ZNF207	8.79591
ZNF211	7.331346
ZNF212	4.769453
ZNF213	12.014108
ZNF214	3.82107
ZNF217	6.30813
ZNF219	5.318443
ZNF22	8.507056
ZNF221	6.647281
ZNF222	9.492479
ZNF224	5.576948
ZNF225	7.999924
ZNF226	1.214802
ZNF227	11.412409
ZNF229	1.102471
ZNF23	1.64224
ZNF232	12.000365
ZNF233	4.842473
ZNF234	4.346354
ZNF235	0.583549
ZNF236	9.565225
ZNF24	9.218231
ZNF248	3.202927
ZNF250	11.740718
ZNF251	7.803576
ZNF254	4.344686
ZNF256	9.341192
ZNF26	10.235917
ZNF260	2.735013
ZNF263	4.914972
ZNF266	11.532335
ZNF267	1.039364
ZNF268	5.411014
ZNF274	5.023054
ZNF276	3.650212
ZNF277	2.823491
ZNF280C	5.759943
ZNF283	1.281704
ZNF284	5.233597
ZNF285	2.541658
ZNF287	9.067959
ZNF292	7.873613
ZNF296	11.645779
ZNF3	8.034208
ZNF30	5.964249
ZNF300	8.557655
ZNF311	4.008359
ZNF316	2.044045
ZNF317	5.821309
ZNF318	9.897323
ZNF319	10.929402
ZNF32	6.909646
ZNF320	1.911183
ZNF322	10.854702
ZNF324	8.523209
ZNF324B	2.693567
ZNF326	10.63173
ZNF329	4.847436
ZNF330	10.411928
ZNF331	7.376559
ZNF333	5.923846
ZNF334	10.870773
ZNF335	5.726839
ZNF337	2.014285
ZNF33A	7.094383
ZNF33B	9.847741
ZNF34	5.484139
ZNF341	1.248768
ZNF343	10.622645
ZNF346	2.185511
ZNF347	12.190304
ZNF35	11.897114
ZNF350	5.147507
ZNF354A	1.570834
ZNF354B	6.405581
ZNF358	0.675019
ZNF362	0.72525
ZNF365	7.143494
ZNF366	1.949978
ZNF367	0.631916
ZNF37A	1.542884
ZNF382	9.374963
ZNF383	4.655459
ZNF384	5.728271
ZNF385A	6.672915
ZNF385B	1.94788
ZNF385C	0.618012
ZNF385D	6.220632
ZNF394	8.164946
ZNF395	5.012528
ZNF396	7.420137
ZNF397	2.723544
ZNF398	1.780423
ZNF407	4.230094
ZNF408	6.357697
ZNF41	5.766721
ZNF410	4.624946
ZNF414	0.624575
ZNF415	7.480948
ZNF416	6.413454
ZNF418	7.547314
ZNF423	4.344072
ZNF425	8.23378
ZNF426	5.290656
ZNF428	9.94381
ZNF43	11.428724
ZNF431	5.919678
ZNF432	5.127986
ZNF433	2.452605
ZNF436	4.270712
ZNF438	0.857915
ZNF44	3.308861
ZNF440	0.308651
ZNF441	11.97551
ZNF442	0.914155
ZNF444	5.210599
ZNF445	9.617874
ZNF446	3.016938
ZNF449	1.672719
ZNF45	9.123351
ZNF451	1.55249
ZNF454	6.057236
ZNF460	0.542634
ZNF461	10.029229
ZNF462	2.398579
ZNF467	5.33175
ZNF468	9.433788
ZNF469	5.970494
ZNF470	2.192785
ZNF471	4.940277
ZNF473	11.462378
ZNF48	6.19694
ZNF480	11.819341
ZNF483	11.318589
ZNF484	7.602168
ZNF485	5.650653
ZNF487	0.886425
ZNF493	5.980193
ZNF496	6.771915
ZNF500	5.316606
ZNF501	10.814145
ZNF502	10.973392
ZNF503	9.469701
ZNF506	11.53401
ZNF507	11.123893
ZNF510	11.136121
ZNF511	1.201782
ZNF512	0.27742
ZNF512B	1.972741
ZNF513	2.571085
ZNF514	1.324507
ZNF516	7.185
ZNF518A	10.466604
ZNF518B	4.291156
ZNF521	8.368755
ZNF524	10.782739
ZNF528	10.167706
ZNF529	6.920687
ZNF530	9.287284
ZNF534	11.53897
ZNF536	5.590274
ZNF540	10.494039
ZNF541	11.218351
ZNF543	11.905877
ZNF546	5.480492
ZNF547	8.923855
ZNF549	7.149814
ZNF550	3.484382
ZNF551	11.402578
ZNF552	8.125857
ZNF554	7.855511
ZNF555	7.876519
ZNF556	3.488219
ZNF557	10.752943
ZNF558	1.435943
ZNF559	11.245431
ZNF560	7.711607
ZNF561	12.00154
ZNF563	1.598087
ZNF564	10.752304
ZNF566	10.243044
ZNF567	2.445274
ZNF568	8.099221
ZNF569	2.5585
ZNF57	8.07591
ZNF570	9.774166
ZNF571	7.90847
ZNF572	11.358677
ZNF573	5.863653
ZNF574	3.118721
ZNF575	11.071727
ZNF576	8.943397
ZNF577	11.497558
ZNF579	0.503884
ZNF580	10.848712
ZNF581	1.128345
ZNF582	5.657641
ZNF583	7.361572
ZNF584	3.8946
ZNF585A	6.394267
ZNF586	3.262141
ZNF589	11.893327
ZNF592	6.454856
ZNF594	4.268457
ZNF595	0.797241
ZNF596	7.281094
ZNF597	3.487857
ZNF598	4.029695
ZNF599	3.689883
ZNF605	11.21383
ZNF606	2.242226
ZNF608	3.615464
ZNF609	0.708191
ZNF610	2.865969
ZNF613	2.024543
ZNF614	6.845776
ZNF615	10.131083
ZNF616	5.109414
ZNF618	5.160385
ZNF619	6.063166
ZNF621	1.745392
ZNF622	3.029865
ZNF624	7.778288
ZNF625	8.847392
ZNF627	3.176403
ZNF629	3.56942
ZNF630	0.914325
ZNF638	1.783578
ZNF641	6.272513
ZNF644	6.216779
ZNF646	2.9996
ZNF649	8.648436
ZNF652	11.102991
ZNF653	1.023825
ZNF654	5.79844
ZNF655	7.338499
ZNF658	3.6452
ZNF66	3.68452
ZNF662	2.526662
ZNF664	6.346751
ZNF665	6.338965
ZNF667	11.516613
ZNF668	11.786595
ZNF669	3.952646
ZNF670	4.870889
ZNF671	11.367957
ZNF672	8.804006
ZNF674	8.469069
ZNF676	1.022695
ZNF677	7.979304
ZNF678	10.06977
ZNF680	6.255058
ZNF681	7.429875
ZNF682	8.737267
ZNF683	3.066222
ZNF684	7.187739
ZNF687	5.650728
ZNF688	1.027943
ZNF689	3.29002
ZNF691	10.359773
ZNF692	11.682148
ZNF695	8.889135
ZNF696	8.471076
ZNF697	6.331655
ZNF699	1.108766
ZNF7	2.16699
ZNF70	7.095203
ZNF700	2.252242
ZNF701	4.73784
ZNF703	11.937138
ZNF704	1.459606
ZNF706	7.531579
ZNF707	2.272674
ZNF708	1.627974
ZNF71	8.203357
ZNF711	9.232169
ZNF726	4.056467
ZNF728	7.638419
ZNF732	3.856349
ZNF736	9.932997
ZNF738	8.048341
ZNF74	1.449202
ZNF740	11.35436
ZNF746	5.222509
ZNF749	1.302046
ZNF750	11.22565
ZNF75A	11.414845
ZNF75D	2.342118
ZNF76	3.274097
ZNF764	4.849977
ZNF766	10.153774
ZNF768	1.520745
ZNF77	8.786577
ZNF770	0.784881
ZNF771	0.950907
ZNF773	2.881745
ZNF774	1.40711
ZNF777	5.020906
ZNF778	11.872301
ZNF780A	9.485384
ZNF780B	11.373895
ZNF782	11.195868
ZNF783	2.003878
ZNF784	0.37622
ZNF786	4.83093
ZNF787	3.756124
ZNF789	10.346413
ZNF79	3.615207
ZNF790	9.966022
ZNF791	3.286658
ZNF792	0.597448
ZNF793	9.884146
ZNF8	10.319189
ZNF800	3.939318
ZNF804A	2.030633
ZNF804B	6.107258
ZNF805	2.109032
ZNF808	0.84145
ZNF81	9.950117
ZNF813	6.594407
ZNF814	10.358466
ZNF816	11.816534
ZNF821	2.717834
ZNF823	7.772082
ZNF827	12.228301
ZNF829	10.703921
ZNF830	11.642911
ZNF831	3.176868
ZNF836	5.208749
ZNF837	8.754935
ZNF839	3.734558
ZNF84	10.206437
ZNF841	6.710213
ZNF843	3.054738
ZNF845	3.198036
ZNF852	1.16707
ZNF853	5.08707
ZNF862	9.778313
ZNF865	10.99
ZNF878	5.820897
ZNF879	4.314936
ZNF880	4.06869
ZNF888	2.23884
ZNF91	11.2264
ZNF92	2.182509
ZNF93	4.324855
ZNFX1	7.381242
ZNHIT1	11.654008
ZNHIT6	1.932435
ZNRD1	5.534682
ZNRD2	6.966621
ZNRF1	6.555437
ZNRF2	1.53747
ZNRF3	9.648652
ZP1	7.573675
ZP2	7.874716
ZP4	6.820954
ZPBP	2.153921
ZPLD1	3.576573
ZPR1	1.228975
ZRANB1	5.834003
ZRANB2	4.915583
ZRANB3	6.356758
ZRSR2	2.572635
ZSCAN1	3.743424
ZSCAN10	11.155277
ZSCAN12	7.03276
ZSCAN16	3.215505
ZSCAN18	11.387973
ZSCAN2	4.911966
ZSCAN20	11.894545
ZSCAN21	4.141304
ZSCAN22	5.745882
ZSCAN23	6.487449
ZSCAN25	4.540086
ZSCAN26	0.532867
ZSCAN29	7.200266
ZSCAN30	5.809004
ZSCAN31	11.118116
ZSCAN32	6.683384
ZSCAN4	11.493904
ZSCAN5A	10.472777
ZSCAN5B	2.264061
ZSCAN5C	10.22197
ZSCAN9	9.620986
ZSWIM1	9.074961
ZSWIM2	1.779614
ZSWIM3	5.049804
ZSWIM4	8.937882
ZSWIM5	11.589019
ZSWIM6	7.695038
ZSWIM7	8.735412
ZSWIM8	0.882968
ZSWIM9	2.776554
ZUP1	0.974577
ZW10	3.259266
ZWILCH	0.794328
ZWINT	11.273297
ZXDC	7.531875
ZYG11A	3.001469
ZYG11B	7.916435
ZYX	0.465523
ZZEF1	4.119536
