gene_symbol	raw_counts
A1BG	28890
A2M	76995
A2ML1	58821
A3GALT2	46574
A4GALT	80183
AAAS	95832
AACS	19995
AADACL3	58404
AADAT	43208
AAGAB	2278
AAK1	28513
AAMDC	44861
AAMP	92466
AANAT	21790
AAR2	46504
AARD	18605
AARS	23438
AARS2	44739
AASDH	41674
AASDHPPT	22681
AASS	41446
AATF	9171
AATK	29647
ABAT	31514
ABCA1	12036
ABCA10	39554
ABCA12	48600
ABCA13	25734
ABCA2	61951
ABCA3	43457
ABCA4	19740
ABCA5	99066
ABCA6	14616
ABCA7	35908
ABCA8	44368
ABCA9	57284
ABCB1	41810
ABCB10	63120
ABCB11	92475
ABCB5	61550
ABCB6	46948
ABCB7	67889
ABCB8	29108
ABCB9	40709
ABCC1	48901
ABCC10	17020
ABCC11	98231
ABCC12	42977
ABCC2	33610
ABCC3	87473
ABCC4	12233
ABCC5	75804
ABCC6	4863
ABCC8	87340
ABCC9	22310
ABCD1	29921
ABCD2	99385
ABCD3	55870
ABCD4	91097
ABCE1	10319
ABCF1	13876
ABCF3	94087
ABCG1	47208
ABCG4	23733
ABCG5	7132
ABCG8	16037
ABHD1	58853
ABHD10	13021
ABHD11	18799
ABHD12	74187
ABHD12B	71917
ABHD13	11475
ABHD14B	2916
ABHD15	48644
ABHD16A	25591
ABHD16B	55822
ABHD17A	51907
ABHD17B	25367
ABHD17C	76301
ABHD18	35643
ABHD2	88100
ABHD3	21213
ABHD4	21795
ABHD5	82199
ABHD6	52629
ABHD8	12672
ABI1	1503
ABI2	79826
ABI3	10414
ABI3BP	57550
ABITRAM	56769
ABL1	60046
ABL2	57840
ABLIM1	19413
ABLIM2	48880
ABLIM3	74197
ABO	57722
ABR	86010
ABRA	96658
ABRACL	53586
ABRAXAS1	66563
ABRAXAS2	79554
ABT1	68518
ABTB1	1137
ABTB2	52009
ACAA1	3839
ACAA2	90821
ACACA	28683
ACACB	78802
ACAD10	29138
ACAD11	40912
ACAD8	46582
ACAD9	22043
ACADL	55031
ACADM	18464
ACADS	28306
ACADSB	48916
ACADVL	6583
ACAN	76115
ACAP1	86331
ACAP2	32207
ACAP3	47705
ACAT1	68892
ACAT2	85236
ACBD3	13270
ACBD4	74258
ACBD5	87165
ACBD6	41638
ACBD7	86373
ACCS	80985
ACCSL	52069
ACD	68950
ACE	67696
ACE2	36951
ACER1	6094
ACER2	89473
ACER3	91470
ACHE	70559
ACIN1	41342
ACKR1	12540
ACKR2	82275
ACKR3	55730
ACKR4	67990
ACLY	47472
ACMSD	10292
ACO1	6184
ACO2	55715
ACOD1	76927
ACOT11	33075
ACOT12	95525
ACOT13	52983
ACOT2	83224
ACOT4	9094
ACOT6	93608
ACOT7	91999
ACOT8	72017
ACOT9	51445
ACOX1	36996
ACOX2	48535
ACOX3	52403
ACP1	62598
ACP2	98765
ACP4	59931
ACP5	86857
ACP6	39837
ACP7	87131
ACPP	13014
ACR	73762
ACRBP	60851
ACRV1	68444
ACSBG1	12781
ACSBG2	32456
ACSF2	90938
ACSF3	3964
ACSL1	74032
ACSL3	12135
ACSL4	28640
ACSL5	69395
ACSL6	60275
ACSM3	66739
ACSM4	45120
ACSM5	78024
ACSS1	1075
ACSS2	42844
ACSS3	6291
ACTA1	23230
ACTA2	48712
ACTB	94153
ACTBL2	31009
ACTC1	70992
ACTG1	91556
ACTG2	29148
ACTL10	31894
ACTL6A	61424
ACTL6B	64606
ACTL7A	1344
ACTL7B	48504
ACTL8	30842
ACTN1	40001
ACTN2	17112
ACTN3	1707
ACTN4	12082
ACTR10	72243
ACTR1A	22672
ACTR1B	79433
ACTR2	14753
ACTR3	18184
ACTR5	8107
ACTR6	93053
ACTR8	24232
ACTRT1	34237
ACTRT3	12891
ACVR1	80055
ACVR1B	56762
ACVR1C	33407
ACVR2A	28859
ACVR2B	75331
ACVRL1	48479
ACY3	73098
ACYP2	3336
ADA2	76657
ADAD2	47583
ADAL	45856
ADAM10	53701
ADAM11	4270
ADAM12	65524
ADAM15	43270
ADAM17	25343
ADAM18	85776
ADAM19	85496
ADAM2	85606
ADAM22	15617
ADAM23	30987
ADAM28	61531
ADAM32	48504
ADAM33	11439
ADAM5	94000
ADAM8	16121
ADAM9	8253
ADAMDEC1	22521
ADAMTS1	16019
ADAMTS10	30913
ADAMTS12	75984
ADAMTS13	75044
ADAMTS14	98125
ADAMTS15	70130
ADAMTS16	37460
ADAMTS17	19067
ADAMTS18	69210
ADAMTS19	15293
ADAMTS2	37442
ADAMTS20	81846
ADAMTS3	81470
ADAMTS4	9664
ADAMTS5	20471
ADAMTS6	88010
ADAMTS7	53019
ADAMTS8	15288
ADAMTS9	46608
ADAMTSL1	71678
ADAMTSL2	51376
ADAMTSL3	78326
ADAMTSL4	23707
ADAMTSL5	67389
ADAP1	24374
ADAP2	31658
ADAR	23439
ADARB1	52664
ADARB2	48993
ADAT1	44001
ADAT2	1008
ADCK1	23240
ADCK2	31060
ADCK5	69185
ADCY1	52294
ADCY10	96421
ADCY2	25586
ADCY3	95157
ADCY4	15512
ADCY5	91047
ADCY6	52694
ADCY7	88494
ADCY8	78075
ADCYAP1	97021
ADCYAP1R1	1465
ADD1	64452
ADD2	46405
ADD3	70365
ADGB	88566
ADGRA1	318
ADGRA2	31556
ADGRA3	66192
ADGRB1	9778
ADGRB2	45082
ADGRB3	70360
ADGRD1	59049
ADGRD2	33866
ADGRE1	27089
ADGRE2	67983
ADGRE5	92023
ADGRF1	78732
ADGRF3	16371
ADGRF4	1872
ADGRF5	71699
ADGRG1	81970
ADGRG2	27439
ADGRG3	28772
ADGRG4	66742
ADGRG5	39978
ADGRG6	70674
ADGRG7	89786
ADGRL1	65028
ADGRL2	80302
ADGRL3	98553
ADGRL4	50010
ADGRV1	8302
ADH1A	43048
ADH1B	21897
ADH5	16232
ADI1	97233
ADIG	22531
ADIPOQ	56237
ADIPOR2	97446
ADIRF	39843
ADK	51693
ADM	41753
ADM2	92364
ADM5	57368
ADNP	45701
ADNP2	63035
ADO	6211
ADORA1	62038
ADORA2A	97877
ADORA2B	64032
ADPGK	15031
ADPRH	99098
ADPRHL2	4566
ADPRM	8441
ADRA1A	25266
ADRA1B	82651
ADRA1D	58063
ADRA2A	65460
ADRA2B	49064
ADRA2C	65943
ADRB1	54165
ADRB2	61421
ADRB3	28659
ADRM1	32436
ADSL	1569
ADSS	48987
ADSSL1	81347
ADTRP	6774
AEBP1	5840
AEBP2	51867
AEN	41165
AFAP1	4714
AFAP1L1	77105
AFAP1L2	94588
AFDN	85964
AFF1	37233
AFF2	23040
AFF3	97442
AFF4	16532
AFG1L	43033
AFG3L2	23488
AFM	55505
AFMID	18086
AFP	31245
AFTPH	18505
AGA	21847
AGAP1	17813
AGAP2	7541
AGAP3	73389
AGBL1	1434
AGBL2	44885
AGBL3	62526
AGBL4	78255
AGBL5	10999
AGER	21000
AGFG1	83387
AGFG2	9901
AGK	34879
AGL	98035
AGMAT	33070
AGMO	54378
AGO1	56968
AGO2	40467
AGO3	6024
AGO4	88302
AGPAT1	52757
AGPAT2	52403
AGPAT3	99780
AGPAT4	66154
AGPAT5	57551
AGPS	20338
AGR2	41277
AGR3	43939
AGRN	33535
AGRP	97946
AGT	19623
AGTPBP1	20374
AGTR1	54465
AGTRAP	66991
AGXT2	67014
AHCTF1	36820
AHCY	80164
AHCYL1	73294
AHCYL2	85148
AHDC1	78047
AHI1	59679
AHNAK	36167
AHSA1	71559
AHSG	90614
AICDA	68444
AIDA	62284
AIF1	45158
AIF1L	91643
AIFM1	78590
AIFM2	2449
AIFM3	42682
AIG1	2932
AIM2	94293
AIMP1	32497
AIMP2	61895
AIP	54048
AIPL1	8664
AIRE	36218
AJAP1	93371
AJM1	91949
AJUBA	56806
AK1	26299
AK3	30688
AK5	74560
AK6	84943
AK7	41526
AK8	59834
AK9	89534
AKAIN1	87662
AKAP1	44744
AKAP10	84723
AKAP11	55853
AKAP12	49937
AKAP13	39513
AKAP14	31375
AKAP17A	92571
AKAP3	89903
AKAP4	55429
AKAP6	15609
AKAP7	90057
AKAP8	40889
AKAP8L	42211
AKAP9	12651
AKIP1	78995
AKIRIN1	68574
AKIRIN2	64651
AKNA	34192
AKNAD1	4225
AKR1A1	1332
AKR1B1	21254
AKR1C1	9087
AKR1C8P	9569
AKR1E2	4807
AKR7A2	44321
AKR7A3	62118
AKR7L	45515
AKT1	11583
AKT1S1	80099
AKT2	69002
AKT3	85525
AKTIP	68452
ALAD	36437
ALAS1	53837
ALAS2	49757
ALB	64817
ALCAM	49101
ALDH16A1	25544
ALDH18A1	17741
ALDH1A1	5877
ALDH1A2	53454
ALDH1A3	38351
ALDH1B1	16273
ALDH1L1	90267
ALDH1L2	41795
ALDH2	81216
ALDH3A1	60983
ALDH3A2	90473
ALDH3B1	79453
ALDH3B2	42428
ALDH4A1	3130
ALDH5A1	62654
ALDH6A1	82004
ALDH8A1	11415
ALDOB	34161
ALDOC	70869
ALG11	44653
ALG12	99522
ALG13	53279
ALG14	71971
ALG2	60869
ALG3	40132
ALG5	36912
ALG6	72174
ALG8	13128
ALK	17099
ALKAL1	54630
ALKAL2	84062
ALKBH1	55121
ALKBH2	94371
ALKBH3	40433
ALKBH4	95776
ALKBH5	18406
ALKBH6	5668
ALKBH7	92679
ALKBH8	6891
ALLC	87379
ALMS1	50896
ALOX12	59854
ALOX15	13767
ALOX15B	73112
ALOX5	75639
ALOX5AP	55969
ALOXE3	33526
ALPI	64374
ALPK1	18672
ALPK2	37002
ALPK3	40253
ALPL	21000
ALS2	73983
ALS2CL	47856
ALX1	29556
ALX3	77562
ALX4	11327
ALYREF	77461
AMACR	3827
AMBN	42084
AMBP	60378
AMBRA1	53668
AMD1	47377
AMDHD1	77843
AMER1	87625
AMER2	95683
AMFR	91847
AMH	96549
AMHR2	79658
AMIGO1	65823
AMIGO2	77752
AMIGO3	41879
AMMECR1	29338
AMMECR1L	62912
AMN1	71083
AMOT	75581
AMOTL1	26029
AMOTL2	7312
AMPD2	31876
AMPD3	98680
AMPH	78226
AMT	15326
AMZ1	30568
AMZ2	46577
ANAPC1	88990
ANAPC10	16735
ANAPC11	8827
ANAPC13	90771
ANAPC15	64918
ANAPC16	43768
ANAPC2	81142
ANAPC4	8333
ANAPC5	70629
ANAPC7	62479
ANGEL1	80693
ANGEL2	15364
ANGPT1	28656
ANGPT2	53164
ANGPT4	81046
ANGPTL1	19364
ANGPTL2	33362
ANGPTL4	25501
ANGPTL5	15889
ANGPTL6	72511
ANGPTL7	82740
ANGPTL8	25621
ANK1	44291
ANK2	89223
ANK3	8322
ANKAR	50760
ANKDD1A	38485
ANKDD1B	10628
ANKEF1	12665
ANKFN1	71462
ANKFY1	23451
ANKH	52881
ANKIB1	39668
ANKK1	8066
ANKLE1	6799
ANKLE2	90359
ANKMY1	48369
ANKMY2	30115
ANKRA2	67132
ANKRD1	8176
ANKRD10	85825
ANKRD11	86142
ANKRD12	67239
ANKRD13A	14235
ANKRD13B	1213
ANKRD13C	71915
ANKRD16	64792
ANKRD17	60882
ANKRD2	97921
ANKRD22	70181
ANKRD24	15039
ANKRD26	73707
ANKRD27	70169
ANKRD28	70775
ANKRD29	73265
ANKRD31	28968
ANKRD33	34406
ANKRD33B	75785
ANKRD34B	10101
ANKRD34C	42589
ANKRD35	25167
ANKRD37	50650
ANKRD39	62864
ANKRD40	84027
ANKRD42	52938
ANKRD44	96845
ANKRD46	85484
ANKRD49	32830
ANKRD50	77068
ANKRD52	78944
ANKRD53	66878
ANKRD54	21771
ANKRD55	4297
ANKRD6	35963
ANKRD60	85962
ANKRD61	19897
ANKRD62	94182
ANKRD63	29266
ANKRD66	18211
ANKRD7	91196
ANKRD9	90861
ANKS1A	78253
ANKS1B	71762
ANKS3	13613
ANKS4B	68604
ANKS6	21101
ANKUB1	58480
ANKZF1	85417
ANLN	12778
ANO1	52268
ANO10	17886
ANO2	75722
ANO3	98535
ANO4	8173
ANO5	87128
ANO6	74654
ANO7	39601
ANO8	66392
ANO9	27696
ANOS1	85212
ANP32B	41150
ANP32E	69880
ANPEP	352
ANTXR1	11173
ANTXR2	23138
ANXA1	84546
ANXA10	32372
ANXA11	29837
ANXA13	56800
ANXA2	19270
ANXA2R	20298
ANXA3	39842
ANXA4	76954
ANXA5	84261
ANXA6	98895
ANXA7	35999
ANXA9	83473
AOAH	66256
AOC2	58005
AOC3	50184
AOPEP	22529
AOX1	57178
AOX2	72306
AOX4	10275
AP1AR	38381
AP1B1	19035
AP1G1	37135
AP1G2	84500
AP1M1	5074
AP1S1	92798
AP1S2	33977
AP1S3	62885
AP2A1	29701
AP2A2	88025
AP2B1	50121
AP2M1	50373
AP2S1	45424
AP3B1	89727
AP3B2	14771
AP3D1	100011
AP3M1	67660
AP3M2	23051
AP3S1	25483
AP4B1	11015
AP4E1	28114
AP4M1	46743
AP4S1	87977
AP5B1	55694
AP5M1	4077
AP5S1	80606
AP5Z1	32648
APAF1	28220
APBA1	6519
APBA2	35012
APBB1	39761
APBB1IP	8860
APBB2	83285
APBB3	31160
APC2	18829
APCDD1	90248
APCDD1L	48714
APEH	25660
APEX1	5002
APEX2	14197
APH1A	59088
APH1B	33913
API5	94884
APIP	13954
APLF	65922
APLNR	30109
APLP1	2688
APLP2	49571
APMAP	53258
APOA1	66993
APOA2	78216
APOA4	26178
APOA5	20342
APOB	34625
APOBEC2	88893
APOBEC3A	68093
APOBEC3C	84260
APOBEC3G	13148
APOBEC3H	64685
APOBR	23149
APOC2	43982
APOD	83915
APOE	4425
APOL1	20133
APOL2	24607
APOL4	61016
APOL5	84268
APOL6	85081
APOLD1	43465
APOM	36648
APOO	9495
APOOL	80899
APOPT1	36784
APP	77281
APPBP2	39373
APPL1	62595
APPL2	29471
APRT	41619
APTX	71051
AQP1	70194
AQP10	8563
AQP11	97416
AQP2	23768
AQP3	49707
AQP4	93296
AQP5	48162
AQP6	65992
AQP7	45537
AQP8	43858
AQP9	65588
AQR	67258
AR	58892
ARAF	97956
ARAP1	29812
ARAP2	97025
ARAP3	6739
ARC	14110
ARCN1	54505
AREG	46456
AREL1	39045
ARF1	55685
ARF3	61833
ARF4	30093
ARF5	6522
ARF6	87589
ARFGAP1	13355
ARFGAP2	62776
ARFGAP3	66750
ARFGEF1	22628
ARFGEF2	32720
ARFGEF3	65929
ARFIP1	49332
ARFIP2	95823
ARFRP1	25715
ARG1	35440
ARG2	40149
ARGLU1	80091
ARHGAP1	78684
ARHGAP10	92932
ARHGAP11A	97537
ARHGAP12	97993
ARHGAP15	67153
ARHGAP17	92426
ARHGAP18	85076
ARHGAP20	95828
ARHGAP21	17943
ARHGAP22	92004
ARHGAP23	18825
ARHGAP24	52395
ARHGAP25	65105
ARHGAP26	80444
ARHGAP27	8469
ARHGAP28	19296
ARHGAP29	100035
ARHGAP30	5172
ARHGAP31	89220
ARHGAP32	69157
ARHGAP33	9058
ARHGAP35	70155
ARHGAP36	34093
ARHGAP39	20595
ARHGAP4	96623
ARHGAP40	40206
ARHGAP42	83013
ARHGAP44	68674
ARHGAP5	24530
ARHGAP6	1995
ARHGAP9	48898
ARHGDIA	67391
ARHGDIB	94029
ARHGDIG	13306
ARHGEF1	14082
ARHGEF10	25551
ARHGEF10L	57173
ARHGEF11	64702
ARHGEF12	90323
ARHGEF15	51009
ARHGEF16	48996
ARHGEF17	19780
ARHGEF19	21935
ARHGEF2	77364
ARHGEF26	16696
ARHGEF28	61510
ARHGEF3	94158
ARHGEF33	2267
ARHGEF37	30810
ARHGEF38	99239
ARHGEF39	15079
ARHGEF40	44559
ARHGEF5	23829
ARHGEF6	78340
ARHGEF7	40038
ARHGEF9	59702
ARID1A	5966
ARID1B	75339
ARID2	185
ARID3A	9269
ARID3B	66416
ARID3C	1540
ARID4A	959
ARID4B	14136
ARID5A	54335
ARID5B	84143
ARIH1	58379
ARIH2	33110
ARIH2OS	86777
ARL1	6537
ARL10	32426
ARL13B	5922
ARL14EP	91472
ARL15	30352
ARL16	17669
ARL2	59455
ARL2BP	9149
ARL3	2709
ARL4C	8275
ARL4D	6391
ARL5A	78409
ARL5B	32803
ARL6	83793
ARL6IP4	37935
ARL6IP5	57044
ARL6IP6	41777
ARL8A	24120
ARL8B	43204
ARL9	56619
ARMC1	77518
ARMC10	24168
ARMC12	78182
ARMC2	46880
ARMC3	96334
ARMC4	27770
ARMC5	70915
ARMC6	31281
ARMC7	79312
ARMC8	99861
ARMC9	42511
ARMCX1	55526
ARMCX4	54465
ARMCX5	88977
ARMCX6	46586
ARMH1	50374
ARMH2	21418
ARMH3	88350
ARMH4	59425
ARMS2	51600
ARNT	3497
ARNT2	22839
ARNTL	40439
ARNTL2	31627
ARPC1A	61799
ARPC1B	80910
ARPC2	95495
ARPC3	17534
ARPC4	8706
ARPC5	68565
ARPC5L	34466
ARPP19	5091
ARPP21	53960
ARR3	20157
ARRB1	15408
ARRB2	11971
ARRDC1	88781
ARRDC2	7702
ARRDC3	50569
ARRDC4	973
ARRDC5	75930
ARSA	2673
ARSB	84703
ARSD	49331
ARSE	14394
ARSF	18470
ARSG	11060
ARSH	89851
ARSI	59156
ARSJ	12110
ARSK	81898
ART1	34755
ART3	94191
ART4	49536
ART5	48736
ARTN	42081
ARV1	16255
ARVCF	29398
ARX	3803
AS3MT	49460
ASAH1	63517
ASAH2	61033
ASAP1	23284
ASAP2	493
ASAP3	33859
ASB1	29906
ASB10	97823
ASB11	35445
ASB12	31583
ASB13	3479
ASB14	62565
ASB16	22983
ASB18	85161
ASB2	35730
ASB3	52247
ASB4	61461
ASB5	23120
ASB6	56059
ASB7	57227
ASB8	56455
ASB9	13219
ASCC1	37389
ASCC2	99454
ASCC3	79889
ASCL1	14417
ASCL2	2229
ASCL5	71260
ASF1A	8825
ASF1B	36578
ASGR1	14611
ASH1L	61751
ASH2L	90494
ASIC1	4348
ASIC2	82898
ASIC3	63539
ASIC4	47472
ASIP	30692
ASL	87086
ASNA1	59279
ASNS	22120
ASPA	37395
ASPDH	32740
ASPG	99900
ASPH	15146
ASPHD1	9136
ASPHD2	8130
ASPM	77941
ASPN	68282
ASPRV1	1117
ASPSCR1	5961
ASRGL1	88966
ASTE1	13000
ASTL	27322
ASTN1	58508
ASTN2	53559
ASXL1	54511
ASXL2	55888
ASXL3	22974
ATAD2	56011
ATAD2B	36650
ATAD5	92373
ATAT1	78004
ATCAY	77159
ATE1	22871
ATF1	93222
ATF2	55353
ATF3	6159
ATF4	83443
ATF5	17774
ATF6	78594
ATF6B	15270
ATF7IP	60328
ATF7IP2	45571
ATG10	14479
ATG101	73340
ATG12	43808
ATG13	47606
ATG14	10034
ATG16L1	73765
ATG16L2	60490
ATG2A	96058
ATG2B	77071
ATG3	43936
ATG4A	58593
ATG4B	21962
ATG4C	65750
ATG4D	13323
ATG5	36201
ATG7	82373
ATG9A	32626
ATG9B	75658
ATIC	90212
ATL1	85234
ATL2	32750
ATL3	91748
ATM	33081
ATMIN	46903
ATN1	30382
ATOH7	43121
ATOH8	40507
ATOX1	72070
ATP10A	51612
ATP10B	28198
ATP10D	83728
ATP11A	44769
ATP11B	52058
ATP11C	85222
ATP12A	74470
ATP13A1	61223
ATP13A2	4267
ATP13A3	38750
ATP13A4	33528
ATP13A5	99594
ATP1A1	91228
ATP1A4	42770
ATP1B1	4186
ATP1B2	90597
ATP1B3	76513
ATP1B4	50762
ATP23	48432
ATP2A1	26260
ATP2A2	87587
ATP2A3	30515
ATP2B1	30296
ATP2B2	7774
ATP2B3	46358
ATP2B4	48781
ATP2C1	47053
ATP2C2	8391
ATP4A	43216
ATP5F1B	90423
ATP5F1C	60415
ATP5F1D	95807
ATP5F1E	74801
ATP5IF1	46057
ATP5MC2	17837
ATP5MC3	21483
ATP5MD	14953
ATP5ME	90379
ATP5PF	52608
ATP6	36033
ATP6AP1	8203
ATP6AP1L	23118
ATP6AP2	92642
ATP6V0A1	81505
ATP6V0A2	76020
ATP6V0A4	66857
ATP6V0B	93268
ATP6V0C	54616
ATP6V0D1	15471
ATP6V0D2	61431
ATP6V0E1	41156
ATP6V0E2	7703
ATP6V1B1	20791
ATP6V1B2	5463
ATP6V1C1	97391
ATP6V1C2	68064
ATP6V1D	27395
ATP6V1E1	55215
ATP6V1E2	10675
ATP6V1F	57374
ATP6V1FNB	74843
ATP6V1G1	44625
ATP6V1H	31764
ATP7A	34639
ATP7B	24850
ATP8	32497
ATP8A1	20007
ATP8A2	28883
ATP8B1	61205
ATP8B2	58291
ATP8B3	96054
ATP8B4	55359
ATP9A	71272
ATP9B	6857
ATPAF1	68562
ATPAF2	78966
ATPSCKMT	74297
ATR	72611
ATRAID	3958
ATRIP	17892
ATRN	80833
ATRNL1	35315
ATRX	30074
ATXN1	67100
ATXN10	49168
ATXN1L	56420
ATXN2	95850
ATXN2L	4266
ATXN3	60190
ATXN7L1	84032
ATXN7L2	75445
ATXN7L3	948
ATXN7L3B	71890
AUH	57360
AUNIP	43087
AUP1	44461
AURKA	95991
AURKAIP1	68626
AURKB	14892
AURKC	49254
AUTS2	28302
AVEN	59859
AVIL	20766
AVL9	28967
AVP	3501
AVPI1	44754
AVPR1A	18531
AVPR1B	58952
AVPR2	40813
AWAT2	42497
AXDND1	76715
AXIN1	9640
AXIN2	9277
AXL	87384
AZGP1	96111
AZI2	90677
AZIN1	54794
AZIN2	24432
AZU1	60265
B2M	6095
B3GALNT2	13203
B3GALT1	8035
B3GALT2	96419
B3GALT5	70938
B3GALT6	31713
B3GAT1	91267
B3GAT2	19160
B3GAT3	98119
B3GLCT	12053
B3GNT10	65830
B3GNT2	28341
B3GNT3	48692
B3GNT4	33263
B3GNT5	18807
B3GNT6	71225
B3GNT7	89267
B3GNT8	81469
B3GNT9	53333
B3GNTL1	70531
B4GALNT1	20152
B4GALNT3	69986
B4GALNT4	11432
B4GALT1	46209
B4GALT2	74687
B4GALT3	66867
B4GALT4	68938
B4GALT5	87022
B4GALT6	27544
B4GALT7	32914
B4GAT1	79388
B9D1	10908
B9D2	2524
BAALC	31542
BAAT	41393
BABAM1	80882
BABAM2	14756
BACE1	25818
BACE2	25783
BACH1	37062
BACH2	74566
BAD	35432
BAG1	23765
BAG2	30418
BAG3	4885
BAG4	98980
BAG5	53106
BAG6	89973
BAHCC1	10973
BAHD1	28525
BAIAP2	97715
BAIAP2L1	85517
BAIAP2L2	43507
BAIAP3	28004
BAK1	69817
BAMBI	47875
BANF1	15252
BANK1	34824
BANP	41152
BAP1	57391
BARD1	63174
BARHL1	6005
BARHL2	32220
BARX2	59057
BASP1	89453
BATF	23519
BATF2	22601
BATF3	40821
BAX	33317
BAZ1A	84765
BAZ1B	26629
BAZ2A	84591
BAZ2B	24429
BBC3	83783
BBOF1	32630
BBOX1	60285
BBS10	89103
BBS2	85287
BBS4	28602
BBS5	90855
BBS7	17566
BBS9	73753
BBX	54781
BCAM	58793
BCAN	79529
BCAP29	2085
BCAP31	68267
BCAR1	88209
BCAR3	67554
BCAS1	91840
BCAS2	49202
BCAS3	67418
BCAS4	16864
BCAT1	92209
BCAT2	65624
BCCIP	5069
BCDIN3D	75347
BCHE	91701
BCKDHA	65568
BCKDHB	5106
BCKDK	242
BCL10	84275
BCL11A	95314
BCL11B	87324
BCL2	70906
BCL2A1	5909
BCL2L1	59500
BCL2L11	67545
BCL2L13	6860
BCL2L14	40505
BCL2L2-PABPN1	9952
BCL3	22360
BCL6	85565
BCL6B	30468
BCL7A	61435
BCL7B	29602
BCL7C	298
BCL9	37117
BCL9L	9147
BCLAF1	41535
BCLAF3	99737
BCO1	8024
BCO2	57831
BCOR	42051
BCORL1	33397
BCR	28255
BCS1L	64396
BDH1	89258
BDH2	33217
BDKRB2	80792
BDNF	47340
BDP1	34925
BEAN1	75117
BECN1	5462
BEGAIN	95589
BEND3	86340
BEND4	73507
BEND5	40576
BEND6	41448
BEND7	48999
BEST1	34315
BEST2	68167
BEST3	90435
BEST4	72157
BET1	5873
BET1L	41998
BEX1	63948
BEX2	79530
BEX3	33027
BEX4	32418
BFAR	47600
BFSP1	94916
BFSP2	8642
BGLAP	35744
BGN	57234
BHLHB9	82193
BHLHE22	86551
BHLHE40	36997
BHLHE41	47391
BHMG1	99697
BHMT	83989
BHMT2	1962
BICC1	27945
BICD1	21796
BICD2	56588
BICDL1	46641
BICDL2	49936
BICRA	28562
BICRAL	28233
BID	68782
BIK	99380
BIN1	22798
BIN2	99769
BIN3	98170
BIRC2	64191
BIRC3	64217
BIRC5	21623
BIRC6	59010
BIRC7	43208
BIVM-ERCC5	61718
BLCAP	54948
BLK	53248
BLM	29876
BLMH	85957
BLNK	49211
BLOC1S2	30066
BLOC1S3	83786
BLOC1S6	43013
BLVRA	79214
BLVRB	71530
BLZF1	65638
BMERB1	30337
BMF	7654
BMP1	14665
BMP10	43308
BMP2	2514
BMP2K	22974
BMP3	33961
BMP4	16738
BMP5	21927
BMP6	16035
BMP7	27721
BMPER	81512
BMPR1A	59347
BMPR1B	58806
BMPR2	82232
BMS1	99705
BMT2	95354
BMX	62534
BNC1	27589
BNC2	54472
BNIP1	31067
BNIP2	31889
BNIP3	25652
BNIP3L	3081
BNIPL	51402
BOC	34937
BOD1	38432
BOD1L1	39657
BOK	60210
BOLA3	64977
BOP1	70478
BORA	3645
BORCS5	36111
BORCS6	19411
BPGM	71238
BPHL	64723
BPI	28704
BPIFA2	86251
BPIFB3	6931
BPIFC	7181
BPNT1	95144
BPTF	819
BRAF	82286
BRAP	25690
BRAT1	91736
BRCA1	7784
BRCA2	2685
BRD1	78252
BRD2	38186
BRD3	13495
BRD3OS	52592
BRD4	89354
BRD7	94338
BRD8	12464
BRD9	18717
BRF1	1755
BRF2	74591
BRI3	80239
BRI3BP	82282
BRICD5	97002
BRINP1	74744
BRINP2	4666
BRINP3	17003
BRIP1	33339
BRIX1	83231
BRMS1	95960
BRMS1L	81635
BROX	90492
BRPF1	72217
BRPF3	71458
BRSK2	37719
BRWD1	40231
BRWD3	18070
BSCL2	22955
BSDC1	6386
BSG	1716
BSN	61093
BSND	93107
BSPH1	81048
BSPRY	77840
BST1	20171
BST2	34327
BTAF1	64524
BTBD1	26757
BTBD10	67819
BTBD11	13780
BTBD16	23714
BTBD17	57287
BTBD18	92181
BTBD19	77233
BTBD2	40954
BTBD3	27088
BTBD6	31681
BTBD7	69176
BTBD8	1675
BTBD9	77807
BTC	18933
BTD	34150
BTF3	94011
BTF3L4	8813
BTG2	40911
BTG3	10124
BTG4	44015
BTK	56872
BTLA	95489
BTN1A1	68970
BTN2A1	43913
BTN3A2	19043
BTNL8	56211
BTNL9	57814
BTRC	63803
BUB1	90100
BUB3	30444
BUD13	63689
BUD23	31114
BUD31	44640
BVES	10953
BYSL	7360
BZW1	24361
BZW2	54915
C10H20orf27	40386
C10orf113	1037
C10orf120	17225
C10orf143	35968
C10orf82	12846
C10orf88	13850
C10orf90	22235
C10orf95	72032
C10orf99	97984
C11H12orf10	77612
C11H12orf56	73318
C11orf16	72003
C11orf21	30289
C11orf40	18431
C11orf42	90110
C11orf52	91493
C11orf53	26717
C11orf54	10125
C11orf58	43933
C11orf65	5699
C11orf68	94648
C11orf71	57482
C11orf74	19180
C11orf80	61797
C11orf86	97748
C11orf88	20127
C11orf94	1434
C11orf95	89440
C11orf96	28408
C11orf97	66732
C12orf29	84968
C12orf4	64221
C12orf40	86047
C12orf42	17972
C12orf43	45818
C12orf45	56301
C12orf49	49352
C12orf50	54407
C12orf54	70147
C12orf57	64643
C12orf66	32556
C12orf71	69561
C12orf73	79448
C12orf74	36699
C12orf75	47846
C12orf76	82848
C12orf81	52012
C13H2orf42	15946
C13orf42	28281
C13orf46	46141
C14H11orf1	30127
C14H11orf49	86465
C14H11orf87	46611
C14orf119	85081
C14orf132	39961
C14orf178	98041
C14orf180	73271
C14orf28	20924
C14orf39	23998
C14orf93	92138
C15H9orf40	15926
C15H9orf43	58349
C15orf39	76554
C15orf40	11466
C15orf41	62571
C15orf53	11415
C15orf61	55436
C15orf62	9480
C15orf65	100026
C16H17orf62	30822
C16orf58	42123
C16orf70	97996
C16orf72	82176
C16orf74	20494
C16orf86	84629
C16orf87	53886
C16orf89	60930
C16orf90	70263
C16orf91	38473
C16orf92	51462
C16orf95	60106
C16orf96	32056
C17orf100	70000
C17orf107	69448
C17orf113	94091
C17orf50	34628
C17orf51	74732
C17orf53	32043
C17orf58	22344
C17orf64	92619
C17orf67	71325
C17orf75	58554
C17orf78	63649
C17orf80	72713
C17orf97	89315
C17orf98	13915
C17orf99	70244
C18orf21	46327
C18orf25	29641
C18orf32	85552
C18orf54	87617
C18orf63	60342
C19H19orf48	11564
C19H19orf66	6568
C19H19orf71	29201
C19orf12	85924
C19orf18	50327
C19orf24	12391
C19orf25	33017
C19orf38	6931
C19orf44	56191
C19orf47	45959
C19orf54	45275
C19orf57	35215
C19orf67	96633
C19orf81	44711
C19orf84	26017
C1D	76204
C1GALT1	42713
C1GALT1C1	3433
C1GALT1C1L	4269
C1H1orf43	69873
C1QA	15738
C1QB	64343
C1QBP	22910
C1QC	96457
C1QL1	11234
C1QL2	45254
C1QL3	64185
C1QL4	73464
C1QTNF1	93789
C1QTNF12	57163
C1QTNF2	42834
C1QTNF4	30347
C1QTNF5	27065
C1QTNF6	27242
C1QTNF7	93909
C1QTNF8	81416
C1RL	82235
C1orf100	15022
C1orf105	78271
C1orf109	21073
C1orf112	98146
C1orf115	42304
C1orf116	77307
C1orf122	37699
C1orf127	83659
C1orf131	11361
C1orf141	98354
C1orf146	74041
C1orf158	5444
C1orf159	52276
C1orf162	77152
C1orf167	49507
C1orf174	82108
C1orf185	93613
C1orf189	77089
C1orf194	41777
C1orf198	79300
C1orf21	67425
C1orf210	96231
C1orf216	56293
C1orf226	81129
C1orf35	22107
C1orf50	48384
C1orf52	39231
C1orf53	51467
C1orf54	51762
C1orf56	78382
C1orf74	46489
C1orf87	38955
C1orf94	34083
C20H16orf46	21015
C20H16orf71	71170
C20orf144	72418
C20orf173	28822
C20orf194	37820
C20orf202	11643
C20orf204	21494
C20orf85	40049
C20orf96	49772
C21orf58	18574
C21orf62	65199
C21orf91	58174
C22orf15	29624
C22orf23	14477
C22orf31	54080
C22orf39	83055
C2CD2	20824
C2CD2L	92274
C2CD3	15947
C2CD4B	24357
C2CD4C	6127
C2CD4D	20671
C2CD5	25600
C2CD6	91548
C2H3orf18	99977
C2H3orf84	73826
C2orf15	83247
C2orf40	83381
C2orf42	11990
C2orf49	36242
C2orf50	72916
C2orf66	31851
C2orf68	23143
C2orf69	85429
C2orf70	56411
C2orf72	51473
C2orf73	16718
C2orf74	16587
C2orf76	34656
C2orf80	1591
C2orf88	23403
C2orf91	54665
C2orf92	94013
C3	5771
C3H7orf31	89400
C3H7orf57	92373
C3orf14	92916
C3orf20	229
C3orf22	21346
C3orf33	66745
C3orf38	39588
C3orf49	35903
C3orf62	91054
C3orf67	90314
C3orf70	6885
C3orf80	42069
C4BPB	91879
C4H6orf120	12570
C4H6orf163	43444
C4H6orf201	11688
C4orf19	53137
C4orf33	75549
C4orf45	54534
C4orf46	79075
C4orf47	86377
C4orf48	27073
C4orf50	45703
C4orf51	39023
C4orf54	35034
C5	59245
C5orf24	23490
C5orf30	5825
C5orf34	59168
C5orf49	73182
C5orf51	93696
C5orf52	89167
C5orf58	48051
C5orf63	61941
C5orf67	40231
C6	61923
C6H5orf15	76737
C6H5orf22	19277
C6orf118	29524
C6orf132	57470
C6orf136	18417
C6orf222	54295
C6orf223	44544
C6orf52	3188
C6orf58	74224
C6orf62	87365
C6orf89	75107
C7	42975
C7orf25	66814
C7orf26	14535
C7orf33	42174
C7orf50	60158
C7orf61	96769
C7orf77	40006
C8B	82451
C8G	61018
C8orf33	84126
C8orf34	42699
C8orf37	60985
C8orf82	98496
C8orf88	11147
C8orf89	51009
C9	55845
C9orf116	68286
C9orf129	68329
C9orf131	21869
C9orf135	15369
C9orf152	32197
C9orf153	43393
C9orf24	7857
C9orf50	76435
C9orf64	24158
C9orf66	9064
C9orf72	45877
C9orf78	66278
C9orf85	15456
CA1	27441
CA10	40064
CA11	9367
CA12	73416
CA13	10897
CA14	64961
CA2	47227
CA3	96519
CA4	70835
CA5A	58185
CA5B	26823
CA6	31495
CA7	87157
CA8	9363
CA9	17021
CAAP1	58671
CAB39	65284
CAB39L	73589
CABCOCO1	50518
CABIN1	55964
CABLES2	16899
CABP4	1554
CABP5	23921
CABP7	58036
CABYR	44062
CACFD1	16190
CACHD1	77846
CACNA1A	25056
CACNA1B	86835
CACNA1C	69344
CACNA1D	63716
CACNA1E	70517
CACNA1F	96628
CACNA1G	46947
CACNA1H	16038
CACNA1I	91303
CACNA1S	95340
CACNA2D1	24683
CACNA2D2	99056
CACNA2D3	29977
CACNA2D4	43123
CACNB1	66271
CACNB2	11305
CACNB3	39980
CACNG1	33224
CACNG2	44171
CACNG3	39409
CACNG4	45416
CACNG5	25306
CACNG6	87136
CACNG7	12115
CACNG8	12452
CACTIN	67534
CACUL1	8911
CACYBP	43068
CAD	69671
CADM1	28051
CADM2	31495
CADM3	95543
CADM4	21441
CADPS	34330
CADPS2	14301
CAGE1	82587
CALB1	36046
CALB2	3908
CALCA	9747
CALCB	53379
CALCOCO1	73191
CALCOCO2	178
CALCR	90913
CALCRL	76114
CALD1	47848
CALHM1	9516
CALHM2	41185
CALHM3	70821
CALHM5	43355
CALHM6	38707
CALM1	48041
CALM2	73953
CALM3	1451
CALML4	15626
CALML6	24521
CALN1	70601
CALR	47511
CALU	83631
CALY	5862
CAMK1	31913
CAMK1D	6612
CAMK1G	87184
CAMK2A	64037
CAMK2B	82815
CAMK2D	67945
CAMK2G	63237
CAMK2N1	59985
CAMK2N2	76647
CAMK4	25257
CAMKK1	52130
CAMKK2	8357
CAMKMT	91819
CAMKV	88565
CAMLG	16852
CAMP	45036
CAMSAP1	85283
CAMSAP2	33137
CAMSAP3	84160
CAMTA1	7836
CAMTA2	27485
CAND1	91878
CAND2	75510
CANT1	17923
CANX	69325
CAP1	43744
CAP2	77428
CAPG	71352
CAPN1	55322
CAPN10	95613
CAPN11	76305
CAPN12	79798
CAPN13	14830
CAPN14	24634
CAPN15	20358
CAPN2	50987
CAPN3	29198
CAPN5	1085
CAPN6	98205
CAPN7	2538
CAPN8	41621
CAPN9	84349
CAPRIN1	30115
CAPRIN2	90827
CAPS	15694
CAPS2	85153
CAPSL	34043
CAPZA1	11783
CAPZA2	89778
CAPZA3	86693
CAPZB	92431
CARD10	93169
CARD11	84376
CARD14	3292
CARD18	94091
CARD19	29206
CARD6	17060
CARD9	90960
CARF	41398
CARHSP1	50740
CARM1	17483
CARMIL1	35747
CARMIL2	69712
CARMIL3	4893
CARNMT1	82600
CARNS1	9393
CARS	84637
CARS2	30025
CARTPT	19547
CASC1	75032
CASC3	451
CASC4	31672
CASD1	20032
CASK	1305
CASKIN1	23368
CASKIN2	74564
CASP10	24309
CASP12	48615
CASP2	66695
CASP3	84311
CASP4	60016
CASP5	29979
CASP6	25065
CASP7	73576
CASP8	29446
CASP8AP2	8543
CASP9	55934
CASQ1	98288
CASQ2	6822
CASR	25898
CASS4	83777
CAST	73245
CASTOR1	63454
CASZ1	70024
CAT	74675
CATIP	13080
CATSPER1	78262
CATSPER2	54408
CATSPER3	99057
CATSPER4	67696
CATSPERB	92248
CATSPERD	67005
CATSPERE	65073
CATSPERG	46934
CAV1	98383
CAV2	78984
CAV3	16461
CAVIN1	33000
CAVIN2	35418
CAVIN3	11154
CAVIN4	48276
CBARP	57652
CBFA2T2	33570
CBFA2T3	50839
CBFB	42980
CBL	16811
CBLB	8961
CBLC	47834
CBLIF	45432
CBLL1	13376
CBLN1	22026
CBLN2	38463
CBLN3	84932
CBLN4	90934
CBR1	82919
CBR3	77223
CBR4	67597
CBS	96533
CBX1	35539
CBX2	11090
CBX3	37649
CBX4	94079
CBX5	55092
CBX6	48947
CBX7	97139
CBX8	99603
CBY3	85682
CC2D1A	23353
CC2D1B	36232
CC2D2A	78619
CCAR1	88427
CCAR2	15033
CCBE1	14026
CCDC102A	69120
CCDC102B	47971
CCDC103	51626
CCDC105	78789
CCDC106	37046
CCDC107	47757
CCDC110	38812
CCDC112	67985
CCDC113	57811
CCDC114	28391
CCDC115	17658
CCDC116	39327
CCDC117	65558
CCDC12	86281
CCDC120	11688
CCDC121	7003
CCDC122	35268
CCDC124	82201
CCDC126	71084
CCDC127	18808
CCDC130	14922
CCDC134	11060
CCDC136	5028
CCDC137	82452
CCDC138	15049
CCDC14	90841
CCDC141	53233
CCDC142	66940
CCDC146	46601
CCDC148	72721
CCDC149	18212
CCDC15	54702
CCDC150	81254
CCDC151	23748
CCDC152	60325
CCDC153	34626
CCDC154	26659
CCDC155	65223
CCDC157	48566
CCDC158	59529
CCDC159	18690
CCDC163	74188
CCDC166	76765
CCDC167	87510
CCDC168	27474
CCDC169	15011
CCDC17	66814
CCDC170	12636
CCDC171	94661
CCDC173	87051
CCDC174	953
CCDC175	16725
CCDC177	8093
CCDC178	51096
CCDC18	4611
CCDC180	37459
CCDC181	96004
CCDC183	94321
CCDC184	29792
CCDC185	18468
CCDC186	78632
CCDC188	89193
CCDC189	27852
CCDC190	64531
CCDC191	76938
CCDC192	12148
CCDC194	23939
CCDC196	6276
CCDC197	16977
CCDC198	73926
CCDC200	55376
CCDC201	20837
CCDC22	51623
CCDC24	48329
CCDC27	74310
CCDC28A	47283
CCDC28B	26038
CCDC3	73386
CCDC30	57197
CCDC32	11139
CCDC33	47087
CCDC34	18735
CCDC36	87030
CCDC38	46521
CCDC39	41525
CCDC40	91167
CCDC42	14228
CCDC43	32174
CCDC47	88710
CCDC50	77331
CCDC51	49715
CCDC57	16775
CCDC58	42802
CCDC59	79835
CCDC6	52486
CCDC60	55367
CCDC61	72486
CCDC62	25371
CCDC63	37717
CCDC65	1822
CCDC66	93149
CCDC68	12123
CCDC69	46023
CCDC7	96265
CCDC71	78455
CCDC73	32324
CCDC77	25547
CCDC78	68223
CCDC8	78358
CCDC80	24260
CCDC81	20059
CCDC82	20339
CCDC83	65367
CCDC85A	43029
CCDC85B	43900
CCDC86	26615
CCDC87	51171
CCDC88A	56281
CCDC88B	39017
CCDC88C	81552
CCDC89	71410
CCDC9	80866
CCDC90B	68616
CCDC91	16224
CCDC92	87825
CCDC93	9628
CCDC97	47435
CCDC9B	91759
CCER2	89705
CCHCR1	14079
CCK	2975
CCKAR	72455
CCKBR	50485
CCL1	5636
CCL13	35055
CCL19	98588
CCL2	11717
CCL21	17793
CCL22	29229
CCL24	1006
CCL25	9686
CCL26	35045
CCL27	88397
CCL28	19632
CCL5	86228
CCL8	29280
CCM2	43376
CCM2L	88887
CCN1	11954
CCN2	53204
CCN3	39727
CCN4	20102
CCN5	32205
CCN6	82918
CCNA1	85050
CCNA2	60383
CCNB1	79094
CCNB1IP1	14791
CCNB2	82415
CCNB3	57507
CCNC	32140
CCND1	49199
CCND3	46609
CCNDBP1	99346
CCNE1	48830
CCNE2	51990
CCNF	51246
CCNG1	53186
CCNG2	17879
CCNH	8212
CCNI	34804
CCNI2	97331
CCNJ	46894
CCNJL	9063
CCNK	78307
CCNL1	95129
CCNL2	19756
CCNO	93912
CCNQ	95514
CCNT1	99341
CCNT2	20096
CCNY	85321
CCNYL1	42657
CCNYL2	52052
CCP110	55482
CCPG1	67430
CCR10	23183
CCR2	32007
CCR3	66670
CCR4	32668
CCR5	81275
CCR6	2821
CCR7	39286
CCR9	51468
CCRL2	70356
CCS	64890
CCSAP	73563
CCSER1	48140
CCSER2	168
CCT2	79931
CCT3	95371
CCT4	66074
CCT5	90123
CCT6B	11888
CCT7	62981
CCT8	61916
CD101	38620
CD109	89213
CD14	76588
CD151	12255
CD160	67995
CD163	15539
CD163L1	61984
CD164	45297
CD164L2	72647
CD177	79746
CD180	89709
CD19	77423
CD1A	32364
CD1C	52284
CD1D	67958
CD2	51361
CD200	93366
CD200R1	71262
CD207	73011
CD209	91703
CD22	62246
CD226	12272
CD244	4030
CD247	82813
CD248	58945
CD27	16123
CD274	22566
CD276	90499
CD28	4159
CD2AP	69039
CD2BP2	61246
CD300A	78935
CD300C	75194
CD300E	97594
CD300H	50195
CD300LD	24268
CD300LF	19032
CD300LG	70490
CD302	40702
CD320	60211
CD33	89747
CD34	94329
CD36	62061
CD37	98891
CD38	23649
CD3D	22687
CD3E	88238
CD3EAP	63028
CD3G	31703
CD4	65383
CD40	8244
CD40LG	20539
CD44	35738
CD46	15156
CD47	25528
CD48	12962
CD5	60833
CD52	24042
CD53	7661
CD55	2707
CD58	76393
CD59	66901
CD5L	12212
CD6	34064
CD63	68719
CD68	97227
CD69	15506
CD7	7169
CD72	25274
CD74	19296
CD79A	75743
CD79B	3938
CD80	93715
CD81	78941
CD82	9024
CD83	44878
CD84	26183
CD86	44841
CD8A	24797
CD9	40600
CD93	62215
CD96	2796
CD99	26543
CD99L2	94382
CDA	84778
CDADC1	58076
CDAN1	83560
CDC123	8341
CDC14A	32784
CDC14C	64541
CDC16	62622
CDC20	16298
CDC20B	87435
CDC23	40731
CDC25A	37678
CDC25B	61904
CDC25C	83824
CDC26	66916
CDC27	59898
CDC34	94628
CDC37	74882
CDC37L1	29169
CDC40	19528
CDC42	23819
CDC42BPA	62053
CDC42BPB	31716
CDC42BPG	67173
CDC42EP1	89085
CDC42EP2	81515
CDC42EP3	11955
CDC42SE1	87018
CDC42SE2	31487
CDC45	10748
CDC5L	28960
CDC6	65993
CDC73	64023
CDCA2	47822
CDCA3	78962
CDCA5	53658
CDCA7	81177
CDCA7L	13753
CDCA8	93639
CDCP1	38614
CDH1	86374
CDH10	56143
CDH11	51923
CDH12	41822
CDH13	42216
CDH15	66809
CDH16	43260
CDH17	2748
CDH18	85543
CDH19	87178
CDH2	66637
CDH20	56465
CDH22	16484
CDH23	27695
CDH24	82347
CDH26	26208
CDH3	66695
CDH4	85063
CDH5	52232
CDH6	19863
CDH7	75475
CDH8	24752
CDH9	92289
CDHR1	88515
CDHR2	86812
CDHR3	90621
CDHR5	72734
CDIP1	8470
CDIPT	4507
CDK1	24271
CDK10	88683
CDK12	14280
CDK13	8139
CDK14	46929
CDK15	82517
CDK16	51914
CDK17	70760
CDK18	71683
CDK19	22944
CDK2	26314
CDK20	10935
CDK2AP1	34417
CDK2AP2	2097
CDK3	87153
CDK4	17097
CDK5	94587
CDK5R1	40981
CDK5R2	91340
CDK5RAP1	19545
CDK5RAP2	70796
CDK5RAP3	17344
CDK6	75459
CDK7	26503
CDK8	82493
CDK9	3863
CDKAL1	14579
CDKL1	96169
CDKL2	59226
CDKL3	15176
CDKL4	72304
CDKL5	16676
CDKN1A	85696
CDKN1B	43213
CDKN2AIP	233
CDKN2AIPNL	15117
CDKN2B	16503
CDKN2C	58791
CDKN2D	77508
CDKN3	80937
CDNF	87312
CDO1	88397
CDON	92913
CDPF1	65371
CDR1	71259
CDR2L	55322
CDRT4	19043
CDS1	77967
CDS2	52282
CDT1	83163
CDV3	22313
CDX1	83381
CDX4	3016
CDYL	25393
CDYL2	4993
CEACAM18	65703
CEACAM19	40776
CEACAM20	92944
CEACAM4	91268
CEACAM8	68394
CEBPA	22997
CEBPB	71678
CEBPD	58675
CEBPE	394
CEBPG	17024
CEBPZ	63204
CECR2	10541
CEL	99764
CELA1	40881
CELA2B	53251
CELF1	4143
CELF2	63310
CELF3	73214
CELF4	22132
CELSR1	47466
CELSR2	42208
CELSR3	89086
CEMIP	20706
CEMIP2	76783
CENPA	10063
CENPB	66864
CENPBD1	37395
CENPC	64954
CENPE	26943
CENPF	73976
CENPH	41430
CENPI	76292
CENPJ	18417
CENPK	90943
CENPL	42034
CENPM	92713
CENPN	10350
CENPO	54297
CENPP	57696
CENPQ	1786
CENPS-CORT	10448
CENPT	35329
CENPU	67425
CENPV	37687
CENPW	26848
CENPX	45332
CEP104	23578
CEP112	51012
CEP120	10840
CEP126	64163
CEP128	84279
CEP131	13183
CEP135	8264
CEP152	96341
CEP162	84673
CEP164	29932
CEP170	47891
CEP170B	25880
CEP19	12635
CEP192	75690
CEP250	42801
CEP290	88430
CEP295	1033
CEP295NL	48084
CEP350	23841
CEP41	62024
CEP44	73620
CEP55	82657
CEP57	51957
CEP57L1	5552
CEP63	16529
CEP68	63872
CEP70	80894
CEP72	1334
CEP76	79891
CEP78	20336
CEP83	9554
CEP85	46124
CEP85L	27056
CEP89	28908
CEP95	137
CEP97	33085
CEPT1	63862
CER1	90615
CERCAM	41281
CERK	66104
CERKL	85011
CERS2	11276
CERS3	92686
CERS4	40563
CERS5	12214
CERS6	62809
CES1	95618
CETN2	64910
CETN3	87803
CETP	52778
CFAP100	31367
CFAP126	37710
CFAP157	38620
CFAP161	92248
CFAP20	96148
CFAP206	8787
CFAP221	23256
CFAP298	12401
CFAP299	78017
CFAP300	25508
CFAP36	55316
CFAP410	24481
CFAP43	45443
CFAP44	95807
CFAP45	66014
CFAP46	31091
CFAP52	29470
CFAP54	78975
CFAP57	16517
CFAP58	42398
CFAP61	26455
CFAP65	41570
CFAP69	67612
CFAP70	64703
CFAP73	61771
CFAP74	41062
CFAP77	14584
CFAP97	89250
CFAP97D1	60985
CFAP99	22629
CFD	65742
CFDP1	99108
CFH	17341
CFHR5	31317
CFL1	80354
CFL2	24084
CFLAR	11513
CFP	91056
CFTR	65697
CGAS	81560
CGNL1	24332
CGREF1	39596
CHAC1	33447
CHAC2	84683
CHAD	98097
CHADL	3618
CHAF1A	74331
CHAF1B	10311
CHAMP1	35881
CHAT	87669
CHCHD1	36408
CHCHD10	5910
CHCHD5	48702
CHCHD6	37917
CHCHD7	19167
CHD1	21645
CHD1L	52759
CHD2	17366
CHD3	58338
CHD5	52751
CHD6	79831
CHD7	24573
CHD8	5597
CHD9	85925
CHDH	83335
CHEK1	52474
CHEK2	59333
CHERP	90357
CHFR	34008
CHGA	46319
CHGB	36671
CHI3L1	56278
CHI3L2	48599
CHIA	53998
CHIC1	6061
CHIC2	7965
CHID1	92720
CHIT1	62515
CHKA	1405
CHKB	54483
CHL1	39238
CHM	30735
CHMP1A	55144
CHMP2A	16619
CHMP2B	9892
CHMP4C	40224
CHMP5	92377
CHMP6	70539
CHMP7	40286
CHN1	18156
CHODL	57899
CHORDC1	79766
CHP1	54251
CHP2	68900
CHPF	4206
CHPF2	41046
CHPT1	44894
CHRAC1	21587
CHRD	50782
CHRDL1	28258
CHRDL2	93854
CHRM1	40716
CHRM2	43581
CHRM4	97892
CHRM5	23843
CHRNA1	87014
CHRNA10	72432
CHRNA2	87573
CHRNA3	4042
CHRNA4	6944
CHRNA5	21511
CHRNA6	44268
CHRNA9	14230
CHRNB1	48269
CHRNB2	26679
CHRNB3	70739
CHRNB4	75094
CHRND	53750
CHRNE	28192
CHRNG	8382
CHST1	37609
CHST10	84817
CHST11	77697
CHST12	20552
CHST13	26590
CHST15	88997
CHST2	38221
CHST3	73268
CHST4	63442
CHST6	1305
CHST7	2176
CHST8	14134
CHST9	46337
CHSY1	32826
CHSY3	95781
CHTF18	3360
CHTF8	83448
CHTOP	24569
CHUK	58353
CIAO1	96998
CIAO2B	77006
CIAO3	26710
CIART	63173
CIB1	79487
CIB2	56367
CIB3	62894
CIB4	46597
CIC	21171
CIDEA	35472
CIDEB	46512
CIDEC	47194
CIITA	55894
CILP	18224
CILP2	86463
CINP	50405
CIP2A	79820
CIPC	56395
CIR1	87394
CIRBP	91185
CISD1	94419
CISD2	85639
CISH	2317
CIT	21681
CITED1	27093
CITED2	41058
CIZ1	95300
CKAP2	80175
CKAP2L	13909
CKAP4	35660
CKAP5	38839
CKB	8175
CKLF	64713
CKM	62700
CKMT2	22080
CLASP1	45231
CLASRP	72718
CLBA1	90906
CLC	36059
CLCA1	37925
CLCA2	11507
CLCA4	84250
CLCC1	17417
CLCF1	37623
CLCN1	96130
CLCN2	30231
CLCN3	75804
CLCN4	19796
CLCN5	51142
CLCN6	75197
CLCN7	68500
CLCNKA	76513
CLCNKB	49619
CLDN1	27544
CLDN10	6540
CLDN11	34294
CLDN12	73584
CLDN14	70305
CLDN15	94839
CLDN16	25344
CLDN19	84730
CLDN2	38739
CLDN20	7890
CLDN22	31512
CLDN24	81753
CLDN3	31235
CLDN4	37277
CLDN5	60934
CLDN7	40753
CLDN9	75680
CLDND1	17231
CLDND2	42588
CLEC10A	37254
CLEC11A	8124
CLEC12A	78923
CLEC12B	44930
CLEC16A	46911
CLEC17A	30200
CLEC19A	13213
CLEC1A	30509
CLEC20A	74438
CLEC2B	75817
CLEC2D	48904
CLEC2L	21182
CLEC3A	60359
CLEC3B	18710
CLEC4A	56100
CLEC4E	23659
CLEC4F	20341
CLEC4G	32286
CLEC5A	90554
CLEC6A	72540
CLEC7A	30606
CLGN	42116
CLHC1	61134
CLIC1	37518
CLIC2	21066
CLIC3	52504
CLIC4	64256
CLIC5	67694
CLIC6	90003
CLINT1	15663
CLIP1	42623
CLIP2	7830
CLIP3	53687
CLIP4	18042
CLK1	23919
CLK2	38720
CLK3	66240
CLK4	18926
CLMN	39688
CLMP	38094
CLN3	94725
CLN6	36739
CLN8	11943
CLNK	8390
CLNS1A	53718
CLOCK	32772
CLP1	20688
CLPB	93492
CLPS	38111
CLPSL1	44866
CLPTM1	22270
CLPTM1L	53963
CLRN1	76555
CLRN2	34227
CLRN3	37518
CLSPN	17979
CLSTN1	17938
CLSTN2	76341
CLSTN3	94211
CLTA	53795
CLTB	22422
CLTC	36357
CLTCL1	21244
CLU	81503
CLUAP1	28102
CLUH	29349
CLUL1	87240
CLVS1	57747
CLVS2	44546
CLYBL	86803
CMA1	18208
CMAS	91085
CMBL	98713
CMC2	77432
CMC4	81025
CMIP	11295
CMKLR1	73568
CMPK2	84929
CMSS1	39697
CMTM2	86465
CMTM3	62721
CMTM4	66322
CMTM5	71927
CMTM6	80967
CMTM7	45499
CMTM8	97693
CMTR1	62170
CMYA5	24453
CNBD1	13910
CNBD2	33576
CNBP	1393
CNDP1	5666
CNDP2	83067
CNEP1R1	48501
CNFN	95045
CNGA1	47214
CNGA3	44376
CNGA4	97937
CNGB1	20967
CNGB3	16417
CNIH1	34232
CNIH2	92132
CNIH3	32136
CNIH4	667
CNKSR1	36315
CNKSR2	71592
CNKSR3	22520
CNMD	15313
CNN1	65949
CNN3	91704
CNNM1	80955
CNNM2	47775
CNNM3	25107
CNNM4	3026
CNOT1	10863
CNOT10	75775
CNOT11	85969
CNOT3	99601
CNOT4	60175
CNOT6	72876
CNOT6L	52263
CNOT7	14282
CNOT8	87831
CNP	45923
CNPPD1	83040
CNPY1	98364
CNPY2	53079
CNPY3	33474
CNPY4	93587
CNR1	6073
CNR2	99728
CNRIP1	64356
CNST	69261
CNTD1	86950
CNTD2	67746
CNTFR	12741
CNTLN	24452
CNTN1	45785
CNTN2	33032
CNTN3	35508
CNTN4	56222
CNTN5	4297
CNTN6	5436
CNTNAP1	54822
CNTNAP2	86232
CNTNAP5	55566
CNTRL	94487
CNTROB	90056
COA1	6973
COA5	97264
COA6	34361
COA7	76659
COASY	14119
COBL	96576
COBLL1	78183
COCH	91038
COG2	32489
COG3	86022
COG4	45878
COG5	98571
COG6	53324
COG7	83099
COIL	2832
COL10A1	93742
COL11A1	61437
COL11A2	79714
COL12A1	5971
COL14A1	98057
COL16A1	92367
COL17A1	51270
COL18A1	46596
COL19A1	36324
COL1A1	37487
COL1A2	96375
COL20A1	28027
COL21A1	7769
COL22A1	81589
COL23A1	39977
COL24A1	23035
COL25A1	26360
COL26A1	75323
COL27A1	29917
COL28A1	92491
COL2A1	15396
COL3A1	13504
COL4A1	82741
COL4A2	82326
COL4A3	7974
COL4A3BP	69082
COL4A4	71867
COL4A5	63486
COL4A6	69746
COL5A1	70276
COL5A2	57758
COL5A3	80511
COL6A1	32967
COL6A2	73881
COL6A3	48418
COL6A5	35939
COL6A6	75183
COL7A1	65803
COL8A1	87407
COL8A2	84249
COL9A1	32229
COL9A2	23997
COLCA2	77968
COLEC10	81783
COLEC11	95799
COLEC12	33327
COLGALT1	7241
COLGALT2	85208
COMMD1	36416
COMMD10	53371
COMMD2	87953
COMMD3	8808
COMMD4	70763
COMMD5	61405
COMMD7	66934
COMMD8	29216
COMMD9	48012
COMP	78247
COMT	22587
COMTD1	29108
COP1	23807
COPA	24258
COPB1	22956
COPB2	74983
COPE	97724
COPG1	61050
COPG2	86966
COPRS	53205
COPS2	84182
COPS3	13153
COPS4	16951
COPS5	97852
COPS7A	73384
COPS7B	95857
COPS8	1322
COPZ1	62897
COPZ2	85045
COQ10A	37034
COQ10B	12451
COQ2	15478
COQ3	24012
COQ4	64541
COQ5	5009
COQ6	35423
COQ8A	26794
COQ8B	51589
COQ9	54570
CORIN	41168
CORO1A	98821
CORO1B	68371
CORO1C	47168
CORO2A	51037
CORO2B	11848
CORO6	40936
COTL1	75589
COX1	23374
COX10	349
COX11	56366
COX15	49202
COX16	52536
COX17	82589
COX18	50434
COX2	42471
COX20	72435
COX3	94181
COX4I2	47580
COX6A1	56893
COX6A2	18076
COX7A1	71998
COX7B	54337
COX7B2	30584
COX8A	99080
CP	89331
CPA1	43446
CPA2	73225
CPA3	15457
CPA4	65561
CPA5	2638
CPA6	41433
CPAMD8	20874
CPB1	76342
CPD	94698
CPE	24533
CPEB1	51036
CPEB2	37558
CPEB3	21296
CPEB4	97860
CPED1	50653
CPLANE1	56086
CPLANE2	22309
CPLX1	28028
CPLX2	19637
CPLX3	9402
CPM	39569
CPN1	5710
CPNE2	90512
CPNE3	95207
CPNE4	68488
CPNE5	10572
CPNE6	99118
CPNE7	41586
CPNE8	143
CPNE9	13221
CPO	62442
CPOX	21270
CPPED1	77089
CPQ	28360
CPS1	15146
CPSF1	17068
CPSF2	40617
CPSF3	32027
CPSF4	98896
CPSF4L	68445
CPSF6	53573
CPSF7	31349
CPT1A	18609
CPT1B	17792
CPT1C	79367
CPT2	53185
CPTP	21373
CPVL	42632
CPXM1	78914
CPXM2	4096
CPZ	49477
CR1	49911
CR1L	95906
CR2	74274
CRABP1	81277
CRABP2	24577
CRACR2A	72652
CRACR2B	39415
CRADD	43588
CRAMP1	40963
CRAT	51097
CRB1	12707
CRB2	60626
CRB3	89949
CRBN	80259
CRCP	77250
CREB1	78863
CREB3	44673
CREB3L1	36197
CREB3L2	43437
CREB3L3	33634
CREB3L4	51082
CREB5	2922
CREBBP	83325
CREBL2	27099
CREBRF	98458
CREBZF	94716
CREG1	32159
CREG2	71328
CRELD1	17662
CRELD2	78263
CREM	49425
CRH	35024
CRHBP	23487
CRHR1	43836
CRHR2	11593
CRIM1	73931
CRIP2	1120
CRIP3	57242
CRIPT	34579
CRISP3	87493
CRISPLD1	66937
CRISPLD2	46990
CRK	18326
CRKL	90747
CRLF1	23656
CRLF3	45539
CRLS1	21831
CRMP1	75293
CRNKL1	468
CROCC	19579
CROCC2	165
CROT	73230
CRP	57549
CRPPA	95990
CRTAC1	48276
CRTAM	46490
CRTAP	579
CRTC1	41627
CRTC2	22985
CRTC3	98750
CRY1	48881
CRY2	82356
CRYAB	21908
CRYBA1	70201
CRYBA2	35328
CRYBA4	96797
CRYBB1	26009
CRYBB2	91280
CRYBB3	88208
CRYBG1	30996
CRYBG3	13993
CRYGA	83453
CRYGB	12130
CRYGD	56569
CRYGN	72052
CRYGS	18518
CRYL1	28325
CRYM	72715
CRYZ	79949
CRYZL1	33310
CS	38228
CSAD	55358
CSDC2	64331
CSDE1	48750
CSE1L	62641
CSF1	74458
CSF1R	22016
CSF2RB	9574
CSF3	92674
CSF3R	56790
CSGALNACT1	7415
CSGALNACT2	12102
CSK	50714
CSKMT	58518
CSMD1	50248
CSMD2	20632
CSMD3	12387
CSNK1A1	20235
CSNK1D	37583
CSNK1G1	34968
CSNK1G2	63626
CSNK1G3	47737
CSNK2A2	68840
CSPG4	53476
CSPG5	85184
CSPP1	7846
CSRNP1	46776
CSRNP2	97761
CSRNP3	56614
CSRP1	15440
CSRP2	60967
CST3	99258
CST5	91971
CST6	96299
CST7	69449
CSTA	75210
CSTB	24990
CSTF1	88389
CSTF2	56878
CSTF3	39772
CSTL1	66135
CT55	13822
CTBP1	4932
CTBP2	96784
CTBS	99567
CTC1	40146
CTCF	6692
CTCFL	72922
CTDNEP1	63194
CTDP1	43568
CTDSP1	30389
CTDSP2	37338
CTDSPL	6619
CTDSPL2	52405
CTF1	86501
CTH	66296
CTHRC1	53668
CTIF	71007
CTNNA1	69363
CTNNA2	23459
CTNNA3	62498
CTNNAL1	71260
CTNNB1	74208
CTNNBIP1	49393
CTNNBL1	89248
CTNND1	65813
CTNND2	89765
CTNS	32248
CTPS1	13156
CTPS2	1007
CTR9	1999
CTRL	34404
CTSA	11629
CTSB	10422
CTSC	5960
CTSD	4902
CTSF	66534
CTSH	73790
CTSK	38137
CTSL	17330
CTSO	48626
CTSS	31544
CTSV	23468
CTSW	30100
CTSZ	93112
CTTN	96425
CTTNBP2	60065
CTTNBP2NL	26607
CTU1	17194
CTU2	55068
CTXN1	52544
CTXN2	33561
CTXN3	7949
CTXND1	51801
CUBN	85134
CUEDC1	86096
CUEDC2	55592
CUL1	91085
CUL2	770
CUL3	83141
CUL4A	65777
CUL4B	16643
CUL5	76026
CUL7	8208
CUL9	44065
CUTA	67098
CUTC	12643
CUX1	95262
CUX2	76174
CWC15	48613
CWC22	56948
CWC25	36836
CWC27	23259
CWF19L2	42019
CWH43	52327
CX3CL1	78537
CX3CR1	86127
CXCL1	66442
CXCL10	56658
CXCL11	77640
CXCL12	72407
CXCL14	87488
CXCL16	93690
CXCL17	63254
CXCL2	40465
CXCL3	96533
CXCL6	2736
CXCL8	24027
CXCL9	29520
CXCR1	89977
CXCR3	14385
CXCR4	92492
CXCR5	71613
CXCR6	51495
CXXC1	35339
CXXC4	26501
CXXC5	69488
CXorf21	26593
CXorf38	26535
CXorf56	32603
CXorf58	25744
CXorf65	22347
CYB561	84031
CYB561A3	4845
CYB561D1	33604
CYB561D2	43139
CYB5B	68215
CYB5D1	16792
CYB5D2	77138
CYB5R1	89789
CYB5R2	43501
CYB5R3	59500
CYB5R4	83067
CYBA	19521
CYBB	49373
CYBRD1	20056
CYC1	55370
CYFIP1	57001
CYFIP2	89187
CYGB	61436
CYHR1	46801
CYLD	67856
CYP11A	8591
CYP11B1	9720
CYP17A1	57739
CYP19A1	82209
CYP1A1	91125
CYP1B1	36711
CYP21A2	49066
CYP24A1	80394
CYP26A1	36926
CYP26B1	60454
CYP26C1	85494
CYP27A1	17597
CYP27B1	51004
CYP27C1	72588
CYP2A23	4840
CYP2A24	88748
CYP2A26	92834
CYP2B6	43267
CYP2C43	26671
CYP2C75	87907
CYP2C8	67831
CYP2D17	66004
CYP2D44	23219
CYP2E1	72678
CYP2G2	21445
CYP2J2	44911
CYP2R1	22537
CYP2S1	72917
CYP2U1	76957
CYP2W1	38145
CYP39A1	81249
CYP3A4	22951
CYP3A43	94663
CYP3A5	37694
CYP46A1	76135
CYP4A11	37385
CYP4B1	19393
CYP4F11	30943
CYP4F12	50760
CYP4F2	81202
CYP4F22	55867
CYP4V2	83577
CYP4X1	17446
CYP51A1	3283
CYP7A1	60554
CYP7B1	52759
CYREN	91181
CYS1	31582
CYSLTR1	90158
CYSLTR2	48178
CYSRT1	82105
CYSTM1	82163
CYTB	72340
CYTH1	34568
CYTH2	97181
CYTH3	86122
CYTH4	98208
CYTIP	87948
CYTL1	23836
CYYR1	55696
CZIB	67829
D2HGDH	93783
DAAM1	96819
DAAM2	28729
DAB1	90296
DAB2	60772
DAB2IP	97354
DACH1	70331
DACH2	2561
DACT1	40729
DACT2	23969
DAD1	18649
DAG1	34104
DAGLA	36134
DAGLB	57451
DALRD3	13765
DAND5	58924
DAO	58843
DAP	6769
DAP3	81770
DAPK1	89377
DAPK2	71378
DAPK3	73985
DAPL1	21978
DAPP1	97378
DARS	58112
DARS2	95413
DAW1	85592
DAXX	75921
DAZAP1	32234
DAZAP2	61146
DAZL	71689
DBF4	23212
DBF4B	90347
DBH	57477
DBI	35182
DBN1	22417
DBNDD1	82507
DBNDD2	11184
DBNL	96762
DBP	72145
DBR1	84642
DBT	68922
DBX2	2440
DCAF1	58306
DCAF10	80469
DCAF12	9257
DCAF12L1	44585
DCAF12L2	92531
DCAF15	58571
DCAF16	12795
DCAF17	76762
DCAF4	1722
DCAF4L1	86304
DCAF4L2	62717
DCAF5	9888
DCAF7	45383
DCAF8	9565
DCAKD	21797
DCBLD1	19419
DCBLD2	47438
DCC	17617
DCDC2	56429
DCDC2B	19494
DCDC2C	12625
DCHS1	59376
DCK	11718
DCLK1	38361
DCLK2	24511
DCLK3	67168
DCLRE1A	12974
DCLRE1B	39103
DCLRE1C	63843
DCN	93897
DCP1A	36426
DCP1B	47631
DCP2	21297
DCPS	48027
DCST1	8685
DCST2	91495
DCSTAMP	27444
DCT	73236
DCTD	22764
DCTN2	85026
DCTN3	92688
DCTN4	27846
DCTN5	77974
DCTN6	99577
DCTPP1	54362
DCUN1D1	81442
DCUN1D2	63714
DCUN1D3	30716
DCUN1D4	17542
DCUN1D5	88246
DCX	41731
DCXR	35990
DDA1	59148
DDAH1	6245
DDAH2	85647
DDB1	58584
DDB2	76577
DDC	93595
DDHD1	45802
DDHD2	13398
DDI2	9159
DDIAS	92520
DDIT3	86408
DDIT4	92830
DDIT4L	98403
DDN	1131
DDO	20089
DDOST	19998
DDR1	41515
DDR2	2412
DDRGK1	45744
DDTL	17222
DDX1	59559
DDX10	18830
DDX11	46084
DDX17	78579
DDX18	13321
DDX19A	50292
DDX19B	22521
DDX20	2028
DDX21	38864
DDX23	64873
DDX24	15881
DDX25	94627
DDX27	82148
DDX28	58698
DDX31	36559
DDX39A	96600
DDX39B	44225
DDX3X	78379
DDX4	36739
DDX41	97654
DDX42	57252
DDX43	73130
DDX46	96399
DDX47	43782
DDX49	32008
DDX5	61954
DDX50	54600
DDX51	37980
DDX52	18812
DDX54	42411
DDX55	72804
DDX56	6706
DDX58	63616
DDX59	6426
DDX6	65639
DDX60	33535
DDX60L	10894
DEAF1	35988
DEC1	42549
DECR1	77861
DECR2	58573
DEDD	40083
DEDD2	23805
DEF6	33262
DEF8	48989
DEFB1	41594
DEFB108B	21323
DEFB124	62532
DEFB125	16159
DEFB126	64815
DEFB135	19562
DEFB136	75437
DEGS1	50276
DEGS2	8088
DELE1	11700
DENND1A	18130
DENND1B	69183
DENND1C	4158
DENND2A	7265
DENND2C	59444
DENND2D	80704
DENND3	6452
DENND4A	34183
DENND4B	58404
DENND4C	96530
DENND5A	64280
DENND5B	3213
DENND6A	81480
DENND6B	73974
DENR	47345
DEPDC1	75329
DEPDC1B	2682
DEPDC7	30396
DEPTOR	95577
DERA	29220
DERL1	71645
DERL2	87297
DERL3	7243
DES	28707
DESI1	3366
DESI2	31163
DEUP1	73314
DEXI	96206
DFFA	88738
DFFB	15146
DGAT1	2779
DGAT2	40091
DGAT2L6	41054
DGCR2	42129
DGCR8	99234
DGKA	12422
DGKB	57028
DGKD	37694
DGKE	11098
DGKG	6836
DGKH	93973
DGKI	43610
DGKK	37167
DGKQ	45249
DGKZ	48690
DGLUCY	22004
DGUOK	48205
DHCR24	12308
DHCR7	97978
DHDDS	36428
DHDH	44004
DHFR2	1024
DHH	18667
DHODH	46995
DHPS	28628
DHRS1	98616
DHRS11	1790
DHRS12	38503
DHRS13	96204
DHRS2	59136
DHRS3	42626
DHRS7	1367
DHRS7B	79947
DHRS7C	1167
DHRS9	76673
DHTKD1	87084
DHX15	21057
DHX16	48441
DHX29	34130
DHX30	66462
DHX32	8081
DHX33	12080
DHX34	27894
DHX35	90974
DHX36	3133
DHX37	53580
DHX38	81843
DHX40	40736
DHX57	93180
DHX58	68014
DHX9	83221
DIAPH1	21556
DIAPH2	17961
DIAPH3	62526
DICER1	55823
DIDO1	32365
DIMT1	69578
DIO1	20012
DIP2A	1234
DIP2B	5417
DIP2C	97989
DIPK1A	20999
DIPK1B	82763
DIPK1C	70574
DIPK2A	59824
DIPK2B	38445
DIRAS1	24932
DIRAS2	20732
DIS3	14422
DIS3L	20000
DIS3L2	78470
DISC1	64631
DISP1	75770
DISP2	92391
DISP3	85398
DIXDC1	98917
DKC1	95916
DKK1	43496
DKK2	67615
DKK3	12296
DKK4	22576
DKKL1	54983
DLD	61171
DLEC1	72846
DLEU7	69704
DLG1	36316
DLG2	47122
DLG3	30939
DLG4	83100
DLG5	39771
DLGAP1	18579
DLGAP2	30548
DLGAP3	48200
DLGAP5	82656
DLK1	96775
DLK2	68316
DLL1	81638
DLL4	73776
DLST	49674
DLX1	13628
DLX2	91904
DLX3	80075
DLX4	94564
DLX5	62341
DLX6	35927
DMAC1	74697
DMAC2	43126
DMAC2L	16946
DMAP1	47527
DMBT1	56587
DMBX1	83679
DMC1	8551
DMD	70820
DMGDH	93590
DMKN	72786
DMP1	20993
DMRT1	86593
DMRT2	99605
DMRT3	26315
DMRTA1	12779
DMRTA2	99226
DMRTB1	31236
DMTF1	71176
DMTN	74220
DMXL1	55087
DMXL2	9159
DNA2	62571
DNAAF1	74272
DNAAF2	15300
DNAAF4	44623
DNAH1	22326
DNAH10	21990
DNAH11	11988
DNAH17	70923
DNAH2	97989
DNAH3	21532
DNAH5	21843
DNAH6	78329
DNAH7	26004
DNAH8	83176
DNAH9	26195
DNAI1	27530
DNAI2	62959
DNAJA1	21131
DNAJA2	98090
DNAJA3	99721
DNAJA4	27842
DNAJB1	20192
DNAJB12	41604
DNAJB13	82227
DNAJB14	52138
DNAJB2	98476
DNAJB4	87988
DNAJB5	91451
DNAJB6	43788
DNAJB9	23119
DNAJC1	85638
DNAJC10	82269
DNAJC11	74697
DNAJC12	54722
DNAJC13	45777
DNAJC14	6841
DNAJC15	48611
DNAJC16	35240
DNAJC17	94474
DNAJC18	63646
DNAJC19	41549
DNAJC2	82900
DNAJC21	33421
DNAJC22	15459
DNAJC24	22128
DNAJC25	29355
DNAJC27	33074
DNAJC28	92812
DNAJC3	62743
DNAJC4	67140
DNAJC5	60476
DNAJC5B	46995
DNAJC5G	9999
DNAJC6	8119
DNAJC7	93946
DNAJC9	43640
DNAL1	68309
DNAL4	91799
DNALI1	27683
DNASE1	96504
DNASE1L1	31476
DNASE1L2	94016
DNASE1L3	26225
DNASE2	11647
DNASE2B	92129
DND1	76538
DNER	56363
DNHD1	95468
DNLZ	21038
DNM1	46753
DNM1L	31616
DNM2	69792
DNM3	91339
DNMBP	87688
DNMT1	61369
DNMT3A	76062
DNMT3B	88829
DNPEP	45305
DNPH1	67915
DNTT	48947
DNTTIP1	28392
DOC2A	32120
DOC2B	20872
DOCK1	4842
DOCK10	8943
DOCK11	10681
DOCK2	88727
DOCK3	81521
DOCK4	97874
DOCK5	48907
DOCK6	6628
DOCK7	28547
DOCK8	68694
DOCK9	98864
DOHH	30424
DOK1	24429
DOK2	71487
DOK3	76548
DOK4	41714
DOK5	78691
DOK6	22451
DOK7	35408
DOLK	17289
DOLPP1	29776
DOP1A	76941
DOP1B	79531
DOT1L	2197
DPAGT1	49092
DPCD	87758
DPEP1	23396
DPEP2	58720
DPEP2NB	56908
DPEP3	62042
DPF1	42872
DPF2	70255
DPF3	7213
DPH1	39639
DPH2	4859
DPH5	81407
DPH6	40824
DPH7	66774
DPM1	48793
DPM2	56605
DPP10	34245
DPP3	68407
DPP4	58974
DPP6	50165
DPP7	38723
DPP8	28836
DPP9	56278
DPPA4	1219
DPT	99362
DPY19L1	98853
DPY19L3	64431
DPY19L4	5025
DPY30	34056
DPYD	42194
DPYS	34050
DPYSL2	4968
DPYSL3	61511
DPYSL4	99969
DPYSL5	86431
DQX1	54409
DR1	5203
DRAM1	38640
DRAM2	8587
DRAP1	90135
DRAXIN	63013
DRC1	43806
DRC3	68453
DRC7	23068
DRD1	38986
DRD2	41028
DRD3	32720
DRD4	80355
DRD5	25738
DRG2	9469
DRGX	5136
DRICH1	44389
DROSHA	2228
DRP2	82360
DSC1	13021
DSC2	14373
DSC3	18490
DSCAM	75934
DSCAML1	82781
DSCC1	61605
DSEL	46570
DSG1	66199
DSG2	79102
DSG3	90561
DSG4	97698
DSN1	46154
DSP	10246
DSPP	34216
DST	60672
DSTN	92978
DSTYK	17202
DTD2	66993
DTHD1	90529
DTL	53237
DTNA	18001
DTNBP1	63418
DTWD1	13843
DTWD2	41664
DTX1	84929
DTX2	40282
DTX3	33908
DTX3L	38898
DTX4	43620
DTYMK	25281
DUOX1	35991
DUOX2	86388
DUOXA1	12983
DUPD1	63718
DUS1L	95010
DUS2	25052
DUS3L	27482
DUS4L	67906
DUSP1	28152
DUSP10	97446
DUSP11	97675
DUSP12	67357
DUSP13	61019
DUSP14	32177
DUSP15	45714
DUSP16	29120
DUSP19	63969
DUSP2	8522
DUSP22	24616
DUSP23	81528
DUSP26	73396
DUSP27	57825
DUSP28	23666
DUSP3	50750
DUSP4	15895
DUSP5	32857
DUSP6	33988
DUSP7	46185
DUSP8	34976
DUSP9	57672
DUT	91183
DUXB	55822
DVL1	1340
DVL2	37628
DVL3	91648
DXO	81899
DYDC1	37798
DYDC2	76655
DYM	33515
DYNC1H1	26805
DYNC1I1	25231
DYNC1I2	14734
DYNC1LI1	79171
DYNC1LI2	74017
DYNC2H1	12486
DYNC2LI1	42519
DYNLRB1	8137
DYNLRB2	9664
DYNLT1	54292
DYNLT3	60166
DYRK1A	39575
DYRK1B	21754
DYRK2	60847
DYRK3	15414
DYRK4	96176
DYSF	42978
DYTN	61016
DZANK1	198
DZIP1	98299
DZIP1L	44670
DZIP3	68939
E2F1	38660
E2F2	78630
E2F3	83715
E2F4	25840
E2F6	3689
E2F7	22020
E2F8	75067
E4F1	85245
EAF1	67057
EAF2	21427
EARS2	27622
EBAG9	32895
EBF1	63478
EBF2	32464
EBF3	87602
EBF4	53869
EBI3	59467
EBNA1BP2	69779
EBPL	25398
ECD	9101
ECE1	87986
ECE2	91018
ECEL1	3546
ECH1	26004
ECHDC1	24904
ECHDC2	73401
ECHDC3	96767
ECHS1	31048
ECI1	55968
ECI2	16309
ECM1	65231
ECM2	70250
ECPAS	5709
ECSIT	2371
ECT2	55082
ECT2L	11788
EDA	31198
EDA2R	64752
EDAR	7343
EDARADD	82932
EDC3	36549
EDC4	44475
EDDM13	99976
EDEM1	3175
EDEM2	96981
EDEM3	35390
EDF1	81314
EDIL3	14127
EDN1	57670
EDN2	1525
EDN3	55839
EDNRA	43113
EDNRB	28871
EDRF1	19915
EEA1	18843
EED	67559
EEF1A1	37314
EEF1A2	40343
EEF1AKMT1	41613
EEF1AKMT3	38513
EEF1AKNMT	46487
EEF1B2	63351
EEF1D	49316
EEF1E1	15088
EEF2	3825
EEF2K	84950
EEFSEC	15655
EEPD1	24748
EFCAB1	24948
EFCAB10	24313
EFCAB11	10166
EFCAB12	32346
EFCAB13	42445
EFCAB3	14380
EFCAB5	48239
EFCAB6	35626
EFCAB7	86510
EFCAB8	990
EFCAB9	82097
EFCC1	50929
EFEMP1	58000
EFEMP2	72611
EFHB	931
EFHC1	81382
EFHC2	13406
EFHD1	13992
EFHD2	74310
EFNA1	2860
EFNA2	67456
EFNA3	86658
EFNA4	43050
EFNA5	31592
EFNB1	3041
EFNB2	28786
EFNB3	41668
EFR3A	28312
EFR3B	53318
EFS	11482
EFTUD2	35272
EGF	60625
EGFL6	36826
EGFL7	55173
EGFLAM	81077
EGFR	79141
EGLN1	84195
EGLN2	38532
EGLN3	10629
EGR1	43911
EGR2	91675
EGR3	78263
EGR4	23541
EHBP1	91035
EHBP1L1	38739
EHD1	84710
EHD2	32302
EHD3	66468
EHD4	13861
EHF	87250
EHHADH	134
EHMT1	58893
EHMT2	40813
EI24	31691
EID2	33633
EIF1	75552
EIF1AD	48165
EIF1AX	3144
EIF1B	79498
EIF2A	80970
EIF2AK1	68347
EIF2AK2	78364
EIF2AK3	7897
EIF2AK4	1072
EIF2B1	87671
EIF2B2	56514
EIF2B3	44761
EIF2B4	48571
EIF2B5	96903
EIF2D	67011
EIF2S1	33158
EIF2S2	76254
EIF3A	84941
EIF3B	69606
EIF3D	67174
EIF3E	48824
EIF3F	94176
EIF3H	83611
EIF3I	46460
EIF3J	24769
EIF3K	70979
EIF3L	55920
EIF3M	44752
EIF4A1	31418
EIF4A2	33922
EIF4A3	11923
EIF4E	92374
EIF4E1B	46868
EIF4E2	37647
EIF4EBP1	95913
EIF4EBP2	20026
EIF4ENIF1	18891
EIF4G1	44870
EIF4G2	40610
EIF4G3	40720
EIF4H	75095
EIF5	26885
EIF5A2	86268
EIF5B	55934
EIF6	41151
EIPR1	69516
ELAC1	5371
ELAC2	15514
ELANE	409
ELAVL1	50523
ELAVL2	50648
ELAVL3	40475
ELAVL4	2357
ELF1	34742
ELF2	57683
ELF3	26110
ELF4	20719
ELF5	754
ELFN1	56905
ELFN2	31744
ELK1	84471
ELK3	26489
ELK4	87002
ELL	3540
ELL2	16621
ELL3	68231
ELMO1	64922
ELMO2	3389
ELMO3	94941
ELMOD1	91309
ELMOD2	23597
ELMOD3	67263
ELMSAN1	19076
ELOA	32027
ELOB	50703
ELOF1	57957
ELOVL1	18386
ELOVL2	76953
ELOVL3	64572
ELOVL4	74912
ELOVL5	28365
ELOVL6	86143
ELOVL7	48256
ELP1	4208
ELP2	47289
ELP3	5624
ELP4	51638
ELP5	38532
ELP6	91709
EMB	91957
EMC1	98280
EMC10	56428
EMC2	60202
EMC3	33575
EMC4	23413
EMC6	10713
EMC7	4875
EMC8	13852
EMC9	67645
EMCN	43422
EMD	43518
EME1	10528
EME2	97698
EMG1	4843
EMID1	92008
EMILIN1	68159
EMILIN2	31477
EMILIN3	37362
EML1	51399
EML3	18792
EML4	30778
EML6	48216
EMP1	85075
EMP2	48016
EMP3	24036
EMSY	97628
EMX1	14822
EMX2	75776
EN1	8110
EN2	64583
ENAH	14207
ENC1	31594
ENDOD1	85021
ENDOG	99491
ENDOU	16777
ENDOV	71640
ENG	42550
ENGASE	66546
ENHO	43166
ENKD1	26099
ENKUR	889
ENO1	16062
ENO2	16798
ENO3	91462
ENO4	31534
ENOSF1	43185
ENOX1	37019
ENOX2	51586
ENPEP	19983
ENPP1	35069
ENPP2	62725
ENPP3	32721
ENPP4	24128
ENPP5	93655
ENPP6	56447
ENSMFAG00000000001	24706
ENSMFAG00000000002	88881
ENSMFAG00000000003	75819
ENSMFAG00000000004	15158
ENSMFAG00000000005	28011
ENSMFAG00000000006	25194
ENSMFAG00000000007	59066
ENSMFAG00000000008	24380
ENSMFAG00000000009	77237
ENSMFAG00000000010	45523
ENSMFAG00000000011	83117
ENSMFAG00000000012	77798
ENSMFAG00000000013	74625
ENSMFAG00000000014	24701
ENSMFAG00000000015	54502
ENSMFAG00000000016	89295
ENSMFAG00000000017	60638
ENSMFAG00000000018	27266
ENSMFAG00000000019	40797
ENSMFAG00000000020	97341
ENSMFAG00000000021	40217
ENSMFAG00000000022	66894
ENSMFAG00000000023	57954
ENSMFAG00000000024	66791
ENSMFAG00000000027	58131
ENSMFAG00000000030	62657
ENSMFAG00000000031	79705
ENSMFAG00000000045	32132
ENSMFAG00000000046	92083
ENSMFAG00000000052	62421
ENSMFAG00000000056	69114
ENSMFAG00000000057	94655
ENSMFAG00000000061	68197
ENSMFAG00000000063	87721
ENSMFAG00000000071	45056
ENSMFAG00000000104	41544
ENSMFAG00000000112	65943
ENSMFAG00000000116	15149
ENSMFAG00000000122	94874
ENSMFAG00000000126	75848
ENSMFAG00000000135	5549
ENSMFAG00000000148	79463
ENSMFAG00000000157	47014
ENSMFAG00000000159	81223
ENSMFAG00000000169	64509
ENSMFAG00000000175	66912
ENSMFAG00000000181	83679
ENSMFAG00000000187	22976
ENSMFAG00000000190	60002
ENSMFAG00000000194	31620
ENSMFAG00000000196	38978
ENSMFAG00000000209	77687
ENSMFAG00000000210	90701
ENSMFAG00000000213	15838
ENSMFAG00000000219	70075
ENSMFAG00000000222	27527
ENSMFAG00000000224	26223
ENSMFAG00000000230	32849
ENSMFAG00000000245	39180
ENSMFAG00000000257	39817
ENSMFAG00000000262	58580
ENSMFAG00000000268	91207
ENSMFAG00000000270	67807
ENSMFAG00000000272	48566
ENSMFAG00000000280	88779
ENSMFAG00000000288	13350
ENSMFAG00000000296	22597
ENSMFAG00000000297	85279
ENSMFAG00000000298	15248
ENSMFAG00000000300	72534
ENSMFAG00000000301	59130
ENSMFAG00000000302	70127
ENSMFAG00000000303	99436
ENSMFAG00000000306	80931
ENSMFAG00000000311	39009
ENSMFAG00000000313	15616
ENSMFAG00000000314	90611
ENSMFAG00000000315	11578
ENSMFAG00000000325	24023
ENSMFAG00000000333	3630
ENSMFAG00000000343	46033
ENSMFAG00000000351	75394
ENSMFAG00000000359	75159
ENSMFAG00000000366	30997
ENSMFAG00000000371	69773
ENSMFAG00000000382	63424
ENSMFAG00000000385	31470
ENSMFAG00000000394	15694
ENSMFAG00000000396	16976
ENSMFAG00000000409	96324
ENSMFAG00000000419	50484
ENSMFAG00000000420	63266
ENSMFAG00000000440	74093
ENSMFAG00000000455	14918
ENSMFAG00000000460	84497
ENSMFAG00000000463	81977
ENSMFAG00000000474	93019
ENSMFAG00000000495	59008
ENSMFAG00000000516	91768
ENSMFAG00000000525	23508
ENSMFAG00000000532	50768
ENSMFAG00000000540	44788
ENSMFAG00000000554	91792
ENSMFAG00000000556	73665
ENSMFAG00000000557	35605
ENSMFAG00000000569	42489
ENSMFAG00000000580	70403
ENSMFAG00000000587	64770
ENSMFAG00000000589	94011
ENSMFAG00000000595	27691
ENSMFAG00000000597	710
ENSMFAG00000000609	51458
ENSMFAG00000000629	62680
ENSMFAG00000000632	95020
ENSMFAG00000000634	30408
ENSMFAG00000000643	34799
ENSMFAG00000000646	27691
ENSMFAG00000000663	85723
ENSMFAG00000000664	10693
ENSMFAG00000000668	32520
ENSMFAG00000000676	396
ENSMFAG00000000677	62235
ENSMFAG00000000679	9530
ENSMFAG00000000694	56016
ENSMFAG00000000700	66768
ENSMFAG00000000709	67201
ENSMFAG00000000716	30140
ENSMFAG00000000734	67112
ENSMFAG00000000740	67283
ENSMFAG00000000742	7414
ENSMFAG00000000747	1354
ENSMFAG00000000755	35769
ENSMFAG00000000763	19022
ENSMFAG00000000764	30860
ENSMFAG00000000772	20546
ENSMFAG00000000779	1690
ENSMFAG00000000784	90676
ENSMFAG00000000811	74416
ENSMFAG00000000817	38455
ENSMFAG00000000826	51280
ENSMFAG00000000837	3323
ENSMFAG00000000844	52547
ENSMFAG00000000846	75274
ENSMFAG00000000848	25558
ENSMFAG00000000856	16446
ENSMFAG00000000857	36844
ENSMFAG00000000863	64763
ENSMFAG00000000871	83003
ENSMFAG00000000872	8156
ENSMFAG00000000888	28312
ENSMFAG00000000890	51031
ENSMFAG00000000895	25412
ENSMFAG00000000896	88466
ENSMFAG00000000898	4361
ENSMFAG00000000905	76599
ENSMFAG00000000909	70621
ENSMFAG00000000912	68770
ENSMFAG00000000917	34369
ENSMFAG00000000927	65865
ENSMFAG00000000936	40826
ENSMFAG00000000938	75005
ENSMFAG00000000957	24090
ENSMFAG00000000965	59665
ENSMFAG00000000972	28247
ENSMFAG00000000976	2616
ENSMFAG00000000984	40796
ENSMFAG00000000985	95454
ENSMFAG00000000988	74051
ENSMFAG00000000991	21026
ENSMFAG00000001012	29847
ENSMFAG00000001022	59922
ENSMFAG00000001023	86061
ENSMFAG00000001024	20648
ENSMFAG00000001028	46390
ENSMFAG00000001034	55224
ENSMFAG00000001036	56829
ENSMFAG00000001037	14407
ENSMFAG00000001040	10418
ENSMFAG00000001054	77814
ENSMFAG00000001057	65992
ENSMFAG00000001058	4432
ENSMFAG00000001063	14778
ENSMFAG00000001079	26529
ENSMFAG00000001096	41061
ENSMFAG00000001098	85184
ENSMFAG00000001105	56517
ENSMFAG00000001113	77376
ENSMFAG00000001123	18792
ENSMFAG00000001127	86108
ENSMFAG00000001129	54198
ENSMFAG00000001138	66925
ENSMFAG00000001143	71117
ENSMFAG00000001146	26746
ENSMFAG00000001156	92145
ENSMFAG00000001158	48106
ENSMFAG00000001159	35001
ENSMFAG00000001163	20299
ENSMFAG00000001169	87055
ENSMFAG00000001177	8853
ENSMFAG00000001181	20327
ENSMFAG00000001184	2762
ENSMFAG00000001185	98225
ENSMFAG00000001198	19067
ENSMFAG00000001209	88107
ENSMFAG00000001211	98793
ENSMFAG00000001216	51791
ENSMFAG00000001217	7267
ENSMFAG00000001218	10695
ENSMFAG00000001221	28562
ENSMFAG00000001225	28591
ENSMFAG00000001230	78390
ENSMFAG00000001234	25032
ENSMFAG00000001235	4382
ENSMFAG00000001238	125
ENSMFAG00000001258	30157
ENSMFAG00000001264	36209
ENSMFAG00000001287	6915
ENSMFAG00000001290	53389
ENSMFAG00000001294	19102
ENSMFAG00000001296	17449
ENSMFAG00000001297	36633
ENSMFAG00000001303	34188
ENSMFAG00000001310	45210
ENSMFAG00000001311	17139
ENSMFAG00000001318	11874
ENSMFAG00000001330	44643
ENSMFAG00000001340	84335
ENSMFAG00000001351	42059
ENSMFAG00000001356	21549
ENSMFAG00000001367	85002
ENSMFAG00000001369	9490
ENSMFAG00000001372	61303
ENSMFAG00000001379	33494
ENSMFAG00000001387	61956
ENSMFAG00000001393	55085
ENSMFAG00000001403	89363
ENSMFAG00000001406	13786
ENSMFAG00000001407	67573
ENSMFAG00000001409	41530
ENSMFAG00000001411	53829
ENSMFAG00000001412	35359
ENSMFAG00000001428	77030
ENSMFAG00000001435	35903
ENSMFAG00000001444	98211
ENSMFAG00000001449	31165
ENSMFAG00000001453	20397
ENSMFAG00000001469	19380
ENSMFAG00000001472	72220
ENSMFAG00000001473	6636
ENSMFAG00000001476	32575
ENSMFAG00000001478	70087
ENSMFAG00000001487	34038
ENSMFAG00000001492	10393
ENSMFAG00000001495	96260
ENSMFAG00000001504	18551
ENSMFAG00000001505	61841
ENSMFAG00000001511	55110
ENSMFAG00000001514	80875
ENSMFAG00000001515	37780
ENSMFAG00000001523	61338
ENSMFAG00000001524	53162
ENSMFAG00000001546	24778
ENSMFAG00000001552	64298
ENSMFAG00000001559	49346
ENSMFAG00000001564	27214
ENSMFAG00000001565	23920
ENSMFAG00000001567	57612
ENSMFAG00000001568	16818
ENSMFAG00000001578	75675
ENSMFAG00000001586	23219
ENSMFAG00000001595	36629
ENSMFAG00000001597	92196
ENSMFAG00000001598	73816
ENSMFAG00000001600	27724
ENSMFAG00000001607	61565
ENSMFAG00000001639	42421
ENSMFAG00000001641	16446
ENSMFAG00000001643	13356
ENSMFAG00000001649	2683
ENSMFAG00000001651	14182
ENSMFAG00000001668	53085
ENSMFAG00000001670	54698
ENSMFAG00000001671	34796
ENSMFAG00000001677	85324
ENSMFAG00000001686	58058
ENSMFAG00000001697	52827
ENSMFAG00000001698	8815
ENSMFAG00000001699	13174
ENSMFAG00000001703	61579
ENSMFAG00000001705	45525
ENSMFAG00000001714	6265
ENSMFAG00000001719	370
ENSMFAG00000001726	1203
ENSMFAG00000001733	18975
ENSMFAG00000001734	92423
ENSMFAG00000001743	21499
ENSMFAG00000001751	22367
ENSMFAG00000001753	29622
ENSMFAG00000001757	81426
ENSMFAG00000001772	23814
ENSMFAG00000001776	68105
ENSMFAG00000001777	2992
ENSMFAG00000001790	53200
ENSMFAG00000001794	92946
ENSMFAG00000001795	84024
ENSMFAG00000001796	24250
ENSMFAG00000001805	77874
ENSMFAG00000001806	23234
ENSMFAG00000001819	36638
ENSMFAG00000001821	46398
ENSMFAG00000001822	81086
ENSMFAG00000001825	93336
ENSMFAG00000001832	53028
ENSMFAG00000001836	98905
ENSMFAG00000001838	51231
ENSMFAG00000001840	47330
ENSMFAG00000001844	44697
ENSMFAG00000001847	53306
ENSMFAG00000001865	36560
ENSMFAG00000001871	7946
ENSMFAG00000001876	24317
ENSMFAG00000001878	67977
ENSMFAG00000001879	6879
ENSMFAG00000001882	51292
ENSMFAG00000001887	77909
ENSMFAG00000001890	4504
ENSMFAG00000001893	73486
ENSMFAG00000001895	57290
ENSMFAG00000001897	6294
ENSMFAG00000001908	21364
ENSMFAG00000001914	36035
ENSMFAG00000001915	92264
ENSMFAG00000001917	79070
ENSMFAG00000001919	94984
ENSMFAG00000001922	45129
ENSMFAG00000001923	90942
ENSMFAG00000001929	81804
ENSMFAG00000001941	77534
ENSMFAG00000001944	27123
ENSMFAG00000001946	65552
ENSMFAG00000001947	79221
ENSMFAG00000001952	9841
ENSMFAG00000001954	50428
ENSMFAG00000001955	6269
ENSMFAG00000001956	38186
ENSMFAG00000001958	93408
ENSMFAG00000001960	73893
ENSMFAG00000001963	49461
ENSMFAG00000001966	75018
ENSMFAG00000001967	21526
ENSMFAG00000001974	26177
ENSMFAG00000001979	75639
ENSMFAG00000001981	69580
ENSMFAG00000001993	27250
ENSMFAG00000001998	68063
ENSMFAG00000002006	65758
ENSMFAG00000002019	78181
ENSMFAG00000002024	64832
ENSMFAG00000002029	55850
ENSMFAG00000002030	24281
ENSMFAG00000002064	72057
ENSMFAG00000002071	62419
ENSMFAG00000002074	49669
ENSMFAG00000002087	2973
ENSMFAG00000002089	10458
ENSMFAG00000002096	70366
ENSMFAG00000002097	9073
ENSMFAG00000002098	37400
ENSMFAG00000002099	77438
ENSMFAG00000002100	5675
ENSMFAG00000002109	18231
ENSMFAG00000002111	95263
ENSMFAG00000002115	65807
ENSMFAG00000002119	68201
ENSMFAG00000002134	27079
ENSMFAG00000002138	73230
ENSMFAG00000002142	94876
ENSMFAG00000002146	755
ENSMFAG00000002147	48969
ENSMFAG00000002151	20701
ENSMFAG00000002155	84210
ENSMFAG00000002156	18676
ENSMFAG00000002157	93273
ENSMFAG00000002162	70590
ENSMFAG00000002164	47027
ENSMFAG00000002167	65306
ENSMFAG00000002168	43802
ENSMFAG00000002172	14488
ENSMFAG00000002175	9463
ENSMFAG00000002178	64856
ENSMFAG00000002183	58992
ENSMFAG00000002190	29892
ENSMFAG00000002191	70288
ENSMFAG00000002203	30500
ENSMFAG00000002209	40789
ENSMFAG00000002213	95994
ENSMFAG00000002220	31416
ENSMFAG00000002226	47732
ENSMFAG00000002238	4799
ENSMFAG00000002245	61709
ENSMFAG00000002252	4644
ENSMFAG00000002258	16015
ENSMFAG00000002265	88102
ENSMFAG00000002276	68631
ENSMFAG00000002287	37790
ENSMFAG00000002289	84894
ENSMFAG00000002298	31387
ENSMFAG00000002299	43516
ENSMFAG00000002301	76907
ENSMFAG00000002314	50210
ENSMFAG00000002316	26482
ENSMFAG00000002322	94872
ENSMFAG00000002331	28553
ENSMFAG00000002343	39363
ENSMFAG00000002344	99998
ENSMFAG00000002350	15278
ENSMFAG00000002351	48823
ENSMFAG00000002373	89368
ENSMFAG00000002391	82459
ENSMFAG00000002395	68506
ENSMFAG00000002396	96345
ENSMFAG00000002400	82110
ENSMFAG00000002403	55947
ENSMFAG00000002405	28332
ENSMFAG00000002418	99271
ENSMFAG00000002421	67047
ENSMFAG00000002429	83394
ENSMFAG00000002433	28878
ENSMFAG00000002435	37739
ENSMFAG00000002445	69728
ENSMFAG00000002446	30183
ENSMFAG00000002450	61236
ENSMFAG00000002467	78098
ENSMFAG00000002472	54343
ENSMFAG00000002474	25300
ENSMFAG00000002482	90155
ENSMFAG00000002495	17723
ENSMFAG00000002511	84139
ENSMFAG00000002516	25445
ENSMFAG00000002517	25027
ENSMFAG00000002521	95408
ENSMFAG00000002532	45052
ENSMFAG00000002534	79835
ENSMFAG00000002535	44830
ENSMFAG00000002546	39327
ENSMFAG00000002548	84843
ENSMFAG00000002553	50933
ENSMFAG00000002563	20682
ENSMFAG00000002566	7946
ENSMFAG00000002572	75664
ENSMFAG00000002573	88620
ENSMFAG00000002579	24260
ENSMFAG00000002580	78679
ENSMFAG00000002587	84572
ENSMFAG00000002590	16989
ENSMFAG00000002608	47137
ENSMFAG00000002629	28319
ENSMFAG00000002634	88695
ENSMFAG00000002640	60900
ENSMFAG00000002642	44045
ENSMFAG00000002643	49678
ENSMFAG00000002645	59384
ENSMFAG00000002651	93184
ENSMFAG00000002652	71020
ENSMFAG00000002661	31085
ENSMFAG00000002672	49665
ENSMFAG00000002674	6889
ENSMFAG00000002682	80407
ENSMFAG00000002690	38011
ENSMFAG00000002692	38538
ENSMFAG00000002694	58452
ENSMFAG00000002704	24179
ENSMFAG00000002709	77277
ENSMFAG00000002711	81060
ENSMFAG00000002713	35439
ENSMFAG00000002714	37514
ENSMFAG00000002716	35276
ENSMFAG00000002720	44095
ENSMFAG00000002724	98425
ENSMFAG00000002726	78905
ENSMFAG00000002753	73867
ENSMFAG00000002754	59039
ENSMFAG00000002762	61955
ENSMFAG00000002765	61483
ENSMFAG00000002773	4591
ENSMFAG00000002776	54180
ENSMFAG00000002778	47202
ENSMFAG00000002780	60773
ENSMFAG00000002785	8110
ENSMFAG00000002791	97926
ENSMFAG00000002815	70409
ENSMFAG00000002818	62031
ENSMFAG00000002825	56059
ENSMFAG00000002828	70117
ENSMFAG00000002843	49779
ENSMFAG00000002850	366
ENSMFAG00000002853	40706
ENSMFAG00000002854	9284
ENSMFAG00000002856	65445
ENSMFAG00000002857	992
ENSMFAG00000002862	84510
ENSMFAG00000002879	13442
ENSMFAG00000002880	62726
ENSMFAG00000002883	13509
ENSMFAG00000002886	35354
ENSMFAG00000002891	44330
ENSMFAG00000002892	52994
ENSMFAG00000002899	85710
ENSMFAG00000002901	33645
ENSMFAG00000002907	85570
ENSMFAG00000002911	4630
ENSMFAG00000002913	16733
ENSMFAG00000002916	35415
ENSMFAG00000002917	73532
ENSMFAG00000002923	92670
ENSMFAG00000002943	15723
ENSMFAG00000002944	33430
ENSMFAG00000002948	36912
ENSMFAG00000002953	28220
ENSMFAG00000002957	94634
ENSMFAG00000002958	64489
ENSMFAG00000002963	54659
ENSMFAG00000002973	58689
ENSMFAG00000002981	52004
ENSMFAG00000002988	52176
ENSMFAG00000002992	62117
ENSMFAG00000002993	19245
ENSMFAG00000003003	95501
ENSMFAG00000003005	44100
ENSMFAG00000003016	89276
ENSMFAG00000003022	19597
ENSMFAG00000003025	34371
ENSMFAG00000003030	45631
ENSMFAG00000003035	63309
ENSMFAG00000003039	45241
ENSMFAG00000003051	18945
ENSMFAG00000003053	11649
ENSMFAG00000003060	50671
ENSMFAG00000003070	74423
ENSMFAG00000003072	5104
ENSMFAG00000003085	75477
ENSMFAG00000003087	70783
ENSMFAG00000003092	28880
ENSMFAG00000003093	82263
ENSMFAG00000003099	86434
ENSMFAG00000003101	46369
ENSMFAG00000003104	31401
ENSMFAG00000003110	5498
ENSMFAG00000003114	53251
ENSMFAG00000003119	92819
ENSMFAG00000003121	28915
ENSMFAG00000003123	95737
ENSMFAG00000003130	80275
ENSMFAG00000003131	25276
ENSMFAG00000003132	30384
ENSMFAG00000003140	10262
ENSMFAG00000003143	30898
ENSMFAG00000003144	3671
ENSMFAG00000003158	38291
ENSMFAG00000003160	73740
ENSMFAG00000003163	60178
ENSMFAG00000003168	8795
ENSMFAG00000003171	10152
ENSMFAG00000003176	26439
ENSMFAG00000003180	10344
ENSMFAG00000003188	78019
ENSMFAG00000003190	66433
ENSMFAG00000003194	33883
ENSMFAG00000003206	43142
ENSMFAG00000003207	5525
ENSMFAG00000003211	64586
ENSMFAG00000003214	34001
ENSMFAG00000003237	29841
ENSMFAG00000003238	62419
ENSMFAG00000003255	87898
ENSMFAG00000003265	65622
ENSMFAG00000003267	58097
ENSMFAG00000003271	73132
ENSMFAG00000003276	47762
ENSMFAG00000003279	59632
ENSMFAG00000003286	34562
ENSMFAG00000003287	53633
ENSMFAG00000003291	15209
ENSMFAG00000003296	37472
ENSMFAG00000003297	4319
ENSMFAG00000003302	86829
ENSMFAG00000003305	24002
ENSMFAG00000003306	23288
ENSMFAG00000003314	98645
ENSMFAG00000003315	94305
ENSMFAG00000003321	30995
ENSMFAG00000003325	21940
ENSMFAG00000003331	41003
ENSMFAG00000003333	9804
ENSMFAG00000003337	35057
ENSMFAG00000003341	26966
ENSMFAG00000003345	54097
ENSMFAG00000003353	91878
ENSMFAG00000003362	427
ENSMFAG00000003363	74198
ENSMFAG00000003365	5451
ENSMFAG00000003368	93306
ENSMFAG00000003372	61914
ENSMFAG00000003376	17250
ENSMFAG00000003380	36840
ENSMFAG00000003382	93380
ENSMFAG00000003384	17725
ENSMFAG00000003390	31816
ENSMFAG00000003395	64767
ENSMFAG00000003397	62170
ENSMFAG00000003402	26017
ENSMFAG00000003407	4362
ENSMFAG00000003416	72347
ENSMFAG00000003422	76235
ENSMFAG00000003424	95449
ENSMFAG00000003425	92332
ENSMFAG00000003429	59200
ENSMFAG00000003431	24981
ENSMFAG00000003433	42307
ENSMFAG00000003437	8222
ENSMFAG00000003449	58999
ENSMFAG00000003453	96975
ENSMFAG00000003457	22934
ENSMFAG00000003463	64113
ENSMFAG00000003465	99344
ENSMFAG00000003472	52662
ENSMFAG00000003478	47158
ENSMFAG00000003479	90303
ENSMFAG00000003485	57450
ENSMFAG00000003489	88341
ENSMFAG00000003497	85931
ENSMFAG00000003511	54964
ENSMFAG00000003514	62377
ENSMFAG00000003534	45998
ENSMFAG00000003535	66906
ENSMFAG00000003545	52497
ENSMFAG00000003551	27525
ENSMFAG00000003552	2753
ENSMFAG00000003553	72738
ENSMFAG00000003554	93225
ENSMFAG00000003555	72866
ENSMFAG00000003563	26492
ENSMFAG00000003576	11340
ENSMFAG00000003578	79779
ENSMFAG00000003589	69597
ENSMFAG00000003594	51642
ENSMFAG00000003600	77268
ENSMFAG00000003601	94052
ENSMFAG00000003605	1195
ENSMFAG00000003606	11862
ENSMFAG00000003609	37215
ENSMFAG00000003623	10895
ENSMFAG00000003624	85255
ENSMFAG00000003633	42522
ENSMFAG00000003658	2031
ENSMFAG00000003660	62505
ENSMFAG00000003666	55076
ENSMFAG00000003671	50094
ENSMFAG00000003682	59832
ENSMFAG00000003683	68767
ENSMFAG00000003690	27105
ENSMFAG00000003693	2863
ENSMFAG00000003699	21305
ENSMFAG00000003707	36701
ENSMFAG00000003722	36058
ENSMFAG00000003723	13877
ENSMFAG00000003727	77901
ENSMFAG00000003731	4014
ENSMFAG00000003734	87581
ENSMFAG00000003742	83835
ENSMFAG00000003746	27768
ENSMFAG00000003749	34353
ENSMFAG00000003752	91035
ENSMFAG00000003776	55537
ENSMFAG00000003779	40325
ENSMFAG00000003780	15037
ENSMFAG00000003782	28210
ENSMFAG00000003785	46670
ENSMFAG00000003787	33212
ENSMFAG00000003793	65926
ENSMFAG00000003798	93006
ENSMFAG00000003815	6158
ENSMFAG00000003836	82999
ENSMFAG00000003837	43656
ENSMFAG00000003840	65357
ENSMFAG00000003850	75684
ENSMFAG00000003852	23931
ENSMFAG00000003858	11220
ENSMFAG00000003865	25004
ENSMFAG00000003871	75478
ENSMFAG00000003873	84548
ENSMFAG00000003874	10191
ENSMFAG00000003875	84150
ENSMFAG00000003877	36229
ENSMFAG00000003882	13216
ENSMFAG00000003894	59297
ENSMFAG00000003898	58832
ENSMFAG00000003911	44168
ENSMFAG00000003912	52147
ENSMFAG00000003915	46367
ENSMFAG00000003917	2653
ENSMFAG00000003918	98847
ENSMFAG00000003919	41560
ENSMFAG00000003924	26372
ENSMFAG00000003942	100056
ENSMFAG00000003947	44580
ENSMFAG00000003949	14609
ENSMFAG00000003951	51147
ENSMFAG00000003957	31164
ENSMFAG00000003960	73301
ENSMFAG00000003962	35505
ENSMFAG00000003963	14476
ENSMFAG00000003967	57502
ENSMFAG00000003972	85503
ENSMFAG00000003974	91334
ENSMFAG00000003981	73530
ENSMFAG00000003983	76807
ENSMFAG00000003985	53910
ENSMFAG00000003986	82860
ENSMFAG00000003989	6330
ENSMFAG00000003997	85412
ENSMFAG00000003998	85192
ENSMFAG00000004018	6725
ENSMFAG00000004020	95158
ENSMFAG00000004022	71350
ENSMFAG00000004025	30625
ENSMFAG00000004026	17187
ENSMFAG00000004031	71429
ENSMFAG00000004037	47953
ENSMFAG00000004045	91066
ENSMFAG00000004048	72120
ENSMFAG00000004050	13282
ENSMFAG00000004052	60451
ENSMFAG00000004058	82947
ENSMFAG00000004064	50231
ENSMFAG00000004076	93775
ENSMFAG00000004115	82856
ENSMFAG00000004120	67835
ENSMFAG00000004136	31461
ENSMFAG00000004149	11388
ENSMFAG00000004178	9236
ENSMFAG00000004221	4161
ENSMFAG00000004232	41221
ENSMFAG00000004234	46542
ENSMFAG00000004261	3828
ENSMFAG00000004289	62682
ENSMFAG00000004299	41197
ENSMFAG00000004307	15550
ENSMFAG00000004317	70080
ENSMFAG00000004334	5571
ENSMFAG00000004349	28781
ENSMFAG00000004358	83667
ENSMFAG00000004381	94057
ENSMFAG00000004430	97634
ENSMFAG00000004481	17849
ENSMFAG00000004488	7179
ENSMFAG00000004495	45941
ENSMFAG00000004501	50752
ENSMFAG00000004508	95076
ENSMFAG00000004511	56184
ENSMFAG00000004518	21644
ENSMFAG00000004519	21705
ENSMFAG00000004521	89576
ENSMFAG00000004528	54972
ENSMFAG00000004532	61626
ENSMFAG00000004539	55518
ENSMFAG00000004557	70965
ENSMFAG00000004572	94114
ENSMFAG00000004576	65501
ENSMFAG00000004583	12607
ENSMFAG00000004584	68341
ENSMFAG00000004599	53338
ENSMFAG00000004600	49782
ENSMFAG00000004606	96855
ENSMFAG00000004607	93328
ENSMFAG00000004615	97328
ENSMFAG00000004618	34251
ENSMFAG00000004626	90302
ENSMFAG00000004635	89629
ENSMFAG00000004638	96680
ENSMFAG00000004644	55972
ENSMFAG00000004652	3828
ENSMFAG00000004653	80047
ENSMFAG00000004668	31254
ENSMFAG00000004689	56862
ENSMFAG00000004717	40480
ENSMFAG00000004725	78617
ENSMFAG00000004739	10901
ENSMFAG00000004761	19547
ENSMFAG00000004793	36075
ENSMFAG00000004854	72361
ENSMFAG00000004869	59242
ENSMFAG00000004906	64006
ENSMFAG00000004943	25194
ENSMFAG00000004947	91095
ENSMFAG00000004985	83813
ENSMFAG00000005030	60305
ENSMFAG00000005045	71327
ENSMFAG00000005090	70897
ENSMFAG00000005091	36835
ENSMFAG00000005109	35051
ENSMFAG00000005126	45339
ENSMFAG00000005150	99510
ENSMFAG00000005241	89761
ENSMFAG00000005267	46147
ENSMFAG00000005291	31466
ENSMFAG00000005305	20598
ENSMFAG00000005338	50814
ENSMFAG00000005346	17038
ENSMFAG00000005400	11219
ENSMFAG00000005405	82052
ENSMFAG00000005433	28741
ENSMFAG00000005436	85397
ENSMFAG00000005442	92273
ENSMFAG00000005470	10483
ENSMFAG00000005490	27895
ENSMFAG00000005543	25614
ENSMFAG00000005562	51909
ENSMFAG00000005563	68787
ENSMFAG00000005569	32469
ENSMFAG00000005573	52109
ENSMFAG00000005602	12200
ENSMFAG00000005648	52290
ENSMFAG00000005670	13157
ENSMFAG00000005677	97491
ENSMFAG00000005679	89822
ENSMFAG00000005689	25626
ENSMFAG00000005691	88908
ENSMFAG00000005696	17029
ENSMFAG00000005715	16783
ENSMFAG00000005742	63913
ENSMFAG00000005758	3390
ENSMFAG00000005773	62707
ENSMFAG00000005812	39881
ENSMFAG00000005819	91634
ENSMFAG00000005821	94228
ENSMFAG00000005835	10579
ENSMFAG00000005838	49912
ENSMFAG00000005860	23757
ENSMFAG00000005891	61279
ENSMFAG00000005892	48105
ENSMFAG00000005895	98491
ENSMFAG00000005927	61077
ENSMFAG00000005943	11375
ENSMFAG00000005944	61300
ENSMFAG00000005946	58883
ENSMFAG00000005954	19878
ENSMFAG00000005980	45233
ENSMFAG00000005987	64127
ENSMFAG00000005999	33751
ENSMFAG00000006001	39556
ENSMFAG00000006010	42656
ENSMFAG00000006031	85393
ENSMFAG00000006172	36712
ENSMFAG00000006173	21523
ENSMFAG00000006175	98346
ENSMFAG00000006183	2336
ENSMFAG00000006204	45300
ENSMFAG00000006207	6431
ENSMFAG00000006211	63392
ENSMFAG00000006224	67468
ENSMFAG00000006238	80699
ENSMFAG00000006243	80649
ENSMFAG00000006261	99645
ENSMFAG00000006279	6373
ENSMFAG00000006304	18134
ENSMFAG00000006312	66585
ENSMFAG00000006322	52723
ENSMFAG00000006344	9715
ENSMFAG00000006345	27507
ENSMFAG00000006396	23829
ENSMFAG00000006440	35669
ENSMFAG00000006447	82695
ENSMFAG00000006492	91042
ENSMFAG00000006493	8293
ENSMFAG00000006511	5511
ENSMFAG00000006545	75663
ENSMFAG00000006550	23440
ENSMFAG00000006551	25601
ENSMFAG00000006556	85471
ENSMFAG00000006585	75033
ENSMFAG00000006608	24656
ENSMFAG00000006629	15171
ENSMFAG00000006705	86651
ENSMFAG00000006713	37686
ENSMFAG00000006716	17109
ENSMFAG00000006726	41005
ENSMFAG00000006775	26321
ENSMFAG00000006792	26288
ENSMFAG00000006813	34440
ENSMFAG00000006821	80071
ENSMFAG00000006832	54221
ENSMFAG00000006845	18793
ENSMFAG00000006850	66470
ENSMFAG00000006876	26075
ENSMFAG00000006881	43995
ENSMFAG00000006890	23504
ENSMFAG00000006894	89509
ENSMFAG00000006902	92007
ENSMFAG00000006903	18399
ENSMFAG00000006919	45792
ENSMFAG00000006923	92721
ENSMFAG00000006980	63032
ENSMFAG00000007000	6749
ENSMFAG00000007012	41171
ENSMFAG00000007031	64975
ENSMFAG00000007040	3969
ENSMFAG00000007043	94723
ENSMFAG00000007051	91859
ENSMFAG00000007053	77954
ENSMFAG00000007061	27044
ENSMFAG00000007064	33262
ENSMFAG00000007066	79649
ENSMFAG00000007085	78311
ENSMFAG00000007087	57412
ENSMFAG00000007093	94393
ENSMFAG00000007094	46857
ENSMFAG00000007119	23619
ENSMFAG00000007123	55497
ENSMFAG00000007129	45278
ENSMFAG00000007141	35314
ENSMFAG00000007149	74848
ENSMFAG00000007154	61293
ENSMFAG00000007157	2852
ENSMFAG00000007163	80864
ENSMFAG00000007166	39907
ENSMFAG00000007171	29110
ENSMFAG00000007207	41597
ENSMFAG00000007213	99932
ENSMFAG00000007222	63322
ENSMFAG00000007224	22789
ENSMFAG00000007230	79346
ENSMFAG00000007262	65162
ENSMFAG00000007265	26252
ENSMFAG00000007266	62796
ENSMFAG00000007277	76063
ENSMFAG00000007284	87341
ENSMFAG00000007295	21352
ENSMFAG00000007314	26867
ENSMFAG00000007327	58192
ENSMFAG00000007334	9490
ENSMFAG00000007354	15497
ENSMFAG00000007359	43285
ENSMFAG00000007370	80849
ENSMFAG00000007398	75717
ENSMFAG00000007405	93619
ENSMFAG00000007416	29363
ENSMFAG00000007424	52440
ENSMFAG00000007454	45989
ENSMFAG00000007477	44226
ENSMFAG00000007498	41965
ENSMFAG00000007500	79023
ENSMFAG00000007503	91083
ENSMFAG00000007518	58554
ENSMFAG00000007527	83587
ENSMFAG00000007530	64354
ENSMFAG00000007536	87394
ENSMFAG00000007558	21995
ENSMFAG00000007583	51275
ENSMFAG00000007609	8747
ENSMFAG00000007610	39112
ENSMFAG00000007624	68200
ENSMFAG00000007625	5448
ENSMFAG00000007648	63455
ENSMFAG00000007674	3763
ENSMFAG00000007708	96451
ENSMFAG00000007728	14503
ENSMFAG00000007767	56119
ENSMFAG00000007768	79043
ENSMFAG00000007781	56747
ENSMFAG00000007790	39970
ENSMFAG00000007792	66124
ENSMFAG00000007795	56300
ENSMFAG00000007818	86137
ENSMFAG00000007826	98083
ENSMFAG00000007837	84013
ENSMFAG00000007860	96854
ENSMFAG00000007896	33684
ENSMFAG00000007906	84126
ENSMFAG00000007928	93709
ENSMFAG00000007940	13537
ENSMFAG00000007942	82518
ENSMFAG00000007943	16442
ENSMFAG00000007955	7168
ENSMFAG00000007971	56261
ENSMFAG00000007994	62055
ENSMFAG00000008002	90225
ENSMFAG00000008055	63481
ENSMFAG00000008058	69029
ENSMFAG00000008086	9554
ENSMFAG00000008088	37084
ENSMFAG00000008096	77112
ENSMFAG00000008112	11107
ENSMFAG00000008119	86433
ENSMFAG00000008140	53917
ENSMFAG00000008147	12997
ENSMFAG00000008150	35147
ENSMFAG00000008170	72895
ENSMFAG00000008179	88307
ENSMFAG00000008199	11517
ENSMFAG00000008202	79783
ENSMFAG00000008207	44390
ENSMFAG00000008224	30520
ENSMFAG00000008239	39355
ENSMFAG00000008242	11322
ENSMFAG00000008267	30473
ENSMFAG00000008290	84188
ENSMFAG00000008326	1150
ENSMFAG00000008336	44208
ENSMFAG00000008367	9025
ENSMFAG00000008386	41519
ENSMFAG00000008400	83903
ENSMFAG00000008404	52087
ENSMFAG00000008406	30170
ENSMFAG00000008465	31195
ENSMFAG00000008517	83975
ENSMFAG00000008570	89248
ENSMFAG00000008577	20152
ENSMFAG00000008578	56268
ENSMFAG00000008586	5041
ENSMFAG00000008608	99218
ENSMFAG00000008648	42941
ENSMFAG00000008657	85119
ENSMFAG00000008670	80913
ENSMFAG00000008694	26498
ENSMFAG00000008695	53759
ENSMFAG00000008711	97273
ENSMFAG00000008718	60781
ENSMFAG00000008743	11615
ENSMFAG00000008768	52139
ENSMFAG00000008773	13532
ENSMFAG00000008779	67438
ENSMFAG00000008782	50735
ENSMFAG00000008788	78624
ENSMFAG00000008799	60574
ENSMFAG00000008812	29988
ENSMFAG00000008838	64660
ENSMFAG00000008844	69751
ENSMFAG00000008879	61772
ENSMFAG00000008940	93959
ENSMFAG00000008961	18648
ENSMFAG00000008966	16372
ENSMFAG00000008976	83945
ENSMFAG00000008982	65019
ENSMFAG00000008989	98752
ENSMFAG00000009004	18170
ENSMFAG00000009021	87531
ENSMFAG00000009063	47443
ENSMFAG00000009085	11305
ENSMFAG00000009094	11510
ENSMFAG00000009121	222
ENSMFAG00000009138	38817
ENSMFAG00000009141	97835
ENSMFAG00000009168	16054
ENSMFAG00000009181	95329
ENSMFAG00000009182	94959
ENSMFAG00000009214	76447
ENSMFAG00000009222	8029
ENSMFAG00000009310	80656
ENSMFAG00000009327	54870
ENSMFAG00000009336	34005
ENSMFAG00000009371	9138
ENSMFAG00000009381	49424
ENSMFAG00000009457	74127
ENSMFAG00000009475	26372
ENSMFAG00000009476	36811
ENSMFAG00000009493	21491
ENSMFAG00000009499	23309
ENSMFAG00000009513	44118
ENSMFAG00000009540	39413
ENSMFAG00000009542	70758
ENSMFAG00000009570	15822
ENSMFAG00000009576	32262
ENSMFAG00000009601	78900
ENSMFAG00000009609	28402
ENSMFAG00000009611	23191
ENSMFAG00000009623	5451
ENSMFAG00000009632	11675
ENSMFAG00000009673	81159
ENSMFAG00000009690	63451
ENSMFAG00000009707	16954
ENSMFAG00000009709	58035
ENSMFAG00000009713	97802
ENSMFAG00000009714	30941
ENSMFAG00000009732	51616
ENSMFAG00000009736	28762
ENSMFAG00000009737	88443
ENSMFAG00000009760	90804
ENSMFAG00000009765	59487
ENSMFAG00000009768	80045
ENSMFAG00000009792	33091
ENSMFAG00000009811	81486
ENSMFAG00000009821	51170
ENSMFAG00000009845	41863
ENSMFAG00000009863	81989
ENSMFAG00000009882	89228
ENSMFAG00000009892	3560
ENSMFAG00000009927	10021
ENSMFAG00000009938	68035
ENSMFAG00000009957	26341
ENSMFAG00000009965	7827
ENSMFAG00000010002	67909
ENSMFAG00000010052	978
ENSMFAG00000010110	95349
ENSMFAG00000010115	17214
ENSMFAG00000010132	47161
ENSMFAG00000010139	58748
ENSMFAG00000010169	56367
ENSMFAG00000010194	15753
ENSMFAG00000010199	27761
ENSMFAG00000010205	16025
ENSMFAG00000010228	67710
ENSMFAG00000010239	22756
ENSMFAG00000010270	24440
ENSMFAG00000010277	17050
ENSMFAG00000010302	49848
ENSMFAG00000010311	687
ENSMFAG00000010339	21589
ENSMFAG00000010352	22778
ENSMFAG00000010382	4111
ENSMFAG00000010400	6111
ENSMFAG00000010409	87300
ENSMFAG00000010423	53157
ENSMFAG00000010490	46008
ENSMFAG00000010555	19591
ENSMFAG00000010631	36574
ENSMFAG00000010650	57589
ENSMFAG00000010652	23212
ENSMFAG00000010673	55956
ENSMFAG00000010688	93761
ENSMFAG00000010713	47391
ENSMFAG00000010714	15648
ENSMFAG00000010720	94256
ENSMFAG00000010740	34739
ENSMFAG00000010744	59529
ENSMFAG00000010775	74026
ENSMFAG00000010779	5242
ENSMFAG00000010780	70424
ENSMFAG00000010782	44478
ENSMFAG00000010804	54303
ENSMFAG00000010806	84246
ENSMFAG00000010808	21556
ENSMFAG00000010829	18620
ENSMFAG00000010836	29570
ENSMFAG00000010857	85970
ENSMFAG00000010872	76488
ENSMFAG00000010881	82042
ENSMFAG00000010891	46655
ENSMFAG00000010921	67866
ENSMFAG00000010929	7291
ENSMFAG00000010945	51517
ENSMFAG00000010954	1424
ENSMFAG00000010964	11692
ENSMFAG00000010968	26007
ENSMFAG00000010981	87167
ENSMFAG00000011016	47301
ENSMFAG00000011027	86953
ENSMFAG00000011028	56625
ENSMFAG00000011035	25961
ENSMFAG00000011076	87264
ENSMFAG00000011078	66134
ENSMFAG00000011094	50858
ENSMFAG00000011113	44846
ENSMFAG00000011150	96663
ENSMFAG00000011159	16866
ENSMFAG00000011190	90941
ENSMFAG00000011194	37343
ENSMFAG00000011220	41011
ENSMFAG00000011230	19267
ENSMFAG00000011266	88681
ENSMFAG00000011286	53516
ENSMFAG00000011297	70302
ENSMFAG00000011311	96942
ENSMFAG00000011317	26168
ENSMFAG00000011318	2100
ENSMFAG00000011359	63146
ENSMFAG00000011367	57717
ENSMFAG00000011404	37228
ENSMFAG00000011410	17053
ENSMFAG00000011413	35325
ENSMFAG00000011429	56330
ENSMFAG00000011442	15236
ENSMFAG00000011451	52538
ENSMFAG00000011453	42428
ENSMFAG00000011472	55139
ENSMFAG00000011474	1549
ENSMFAG00000011491	78811
ENSMFAG00000011492	81961
ENSMFAG00000011553	18920
ENSMFAG00000011565	25134
ENSMFAG00000011575	76497
ENSMFAG00000011594	46610
ENSMFAG00000011600	53921
ENSMFAG00000011609	73182
ENSMFAG00000011620	55386
ENSMFAG00000011646	93517
ENSMFAG00000011674	39333
ENSMFAG00000011685	73731
ENSMFAG00000011696	75308
ENSMFAG00000011697	15488
ENSMFAG00000011703	66159
ENSMFAG00000011710	51530
ENSMFAG00000011729	70424
ENSMFAG00000011735	25449
ENSMFAG00000011745	52995
ENSMFAG00000011758	26038
ENSMFAG00000011761	27450
ENSMFAG00000011776	1767
ENSMFAG00000011778	80950
ENSMFAG00000011785	76616
ENSMFAG00000011839	12473
ENSMFAG00000011854	75024
ENSMFAG00000011904	24467
ENSMFAG00000011940	46911
ENSMFAG00000011945	3889
ENSMFAG00000011947	89037
ENSMFAG00000011968	3321
ENSMFAG00000011969	52229
ENSMFAG00000011982	85477
ENSMFAG00000012023	14892
ENSMFAG00000012040	62321
ENSMFAG00000012041	61619
ENSMFAG00000012042	40059
ENSMFAG00000012082	38587
ENSMFAG00000012084	41808
ENSMFAG00000012114	83340
ENSMFAG00000012116	90264
ENSMFAG00000012118	38570
ENSMFAG00000012145	66552
ENSMFAG00000012179	42149
ENSMFAG00000012180	46993
ENSMFAG00000012205	62215
ENSMFAG00000012225	54715
ENSMFAG00000012229	66810
ENSMFAG00000012267	52563
ENSMFAG00000012303	78716
ENSMFAG00000012321	73363
ENSMFAG00000012351	96658
ENSMFAG00000012369	84219
ENSMFAG00000012371	31166
ENSMFAG00000012381	46960
ENSMFAG00000012397	54016
ENSMFAG00000012407	54177
ENSMFAG00000012411	35100
ENSMFAG00000012439	14350
ENSMFAG00000012468	65404
ENSMFAG00000012470	17474
ENSMFAG00000012495	94621
ENSMFAG00000012520	9561
ENSMFAG00000012527	50049
ENSMFAG00000012536	94022
ENSMFAG00000012537	27083
ENSMFAG00000012538	50973
ENSMFAG00000012545	32353
ENSMFAG00000012549	7681
ENSMFAG00000012558	27813
ENSMFAG00000012569	31907
ENSMFAG00000012591	73863
ENSMFAG00000012603	19181
ENSMFAG00000012632	42649
ENSMFAG00000012633	43862
ENSMFAG00000012658	86567
ENSMFAG00000012682	12813
ENSMFAG00000012711	9260
ENSMFAG00000012713	83552
ENSMFAG00000012715	4476
ENSMFAG00000012756	81966
ENSMFAG00000012759	92362
ENSMFAG00000012807	60194
ENSMFAG00000012820	61884
ENSMFAG00000012821	79972
ENSMFAG00000012838	34874
ENSMFAG00000012839	59383
ENSMFAG00000012855	58512
ENSMFAG00000012859	46012
ENSMFAG00000012871	5637
ENSMFAG00000012875	61746
ENSMFAG00000012886	3717
ENSMFAG00000012902	29393
ENSMFAG00000012948	9158
ENSMFAG00000012951	42229
ENSMFAG00000013002	52809
ENSMFAG00000013011	39566
ENSMFAG00000013019	64789
ENSMFAG00000013031	39331
ENSMFAG00000013034	80148
ENSMFAG00000013037	43131
ENSMFAG00000013038	37089
ENSMFAG00000013044	54407
ENSMFAG00000013049	67214
ENSMFAG00000013070	45857
ENSMFAG00000013071	54306
ENSMFAG00000013097	37431
ENSMFAG00000013118	74032
ENSMFAG00000013124	57943
ENSMFAG00000013152	94949
ENSMFAG00000013167	87209
ENSMFAG00000013176	62202
ENSMFAG00000013190	87199
ENSMFAG00000013210	55950
ENSMFAG00000013255	8712
ENSMFAG00000013270	4321
ENSMFAG00000013274	20504
ENSMFAG00000013277	80985
ENSMFAG00000013305	83683
ENSMFAG00000013319	92632
ENSMFAG00000013330	30918
ENSMFAG00000013332	89226
ENSMFAG00000013333	34614
ENSMFAG00000013334	42261
ENSMFAG00000013372	9115
ENSMFAG00000013376	9693
ENSMFAG00000013395	49000
ENSMFAG00000013424	73316
ENSMFAG00000013448	79928
ENSMFAG00000013480	79960
ENSMFAG00000013501	77934
ENSMFAG00000013533	62472
ENSMFAG00000013540	59410
ENSMFAG00000013555	34533
ENSMFAG00000013566	91511
ENSMFAG00000013575	85302
ENSMFAG00000013591	30640
ENSMFAG00000013646	30442
ENSMFAG00000013671	41870
ENSMFAG00000013679	39645
ENSMFAG00000013681	55006
ENSMFAG00000013695	17537
ENSMFAG00000013705	51355
ENSMFAG00000013719	7065
ENSMFAG00000013720	84614
ENSMFAG00000013725	41499
ENSMFAG00000013753	29324
ENSMFAG00000013780	72206
ENSMFAG00000013789	57469
ENSMFAG00000013793	61199
ENSMFAG00000013813	98028
ENSMFAG00000013851	29037
ENSMFAG00000013855	55977
ENSMFAG00000013860	5589
ENSMFAG00000013861	31090
ENSMFAG00000013877	1672
ENSMFAG00000013881	99618
ENSMFAG00000013894	8467
ENSMFAG00000013965	35972
ENSMFAG00000013971	85602
ENSMFAG00000013977	22928
ENSMFAG00000013978	8696
ENSMFAG00000014004	16003
ENSMFAG00000014028	64606
ENSMFAG00000014033	8167
ENSMFAG00000014104	66242
ENSMFAG00000014109	38801
ENSMFAG00000014144	98282
ENSMFAG00000014166	96854
ENSMFAG00000014171	93922
ENSMFAG00000014222	91863
ENSMFAG00000014232	18926
ENSMFAG00000014265	6691
ENSMFAG00000014271	62096
ENSMFAG00000014293	59898
ENSMFAG00000014325	10942
ENSMFAG00000014326	79818
ENSMFAG00000014345	3521
ENSMFAG00000014363	78492
ENSMFAG00000014366	94013
ENSMFAG00000014381	58449
ENSMFAG00000014388	23816
ENSMFAG00000014391	75302
ENSMFAG00000014400	50363
ENSMFAG00000014434	59492
ENSMFAG00000014455	20239
ENSMFAG00000014463	97161
ENSMFAG00000014468	41298
ENSMFAG00000014469	66803
ENSMFAG00000014478	14494
ENSMFAG00000014493	36449
ENSMFAG00000014524	47437
ENSMFAG00000014525	69741
ENSMFAG00000014527	8272
ENSMFAG00000014550	41866
ENSMFAG00000014562	40334
ENSMFAG00000014644	16395
ENSMFAG00000014652	91770
ENSMFAG00000014661	79720
ENSMFAG00000014671	54165
ENSMFAG00000014685	86002
ENSMFAG00000014721	79272
ENSMFAG00000014750	36989
ENSMFAG00000014784	58250
ENSMFAG00000014799	32435
ENSMFAG00000014834	86054
ENSMFAG00000014836	76717
ENSMFAG00000014837	14756
ENSMFAG00000014842	3314
ENSMFAG00000014884	26472
ENSMFAG00000014887	57265
ENSMFAG00000014914	20552
ENSMFAG00000014947	1259
ENSMFAG00000014991	90640
ENSMFAG00000015046	51655
ENSMFAG00000015060	61797
ENSMFAG00000015141	4855
ENSMFAG00000015162	70389
ENSMFAG00000015166	87704
ENSMFAG00000015175	24869
ENSMFAG00000015194	9487
ENSMFAG00000015218	57379
ENSMFAG00000015257	50815
ENSMFAG00000015302	98640
ENSMFAG00000015337	54960
ENSMFAG00000015459	44658
ENSMFAG00000015461	21188
ENSMFAG00000015501	81286
ENSMFAG00000015504	76773
ENSMFAG00000015508	91844
ENSMFAG00000015524	39047
ENSMFAG00000015528	12095
ENSMFAG00000015532	49422
ENSMFAG00000015538	37183
ENSMFAG00000015544	73711
ENSMFAG00000015568	89783
ENSMFAG00000015570	88862
ENSMFAG00000015592	86267
ENSMFAG00000015595	40778
ENSMFAG00000015606	37923
ENSMFAG00000015609	49794
ENSMFAG00000015627	40045
ENSMFAG00000015655	10701
ENSMFAG00000015670	46772
ENSMFAG00000015684	98502
ENSMFAG00000015685	77712
ENSMFAG00000015728	72731
ENSMFAG00000015735	86685
ENSMFAG00000015746	90758
ENSMFAG00000015762	89926
ENSMFAG00000015784	91604
ENSMFAG00000015786	67677
ENSMFAG00000015798	13250
ENSMFAG00000015912	33255
ENSMFAG00000015919	80237
ENSMFAG00000015927	5623
ENSMFAG00000015946	25666
ENSMFAG00000015955	82371
ENSMFAG00000015963	2180
ENSMFAG00000015994	76339
ENSMFAG00000015999	9128
ENSMFAG00000016007	18465
ENSMFAG00000016016	43563
ENSMFAG00000016019	48408
ENSMFAG00000016029	38851
ENSMFAG00000016031	18997
ENSMFAG00000016049	72848
ENSMFAG00000016053	81767
ENSMFAG00000016064	95333
ENSMFAG00000016080	74051
ENSMFAG00000016100	97340
ENSMFAG00000016103	96902
ENSMFAG00000016105	3841
ENSMFAG00000016132	97939
ENSMFAG00000016135	83471
ENSMFAG00000016143	83804
ENSMFAG00000016169	65661
ENSMFAG00000016176	4374
ENSMFAG00000016180	95214
ENSMFAG00000016196	72282
ENSMFAG00000016207	12084
ENSMFAG00000016213	915
ENSMFAG00000016215	90630
ENSMFAG00000016216	29478
ENSMFAG00000016222	35872
ENSMFAG00000016244	62256
ENSMFAG00000016274	67618
ENSMFAG00000016289	19336
ENSMFAG00000016302	49467
ENSMFAG00000016303	75042
ENSMFAG00000016333	80459
ENSMFAG00000016368	19920
ENSMFAG00000016417	87188
ENSMFAG00000016425	14423
ENSMFAG00000016428	26765
ENSMFAG00000016439	82849
ENSMFAG00000016453	94371
ENSMFAG00000016454	28693
ENSMFAG00000016485	1991
ENSMFAG00000016509	7691
ENSMFAG00000016548	3812
ENSMFAG00000016609	50548
ENSMFAG00000016634	24451
ENSMFAG00000016702	78167
ENSMFAG00000016709	90970
ENSMFAG00000016712	87116
ENSMFAG00000016715	98241
ENSMFAG00000016727	15329
ENSMFAG00000016729	79150
ENSMFAG00000016743	24238
ENSMFAG00000016768	92287
ENSMFAG00000016781	15039
ENSMFAG00000016818	53268
ENSMFAG00000016821	6718
ENSMFAG00000016830	11716
ENSMFAG00000016864	77453
ENSMFAG00000016897	32211
ENSMFAG00000016940	98611
ENSMFAG00000016983	37622
ENSMFAG00000016994	3822
ENSMFAG00000017006	64545
ENSMFAG00000017011	61806
ENSMFAG00000017057	75474
ENSMFAG00000017090	57731
ENSMFAG00000017140	576
ENSMFAG00000017158	48460
ENSMFAG00000017159	61784
ENSMFAG00000017163	59148
ENSMFAG00000017174	90993
ENSMFAG00000017248	61053
ENSMFAG00000017285	85974
ENSMFAG00000017287	57367
ENSMFAG00000017288	96196
ENSMFAG00000017328	33797
ENSMFAG00000017334	32228
ENSMFAG00000017337	82332
ENSMFAG00000017358	67556
ENSMFAG00000017373	47283
ENSMFAG00000017384	13824
ENSMFAG00000017407	59030
ENSMFAG00000017410	77471
ENSMFAG00000017427	95604
ENSMFAG00000017431	41706
ENSMFAG00000017476	48189
ENSMFAG00000017496	76729
ENSMFAG00000017504	45679
ENSMFAG00000017515	40297
ENSMFAG00000017533	56202
ENSMFAG00000017546	67177
ENSMFAG00000017591	93914
ENSMFAG00000017601	51867
ENSMFAG00000017641	65682
ENSMFAG00000017689	6184
ENSMFAG00000017741	31368
ENSMFAG00000017743	604
ENSMFAG00000017777	81507
ENSMFAG00000017796	90786
ENSMFAG00000017802	1919
ENSMFAG00000017814	16846
ENSMFAG00000017819	92996
ENSMFAG00000017855	69681
ENSMFAG00000017858	32327
ENSMFAG00000017867	10302
ENSMFAG00000017869	89346
ENSMFAG00000017882	89897
ENSMFAG00000017901	10937
ENSMFAG00000017916	98630
ENSMFAG00000018031	99214
ENSMFAG00000018080	57193
ENSMFAG00000018118	95720
ENSMFAG00000018162	90292
ENSMFAG00000018170	79949
ENSMFAG00000018190	43252
ENSMFAG00000018199	54101
ENSMFAG00000018226	33812
ENSMFAG00000018246	11225
ENSMFAG00000018250	68474
ENSMFAG00000018286	73528
ENSMFAG00000018413	67761
ENSMFAG00000018428	32766
ENSMFAG00000018435	60854
ENSMFAG00000018465	78895
ENSMFAG00000018471	99964
ENSMFAG00000018534	20047
ENSMFAG00000018541	23617
ENSMFAG00000018576	2669
ENSMFAG00000018632	47005
ENSMFAG00000018633	51483
ENSMFAG00000018634	55396
ENSMFAG00000018676	58562
ENSMFAG00000018720	45113
ENSMFAG00000018749	10879
ENSMFAG00000018815	79437
ENSMFAG00000018834	52257
ENSMFAG00000018839	36795
ENSMFAG00000018851	93373
ENSMFAG00000018852	89205
ENSMFAG00000018867	39442
ENSMFAG00000018870	26362
ENSMFAG00000018873	28803
ENSMFAG00000018899	16518
ENSMFAG00000018901	45083
ENSMFAG00000018905	28457
ENSMFAG00000018951	57069
ENSMFAG00000018955	9905
ENSMFAG00000018966	81103
ENSMFAG00000018969	91798
ENSMFAG00000019054	39026
ENSMFAG00000019088	73741
ENSMFAG00000019118	31043
ENSMFAG00000019129	62525
ENSMFAG00000019143	50566
ENSMFAG00000019163	93456
ENSMFAG00000019215	88671
ENSMFAG00000019253	74648
ENSMFAG00000019292	76671
ENSMFAG00000019310	54100
ENSMFAG00000019339	41459
ENSMFAG00000019344	46436
ENSMFAG00000019421	61592
ENSMFAG00000019453	66501
ENSMFAG00000019454	24006
ENSMFAG00000019461	26164
ENSMFAG00000019477	79853
ENSMFAG00000019480	15547
ENSMFAG00000019530	98951
ENSMFAG00000019535	60969
ENSMFAG00000019545	44661
ENSMFAG00000019616	59258
ENSMFAG00000019657	30034
ENSMFAG00000019689	93917
ENSMFAG00000019699	64771
ENSMFAG00000019706	23514
ENSMFAG00000019727	26225
ENSMFAG00000019768	71116
ENSMFAG00000019910	64522
ENSMFAG00000019936	40640
ENSMFAG00000019961	75964
ENSMFAG00000019971	43034
ENSMFAG00000020073	26437
ENSMFAG00000020099	49953
ENSMFAG00000020103	68930
ENSMFAG00000020143	91394
ENSMFAG00000020148	67677
ENSMFAG00000020220	13014
ENSMFAG00000020277	9728
ENSMFAG00000020286	23700
ENSMFAG00000020297	97568
ENSMFAG00000020318	36090
ENSMFAG00000020331	3173
ENSMFAG00000020399	51172
ENSMFAG00000020410	35169
ENSMFAG00000020420	56634
ENSMFAG00000020465	44003
ENSMFAG00000020471	29751
ENSMFAG00000020472	15330
ENSMFAG00000020492	43804
ENSMFAG00000020515	20774
ENSMFAG00000020521	99907
ENSMFAG00000020523	5719
ENSMFAG00000020533	69796
ENSMFAG00000020561	56863
ENSMFAG00000020574	31931
ENSMFAG00000020646	72105
ENSMFAG00000020667	43450
ENSMFAG00000020718	18689
ENSMFAG00000020773	34529
ENSMFAG00000020774	67398
ENSMFAG00000020777	94744
ENSMFAG00000020840	97621
ENSMFAG00000020932	53581
ENSMFAG00000020933	51914
ENSMFAG00000020953	93232
ENSMFAG00000021008	22664
ENSMFAG00000021011	40907
ENSMFAG00000021012	13676
ENSMFAG00000021041	60939
ENSMFAG00000021071	44882
ENSMFAG00000021078	70486
ENSMFAG00000021079	12974
ENSMFAG00000021107	64224
ENSMFAG00000021112	56494
ENSMFAG00000021118	2086
ENSMFAG00000021158	31929
ENSMFAG00000021159	26323
ENSMFAG00000021160	41226
ENSMFAG00000021167	31205
ENSMFAG00000021176	94596
ENSMFAG00000021203	71963
ENSMFAG00000021237	32725
ENSMFAG00000021261	99336
ENSMFAG00000021315	93508
ENSMFAG00000021373	73485
ENSMFAG00000021393	1389
ENSMFAG00000021451	4411
ENSMFAG00000021460	67632
ENSMFAG00000021495	18958
ENSMFAG00000021542	80963
ENSMFAG00000021547	67729
ENSMFAG00000021613	97618
ENSMFAG00000021616	94883
ENSMFAG00000021643	8645
ENSMFAG00000021668	64767
ENSMFAG00000021712	65626
ENSMFAG00000021718	87396
ENSMFAG00000021730	96643
ENSMFAG00000021733	35136
ENSMFAG00000021753	91278
ENSMFAG00000021756	53090
ENSMFAG00000021768	9962
ENSMFAG00000021791	76173
ENSMFAG00000021836	65518
ENSMFAG00000021900	25231
ENSMFAG00000021919	4819
ENSMFAG00000022020	10224
ENSMFAG00000022029	71950
ENSMFAG00000022058	39732
ENSMFAG00000022091	34542
ENSMFAG00000022123	87158
ENSMFAG00000022188	93404
ENSMFAG00000022213	97291
ENSMFAG00000022241	87093
ENSMFAG00000022270	12446
ENSMFAG00000022310	20267
ENSMFAG00000022333	37553
ENSMFAG00000022347	23015
ENSMFAG00000022402	38248
ENSMFAG00000022438	55487
ENSMFAG00000022458	88818
ENSMFAG00000022490	15365
ENSMFAG00000022532	92952
ENSMFAG00000022580	65443
ENSMFAG00000022639	19522
ENSMFAG00000022674	69109
ENSMFAG00000022693	89094
ENSMFAG00000022737	15777
ENSMFAG00000022745	35135
ENSMFAG00000022758	145
ENSMFAG00000022781	89276
ENSMFAG00000022790	9934
ENSMFAG00000022808	15992
ENSMFAG00000022828	41337
ENSMFAG00000022863	13092
ENSMFAG00000022873	29605
ENSMFAG00000022923	30666
ENSMFAG00000022948	66351
ENSMFAG00000022953	80953
ENSMFAG00000022957	83646
ENSMFAG00000022958	90245
ENSMFAG00000022965	65431
ENSMFAG00000022981	44995
ENSMFAG00000022983	46001
ENSMFAG00000022985	29906
ENSMFAG00000023005	72974
ENSMFAG00000023009	55831
ENSMFAG00000023078	93952
ENSMFAG00000023096	33846
ENSMFAG00000023109	78081
ENSMFAG00000023129	23474
ENSMFAG00000023169	86724
ENSMFAG00000023206	14164
ENSMFAG00000023207	79292
ENSMFAG00000023229	32607
ENSMFAG00000023274	96419
ENSMFAG00000023295	77922
ENSMFAG00000023313	3186
ENSMFAG00000023332	88227
ENSMFAG00000023345	17115
ENSMFAG00000023352	1158
ENSMFAG00000023373	2175
ENSMFAG00000023387	2107
ENSMFAG00000023402	2865
ENSMFAG00000023475	22628
ENSMFAG00000023528	66977
ENSMFAG00000023542	14832
ENSMFAG00000023548	2084
ENSMFAG00000023565	61951
ENSMFAG00000023600	12525
ENSMFAG00000023617	38080
ENSMFAG00000023621	14369
ENSMFAG00000023643	80459
ENSMFAG00000023657	63370
ENSMFAG00000023658	40058
ENSMFAG00000023679	46661
ENSMFAG00000023704	24566
ENSMFAG00000023742	70144
ENSMFAG00000023747	23726
ENSMFAG00000023760	15073
ENSMFAG00000023780	36480
ENSMFAG00000023811	93541
ENSMFAG00000023825	60200
ENSMFAG00000023844	25556
ENSMFAG00000023858	41837
ENSMFAG00000023923	52687
ENSMFAG00000023927	51764
ENSMFAG00000023941	33567
ENSMFAG00000023962	81557
ENSMFAG00000023975	1320
ENSMFAG00000024016	77320
ENSMFAG00000024046	32386
ENSMFAG00000024075	30333
ENSMFAG00000024078	75164
ENSMFAG00000024087	59176
ENSMFAG00000024195	25748
ENSMFAG00000024197	49932
ENSMFAG00000024228	60113
ENSMFAG00000024295	24524
ENSMFAG00000024321	95586
ENSMFAG00000024336	55820
ENSMFAG00000024346	71675
ENSMFAG00000024362	46819
ENSMFAG00000024366	56328
ENSMFAG00000024380	11220
ENSMFAG00000024473	40676
ENSMFAG00000024544	85965
ENSMFAG00000024650	33764
ENSMFAG00000024671	71705
ENSMFAG00000024698	67343
ENSMFAG00000024712	8875
ENSMFAG00000024714	31645
ENSMFAG00000024716	57449
ENSMFAG00000024745	38150
ENSMFAG00000024766	70712
ENSMFAG00000024781	70373
ENSMFAG00000024806	16372
ENSMFAG00000024810	52454
ENSMFAG00000024897	96257
ENSMFAG00000024909	78210
ENSMFAG00000024930	12657
ENSMFAG00000024955	27535
ENSMFAG00000024958	8134
ENSMFAG00000024959	80042
ENSMFAG00000024995	42985
ENSMFAG00000025024	28957
ENSMFAG00000025168	59926
ENSMFAG00000025215	88983
ENSMFAG00000025218	52108
ENSMFAG00000025239	13773
ENSMFAG00000025260	67194
ENSMFAG00000025266	14591
ENSMFAG00000025290	3983
ENSMFAG00000025292	15477
ENSMFAG00000025293	16091
ENSMFAG00000025333	42465
ENSMFAG00000025337	28551
ENSMFAG00000025361	6583
ENSMFAG00000025363	34549
ENSMFAG00000025364	1811
ENSMFAG00000025406	53097
ENSMFAG00000025409	2617
ENSMFAG00000025456	95663
ENSMFAG00000025466	2397
ENSMFAG00000025531	28646
ENSMFAG00000025573	10371
ENSMFAG00000025603	90519
ENSMFAG00000025647	80883
ENSMFAG00000025648	66540
ENSMFAG00000025676	77412
ENSMFAG00000025685	3665
ENSMFAG00000025723	80786
ENSMFAG00000025743	41505
ENSMFAG00000025764	88854
ENSMFAG00000025775	53118
ENSMFAG00000025838	59947
ENSMFAG00000025902	72285
ENSMFAG00000025904	27062
ENSMFAG00000025909	27004
ENSMFAG00000025922	97740
ENSMFAG00000025940	88532
ENSMFAG00000025977	84213
ENSMFAG00000025982	86603
ENSMFAG00000025987	10760
ENSMFAG00000026020	22525
ENSMFAG00000026040	67320
ENSMFAG00000026056	63964
ENSMFAG00000026088	55478
ENSMFAG00000026096	81650
ENSMFAG00000026126	62297
ENSMFAG00000026214	30119
ENSMFAG00000026282	15948
ENSMFAG00000026319	68389
ENSMFAG00000026321	1828
ENSMFAG00000026353	4942
ENSMFAG00000026356	86693
ENSMFAG00000026358	70625
ENSMFAG00000026367	3856
ENSMFAG00000026369	33279
ENSMFAG00000026375	51518
ENSMFAG00000026422	37720
ENSMFAG00000026455	59308
ENSMFAG00000026472	87184
ENSMFAG00000026475	75578
ENSMFAG00000026508	5218
ENSMFAG00000026576	65878
ENSMFAG00000026595	9160
ENSMFAG00000026620	77644
ENSMFAG00000026635	94106
ENSMFAG00000026637	19621
ENSMFAG00000026668	99026
ENSMFAG00000026693	78522
ENSMFAG00000026728	19466
ENSMFAG00000026743	71686
ENSMFAG00000026826	61679
ENSMFAG00000026832	87367
ENSMFAG00000026839	69529
ENSMFAG00000026842	32450
ENSMFAG00000026904	99480
ENSMFAG00000026933	72215
ENSMFAG00000026940	98023
ENSMFAG00000026943	14297
ENSMFAG00000026957	36885
ENSMFAG00000026974	17579
ENSMFAG00000026975	92194
ENSMFAG00000026990	1526
ENSMFAG00000027000	38342
ENSMFAG00000027008	49873
ENSMFAG00000027015	27590
ENSMFAG00000027017	45665
ENSMFAG00000027070	56895
ENSMFAG00000027071	37183
ENSMFAG00000027100	38161
ENSMFAG00000027138	19529
ENSMFAG00000027150	76701
ENSMFAG00000027180	6208
ENSMFAG00000027184	30352
ENSMFAG00000027191	27906
ENSMFAG00000027209	11095
ENSMFAG00000027241	66973
ENSMFAG00000027255	98713
ENSMFAG00000027293	24008
ENSMFAG00000027320	49206
ENSMFAG00000027330	16481
ENSMFAG00000027351	62679
ENSMFAG00000027445	89490
ENSMFAG00000027455	37474
ENSMFAG00000027483	38020
ENSMFAG00000027623	18515
ENSMFAG00000027628	64212
ENSMFAG00000027659	25214
ENSMFAG00000027660	94637
ENSMFAG00000027665	35605
ENSMFAG00000027683	99873
ENSMFAG00000027717	21811
ENSMFAG00000027743	41856
ENSMFAG00000027759	58620
ENSMFAG00000027784	26036
ENSMFAG00000027809	31076
ENSMFAG00000027811	47376
ENSMFAG00000027834	42360
ENSMFAG00000027851	71698
ENSMFAG00000027900	60357
ENSMFAG00000027916	60109
ENSMFAG00000027926	28593
ENSMFAG00000027928	44914
ENSMFAG00000027932	55322
ENSMFAG00000027945	4461
ENSMFAG00000027969	55663
ENSMFAG00000027983	42991
ENSMFAG00000027988	4001
ENSMFAG00000027989	14540
ENSMFAG00000028003	40503
ENSMFAG00000028033	72321
ENSMFAG00000028058	61935
ENSMFAG00000028071	95323
ENSMFAG00000028079	72193
ENSMFAG00000028088	44690
ENSMFAG00000028097	80039
ENSMFAG00000028126	89661
ENSMFAG00000028127	5958
ENSMFAG00000028151	94553
ENSMFAG00000028187	78270
ENSMFAG00000028188	98518
ENSMFAG00000028201	89251
ENSMFAG00000028211	83107
ENSMFAG00000028216	12569
ENSMFAG00000028229	47093
ENSMFAG00000028232	36315
ENSMFAG00000028246	1655
ENSMFAG00000028247	27287
ENSMFAG00000028258	90162
ENSMFAG00000028273	74789
ENSMFAG00000028289	59161
ENSMFAG00000028296	15228
ENSMFAG00000028323	21475
ENSMFAG00000028351	41110
ENSMFAG00000028355	72904
ENSMFAG00000028356	67658
ENSMFAG00000028360	30548
ENSMFAG00000028377	50505
ENSMFAG00000028381	23901
ENSMFAG00000028408	69482
ENSMFAG00000028411	41168
ENSMFAG00000028436	89938
ENSMFAG00000028467	89151
ENSMFAG00000028505	954
ENSMFAG00000028528	94194
ENSMFAG00000028542	40617
ENSMFAG00000028579	76595
ENSMFAG00000028584	1564
ENSMFAG00000028585	61687
ENSMFAG00000028589	67870
ENSMFAG00000028600	25672
ENSMFAG00000028610	46713
ENSMFAG00000028614	67374
ENSMFAG00000028630	13667
ENSMFAG00000028668	95538
ENSMFAG00000028669	54252
ENSMFAG00000028672	82069
ENSMFAG00000028677	79552
ENSMFAG00000028681	35875
ENSMFAG00000028725	62600
ENSMFAG00000028726	98656
ENSMFAG00000028746	261
ENSMFAG00000028777	20011
ENSMFAG00000028792	14500
ENSMFAG00000028805	71865
ENSMFAG00000028837	24018
ENSMFAG00000028838	32321
ENSMFAG00000028870	64894
ENSMFAG00000028878	73201
ENSMFAG00000028881	27530
ENSMFAG00000028888	73598
ENSMFAG00000028895	97534
ENSMFAG00000028896	10854
ENSMFAG00000028904	40766
ENSMFAG00000028919	72824
ENSMFAG00000028945	9045
ENSMFAG00000028947	64362
ENSMFAG00000028965	13411
ENSMFAG00000028971	19088
ENSMFAG00000028974	46455
ENSMFAG00000029000	3508
ENSMFAG00000029006	88256
ENSMFAG00000029018	22338
ENSMFAG00000029021	65783
ENSMFAG00000029037	4759
ENSMFAG00000029041	48510
ENSMFAG00000029059	77239
ENSMFAG00000029063	97395
ENSMFAG00000029077	19336
ENSMFAG00000029079	80749
ENSMFAG00000029080	1613
ENSMFAG00000029104	65036
ENSMFAG00000029127	19918
ENSMFAG00000029149	38822
ENSMFAG00000029160	26453
ENSMFAG00000029161	14162
ENSMFAG00000029168	89201
ENSMFAG00000029174	10255
ENSMFAG00000029175	33709
ENSMFAG00000029206	11958
ENSMFAG00000029207	14887
ENSMFAG00000029210	3878
ENSMFAG00000029217	29460
ENSMFAG00000029224	46769
ENSMFAG00000029234	65959
ENSMFAG00000029251	58952
ENSMFAG00000029254	61551
ENSMFAG00000029263	8101
ENSMFAG00000029279	67090
ENSMFAG00000029291	27986
ENSMFAG00000029324	77024
ENSMFAG00000029327	74754
ENSMFAG00000029344	62151
ENSMFAG00000029347	61918
ENSMFAG00000029352	17812
ENSMFAG00000029369	82884
ENSMFAG00000029370	9757
ENSMFAG00000029383	62963
ENSMFAG00000029388	29604
ENSMFAG00000029389	99649
ENSMFAG00000029407	84111
ENSMFAG00000029417	93417
ENSMFAG00000029442	86440
ENSMFAG00000029461	50286
ENSMFAG00000029464	72413
ENSMFAG00000029486	91596
ENSMFAG00000029504	18876
ENSMFAG00000029506	36337
ENSMFAG00000029508	34066
ENSMFAG00000029512	98940
ENSMFAG00000029517	92959
ENSMFAG00000029522	70230
ENSMFAG00000029537	36549
ENSMFAG00000029571	43890
ENSMFAG00000029596	51735
ENSMFAG00000029597	77518
ENSMFAG00000029622	9518
ENSMFAG00000029626	39182
ENSMFAG00000029650	88511
ENSMFAG00000029654	24677
ENSMFAG00000029659	83595
ENSMFAG00000029668	72726
ENSMFAG00000029679	90124
ENSMFAG00000029683	96757
ENSMFAG00000029688	1593
ENSMFAG00000029726	67468
ENSMFAG00000029743	25822
ENSMFAG00000029750	17116
ENSMFAG00000029760	70807
ENSMFAG00000029774	48771
ENSMFAG00000029782	86367
ENSMFAG00000029793	59559
ENSMFAG00000029814	56914
ENSMFAG00000029834	78452
ENSMFAG00000029857	3448
ENSMFAG00000029862	91997
ENSMFAG00000029864	68886
ENSMFAG00000029870	89216
ENSMFAG00000029875	11346
ENSMFAG00000029879	32458
ENSMFAG00000029892	35911
ENSMFAG00000029925	3833
ENSMFAG00000029941	79670
ENSMFAG00000029945	86208
ENSMFAG00000029953	31693
ENSMFAG00000029962	50926
ENSMFAG00000029968	39331
ENSMFAG00000029971	8437
ENSMFAG00000029973	74912
ENSMFAG00000029979	88674
ENSMFAG00000029981	43082
ENSMFAG00000029985	30918
ENSMFAG00000029998	50353
ENSMFAG00000030000	36575
ENSMFAG00000030001	22748
ENSMFAG00000030002	63645
ENSMFAG00000030003	98382
ENSMFAG00000030006	20107
ENSMFAG00000030012	78134
ENSMFAG00000030016	7479
ENSMFAG00000030019	71737
ENSMFAG00000030023	98591
ENSMFAG00000030024	9940
ENSMFAG00000030025	93773
ENSMFAG00000030029	21237
ENSMFAG00000030031	86955
ENSMFAG00000030038	2029
ENSMFAG00000030041	31124
ENSMFAG00000030042	65693
ENSMFAG00000030053	71288
ENSMFAG00000030054	67528
ENSMFAG00000030056	20198
ENSMFAG00000030058	53308
ENSMFAG00000030063	39823
ENSMFAG00000030068	35322
ENSMFAG00000030071	9134
ENSMFAG00000030073	73587
ENSMFAG00000030074	31780
ENSMFAG00000030083	18059
ENSMFAG00000030085	76525
ENSMFAG00000030087	76552
ENSMFAG00000030091	29733
ENSMFAG00000030093	67328
ENSMFAG00000030096	72874
ENSMFAG00000030102	9838
ENSMFAG00000030103	87203
ENSMFAG00000030105	53793
ENSMFAG00000030113	85228
ENSMFAG00000030120	83860
ENSMFAG00000030122	72233
ENSMFAG00000030125	68455
ENSMFAG00000030126	74431
ENSMFAG00000030127	89966
ENSMFAG00000030132	99986
ENSMFAG00000030135	20875
ENSMFAG00000030138	3484
ENSMFAG00000030143	463
ENSMFAG00000030146	58034
ENSMFAG00000030148	86970
ENSMFAG00000030152	49288
ENSMFAG00000030155	13926
ENSMFAG00000030162	57233
ENSMFAG00000030167	79435
ENSMFAG00000030169	23508
ENSMFAG00000030170	79101
ENSMFAG00000030172	63914
ENSMFAG00000030175	92092
ENSMFAG00000030178	57081
ENSMFAG00000030184	51942
ENSMFAG00000030186	9528
ENSMFAG00000030188	94007
ENSMFAG00000030191	51402
ENSMFAG00000030192	2030
ENSMFAG00000030194	87132
ENSMFAG00000030198	18359
ENSMFAG00000030205	99651
ENSMFAG00000030209	74984
ENSMFAG00000030211	34182
ENSMFAG00000030213	65022
ENSMFAG00000030214	67086
ENSMFAG00000030216	89385
ENSMFAG00000030219	18741
ENSMFAG00000030223	33276
ENSMFAG00000030224	83397
ENSMFAG00000030228	47752
ENSMFAG00000030229	71594
ENSMFAG00000030231	64948
ENSMFAG00000030232	44293
ENSMFAG00000030237	16228
ENSMFAG00000030238	89404
ENSMFAG00000030239	12413
ENSMFAG00000030240	11091
ENSMFAG00000030242	61735
ENSMFAG00000030244	45406
ENSMFAG00000030261	92986
ENSMFAG00000030267	51455
ENSMFAG00000030277	22837
ENSMFAG00000030280	22361
ENSMFAG00000030283	79405
ENSMFAG00000030285	64909
ENSMFAG00000030297	90338
ENSMFAG00000030299	2906
ENSMFAG00000030300	49496
ENSMFAG00000030307	43762
ENSMFAG00000030310	17022
ENSMFAG00000030316	85520
ENSMFAG00000030320	31575
ENSMFAG00000030321	69589
ENSMFAG00000030323	23500
ENSMFAG00000030325	58692
ENSMFAG00000030330	49769
ENSMFAG00000030333	73821
ENSMFAG00000030337	20770
ENSMFAG00000030339	89534
ENSMFAG00000030340	81170
ENSMFAG00000030341	48587
ENSMFAG00000030344	67666
ENSMFAG00000030349	80903
ENSMFAG00000030351	76661
ENSMFAG00000030354	80560
ENSMFAG00000030357	93197
ENSMFAG00000030358	31289
ENSMFAG00000030368	32803
ENSMFAG00000030371	1021
ENSMFAG00000030373	32225
ENSMFAG00000030377	85254
ENSMFAG00000030378	10333
ENSMFAG00000030379	38551
ENSMFAG00000030382	51859
ENSMFAG00000030386	60241
ENSMFAG00000030388	45240
ENSMFAG00000030389	22198
ENSMFAG00000030390	72491
ENSMFAG00000030396	99965
ENSMFAG00000030398	87369
ENSMFAG00000030399	48356
ENSMFAG00000030401	66731
ENSMFAG00000030403	42273
ENSMFAG00000030405	5591
ENSMFAG00000030411	15885
ENSMFAG00000030415	78943
ENSMFAG00000030416	10182
ENSMFAG00000030418	19051
ENSMFAG00000030420	56549
ENSMFAG00000030421	99681
ENSMFAG00000030422	3996
ENSMFAG00000030425	72688
ENSMFAG00000030426	49919
ENSMFAG00000030428	46318
ENSMFAG00000030429	28153
ENSMFAG00000030430	26605
ENSMFAG00000030439	99485
ENSMFAG00000030441	93779
ENSMFAG00000030446	13185
ENSMFAG00000030447	57839
ENSMFAG00000030457	68269
ENSMFAG00000030460	6287
ENSMFAG00000030461	97308
ENSMFAG00000030465	83751
ENSMFAG00000030467	3333
ENSMFAG00000030468	52913
ENSMFAG00000030472	22458
ENSMFAG00000030474	54947
ENSMFAG00000030478	25460
ENSMFAG00000030484	21823
ENSMFAG00000030485	49107
ENSMFAG00000030487	81953
ENSMFAG00000030492	30147
ENSMFAG00000030493	96519
ENSMFAG00000030498	90047
ENSMFAG00000030500	81372
ENSMFAG00000030502	8452
ENSMFAG00000030504	98086
ENSMFAG00000030509	39389
ENSMFAG00000030510	78279
ENSMFAG00000030512	31149
ENSMFAG00000030517	7962
ENSMFAG00000030519	98481
ENSMFAG00000030525	76738
ENSMFAG00000030527	8947
ENSMFAG00000030530	36514
ENSMFAG00000030531	76268
ENSMFAG00000030532	97088
ENSMFAG00000030533	88909
ENSMFAG00000030534	28667
ENSMFAG00000030540	91419
ENSMFAG00000030548	85395
ENSMFAG00000030552	75236
ENSMFAG00000030559	56139
ENSMFAG00000030563	27487
ENSMFAG00000030566	35947
ENSMFAG00000030582	61319
ENSMFAG00000030583	10544
ENSMFAG00000030585	98288
ENSMFAG00000030594	61493
ENSMFAG00000030596	39562
ENSMFAG00000030598	80288
ENSMFAG00000030621	61630
ENSMFAG00000030623	17747
ENSMFAG00000030626	93878
ENSMFAG00000030628	16931
ENSMFAG00000030630	40021
ENSMFAG00000030633	40583
ENSMFAG00000030634	6804
ENSMFAG00000030635	23057
ENSMFAG00000030640	85305
ENSMFAG00000030645	12028
ENSMFAG00000030649	78792
ENSMFAG00000030652	54026
ENSMFAG00000030654	90538
ENSMFAG00000030655	98137
ENSMFAG00000030656	58832
ENSMFAG00000030657	42072
ENSMFAG00000030659	15326
ENSMFAG00000030663	2008
ENSMFAG00000030664	73229
ENSMFAG00000030665	44491
ENSMFAG00000030666	57738
ENSMFAG00000030673	11162
ENSMFAG00000030676	90580
ENSMFAG00000030678	3007
ENSMFAG00000030681	74829
ENSMFAG00000030687	76197
ENSMFAG00000030688	43690
ENSMFAG00000030690	76820
ENSMFAG00000030694	56466
ENSMFAG00000030697	11507
ENSMFAG00000030699	46930
ENSMFAG00000030702	8712
ENSMFAG00000030704	79649
ENSMFAG00000030711	57985
ENSMFAG00000030715	42619
ENSMFAG00000030718	70840
ENSMFAG00000030720	62785
ENSMFAG00000030721	23200
ENSMFAG00000030722	79861
ENSMFAG00000030726	56713
ENSMFAG00000030731	29158
ENSMFAG00000030732	72780
ENSMFAG00000030744	12891
ENSMFAG00000030750	90998
ENSMFAG00000030754	26252
ENSMFAG00000030755	13879
ENSMFAG00000030760	61628
ENSMFAG00000030761	24818
ENSMFAG00000030764	84405
ENSMFAG00000030765	26006
ENSMFAG00000030767	26561
ENSMFAG00000030771	97054
ENSMFAG00000030772	67667
ENSMFAG00000030773	61473
ENSMFAG00000030774	30985
ENSMFAG00000030779	8758
ENSMFAG00000030781	68164
ENSMFAG00000030786	68040
ENSMFAG00000030788	80592
ENSMFAG00000030790	17443
ENSMFAG00000030791	88624
ENSMFAG00000030792	88983
ENSMFAG00000030794	69628
ENSMFAG00000030799	8434
ENSMFAG00000030801	22900
ENSMFAG00000030803	11106
ENSMFAG00000030810	66823
ENSMFAG00000030812	28350
ENSMFAG00000030814	93258
ENSMFAG00000030816	91585
ENSMFAG00000030818	20212
ENSMFAG00000030821	4799
ENSMFAG00000030830	18478
ENSMFAG00000030836	95907
ENSMFAG00000030837	36940
ENSMFAG00000030842	32591
ENSMFAG00000030848	64683
ENSMFAG00000030850	62504
ENSMFAG00000030852	51747
ENSMFAG00000030855	82141
ENSMFAG00000030856	8363
ENSMFAG00000030861	63681
ENSMFAG00000030862	23886
ENSMFAG00000030863	88430
ENSMFAG00000030864	41157
ENSMFAG00000030865	56821
ENSMFAG00000030874	78295
ENSMFAG00000030875	89515
ENSMFAG00000030877	30256
ENSMFAG00000030880	10225
ENSMFAG00000030890	25809
ENSMFAG00000030898	73066
ENSMFAG00000030902	82824
ENSMFAG00000030913	37197
ENSMFAG00000030925	11274
ENSMFAG00000030928	95763
ENSMFAG00000030929	99216
ENSMFAG00000030933	20719
ENSMFAG00000030942	80935
ENSMFAG00000030944	91747
ENSMFAG00000030951	35538
ENSMFAG00000030958	24162
ENSMFAG00000030959	32052
ENSMFAG00000030961	7794
ENSMFAG00000030964	88082
ENSMFAG00000030967	35822
ENSMFAG00000030970	35321
ENSMFAG00000030977	351
ENSMFAG00000030984	43353
ENSMFAG00000030990	1346
ENSMFAG00000030997	22713
ENSMFAG00000031009	25202
ENSMFAG00000031015	36858
ENSMFAG00000031024	96334
ENSMFAG00000031032	96793
ENSMFAG00000031034	89920
ENSMFAG00000031052	61154
ENSMFAG00000031056	91499
ENSMFAG00000031069	89346
ENSMFAG00000031083	98926
ENSMFAG00000031089	86768
ENSMFAG00000031092	2794
ENSMFAG00000031095	23201
ENSMFAG00000031099	88968
ENSMFAG00000031106	34780
ENSMFAG00000031119	1020
ENSMFAG00000031120	72002
ENSMFAG00000031125	54398
ENSMFAG00000031126	53001
ENSMFAG00000031135	46073
ENSMFAG00000031138	66566
ENSMFAG00000031148	68690
ENSMFAG00000031152	10009
ENSMFAG00000031157	30212
ENSMFAG00000031168	48007
ENSMFAG00000031170	94466
ENSMFAG00000031179	11548
ENSMFAG00000031181	30422
ENSMFAG00000031187	28199
ENSMFAG00000031194	29752
ENSMFAG00000031202	51272
ENSMFAG00000031203	39679
ENSMFAG00000031209	47430
ENSMFAG00000031210	14815
ENSMFAG00000031223	100026
ENSMFAG00000031225	42717
ENSMFAG00000031238	68047
ENSMFAG00000031239	88551
ENSMFAG00000031240	86212
ENSMFAG00000031244	6255
ENSMFAG00000031245	31962
ENSMFAG00000031253	82446
ENSMFAG00000031266	44730
ENSMFAG00000031268	3746
ENSMFAG00000031279	52445
ENSMFAG00000031284	51251
ENSMFAG00000031285	15854
ENSMFAG00000031287	97911
ENSMFAG00000031292	47746
ENSMFAG00000031297	86299
ENSMFAG00000031299	67085
ENSMFAG00000031310	95329
ENSMFAG00000031317	40435
ENSMFAG00000031319	94652
ENSMFAG00000031324	91885
ENSMFAG00000031338	88448
ENSMFAG00000031340	10122
ENSMFAG00000031350	35512
ENSMFAG00000031353	33632
ENSMFAG00000031355	84085
ENSMFAG00000031377	43765
ENSMFAG00000031388	96163
ENSMFAG00000031396	80393
ENSMFAG00000031405	96377
ENSMFAG00000031407	88719
ENSMFAG00000031415	17975
ENSMFAG00000031420	5485
ENSMFAG00000031430	54486
ENSMFAG00000031431	64158
ENSMFAG00000031440	22370
ENSMFAG00000031441	82811
ENSMFAG00000031453	67113
ENSMFAG00000031459	44901
ENSMFAG00000031469	64736
ENSMFAG00000031476	56050
ENSMFAG00000031477	14308
ENSMFAG00000031491	53740
ENSMFAG00000031495	63769
ENSMFAG00000031509	89108
ENSMFAG00000031511	61383
ENSMFAG00000031519	67999
ENSMFAG00000031533	57701
ENSMFAG00000031537	6955
ENSMFAG00000031551	9331
ENSMFAG00000031562	46402
ENSMFAG00000031564	42155
ENSMFAG00000031569	30774
ENSMFAG00000031571	948
ENSMFAG00000031581	1741
ENSMFAG00000031586	88266
ENSMFAG00000031592	66976
ENSMFAG00000031602	28381
ENSMFAG00000031621	6004
ENSMFAG00000031625	24260
ENSMFAG00000031629	27270
ENSMFAG00000031630	64166
ENSMFAG00000031632	65415
ENSMFAG00000031634	56025
ENSMFAG00000031644	95264
ENSMFAG00000031645	34398
ENSMFAG00000031647	11741
ENSMFAG00000031652	74921
ENSMFAG00000031659	74297
ENSMFAG00000031660	38427
ENSMFAG00000031664	27612
ENSMFAG00000031666	54220
ENSMFAG00000031670	99138
ENSMFAG00000031672	99359
ENSMFAG00000031677	59955
ENSMFAG00000031680	97591
ENSMFAG00000031693	81132
ENSMFAG00000031694	726
ENSMFAG00000031698	83690
ENSMFAG00000031710	97316
ENSMFAG00000031716	588
ENSMFAG00000031724	39831
ENSMFAG00000031734	88115
ENSMFAG00000031736	99691
ENSMFAG00000031739	92975
ENSMFAG00000031740	51777
ENSMFAG00000031744	15879
ENSMFAG00000031745	37106
ENSMFAG00000031746	11273
ENSMFAG00000031747	14212
ENSMFAG00000031748	92540
ENSMFAG00000031751	57763
ENSMFAG00000031760	79413
ENSMFAG00000031764	86534
ENSMFAG00000031765	80976
ENSMFAG00000031773	33544
ENSMFAG00000031776	80005
ENSMFAG00000031778	90181
ENSMFAG00000031781	85444
ENSMFAG00000031785	93887
ENSMFAG00000031810	31156
ENSMFAG00000031811	69242
ENSMFAG00000031828	52242
ENSMFAG00000031843	97710
ENSMFAG00000031855	14846
ENSMFAG00000031862	53193
ENSMFAG00000031864	65468
ENSMFAG00000031866	96403
ENSMFAG00000031871	82829
ENSMFAG00000031883	90870
ENSMFAG00000031891	69512
ENSMFAG00000031902	2701
ENSMFAG00000031907	16047
ENSMFAG00000031914	35532
ENSMFAG00000031918	43283
ENSMFAG00000031941	43230
ENSMFAG00000031950	69908
ENSMFAG00000031951	25160
ENSMFAG00000031965	40997
ENSMFAG00000031967	67882
ENSMFAG00000031969	3862
ENSMFAG00000031971	55944
ENSMFAG00000031973	1608
ENSMFAG00000031995	39046
ENSMFAG00000031996	68153
ENSMFAG00000032002	84770
ENSMFAG00000032005	7213
ENSMFAG00000032013	53515
ENSMFAG00000032018	1333
ENSMFAG00000032023	88015
ENSMFAG00000032029	77711
ENSMFAG00000032043	92914
ENSMFAG00000032047	63343
ENSMFAG00000032050	14377
ENSMFAG00000032059	15475
ENSMFAG00000032060	74302
ENSMFAG00000032063	77976
ENSMFAG00000032068	67178
ENSMFAG00000032070	3088
ENSMFAG00000032071	55520
ENSMFAG00000032072	56650
ENSMFAG00000032073	23071
ENSMFAG00000032074	55864
ENSMFAG00000032078	73214
ENSMFAG00000032086	43006
ENSMFAG00000032087	39825
ENSMFAG00000032095	17303
ENSMFAG00000032101	11680
ENSMFAG00000032122	64684
ENSMFAG00000032123	76203
ENSMFAG00000032127	1093
ENSMFAG00000032129	38338
ENSMFAG00000032133	92247
ENSMFAG00000032140	95722
ENSMFAG00000032148	28919
ENSMFAG00000032153	97024
ENSMFAG00000032172	26534
ENSMFAG00000032173	97908
ENSMFAG00000032176	83762
ENSMFAG00000032178	69640
ENSMFAG00000032180	68020
ENSMFAG00000032186	51795
ENSMFAG00000032196	74576
ENSMFAG00000032208	8684
ENSMFAG00000032214	97027
ENSMFAG00000032225	49068
ENSMFAG00000032234	36737
ENSMFAG00000032249	71909
ENSMFAG00000032250	4060
ENSMFAG00000032252	43304
ENSMFAG00000032258	71056
ENSMFAG00000032266	50471
ENSMFAG00000032273	20061
ENSMFAG00000032280	35055
ENSMFAG00000032281	14582
ENSMFAG00000032293	68586
ENSMFAG00000032296	36394
ENSMFAG00000032302	54657
ENSMFAG00000032309	79948
ENSMFAG00000032317	58533
ENSMFAG00000032318	43988
ENSMFAG00000032324	45118
ENSMFAG00000032327	55454
ENSMFAG00000032336	51412
ENSMFAG00000032337	54807
ENSMFAG00000032338	82888
ENSMFAG00000032346	26431
ENSMFAG00000032348	73783
ENSMFAG00000032353	25411
ENSMFAG00000032358	19842
ENSMFAG00000032360	46638
ENSMFAG00000032379	99655
ENSMFAG00000032384	66046
ENSMFAG00000032389	5673
ENSMFAG00000032391	80218
ENSMFAG00000032403	37285
ENSMFAG00000032404	50102
ENSMFAG00000032408	30164
ENSMFAG00000032410	67660
ENSMFAG00000032413	52603
ENSMFAG00000032415	84787
ENSMFAG00000032416	7311
ENSMFAG00000032417	8444
ENSMFAG00000032419	78867
ENSMFAG00000032425	41326
ENSMFAG00000032430	69366
ENSMFAG00000032436	30517
ENSMFAG00000032439	26130
ENSMFAG00000032440	15665
ENSMFAG00000032456	89173
ENSMFAG00000032459	37908
ENSMFAG00000032482	60219
ENSMFAG00000032483	96482
ENSMFAG00000032484	63137
ENSMFAG00000032490	87076
ENSMFAG00000032492	94015
ENSMFAG00000032495	16763
ENSMFAG00000032502	76947
ENSMFAG00000032504	81156
ENSMFAG00000032506	54771
ENSMFAG00000032508	65447
ENSMFAG00000032510	52727
ENSMFAG00000032513	92835
ENSMFAG00000032518	66027
ENSMFAG00000032528	96483
ENSMFAG00000032532	99173
ENSMFAG00000032534	31605
ENSMFAG00000032548	82289
ENSMFAG00000032553	73812
ENSMFAG00000032569	82639
ENSMFAG00000032571	53673
ENSMFAG00000032573	45190
ENSMFAG00000032575	29982
ENSMFAG00000032579	28714
ENSMFAG00000032581	14602
ENSMFAG00000032582	26938
ENSMFAG00000032611	98365
ENSMFAG00000032614	79657
ENSMFAG00000032617	42242
ENSMFAG00000032621	5715
ENSMFAG00000032622	20844
ENSMFAG00000032628	16367
ENSMFAG00000032632	11041
ENSMFAG00000032633	41562
ENSMFAG00000032635	77388
ENSMFAG00000032656	47586
ENSMFAG00000032657	37493
ENSMFAG00000032669	42038
ENSMFAG00000032670	14435
ENSMFAG00000032691	70914
ENSMFAG00000032695	5197
ENSMFAG00000032696	15761
ENSMFAG00000032700	51051
ENSMFAG00000032704	82605
ENSMFAG00000032710	57118
ENSMFAG00000032713	65197
ENSMFAG00000032714	96067
ENSMFAG00000032716	71313
ENSMFAG00000032717	21167
ENSMFAG00000032719	3067
ENSMFAG00000032720	42604
ENSMFAG00000032741	53899
ENSMFAG00000032754	66498
ENSMFAG00000032755	88050
ENSMFAG00000032766	30241
ENSMFAG00000032782	21539
ENSMFAG00000032786	57407
ENSMFAG00000032795	44075
ENSMFAG00000032797	26137
ENSMFAG00000032800	73291
ENSMFAG00000032805	58311
ENSMFAG00000032808	60440
ENSMFAG00000032817	43303
ENSMFAG00000032828	7728
ENSMFAG00000032838	87293
ENSMFAG00000032840	69440
ENSMFAG00000032859	73795
ENSMFAG00000032864	24039
ENSMFAG00000032868	82923
ENSMFAG00000032884	19419
ENSMFAG00000032887	42898
ENSMFAG00000032898	43207
ENSMFAG00000032899	7378
ENSMFAG00000032900	41605
ENSMFAG00000032901	79325
ENSMFAG00000032902	77824
ENSMFAG00000032916	44678
ENSMFAG00000032920	28985
ENSMFAG00000032938	46124
ENSMFAG00000032944	53820
ENSMFAG00000032948	94954
ENSMFAG00000032950	1706
ENSMFAG00000032951	30815
ENSMFAG00000032952	9391
ENSMFAG00000032954	53156
ENSMFAG00000032961	64078
ENSMFAG00000032964	10182
ENSMFAG00000032969	77965
ENSMFAG00000032977	99181
ENSMFAG00000032990	19492
ENSMFAG00000033000	97036
ENSMFAG00000033006	94828
ENSMFAG00000033008	94025
ENSMFAG00000033025	7328
ENSMFAG00000033033	36576
ENSMFAG00000033043	44664
ENSMFAG00000033049	60746
ENSMFAG00000033052	38429
ENSMFAG00000033055	48792
ENSMFAG00000033057	19836
ENSMFAG00000033062	51190
ENSMFAG00000033063	34524
ENSMFAG00000033068	46821
ENSMFAG00000033069	6060
ENSMFAG00000033075	45024
ENSMFAG00000033090	99912
ENSMFAG00000033093	30441
ENSMFAG00000033095	34309
ENSMFAG00000033096	53860
ENSMFAG00000033104	97531
ENSMFAG00000033115	39382
ENSMFAG00000033121	62460
ENSMFAG00000033126	66696
ENSMFAG00000033128	88291
ENSMFAG00000033130	62178
ENSMFAG00000033136	34853
ENSMFAG00000033141	20458
ENSMFAG00000033153	72116
ENSMFAG00000033157	46224
ENSMFAG00000033160	3850
ENSMFAG00000033161	4622
ENSMFAG00000033165	75346
ENSMFAG00000033168	16751
ENSMFAG00000033189	1943
ENSMFAG00000033190	39653
ENSMFAG00000033197	71587
ENSMFAG00000033199	27150
ENSMFAG00000033200	61777
ENSMFAG00000033206	6515
ENSMFAG00000033211	50391
ENSMFAG00000033212	45587
ENSMFAG00000033222	79772
ENSMFAG00000033224	45335
ENSMFAG00000033226	36565
ENSMFAG00000033247	34752
ENSMFAG00000033250	94889
ENSMFAG00000033257	26287
ENSMFAG00000033269	57992
ENSMFAG00000033273	59976
ENSMFAG00000033280	67719
ENSMFAG00000033287	38804
ENSMFAG00000033288	64730
ENSMFAG00000033289	7540
ENSMFAG00000033292	86870
ENSMFAG00000033294	74865
ENSMFAG00000033295	43875
ENSMFAG00000033299	88019
ENSMFAG00000033311	40511
ENSMFAG00000033313	37179
ENSMFAG00000033314	14696
ENSMFAG00000033318	42037
ENSMFAG00000033320	2833
ENSMFAG00000033321	58829
ENSMFAG00000033322	69457
ENSMFAG00000033328	80696
ENSMFAG00000033331	97689
ENSMFAG00000033334	49913
ENSMFAG00000033342	50839
ENSMFAG00000033345	44733
ENSMFAG00000033347	13339
ENSMFAG00000033348	78581
ENSMFAG00000033349	8908
ENSMFAG00000033357	25951
ENSMFAG00000033361	18107
ENSMFAG00000033366	44645
ENSMFAG00000033367	15541
ENSMFAG00000033382	50555
ENSMFAG00000033384	16511
ENSMFAG00000033385	26687
ENSMFAG00000033399	75421
ENSMFAG00000033402	13269
ENSMFAG00000033417	65727
ENSMFAG00000033419	20850
ENSMFAG00000033420	3869
ENSMFAG00000033434	79211
ENSMFAG00000033437	37587
ENSMFAG00000033440	15537
ENSMFAG00000033444	29290
ENSMFAG00000033448	99557
ENSMFAG00000033459	23394
ENSMFAG00000033462	73281
ENSMFAG00000033466	41898
ENSMFAG00000033472	2923
ENSMFAG00000033486	495
ENSMFAG00000033490	16758
ENSMFAG00000033495	44352
ENSMFAG00000033499	65081
ENSMFAG00000033503	71606
ENSMFAG00000033529	55477
ENSMFAG00000033530	80816
ENSMFAG00000033540	96342
ENSMFAG00000033546	95217
ENSMFAG00000033548	32504
ENSMFAG00000033567	71744
ENSMFAG00000033579	95470
ENSMFAG00000033580	98716
ENSMFAG00000033595	96783
ENSMFAG00000033612	80843
ENSMFAG00000033613	50388
ENSMFAG00000033617	6769
ENSMFAG00000033623	71294
ENSMFAG00000033627	33747
ENSMFAG00000033630	80581
ENSMFAG00000033657	61213
ENSMFAG00000033660	93921
ENSMFAG00000033663	99604
ENSMFAG00000033666	42931
ENSMFAG00000033676	67988
ENSMFAG00000033677	74656
ENSMFAG00000033682	36940
ENSMFAG00000033684	52702
ENSMFAG00000033690	88943
ENSMFAG00000033691	30275
ENSMFAG00000033696	70933
ENSMFAG00000033701	5223
ENSMFAG00000033714	49937
ENSMFAG00000033717	25213
ENSMFAG00000033721	36388
ENSMFAG00000033723	64670
ENSMFAG00000033742	75057
ENSMFAG00000033758	30943
ENSMFAG00000033778	83999
ENSMFAG00000033790	65838
ENSMFAG00000033812	35985
ENSMFAG00000033816	81344
ENSMFAG00000033834	47207
ENSMFAG00000033835	7863
ENSMFAG00000033838	21848
ENSMFAG00000033839	22879
ENSMFAG00000033842	89866
ENSMFAG00000033843	46515
ENSMFAG00000033846	67377
ENSMFAG00000033848	66759
ENSMFAG00000033851	73862
ENSMFAG00000033864	69704
ENSMFAG00000033867	39441
ENSMFAG00000033869	42203
ENSMFAG00000033870	79943
ENSMFAG00000033887	15480
ENSMFAG00000033891	23207
ENSMFAG00000033895	53378
ENSMFAG00000033904	70697
ENSMFAG00000033918	45407
ENSMFAG00000033926	91573
ENSMFAG00000033928	57480
ENSMFAG00000033932	89390
ENSMFAG00000033933	11393
ENSMFAG00000033941	8373
ENSMFAG00000033943	70815
ENSMFAG00000033944	54594
ENSMFAG00000033947	21680
ENSMFAG00000033952	38281
ENSMFAG00000033958	93460
ENSMFAG00000033965	64101
ENSMFAG00000033969	6511
ENSMFAG00000033981	84128
ENSMFAG00000033989	81008
ENSMFAG00000033999	91761
ENSMFAG00000034011	54729
ENSMFAG00000034026	31693
ENSMFAG00000034029	16153
ENSMFAG00000034035	75360
ENSMFAG00000034036	74433
ENSMFAG00000034055	37350
ENSMFAG00000034057	69773
ENSMFAG00000034058	8108
ENSMFAG00000034063	94336
ENSMFAG00000034064	14065
ENSMFAG00000034072	38054
ENSMFAG00000034080	93866
ENSMFAG00000034085	24575
ENSMFAG00000034094	46287
ENSMFAG00000034100	90102
ENSMFAG00000034105	44694
ENSMFAG00000034106	36842
ENSMFAG00000034112	72819
ENSMFAG00000034113	75940
ENSMFAG00000034122	13543
ENSMFAG00000034128	37584
ENSMFAG00000034129	56170
ENSMFAG00000034138	14248
ENSMFAG00000034144	46077
ENSMFAG00000034152	98530
ENSMFAG00000034153	60690
ENSMFAG00000034159	94062
ENSMFAG00000034161	11827
ENSMFAG00000034163	14933
ENSMFAG00000034164	43287
ENSMFAG00000034194	42624
ENSMFAG00000034195	78700
ENSMFAG00000034197	28687
ENSMFAG00000034198	9918
ENSMFAG00000034211	33038
ENSMFAG00000034213	67978
ENSMFAG00000034223	5294
ENSMFAG00000034226	30714
ENSMFAG00000034227	25020
ENSMFAG00000034228	37368
ENSMFAG00000034229	46947
ENSMFAG00000034242	96791
ENSMFAG00000034256	23906
ENSMFAG00000034259	55468
ENSMFAG00000034274	61800
ENSMFAG00000034277	49737
ENSMFAG00000034279	23587
ENSMFAG00000034280	37197
ENSMFAG00000034282	67999
ENSMFAG00000034285	92475
ENSMFAG00000034287	10785
ENSMFAG00000034290	88752
ENSMFAG00000034292	83543
ENSMFAG00000034295	52324
ENSMFAG00000034296	14806
ENSMFAG00000034298	75679
ENSMFAG00000034328	40205
ENSMFAG00000034330	14249
ENSMFAG00000034350	5505
ENSMFAG00000034351	57241
ENSMFAG00000034352	59031
ENSMFAG00000034354	40162
ENSMFAG00000034356	9825
ENSMFAG00000034368	45172
ENSMFAG00000034373	6624
ENSMFAG00000034374	92573
ENSMFAG00000034375	81931
ENSMFAG00000034387	61542
ENSMFAG00000034389	38724
ENSMFAG00000034390	48263
ENSMFAG00000034394	2913
ENSMFAG00000034395	18660
ENSMFAG00000034403	10733
ENSMFAG00000034421	92375
ENSMFAG00000034445	31568
ENSMFAG00000034450	27797
ENSMFAG00000034457	81607
ENSMFAG00000034458	43315
ENSMFAG00000034465	4668
ENSMFAG00000034467	58501
ENSMFAG00000034477	85036
ENSMFAG00000034478	99482
ENSMFAG00000034482	67951
ENSMFAG00000034490	15489
ENSMFAG00000034501	45772
ENSMFAG00000034503	28497
ENSMFAG00000034506	83181
ENSMFAG00000034507	2327
ENSMFAG00000034508	56178
ENSMFAG00000034510	81866
ENSMFAG00000034513	78919
ENSMFAG00000034515	23596
ENSMFAG00000034521	66389
ENSMFAG00000034527	95746
ENSMFAG00000034528	35051
ENSMFAG00000034529	9882
ENSMFAG00000034532	37185
ENSMFAG00000034534	66911
ENSMFAG00000034542	62026
ENSMFAG00000034548	30391
ENSMFAG00000034563	34628
ENSMFAG00000034566	68568
ENSMFAG00000034584	21604
ENSMFAG00000034588	98429
ENSMFAG00000034592	34088
ENSMFAG00000034597	55511
ENSMFAG00000034604	55699
ENSMFAG00000034611	56360
ENSMFAG00000034618	54559
ENSMFAG00000034621	39965
ENSMFAG00000034627	71008
ENSMFAG00000034635	21529
ENSMFAG00000034636	86225
ENSMFAG00000034637	37089
ENSMFAG00000034640	22167
ENSMFAG00000034649	26142
ENSMFAG00000034658	56148
ENSMFAG00000034663	15571
ENSMFAG00000034672	15109
ENSMFAG00000034677	67374
ENSMFAG00000034684	22231
ENSMFAG00000034689	47651
ENSMFAG00000034690	77217
ENSMFAG00000034698	82745
ENSMFAG00000034701	17714
ENSMFAG00000034738	5289
ENSMFAG00000034746	82210
ENSMFAG00000034748	97703
ENSMFAG00000034752	92752
ENSMFAG00000034759	7642
ENSMFAG00000034769	19636
ENSMFAG00000034775	4178
ENSMFAG00000034779	90316
ENSMFAG00000034794	74593
ENSMFAG00000034810	81515
ENSMFAG00000034818	56630
ENSMFAG00000034823	35690
ENSMFAG00000034835	14459
ENSMFAG00000034852	7961
ENSMFAG00000034860	8146
ENSMFAG00000034881	76437
ENSMFAG00000034885	66736
ENSMFAG00000034889	63719
ENSMFAG00000034890	66438
ENSMFAG00000034902	16708
ENSMFAG00000034905	98786
ENSMFAG00000034917	37871
ENSMFAG00000034924	24277
ENSMFAG00000034925	23762
ENSMFAG00000034938	828
ENSMFAG00000034945	68868
ENSMFAG00000034973	3621
ENSMFAG00000034974	57449
ENSMFAG00000034992	48644
ENSMFAG00000034998	3515
ENSMFAG00000034999	37606
ENSMFAG00000035018	28965
ENSMFAG00000035034	67484
ENSMFAG00000035044	53887
ENSMFAG00000035083	38121
ENSMFAG00000035098	39719
ENSMFAG00000035099	75970
ENSMFAG00000035100	96988
ENSMFAG00000035106	6945
ENSMFAG00000035118	30882
ENSMFAG00000035129	65918
ENSMFAG00000035131	86542
ENSMFAG00000035147	25836
ENSMFAG00000035149	34864
ENSMFAG00000035162	17352
ENSMFAG00000035163	54098
ENSMFAG00000035171	84560
ENSMFAG00000035174	15584
ENSMFAG00000035175	59564
ENSMFAG00000035177	79801
ENSMFAG00000035190	38568
ENSMFAG00000035195	46853
ENSMFAG00000035198	92485
ENSMFAG00000035223	87283
ENSMFAG00000035224	48517
ENSMFAG00000035236	66089
ENSMFAG00000035245	48732
ENSMFAG00000035266	85428
ENSMFAG00000035317	57598
ENSMFAG00000035318	54120
ENSMFAG00000035319	54989
ENSMFAG00000035321	63757
ENSMFAG00000035326	46458
ENSMFAG00000035327	76823
ENSMFAG00000035343	12431
ENSMFAG00000035348	37485
ENSMFAG00000035365	70176
ENSMFAG00000035366	78072
ENSMFAG00000035374	7395
ENSMFAG00000035378	75091
ENSMFAG00000035379	69195
ENSMFAG00000035382	82058
ENSMFAG00000035391	21905
ENSMFAG00000035396	97676
ENSMFAG00000035400	43307
ENSMFAG00000035415	11296
ENSMFAG00000035426	44102
ENSMFAG00000035429	22982
ENSMFAG00000035430	95881
ENSMFAG00000035437	58983
ENSMFAG00000035440	39883
ENSMFAG00000035444	16616
ENSMFAG00000035448	42361
ENSMFAG00000035452	80157
ENSMFAG00000035453	72803
ENSMFAG00000035457	79602
ENSMFAG00000035459	64952
ENSMFAG00000035472	92774
ENSMFAG00000035478	78379
ENSMFAG00000035481	66023
ENSMFAG00000035488	6846
ENSMFAG00000035498	17092
ENSMFAG00000035513	70854
ENSMFAG00000035517	94995
ENSMFAG00000035523	36735
ENSMFAG00000035530	4070
ENSMFAG00000035532	68139
ENSMFAG00000035539	10461
ENSMFAG00000035540	68011
ENSMFAG00000035545	5568
ENSMFAG00000035557	56041
ENSMFAG00000035558	32760
ENSMFAG00000035567	83269
ENSMFAG00000035568	22282
ENSMFAG00000035573	8911
ENSMFAG00000035574	79567
ENSMFAG00000035581	29793
ENSMFAG00000035587	43072
ENSMFAG00000035592	27226
ENSMFAG00000035595	56357
ENSMFAG00000035601	76892
ENSMFAG00000035603	74861
ENSMFAG00000035609	58716
ENSMFAG00000035612	82213
ENSMFAG00000035623	86998
ENSMFAG00000035638	80819
ENSMFAG00000035641	82518
ENSMFAG00000035647	55972
ENSMFAG00000035648	28432
ENSMFAG00000035664	23978
ENSMFAG00000035672	88615
ENSMFAG00000035685	59902
ENSMFAG00000035686	12457
ENSMFAG00000035687	7494
ENSMFAG00000035696	33960
ENSMFAG00000035698	74094
ENSMFAG00000035705	33315
ENSMFAG00000035706	16291
ENSMFAG00000035715	45639
ENSMFAG00000035716	94995
ENSMFAG00000035717	73719
ENSMFAG00000035719	92848
ENSMFAG00000035728	86252
ENSMFAG00000035737	91780
ENSMFAG00000035746	46141
ENSMFAG00000035750	69782
ENSMFAG00000035755	59872
ENSMFAG00000035759	75881
ENSMFAG00000035769	94781
ENSMFAG00000035778	15816
ENSMFAG00000035787	22675
ENSMFAG00000035795	36388
ENSMFAG00000035799	55100
ENSMFAG00000035800	3516
ENSMFAG00000035806	45615
ENSMFAG00000035808	81359
ENSMFAG00000035816	54139
ENSMFAG00000035818	65896
ENSMFAG00000035823	94641
ENSMFAG00000035825	8267
ENSMFAG00000035833	19630
ENSMFAG00000035834	12866
ENSMFAG00000035835	69375
ENSMFAG00000035836	50414
ENSMFAG00000035838	92158
ENSMFAG00000035846	11299
ENSMFAG00000035848	89192
ENSMFAG00000035852	55687
ENSMFAG00000035854	33835
ENSMFAG00000035855	23263
ENSMFAG00000035858	20299
ENSMFAG00000035879	52519
ENSMFAG00000035881	94112
ENSMFAG00000035896	94816
ENSMFAG00000035898	85913
ENSMFAG00000035911	58501
ENSMFAG00000035916	66717
ENSMFAG00000035920	81588
ENSMFAG00000035924	46605
ENSMFAG00000035932	96862
ENSMFAG00000035934	45700
ENSMFAG00000035937	31516
ENSMFAG00000035939	12798
ENSMFAG00000035945	23826
ENSMFAG00000035951	81480
ENSMFAG00000035956	61513
ENSMFAG00000035958	39042
ENSMFAG00000035962	4347
ENSMFAG00000035963	99501
ENSMFAG00000035967	13324
ENSMFAG00000035969	65242
ENSMFAG00000035972	57720
ENSMFAG00000035975	37526
ENSMFAG00000035987	2775
ENSMFAG00000035992	351
ENSMFAG00000035994	88249
ENSMFAG00000035995	59858
ENSMFAG00000036000	18609
ENSMFAG00000036006	74615
ENSMFAG00000036008	93424
ENSMFAG00000036042	71230
ENSMFAG00000036043	53434
ENSMFAG00000036056	47663
ENSMFAG00000036062	56072
ENSMFAG00000036069	86839
ENSMFAG00000036077	10093
ENSMFAG00000036092	81887
ENSMFAG00000036093	98131
ENSMFAG00000036098	91792
ENSMFAG00000036100	10853
ENSMFAG00000036101	20312
ENSMFAG00000036103	51056
ENSMFAG00000036105	11532
ENSMFAG00000036108	70879
ENSMFAG00000036110	89762
ENSMFAG00000036111	65436
ENSMFAG00000036113	37429
ENSMFAG00000036125	37750
ENSMFAG00000036127	77674
ENSMFAG00000036129	67015
ENSMFAG00000036130	46308
ENSMFAG00000036136	94351
ENSMFAG00000036138	83380
ENSMFAG00000036140	61605
ENSMFAG00000036151	6684
ENSMFAG00000036164	78230
ENSMFAG00000036167	72814
ENSMFAG00000036170	34666
ENSMFAG00000036184	73081
ENSMFAG00000036186	3292
ENSMFAG00000036198	95728
ENSMFAG00000036203	67237
ENSMFAG00000036248	9148
ENSMFAG00000036271	16805
ENSMFAG00000036272	85481
ENSMFAG00000036275	17287
ENSMFAG00000036286	46400
ENSMFAG00000036288	79932
ENSMFAG00000036289	23730
ENSMFAG00000036290	90286
ENSMFAG00000036291	67029
ENSMFAG00000036292	22175
ENSMFAG00000036293	25690
ENSMFAG00000036295	49011
ENSMFAG00000036298	72225
ENSMFAG00000036300	49408
ENSMFAG00000036305	79412
ENSMFAG00000036308	13754
ENSMFAG00000036309	98595
ENSMFAG00000036314	15090
ENSMFAG00000036315	95223
ENSMFAG00000036316	63407
ENSMFAG00000036318	7064
ENSMFAG00000036339	29675
ENSMFAG00000036340	63342
ENSMFAG00000036345	44194
ENSMFAG00000036349	56772
ENSMFAG00000036355	76300
ENSMFAG00000036360	58236
ENSMFAG00000036361	48803
ENSMFAG00000036371	24186
ENSMFAG00000036376	66615
ENSMFAG00000036384	74118
ENSMFAG00000036388	13794
ENSMFAG00000036397	26124
ENSMFAG00000036404	47661
ENSMFAG00000036406	39602
ENSMFAG00000036411	75011
ENSMFAG00000036436	97147
ENSMFAG00000036442	21530
ENSMFAG00000036445	31660
ENSMFAG00000036454	22143
ENSMFAG00000036455	79990
ENSMFAG00000036465	94278
ENSMFAG00000036470	27138
ENSMFAG00000036475	70325
ENSMFAG00000036485	86205
ENSMFAG00000036486	48410
ENSMFAG00000036487	84798
ENSMFAG00000036489	72583
ENSMFAG00000036494	70133
ENSMFAG00000036497	58727
ENSMFAG00000036502	522
ENSMFAG00000036505	14890
ENSMFAG00000036510	37520
ENSMFAG00000036512	97543
ENSMFAG00000036514	75820
ENSMFAG00000036516	37199
ENSMFAG00000036530	98987
ENSMFAG00000036539	55300
ENSMFAG00000036551	52457
ENSMFAG00000036553	66391
ENSMFAG00000036556	42201
ENSMFAG00000036561	22608
ENSMFAG00000036579	52647
ENSMFAG00000036580	84625
ENSMFAG00000036618	45648
ENSMFAG00000036622	65355
ENSMFAG00000036624	28590
ENSMFAG00000036636	99993
ENSMFAG00000036649	73174
ENSMFAG00000036651	25781
ENSMFAG00000036667	31250
ENSMFAG00000036677	55727
ENSMFAG00000036679	26192
ENSMFAG00000036680	88205
ENSMFAG00000036681	41120
ENSMFAG00000036686	2253
ENSMFAG00000036703	90011
ENSMFAG00000036704	48186
ENSMFAG00000036706	13846
ENSMFAG00000036707	77546
ENSMFAG00000036722	9960
ENSMFAG00000036724	89089
ENSMFAG00000036734	85991
ENSMFAG00000036735	54970
ENSMFAG00000036742	76183
ENSMFAG00000036748	87741
ENSMFAG00000036749	2012
ENSMFAG00000036754	2378
ENSMFAG00000036784	73013
ENSMFAG00000036801	7570
ENSMFAG00000036810	2767
ENSMFAG00000036811	97751
ENSMFAG00000036814	38769
ENSMFAG00000036815	38164
ENSMFAG00000036816	86115
ENSMFAG00000036821	43052
ENSMFAG00000036830	89602
ENSMFAG00000036838	43610
ENSMFAG00000036843	16611
ENSMFAG00000036846	97171
ENSMFAG00000036851	18734
ENSMFAG00000036865	81999
ENSMFAG00000036866	24736
ENSMFAG00000036868	92509
ENSMFAG00000036885	23425
ENSMFAG00000036888	72651
ENSMFAG00000036902	10072
ENSMFAG00000036904	31424
ENSMFAG00000036905	43516
ENSMFAG00000036910	3358
ENSMFAG00000036924	53713
ENSMFAG00000036930	57223
ENSMFAG00000036948	86420
ENSMFAG00000036951	62551
ENSMFAG00000036954	39617
ENSMFAG00000036956	31596
ENSMFAG00000036964	71828
ENSMFAG00000036975	55838
ENSMFAG00000036985	9349
ENSMFAG00000036986	14155
ENSMFAG00000036987	94240
ENSMFAG00000037001	74262
ENSMFAG00000037006	15746
ENSMFAG00000037007	6190
ENSMFAG00000037017	9111
ENSMFAG00000037020	70850
ENSMFAG00000037035	5021
ENSMFAG00000037043	15304
ENSMFAG00000037049	58328
ENSMFAG00000037074	30630
ENSMFAG00000037075	14065
ENSMFAG00000037076	98888
ENSMFAG00000037084	6842
ENSMFAG00000037086	21644
ENSMFAG00000037087	97835
ENSMFAG00000037097	73161
ENSMFAG00000037110	91458
ENSMFAG00000037113	3572
ENSMFAG00000037121	51361
ENSMFAG00000037132	2016
ENSMFAG00000037139	83714
ENSMFAG00000037149	76975
ENSMFAG00000037151	42965
ENSMFAG00000037164	12662
ENSMFAG00000037177	90732
ENSMFAG00000037178	65842
ENSMFAG00000037180	37719
ENSMFAG00000037187	12058
ENSMFAG00000037188	15458
ENSMFAG00000037192	44749
ENSMFAG00000037195	57879
ENSMFAG00000037217	42707
ENSMFAG00000037234	598
ENSMFAG00000037240	83099
ENSMFAG00000037243	18599
ENSMFAG00000037246	74052
ENSMFAG00000037250	51461
ENSMFAG00000037251	88603
ENSMFAG00000037254	74743
ENSMFAG00000037263	27300
ENSMFAG00000037272	34022
ENSMFAG00000037283	33082
ENSMFAG00000037289	441
ENSMFAG00000037290	39475
ENSMFAG00000037304	7330
ENSMFAG00000037321	4459
ENSMFAG00000037336	61162
ENSMFAG00000037339	17935
ENSMFAG00000037340	82551
ENSMFAG00000037355	2733
ENSMFAG00000037366	24925
ENSMFAG00000037370	87745
ENSMFAG00000037373	48662
ENSMFAG00000037375	5754
ENSMFAG00000037377	48646
ENSMFAG00000037379	94550
ENSMFAG00000037385	83511
ENSMFAG00000037388	1506
ENSMFAG00000037395	67234
ENSMFAG00000037400	45996
ENSMFAG00000037422	99849
ENSMFAG00000037426	44622
ENSMFAG00000037443	26473
ENSMFAG00000037451	1999
ENSMFAG00000037460	100050
ENSMFAG00000037467	40883
ENSMFAG00000037468	96273
ENSMFAG00000037469	99087
ENSMFAG00000037472	53400
ENSMFAG00000037473	62366
ENSMFAG00000037475	46499
ENSMFAG00000037476	81835
ENSMFAG00000037477	63831
ENSMFAG00000037484	80066
ENSMFAG00000037498	60279
ENSMFAG00000037502	64402
ENSMFAG00000037507	40351
ENSMFAG00000037511	31068
ENSMFAG00000037514	39011
ENSMFAG00000037518	25906
ENSMFAG00000037523	70846
ENSMFAG00000037524	47025
ENSMFAG00000037525	6805
ENSMFAG00000037528	83989
ENSMFAG00000037529	72521
ENSMFAG00000037534	33420
ENSMFAG00000037549	28385
ENSMFAG00000037550	8926
ENSMFAG00000037553	13587
ENSMFAG00000037557	88226
ENSMFAG00000037558	91277
ENSMFAG00000037563	61155
ENSMFAG00000037564	55319
ENSMFAG00000037565	58556
ENSMFAG00000037573	7254
ENSMFAG00000037576	66196
ENSMFAG00000037577	86047
ENSMFAG00000037578	22049
ENSMFAG00000037584	71189
ENSMFAG00000037587	69090
ENSMFAG00000037588	85760
ENSMFAG00000037594	37366
ENSMFAG00000037596	41285
ENSMFAG00000037619	70736
ENSMFAG00000037626	31333
ENSMFAG00000037633	61008
ENSMFAG00000037634	75417
ENSMFAG00000037635	3663
ENSMFAG00000037636	23782
ENSMFAG00000037643	90320
ENSMFAG00000037649	39530
ENSMFAG00000037654	36246
ENSMFAG00000037660	27490
ENSMFAG00000037665	41610
ENSMFAG00000037671	16856
ENSMFAG00000037672	9263
ENSMFAG00000037680	25730
ENSMFAG00000037683	46671
ENSMFAG00000037686	57074
ENSMFAG00000037687	83327
ENSMFAG00000037689	94206
ENSMFAG00000037692	22797
ENSMFAG00000037705	4205
ENSMFAG00000037706	13222
ENSMFAG00000037717	5587
ENSMFAG00000037719	79063
ENSMFAG00000037720	17180
ENSMFAG00000037725	30339
ENSMFAG00000037727	16851
ENSMFAG00000037730	22530
ENSMFAG00000037747	59966
ENSMFAG00000037758	95708
ENSMFAG00000037759	54049
ENSMFAG00000037761	21318
ENSMFAG00000037767	71688
ENSMFAG00000037772	42693
ENSMFAG00000037777	52364
ENSMFAG00000037779	85883
ENSMFAG00000037784	75794
ENSMFAG00000037790	92826
ENSMFAG00000037793	34537
ENSMFAG00000037795	99874
ENSMFAG00000037796	52408
ENSMFAG00000037798	75754
ENSMFAG00000037807	82378
ENSMFAG00000037811	56108
ENSMFAG00000037821	48247
ENSMFAG00000037829	88274
ENSMFAG00000037838	5666
ENSMFAG00000037843	4142
ENSMFAG00000037847	8972
ENSMFAG00000037849	73256
ENSMFAG00000037852	26939
ENSMFAG00000037864	99641
ENSMFAG00000037872	39209
ENSMFAG00000037878	51483
ENSMFAG00000037886	15550
ENSMFAG00000037887	63818
ENSMFAG00000037909	28133
ENSMFAG00000037913	13532
ENSMFAG00000037921	94770
ENSMFAG00000037923	75490
ENSMFAG00000037924	1034
ENSMFAG00000037932	94019
ENSMFAG00000037935	47370
ENSMFAG00000037942	45036
ENSMFAG00000037947	55374
ENSMFAG00000037949	77336
ENSMFAG00000037977	36863
ENSMFAG00000037981	18216
ENSMFAG00000038002	86773
ENSMFAG00000038004	27477
ENSMFAG00000038008	46430
ENSMFAG00000038016	28645
ENSMFAG00000038018	511
ENSMFAG00000038034	57198
ENSMFAG00000038039	38771
ENSMFAG00000038049	97331
ENSMFAG00000038062	15005
ENSMFAG00000038063	34873
ENSMFAG00000038075	12699
ENSMFAG00000038077	78237
ENSMFAG00000038081	45459
ENSMFAG00000038087	29231
ENSMFAG00000038089	30192
ENSMFAG00000038092	5557
ENSMFAG00000038094	90322
ENSMFAG00000038096	87998
ENSMFAG00000038098	21585
ENSMFAG00000038107	90132
ENSMFAG00000038109	94564
ENSMFAG00000038110	99649
ENSMFAG00000038113	91503
ENSMFAG00000038131	47095
ENSMFAG00000038138	88632
ENSMFAG00000038147	35747
ENSMFAG00000038166	90566
ENSMFAG00000038171	69780
ENSMFAG00000038180	35966
ENSMFAG00000038182	65790
ENSMFAG00000038186	96892
ENSMFAG00000038190	488
ENSMFAG00000038223	59796
ENSMFAG00000038228	59481
ENSMFAG00000038231	88708
ENSMFAG00000038235	74531
ENSMFAG00000038241	39997
ENSMFAG00000038252	87870
ENSMFAG00000038253	21454
ENSMFAG00000038258	40033
ENSMFAG00000038259	95901
ENSMFAG00000038262	22341
ENSMFAG00000038277	22182
ENSMFAG00000038296	87502
ENSMFAG00000038302	73677
ENSMFAG00000038303	47446
ENSMFAG00000038323	84002
ENSMFAG00000038324	18276
ENSMFAG00000038332	80044
ENSMFAG00000038346	37632
ENSMFAG00000038351	54042
ENSMFAG00000038367	73850
ENSMFAG00000038371	24648
ENSMFAG00000038374	71988
ENSMFAG00000038375	42069
ENSMFAG00000038381	58095
ENSMFAG00000038382	89511
ENSMFAG00000038384	6491
ENSMFAG00000038395	60039
ENSMFAG00000038402	32083
ENSMFAG00000038404	23943
ENSMFAG00000038408	41912
ENSMFAG00000038418	43782
ENSMFAG00000038428	23394
ENSMFAG00000038454	94169
ENSMFAG00000038458	81028
ENSMFAG00000038464	80849
ENSMFAG00000038471	11588
ENSMFAG00000038501	8062
ENSMFAG00000038502	34661
ENSMFAG00000038508	58730
ENSMFAG00000038511	89340
ENSMFAG00000038515	27419
ENSMFAG00000038518	9118
ENSMFAG00000038524	14828
ENSMFAG00000038539	8394
ENSMFAG00000038547	52458
ENSMFAG00000038558	51031
ENSMFAG00000038561	82525
ENSMFAG00000038571	72256
ENSMFAG00000038594	54563
ENSMFAG00000038595	93804
ENSMFAG00000038618	32248
ENSMFAG00000038631	44826
ENSMFAG00000038636	51118
ENSMFAG00000038637	39334
ENSMFAG00000038645	9968
ENSMFAG00000038649	61526
ENSMFAG00000038653	23153
ENSMFAG00000038657	12571
ENSMFAG00000038659	81055
ENSMFAG00000038664	27500
ENSMFAG00000038669	64863
ENSMFAG00000038673	84167
ENSMFAG00000038678	76287
ENSMFAG00000038684	28264
ENSMFAG00000038688	89897
ENSMFAG00000038691	37310
ENSMFAG00000038698	48014
ENSMFAG00000038700	52372
ENSMFAG00000038704	35307
ENSMFAG00000038708	22719
ENSMFAG00000038716	39486
ENSMFAG00000038718	77329
ENSMFAG00000038719	24471
ENSMFAG00000038721	53169
ENSMFAG00000038726	9224
ENSMFAG00000038734	47465
ENSMFAG00000038746	14855
ENSMFAG00000038750	38763
ENSMFAG00000038755	79664
ENSMFAG00000038761	19739
ENSMFAG00000038765	34804
ENSMFAG00000038767	63870
ENSMFAG00000038769	61264
ENSMFAG00000038775	57496
ENSMFAG00000038777	2620
ENSMFAG00000038801	46117
ENSMFAG00000038803	26213
ENSMFAG00000038812	95755
ENSMFAG00000038814	33909
ENSMFAG00000038815	20760
ENSMFAG00000038816	79199
ENSMFAG00000038819	18780
ENSMFAG00000038824	77131
ENSMFAG00000038830	7141
ENSMFAG00000038836	54669
ENSMFAG00000038841	30700
ENSMFAG00000038879	74436
ENSMFAG00000038883	51778
ENSMFAG00000038884	26956
ENSMFAG00000038888	21566
ENSMFAG00000038903	40288
ENSMFAG00000038911	15258
ENSMFAG00000038912	75341
ENSMFAG00000038917	57963
ENSMFAG00000038933	26445
ENSMFAG00000038944	52914
ENSMFAG00000038952	64842
ENSMFAG00000038956	81920
ENSMFAG00000038977	36969
ENSMFAG00000038979	50048
ENSMFAG00000038980	61710
ENSMFAG00000038983	30633
ENSMFAG00000038984	5577
ENSMFAG00000038987	84761
ENSMFAG00000039006	92240
ENSMFAG00000039007	40402
ENSMFAG00000039015	43297
ENSMFAG00000039020	16193
ENSMFAG00000039031	41450
ENSMFAG00000039035	39480
ENSMFAG00000039044	86356
ENSMFAG00000039046	80927
ENSMFAG00000039053	46081
ENSMFAG00000039061	84811
ENSMFAG00000039064	79735
ENSMFAG00000039067	60053
ENSMFAG00000039068	23463
ENSMFAG00000039092	54935
ENSMFAG00000039095	3837
ENSMFAG00000039099	45939
ENSMFAG00000039103	3388
ENSMFAG00000039105	63495
ENSMFAG00000039108	94256
ENSMFAG00000039110	79947
ENSMFAG00000039121	53351
ENSMFAG00000039123	14319
ENSMFAG00000039127	79041
ENSMFAG00000039133	85257
ENSMFAG00000039135	56760
ENSMFAG00000039144	46070
ENSMFAG00000039145	14183
ENSMFAG00000039146	45203
ENSMFAG00000039150	37488
ENSMFAG00000039164	2634
ENSMFAG00000039168	87953
ENSMFAG00000039170	77031
ENSMFAG00000039174	5764
ENSMFAG00000039180	16109
ENSMFAG00000039181	14845
ENSMFAG00000039182	95193
ENSMFAG00000039183	15048
ENSMFAG00000039190	94909
ENSMFAG00000039191	78019
ENSMFAG00000039196	62742
ENSMFAG00000039207	12776
ENSMFAG00000039208	47114
ENSMFAG00000039221	7597
ENSMFAG00000039222	3085
ENSMFAG00000039224	26885
ENSMFAG00000039228	41736
ENSMFAG00000039254	85431
ENSMFAG00000039261	45649
ENSMFAG00000039264	84453
ENSMFAG00000039267	37367
ENSMFAG00000039281	70474
ENSMFAG00000039289	43611
ENSMFAG00000039297	27392
ENSMFAG00000039304	96204
ENSMFAG00000039306	98909
ENSMFAG00000039310	99200
ENSMFAG00000039312	43009
ENSMFAG00000039315	62627
ENSMFAG00000039322	74071
ENSMFAG00000039325	11770
ENSMFAG00000039327	15417
ENSMFAG00000039329	2178
ENSMFAG00000039330	39613
ENSMFAG00000039331	25419
ENSMFAG00000039348	16576
ENSMFAG00000039349	61326
ENSMFAG00000039360	41475
ENSMFAG00000039363	59554
ENSMFAG00000039371	67103
ENSMFAG00000039376	69145
ENSMFAG00000039391	21579
ENSMFAG00000039393	27828
ENSMFAG00000039394	76484
ENSMFAG00000039395	26932
ENSMFAG00000039401	49232
ENSMFAG00000039409	92300
ENSMFAG00000039432	33132
ENSMFAG00000039433	54205
ENSMFAG00000039438	66638
ENSMFAG00000039439	33666
ENSMFAG00000039456	73415
ENSMFAG00000039465	43445
ENSMFAG00000039487	44162
ENSMFAG00000039495	63018
ENSMFAG00000039504	23409
ENSMFAG00000039508	69715
ENSMFAG00000039510	58913
ENSMFAG00000039523	96392
ENSMFAG00000039524	70145
ENSMFAG00000039533	84346
ENSMFAG00000039537	17743
ENSMFAG00000039540	29558
ENSMFAG00000039554	11995
ENSMFAG00000039556	73209
ENSMFAG00000039563	57712
ENSMFAG00000039565	96124
ENSMFAG00000039570	65704
ENSMFAG00000039574	11638
ENSMFAG00000039589	46160
ENSMFAG00000039591	49747
ENSMFAG00000039595	35473
ENSMFAG00000039602	79032
ENSMFAG00000039608	12652
ENSMFAG00000039609	7430
ENSMFAG00000039610	17690
ENSMFAG00000039614	21758
ENSMFAG00000039626	6626
ENSMFAG00000039641	94226
ENSMFAG00000039648	75953
ENSMFAG00000039652	42043
ENSMFAG00000039653	43777
ENSMFAG00000039667	98596
ENSMFAG00000039668	97226
ENSMFAG00000039671	42626
ENSMFAG00000039679	57663
ENSMFAG00000039693	61620
ENSMFAG00000039705	16750
ENSMFAG00000039707	11851
ENSMFAG00000039715	73208
ENSMFAG00000039727	56896
ENSMFAG00000039736	73872
ENSMFAG00000039745	31396
ENSMFAG00000039753	1837
ENSMFAG00000039768	72011
ENSMFAG00000039776	97122
ENSMFAG00000039783	84678
ENSMFAG00000039785	97690
ENSMFAG00000039796	51272
ENSMFAG00000039800	55235
ENSMFAG00000039812	18988
ENSMFAG00000039814	21111
ENSMFAG00000039827	46026
ENSMFAG00000039828	33359
ENSMFAG00000039829	38742
ENSMFAG00000039830	20744
ENSMFAG00000039836	45399
ENSMFAG00000039841	70514
ENSMFAG00000039848	24575
ENSMFAG00000039851	84301
ENSMFAG00000039857	67721
ENSMFAG00000039861	43844
ENSMFAG00000039862	61940
ENSMFAG00000039863	78024
ENSMFAG00000039865	10564
ENSMFAG00000039878	28160
ENSMFAG00000039879	16498
ENSMFAG00000039886	28112
ENSMFAG00000039890	99121
ENSMFAG00000039899	70715
ENSMFAG00000039909	91492
ENSMFAG00000039911	97991
ENSMFAG00000039914	23862
ENSMFAG00000039929	60327
ENSMFAG00000039934	22872
ENSMFAG00000039944	53042
ENSMFAG00000039954	99330
ENSMFAG00000039961	18640
ENSMFAG00000039972	31551
ENSMFAG00000039976	92728
ENSMFAG00000039979	96459
ENSMFAG00000039986	7501
ENSMFAG00000039989	92881
ENSMFAG00000039990	4179
ENSMFAG00000039994	75970
ENSMFAG00000040007	38259
ENSMFAG00000040020	39185
ENSMFAG00000040021	4846
ENSMFAG00000040029	25686
ENSMFAG00000040042	78763
ENSMFAG00000040049	68717
ENSMFAG00000040050	62092
ENSMFAG00000040051	17234
ENSMFAG00000040054	29545
ENSMFAG00000040055	95550
ENSMFAG00000040070	55238
ENSMFAG00000040072	17711
ENSMFAG00000040084	81980
ENSMFAG00000040088	86636
ENSMFAG00000040092	92167
ENSMFAG00000040096	82207
ENSMFAG00000040101	22735
ENSMFAG00000040102	52464
ENSMFAG00000040129	10290
ENSMFAG00000040131	31763
ENSMFAG00000040132	2041
ENSMFAG00000040135	67343
ENSMFAG00000040159	37713
ENSMFAG00000040162	2177
ENSMFAG00000040163	63372
ENSMFAG00000040177	91503
ENSMFAG00000040187	39707
ENSMFAG00000040190	80326
ENSMFAG00000040193	62310
ENSMFAG00000040196	27247
ENSMFAG00000040197	68341
ENSMFAG00000040209	38609
ENSMFAG00000040216	74366
ENSMFAG00000040220	81463
ENSMFAG00000040242	95865
ENSMFAG00000040244	65385
ENSMFAG00000040246	59942
ENSMFAG00000040254	29265
ENSMFAG00000040255	8614
ENSMFAG00000040260	78627
ENSMFAG00000040268	35038
ENSMFAG00000040282	81076
ENSMFAG00000040287	98080
ENSMFAG00000040295	13875
ENSMFAG00000040297	11566
ENSMFAG00000040301	4201
ENSMFAG00000040308	94374
ENSMFAG00000040310	93394
ENSMFAG00000040325	41951
ENSMFAG00000040333	24733
ENSMFAG00000040340	66753
ENSMFAG00000040354	83025
ENSMFAG00000040362	35066
ENSMFAG00000040370	501
ENSMFAG00000040375	76730
ENSMFAG00000040387	63830
ENSMFAG00000040389	40656
ENSMFAG00000040422	20858
ENSMFAG00000040430	78551
ENSMFAG00000040442	91388
ENSMFAG00000040446	29230
ENSMFAG00000040449	83202
ENSMFAG00000040453	91385
ENSMFAG00000040474	92487
ENSMFAG00000040479	52605
ENSMFAG00000040480	87112
ENSMFAG00000040487	70376
ENSMFAG00000040499	19946
ENSMFAG00000040500	70914
ENSMFAG00000040501	83489
ENSMFAG00000040504	11658
ENSMFAG00000040514	76150
ENSMFAG00000040524	78788
ENSMFAG00000040530	87135
ENSMFAG00000040533	88571
ENSMFAG00000040534	78857
ENSMFAG00000040547	14274
ENSMFAG00000040549	54062
ENSMFAG00000040554	957
ENSMFAG00000040566	5322
ENSMFAG00000040595	43553
ENSMFAG00000040603	68675
ENSMFAG00000040606	31365
ENSMFAG00000040614	6769
ENSMFAG00000040622	61209
ENSMFAG00000040623	93170
ENSMFAG00000040629	94033
ENSMFAG00000040640	17549
ENSMFAG00000040641	54371
ENSMFAG00000040644	56914
ENSMFAG00000040648	5480
ENSMFAG00000040652	37664
ENSMFAG00000040656	14646
ENSMFAG00000040662	36678
ENSMFAG00000040671	82023
ENSMFAG00000040682	86709
ENSMFAG00000040691	73473
ENSMFAG00000040697	41859
ENSMFAG00000040700	9297
ENSMFAG00000040719	67198
ENSMFAG00000040723	34501
ENSMFAG00000040739	54939
ENSMFAG00000040743	71115
ENSMFAG00000040746	81303
ENSMFAG00000040747	1948
ENSMFAG00000040748	9723
ENSMFAG00000040749	72525
ENSMFAG00000040760	514
ENSMFAG00000040764	64881
ENSMFAG00000040793	5883
ENSMFAG00000040795	28185
ENSMFAG00000040798	79608
ENSMFAG00000040800	67334
ENSMFAG00000040817	30160
ENSMFAG00000040821	63467
ENSMFAG00000040852	37297
ENSMFAG00000040854	55587
ENSMFAG00000040859	15019
ENSMFAG00000040867	95262
ENSMFAG00000040877	42732
ENSMFAG00000040879	36366
ENSMFAG00000040898	17085
ENSMFAG00000040906	62037
ENSMFAG00000040912	67152
ENSMFAG00000040913	44515
ENSMFAG00000040916	76946
ENSMFAG00000040918	72452
ENSMFAG00000040919	85956
ENSMFAG00000040922	34409
ENSMFAG00000040936	11632
ENSMFAG00000040937	72719
ENSMFAG00000040941	66436
ENSMFAG00000040946	67414
ENSMFAG00000040951	27734
ENSMFAG00000040955	37304
ENSMFAG00000040963	55835
ENSMFAG00000040967	65293
ENSMFAG00000040972	66285
ENSMFAG00000040975	90584
ENSMFAG00000040984	53033
ENSMFAG00000040991	57139
ENSMFAG00000040995	22062
ENSMFAG00000040999	18652
ENSMFAG00000041009	20665
ENSMFAG00000041011	20438
ENSMFAG00000041014	87909
ENSMFAG00000041021	97280
ENSMFAG00000041024	5572
ENSMFAG00000041026	92868
ENSMFAG00000041029	23355
ENSMFAG00000041035	60642
ENSMFAG00000041039	19459
ENSMFAG00000041050	25206
ENSMFAG00000041052	73973
ENSMFAG00000041053	95115
ENSMFAG00000041057	8351
ENSMFAG00000041059	85618
ENSMFAG00000041060	13924
ENSMFAG00000041062	69719
ENSMFAG00000041063	77880
ENSMFAG00000041073	66985
ENSMFAG00000041074	71695
ENSMFAG00000041075	78240
ENSMFAG00000041076	12404
ENSMFAG00000041080	6707
ENSMFAG00000041081	3048
ENSMFAG00000041082	83746
ENSMFAG00000041085	2113
ENSMFAG00000041093	30361
ENSMFAG00000041094	23100
ENSMFAG00000041103	31600
ENSMFAG00000041107	53287
ENSMFAG00000041113	47046
ENSMFAG00000041116	67292
ENSMFAG00000041127	15188
ENSMFAG00000041139	66376
ENSMFAG00000041140	34447
ENSMFAG00000041164	98217
ENSMFAG00000041165	25439
ENSMFAG00000041167	36097
ENSMFAG00000041168	27110
ENSMFAG00000041175	35677
ENSMFAG00000041183	75544
ENSMFAG00000041188	16272
ENSMFAG00000041189	54645
ENSMFAG00000041190	88089
ENSMFAG00000041199	1887
ENSMFAG00000041204	93063
ENSMFAG00000041211	71740
ENSMFAG00000041213	26441
ENSMFAG00000041214	60908
ENSMFAG00000041234	54143
ENSMFAG00000041242	73482
ENSMFAG00000041255	37003
ENSMFAG00000041256	2131
ENSMFAG00000041262	36801
ENSMFAG00000041266	26351
ENSMFAG00000041267	51247
ENSMFAG00000041277	98868
ENSMFAG00000041280	56828
ENSMFAG00000041281	32484
ENSMFAG00000041284	47268
ENSMFAG00000041286	78492
ENSMFAG00000041298	22982
ENSMFAG00000041299	79274
ENSMFAG00000041300	33227
ENSMFAG00000041305	94963
ENSMFAG00000041309	9993
ENSMFAG00000041316	97538
ENSMFAG00000041318	39098
ENSMFAG00000041319	15373
ENSMFAG00000041322	35168
ENSMFAG00000041324	21597
ENSMFAG00000041342	46203
ENSMFAG00000041351	31335
ENSMFAG00000041352	7534
ENSMFAG00000041353	32673
ENSMFAG00000041366	13379
ENSMFAG00000041373	56015
ENSMFAG00000041375	4699
ENSMFAG00000041383	91351
ENSMFAG00000041389	61400
ENSMFAG00000041398	4909
ENSMFAG00000041400	8999
ENSMFAG00000041412	88331
ENSMFAG00000041417	60288
ENSMFAG00000041425	10961
ENSMFAG00000041426	86869
ENSMFAG00000041438	58157
ENSMFAG00000041441	81024
ENSMFAG00000041443	65794
ENSMFAG00000041445	15690
ENSMFAG00000041446	45841
ENSMFAG00000041448	8069
ENSMFAG00000041463	51450
ENSMFAG00000041485	96941
ENSMFAG00000041489	31123
ENSMFAG00000041502	22012
ENSMFAG00000041503	57238
ENSMFAG00000041518	87437
ENSMFAG00000041521	15572
ENSMFAG00000041528	14937
ENSMFAG00000041535	3246
ENSMFAG00000041553	35168
ENSMFAG00000041554	8941
ENSMFAG00000041560	95510
ENSMFAG00000041567	3147
ENSMFAG00000041571	45413
ENSMFAG00000041574	43734
ENSMFAG00000041576	49841
ENSMFAG00000041577	42424
ENSMFAG00000041584	9031
ENSMFAG00000041600	61571
ENSMFAG00000041602	49531
ENSMFAG00000041610	67479
ENSMFAG00000041611	34163
ENSMFAG00000041617	60210
ENSMFAG00000041623	69187
ENSMFAG00000041626	369
ENSMFAG00000041629	83512
ENSMFAG00000041633	77711
ENSMFAG00000041638	65218
ENSMFAG00000041640	30669
ENSMFAG00000041664	10743
ENSMFAG00000041667	48738
ENSMFAG00000041668	76540
ENSMFAG00000041673	97543
ENSMFAG00000041682	57499
ENSMFAG00000041684	56164
ENSMFAG00000041704	90239
ENSMFAG00000041708	2939
ENSMFAG00000041709	91805
ENSMFAG00000041713	53942
ENSMFAG00000041714	34485
ENSMFAG00000041715	60314
ENSMFAG00000041717	6519
ENSMFAG00000041719	62942
ENSMFAG00000041720	86058
ENSMFAG00000041732	22547
ENSMFAG00000041741	20379
ENSMFAG00000041747	83479
ENSMFAG00000041757	36495
ENSMFAG00000041760	42734
ENSMFAG00000041783	85972
ENSMFAG00000041787	52802
ENSMFAG00000041797	97342
ENSMFAG00000041802	33992
ENSMFAG00000041804	5872
ENSMFAG00000041808	11898
ENSMFAG00000041811	45211
ENSMFAG00000041812	99162
ENSMFAG00000041815	14824
ENSMFAG00000041816	32745
ENSMFAG00000041818	25166
ENSMFAG00000041821	69220
ENSMFAG00000041843	97858
ENSMFAG00000041856	36114
ENSMFAG00000041871	52227
ENSMFAG00000041876	22147
ENSMFAG00000041885	19692
ENSMFAG00000041897	8649
ENSMFAG00000041903	89805
ENSMFAG00000041904	88872
ENSMFAG00000041908	41182
ENSMFAG00000041914	80570
ENSMFAG00000041917	28207
ENSMFAG00000041922	47318
ENSMFAG00000041930	26750
ENSMFAG00000041932	70907
ENSMFAG00000041939	27485
ENSMFAG00000041942	97583
ENSMFAG00000041943	99205
ENSMFAG00000041956	48642
ENSMFAG00000041963	38457
ENSMFAG00000041970	67901
ENSMFAG00000041976	97237
ENSMFAG00000041978	44415
ENSMFAG00000041982	2750
ENSMFAG00000041985	75606
ENSMFAG00000041991	62736
ENSMFAG00000041995	97213
ENSMFAG00000042008	20270
ENSMFAG00000042009	32404
ENSMFAG00000042020	90111
ENSMFAG00000042048	83302
ENSMFAG00000042056	63552
ENSMFAG00000042059	40686
ENSMFAG00000042063	9392
ENSMFAG00000042064	83370
ENSMFAG00000042069	30819
ENSMFAG00000042070	3708
ENSMFAG00000042071	19944
ENSMFAG00000042072	68056
ENSMFAG00000042086	30632
ENSMFAG00000042094	76929
ENSMFAG00000042104	52026
ENSMFAG00000042114	69732
ENSMFAG00000042115	83307
ENSMFAG00000042118	25904
ENSMFAG00000042121	85619
ENSMFAG00000042123	9816
ENSMFAG00000042132	36274
ENSMFAG00000042135	96832
ENSMFAG00000042142	88039
ENSMFAG00000042154	95705
ENSMFAG00000042177	57735
ENSMFAG00000042180	32740
ENSMFAG00000042191	96521
ENSMFAG00000042195	40785
ENSMFAG00000042197	12578
ENSMFAG00000042198	765
ENSMFAG00000042199	95222
ENSMFAG00000042200	72757
ENSMFAG00000042204	63501
ENSMFAG00000042212	87143
ENSMFAG00000042223	82694
ENSMFAG00000042224	59163
ENSMFAG00000042245	61677
ENSMFAG00000042248	31173
ENSMFAG00000042252	94453
ENSMFAG00000042262	72350
ENSMFAG00000042276	73554
ENSMFAG00000042283	44667
ENSMFAG00000042295	99343
ENSMFAG00000042298	18163
ENSMFAG00000042302	32266
ENSMFAG00000042317	65678
ENSMFAG00000042337	16921
ENSMFAG00000042339	61263
ENSMFAG00000042341	43603
ENSMFAG00000042342	40171
ENSMFAG00000042344	24120
ENSMFAG00000042347	7854
ENSMFAG00000042351	55758
ENSMFAG00000042371	91669
ENSMFAG00000042377	48830
ENSMFAG00000042384	26654
ENSMFAG00000042392	29824
ENSMFAG00000042409	66093
ENSMFAG00000042411	36283
ENSMFAG00000042417	62158
ENSMFAG00000042421	97941
ENSMFAG00000042427	55243
ENSMFAG00000042430	81839
ENSMFAG00000042444	47886
ENSMFAG00000042447	52161
ENSMFAG00000042453	89093
ENSMFAG00000042463	12917
ENSMFAG00000042464	53053
ENSMFAG00000042468	96353
ENSMFAG00000042474	71261
ENSMFAG00000042475	22004
ENSMFAG00000042490	22396
ENSMFAG00000042491	38925
ENSMFAG00000042496	62266
ENSMFAG00000042514	83807
ENSMFAG00000042516	15226
ENSMFAG00000042520	22394
ENSMFAG00000042526	35530
ENSMFAG00000042530	93783
ENSMFAG00000042537	54023
ENSMFAG00000042565	44989
ENSMFAG00000042574	76847
ENSMFAG00000042582	27736
ENSMFAG00000042596	93483
ENSMFAG00000042601	50198
ENSMFAG00000042602	75736
ENSMFAG00000042610	38549
ENSMFAG00000042613	1582
ENSMFAG00000042614	2125
ENSMFAG00000042620	18837
ENSMFAG00000042623	72714
ENSMFAG00000042626	63479
ENSMFAG00000042637	27285
ENSMFAG00000042639	44928
ENSMFAG00000042641	61890
ENSMFAG00000042648	76581
ENSMFAG00000042649	34300
ENSMFAG00000042652	72433
ENSMFAG00000042660	4936
ENSMFAG00000042673	92986
ENSMFAG00000042674	63902
ENSMFAG00000042676	8409
ENSMFAG00000042690	14418
ENSMFAG00000042693	84054
ENSMFAG00000042696	98965
ENSMFAG00000042727	16352
ENSMFAG00000042734	73470
ENSMFAG00000042744	25875
ENSMFAG00000042745	60967
ENSMFAG00000042748	55005
ENSMFAG00000042749	64184
ENSMFAG00000042750	5204
ENSMFAG00000042751	87486
ENSMFAG00000042753	33737
ENSMFAG00000042754	83199
ENSMFAG00000042758	51906
ENSMFAG00000042759	55726
ENSMFAG00000042760	73444
ENSMFAG00000042777	72720
ENSMFAG00000042798	72219
ENSMFAG00000042810	26788
ENSMFAG00000042822	18747
ENSMFAG00000042828	41551
ENSMFAG00000042835	94624
ENSMFAG00000042838	41316
ENSMFAG00000042852	65078
ENSMFAG00000042859	90632
ENSMFAG00000042860	76879
ENSMFAG00000042865	14482
ENSMFAG00000042866	93100
ENSMFAG00000042869	43476
ENSMFAG00000042872	41140
ENSMFAG00000042873	29183
ENSMFAG00000042887	51508
ENSMFAG00000042890	15900
ENSMFAG00000042893	35665
ENSMFAG00000042902	69735
ENSMFAG00000042905	54786
ENSMFAG00000042913	32885
ENSMFAG00000042918	81206
ENSMFAG00000042931	47118
ENSMFAG00000042935	73082
ENSMFAG00000042938	34419
ENSMFAG00000042940	94171
ENSMFAG00000042947	96355
ENSMFAG00000042953	41019
ENSMFAG00000042956	65453
ENSMFAG00000042961	5318
ENSMFAG00000042962	35079
ENSMFAG00000042984	33777
ENSMFAG00000042996	14569
ENSMFAG00000043011	48862
ENSMFAG00000043014	85910
ENSMFAG00000043022	40016
ENSMFAG00000043027	60298
ENSMFAG00000043029	5482
ENSMFAG00000043033	59236
ENSMFAG00000043036	63570
ENSMFAG00000043037	16109
ENSMFAG00000043041	49406
ENSMFAG00000043044	56894
ENSMFAG00000043045	24143
ENSMFAG00000043057	72878
ENSMFAG00000043058	55125
ENSMFAG00000043068	62353
ENSMFAG00000043069	29102
ENSMFAG00000043083	22730
ENSMFAG00000043093	78415
ENSMFAG00000043094	76951
ENSMFAG00000043102	80673
ENSMFAG00000043103	48950
ENSMFAG00000043105	13726
ENSMFAG00000043107	75749
ENSMFAG00000043108	74093
ENSMFAG00000043109	11911
ENSMFAG00000043121	10164
ENSMFAG00000043123	45717
ENSMFAG00000043128	29429
ENSMFAG00000043133	2461
ENSMFAG00000043140	19219
ENSMFAG00000043153	28292
ENSMFAG00000043161	81990
ENSMFAG00000043166	15048
ENSMFAG00000043170	64611
ENSMFAG00000043175	58229
ENSMFAG00000043176	92996
ENSMFAG00000043193	50215
ENSMFAG00000043199	17726
ENSMFAG00000043202	61091
ENSMFAG00000043206	98941
ENSMFAG00000043215	15135
ENSMFAG00000043217	95113
ENSMFAG00000043220	35447
ENSMFAG00000043232	92591
ENSMFAG00000043243	80062
ENSMFAG00000043250	67971
ENSMFAG00000043257	55644
ENSMFAG00000043263	91123
ENSMFAG00000043279	40517
ENSMFAG00000043281	97770
ENSMFAG00000043312	84402
ENSMFAG00000043317	58503
ENSMFAG00000043320	69754
ENSMFAG00000043329	89334
ENSMFAG00000043330	38231
ENSMFAG00000043340	6519
ENSMFAG00000043355	4812
ENSMFAG00000043357	94845
ENSMFAG00000043370	17398
ENSMFAG00000043371	40354
ENSMFAG00000043378	63478
ENSMFAG00000043380	86979
ENSMFAG00000043384	87204
ENSMFAG00000043392	698
ENSMFAG00000043397	69833
ENSMFAG00000043399	97167
ENSMFAG00000043402	38754
ENSMFAG00000043408	38495
ENSMFAG00000043412	90261
ENSMFAG00000043427	48275
ENSMFAG00000043430	34034
ENSMFAG00000043433	29542
ENSMFAG00000043453	24902
ENSMFAG00000043466	62113
ENSMFAG00000043468	42242
ENSMFAG00000043479	55056
ENSMFAG00000043481	86402
ENSMFAG00000043507	10341
ENSMFAG00000043535	53057
ENSMFAG00000043536	77058
ENSMFAG00000043550	53592
ENSMFAG00000043555	80467
ENSMFAG00000043569	28204
ENSMFAG00000043570	55768
ENSMFAG00000043572	90823
ENSMFAG00000043575	98602
ENSMFAG00000043576	80048
ENSMFAG00000043577	39363
ENSMFAG00000043579	4135
ENSMFAG00000043587	26737
ENSMFAG00000043601	19386
ENSMFAG00000043604	19094
ENSMFAG00000043624	79935
ENSMFAG00000043631	80048
ENSMFAG00000043640	82802
ENSMFAG00000043648	49534
ENSMFAG00000043653	24567
ENSMFAG00000043664	54117
ENSMFAG00000043674	69839
ENSMFAG00000043675	68677
ENSMFAG00000043676	71884
ENSMFAG00000043680	36622
ENSMFAG00000043682	5125
ENSMFAG00000043683	3741
ENSMFAG00000043686	88356
ENSMFAG00000043692	1721
ENSMFAG00000043697	68266
ENSMFAG00000043704	51107
ENSMFAG00000043715	52451
ENSMFAG00000043717	30327
ENSMFAG00000043718	89891
ENSMFAG00000043720	82423
ENSMFAG00000043726	65427
ENSMFAG00000043729	69760
ENSMFAG00000043733	6010
ENSMFAG00000043735	95070
ENSMFAG00000043738	4072
ENSMFAG00000043756	66770
ENSMFAG00000043758	49024
ENSMFAG00000043759	98838
ENSMFAG00000043760	7698
ENSMFAG00000043766	10637
ENSMFAG00000043771	60617
ENSMFAG00000043772	22337
ENSMFAG00000043775	94337
ENSMFAG00000043777	38354
ENSMFAG00000043781	38736
ENSMFAG00000043782	55148
ENSMFAG00000043788	59502
ENSMFAG00000043803	60259
ENSMFAG00000043804	2816
ENSMFAG00000043809	37004
ENSMFAG00000043815	47489
ENSMFAG00000043821	59450
ENSMFAG00000043825	2413
ENSMFAG00000043832	54288
ENSMFAG00000043848	98802
ENSMFAG00000043856	44151
ENSMFAG00000043858	19521
ENSMFAG00000043862	47497
ENSMFAG00000043871	31710
ENSMFAG00000043881	23698
ENSMFAG00000043889	96935
ENSMFAG00000043900	20911
ENSMFAG00000043906	44493
ENSMFAG00000043914	50245
ENSMFAG00000043927	85915
ENSMFAG00000043938	30736
ENSMFAG00000043939	15087
ENSMFAG00000043949	38274
ENSMFAG00000043950	84243
ENSMFAG00000043951	90773
ENSMFAG00000043952	89064
ENSMFAG00000043953	69426
ENSMFAG00000043957	68305
ENSMFAG00000043958	62816
ENSMFAG00000043976	98882
ENSMFAG00000043990	65366
ENSMFAG00000043996	93258
ENSMFAG00000043997	39031
ENSMFAG00000044001	94330
ENSMFAG00000044003	86800
ENSMFAG00000044009	14832
ENSMFAG00000044015	91314
ENSMFAG00000044018	31236
ENSMFAG00000044020	86347
ENSMFAG00000044024	55412
ENSMFAG00000044027	37787
ENSMFAG00000044028	61371
ENSMFAG00000044032	59398
ENSMFAG00000044035	28628
ENSMFAG00000044050	91479
ENSMFAG00000044069	51853
ENSMFAG00000044075	95995
ENSMFAG00000044076	6847
ENSMFAG00000044087	82361
ENSMFAG00000044091	6663
ENSMFAG00000044113	23706
ENSMFAG00000044117	83639
ENSMFAG00000044121	84318
ENSMFAG00000044123	20123
ENSMFAG00000044141	27511
ENSMFAG00000044153	88617
ENSMFAG00000044155	29219
ENSMFAG00000044156	43643
ENSMFAG00000044157	44949
ENSMFAG00000044163	90535
ENSMFAG00000044166	1416
ENSMFAG00000044183	71770
ENSMFAG00000044185	47275
ENSMFAG00000044188	41722
ENSMFAG00000044190	77010
ENSMFAG00000044195	87769
ENSMFAG00000044202	79224
ENSMFAG00000044208	60827
ENSMFAG00000044220	44814
ENSMFAG00000044226	74406
ENSMFAG00000044227	8124
ENSMFAG00000044231	83058
ENSMFAG00000044240	75605
ENSMFAG00000044242	16128
ENSMFAG00000044243	63765
ENSMFAG00000044257	90325
ENSMFAG00000044258	59260
ENSMFAG00000044259	17720
ENSMFAG00000044264	57782
ENSMFAG00000044283	43127
ENSMFAG00000044286	64104
ENSMFAG00000044287	98839
ENSMFAG00000044302	93550
ENSMFAG00000044310	12872
ENSMFAG00000044316	39668
ENSMFAG00000044321	49980
ENSMFAG00000044333	63148
ENSMFAG00000044336	30172
ENSMFAG00000044343	93493
ENSMFAG00000044348	45493
ENSMFAG00000044350	58080
ENSMFAG00000044351	37506
ENSMFAG00000044366	72687
ENSMFAG00000044372	34206
ENSMFAG00000044375	61871
ENSMFAG00000044380	90400
ENSMFAG00000044382	8255
ENSMFAG00000044383	27821
ENSMFAG00000044385	20568
ENSMFAG00000044391	80875
ENSMFAG00000044397	92854
ENSMFAG00000044402	73023
ENSMFAG00000044405	43750
ENSMFAG00000044407	56500
ENSMFAG00000044417	25436
ENSMFAG00000044418	49600
ENSMFAG00000044422	95187
ENSMFAG00000044434	5474
ENSMFAG00000044438	50111
ENSMFAG00000044444	94104
ENSMFAG00000044447	71612
ENSMFAG00000044448	51194
ENSMFAG00000044452	1605
ENSMFAG00000044457	88941
ENSMFAG00000044463	50996
ENSMFAG00000044471	89757
ENSMFAG00000044475	38301
ENSMFAG00000044476	11360
ENSMFAG00000044484	26842
ENSMFAG00000044487	81421
ENSMFAG00000044489	51120
ENSMFAG00000044507	81887
ENSMFAG00000044508	63209
ENSMFAG00000044510	21540
ENSMFAG00000044513	98555
ENSMFAG00000044516	937
ENSMFAG00000044519	16727
ENSMFAG00000044520	51507
ENSMFAG00000044522	11461
ENSMFAG00000044523	37981
ENSMFAG00000044526	19500
ENSMFAG00000044531	48041
ENSMFAG00000044532	82805
ENSMFAG00000044533	24033
ENSMFAG00000044535	80667
ENSMFAG00000044538	15907
ENSMFAG00000044547	25664
ENSMFAG00000044548	90634
ENSMFAG00000044549	27390
ENSMFAG00000044558	4116
ENSMFAG00000044561	18652
ENSMFAG00000044566	30369
ENSMFAG00000044588	4495
ENSMFAG00000044590	80547
ENSMFAG00000044591	82446
ENSMFAG00000044597	48945
ENSMFAG00000044598	62978
ENSMFAG00000044605	12842
ENSMFAG00000044606	627
ENSMFAG00000044607	88724
ENSMFAG00000044610	27719
ENSMFAG00000044614	65162
ENSMFAG00000044619	79753
ENSMFAG00000044623	92130
ENSMFAG00000044631	60185
ENSMFAG00000044634	16167
ENSMFAG00000044635	60810
ENSMFAG00000044639	97645
ENSMFAG00000044642	61233
ENSMFAG00000044646	60476
ENSMFAG00000044651	21230
ENSMFAG00000044660	65348
ENSMFAG00000044661	85104
ENSMFAG00000044679	69152
ENSMFAG00000044680	42340
ENSMFAG00000044691	13499
ENSMFAG00000044694	94924
ENSMFAG00000044701	27190
ENSMFAG00000044706	94423
ENSMFAG00000044709	97716
ENSMFAG00000044710	78558
ENSMFAG00000044714	25645
ENSMFAG00000044722	20349
ENSMFAG00000044724	77158
ENSMFAG00000044727	15736
ENSMFAG00000044746	63624
ENSMFAG00000044747	13546
ENSMFAG00000044749	17129
ENSMFAG00000044751	30962
ENSMFAG00000044752	37947
ENSMFAG00000044756	63636
ENSMFAG00000044765	90515
ENSMFAG00000044769	21900
ENSMFAG00000044775	68353
ENSMFAG00000044777	83987
ENSMFAG00000044781	98467
ENSMFAG00000044783	66079
ENSMFAG00000044787	33185
ENSMFAG00000044791	67219
ENSMFAG00000044796	61064
ENSMFAG00000044812	93289
ENSMFAG00000044821	34917
ENSMFAG00000044823	74189
ENSMFAG00000044826	68635
ENSMFAG00000044835	14073
ENSMFAG00000044846	38886
ENSMFAG00000044866	94679
ENSMFAG00000044868	87162
ENSMFAG00000044874	68981
ENSMFAG00000044879	52988
ENSMFAG00000044886	7599
ENSMFAG00000044888	75989
ENSMFAG00000044900	65240
ENSMFAG00000044902	39763
ENSMFAG00000044913	37372
ENSMFAG00000044916	79939
ENSMFAG00000044917	6492
ENSMFAG00000044918	89942
ENSMFAG00000044928	10046
ENSMFAG00000044930	26102
ENSMFAG00000044935	39127
ENSMFAG00000044941	64982
ENSMFAG00000044948	26189
ENSMFAG00000044950	39102
ENSMFAG00000044951	29800
ENSMFAG00000044953	490
ENSMFAG00000044956	21130
ENSMFAG00000044961	71541
ENSMFAG00000044964	2578
ENSMFAG00000044967	94861
ENSMFAG00000044969	25169
ENSMFAG00000044972	63814
ENSMFAG00000044978	68148
ENSMFAG00000044990	23043
ENSMFAG00000044995	23670
ENSMFAG00000044999	61115
ENSMFAG00000045005	85862
ENSMFAG00000045007	8680
ENSMFAG00000045012	62513
ENSMFAG00000045023	47233
ENSMFAG00000045037	57659
ENSMFAG00000045039	68054
ENSMFAG00000045040	15299
ENSMFAG00000045046	44650
ENSMFAG00000045054	12610
ENSMFAG00000045055	40313
ENSMFAG00000045067	2383
ENSMFAG00000045068	78555
ENSMFAG00000045070	34342
ENSMFAG00000045072	32856
ENSMFAG00000045078	36381
ENSMFAG00000045082	84828
ENSMFAG00000045089	5072
ENSMFAG00000045098	11885
ENSMFAG00000045105	23405
ENSMFAG00000045109	99686
ENSMFAG00000045126	1813
ENSMFAG00000045127	68951
ENSMFAG00000045132	55918
ENSMFAG00000045150	37899
ENSMFAG00000045164	54510
ENSMFAG00000045170	20682
ENSMFAG00000045172	8107
ENSMFAG00000045191	82101
ENSMFAG00000045207	54025
ENSMFAG00000045220	55845
ENSMFAG00000045228	93043
ENSMFAG00000045238	48932
ENSMFAG00000045251	52530
ENSMFAG00000045255	20489
ENSMFAG00000045269	49108
ENSMFAG00000045287	24052
ENSMFAG00000045289	51627
ENSMFAG00000045304	53958
ENSMFAG00000045321	39134
ENSMFAG00000045324	23101
ENSMFAG00000045330	87907
ENSMFAG00000045335	81707
ENSMFAG00000045338	9363
ENSMFAG00000045339	9352
ENSMFAG00000045346	65337
ENSMFAG00000045354	75397
ENSMFAG00000045358	21196
ENSMFAG00000045359	36914
ENSMFAG00000045361	25562
ENSMFAG00000045380	63166
ENSMFAG00000045388	53897
ENSMFAG00000045394	60955
ENSMFAG00000045407	85510
ENSMFAG00000045410	3790
ENSMFAG00000045419	71266
ENSMFAG00000045427	96042
ENSMFAG00000045431	83845
ENSMFAG00000045436	90489
ENSMFAG00000045438	26918
ENSMFAG00000045454	84312
ENSMFAG00000045474	13816
ENSMFAG00000045477	19794
ENSMFAG00000045478	87643
ENSMFAG00000045484	87407
ENSMFAG00000045494	99950
ENSMFAG00000045500	73542
ENSMFAG00000045515	29884
ENSMFAG00000045523	23375
ENSMFAG00000045527	29578
ENSMFAG00000045532	9648
ENSMFAG00000045535	46187
ENSMFAG00000045536	551
ENSMFAG00000045541	73368
ENSMFAG00000045546	79437
ENSMFAG00000045548	85565
ENSMFAG00000045551	15633
ENSMFAG00000045558	80642
ENSMFAG00000045571	33759
ENSMFAG00000045574	24168
ENSMFAG00000045596	87483
ENSMFAG00000045600	5789
ENSMFAG00000045607	51127
ENSMFAG00000045619	38631
ENSMFAG00000045622	15397
ENSMFAG00000045634	16277
ENSMFAG00000045635	32016
ENSMFAG00000045640	84295
ENSMFAG00000045641	13411
ENSMFAG00000045643	7532
ENSMFAG00000045648	88183
ENSMFAG00000045663	64756
ENSMFAG00000045673	29199
ENSMFAG00000045675	29087
ENSMFAG00000045681	82695
ENSMFAG00000045684	16875
ENSMFAG00000045685	28468
ENSMFAG00000045688	13159
ENSMFAG00000045696	35449
ENSMFAG00000045698	13600
ENSMFAG00000045700	70029
ENSMFAG00000045702	59282
ENSMFAG00000045703	20108
ENSMFAG00000045704	47688
ENSMFAG00000045705	21902
ENSMFAG00000045706	92321
ENSMFAG00000045710	63628
ENSMFAG00000045711	2680
ENSMFAG00000045712	6961
ENSMFAG00000045720	28116
ENSMFAG00000045742	73433
ENSMFAG00000045753	91285
ENSMFAG00000045754	52309
ENSMFAG00000045755	98079
ENSMFAG00000045767	28860
ENSMFAG00000045774	45254
ENSMFAG00000045775	18168
ENSMFAG00000045776	29371
ENSMFAG00000045778	46158
ENSMFAG00000045785	75000
ENSMFAG00000045787	87910
ENSMFAG00000045796	90022
ENSMFAG00000045798	55467
ENSMFAG00000045805	50566
ENSMFAG00000045810	57562
ENSMFAG00000045818	30865
ENSMFAG00000045819	83419
ENSMFAG00000045821	41206
ENSMFAG00000045827	13901
ENSMFAG00000045829	58054
ENSMFAG00000045832	83526
ENSMFAG00000045839	48912
ENSMFAG00000045844	14078
ENSMFAG00000045850	20743
ENSMFAG00000045860	95286
ENSMFAG00000045862	31486
ENSMFAG00000045870	99147
ENSMFAG00000045874	6832
ENSMFAG00000045877	79347
ENSMFAG00000045879	25273
ENSMFAG00000045887	47001
ENSMFAG00000045894	55442
ENSMFAG00000045904	65266
ENSMFAG00000045909	41100
ENSMFAG00000045913	21572
ENSMFAG00000045921	84121
ENSMFAG00000045925	75701
ENSMFAG00000045926	72438
ENSMFAG00000045927	70323
ENSMFAG00000045928	38912
ENSMFAG00000045934	60218
ENSMFAG00000045945	44340
ENSMFAG00000045948	88861
ENSMFAG00000045956	43259
ENSMFAG00000045959	84302
ENSMFAG00000045963	31398
ENSMFAG00000045975	43231
ENSMFAG00000045977	42026
ENSMFAG00000045985	76627
ENSMFAG00000046000	87370
ENSMFAG00000046003	54075
ENSMFAG00000046006	20915
ENSMFAG00000046007	57587
ENSMFAG00000046010	1839
ENSMFAG00000046014	27678
ENSMFAG00000046017	95589
ENSMFAG00000046029	25549
ENSMFAG00000046031	70544
ENSMFAG00000046036	47099
ENSMFAG00000046039	50531
ENSMFAG00000046044	17393
ENSMFAG00000046048	73694
ENSMFAG00000046050	79673
ENSMFAG00000046052	62398
ENSMFAG00000046058	90655
ENSMFAG00000046065	73562
ENSMFAG00000046072	2955
ENSMFAG00000046073	27240
ENSMFAG00000046078	71448
ENSMFAG00000046103	55582
ENSMFAG00000046107	26453
ENSMFAG00000046109	79860
ENSMFAG00000046110	74273
ENSMFAG00000046111	59503
ENSMFAG00000046121	52868
ENSMFAG00000046124	20405
ENSMFAG00000046125	50700
ENSMFAG00000046130	43319
ENSMFAG00000046134	76339
ENSMFAG00000046137	53024
ENSMFAG00000046138	15685
ENSMFAG00000046140	45579
ENSMFAG00000046141	35347
ENSMFAG00000046145	60678
ENSMFAG00000046159	71873
ENSMFAG00000046163	87359
ENSMFAG00000046178	62156
ENSMFAG00000046180	16431
ENSMFAG00000046188	91330
ENSMFAG00000046193	40999
ENSMFAG00000046195	71192
ENSMFAG00000046202	36400
ENSMFAG00000046206	36791
ENSMFAG00000046207	87904
ENSMFAG00000046227	66560
ENSMFAG00000046228	30916
ENSMFAG00000046234	34835
ENSMFAG00000046235	2277
ENSMFAG00000046236	45761
ENSMFAG00000046240	291
ENSMFAG00000046241	13082
ENSMFAG00000046245	24315
ENSMFAG00000046260	84718
ENSMFAG00000046263	19870
ENSMFAG00000046277	32270
ENSMFAG00000046282	4819
ENSMFAG00000046286	56484
ENSMFAG00000046298	32535
ENSMFAG00000046300	51236
ENSMFAG00000046303	94435
ENSMFAG00000046312	20737
ENSMFAG00000046314	37375
ENSMFAG00000046318	51837
ENSMFAG00000046323	70087
ENSMFAG00000046334	17114
ENSMFAG00000046338	1764
ENSMFAG00000046351	77342
ENSMFAG00000046356	1539
ENSMFAG00000046368	10189
ENSMFAG00000046370	10436
ENSMFAG00000046373	99156
ENSMFAG00000046377	90819
ENSMFAG00000046386	6906
ENSMFAG00000046387	13320
ENSMFAG00000046392	88142
ENSMFAG00000046409	71774
ENSMFAG00000046429	91465
ENSMFAG00000046430	24075
ENSMFAG00000046431	44269
ENSMFAG00000046432	62129
ENSMFAG00000046433	35938
ENSMFAG00000046434	9799
ENSMFAG00000046435	41620
ENSMFAG00000046436	49591
ENSMFAG00000046437	85724
ENSMFAG00000046438	146
ENSMFAG00000046439	57267
ENSMFAG00000046440	9193
ENSMFAG00000046441	21505
ENSMFAG00000046442	77262
ENSMFAG00000046443	52957
ENSMFAG00000046444	22699
ENSMFAG00000046445	55617
ENSMFAG00000046446	43614
ENSMFAG00000046447	97647
ENSMFAG00000046448	96974
ENSMFAG00000046449	42886
ENSMFAG00000046450	96677
ENSMFAG00000046452	9726
ENSMFAG00000046453	87919
ENSMFAG00000046454	70616
ENSMFAG00000046455	6618
ENSMFAG00000046456	13442
ENSMFAG00000046457	78211
ENSMFAG00000046458	3818
ENSMFAG00000046459	34493
ENSMFAG00000046460	7619
ENSMFAG00000046461	40115
ENSMFAG00000046462	50699
ENSMFAG00000046463	90170
ENSMFAG00000046464	23648
ENSMFAG00000046466	32175
ENSMFAG00000046467	48589
ENSMFAG00000046469	48406
ENSMFAG00000046470	45552
ENSMFAG00000046471	63733
ENSMFAG00000046472	1909
ENSMFAG00000046473	79602
ENSMFAG00000046474	66158
ENSMFAG00000046475	4397
ENSMFAG00000046476	20457
ENSMFAG00000046477	2174
ENSMFAG00000046479	78511
ENSMFAG00000046480	38879
ENSMFAG00000046481	91902
ENSMFAG00000046484	46975
ENSMFAG00000046485	16870
ENSMFAG00000046486	26749
ENSMFAG00000046487	43965
ENSMFAG00000046488	12197
ENSMFAG00000046489	44591
ENSMFAG00000046490	57340
ENSMFAG00000046491	94431
ENSMFAG00000046492	32500
ENSMFAG00000046493	67050
ENSMFAG00000046494	89798
ENSMFAG00000046495	88363
ENSMFAG00000046496	77970
ENSMFAG00000046497	62563
ENSMFAG00000046498	95258
ENSMFAG00000046499	60365
ENSMFAG00000046500	37970
ENSMFAG00000046501	93440
ENSMFAG00000046502	98276
ENSMFAG00000046503	63742
ENSMFAG00000046504	13807
ENSMFAG00000046505	76951
ENSMFAG00000046506	20463
ENSMFAG00000046507	63980
ENSMFAG00000046508	395
ENSMFAG00000046509	68714
ENSMFAG00000046510	34382
ENSMFAG00000046511	77787
ENSMFAG00000046512	53931
ENSMFAG00000046513	44177
ENSMFAG00000046514	12361
ENSMFAG00000046515	78316
ENSMFAG00000046517	39160
ENSMFAG00000046518	32567
ENSMFAG00000046519	33741
ENSMFAG00000046520	92644
ENSMFAG00000046521	3521
ENSMFAG00000046522	58118
ENSMFAG00000046523	74558
ENSMFAG00000046524	88352
ENSMFAG00000046525	53560
ENSMFAG00000046526	77735
ENSMFAG00000046527	48448
ENSMFAG00000046528	13143
ENSMFAG00000046529	49750
ENSMFAG00000046530	93771
ENSMFAG00000046532	28328
ENSMFAG00000046534	73473
ENSMFAG00000046535	34136
ENSMFAG00000046536	5750
ENSMFAG00000046537	20962
ENSMFAG00000046539	59223
ENSMFAG00000046540	76432
ENSMFAG00000046541	97479
ENSMFAG00000046542	79305
ENSMFAG00000046543	39104
ENSMFAG00000046544	47998
ENSMFAG00000046546	84359
ENSMFAG00000046547	13241
ENSMFAG00000046548	98559
ENSMFAG00000046549	9967
ENSMFAG00000046551	9809
ENSMFAG00000046552	33566
ENSMFAG00000046553	49520
ENSMFAG00000046555	14390
ENSMFAG00000046556	3924
ENSMFAG00000046557	90397
ENSMFAG00000046559	40827
ENSMFAG00000046561	56138
ENSMFAG00000046562	40128
ENSMFAG00000046565	27790
ENSMFAG00000046566	14429
ENSMFAG00000046567	38863
ENSMFAG00000046568	41627
ENSMFAG00000046569	67359
ENSMFAG00000046570	80302
ENSMFAG00000046572	75236
ENSMFAG00000046574	63335
ENSMFAG00000046575	11433
ENSMFAG00000046576	23643
ENSMFAG00000046577	72565
ENSMFAG00000046578	81390
ENSMFAG00000046579	46291
ENSMFAG00000046580	74861
ENSMFAG00000046581	69727
ENSMFAG00000046584	49312
ENSMFAG00000046586	70479
ENSMFAG00000046587	6000
ENSMFAG00000046589	42832
ENSMFAG00000046590	16779
ENSMFAG00000046591	54080
ENSMFAG00000046592	68385
ENSMFAG00000046593	90277
ENSMFAG00000046594	10295
ENSMFAG00000046596	98688
ENSMFAG00000046597	28860
ENSMFAG00000046598	84872
ENSMFAG00000046600	34542
ENSMFAG00000046601	76426
ENSMFAG00000046602	888
ENSMFAG00000046603	17295
ENSMFAG00000046606	77238
ENSMFAG00000046607	19518
ENSMFAG00000046608	47686
ENSMFAG00000046609	91202
ENSMFAG00000046610	22137
ENSMFAG00000046611	34368
ENSMFAG00000046612	90659
ENSMFAG00000046613	39480
ENSMFAG00000046614	58100
ENSMFAG00000046615	18222
ENSMFAG00000046616	36793
ENSMFAG00000046617	74868
ENSMFAG00000046618	10998
ENSMFAG00000046620	89285
ENSMFAG00000046622	3904
ENSMFAG00000046623	49643
ENSMFAG00000046624	72498
ENSMFAG00000046625	27592
ENSMFAG00000046626	15878
ENSMFAG00000046627	42959
ENSMFAG00000046628	5394
ENSMFAG00000046629	34162
ENSMFAG00000046631	8385
ENSMFAG00000046632	12925
ENSMFAG00000046633	25099
ENSMFAG00000046634	13495
ENSMFAG00000046636	13361
ENSMFAG00000046637	40050
ENSMFAG00000046639	93586
ENSMFAG00000046641	80012
ENSMFAG00000046642	42044
ENSMFAG00000046643	23309
ENSMFAG00000046644	23541
ENSMFAG00000046645	58405
ENSMFAG00000046647	86528
ENSMFAG00000046648	10108
ENSMFAG00000046649	42663
ENSMFAG00000046650	67302
ENSMFAG00000046651	96512
ENSMFAG00000046652	72804
ENSMFAG00000046653	70118
ENSMFAG00000046654	66046
ENSMFAG00000046655	48080
ENSMFAG00000046656	80246
ENSMFAG00000046657	33297
ENSMFAG00000046658	90622
ENSMFAG00000046659	44974
ENSMFAG00000046660	76188
ENSMFAG00000046662	83581
ENSMFAG00000046663	8216
ENSMFAG00000046664	21470
ENSMFAG00000046665	39022
ENSMFAG00000046666	96588
ENSMFAG00000046667	97288
ENSMFAG00000046668	46535
ENSMFAG00000046669	65131
ENSMFAG00000046670	33610
ENSMFAG00000046672	93593
ENSMFAG00000046674	81247
ENSMFAG00000046675	46569
ENSMFAG00000046676	53681
ENSMFAG00000046677	49397
ENSMFAG00000046678	44372
ENSMFAG00000046679	63352
ENSMFAG00000046680	66593
ENSMFAG00000046681	91636
ENSMFAG00000046682	24020
ENSMFAG00000046683	22174
ENSMFAG00000046684	56660
ENSMFAG00000046685	93005
ENSMFAG00000046687	16974
ENSMFAG00000046689	19536
ENSMFAG00000046690	18430
ENSMFAG00000046691	45105
ENSMFAG00000046693	35093
ENSMFAG00000046694	41656
ENSMFAG00000046695	48756
ENSMFAG00000046696	69626
ENSMFAG00000046699	76295
ENSMFAG00000046701	57830
ENSMFAG00000046702	56658
ENSMFAG00000046703	56931
ENSMFAG00000046704	31249
ENSMFAG00000046706	99491
ENSMFAG00000046707	74969
ENSMFAG00000046708	9826
ENSMFAG00000046710	45032
ENSMFAG00000046712	10508
ENSMFAG00000046713	78351
ENSMFAG00000046714	78495
ENSMFAG00000046716	66776
ENSMFAG00000046717	76658
ENSMFAG00000046719	21654
ENSMFAG00000046720	23429
ENSMFAG00000046721	13393
ENSMFAG00000046722	7354
ENSMFAG00000046723	21113
ENSMFAG00000046725	43293
ENSMFAG00000046726	20051
ENSMFAG00000046729	88658
ENSMFAG00000046730	36264
ENSMFAG00000046731	23178
ENSMFAG00000046735	80759
ENSMFAG00000046736	24583
ENSMFAG00000046738	61812
ENSMFAG00000046739	43064
ENSMFAG00000046741	73359
ENSMFAG00000046742	93927
ENSMFAG00000046743	16812
ENSMFAG00000046744	17706
ENSMFAG00000046745	37374
ENSMFAG00000046746	45640
ENSMFAG00000046748	99003
ENSMFAG00000046749	90048
ENSMFAG00000046750	98833
ENSMFAG00000046751	43867
ENSMFAG00000046753	65791
ENSMFAG00000046754	48277
ENSMFAG00000046755	42904
ENSMFAG00000046756	236
ENSMFAG00000046757	36825
ENSMFAG00000046758	89715
ENSMFAG00000046760	83657
ENSMFAG00000046761	25642
ENSMFAG00000046762	74895
ENSMFAG00000046763	24026
ENSMFAG00000046766	47857
ENSMFAG00000046767	94563
ENSMFAG00000046768	25946
ENSMFAG00000046770	46356
ENSMFAG00000046771	36975
ENSMFAG00000046773	83809
ENSMFAG00000046774	16254
ENSMFAG00000046775	17716
ENSMFAG00000046776	57082
ENSMFAG00000046777	49113
ENSMFAG00000046778	92069
ENSMFAG00000046779	26835
ENSMFAG00000046780	74062
ENSMFAG00000046782	45961
ENSMFAG00000046783	73760
ENSMFAG00000046784	4451
ENSMFAG00000046785	56219
ENSMFAG00000046786	63977
ENSMFAG00000046787	89587
ENSMFAG00000046788	80799
ENSMFAG00000046790	90786
ENSMFAG00000046791	93975
ENSMFAG00000046792	90408
ENSMFAG00000046793	11512
ENSMFAG00000046795	95874
ENSMFAG00000046796	58452
ENSMFAG00000046797	95358
ENSMFAG00000046800	90806
ENSMFAG00000046802	52552
ENSMFAG00000046803	78747
ENSMFAG00000046805	9121
ENSMFAG00000046806	68539
ENSMFAG00000046807	75727
ENSMFAG00000046808	23182
ENSMFAG00000046809	40676
ENSMFAG00000046811	24409
ENSMFAG00000046813	78153
ENSMFAG00000046814	22569
ENSMFAG00000046815	16382
ENSMFAG00000046816	42531
ENSMFAG00000046817	47493
ENSMFAG00000046818	65173
ENSMFAG00000046819	74149
ENSMFAG00000046820	87584
ENSMFAG00000046822	92193
ENSMFAG00000046824	73826
ENSMFAG00000046825	99335
ENSMFAG00000046826	25210
ENSMFAG00000046827	58617
ENSMFAG00000046829	3466
ENSMFAG00000046830	7608
ENSMFAG00000046831	24741
ENSMFAG00000046834	74991
ENSMFAG00000046835	57555
ENSMFAG00000046837	36343
ENSMFAG00000046839	47990
ENSMFAG00000046840	94965
ENSMFAG00000046841	50458
ENSMFAG00000046842	76718
ENSMFAG00000046843	53320
ENSMFAG00000046845	24343
ENSMFAG00000046846	75206
ENSMFAG00000046847	42290
ENSMFAG00000046848	66629
ENSMFAG00000046849	93164
ENSMFAG00000046850	1531
ENSMFAG00000046851	27477
ENSMFAG00000046852	52823
ENSMFAG00000046853	26165
ENSMFAG00000046854	89839
ENSMFAG00000046855	68428
ENSMFAG00000046856	11394
ENSMFAG00000046858	10475
ENSMFAG00000046859	60119
ENSMFAG00000046861	69495
ENSMFAG00000046862	25053
ENSMFAG00000046864	31278
ENSMFAG00000046865	59225
ENSMFAG00000046866	78161
ENSMFAG00000046867	81566
ENSMFAG00000046868	33704
ENSMFAG00000046869	47686
ENSMFAG00000046871	7781
ENSMFAG00000046873	80616
ENSMFAG00000046875	75691
ENSMFAG00000046877	14812
ENSMFAG00000046880	64434
ENSMFAG00000046881	59812
ENSMFAG00000046882	75664
ENSMFAG00000046883	67723
ENSMFAG00000046884	48112
ENSMFAG00000046885	70094
ENSMFAG00000046887	34367
ENSMFAG00000046889	14584
ENSMFAG00000046890	37838
ENSMFAG00000046891	79100
ENSMFAG00000046892	56765
ENSMFAG00000046893	27488
ENSMFAG00000046894	88872
ENSMFAG00000046895	63602
ENSMFAG00000046896	44775
ENSMFAG00000046897	81060
ENSMFAG00000046898	92945
ENSMFAG00000046899	87420
ENSMFAG00000046900	60857
ENSMFAG00000046901	39312
ENSMFAG00000046902	26453
ENSMFAG00000046903	26399
ENSMFAG00000046904	3022
ENSMFAG00000046905	63167
ENSMFAG00000046906	5855
ENSMFAG00000046908	22883
ENSMFAG00000046909	77159
ENSMFAG00000046910	39087
ENSMFAG00000046912	30113
ENSMFAG00000046914	46175
ENSMFAG00000046915	17910
ENSMFAG00000046916	56601
ENSMFAG00000046917	7144
ENSMFAG00000046918	19500
ENSMFAG00000046920	41860
ENSMFAG00000046921	88285
ENSMFAG00000046922	19044
ENSMFAG00000046923	36022
ENSMFAG00000046924	14060
ENSMFAG00000046925	11750
ENSMFAG00000046926	24152
ENSMFAG00000046928	75105
ENSMFAG00000046929	4746
ENSMFAG00000046930	55503
ENSMFAG00000046933	19320
ENSMFAG00000046934	5008
ENSMFAG00000046935	2975
ENSMFAG00000046936	6751
ENSMFAG00000046938	12922
ENSMFAG00000046939	39845
ENSMFAG00000046940	99002
ENSMFAG00000046942	85775
ENSMFAG00000046943	28397
ENSMFAG00000046945	87068
ENSMFAG00000046946	49704
ENSMFAG00000046947	55345
ENSMFAG00000046948	48358
ENSMFAG00000046949	1479
ENSMFAG00000046950	41713
ENSMFAG00000046951	17435
ENSMFAG00000046952	48385
ENSMFAG00000046955	53374
ENSMFAG00000046956	64224
ENSMFAG00000046957	86759
ENSMFAG00000046958	86285
ENSMFAG00000046959	14615
ENSMFAG00000046960	40141
ENSMFAG00000046962	80334
ENSMFAG00000046963	73711
ENSMFAG00000046964	72135
ENSMFAG00000046965	51380
ENSMFAG00000046968	99360
ENSMFAG00000046969	41036
ENSMFAG00000046970	67956
ENSMFAG00000046971	69728
ENSMFAG00000046972	94441
ENSMFAG00000046973	66070
ENSMFAG00000046974	97520
ENSMFAG00000046975	40056
ENSMFAG00000046976	52972
ENSMFAG00000046977	82802
ENSMFAG00000046978	60250
ENSMFAG00000046979	55577
ENSMFAG00000046980	89504
ENSMFAG00000046981	23437
ENSMFAG00000046982	18030
ENSMFAG00000046983	98386
ENSMFAG00000046986	7687
ENSMFAG00000046987	95834
ENSMFAG00000046988	69055
ENSMFAG00000046989	14348
ENSMFAG00000046990	55916
ENSMFAG00000046992	47743
ENSMFAG00000046994	97647
ENSMFAG00000046996	89320
ENSMFAG00000046997	29641
ENSMFAG00000046998	98806
ENSMFAG00000046999	30405
ENSMFAG00000047000	42839
ENSMFAG00000047001	36146
ENSMFAG00000047002	93070
ENSMFAG00000047003	84753
ENSMFAG00000047004	22201
ENSMFAG00000047005	11209
ENSMFAG00000047007	28259
ENSMFAG00000047008	44587
ENSMFAG00000047010	13265
ENSMFAG00000047011	37724
ENSMFAG00000047012	77075
ENSMFAG00000047013	22129
ENSMFAG00000047015	49500
ENSMFAG00000047016	27572
ENSMFAG00000047017	82789
ENSMFAG00000047018	92100
ENSMFAG00000047021	52299
ENSMFAG00000047022	52892
ENSMFAG00000047023	33603
ENSMFAG00000047024	60352
ENSMFAG00000047026	44097
ENSMFAG00000047028	78019
ENSMFAG00000047029	83426
ENSMFAG00000047030	45536
ENSMFAG00000047031	66400
ENSMFAG00000047032	16218
ENSMFAG00000047033	41701
ENSMFAG00000047034	97330
ENSMFAG00000047035	66527
ENSMFAG00000047036	5404
ENSMFAG00000047037	49304
ENSMFAG00000047038	33250
ENSMFAG00000047039	9127
ENSMFAG00000047041	45685
ENSMFAG00000047043	41505
ENSMFAG00000047044	88341
ENSMFAG00000047045	17991
ENSMFAG00000047046	86409
ENSMFAG00000047047	70822
ENSMFAG00000047048	26843
ENSMFAG00000047049	261
ENSMFAG00000047050	25208
ENSMFAG00000047052	42561
ENSMFAG00000047053	11964
ENSMFAG00000047054	32717
ENSMFAG00000047056	71034
ENSMFAG00000047057	89719
ENSMFAG00000047059	63582
ENSMFAG00000047060	31342
ENSMFAG00000047061	61612
ENSMFAG00000047062	17521
ENSMFAG00000047063	11041
ENSMFAG00000047064	59742
ENSMFAG00000047066	60913
ENSMFAG00000047068	67457
ENSMFAG00000047069	46388
ENSMFAG00000047070	33152
ENSMFAG00000047072	3926
ENSMFAG00000047073	57215
ENSMFAG00000047074	8285
ENSMFAG00000047075	43653
ENSMFAG00000047076	58275
ENSMFAG00000047077	86641
ENSMFAG00000047078	1446
ENSMFAG00000047079	64770
ENSMFAG00000047080	42198
ENSMFAG00000047081	7485
ENSMFAG00000047083	21078
ENSMFAG00000047084	14234
ENSMFAG00000047086	73207
ENSMFAG00000047087	17542
ENSMFAG00000047088	10628
ENSMFAG00000047089	64364
ENSMFAG00000047090	49044
ENSMFAG00000047092	20460
ENSMFAG00000047094	99972
ENSMFAG00000047095	55077
ENSMFAG00000047096	56469
ENSMFAG00000047097	93874
ENSMFAG00000047098	17288
ENSMFAG00000047100	93658
ENSMFAG00000047103	21194
ENSMFAG00000047105	9257
ENSMFAG00000047106	33540
ENSMFAG00000047107	11133
ENSMFAG00000047108	80919
ENSMFAG00000047109	43297
ENSMFAG00000047111	2295
ENSMFAG00000047112	95103
ENSMFAG00000047113	70098
ENSMFAG00000047114	43068
ENSMFAG00000047115	11028
ENSMFAG00000047116	21923
ENSMFAG00000047118	87288
ENSMFAG00000047121	37289
ENSMFAG00000047122	48992
ENSMFAG00000047123	58416
ENSMFAG00000047124	48616
ENSMFAG00000047125	33448
ENSMFAG00000047126	99900
ENSMFAG00000047127	51862
ENSMFAG00000047128	60685
ENSMFAG00000047130	58709
ENSMFAG00000047131	3833
ENSMFAG00000047133	82477
ENSMFAG00000047134	95764
ENSMFAG00000047136	15052
ENSMFAG00000047138	73947
ENSMFAG00000047139	95033
ENSMFAG00000047140	38227
ENSMFAG00000047141	21634
ENSMFAG00000047142	59447
ENSMFAG00000047143	59096
ENSMFAG00000047144	1778
ENSMFAG00000047147	20411
ENSMFAG00000047148	24740
ENSMFAG00000047149	67983
ENSMFAG00000047151	35649
ENSMFAG00000047152	95750
ENSMFAG00000047153	31652
ENSMFAG00000047154	27314
ENSMFAG00000047155	23743
ENSMFAG00000047156	87234
ENSMFAG00000047157	56178
ENSMFAG00000047158	14170
ENSMFAG00000047159	40099
ENSMFAG00000047160	68979
ENTHD1	91231
ENTPD1	50600
ENTPD2	41202
ENTPD3	88743
ENTPD4	54420
ENTPD5	82982
ENTPD6	47244
ENTPD7	48258
ENTPD8	72788
ENTR1	38747
EOGT	77708
EOMES	30536
EP300	11592
EP400	23972
EPAS1	49388
EPB41	91286
EPB41L1	4754
EPB41L2	50138
EPB41L3	48284
EPB41L4A	19642
EPB41L4B	58521
EPB41L5	32677
EPB42	55510
EPC1	55429
EPC2	58958
EPCAM	61960
EPDR1	4564
EPG5	561
EPGN	63742
EPHA1	66992
EPHA2	51263
EPHA3	67426
EPHA4	76746
EPHA5	18523
EPHA6	25303
EPHA7	71881
EPHA8	72397
EPHB1	24950
EPHB3	76615
EPHB4	48008
EPHB6	3774
EPHX1	30716
EPHX2	77262
EPHX3	56660
EPHX4	2882
EPM2A	62405
EPM2AIP1	50202
EPN1	61320
EPN2	96781
EPN3	1824
EPO	23497
EPOP	26155
EPOR	33786
EPRS	12109
EPS15	52068
EPS15L1	44397
EPS8	21953
EPS8L1	59406
EPS8L2	18188
EPSTI1	45312
EPX	77440
EPYC	91898
EQTN	7525
ERAL1	16129
ERAP1	57467
ERAP2	81767
ERAS	89343
ERBB2	55826
ERBB3	72983
ERBB4	94802
ERBIN	82378
ERC1	68779
ERC2	15690
ERCC1	20607
ERCC2	68353
ERCC3	25782
ERCC4	95865
ERCC6	78621
ERCC6L	91420
ERCC8	59649
EREG	42593
ERF	17909
ERFE	57557
ERG	81081
ERG28	1106
ERGIC1	16012
ERGIC2	94032
ERGIC3	3995
ERH	90213
ERI1	67069
ERI2	16965
ERI3	25423
ERICH1	36503
ERICH2	27853
ERICH3	3017
ERICH4	77451
ERICH5	97200
ERICH6	22529
ERICH6B	4580
ERLEC1	75912
ERLIN1	70074
ERLIN2	98260
ERMAP	45053
ERMARD	51317
ERMN	66951
ERMP1	8522
ERN1	29749
ERN2	41036
ERO1A	24196
ERO1B	39152
ERP27	22819
ERP29	97544
ERP44	82064
ERRFI1	32998
ERVFRD-1	34104
ESAM	39251
ESCO1	89668
ESCO2	14340
ESF1	25286
ESM1	36872
ESPL1	86744
ESPN	57740
ESPNL	33959
ESR1	13983
ESR2	2701
ESRP1	6926
ESRP2	1524
ESRRA	69032
ESRRB	49159
ESRRG	98636
ESS2	5505
ESYT1	64609
ESYT2	7784
ESYT3	48216
ETAA1	53471
ETF1	81456
ETFA	98788
ETFB	42141
ETFBKMT	69561
ETFDH	33987
ETFRF1	9348
ETHE1	56147
ETNK1	27936
ETNK2	32338
ETNPPL	35645
ETS1	37638
ETS2	63121
ETV1	28103
ETV2	23949
ETV3	68689
ETV3L	46581
ETV4	61940
ETV5	88314
ETV6	62411
ETV7	261
EVA1A	67793
EVA1B	78310
EVA1C	68159
EVC	44528
EVC2	47824
EVI5	15310
EVI5L	6701
EVL	27825
EVPL	34693
EWSR1	23039
EXD1	78734
EXD2	22968
EXD3	68906
EXO1	99663
EXO5	51347
EXOC1	74588
EXOC1L	33656
EXOC2	87754
EXOC3	81671
EXOC3L1	52997
EXOC3L2	57605
EXOC3L4	25337
EXOC4	6507
EXOC5	22947
EXOC6	34819
EXOC6B	44142
EXOC7	93065
EXOC8	55959
EXOG	63996
EXOSC1	87528
EXOSC10	52986
EXOSC3	69255
EXOSC4	29325
EXOSC5	63581
EXOSC6	15448
EXOSC7	94713
EXOSC8	38262
EXOSC9	69912
EXPH5	77814
EXT1	11452
EXT2	14518
EXTL1	95296
EXTL2	47513
EXTL3	13706
EYA1	33052
EYA2	21037
EYA3	32902
EYA4	57472
EYS	19015
EZH1	15649
EZH2	96350
EZR	26974
F10	54008
F11R	98319
F12	10986
F13A1	51846
F2	83275
F2R	4357
F2RL1	60137
F2RL2	30416
F2RL3	23656
F3	34771
F5	91338
F7	45791
F8	23611
FA2H	82214
FAAH	22005
FAAH2	16843
FAAP100	18687
FABP1	99566
FABP3	59232
FABP5	13859
FABP6	17087
FABP7	16466
FADD	20525
FADS1	55420
FADS2	88520
FADS3	24202
FAF1	61908
FAF2	43763
FAH	16345
FAHD1	80724
FAHD2A	48337
FAHD2B	28495
FAIM	49839
FAIM2	84063
FAM102A	78034
FAM102B	86841
FAM104A	29971
FAM104B	84522
FAM107A	29733
FAM107B	57168
FAM110A	79066
FAM110B	23749
FAM110C	14494
FAM110D	24677
FAM111A	5441
FAM111B	12932
FAM114A1	91430
FAM114A2	31560
FAM117B	52905
FAM118A	36722
FAM118B	58125
FAM120A	53794
FAM120AOS	74172
FAM120B	77781
FAM120C	40914
FAM122A	30853
FAM122B	99333
FAM122C	41605
FAM124A	67331
FAM124B	27423
FAM126A	58002
FAM126B	74840
FAM129A	52691
FAM129B	47478
FAM129C	35128
FAM131A	16349
FAM131B	81802
FAM133A	59612
FAM135A	90647
FAM135B	24552
FAM136A	15829
FAM13A	57075
FAM13B	1872
FAM13C	51946
FAM149A	87867
FAM149B1	82782
FAM151A	28361
FAM151B	41866
FAM155A	8859
FAM155B	47926
FAM160A1	80519
FAM160A2	45065
FAM160B1	51687
FAM160B2	70698
FAM161A	2484
FAM161B	35167
FAM162A	10583
FAM162B	3645
FAM163A	27054
FAM163B	92275
FAM166A	60960
FAM166B	42940
FAM167A	41624
FAM167B	30921
FAM168A	72801
FAM168B	20256
FAM169A	88102
FAM170A	49309
FAM170B	4546
FAM171A1	3116
FAM171A2	46860
FAM171B	98495
FAM172A	65191
FAM173A	40656
FAM174A	15603
FAM174B	74753
FAM177B	35550
FAM178B	44829
FAM180A	79258
FAM180B	89251
FAM181A	36150
FAM181B	45743
FAM183A	63161
FAM184A	53393
FAM184B	8381
FAM185A	75981
FAM186A	261
FAM186B	18764
FAM187A	37635
FAM187B	88618
FAM189A1	95166
FAM189A2	88670
FAM193A	12714
FAM193B	53672
FAM199X	61038
FAM200A	49507
FAM200B	98719
FAM204A	83256
FAM205A	56157
FAM205C	77251
FAM207A	69945
FAM20A	81515
FAM20B	36574
FAM20C	34856
FAM210B	88603
FAM214A	24378
FAM214B	69016
FAM216A	42204
FAM216B	41121
FAM217A	26312
FAM217B	32893
FAM218A	91233
FAM219A	25555
FAM219B	77038
FAM220A	22611
FAM221A	17960
FAM221B	9559
FAM222A	87810
FAM222B	37959
FAM227A	23183
FAM227B	40788
FAM228A	36099
FAM229A	26940
FAM229B	49090
FAM234A	44616
FAM234B	29163
FAM237A	41780
FAM240C	22646
FAM241A	42233
FAM241B	83015
FAM24A	56664
FAM24B	9432
FAM32A	95492
FAM3A	94829
FAM3B	74554
FAM3C	56346
FAM3D	84185
FAM43A	98893
FAM47A	78960
FAM47C	38074
FAM49A	22113
FAM49B	61564
FAM50A	19023
FAM50B	42789
FAM53A	38994
FAM53B	10627
FAM53C	86409
FAM57A	10379
FAM57B	83470
FAM71C	61257
FAM71D	6103
FAM71F1	7469
FAM76A	32078
FAM76B	72477
FAM78A	25594
FAM78B	47605
FAM81A	83007
FAM81B	29434
FAM83A	62950
FAM83B	80631
FAM83C	44741
FAM83D	61857
FAM83E	12447
FAM83F	94527
FAM83G	16013
FAM83H	46773
FAM89A	75589
FAM89B	38904
FAM8A1	61388
FAM91A1	55104
FAM92A	13267
FAM92B	57031
FAM98A	43347
FAM98B	67140
FAM98C	58925
FAM9A	43026
FAM9B	4517
FAM9C	93761
FAN1	37111
FANCA	41157
FANCB	65002
FANCC	33514
FANCD2	89956
FANCE	71600
FANCG	75249
FANCI	9708
FANCL	90638
FANCM	42485
FANK1	36003
FAP	70982
FAR1	53625
FAR2	23110
FARP1	60502
FARP2	87961
FARS2	51475
FARSA	5179
FARSB	87250
FAS	83452
FASLG	77642
FASN	40744
FASTK	6834
FASTKD1	79327
FASTKD2	96178
FASTKD3	55052
FAT1	282
FAT2	91813
FAT3	8647
FAT4	16525
FATE1	15783
FAU	39307
FAXC	82467
FAXDC2	97406
FBF1	23121
FBL	15487
FBLIM1	59052
FBLL1	39758
FBLN1	97718
FBLN2	63706
FBLN5	52640
FBLN7	70921
FBN2	36053
FBN3	14267
FBP1	26576
FBP2	99755
FBRS	39036
FBXL12	94100
FBXL13	83320
FBXL14	71041
FBXL15	55668
FBXL16	81042
FBXL17	70958
FBXL18	28861
FBXL19	82025
FBXL2	88105
FBXL20	61378
FBXL22	44290
FBXL3	10461
FBXL4	41028
FBXL5	990
FBXL6	63585
FBXL7	18916
FBXO10	28735
FBXO11	6648
FBXO15	67578
FBXO16	93966
FBXO2	194
FBXO21	88502
FBXO22	52290
FBXO24	30371
FBXO25	43506
FBXO27	64995
FBXO28	67328
FBXO3	64984
FBXO30	46949
FBXO31	92367
FBXO32	72214
FBXO33	39088
FBXO34	47539
FBXO36	50516
FBXO38	24828
FBXO39	8958
FBXO4	88489
FBXO40	72545
FBXO41	98291
FBXO42	90201
FBXO43	98853
FBXO45	47110
FBXO46	943
FBXO47	46991
FBXO48	75109
FBXO5	34110
FBXO6	58813
FBXO7	5955
FBXO8	57391
FBXO9	40452
FBXW11	62449
FBXW12	4488
FBXW2	30449
FBXW4	9655
FBXW5	56137
FBXW7	93867
FBXW8	77105
FBXW9	18174
FCAMR	16486
FCAR	3096
FCER1G	35233
FCER2	65412
FCGR1A	81164
FCGR2B	95891
FCGRT	19034
FCHO1	28395
FCHO2	85381
FCHSD1	21050
FCHSD2	23250
FCMR	38773
FCN3	30978
FCRL1	36428
FCRL3	25208
FCRL4	24875
FCRL5	25522
FCRL6	81802
FCRLA	12239
FCRLB	35946
FCSK	25025
FDFT1	93313
FDX1	32675
FDXACB1	84880
FDXR	26643
FECH	60682
FEM1A	94601
FEM1B	69851
FEM1C	38131
FEN1	60259
FER	9353
FER1L5	73735
FER1L6	50030
FERD3L	34676
FERMT1	54019
FERMT2	86111
FERMT3	68408
FES	2302
FETUB	87664
FEV	95882
FEZ1	33234
FEZ2	61011
FEZF1	85624
FEZF2	27094
FFAR1	66903
FFAR2	31293
FFAR4	44291
FGB	64097
FGD1	91845
FGD2	27196
FGD3	99141
FGD4	11843
FGD5	48973
FGD6	15350
FGF1	89734
FGF10	3046
FGF11	42995
FGF12	65881
FGF13	70234
FGF14	52688
FGF16	2550
FGF17	80062
FGF18	21384
FGF2	50587
FGF20	59774
FGF22	6560
FGF23	71650
FGF5	87966
FGF6	71912
FGF7	2938
FGF8	60411
FGF9	94038
FGFR1	57409
FGFR1OP	59742
FGFR1OP2	20870
FGFR2	4812
FGFR3	52411
FGFR4	38652
FGFRL1	22103
FGGY	3437
FGL1	62415
FGL2	53085
FGR	79415
FH	2932
FHAD1	25930
FHDC1	95867
FHIT	10327
FHL1	43900
FHL2	5783
FHL3	6168
FHL5	81413
FHOD1	27248
FHOD3	75923
FIBCD1	9145
FIBP	55014
FICD	96390
FIG4	66921
FIGN	50969
FIGNL2	26897
FILIP1	66670
FILIP1L	2835
FIP1L1	34507
FIS1	5143
FITM1	55125
FITM2	4283
FIZ1	73867
FJX1	19735
FKBP10	51261
FKBP11	94786
FKBP14	74520
FKBP15	71398
FKBP1A	18603
FKBP1B	30499
FKBP3	24068
FKBP4	97977
FKBP5	49057
FKBP6	46185
FKBP7	18670
FKBP8	16316
FKBP9	45858
FKBPL	3245
FKRP	55474
FKTN	94873
FLACC1	20771
FLAD1	76317
FLCN	83025
FLI1	75366
FLII	63453
FLNA	85808
FLNB	67081
FLNC	9079
FLOT1	96046
FLOT2	3062
FLRT1	47542
FLRT2	39744
FLRT3	12397
FLT1	8674
FLT3	72789
FLT3LG	14162
FLT4	84565
FLVCR1	2732
FLVCR2	24271
FLYWCH1	28309
FLYWCH2	20492
FMC1-LUC7L2	53639
FMN1	75616
FMN2	22682
FMNL1	37373
FMNL2	47229
FMNL3	15626
FMO1	12589
FMO2	25146
FMO3	36203
FMO4	92516
FMO5	15207
FMOD	61935
FMR1	39640
FN1	98034
FN3K	92353
FN3KRP	87891
FNBP1	81453
FNBP1L	421
FNBP4	66125
FNDC1	85698
FNDC11	40731
FNDC3A	60007
FNDC3B	37420
FNDC4	95765
FNDC5	82550
FNDC7	5367
FNIP1	99174
FNIP2	66984
FOCAD	37014
FOLH1	2523
FOLR1	25466
FOLR2	59260
FOPNL	51168
FOS	26894
FOSB	14726
FOSL1	76992
FOSL2	78039
FOXA3	38957
FOXB1	31985
FOXC1	3264
FOXC2	72050
FOXD2	32989
FOXD3	96427
FOXD4L1	24978
FOXE1	32013
FOXF1	47679
FOXF2	32510
FOXG1	79477
FOXH1	68523
FOXI3	29287
FOXJ1	79187
FOXJ2	65519
FOXJ3	29416
FOXK1	63689
FOXK2	63144
FOXL1	30988
FOXL2	58288
FOXL2NB	26041
FOXM1	29622
FOXN2	28884
FOXN3	45647
FOXN4	42018
FOXO1	99470
FOXO3	68978
FOXO4	87450
FOXO6	85604
FOXP1	30678
FOXP2	27726
FOXP3	88034
FOXP4	34498
FOXQ1	49227
FOXR1	58973
FOXRED1	73513
FOXRED2	48499
FPGS	92169
FPR2	19473
FRA10AC1	22371
FRAS1	62166
FRAT1	87679
FRAT2	21695
FREM1	28775
FREM2	70786
FREM3	93543
FRG1	12082
FRK	87754
FRMD1	514
FRMD3	44080
FRMD4A	3628
FRMD4B	69669
FRMD5	10623
FRMD6	98038
FRMD7	95446
FRMD8	19846
FRMPD1	10582
FRMPD2	72349
FRMPD3	85827
FRMPD4	19122
FRRS1	59442
FRRS1L	35841
FRS2	44483
FRS3	3791
FRY	21964
FRYL	43843
FRZB	85403
FSCB	56838
FSCN1	65434
FSCN2	33763
FSCN3	13248
FSD1	11527
FSD1L	22271
FSD2	6892
FSHB	7672
FSHR	83784
FSIP1	90655
FSIP2	17319
FST	51017
FSTL1	25962
FSTL3	47064
FSTL4	30215
FSTL5	35272
FTCD	74967
FTH1	93291
FTL	99305
FTO	59322
FTSJ1	44578
FTSJ3	97015
FUBP1	33752
FUBP3	42701
FUCA1	45867
FUCA2	43420
FUNDC1	11305
FUNDC2	66082
FUOM	37689
FURIN	64727
FUS	15925
FUT1	65797
FUT10	28287
FUT11	35477
FUT3	18457
FUT7	59945
FUT8	95110
FUT9	38116
FUZ	9390
FXN	48252
FXR1	57890
FXR2	27307
FXYD1	27712
FXYD4	7393
FXYD5	85663
FXYD6	82345
FYB1	58717
FYB2	37517
FYCO1	79058
FYN	9445
FYTTD1	18562
FZD10	72633
FZD2	82446
FZD3	6773
FZD4	93227
FZD5	53181
FZD6	74819
FZD7	98648
FZD8	6361
FZD9	92580
FZR1	98636
G0S2	1240
G2E3	90119
G3BP1	30066
G3BP2	11257
G6PC3	21170
G6PD	71785
GAA	3343
GAB1	75937
GAB2	11051
GAB3	57594
GABARAP	80753
GABARAPL1	12647
GABARAPL2	53578
GABBR1	5197
GABBR2	84083
GABPA	81171
GABPB1	32487
GABRA1	38975
GABRA2	1095
GABRA3	74912
GABRA4	71645
GABRA5	31529
GABRA6	29754
GABRB1	88353
GABRB2	5172
GABRB3	29601
GABRD	28095
GABRE	71271
GABRG1	47605
GABRG2	59580
GABRG3	92920
GABRQ	48809
GABRR1	47252
GABRR2	34106
GABRR3	37422
GAD1	57305
GAD2	9296
GADD45A	75713
GADD45B	48431
GADD45G	45310
GADD45GIP1	56427
GADL1	66789
GAK	83478
GAL	59572
GAL3ST1	52121
GAL3ST2	34257
GAL3ST3	67126
GAL3ST4	96955
GALC	12697
GALE	83153
GALK1	16300
GALK2	99106
GALM	38094
GALNS	8264
GALNT1	100061
GALNT10	7617
GALNT11	54543
GALNT12	79463
GALNT13	13145
GALNT14	32080
GALNT15	8400
GALNT16	78117
GALNT17	28740
GALNT18	82295
GALNT2	28421
GALNT3	1386
GALNT5	87579
GALNT6	60323
GALNT7	93471
GALNT9	76745
GALNTL5	57229
GALNTL6	57549
GALP	71308
GALR2	30313
GALR3	93805
GAMT	41813
GAN	7022
GANAB	3525
GAP43	62865
GAPDH	50709
GAPDHS	23952
GAPVD1	24546
GAR1	59387
GAREM1	14701
GAREM2	34444
GARNL3	60977
GARS	76469
GART	18613
GAS1	60346
GAS2	24936
GAS2L1	31400
GAS2L2	27379
GAS2L3	30821
GAS6	20719
GAS8	72842
GASK1A	9942
GASK1B	34466
GAST	27659
GATA2	4117
GATA3	92241
GATA4	51083
GATA5	19645
GATA6	70008
GATAD1	12777
GATAD2A	68107
GATAD2B	49360
GATB	31882
GATD1	40427
GATM	19328
GBA	7184
GBA2	18296
GBA3	84235
GBE1	1287
GBF1	61783
GBP1	95945
GBP2	87387
GBP3	24268
GBP7	92835
GBX1	84657
GBX2	17267
GCA	30288
GCAT	96275
GCC1	27301
GCC2	14868
GCDH	86893
GCFC2	48053
GCG	74294
GCGR	54149
GCH1	58384
GCHFR	68672
GCK	94333
GCKR	85356
GCLC	96714
GCLM	31619
GCN1	76563
GCNA	36987
GCNT1	94206
GCNT2	43334
GCNT3	58016
GCNT4	20911
GCNT7	8820
GCSAML	33065
GDA	42465
GDAP1	38239
GDAP1L1	45291
GDAP2	33632
GDE1	76275
GDF10	93692
GDF11	48624
GDF15	12124
GDF2	79451
GDF5	78586
GDF6	74035
GDF7	9196
GDF9	42349
GDI1	49701
GDI2	5424
GDNF	66738
GDPD1	5286
GDPD2	91578
GDPD3	51454
GDPD4	2738
GDPD5	80125
GEM	75754
GEMIN2	36641
GEMIN4	6353
GEMIN5	19171
GEMIN6	91854
GEMIN7	26388
GEMIN8	78318
GEN1	4117
GET4	93453
GFAP	49874
GFER	33027
GFI1	9162
GFI1B	34342
GFM1	17959
GFM2	95798
GFOD1	59973
GFOD2	52979
GFPT1	35653
GFPT2	70787
GFRA1	46465
GFRA2	26940
GFRA3	23039
GFRA4	84602
GFRAL	98339
GFY	39384
GGA1	5962
GGA2	96634
GGA3	24597
GGCX	6761
GGH	81113
GGN	57992
GGNBP2	78249
GGPS1	84178
GGT6	66215
GGT7	49726
GHDC	32958
GHITM	21456
GHR	28517
GHRH	5898
GHRL	97795
GHSR	74757
GID4	64866
GID8	29115
GIGYF1	95743
GIGYF2	9700
GIMAP2	99950
GIMAP4	62564
GIMAP6	91411
GIMAP7	60083
GIMAP8	63918
GIN1	51670
GINM1	55775
GINS1	22201
GINS2	60295
GINS3	67493
GINS4	84383
GIPC1	24141
GIPC2	46718
GIPC3	33229
GIPR	15220
GIT1	3796
GIT2	93312
GJA10	44946
GJA3	18050
GJA5	72550
GJA9	49678
GJB2	18432
GJB5	73640
GJB6	27559
GJC1	84062
GJC2	81558
GJC3	73189
GJD2	15583
GJD3	60150
GJD4	25502
GK	24812
GK5	35775
GKAP1	46971
GKN2	20409
GLA	39479
GLB1L	10882
GLB1L2	32139
GLB1L3	61142
GLCCI1	1873
GLCE	60052
GLDC	84012
GLDN	90701
GLE1	11737
GLG1	43397
GLI1	29312
GLI2	61294
GLI3	63591
GLI4	53627
GLIPR1	85757
GLIPR1L1	77653
GLIPR1L2	61359
GLIPR2	14600
GLIS1	54924
GLIS2	13002
GLIS3	47878
GLMN	86058
GLMP	51920
GLO1	45370
GLOD4	5795
GLP1R	97603
GLP2R	13550
GLRA1	45574
GLRA2	16680
GLRA3	79644
GLRA4	94964
GLRB	7145
GLRX	71997
GLRX2	15224
GLRX3	7592
GLRX5	47148
GLS	96377
GLS2	45798
GLT1D1	92234
GLT6D1	49929
GLT8D1	17975
GLT8D2	11309
GLTP	90192
GLTPD2	50977
GLUL	11218
GLYAT	37740
GLYATL1	33878
GLYCTK	30542
GLYR1	51349
GM2A	514
GMCL1	78128
GMCL2	82904
GMDS	18367
GMEB1	99477
GMEB2	65916
GMFB	33493
GMFG	97219
GMIP	29890
GML	55222
GMNC	74907
GMNN	56085
GMPPA	55403
GMPPB	56810
GMPR	92254
GMPR2	46697
GMPS	60247
GNA11	32908
GNA12	69003
GNA13	63820
GNA14	12302
GNA15	25445
GNAI1	23653
GNAI2	40896
GNAI3	98727
GNAL	51703
GNAO1	15427
GNAQ	79883
GNAS	89349
GNAT1	83202
GNAT2	15583
GNAT3	94049
GNAZ	14272
GNB1	6098
GNB1L	46360
GNB2	42634
GNB3	95953
GNB4	67799
GNB5	48654
GNE	33655
GNG10	91170
GNG11	20276
GNG12	32326
GNG13	34726
GNG2	23508
GNG3	69600
GNG4	46405
GNG7	56991
GNGT2	91928
GNL1	92132
GNL2	15329
GNL3	87415
GNL3L	94992
GNLY	19932
GNMT	31428
GNPAT	38851
GNPDA1	85279
GNPDA2	68894
GNPNAT1	46540
GNPTAB	28663
GNPTG	39714
GNRH1	51941
GNRH2	83696
GNS	66341
GOLGA1	49294
GOLGA2	58238
GOLGA3	48428
GOLGA4	97847
GOLGA5	25811
GOLGA7	56924
GOLGA7B	76307
GOLGB1	74358
GOLM1	20784
GOLPH3	42673
GOLPH3L	98654
GOLT1A	54405
GOLT1B	85386
GON4L	25723
GON7	72642
GORAB	44389
GORASP1	8722
GORASP2	34150
GOSR1	66142
GOT1	97979
GOT1L1	12138
GOT2	14357
GP1BA	91546
GP1BB	23509
GP6	82427
GP9	50757
GPA33	33282
GPAA1	85393
GPALPP1	98730
GPAM	69337
GPANK1	1201
GPAT2	63781
GPAT4	94590
GPATCH1	74084
GPATCH11	35547
GPATCH2	61824
GPATCH2L	17934
GPATCH3	71081
GPATCH4	59863
GPATCH8	15369
GPBAR1	55310
GPBP1	24026
GPBP1L1	232
GPC1	84203
GPC2	84459
GPC3	45674
GPC4	17874
GPC5	26660
GPC6	37298
GPCPD1	30549
GPD1	34781
GPD1L	25159
GPD2	35662
GPER1	16035
GPHA2	87991
GPHB5	34311
GPHN	52915
GPIHBP1	8208
GPKOW	65590
GPLD1	89908
GPM6A	99441
GPM6B	71154
GPN1	92044
GPN2	45796
GPN3	72677
GPNMB	52684
GPR1	14958
GPR101	38889
GPR107	69948
GPR12	7265
GPR135	19182
GPR137	14800
GPR137B	12065
GPR137C	49826
GPR139	63700
GPR142	95815
GPR143	1378
GPR146	98678
GPR149	10124
GPR15	35756
GPR150	19263
GPR151	57180
GPR152	46787
GPR153	63710
GPR155	4980
GPR156	84901
GPR157	94926
GPR158	50601
GPR160	79993
GPR161	74860
GPR162	100059
GPR17	36904
GPR171	4909
GPR173	48239
GPR174	6509
GPR176	76676
GPR179	47255
GPR18	22699
GPR180	80479
GPR183	17691
GPR19	96788
GPR20	97177
GPR22	41167
GPR25	25925
GPR26	6333
GPR27	65335
GPR3	57082
GPR32	70985
GPR35	44150
GPR37	17391
GPR37L1	67653
GPR4	49314
GPR45	88374
GPR50	29535
GPR55	27052
GPR61	23652
GPR63	43500
GPR65	61117
GPR68	65850
GPR78	65011
GPR82	4897
GPR83	3765
GPR84	54053
GPR87	4089
GPR88	46682
GPRASP1	95682
GPRASP2	86219
GPRC5A	2661
GPRC5B	48616
GPRC5C	97875
GPRC5D	45776
GPRIN2	14694
GPS1	94317
GPS2	19110
GPSM1	7788
GPSM2	23065
GPSM3	41526
GPT	50816
GPT2	30479
GPX1	83470
GPX2	36136
GPX3	64273
GPX4	82173
GPX7	22217
GPX8	42186
GRAMD1A	90144
GRAMD1B	69993
GRAMD1C	41326
GRAMD2A	48362
GRAMD2B	3274
GRAP	66115
GRAP2	56272
GRASP	54901
GRB10	69345
GRB14	99264
GRB2	23857
GRB7	45951
GREB1	61024
GREB1L	5534
GREM2	69657
GRHL1	45508
GRHL2	87217
GRHL3	85881
GRHPR	31222
GRIA1	76323
GRIA2	86075
GRIA3	51599
GRIA4	31921
GRID1	26076
GRID2	3433
GRID2IP	69809
GRIK1	11239
GRIK2	9351
GRIK3	61795
GRIK4	22052
GRIK5	92175
GRIN1	20624
GRIN2A	58786
GRIN2B	56669
GRIN2C	42757
GRIN2D	46945
GRIN3A	58413
GRIN3B	99740
GRINA	26891
GRIP1	63745
GRIP2	84325
GRIPAP1	38534
GRK1	58772
GRK2	54573
GRK3	17228
GRK4	24961
GRK5	32432
GRK6	4353
GRK7	86638
GRM1	9987
GRM2	20160
GRM3	87640
GRM4	45948
GRM5	57514
GRM6	97453
GRM7	52002
GRM8	37444
GRN	14735
GRP	82149
GRPEL1	22200
GRPR	8361
GRSF1	34690
GRTP1	48423
GRWD1	29551
GRXCR1	70676
GRXCR2	75631
GSAP	39791
GSC	84960
GSC2	80525
GSDMA	41266
GSDMB	27297
GSDMC	84175
GSDMD	22350
GSDME	11359
GSE1	36693
GSG1	49326
GSG1L	34469
GSG1L2	18260
GSK3B	59508
GSKIP	93501
GSN	12706
GSPT1	33597
GSPT2	18163
GSR	81203
GSS	1794
GSTA4	58656
GSTA5	37864
GSTCD	43436
GSTK1	25615
GSTM1	73895
GSTM3	47414
GSTM4	71629
GSTM5	92309
GSTO1	5000
GSTO2	13740
GSTP1	65727
GSTT2	63481
GSTZ1	55712
GSX1	40196
GSX2	91309
GTDC1	56837
GTF2A1	33446
GTF2A1L	55487
GTF2A2	98091
GTF2B	72588
GTF2E1	56518
GTF2E2	18089
GTF2F1	23725
GTF2F2	85571
GTF2H1	68665
GTF2H4	2508
GTF2H5	69523
GTF2I	11164
GTF2IRD1	78278
GTF3A	29555
GTF3C1	92055
GTF3C2	27929
GTF3C3	3689
GTF3C4	20999
GTF3C5	23748
GTPBP1	40047
GTPBP10	66895
GTPBP2	2791
GTPBP3	3343
GTPBP4	49798
GTPBP6	38663
GTPBP8	56850
GTSE1	12210
GTSF1	76676
GUCA1B	34487
GUCA1C	43382
GUCA2A	77483
GUCD1	54719
GUCY1A1	77999
GUCY1A2	67767
GUCY1B1	59446
GUCY2C	31905
GUCY2D	32493
GUCY2F	61421
GUF1	23170
GUK1	89452
GULP1	69673
GVQW3	58126
GXYLT1	14211
GXYLT2	20426
GYG1	97353
GYG2	5607
GYPC	49794
GYS1	61628
GZF1	46143
GZMA	60676
GZMB	94824
GZMK	13773
H1F0	49726
H1FX	78803
H2AFJ	74210
H2AFV	12355
H2AFX	36524
H2AFY	67390
H2AFY2	54824
H2AFZ	30488
H2BFM	29401
H3F3B	81287
H6PD	99485
HAAO	4388
HABP2	44734
HABP4	70820
HACD1	26466
HACD2	55606
HACD3	71085
HACD4	18378
HACE1	41565
HACL1	7878
HADH	55754
HADHA	49022
HADHB	17132
HAGH	9710
HAGHL	28901
HAL	85186
HAMP	82445
HAO1	42626
HAO2	49092
HAP1	25557
HAPLN1	73756
HAPLN2	37821
HAPLN3	16593
HAPLN4	29786
HARBI1	72053
HARS	58566
HARS2	12076
HAS1	7816
HAS2	55219
HAS3	34440
HAT1	35390
HAUS1	44762
HAUS2	53997
HAUS3	74579
HAUS4	69072
HAUS5	88170
HAUS6	30800
HAUS7	87272
HAUS8	5409
HAVCR1	31043
HAVCR2	33811
HAX1	62560
HBB	53489
HBEGF	23558
HBM	89844
HBP1	21669
HBQ1	95936
HBS1L	57155
HBZ	73691
HCAR1	87680
HCCS	72885
HCFC1	23974
HCFC1R1	76529
HCFC2	95527
HCK	70159
HCLS1	34484
HCN1	15608
HCN2	85034
HCN3	24464
HCN4	23980
HCRT	54511
HCRTR1	18946
HCRTR2	1327
HCST	22714
HDAC1	74104
HDAC10	60293
HDAC11	40675
HDAC2	31326
HDAC3	42557
HDAC4	59456
HDAC5	36564
HDAC6	64546
HDAC7	8551
HDAC9	98677
HDC	83495
HDDC2	97697
HDDC3	61035
HDGF	81350
HDGFL2	59547
HDGFL3	79817
HDHD3	90237
HDHD5	70584
HDLBP	58140
HDX	18036
HEATR1	29574
HEATR3	77697
HEATR4	98228
HEATR5A	79800
HEATR5B	24719
HEATR9	27834
HEBP1	83892
HEBP2	83508
HECA	55993
HECTD1	48017
HECTD2	36072
HECTD3	57506
HECTD4	68352
HECW1	80847
HECW2	180
HEG1	46892
HELB	97783
HELLS	11149
HELQ	90102
HELT	70839
HELZ	63068
HELZ2	91766
HEMGN	29675
HEMK1	34479
HENMT1	73884
HEPACAM	28615
HEPACAM2	5656
HEPH	62977
HEPHL1	71374
HERC1	55812
HERC2	61428
HERC4	77143
HERC5	67833
HERC6	74167
HERPUD1	53084
HERPUD2	47336
HES1	71151
HES2	56029
HES4	94165
HES5	78784
HES6	4188
HES7	35224
HESX1	45321
HEXA	42064
HEXB	9088
HEXD	69857
HEXIM1	45814
HEXIM2	1201
HEY1	10402
HEY2	39341
HEYL	80891
HFE	27766
HFM1	45270
HGD	4738
HGF	51487
HGFAC	94706
HGH1	12417
HGS	66863
HHAT	29881
HHATL	48132
HHEX	66521
HHIP	24938
HHIPL1	79934
HHIPL2	41868
HHLA1	10932
HHLA2	41722
HIBADH	58185
HIBCH	22680
HIC1	53463
HIC2	14803
HID1	34155
HIF1A	43305
HIF1AN	23394
HIF3A	32840
HIGD1A	92456
HIGD1B	72501
HIGD1C	95377
HIGD2A	89384
HIGD2B	38662
HIKESHI	19365
HILPDA	24728
HINFP	96645
HINT1	27351
HINT2	16684
HINT3	8070
HIP1	52835
HIP1R	26384
HIPK1	28328
HIPK2	52789
HIPK3	78303
HIPK4	40357
HIRA	32987
HIRIP3	44600
HIST1H1B	3907
HIST1H1E	15517
HIST1H2AA	99039
HIST1H2AC	302
HIST1H2AD	53693
HIST1H2AG	42916
HIST1H2AJ	76839
HIST1H2BA	10891
HIST1H2BB	89042
HIST1H2BD	24366
HIST1H2BJ	32509
HIST1H2BM	8500
HIST1H2BN	55940
HIST1H2BO	61722
HIST2H2AB	48819
HIST2H2AC	45058
HIST2H2BE	90581
HIST2H2BF	73009
HIST2H3D	94826
HIST3H2A	28419
HIST3H2BB	7329
HIST3H3	61932
HIVEP1	38680
HIVEP2	84934
HIVEP3	41318
HJURP	44290
HJV	63263
HK1	38311
HK2	59992
HK3	58333
HKDC1	84891
HLA-DMA	51215
HLA-DOA	38906
HLA-DOB	83729
HLA-DPA1	59594
HLA-DPB1	4518
HLA-DQA2	94154
HLA-DRA	83042
HLA-E	72764
HLA-F	1408
HLCS	75760
HLF	42322
HLTF	22389
HLX	91121
HM13	76987
HMBOX1	6935
HMBS	50341
HMCES	58597
HMCN1	58120
HMG20A	73555
HMG20B	38067
HMGA2	43291
HMGB1	37181
HMGB2	89256
HMGB3	13786
HMGCL	34432
HMGCLL1	60255
HMGCR	34447
HMGCS1	42142
HMGCS2	89022
HMGN3	29132
HMGN4	33434
HMGN5	38185
HMGXB3	93342
HMGXB4	78001
HMMR	73790
HMOX1	93859
HMOX2	37875
HMX1	68895
HNF1A	82912
HNF1B	29985
HNF4A	35189
HNF4G	27106
HNRNPA0	28794
HNRNPA1	26956
HNRNPA2B1	14057
HNRNPA3	88869
HNRNPAB	72743
HNRNPC	40503
HNRNPD	24598
HNRNPDL	52394
HNRNPF	73333
HNRNPH1	37422
HNRNPH3	8070
HNRNPK	39141
HNRNPL	40387
HNRNPLL	96707
HNRNPM	54840
HNRNPR	80465
HNRNPU	78212
HNRNPUL1	52083
HOMER1	35149
HOMER2	31778
HOMEZ	42007
HOOK1	20114
HOOK2	73356
HOOK3	18068
HOPX	19602
HORMAD1	37971
HORMAD2	46734
HOXA10	1750
HOXA5	95325
HOXA7	90175
HOXA9	66535
HOXB3	99344
HOXB4	21813
HOXB5	48866
HOXB6	20042
HOXB7	45742
HOXD1	97951
HOXD3	5575
HOXD4	56931
HP1BP3	72627
HPCA	72536
HPCAL1	69382
HPCAL4	74265
HPD	52324
HPDL	52793
HPF1	38680
HPGD	29757
HPGDS	87640
HPN	52938
HPRT1	48073
HPS1	19192
HPS3	20007
HPS4	80984
HPS5	86699
HPS6	19994
HPSE	63275
HPSE2	67220
HPX	57068
HR	78083
HRAS	49538
HRC	86077
HRCT1	57068
HRG	90607
HRH1	62029
HRH2	81857
HRH3	82796
HRH4	45311
HS1BP3	61068
HS2ST1	94023
HS3ST2	72086
HS3ST3A1	71390
HS3ST3B1	69032
HS3ST4	30861
HS3ST5	81264
HS3ST6	7376
HS6ST1	86762
HS6ST2	71140
HS6ST3	93199
HSBP1L1	5797
HSCB	90888
HSD11B1	94797
HSD11B1L	66964
HSD11B2	66009
HSD17B1	23230
HSD17B10	98331
HSD17B11	77338
HSD17B12	2605
HSD17B13	66334
HSD17B3	46001
HSD17B4	92342
HSD17B6	99762
HSD17B7	90676
HSD17B8	68035
HSD3B1	12356
HSD3B7	76493
HSDL1	25053
HSDL2	14002
HSF1	71996
HSF2	74152
HSF2BP	98487
HSF4	78552
HSF5	259
HSH2D	81587
HSP90AA1	57078
HSP90AB1	64170
HSP90B1	74036
HSPA12A	36260
HSPA12B	77504
HSPA13	58575
HSPA14	59696
HSPA2	97760
HSPA4	69952
HSPA4L	79639
HSPA5	17299
HSPA6	11647
HSPA8	93421
HSPB1	81317
HSPB11	28564
HSPB3	38267
HSPB6	25912
HSPB7	90563
HSPB8	39998
HSPBAP1	95717
HSPBP1	37133
HSPG2	3007
HSPH1	63647
HTATIP2	68094
HTATSF1	68543
HTR1A	60726
HTR1B	13409
HTR1D	94560
HTR1E	186
HTR1F	81541
HTR2A	92350
HTR2B	63102
HTR2C	66314
HTR3A	54655
HTR3B	72587
HTR3D	75352
HTR4	78236
HTR5A	92816
HTR6	65541
HTR7	92823
HTRA1	37457
HTRA2	16637
HTRA3	3331
HTRA4	88307
HTT	49327
HUNK	55545
HUS1	55158
HUS1B	45205
HUWE1	63050
HVCN1	72269
HYAL1	10756
HYAL2	61816
HYAL3	21076
HYAL4	54707
HYDIN	94990
HYI	75545
HYKK	24761
HYLS1	40207
HYOU1	9047
HYPK	16943
IAH1	40620
IAPP	78841
IARS	62383
IARS2	29633
IBA57	66432
IBSP	627
IBTK	84416
ICA1	99404
ICA1L	70791
ICAM1	53171
ICAM2	28722
ICAM3	21863
ICAM4	63874
ICAM5	52043
ICE1	87616
ICE2	33258
ICK	42514
ICMT	93859
ICOS	75588
ID1	65299
ID2	73910
ID3	65967
ID4	45557
IDE	20759
IDH1	62020
IDH2	26662
IDH3A	92776
IDH3B	94551
IDH3G	16505
IDI1	76098
IDI2	54422
IDNK	96363
IDO1	79985
IDO2	92269
IDUA	16613
IER2	74586
IER3	29675
IER5	96318
IER5L	41798
IFFO1	47835
IFFO2	36966
IFI16	76080
IFI27	79424
IFI27L1	22317
IFI27L2	65684
IFI30	20339
IFI35	88603
IFI44	60355
IFI44L	27748
IFI6	3016
IFIH1	19658
IFIT1	3631
IFIT2	6473
IFIT3	86186
IFITM1	73132
IFNA6	60914
IFNAR1	67884
IFNE	25051
IFNGR1	59952
IFNGR2	41142
IFNLR1	82599
IFRD1	257
IFT122	57901
IFT140	47744
IFT172	99514
IFT20	62276
IFT22	19576
IFT27	15495
IFT43	63532
IFT46	32624
IFT52	48091
IFT57	84592
IFT74	58405
IFT80	91798
IFT81	2817
IFT88	20717
IGDCC3	80987
IGDCC4	74512
IGF1	333
IGF1R	13862
IGF2	83510
IGF2BP1	54264
IGF2BP3	89812
IGF2R	33386
IGFALS	86837
IGFBP1	40031
IGFBP2	88184
IGFBP3	16025
IGFBP4	97501
IGFBP5	5704
IGFBP6	49451
IGFBP7	47382
IGFBPL1	20196
IGFL1	37808
IGFL3	82191
IGFL4	22794
IGFLR1	48485
IGFN1	20909
IGHMBP2	20158
IGIP	64292
IGKC	16252
IGLV11-55	46288
IGLV5-45	93277
IGSF1	55558
IGSF10	51956
IGSF11	99899
IGSF21	11845
IGSF22	86390
IGSF3	79302
IGSF5	69618
IGSF6	31717
IGSF8	99757
IGSF9	49362
IGSF9B	80914
IHH	78680
IK	90356
IKBIP	73490
IKBKB	6614
IKBKE	97683
IKBKG	45724
IKZF1	51133
IKZF2	36820
IKZF3	76578
IKZF4	75404
IKZF5	20712
IL10	28489
IL10RA	70666
IL10RB	26356
IL11	19965
IL12A	46696
IL12B	15178
IL12RB1	8378
IL12RB2	58863
IL13	57100
IL13RA1	56741
IL13RA2	44195
IL15	11208
IL15RA	55032
IL16	33941
IL17B	11201
IL17F	23051
IL17RA	30040
IL17RB	50355
IL17RC	22212
IL17RD	13912
IL17RE	72469
IL17REL	86639
IL18	33264
IL18BP	79699
IL18R1	72773
IL18RAP	24304
IL19	71820
IL1A	58433
IL1B	29466
IL1R1	74944
IL1R2	56448
IL1RAP	49416
IL1RAPL1	79132
IL1RAPL2	26519
IL1RL1	85565
IL1RL2	12512
IL1RN	59847
IL20	98179
IL20RA	19763
IL20RB	67964
IL21R	14576
IL22RA1	95571
IL23A	86671
IL25	17443
IL26	11919
IL27	2345
IL27RA	20624
IL2RB	69268
IL31RA	47412
IL33	28071
IL34	18266
IL36B	46206
IL36G	77660
IL37	76136
IL4I1	22476
IL4R	55848
IL5	62964
IL5RA	15510
IL6	66029
IL6R	89387
IL6ST	69147
IL7	42406
IL7R	73710
IL9	86391
IL9R	45414
ILDR1	26988
ILDR2	17256
ILF3	12534
ILK	28469
ILKAP	2294
ILRUN	75305
ILVBL	23210
IMMP2L	11498
IMMT	12057
IMP3	15786
IMP4	98789
IMPA1	22983
IMPA2	20474
IMPAD1	49978
IMPDH1	87864
IMPDH2	97902
IMPG1	61076
IMPG2	78648
INAVA	78893
INCA1	34069
INCENP	32180
INF2	28133
ING1	90215
ING2	74086
ING3	91829
ING4	45241
ING5	55600
INHA	95632
INHBA	27012
INHBB	13706
INHBC	24339
INHBE	15190
INIP	63919
INKA1	96399
INKA2	51101
INO80	54150
INO80D	23408
INO80E	84416
INPP4A	1120
INPP4B	68078
INPP5A	84790
INPP5B	8657
INPP5D	88664
INPP5E	27876
INPP5F	81480
INPP5J	86518
INPP5K	43188
INPPL1	15543
INS	8973
INSC	40952
INSIG1	10227
INSIG2	62954
INSL3	69391
INSL6	70139
INSM1	47677
INSM2	34124
INSR	81032
INSRR	21503
INSYN1	66697
INSYN2A	23319
INSYN2B	66685
INTS1	39002
INTS10	8540
INTS11	84393
INTS12	67775
INTS13	22478
INTS14	73703
INTS2	35389
INTS3	53209
INTS4	945
INTS5	83832
INTS6	69955
INTS6L	6063
INTS7	61335
INTS8	72111
INTS9	69817
INTU	67204
INVS	37679
IP6K1	59283
IP6K2	36901
IP6K3	55370
IPCEF1	54888
IPMK	50416
IPO11	74023
IPO13	1186
IPO4	73847
IPO5	24672
IPO7	92851
IPO8	95661
IPO9	78132
IPP	82522
IPPK	62893
IQANK1	17430
IQCA1	65899
IQCA1L	94982
IQCB1	15068
IQCC	74288
IQCD	12132
IQCE	12374
IQCF1	45212
IQCF2	40156
IQCF5	83609
IQCG	35694
IQCH	50370
IQCJ	83376
IQCK	62068
IQCN	64794
IQGAP1	80499
IQGAP2	49313
IQGAP3	26290
IQSEC1	82525
IQSEC2	43739
IQSEC3	30525
IQUB	15090
IRAK1	32822
IRAK1BP1	37718
IRAK2	51913
IRAK3	60461
IRAK4	96612
IREB2	40359
IRF1	83497
IRF2	59220
IRF2BP1	47170
IRF2BP2	84570
IRF2BPL	82039
IRF3	62409
IRF4	16573
IRF5	68456
IRF6	81512
IRF7	63263
IRF8	46699
IRF9	73705
IRGC	39766
IRGM	34643
IRGQ	56951
IRS1	17467
IRS2	32187
IRS4	914
IRX1	20351
IRX2	14902
IRX3	93202
IRX4	21407
IRX5	83243
IRX6	62060
ISCA1	4605
ISCA2	23112
ISCU	66394
ISG15	67407
ISG20	84878
ISL1	72994
ISL2	50529
ISLR	68169
ISLR2	99072
ISM1	4469
ISM2	37492
ISOC1	94029
ISOC2	9740
IST1	84628
ISYNA1	25140
ITCH	21255
ITFG1	12110
ITFG2	74373
ITGA1	94429
ITGA10	39282
ITGA11	25401
ITGA2	55901
ITGA2B	18835
ITGA3	19366
ITGA4	6079
ITGA5	14835
ITGA6	19398
ITGA7	74839
ITGA8	98643
ITGA9	68207
ITGAD	54862
ITGAE	81705
ITGAM	4478
ITGAV	71452
ITGAX	32641
ITGB1	14591
ITGB1BP1	42895
ITGB1BP2	13878
ITGB2	43646
ITGB3BP	54566
ITGB4	95315
ITGB5	68349
ITGB6	93486
ITGB7	63362
ITGB8	50785
ITGBL1	58773
ITIH1	62069
ITIH2	45968
ITIH3	34835
ITIH4	54311
ITIH5	14875
ITIH6	50493
ITK	11233
ITLN1	79834
ITLN2	93661
ITM2A	82502
ITM2B	65563
ITM2C	9947
ITPA	76407
ITPK1	78768
ITPKA	11549
ITPKB	3268
ITPKC	7274
ITPR1	8145
ITPR2	55788
ITPR3	81466
ITPRID1	67407
ITPRID2	33998
ITPRIPL1	12374
ITPRIPL2	66257
ITSN1	66254
ITSN2	65918
IVD	37525
IVNS1ABP	1922
IWS1	18754
IYD	75454
IZUMO1	12668
IZUMO1R	68019
IZUMO2	77427
IZUMO3	98247
IZUMO4	54102
JADE1	41188
JADE2	51619
JADE3	57787
JAG1	50122
JAG2	13893
JAGN1	17754
JAK1	55454
JAK2	52465
JAK3	91747
JAKMIP1	45783
JAKMIP2	40892
JAKMIP3	56141
JAM2	51386
JAM3	58183
JAML	16702
JARID2	40303
JAZF1	47979
JCAD	66308
JCHAIN	85985
JDP2	90446
JHY	72450
JKAMP	67486
JMJD1C	43551
JMJD4	15209
JMJD6	80018
JMJD7	91670
JMJD8	59737
JMY	46272
JOSD1	53971
JOSD2	57683
JPH1	54675
JPH2	16319
JPH3	77425
JPH4	42225
JPT1	29989
JPT2	3887
JRK	20843
JRKL	84323
JSRP1	8522
JTB	18377
JUNB	52904
JUND	9901
JUP	34306
KALRN	60574
KANK1	67378
KANK2	29335
KANK3	94992
KANK4	76753
KANSL1	73246
KANSL1L	14974
KANSL2	35922
KANSL3	25405
KARS	66330
KAT14	38354
KAT2A	19753
KAT2B	40165
KAT5	50168
KAT6A	62902
KAT6B	75332
KAT7	99863
KAT8	31537
KATNA1	74084
KATNAL1	60454
KATNAL2	83058
KATNB1	19413
KATNBL1	35439
KAZALD1	18486
KAZN	78538
KBTBD11	47786
KBTBD12	17539
KBTBD13	58899
KBTBD2	21673
KBTBD3	82502
KBTBD4	50999
KBTBD6	71507
KBTBD7	31456
KBTBD8	65149
KCMF1	18559
KCNA1	27610
KCNA2	69832
KCNA3	5192
KCNA5	11578
KCNA6	95919
KCNA7	92243
KCNAB1	82419
KCNAB2	30816
KCNAB3	70975
KCNB1	60311
KCNB2	36709
KCNC1	90723
KCNC2	44949
KCNC4	34435
KCND1	9322
KCND2	16434
KCND3	11034
KCNE3	23960
KCNE4	59880
KCNF1	4887
KCNG1	90624
KCNG2	73042
KCNG3	81491
KCNG4	88993
KCNH1	100053
KCNH2	50922
KCNH3	90884
KCNH4	1022
KCNH5	76032
KCNH6	32845
KCNH7	88752
KCNH8	87484
KCNIP1	83844
KCNIP2	67395
KCNIP3	87383
KCNIP4	90253
KCNJ1	73754
KCNJ11	34396
KCNJ13	60690
KCNJ14	90689
KCNJ15	710
KCNJ16	38405
KCNJ2	72294
KCNJ3	5739
KCNJ4	680
KCNJ5	31575
KCNJ6	14955
KCNJ8	87905
KCNJ9	33214
KCNK1	27726
KCNK10	86995
KCNK12	15191
KCNK13	60176
KCNK15	76241
KCNK17	73564
KCNK18	15561
KCNK2	59469
KCNK3	34717
KCNK4	68592
KCNK5	14946
KCNK6	6705
KCNK7	91891
KCNK9	99096
KCNMA1	91421
KCNMB1	28261
KCNMB3	28431
KCNMB4	75183
KCNN1	59648
KCNN2	93296
KCNN3	63459
KCNN4	39914
KCNQ1	32642
KCNQ2	58335
KCNQ3	50975
KCNQ4	99251
KCNQ5	82306
KCNRG	17178
KCNS1	43955
KCNS2	2486
KCNS3	30019
KCNT1	31743
KCNT2	32838
KCNU1	57245
KCNV1	78312
KCNV2	89089
KCP	87017
KCTD10	86868
KCTD11	31767
KCTD13	98150
KCTD14	71148
KCTD15	71898
KCTD16	76392
KCTD17	58873
KCTD18	96308
KCTD19	92667
KCTD2	64580
KCTD20	63100
KCTD21	10983
KCTD3	52379
KCTD4	54130
KCTD5	52228
KCTD6	4260
KCTD7	68014
KCTD8	3628
KCTD9	77909
KDELR1	29760
KDELR2	5484
KDELR3	42961
KDF1	53401
KDM1A	39947
KDM1B	21362
KDM2A	46046
KDM2B	38545
KDM3A	99639
KDM3B	51017
KDM4B	46386
KDM4C	37874
KDM4D	12496
KDM5A	79993
KDM5B	14141
KDM5C	26760
KDM6A	9813
KDM6B	16718
KDM7A	66546
KDM8	44131
KDR	90510
KDSR	74090
KEAP1	74067
KEL	75428
KERA	6631
KHDC1L	38593
KHDC3L	61420
KHDC4	96076
KHDRBS1	45114
KHDRBS2	17591
KHDRBS3	8980
KHK	66411
KHNYN	9293
KHSRP	5670
KIAA0040	91248
KIAA0100	4870
KIAA0232	71987
KIAA0319	21910
KIAA0319L	95806
KIAA0355	38084
KIAA0408	71089
KIAA0513	62290
KIAA0556	19157
KIAA0586	40877
KIAA0753	40225
KIAA0895	66185
KIAA0895L	62889
KIAA0930	89272
KIAA1109	12920
KIAA1143	58651
KIAA1147	1757
KIAA1191	90279
KIAA1210	49879
KIAA1211	77864
KIAA1211L	64264
KIAA1217	45608
KIAA1324	79516
KIAA1324L	48356
KIAA1328	19636
KIAA1522	40963
KIAA1549	86014
KIAA1549L	19671
KIAA1586	55218
KIAA1614	16081
KIAA1671	94154
KIAA1755	47623
KIAA1841	86275
KIAA1958	11505
KIAA2012	12025
KIAA2013	91411
KIAA2026	49271
KIDINS220	83607
KIF11	12538
KIF12	44714
KIF13A	92728
KIF13B	43412
KIF14	79699
KIF15	91394
KIF16B	50390
KIF17	48191
KIF18A	89801
KIF18B	57304
KIF19	94611
KIF1A	46470
KIF1B	1417
KIF1BP	74769
KIF1C	31148
KIF20A	42525
KIF20B	38111
KIF21A	44286
KIF21B	7708
KIF22	13306
KIF24	99241
KIF25	19296
KIF26A	46932
KIF26B	1262
KIF27	86010
KIF2A	78312
KIF2C	40058
KIF3A	58698
KIF3B	46312
KIF3C	72964
KIF4A	56631
KIF4B	61927
KIF5A	73362
KIF5B	54182
KIF5C	3410
KIF6	96424
KIF7	59915
KIF9	57991
KIFAP3	98067
KIFC1	12464
KIFC2	48168
KIFC3	76250
KIN	69419
KIRREL1	39931
KIRREL2	73805
KIRREL3	93972
KISS1	12285
KISS1R	39954
KIT	63401
KITLG	81884
KIZ	52874
KL	80865
KLB	59021
KLC2	4753
KLC3	5560
KLC4	65639
KLF1	1371
KLF10	58909
KLF11	77334
KLF12	85320
KLF14	65068
KLF15	72758
KLF3	57840
KLF4	60104
KLF5	74999
KLF6	60670
KLF7	12899
KLF8	57694
KLF9	67825
KLHDC1	56239
KLHDC10	40117
KLHDC2	45397
KLHDC3	25317
KLHDC4	33657
KLHDC7A	5454
KLHDC8A	91526
KLHDC8B	73585
KLHDC9	14432
KLHL1	4111
KLHL10	55441
KLHL11	70909
KLHL13	28875
KLHL14	22979
KLHL15	67312
KLHL17	23833
KLHL18	48182
KLHL2	83231
KLHL20	66199
KLHL21	59611
KLHL22	80129
KLHL23	14703
KLHL24	77112
KLHL25	32946
KLHL26	35807
KLHL28	18242
KLHL29	55119
KLHL3	58072
KLHL30	59165
KLHL31	1947
KLHL32	66345
KLHL33	75656
KLHL34	92721
KLHL35	88608
KLHL36	26691
KLHL38	53377
KLHL4	27599
KLHL40	37241
KLHL41	28342
KLHL42	64670
KLHL5	2482
KLHL6	66783
KLHL7	96343
KLHL8	76660
KLHL9	25267
KLK1	82642
KLK10	13979
KLK14	16715
KLK15	66727
KLK3	89518
KLK4	5684
KLK5	72718
KLK6	91320
KLK7	36277
KLK8	68123
KLKB1	95517
KLRB1	11128
KLRC1	85609
KLRD1	86762
KLRF1	4396
KLRF2	11954
KLRG1	65976
KLRG2	62086
KLRK1	61718
KMO	50876
KMT2B	76918
KMT2C	17697
KMT2D	5387
KMT2E	60283
KMT5A	34366
KMT5B	12419
KMT5C	13709
KNCN	92468
KNDC1	33038
KNG1	79585
KNL1	13447
KNOP1	20467
KNSTRN	76419
KNTC1	46878
KPNA1	97402
KPNA2	14070
KPNA3	82743
KPNA4	96233
KPNA5	4002
KPNA6	86783
KPNA7	72675
KPNB1	77308
KPTN	64527
KRAS	28398
KRBA1	6965
KRBA2	41189
KRBOX4	83446
KRCC1	64453
KREMEN1	438
KREMEN2	60492
KRI1	11532
KRR1	12679
KRT1	90169
KRT10	53641
KRT12	79892
KRT14	69983
KRT16	86572
KRT17	70236
KRT19	99362
KRT2	69591
KRT20	65910
KRT23	37205
KRT24	36605
KRT27	78944
KRT3	6682
KRT32	84832
KRT33A	34130
KRT33B	100050
KRT34	7954
KRT37	75944
KRT39	4525
KRT40	45238
KRT5	14556
KRT6A	8179
KRT7	48811
KRT75	12568
KRT77	94026
KRT80	84897
KRT82	48047
KRT84	63194
KRT85	89990
KRT86	54064
KRTAP5-10	93176
KRTAP5-3	59524
KRTAP7-1	10809
KRTAP9-1	77741
KRTCAP2	44117
KRTCAP3	88550
KSR1	18306
KSR2	51891
KTN1	2058
KY	84828
KYAT3	3328
KYNU	67647
L1CAM	59537
L1TD1	21882
L2HGDH	32055
L3HYPDH	14871
L3MBTL2	69908
L3MBTL3	13750
L3MBTL4	9173
LACTB	81535
LACTB2	63681
LACTBL1	24317
LAD1	59415
LAG3	81605
LAGE3	50046
LAIR1	10085
LAIR2	68049
LALBA	28303
LAMA1	79142
LAMA2	19096
LAMA3	56133
LAMA4	6136
LAMA5	68604
LAMB1	2720
LAMB2	76754
LAMB3	65653
LAMB4	46653
LAMC1	13648
LAMC2	26008
LAMC3	14934
LAMP1	194
LAMP2	4679
LAMP3	32502
LAMP5	11165
LAMTOR1	5587
LAMTOR2	42980
LAMTOR3	74783
LAMTOR4	82067
LAMTOR5	171
LANCL1	14467
LANCL2	74400
LANCL3	33581
LAP3	50758
LAPTM4A	1542
LAPTM4B	89799
LAPTM5	64602
LARGE1	65489
LARGE2	82659
LARP1	39326
LARP1B	3329
LARP4	10120
LARP4B	71728
LARP6	64447
LARP7	10565
LARS	11108
LARS2	10069
LAS1L	93055
LASP1	85702
LAT	31271
LAT2	45877
LATS1	41347
LATS2	1274
LAX1	23157
LAYN	97354
LBH	37654
LBHD1	66396
LBHD2	96583
LBR	48965
LBX1	51201
LBX2	3101
LCA5	95648
LCA5L	1645
LCAT	61968
LCK	40166
LCLAT1	10888
LCMT1	24483
LCN12	89145
LCN15	80598
LCN2	53560
LCN8	60605
LCN9	79765
LCOR	15895
LCP1	9425
LCP2	32939
LCT	53209
LCTL	56247
LDAH	58072
LDB1	758
LDB2	56458
LDB3	40344
LDHAL6A	36363
LDHB	11261
LDHC	575
LDHD	96150
LDLR	85336
LDLRAD2	3192
LDLRAD3	96897
LDLRAD4	10962
LDOC1	36692
LEAP2	1397
LEF1	22318
LEMD1	24349
LEMD2	84985
LEMD3	5124
LENEP	12995
LENG1	70934
LENG8	31278
LENG9	48926
LEO1	8733
LEPR	66901
LEPROT	32890
LEPROTL1	76998
LETM2	48105
LETMD1	87289
LEUTX	3305
LEXM	82535
LFNG	6991
LGALS12	59163
LGALS13	77080
LGALS14	15334
LGALS2	95703
LGALS3	16473
LGALS3BP	7520
LGALS4	37413
LGALS8	79711
LGALSL	47239
LGI1	39293
LGI2	64607
LGI3	92530
LGI4	50695
LGMN	13659
LGR4	53096
LGR5	81549
LGR6	92662
LGSN	32414
LHB	76089
LHFPL1	13646
LHFPL2	62228
LHFPL3	89687
LHFPL4	29293
LHFPL5	853
LHFPL6	96417
LHPP	80759
LHX1	1571
LHX2	62876
LHX3	8491
LHX4	96652
LHX5	30548
LHX6	70427
LHX8	69796
LHX9	50580
LIAS	80395
LIF	4154
LIFR	26586
LIG1	5347
LIG3	17146
LIG4	70262
LILRA4	46891
LILRA5	36510
LILRB4	15768
LILRB5	61594
LIMA1	37116
LIMCH1	76013
LIMD1	59212
LIMD2	36142
LIMK1	81229
LIMK2	75520
LIMS2	4396
LIN28A	43933
LIN28B	42149
LIN37	29765
LIN52	11897
LIN54	99993
LIN7A	24451
LIN7B	9150
LIN7C	41893
LIN9	46551
LINC00514	4912
LINC00672	29166
LINGO1	76813
LINGO2	86953
LINGO3	5708
LINGO4	41141
LINS1	89146
LIPA	934
LIPC	91526
LIPE	86251
LIPG	96307
LIPH	98964
LIPI	40735
LIPJ	80415
LIPK	98094
LIPM	84184
LIPN	22497
LIPT1	77319
LIPT2	6337
LITAF	38611
LITAFD	9406
LIX1	75241
LIX1L	10395
LKAAEAR1	82283
LLGL1	46688
LLGL2	98476
LLPH	78020
LMAN1	73630
LMAN1L	42855
LMAN2	14317
LMAN2L	36674
LMBR1	97811
LMBR1L	94844
LMBRD1	68066
LMBRD2	13185
LMCD1	31829
LMF1	29568
LMF2	62892
LMLN	98825
LMLN2	57207
LMNA	47324
LMNB1	42801
LMNB2	98860
LMNTD1	55554
LMNTD2	79284
LMO1	93841
LMO2	67604
LMO3	89671
LMO4	58751
LMO7	48988
LMOD1	92803
LMOD2	61164
LMOD3	42197
LMTK2	23110
LMTK3	78575
LMX1A	97360
LMX1B	94100
LNP1	48832
LNPEP	37687
LNPK	3814
LNX1	72545
LNX2	8314
LONP1	49541
LONP2	19888
LONRF2	52579
LONRF3	50005
LOX	73889
LOXHD1	56496
LOXL1	85362
LOXL2	21393
LOXL3	50484
LOXL4	52400
LPAR1	41474
LPAR2	44090
LPAR3	75927
LPAR4	74489
LPAR6	26077
LPCAT1	40470
LPCAT2	98377
LPCAT3	96548
LPCAT4	65590
LPGAT1	95613
LPIN1	89785
LPIN2	17344
LPIN3	18885
LPL	15056
LPO	31949
LPP	34902
LPXN	27392
LRAT	52992
LRATD1	74442
LRATD2	88553
LRBA	48460
LRCH1	11836
LRCH2	63927
LRCH3	78493
LRCH4	44849
LRCOL1	11227
LRFN1	32749
LRFN2	89053
LRFN3	72864
LRFN4	92148
LRFN5	25250
LRG1	22942
LRGUK	56332
LRIF1	67076
LRIG1	49143
LRIG2	76769
LRIG3	70711
LRIT2	34154
LRIT3	5003
LRMDA	11982
LRP1	6384
LRP10	6883
LRP11	96882
LRP12	27010
LRP1B	51871
LRP2	48079
LRP2BP	92172
LRP3	37044
LRP4	2615
LRP6	13584
LRP8	22038
LRPAP1	16378
LRR1	56578
LRRC1	98833
LRRC10B	38083
LRRC14	52952
LRRC14B	59183
LRRC15	32582
LRRC17	82713
LRRC18	30970
LRRC19	93696
LRRC2	90569
LRRC20	86129
LRRC23	31116
LRRC24	29637
LRRC25	86172
LRRC26	81357
LRRC27	24139
LRRC28	65087
LRRC29	26688
LRRC3	44714
LRRC30	98358
LRRC31	81848
LRRC32	14107
LRRC34	46132
LRRC36	28092
LRRC38	90540
LRRC39	47711
LRRC3B	77899
LRRC3C	24900
LRRC4	30481
LRRC40	32409
LRRC41	19417
LRRC42	14917
LRRC43	32902
LRRC45	43679
LRRC46	42738
LRRC47	49630
LRRC49	31453
LRRC4B	92586
LRRC4C	2245
LRRC52	61064
LRRC53	15200
LRRC55	72414
LRRC56	10689
LRRC58	50022
LRRC59	54550
LRRC6	93257
LRRC61	75819
LRRC63	12697
LRRC66	32495
LRRC7	49907
LRRC71	55239
LRRC72	89005
LRRC73	58932
LRRC74A	73237
LRRC75A	64953
LRRC75B	15865
LRRC8A	36430
LRRC8B	4067
LRRC8C	28518
LRRC8E	9593
LRRC9	49052
LRRCC1	87805
LRRD1	52153
LRRFIP2	1858
LRRIQ1	68354
LRRIQ3	16041
LRRIQ4	42063
LRRK1	57882
LRRK2	63397
LRRN1	43658
LRRN2	76943
LRRN4	65096
LRRN4CL	10112
LRRTM1	3771
LRRTM2	90387
LRRTM3	85226
LRRTM4	84060
LRSAM1	27233
LRTM1	12493
LRTM2	60068
LRWD1	56697
LSAMP	8817
LSG1	32814
LSM1	60604
LSM10	68210
LSM11	67438
LSM12	9339
LSM14A	77673
LSM14B	16538
LSM2	78046
LSM3	92458
LSM6	14980
LSM7	98647
LSM8	74129
LSMEM1	17015
LSMEM2	90155
LSP1	73477
LSR	1670
LSS	50784
LST1	59586
LTA	76848
LTA4H	44005
LTB	15639
LTB4R2	11561
LTBP1	96546
LTBP2	20746
LTBP3	97070
LTBP4	78902
LTC4S	35213
LTF	87177
LTK	13475
LTN1	6004
LTO1	66833
LUC7L	86897
LUC7L3	36061
LUM	93617
LURAP1	8145
LURAP1L	33600
LUZP1	16452
LUZP2	67490
LVRN	15579
LXN	47858
LY6D	71521
LY6E	11288
LY6G5C	94203
LY6G6C	66706
LY6H	1631
LY6K	52892
LY6L	57205
LY86	36643
LY9	15711
LY96	63442
LYAR	9030
LYL1	98296
LYN	75951
LYNX1	3273
LYNX1-SLURP2	21471
LYPD1	94252
LYPD2	61648
LYPD3	92787
LYPD5	13710
LYPD6	32406
LYPD6B	94268
LYPD8	188
LYPLA1	41699
LYPLA2	35050
LYPLAL1	89068
LYRM1	42207
LYRM2	12798
LYRM4	821
LYRM7	25419
LYSMD1	59540
LYSMD2	31732
LYSMD3	2464
LYSMD4	59058
LYST	89974
LYVE1	7840
LYZ	20104
LYZL4	70705
LZIC	96951
LZTFL1	95772
LZTR1	28216
LZTS1	98607
LZTS2	16260
LZTS3	15799
M1AP	68119
M6PR	49415
MAB21L1	67628
MAB21L2	94245
MAB21L3	91412
MAB21L4	57890
MACC1	76978
MACF1	2869
MACO1	4626
MACROD1	86500
MACROD2	10847
MAD1L1	80459
MAD2L1	74211
MAD2L1BP	2345
MAD2L2	89291
MADCAM1	86815
MADD	6039
MAEA	12645
MAEL	69162
MAF1	55754
MAFB	78007
MAFF	6608
MAFG	15071
MAFK	23718
MAG	2518
MAGEA11	238
MAGEC3	38482
MAGED1	64850
MAGED2	84363
MAGEE1	18287
MAGEE2	62650
MAGEF1	44892
MAGEL2	28223
MAGI1	27871
MAGI2	24995
MAGI3	21212
MAGIX	1589
MAGOH	1537
MAGOHB	67417
MAGT1	47024
MAIP1	12247
MAJIN	39166
MAK	30585
MAK16	57592
MAL	8340
MAL2	53765
MALL	96264
MALRD1	90446
MALSU1	54253
MALT1	7621
MAMDC2	40836
MAMDC4	14276
MAML1	39427
MAML2	85375
MAML3	34172
MAMLD1	74362
MAMSTR	14241
MAN1A1	64877
MAN1A2	82564
MAN1B1	95659
MAN1C1	85207
MAN2A1	51464
MAN2A2	61439
MAN2B1	61459
MAN2B2	78178
MAN2C1	33942
MANBA	86411
MANBAL	63802
MANEA	20864
MANEAL	94705
MANF	85806
MANSC1	51927
MANSC4	75136
MAOA	51276
MAOB	61331
MAP10	96266
MAP11	15970
MAP1A	92747
MAP1B	94520
MAP1LC3A	80655
MAP1LC3B	33185
MAP1S	32758
MAP2	56362
MAP2K1	54109
MAP2K2	34677
MAP2K3	51385
MAP2K4	27340
MAP2K5	43624
MAP2K6	84025
MAP2K7	30918
MAP3K1	16463
MAP3K10	48134
MAP3K11	35013
MAP3K12	58745
MAP3K13	46098
MAP3K14	15527
MAP3K15	93910
MAP3K19	96662
MAP3K2	18798
MAP3K20	3729
MAP3K21	87309
MAP3K3	95307
MAP3K4	27513
MAP3K5	69761
MAP3K6	8770
MAP3K7	77239
MAP3K7CL	11812
MAP3K9	60050
MAP4K2	55040
MAP4K3	2148
MAP4K4	10054
MAP4K5	80198
MAP6	28485
MAP6D1	33455
MAP7	72157
MAP7D1	73504
MAP7D3	68419
MAP9	50744
MAPK1	4494
MAPK10	38592
MAPK11	66905
MAPK12	52575
MAPK13	18036
MAPK14	16234
MAPK15	69077
MAPK1IP1L	4961
MAPK3	79132
MAPK4	53755
MAPK6	51146
MAPK7	32979
MAPK8	6316
MAPK8IP1	9273
MAPK8IP2	58168
MAPK8IP3	59041
MAPK9	83785
MAPKAP1	50878
MAPKAPK2	74358
MAPKAPK3	48661
MAPKAPK5	47466
MAPKBP1	20981
MAPRE1	56942
MAPRE2	44766
MAPRE3	38418
MARCH1	25541
MARCH10	67044
MARCH11	67689
MARCH2	14609
MARCH3	44616
MARCH4	59762
MARCH5	52431
MARCH6	81721
MARCH7	74455
MARCH8	73785
MARCH9	20536
MARCKS	47192
MARCKSL1	77823
MARCO	87740
MARF1	28884
MARK1	16950
MARK2	20174
MARK3	93174
MARK4	90109
MARS	97953
MARS2	52744
MARVELD2	1596
MARVELD3	22707
MAS1	72975
MASP1	29045
MASP2	86298
MAST1	62746
MAST2	30261
MAST3	13184
MAST4	94785
MASTL	22787
MAT1A	2132
MAT2A	84572
MATK	94680
MATN1	97323
MATN2	66078
MATN3	11481
MAU2	98737
MAVS	49328
MAX	87035
MAZ	99144
MB	98180
MB21D2	20048
MBD1	59400
MBD2	35157
MBD4	84127
MBD5	32674
MBD6	91548
MBIP	36523
MBLAC2	57843
MBNL1	30775
MBNL2	62478
MBNL3	16496
MBOAT1	54238
MBOAT2	53042
MBP	5055
MBTD1	30806
MBTPS1	77467
MBTPS2	34312
MC1R	44113
MC4R	1269
MCAT	49493
MCC	35367
MCCC1	80789
MCCC2	54642
MCEMP1	8655
MCF2	96705
MCF2L	27496
MCF2L2	16468
MCFD2	71404
MCHR1	40461
MCHR2	76336
MCIDAS	24296
MCL1	40439
MCM10	6691
MCM2	52169
MCM3	94610
MCM3AP	5733
MCM4	63221
MCM5	67022
MCM6	70018
MCM7	92969
MCM9	80005
MCMBP	82095
MCMDC2	67456
MCOLN1	12974
MCOLN2	17270
MCOLN3	83964
MCPH1	41295
MCRIP1	99701
MCRIP2	69272
MCRS1	35710
MCTP1	48829
MCTP2	62557
MCTS1	36571
MCU	59071
MCUB	12592
MCUR1	92667
MDC1	30112
MDFI	43386
MDFIC	20940
MDFIC2	31354
MDGA1	4493
MDGA2	35367
MDH1	89001
MDH1B	87708
MDH2	51586
MDK	23151
MDM1	37188
MDM2	33674
MDM4	93304
MDN1	61950
MDP1	55005
ME1	18050
ME2	84966
ME3	58868
MEA1	36783
MEAF6	12249
MEAK7	23949
MECOM	50777
MECP2	41384
MECR	14900
MED1	85619
MED10	98064
MED11	68450
MED12	46503
MED12L	58723
MED13	100082
MED13L	87659
MED14	42685
MED15	81967
MED16	83374
MED17	25366
MED18	2933
MED19	80210
MED20	82347
MED21	94956
MED22	10744
MED23	91453
MED25	82476
MED27	62389
MED28	24143
MED29	56226
MED30	13912
MED31	24316
MED4	8420
MED6	16142
MED7	33175
MED8	44998
MED9	56151
MEDAG	31451
MEF2A	16459
MEF2B	78613
MEF2C	65479
MEF2D	51893
MEFV	19709
MEGF10	20588
MEGF11	92323
MEGF6	32318
MEGF8	56150
MEGF9	76344
MEI1	69355
MEI4	414
MEIG1	99406
MEIKIN	83849
MEIOB	3092
MEIOC	3418
MEIS1	21297
MEIS2	61234
MEIS3	67382
MELK	70241
MELTF	35948
MEMO1	14505
MEN1	82847
MEOX1	3325
MEOX2	54134
MEP1A	20881
MEP1B	33365
MEPCE	76946
MEPE	5865
MERTK	55787
MESD	19285
MESP1	76029
MESP2	18224
MEST	70379
MET	99068
METAP1	68943
METAP1D	15538
METAP2	98375
METRN	54776
METRNL	51704
METTL1	42367
METTL14	9277
METTL15	53483
METTL16	30763
METTL17	86818
METTL18	57298
METTL21A	97214
METTL21C	34913
METTL22	65694
METTL23	51122
METTL24	61659
METTL25	69511
METTL26	39058
METTL2A	47406
METTL3	68334
METTL4	68297
METTL5	71484
METTL6	63889
METTL7A	87736
METTL7B	17953
METTL8	30060
METTL9	62625
MEX3A	87008
MEX3B	30794
MEX3C	64508
MEX3D	42729
MFAP1	43974
MFAP2	11691
MFAP3	9576
MFAP3L	61335
MFAP4	40152
MFAP5	76631
MFF	75710
MFGE8	8908
MFHAS1	60474
MFN1	44580
MFN2	26506
MFNG	98496
MFRP	12077
MFSD1	34019
MFSD11	65700
MFSD12	22737
MFSD13A	90961
MFSD14B	80327
MFSD2A	75081
MFSD2B	71396
MFSD3	45737
MFSD4A	34810
MFSD4B	4735
MFSD5	73525
MFSD6	41230
MFSD8	81621
MFSD9	60829
MGA	67684
MGAM	47384
MGAM2	28265
MGARP	96038
MGAT1	95662
MGAT3	18553
MGAT4A	62255
MGAT4B	19384
MGAT4C	35019
MGAT4D	69991
MGAT5	44203
MGAT5B	82123
MGLL	60188
MGME1	29866
MGMT	5365
MGP	18042
MGRN1	46890
MGST1	70899
MGST2	52829
MGST3	18417
MIA-RAB4B	6407
MIA3	39287
MIB1	17024
MIB2	83163
MICAL1	39461
MICAL2	67719
MICAL3	32407
MICALL1	46035
MICALL2	57687
MICOS13	15202
MICU1	44318
MICU2	88942
MICU3	25412
MID1	42895
MID2	11403
MIDN	89663
MIEF1	34009
MIEF2	50068
MIEN1	61807
MIER1	80687
MIER2	41925
MIER3	98317
MIF	60902
MIF4GD	41260
MIGA1	65839
MIGA2	85397
MIIP	51955
MILR1	32034
MINAR1	66051
MINAR2	56140
MINDY1	25113
MINDY2	34994
MINDY3	53496
MINDY4	38704
MINDY4B	85226
MINK1	46033
MINPP1	24661
MIOS	70753
MIOX	90684
MIP	56143
MIPEP	59379
MIPOL1	59508
MIR1-1	69334
MIR1-2	3305
MIR100	52899
MIR101-1	93807
MIR103A1	49917
MIR103A2	70664
MIR105-1	5270
MIR105-2	17516
MIR106B	97564
MIR107	93661
MIR1179	22177
MIR1180	33304
MIR1185-1	43626
MIR1204	33845
MIR1208	42366
MIR124-1	71259
MIR124-2	26537
MIR124-3	60134
MIR1251	43278
MIR1253	52806
MIR1255A	23222
MIR125B1	82780
MIR125B2	27778
MIR126	25660
MIR1260B	40291
MIR127	22138
MIR128-1	40446
MIR128-2	44362
MIR1282	25115
MIR1288	99521
MIR129-1	30584
MIR129-2	69532
MIR1296	39964
MIR1301	20516
MIR1307	31598
MIR130A	17299
MIR132	15621
MIR133A1	46345
MIR133A2	35839
MIR134	91715
MIR135A1	30864
MIR135A2	36846
MIR136	82667
MIR137	59108
MIR138-1	98546
MIR138-2	85768
MIR139	83812
MIR140	7782
MIR143	40205
MIR145	78960
MIR1469	75780
MIR146B	29749
MIR148B	42727
MIR151A	12515
MIR152	3761
MIR153-1	60122
MIR153-2	82133
MIR154	92850
MIR155	72402
MIR15A	12810
MIR17	21018
MIR181A1	97304
MIR181A2	81749
MIR181B1	64698
MIR181B2	76981
MIR181C	22867
MIR185	72851
MIR186	38388
MIR187	40348
MIR188	42525
MIR18A	89544
MIR190A	40720
MIR191	9007
MIR1912	74132
MIR1915HG	54233
MIR193A	79706
MIR193B	51543
MIR195	88254
MIR197	2608
MIR199A1	37721
MIR199A2	31664
MIR19A	63784
MIR204	17467
MIR21	70597
MIR2113	59775
MIR212	62899
MIR214	32109
MIR218-1	81595
MIR218-2	24705
MIR219A2	12080
MIR221	70757
MIR222	62796
MIR223	38864
MIR224	65831
MIR23A	23537
MIR23B	57470
MIR25	23590
MIR26A1	46569
MIR26A2	91675
MIR26B	32119
MIR27A	81562
MIR27B	36438
MIR298	80711
MIR299	7235
MIR29A	1560
MIR29B1	21486
MIR29B2	94216
MIR29C	78018
MIR301A	27614
MIR301B	23024
MIR3064	71670
MIR3074	79970
MIR30A	24134
MIR30B	51219
MIR30C1	43456
MIR30C2	46235
MIR30D	49914
MIR30E	68002
MIR31	62300
MIR3187	28669
MIR32	45337
MIR3200	25797
MIR320A	92083
MIR320E	69893
MIR323A	58708
MIR323B	54766
MIR324	57524
MIR326	68026
MIR330	97507
MIR331	8815
MIR335	22796
MIR337	67717
MIR339	91827
MIR33A	21528
MIR33B	36915
MIR340	100057
MIR342	79568
MIR345	478
MIR346	52553
MIR34A	48701
MIR361	25407
MIR365A	62638
MIR365B	25836
MIR3661	22396
MIR3666	96622
MIR369	82353
MIR370	68653
MIR374A	55625
MIR374B	64363
MIR377	19141
MIR378A	4509
MIR378B	45544
MIR378D2	3479
MIR381	98414
MIR382	22791
MIR3926-2	12253
MIR409	16126
MIR410	35885
MIR411	57252
MIR412	60715
MIR421	56442
MIR424	45239
MIR425	64747
MIR431	4148
MIR432	42430
MIR433	7889
MIR4504	27423
MIR454	24737
MIR455	6019
MIR4657	17191
MIR4677	75640
MIR4743	36182
MIR4785	68921
MIR484	88247
MIR485	84536
MIR486-1	13637
MIR487B	73241
MIR488	11626
MIR490	53085
MIR491	99006
MIR494	83835
MIR495	69047
MIR496	6431
MIR497	27500
MIR500A	95314
MIR500B	62234
MIR502	57865
MIR504	75312
MIR5047	6037
MIR505	47907
MIR532	56950
MIR539	15947
MIR541	45879
MIR544A	41872
MIR545	11711
MIR548AH	55658
MIR548AN	85733
MIR548AV	97470
MIR548AY	30739
MIR548C	82630
MIR550B1	71421
MIR554	28365
MIR569	28561
MIR577	20381
MIR579	19432
MIR581	47870
MIR582	56026
MIR583	27696
MIR584	94274
MIR590	56743
MIR592	58318
MIR598	50853
MIR611	57733
MIR612	41570
MIR628	71296
MIR631	32303
MIR640	57707
MIR643	71870
MIR651	72864
MIR652	66170
MIR654	73807
MIR656	84333
MIR660	58629
MIR665	53502
MIR668	83289
MIR670	95733
MIR675	99005
MIR6812	58874
MIR7-1	20099
MIR7-3	60748
MIR708	82043
MIR744	83986
MIR759	81738
MIR760	95302
MIR761	40570
MIR767	37756
MIR770	6254
MIR873	59437
MIR874	68844
MIR876	45326
MIR885	73658
MIR887	94179
MIR889	25752
MIR9-2	87142
MIR9-3	38869
MIR940	91935
MIR942	23706
MIR95	66294
MIR98	74929
MIR99A	55269
MIRLET7A1	69683
MIRLET7A2	67063
MIRLET7A3	26330
MIRLET7C	71524
MIRLET7D	47189
MIRLET7F1	96763
MIRLET7F2	50095
MIRLET7G	4740
MIRLET7I	82516
MIS12	1838
MIS18A	99761
MIS18BP1	78794
MISP	37425
MITD1	51376
MITF	53294
MIXL1	80615
MKI67	59053
MKKS	16657
MKLN1	58400
MKNK1	90145
MKNK2	3274
MKRN1	29516
MKRN2	16832
MKRN2OS	18833
MKS1	27395
MKX	59423
MLANA	12769
MLC1	56545
MLEC	66256
MLF1	80677
MLF2	46249
MLH1	95104
MLH3	7207
MLIP	61606
MLKL	93554
MLLT1	39188
MLLT10	99272
MLLT3	3549
MLLT6	63430
MLN	70085
MLNR	34419
MLPH	48128
MLST8	33156
MLX	84410
MLXIP	23282
MLYCD	48458
MMAA	46255
MMAB	28060
MMACHC	80363
MMADHC	82710
MMD	36629
MMD2	14097
MME	80432
MMEL1	96614
MMGT1	78219
MMP1	4559
MMP11	31970
MMP13	77631
MMP14	44539
MMP15	82879
MMP16	67094
MMP17	38308
MMP19	66343
MMP2	43162
MMP21	4352
MMP23B	64577
MMP24	60509
MMP25	88123
MMP27	88596
MMP28	78052
MMP3	88885
MMP9	14201
MMRN1	868
MMRN2	84993
MMS19	15895
MMS22L	46631
MMUT	51399
MN1	11136
MNAT1	90917
MND1	22935
MNDA	74644
MNS1	79529
MNT	97998
MOAP1	56661
MOB1B	99226
MOB2	56624
MOB3A	72837
MOB3B	4245
MOB3C	15932
MOBP	6689
MOCOS	20006
MOCS1	62572
MOG	61435
MOGAT1	86683
MOGAT2	60554
MOGAT3	14065
MOGS	59822
MOK	16368
MON1A	26407
MON1B	60694
MON2	34557
MORC1	91742
MORC2	626
MORC3	11878
MORC4	63022
MORF4L1	7566
MORN1	94547
MORN2	2872
MORN3	40718
MORN4	95597
MORN5	97401
MOS	53541
MOSMO	42109
MOSPD2	32635
MOSPD3	61140
MOV10	50872
MOV10L1	1590
MOXD1	26489
MPC1	89921
MPC1L	87397
MPC2	68515
MPDU1	6098
MPDZ	73008
MPEG1	64512
MPG	69947
MPHOSPH10	24298
MPHOSPH6	47717
MPHOSPH8	36550
MPHOSPH9	22613
MPI	8260
MPIG6B	44558
MPL	73458
MPLKIP	6818
MPND	4884
MPO	37560
MPP1	33219
MPP2	79225
MPP3	76298
MPP4	55250
MPP5	73501
MPP6	65037
MPP7	87254
MPPE1	44047
MPPED1	12795
MPPED2	97368
MPV17	19565
MPV17L	7343
MPV17L2	16679
MPZ	75386
MPZL1	89968
MPZL2	23358
MPZL3	19308
MR1	99913
MRAP	47673
MRAP2	41667
MRAS	82661
MRC1	13306
MRE11	82738
MREG	50771
MRFAP1L1	5675
MRGBP	23506
MRGPRF	14848
MRI1	96218
MRLN	15641
MRM1	59908
MRM2	32925
MRM3	83264
MRNIP	32581
MRO	84404
MROH1	100050
MROH2A	5705
MROH2B	23945
MROH5	79314
MROH6	92037
MROH8	41999
MROH9	85902
MRPL1	10871
MRPL10	91375
MRPL11	34260
MRPL12	15653
MRPL13	25580
MRPL14	60180
MRPL15	90868
MRPL16	28765
MRPL17	98200
MRPL18	43631
MRPL19	36173
MRPL2	22907
MRPL20	77391
MRPL21	98250
MRPL22	58667
MRPL24	86213
MRPL27	19419
MRPL28	39413
MRPL3	85327
MRPL30	90679
MRPL32	25649
MRPL35	1575
MRPL37	66969
MRPL38	65354
MRPL39	37850
MRPL4	7756
MRPL42	15342
MRPL44	12107
MRPL46	34848
MRPL47	26786
MRPL48	68903
MRPL49	25309
MRPL50	84048
MRPL51	11795
MRPL52	46341
MRPL53	75800
MRPL54	75261
MRPL55	32256
MRPL57	64334
MRPL9	18116
MRPS10	20969
MRPS11	52538
MRPS12	89313
MRPS14	29729
MRPS15	56782
MRPS16	55229
MRPS18A	17974
MRPS18B	18242
MRPS18C	72354
MRPS2	88487
MRPS21	66253
MRPS23	58044
MRPS24	26299
MRPS25	76325
MRPS26	32710
MRPS27	14299
MRPS30	93397
MRPS31	54115
MRPS33	4995
MRPS34	73099
MRPS35	14538
MRPS5	98963
MRPS6	75930
MRPS7	76039
MRPS9	4037
MRRF	64305
MRS2	94953
MRTFA	68011
MRTFB	44363
MRTO4	49345
MRVI1	49992
MS4A1	3336
MS4A12	51035
MS4A13	6534
MS4A18	15723
MS4A2	81490
MS4A3	42030
MS4A4A	79988
MS4A6A	23069
MS4A8	22171
MSANTD1	23248
MSANTD2	91845
MSANTD3-TMEFF1	27840
MSANTD4	90538
MSC	41030
MSH2	4196
MSH3	20259
MSH4	34633
MSH6	52151
MSI1	27373
MSI2	33402
MSL1	57527
MSL2	4826
MSL3	89994
MSLN	42318
MSLNL	34062
MSMB	37909
MSMO1	25808
MSMP	17389
MSN	31671
MSR1	98867
MSRA	46413
MSRB2	92971
MSRB3	75154
MSS51	62971
MST1	95301
MST1R	71136
MSTN	35232
MSX1	98752
MSX2	53028
MT1A	23251
MT1G	19793
MT1M	94858
MT1X	41851
MT2A	4271
MT3	50275
MTA1	25021
MTA2	64455
MTA3	37298
MTAP	1738
MTBP	49127
MTCH1	87706
MTCH2	98841
MTCL1	11369
MTCP1	41278
MTDH	96529
MTERF1	10178
MTERF2	17177
MTERF3	2488
MTERF4	44801
MTF1	46125
MTF2	39636
MTFMT	84243
MTFP1	1725
MTFR1	78545
MTFR1L	99053
MTFR2	70210
MTG1	46595
MTG2	29511
MTHFD1L	80451
MTHFD2	35710
MTHFD2L	89649
MTHFR	12108
MTHFSD	31100
MTIF2	65837
MTIF3	48002
MTLN	17767
MTM1	33596
MTMR1	31383
MTMR10	89222
MTMR11	17820
MTMR12	36245
MTMR14	5723
MTMR2	99759
MTMR3	56866
MTMR4	38780
MTMR6	52489
MTMR7	2659
MTMR8	82895
MTMR9	576
MTNR1A	1211
MTNR1B	79870
MTO1	46393
MTOR	56807
MTPAP	14524
MTPN	3814
MTR	81778
MTREX	34335
MTRF1	48497
MTRR	42278
MTSS1	75127
MTSS2	63715
MTTP	8158
MTURN	57116
MTUS1	92567
MTUS2	22097
MTX1	68059
MTX2	51599
MTX3	98232
MUC1	47953
MUC13	55411
MUC15	58590
MUC17	41112
MUC20	47332
MUC22	97566
MUC5B	50137
MUC6	13710
MUL1	37047
MUS81	67558
MUSK	91275
MUTYH	62174
MVB12A	81251
MVB12B	45583
MVD	84810
MVK	37353
MVP	72703
MX1	64707
MX2	17934
MXD1	73878
MXD3	81324
MXD4	10468
MXI1	40543
MXRA5	71248
MXRA8	46654
MYADM	81197
MYADML2	36454
MYB	90289
MYBBP1A	25946
MYBL1	66446
MYBL2	36921
MYBPC1	69437
MYBPC2	23031
MYBPC3	30581
MYBPH	99645
MYBPHL	29032
MYC	94669
MYCBP2	82231
MYCBPAP	35858
MYCL	67466
MYCN	29389
MYCT1	63689
MYD88	63985
MYDGF	63113
MYEF2	1251
MYEOV	96484
MYF6	54847
MYH1	32872
MYH10	58803
MYH11	57317
MYH13	81607
MYH14	91147
MYH15	73576
MYH3	29514
MYH4	72486
MYH6	43347
MYH7	14859
MYH7B	92993
MYH8	21323
MYH9	71813
MYL1	91480
MYL10	19682
MYL12A	95634
MYL2	49445
MYL3	92776
MYL4	9881
MYL5	58034
MYL6B	37541
MYL7	87348
MYL9	92870
MYLIP	82561
MYLK	42622
MYLK2	86588
MYLK3	51040
MYLK4	29872
MYLPF	31214
MYMK	80311
MYMX	89799
MYNN	70831
MYO10	72038
MYO15A	27392
MYO15B	61181
MYO16	21964
MYO18A	63091
MYO18B	85329
MYO19	3170
MYO1A	40303
MYO1B	84851
MYO1C	92918
MYO1D	51529
MYO1E	33092
MYO1G	67421
MYO3A	74522
MYO3B	19073
MYO5A	94144
MYO5C	52158
MYO6	14131
MYO7A	71478
MYO7B	4158
MYO9A	81756
MYO9B	48510
MYOC	11206
MYOCD	17907
MYOD1	53227
MYOF	47837
MYOG	17734
MYOM1	18908
MYOM2	4132
MYOM3	18025
MYOT	3403
MYOZ1	2374
MYOZ2	77038
MYOZ3	89694
MYPN	3284
MYPOP	17593
MYRF	23866
MYRFL	62561
MYRIP	6257
MYSM1	46426
MYT1	13232
MYT1L	58052
MZB1	87277
MZT1	68291
N4BP2	74643
N4BP2L1	74265
N4BP2L2	19439
N4BP3	17978
N6AMT1	4884
NAA10	98997
NAA15	70261
NAA16	6352
NAA20	96175
NAA25	69379
NAA30	42300
NAA35	48119
NAA38	27713
NAA40	50568
NAA50	48731
NAA60	97794
NAA80	46823
NAAA	23405
NAALAD2	87528
NAALADL1	6808
NAALADL2	95067
NAB1	95656
NAB2	57234
NABP1	71162
NABP2	69163
NACAD	36022
NACC1	59395
NACC2	75653
NADK	75754
NADK2	15423
NADSYN1	752
NAE1	64366
NAF1	40766
NAGA	98620
NAGK	77085
NAGLU	91967
NAGPA	83431
NAGS	16501
NAIF1	47023
NAIP	69099
NALCN	66486
NAMPT	86260
NANOG	3475
NANOS3	71239
NANP	90452
NANS	96073
NAP1L1	93530
NAP1L3	64354
NAP1L4	98247
NAP1L5	23498
NAPA	48790
NAPB	7568
NAPEPLD	86526
NAPG	57531
NAPRT	46706
NAPSA	98039
NARF	11415
NARS	90748
NARS2	3398
NASP	92153
NAT1	96817
NAT10	24801
NAT16	54507
NAT9	27358
NATD1	17477
NAV1	58784
NAV2	78291
NAV3	64942
NAXD	23440
NAXE	38784
NBAS	99895
NBDY	68365
NBEA	59716
NBEAL1	39054
NBEAL2	59224
NBL1	64335
NBN	51606
NBR1	87123
NCALD	70115
NCAM1	83044
NCAM2	695
NCAN	72236
NCAPD2	51247
NCAPD3	5408
NCAPG	83348
NCAPG2	37539
NCAPH	50215
NCAPH2	93800
NCBP1	5133
NCBP2	10776
NCBP2AS2	2934
NCBP3	65282
NCCRP1	95137
NCDN	70206
NCEH1	42653
NCF1	97302
NCF2	62545
NCF4	34836
NCK1	64818
NCK2	21239
NCKAP1	48729
NCKAP1L	10772
NCKAP5	79245
NCKAP5L	33036
NCKIPSD	66869
NCL	99689
NCLN	36928
NCMAP	12571
NCOA1	15977
NCOA2	8821
NCOA3	57524
NCOA4	54592
NCOA5	28277
NCOA6	81780
NCOA7	87595
NCOR1	53182
NCOR2	45209
NCR1	67234
NCR3	97599
NCSTN	98829
ND1	47563
ND2	64348
ND3	31989
ND4	83533
ND4L	79648
ND5	89274
ND6	41676
NDC1	77153
NDC80	44278
NDE1	64407
NDEL1	69178
NDFIP1	25359
NDFIP2	40959
NDN	92853
NDNF	81944
NDOR1	68981
NDP	27108
NDRG1	51078
NDRG2	80372
NDRG3	73299
NDRG4	48040
NDST1	88799
NDST3	1962
NDST4	33088
NDUFA1	69533
NDUFA10	77484
NDUFA11	42699
NDUFA12	26882
NDUFA13	58829
NDUFA2	28024
NDUFA4L2	47138
NDUFA5	53457
NDUFA7	42020
NDUFA8	4741
NDUFA9	28157
NDUFAB1	7470
NDUFAF1	14230
NDUFAF2	92207
NDUFAF3	67606
NDUFAF4	95366
NDUFAF5	26036
NDUFAF6	4709
NDUFAF7	44729
NDUFAF8	13975
NDUFB10	77556
NDUFB2	69564
NDUFB4	22275
NDUFB5	49374
NDUFB6	52629
NDUFB7	47958
NDUFB9	92299
NDUFC1	22468
NDUFC2	85560
NDUFS1	39909
NDUFS3	19832
NDUFS4	89230
NDUFS5	13838
NDUFS6	40826
NDUFS7	32289
NDUFS8	84407
NDUFV1	67039
NDUFV3	55679
NEB	69442
NEBL	55991
NECAB1	41845
NECAB2	69939
NECAB3	48195
NECAP1	2049
NECAP2	83386
NECTIN1	82159
NECTIN2	15308
NECTIN3	10048
NEDD1	53969
NEDD4	36440
NEDD4L	87589
NEDD9	29985
NEFH	69968
NEFL	37013
NEFM	9922
NEGR1	19507
NEIL1	15772
NEIL2	41838
NEIL3	30352
NEK1	84977
NEK10	41925
NEK11	64647
NEK2	36343
NEK3	83351
NEK4	78947
NEK5	59131
NEK6	74998
NEK7	60411
NEK9	16195
NELFA	93042
NELFB	14400
NELFCD	98686
NELL1	73175
NELL2	22864
NEMF	56135
NEMP1	51254
NEMP2	5023
NENF	50357
NEO1	78232
NEPRO	62795
NES	66405
NET1	85816
NETO1	18509
NETO2	63249
NEU1	7248
NEU2	29415
NEU3	34434
NEU4	68214
NEURL1	58038
NEURL1B	95559
NEURL2	80457
NEURL3	39548
NEUROD1	62903
NEUROD2	49658
NEUROD6	44717
NEUROG2	77026
NEXMIF	72289
NEXN	32499
NF1	79658
NF2	13542
NFAM1	81641
NFASC	98369
NFAT5	99774
NFATC1	98506
NFATC2	12061
NFATC2IP	2515
NFATC3	32967
NFATC4	74170
NFE2	71300
NFE2L1	89137
NFE2L2	68474
NFE2L3	23365
NFIA	71172
NFIB	36905
NFIC	14809
NFIL3	33330
NFIX	3433
NFKB1	73328
NFKB2	71375
NFKBIA	25547
NFKBIB	23682
NFKBID	12943
NFKBIE	21553
NFKBIL1	25112
NFKBIZ	59164
NFRKB	90121
NFU1	89534
NFX1	14425
NFXL1	39439
NFYA	93982
NFYC	5995
NGB	8979
NGDN	69259
NGEF	14784
NGF	85009
NGFR	48492
NGLY1	35294
NHEJ1	85688
NHLH1	88268
NHLH2	43040
NHLRC1	78603
NHLRC2	41039
NHLRC3	18402
NHLRC4	35972
NHP2	75801
NHS	69672
NHSL1	75178
NHSL2	88392
NID1	85875
NID2	50234
NIF3L1	22205
NIFK	36940
NIM1K	38760
NIN	92821
NINJ1	832
NINJ2	83394
NINL	5860
NIP7	38560
NIPA1	73142
NIPA2	77406
NIPAL1	54935
NIPAL2	75194
NIPAL3	93667
NIPAL4	1516
NIPBL	44285
NIPSNAP1	89825
NIPSNAP2	89636
NIPSNAP3A	84406
NIPSNAP3B	16090
NISCH	90983
NIT1	54906
NIT2	84862
NKAIN1	88142
NKAIN2	89737
NKAIN3	15438
NKAIN4	20727
NKAP	78350
NKAPD1	32683
NKD1	59200
NKD2	46079
NKG7	79469
NKIRAS1	56974
NKIRAS2	94715
NKPD1	1060
NKRF	97773
NKTR	56657
NKX1-2	59744
NKX2-1	22692
NKX2-2	50351
NKX2-4	8960
NKX2-8	29272
NKX3-1	27824
NKX6-1	6771
NKX6-2	81676
NLE1	44309
NLGN1	3478
NLGN2	14914
NLGN4X	4299
NLK	49012
NLN	76289
NLRC3	61450
NLRC4	61079
NLRC5	70782
NLRP10	38609
NLRP12	57162
NLRP14	66726
NLRP2	27736
NLRP3	91581
NLRP6	54826
NLRP7	88403
NLRX1	87629
NMB	76661
NMBR	77180
NMD3	61128
NME1-NME2	62532
NME3	72519
NME4	81738
NME5	95070
NME6	10710
NME7	48778
NME9	41935
NMI	49232
NMNAT1	79080
NMNAT2	37111
NMNAT3	84729
NMRAL1	34803
NMRK1	6137
NMRK2	63623
NMS	60233
NMT1	35495
NMT2	22528
NMU	81603
NMUR1	79983
NMUR2	11052
NNAT	32279
NNMT	61293
NNT	25214
NOA1	56779
NOB1	73118
NOBOX	74195
NOC2L	17274
NOC3L	85199
NOC4L	15446
NOD1	74242
NOD2	47013
NODAL	61695
NOG	41617
NOL10	63988
NOL11	92961
NOL3	56266
NOL4	83896
NOL4L	52591
NOL6	59121
NOL7	71267
NOL8	8823
NOL9	52925
NOLC1	7728
NONO	77072
NOP10	96354
NOP14	37190
NOP16	10403
NOP2	81978
NOP53	92774
NOP56	85370
NOP58	92400
NOP9	97421
NOS1	4276
NOS1AP	61162
NOS2	86412
NOS3	70903
NOSIP	10718
NOSTRIN	70670
NOTCH1	83680
NOTCH2	49194
NOTCH3	10547
NOTCH4	93679
NOTUM	6914
NOVA1	16509
NOVA2	22374
NOX1	83127
NOX3	89857
NOX4	28015
NOX5	37915
NOXA1	37365
NOXO1	53582
NOXRED1	51248
NPAS1	61732
NPAS2	9395
NPAS3	4635
NPAS4	10776
NPAT	9428
NPB	42192
NPBWR1	75801
NPC1	51986
NPC1L1	73816
NPC2	42351
NPDC1	48643
NPEPL1	65897
NPEPPS	28933
NPFF	97078
NPFFR1	66539
NPFFR2	58616
NPHP1	75308
NPHP3	66025
NPHP4	39710
NPHS1	29989
NPHS2	8946
NPL	59197
NPM2	16476
NPM3	60736
NPNT	1376
NPPA	28618
NPPB	61413
NPPC	7256
NPR1	33737
NPR2	95407
NPR3	4550
NPRL2	98124
NPRL3	98659
NPSR1	95116
NPTN	21868
NPTX2	22328
NPTXR	79747
NPVF	25367
NPW	38731
NPY	70780
NPY1R	10152
NPY2R	62984
NPY5R	86989
NQO1	8057
NQO2	95743
NR0B1	75029
NR1D1	37292
NR1D2	983
NR1H3	56811
NR1I2	47176
NR1I3	76916
NR2C1	7859
NR2C2	36793
NR2C2AP	93288
NR2E1	96264
NR2E3	54464
NR2F1	95627
NR2F2	6846
NR2F6	6511
NR3C1	10271
NR3C2	14585
NR4A1	39756
NR4A2	68462
NR4A3	29524
NR5A1	82267
NR5A2	21476
NR6A1	62627
NRAP	32807
NRAS	5455
NRBF2	72869
NRBP1	26444
NRBP2	69470
NRCAM	4346
NRDC	9138
NREP	25512
NRF1	62075
NRG1	99506
NRG2	83796
NRG3	49116
NRG4	3778
NRGN	47871
NRIP1	86227
NRIP2	10374
NRIP3	7229
NRK	92191
NRL	17636
NRM	85160
NRN1	35099
NRP1	68897
NRP2	24755
NRROS	28280
NRSN1	45678
NRSN2	82299
NRTN	7529
NRXN1	694
NRXN2	33738
NRXN3	11667
NSA2	65182
NSD1	6726
NSD2	77316
NSD3	97170
NSDHL	78361
NSF	98975
NSFL1C	42575
NSG1	61949
NSG2	89649
NSL1	92076
NSMCE1	87133
NSMCE2	95033
NSMCE4A	5728
NSMF	94191
NSRP1	69129
NSUN2	7894
NSUN3	79394
NSUN4	12410
NSUN5	31289
NSUN6	34992
NSUN7	28813
NT5C	85603
NT5C1A	43875
NT5C2	35369
NT5C3A	99499
NT5C3B	96990
NT5DC1	23241
NT5DC2	29531
NT5DC3	59905
NT5DC4	97253
NT5E	62580
NT5M	21063
NTF3	25297
NTHL1	75041
NTM	52426
NTMT1	71430
NTN1	92989
NTN3	81015
NTN4	27774
NTN5	31665
NTNG1	88680
NTNG2	89276
NTPCR	4085
NTRK1	83391
NTRK2	26451
NTRK3	5501
NTS	73414
NTSR1	55756
NTSR2	79410
NUAK1	5947
NUAK2	85818
NUB1	88251
NUBP1	22041
NUBP2	1360
NUBPL	93897
NUCB1	75915
NUCB2	62467
NUCKS1	12039
NUDCD1	9336
NUDCD2	20248
NUDCD3	91150
NUDT1	79456
NUDT10	69302
NUDT11	67987
NUDT12	22091
NUDT13	3864
NUDT14	85292
NUDT16	95866
NUDT16L1	87547
NUDT17	38610
NUDT18	98997
NUDT19	55179
NUDT21	59350
NUDT22	35185
NUDT3	26624
NUDT4	63493
NUDT5	58914
NUDT6	68277
NUDT8	84792
NUDT9	70483
NUF2	83351
NUFIP1	84230
NUFIP2	51649
NUGGC	4441
NUMA1	58590
NUMBL	7222
NUP107	23439
NUP133	1810
NUP153	8011
NUP155	89789
NUP160	69407
NUP188	54247
NUP205	81743
NUP210	80090
NUP210L	54225
NUP214	27351
NUP35	76016
NUP37	66161
NUP50	91348
NUP54	23645
NUP58	9785
NUP62	44039
NUP62CL	57866
NUP85	48399
NUP88	89275
NUP93	95229
NUP98	26002
NUPL2	86867
NUPR1	23988
NUS1	5797
NUTF2	58539
NUTM1	65708
NVL	11247
NWD1	81371
NWD2	64986
NXF1	1837
NXF3	46416
NXN	85121
NXNL2	56890
NXPE2	75478
NXPE3	40631
NXPE4	77280
NXPH1	70113
NXPH2	81441
NXPH3	27786
NXPH4	14925
NXT1	13073
NXT2	85987
NYAP1	77587
NYAP2	79600
NYNRIN	97962
NYX	53237
OAF	83656
OARD1	46700
OAS2	47031
OAS3	116
OASL	93126
OAT	65882
OAZ1	3371
OAZ2	23285
OAZ3	39509
OBSCN	45918
OBSL1	3479
OCA2	86840
OCEL1	82629
OCIAD1	26426
OCIAD2	38149
OCLN	37960
OCRL	58740
OCSTAMP	44327
ODAPH	46153
ODF1	28506
ODF2	9319
ODF2L	25563
ODF3L1	11360
ODF3L2	68005
ODF4	57858
ODR4	54834
OFD1	45233
OGA	49815
OGDH	21709
OGDHL	70056
OGFOD1	79141
OGFOD2	62637
OGFOD3	64636
OGFR	30920
OGFRL1	37369
OGG1	43949
OGN	7596
OGT	21132
OIP5	14193
OIT3	51672
OLA1	61446
OLAH	81470
OLFM1	80686
OLFM3	91735
OLFM4	80279
OLFML1	96833
OLFML2A	32695
OLFML2B	62824
OLFML3	92101
OLIG1	14741
OLIG2	92130
OLR1	36281
OMA1	44751
OMD	46325
OMG	75753
ONECUT1	53873
ONECUT2	11149
OOEP	23544
OPA1	65249
OPA3	52439
OPALIN	37151
OPCML	4323
OPHN1	71735
OPLAH	24185
OPN1SW	53241
OPN3	88903
OPN4	29179
OPN5	64547
OPRD1	81425
OPRK1	11534
OPRL1	59369
OPRM1	41384
OPTC	26181
OPTN	463
OR10J3	57821
OR14J1	9335
OR1P1	75048
OR2AJ1	33086
OR2B11	64585
OR2B2	1294
OR2B6	78280
OR2C1	878
OR2F1	26102
OR2K2	62947
OR2M4	45356
OR2W3	95191
OR3A1	93855
OR4D1	71242
OR4E2	6214
OR4X2	74555
OR51E2	93784
OR52A1	33741
OR52H1	70851
OR5AN1	77945
OR5B21	60975
OR6C65	28433
OR6S1	22625
OR6V1	64962
OR8D1	50117
OR9A2	3367
OR9G4	24909
ORAI1	45148
ORAI2	4369
ORAI3	7854
ORC1	10344
ORC2	15324
ORC3	53829
ORC4	38786
ORC5	48416
ORC6	97717
ORMDL1	48471
ORMDL2	23326
ORMDL3	10997
OS9	42326
OSBP	16810
OSBP2	1237
OSBPL10	68759
OSBPL11	46798
OSBPL1A	72880
OSBPL2	55592
OSBPL3	85748
OSBPL5	55972
OSBPL6	91772
OSBPL8	80857
OSBPL9	897
OSCAR	67365
OSCP1	10100
OSER1	69355
OSGEP	31703
OSGEPL1	40000
OSGIN1	3928
OSGIN2	81194
OSM	87373
OSMR	21020
OSR1	52049
OSR2	7516
OST4	81236
OSTC	28155
OSTF1	60308
OSTM1	75067
OSTN	51817
OTC	35575
OTOA	10632
OTOF	94334
OTOG	41835
OTOGL	89250
OTOL1	54959
OTOP1	14506
OTOP2	65872
OTOP3	53498
OTOR	99363
OTOS	85786
OTP	52322
OTUB1	48037
OTUB2	49437
OTUD1	2326
OTUD3	51343
OTUD4	53558
OTUD5	87558
OTUD6B	88753
OTUD7A	76049
OTUD7B	77153
OTULIN	3120
OTULINL	94479
OTX1	52334
OTX2	65012
OVCH1	45009
OVCH2	33212
OVGP1	70333
OVOL1	76091
OVOL2	3466
OVOL3	13407
OXA1L	93035
OXER1	21650
OXGR1	20438
OXLD1	67638
OXNAD1	59307
OXR1	7006
OXSM	74148
OXSR1	99747
OXT	75207
OXTR	43585
P2RX1	42774
P2RX2	79370
P2RX3	36790
P2RX4	4034
P2RX6	59434
P2RX7	41267
P2RY1	93449
P2RY10	14816
P2RY11	67479
P2RY12	88574
P2RY13	65513
P2RY14	83312
P2RY2	69471
P2RY4	51972
P2RY6	11685
P3H1	76820
P3H2	52039
P3H3	51141
P3H4	68588
P4HA1	60220
P4HA2	38125
P4HA3	99594
P4HB	64992
P4HTM	98266
PA2G4	16884
PAAF1	66305
PABPC1	39763
PABPC1L	46389
PABPC3	73946
PABPC4	93119
PABPC5	86696
PACRG	38890
PACRGL	37729
PACS1	17401
PACS2	99491
PACSIN1	69332
PACSIN2	82563
PACSIN3	73807
PADI1	12964
PADI2	84126
PADI3	4367
PADI4	59635
PADI6	65456
PAEP	86943
PAF1	12762
PAFAH1B1	68980
PAFAH1B2	90537
PAFAH1B3	68608
PAFAH2	68951
PAG1	94668
PAGE4	39228
PAGR1	97515
PAH	66625
PAICS	82387
PAIP1	37169
PAIP2	20677
PAIP2B	91924
PAK1	54580
PAK1IP1	69448
PAK2	95681
PAK3	63694
PAK4	74705
PAK5	20711
PAK6	5077
PALD1	48003
PALLD	33090
PALM	49113
PALM2	20822
PALM3	31154
PALMD	17885
PAM	81144
PAM16	54286
PAMR1	27582
PAN2	68676
PAN3	3009
PANK1	95096
PANK2	16283
PANK3	83244
PANK4	27199
PANO1	4142
PANX1	78597
PANX2	97191
PAPLN	71490
PAPOLA	71521
PAPOLB	19140
PAPOLG	71451
PAPPA	58614
PAPPA2	21576
PAPSS1	90083
PAPSS2	59066
PAQR3	7504
PAQR4	76439
PAQR5	44729
PAQR7	38827
PAQR8	10456
PAQR9	7070
PARD3	32464
PARD3B	33946
PARD6A	79825
PARD6B	53843
PARD6G	19682
PARG	42394
PARK7	72417
PARL	51844
PARM1	47013
PARN	98234
PARP1	94218
PARP10	66427
PARP11	93397
PARP12	18235
PARP14	56184
PARP15	67024
PARP16	70814
PARP2	73157
PARP3	92208
PARP6	77198
PARP8	78444
PARP9	70008
PARPBP	6751
PARVA	58751
PARVB	76773
PARVG	21036
PASK	58952
PATE2	91916
PATE4	14436
PATL1	37369
PATL2	1527
PATZ1	74355
PAWR	21256
PAX1	34521
PAX2	66383
PAX3	16404
PAX5	89353
PAX6	95113
PAX7	96199
PAX8	56971
PAXBP1	42816
PAXIP1	80533
PAXX	25808
PBDC1	49687
PBK	89505
PBLD	388
PBRM1	96050
PBX1	37806
PBX2	18524
PBX3	16316
PBX4	57423
PBXIP1	82766
PC	96664
PCARE	532
PCBD1	38132
PCBD2	91017
PCBP1	39282
PCBP2	4726
PCBP3	78714
PCBP4	61320
PCCA	85205
PCCB	14495
PCDH1	12743
PCDH10	20745
PCDH12	63125
PCDH15	39547
PCDH17	45585
PCDH18	97706
PCDH19	62780
PCDH7	63879
PCDH8	79243
PCDH9	72891
PCDHA8	92371
PCDHAC2	51824
PCDHB1	65006
PCDHB12	53822
PCDHB14	3976
PCDHB4	83565
PCDHB5	41751
PCDHB7	41252
PCDHGA4	49890
PCED1A	30021
PCF11	20789
PCGF1	56510
PCGF2	48981
PCGF3	27974
PCGF5	46573
PCGF6	16718
PCID2	29372
PCIF1	63987
PCK1	15520
PCK2	42691
PCLO	71935
PCM1	58146
PCMTD1	2377
PCMTD2	53960
PCNA	67295
PCNT	39095
PCNX1	37051
PCNX2	65707
PCNX3	14291
PCNX4	30515
PCOLCE	38116
PCOLCE2	80857
PCP2	15347
PCP4	88383
PCP4L1	47223
PCSK1	70516
PCSK1N	100010
PCSK2	71419
PCSK4	41250
PCSK5	74140
PCSK6	4723
PCSK7	32857
PCSK9	74535
PCTP	84781
PCYOX1	49522
PCYOX1L	69706
PCYT1A	34814
PCYT1B	70758
PCYT2	16385
PDCD1	53882
PDCD10	46894
PDCD11	6959
PDCD1LG2	50352
PDCD2	75362
PDCD4	95433
PDCD5	33504
PDCD6	50380
PDCD6IP	11862
PDCD7	10958
PDCL	74775
PDCL2	6073
PDE10A	45172
PDE11A	33853
PDE12	4963
PDE1A	48834
PDE1B	86756
PDE1C	34673
PDE2A	48481
PDE3A	87399
PDE3B	8617
PDE4A	4719
PDE4B	55609
PDE4D	19665
PDE4DIP	49169
PDE5A	85223
PDE6A	36473
PDE6B	5204
PDE6C	87429
PDE6D	44007
PDE7A	99990
PDE7B	61361
PDE8A	48479
PDE9A	71151
PDF	32604
PDGFA	1866
PDGFB	79092
PDGFC	83130
PDGFD	15143
PDGFRA	27768
PDGFRB	25042
PDGFRL	56123
PDHB	70539
PDHX	85000
PDIA2	91913
PDIA3	75851
PDIA4	53128
PDIA5	75821
PDIA6	71135
PDIK1L	77709
PDILT	51113
PDK1	69017
PDK2	21124
PDK3	25013
PDK4	30780
PDLIM1	66827
PDLIM2	97132
PDLIM3	87991
PDLIM4	36890
PDLIM5	76467
PDLIM7	35316
PDP1	17751
PDP2	71407
PDPK1	75389
PDPN	67953
PDPR	3032
PDRG1	74515
PDS5A	98746
PDS5B	4471
PDSS1	13301
PDSS2	63154
PDXDC1	22393
PDXK	83955
PDXP	69891
PDYN	78706
PDZD11	36509
PDZD2	987
PDZD3	75692
PDZD4	93173
PDZD7	79370
PDZD8	15367
PDZD9	72281
PDZK1	90765
PDZK1IP1	31087
PDZRN3	61758
PDZRN4	60925
PEA15	49356
PEAK1	93743
PEAK3	63851
PEAR1	1546
PEBP4	56076
PECAM1	56451
PECR	32521
PEG10	96532
PEG3	30131
PELI1	62987
PELI2	7816
PELI3	31567
PELO	9775
PELP1	57469
PEMT	71000
PENK	96183
PEPD	79229
PER2	31924
PER3	2063
PERM1	26076
PERP	27563
PES1	41110
PET100	56702
PET117	41863
PEX1	65709
PEX10	56313
PEX11A	78375
PEX11G	15036
PEX12	38477
PEX13	21976
PEX14	42383
PEX16	23723
PEX19	11796
PEX2	23040
PEX26	55827
PEX3	89003
PEX5	23001
PEX5L	82248
PEX6	3924
PEX7	54149
PF4	16656
PF4V1	37203
PFAS	16138
PFDN1	30290
PFDN2	88924
PFDN4	21282
PFDN6	33081
PFKFB1	56109
PFKFB2	8187
PFKFB3	74768
PFKFB4	79045
PFKL	82298
PFKM	65449
PFN1	996
PFN2	47469
PFN3	83146
PFN4	95019
PGAM1	94519
PGAM2	98701
PGAP1	49392
PGAP2	55021
PGAP3	88161
PGBD1	10319
PGBD2	27622
PGBD4	66590
PGBD5	6430
PGC	7315
PGD	60903
PGF	6283
PGGHG	39698
PGGT1B	26437
PGK1	36579
PGLYRP1	78616
PGM1	21590
PGM2	12180
PGM2L1	54053
PGM3	82126
PGM5	55575
PGP	4381
PGPEP1	26745
PGPEP1L	86774
PGR	35829
PGRMC1	41332
PGRMC2	92795
PGS1	15920
PHACTR1	25582
PHACTR2	71444
PHACTR3	14673
PHACTR4	91459
PHAX	52851
PHB	80229
PHB2	16356
PHC1	19935
PHC2	39362
PHC3	20643
PHETA1	49655
PHEX	58681
PHF1	66080
PHF10	35223
PHF11	71952
PHF12	51530
PHF13	69298
PHF14	60752
PHF19	69189
PHF2	68566
PHF20	95347
PHF20L1	59645
PHF21A	56687
PHF21B	56253
PHF23	45338
PHF24	65173
PHF3	48326
PHF5A	44874
PHF6	23346
PHF7	57472
PHF8	88696
PHGDH	19517
PHIP	15721
PHKA1	4008
PHKA2	6215
PHKB	25579
PHKG1	51967
PHKG2	50672
PHLDA1	20344
PHLDA2	28849
PHLDA3	90364
PHLDB1	46406
PHLDB2	23326
PHLDB3	94341
PHLPP1	65672
PHLPP2	20385
PHOSPHO1	48309
PHOX2A	46938
PHPT1	71252
PHRF1	44212
PHTF1	32528
PHTF2	67487
PHYH	20326
PHYHD1	91071
PHYHIP	22247
PHYHIPL	17261
PHYKPL	12288
PI15	96997
PI16	1077
PI3	34061
PI4K2A	70000
PI4K2B	27282
PI4KA	35460
PI4KB	29890
PIANP	30125
PIAS1	27876
PIAS2	59083
PIAS3	46944
PIAS4	83779
PIBF1	76207
PICALM	92712
PICK1	12736
PID1	68895
PIDD1	78791
PIEZO1	19970
PIEZO2	15059
PIF1	10448
PIFO	95701
PIGA	17327
PIGB	45523
PIGC	61010
PIGF	47000
PIGG	60784
PIGH	34443
PIGK	35570
PIGL	58278
PIGN	96077
PIGO	63099
PIGP	63947
PIGQ	49722
PIGS	24049
PIGT	90491
PIGU	28058
PIGV	53966
PIGW	1809
PIGX	74720
PIGZ	14961
PIH1D1	91419
PIH1D2	92097
PIK3AP1	33668
PIK3C2A	3886
PIK3C2B	99022
PIK3C2G	11511
PIK3C3	20019
PIK3CA	60112
PIK3CB	15392
PIK3CD	67221
PIK3CG	35623
PIK3IP1	27202
PIK3R1	98990
PIK3R3	37551
PIK3R4	31426
PIK3R5	7205
PIK3R6	92113
PIKFYVE	5424
PILRA	30075
PIM1	96407
PIM2	94726
PIM3	15246
PIMREG	71230
PIN1	92608
PINK1	54408
PINLYP	70638
PINX1	64822
PIP	61219
PIP4K2A	23809
PIP4K2B	97136
PIP4K2C	49710
PIP4P1	53422
PIP4P2	36298
PIP5K1A	70858
PIP5K1B	33340
PIP5K1C	71397
PIP5KL1	12835
PIPOX	50070
PIR	16420
PIRT	66828
PISD	9620
PITHD1	66845
PITPNA	7379
PITPNB	3087
PITPNC1	48805
PITPNM1	55035
PITPNM2	68609
PITPNM3	13471
PITRM1	55170
PITX1	93543
PITX3	81295
PIWIL1	45374
PIWIL2	323
PIWIL3	45575
PIWIL4	37744
PJA2	15610
PJVK	89692
PKD1	38623
PKD1L1	1434
PKD1L3	64726
PKD2	52747
PKD2L2	54773
PKDCC	89790
PKDREJ	35065
PKHD1	82564
PKHD1L1	80801
PKIA	41619
PKIB	93046
PKIG	26136
PKLR	82986
PKMYT1	64899
PKN1	76477
PKN2	58964
PKN3	21305
PKNOX1	31038
PKNOX2	87188
PKP1	4941
PKP2	40952
PKP3	64495
PKP4	8266
PLA1A	2135
PLA2G12A	26811
PLA2G12B	1951
PLA2G15	79270
PLA2G1B	89449
PLA2G2A	55804
PLA2G2C	84657
PLA2G2D	26429
PLA2G2F	10894
PLA2G3	48466
PLA2G4A	89219
PLA2G4C	94274
PLA2G4D	9568
PLA2G4E	22227
PLA2G4F	45007
PLA2G5	66274
PLA2G6	53858
PLA2G7	68224
PLA2R1	67597
PLAA	890
PLAAT1	16720
PLAAT2	46302
PLAAT3	95415
PLAAT4	96215
PLAAT5	23938
PLAC8	90085
PLAC8L1	96506
PLAC9	25091
PLAG1	86331
PLAGL1	69569
PLAGL2	72258
PLAT	31018
PLAU	35509
PLAUR	26323
PLB1	64638
PLBD1	66048
PLBD2	22691
PLCB1	90077
PLCB2	40110
PLCB3	49313
PLCB4	79801
PLCD1	97060
PLCD3	92593
PLCD4	58745
PLCE1	58817
PLCG1	19011
PLCH1	25026
PLCH2	75577
PLCL1	16754
PLCL2	71486
PLCXD1	71482
PLCXD3	47395
PLCZ1	99926
PLD1	94939
PLD2	73197
PLD3	70506
PLD4	82696
PLD5	71974
PLD6	56070
PLEC	86645
PLEK	8231
PLEK2	57076
PLEKHA1	1963
PLEKHA2	46362
PLEKHA3	37638
PLEKHA4	93040
PLEKHA5	85516
PLEKHA6	51681
PLEKHA7	30890
PLEKHA8	97019
PLEKHB1	63312
PLEKHB2	65255
PLEKHD1	7303
PLEKHF1	55789
PLEKHF2	55283
PLEKHG1	76575
PLEKHG2	26641
PLEKHG3	38690
PLEKHG4	14732
PLEKHG4B	83081
PLEKHG5	67257
PLEKHG6	17414
PLEKHH1	85736
PLEKHH2	99632
PLEKHH3	35960
PLEKHM1	62479
PLEKHM2	43844
PLEKHM3	78588
PLEKHN1	72247
PLEKHO1	14099
PLEKHS1	79181
PLGRKT	56661
PLIN1	65301
PLIN3	1133
PLIN4	34069
PLIN5	18343
PLK1	28721
PLK2	73553
PLK3	96768
PLK4	2889
PLK5	83235
PLLP	23907
PLN	94457
PLOD1	70709
PLOD2	16658
PLOD3	12010
PLP1	95304
PLP2	98500
PLPBP	11567
PLPP1	73682
PLPP2	76548
PLPP4	18786
PLPP5	97673
PLPP6	42281
PLPP7	56467
PLPPR1	35775
PLPPR2	77783
PLPPR3	20576
PLPPR4	88595
PLPPR5	22571
PLRG1	97758
PLS1	39983
PLS3	60717
PLSCR1	73609
PLSCR3	71004
PLSCR4	21527
PLSCR5	38096
PLTP	17658
PLVAP	99698
PLXDC1	79532
PLXDC2	17058
PLXNA1	41572
PLXNA2	38447
PLXNA3	60542
PLXNA4	64360
PLXNB1	44736
PLXNB2	47148
PLXNB3	33176
PLXNC1	2953
PM20D1	36104
PM20D2	20546
PMCH	36551
PMEL	9910
PMEPA1	37002
PMFBP1	59943
PMIS2	4762
PML	62045
PMM1	41190
PMM2	7259
PMP2	73255
PMP22	54401
PMPCA	86814
PMPCB	82089
PMS1	76735
PMS2	25058
PMVK	22229
PNCK	71784
PNISR	56365
PNKD	21893
PNKP	96213
PNLDC1	56382
PNLIP	25497
PNLIPRP1	24282
PNLIPRP2	95779
PNLIPRP3	16337
PNMA1	96811
PNMA2	33700
PNMA3	20510
PNMA6A	87531
PNMA6E	44561
PNMA6F	39879
PNMA8A	34743
PNMA8C	43576
PNMT	66725
PNN	83775
PNO1	64602
PNOC	33346
PNPLA1	59093
PNPLA2	4984
PNPLA3	32148
PNPLA4	49198
PNPLA5	54325
PNPLA6	70991
PNPLA7	1842
PNPLA8	28649
PNPO	84039
PNPT1	42764
PNRC1	30437
PNRC2	33463
POC1A	54523
POC1B	22661
POC5	74015
PODN	87340
PODNL1	90983
PODXL	6495
PODXL2	79558
POF1B	50272
POFUT1	79867
POFUT2	27968
POGK	96721
POGLUT1	64146
POGLUT2	76900
POGLUT3	38936
POGZ	51749
POLA1	8468
POLB	75982
POLD1	58361
POLD2	94089
POLD3	59861
POLD4	76218
POLDIP2	7765
POLDIP3	1146
POLE2	37406
POLE3	95493
POLE4	97684
POLG	26182
POLG2	69180
POLH	37487
POLI	28027
POLK	393
POLL	15061
POLM	51067
POLN	80404
POLQ	54547
POLR1A	76811
POLR1B	55887
POLR1C	99335
POLR1D	76403
POLR1E	52288
POLR2B	99170
POLR2C	32025
POLR2D	11600
POLR2E	28116
POLR2F	53290
POLR2G	47998
POLR2H	80366
POLR2I	87875
POLR2L	22972
POLR3A	22818
POLR3B	28518
POLR3C	65361
POLR3D	99638
POLR3E	41142
POLR3F	15892
POLR3G	98236
POLR3GL	63610
POLR3H	57885
POLR3K	44444
POLRMT	12781
POMC	94221
POMGNT1	36626
POMGNT2	44462
POMK	36865
POMP	19521
POMT1	87242
POMT2	94542
PON1	89475
PON2	88748
PON3	41519
POP1	85447
POP4	99439
POP5	45274
POP7	10719
POPDC2	12477
POPDC3	8372
POR	11723
PORCN	5804
POSTN	70911
POT1	37992
POU1F1	63063
POU2AF1	57350
POU2F1	81105
POU2F2	90521
POU2F3	19853
POU3F4	71707
POU4F2	85679
POU6F2	83726
PP2D1	12934
PPA1	61568
PPA2	24125
PPAN	62452
PPARA	31258
PPARD	42921
PPARG	25998
PPARGC1A	84241
PPARGC1B	24079
PPAT	1720
PPBP	38407
PPCDC	4678
PPCS	79863
PPDPF	87251
PPDPFL	44693
PPEF1	63503
PPEF2	6280
PPFIA1	17484
PPFIA2	4742
PPFIA3	83257
PPFIA4	22993
PPFIBP1	19438
PPFIBP2	71457
PPHLN1	25689
PPIA	30983
PPIB	93957
PPIC	91280
PPID	99764
PPIE	150
PPIF	7090
PPIG	34962
PPIH	46564
PPIL1	96151
PPIL4	95934
PPIL6	98278
PPIP5K1	54919
PPIP5K2	74216
PPL	30840
PPM1A	65914
PPM1D	1092
PPM1E	95508
PPM1F	98584
PPM1G	66176
PPM1H	63267
PPM1J	97067
PPM1K	15065
PPM1L	30505
PPM1M	67955
PPM1N	97762
PPME1	55009
PPOX	79748
PPP1CA	70221
PPP1CB	51095
PPP1CC	42328
PPP1R10	9736
PPP1R11	2630
PPP1R12A	98218
PPP1R12B	29590
PPP1R12C	93086
PPP1R13B	38808
PPP1R13L	48984
PPP1R14A	81801
PPP1R14C	32941
PPP1R15A	49686
PPP1R15B	50884
PPP1R16A	93408
PPP1R16B	28890
PPP1R17	10220
PPP1R18	83223
PPP1R1A	50914
PPP1R1B	30906
PPP1R1C	75578
PPP1R21	16537
PPP1R26	34626
PPP1R27	6741
PPP1R32	25877
PPP1R35	94527
PPP1R36	99661
PPP1R37	78507
PPP1R3A	1754
PPP1R3B	80412
PPP1R3C	53788
PPP1R3D	100002
PPP1R3E	21364
PPP1R3F	87499
PPP1R42	24760
PPP1R7	89973
PPP1R8	29271
PPP1R9A	24438
PPP1R9B	8155
PPP2CA	24483
PPP2CB	8060
PPP2R1A	26598
PPP2R1B	23009
PPP2R2A	56908
PPP2R2B	43708
PPP2R2C	41886
PPP2R2D	25500
PPP2R3A	85733
PPP2R3B	86861
PPP2R3C	97715
PPP2R5A	96749
PPP2R5B	49577
PPP2R5D	91557
PPP2R5E	82262
PPP3CA	683
PPP3CB	61736
PPP3CC	94638
PPP3R1	78427
PPP4C	89628
PPP4R1	72955
PPP4R2	82363
PPP4R3A	77043
PPP4R3B	52472
PPP4R4	7790
PPP5C	14931
PPP6C	33434
PPP6R1	53358
PPP6R2	48047
PPP6R3	83750
PPRC1	95601
PPT1	44595
PPT2	8762
PPTC7	30312
PPWD1	68087
PPY	17627
PQBP1	29619
PQLC1	58295
PQLC2	42671
PQLC2L	49831
PQLC3	22734
PRADC1	34544
PRAF2	57165
PRAG1	73779
PRAM1	5852
PRAME	65564
PRB1	82197
PRC1	78698
PRCC	72310
PRCD	23651
PRCP	38321
PRDM1	48134
PRDM10	2249
PRDM11	92679
PRDM12	77655
PRDM13	37899
PRDM15	80219
PRDM16	19035
PRDM2	8036
PRDM4	712
PRDM5	10188
PRDM6	74400
PRDM8	65929
PRDX1	72335
PRDX2	16057
PRDX3	74111
PRDX4	55632
PRDX5	87362
PRDX6	73815
PRELID1	79091
PRELID2	41306
PRELID3A	94149
PRELID3B	98059
PRELP	9917
PREP	82303
PREPL	73696
PREX1	53592
PREX2	3497
PRF1	16003
PRG4	91844
PRICKLE1	64904
PRICKLE2	89737
PRICKLE3	28717
PRIM2	61065
PRIMA1	7032
PRIMPOL	42847
PRKAA1	5826
PRKAA2	13073
PRKAB1	19036
PRKAB2	10147
PRKACA	98951
PRKACB	14637
PRKACG	25852
PRKAG1	88938
PRKAG2	82034
PRKAG3	78394
PRKAR1B	9855
PRKAR2A	71134
PRKAR2B	63827
PRKCA	2033
PRKCB	58717
PRKCD	85569
PRKCE	77127
PRKCG	493
PRKCI	41802
PRKCQ	96931
PRKCSH	64498
PRKCZ	46536
PRKD1	26247
PRKD2	27823
PRKD3	56068
PRKDC	66931
PRKG1	45994
PRKG2	38753
PRKN	12517
PRKRA	28609
PRKRIP1	98020
PRLH	47420
PRLHR	96033
PRLR	84686
PRMT1	21078
PRMT2	29748
PRMT3	90029
PRMT5	57328
PRMT6	64514
PRMT7	38784
PRMT8	22462
PRMT9	63584
PRNP	64095
PROC	80768
PROCA1	82429
PROCR	35740
PRODH2	19837
PROK1	25568
PROK2	85319
PROKR1	81404
PROKR2	37517
PROM1	8773
PROM2	61432
PROP1	84846
PROS1	79838
PROSER1	40023
PROSER2	29877
PROSER3	52347
PROX1	66764
PROX2	73035
PROZ	80746
PRPF19	59875
PRPF3	52316
PRPF31	24912
PRPF38A	78198
PRPF39	80029
PRPF4	81861
PRPF40A	83369
PRPF40B	80496
PRPF4B	47643
PRPF6	35486
PRPF8	61055
PRPH	25205
PRPH2	64162
PRPS1	49691
PRPS2	60985
PRPSAP1	22789
PRPSAP2	7519
PRR11	69167
PRR12	63887
PRR13	88054
PRR14	83827
PRR14L	35847
PRR15	46532
PRR16	23869
PRR19	26076
PRR22	26721
PRR29	6678
PRR3	42752
PRR35	22446
PRR36	30051
PRR5	29755
PRR5L	54091
PRR7	19496
PRRC1	10241
PRRC2A	61236
PRRC2B	78255
PRRC2C	3900
PRRG1	40435
PRRG3	34680
PRRG4	27440
PRRT1	77587
PRRT1B	17778
PRRT2	87449
PRRT3	90008
PRRX1	18331
PRRX2	2040
PRSS1	8248
PRSS12	61901
PRSS16	49475
PRSS21	92509
PRSS22	48527
PRSS27	76517
PRSS33	42895
PRSS35	52696
PRSS36	34414
PRSS38	14876
PRSS41	6399
PRSS42P	95382
PRSS45P	61570
PRSS48	41835
PRSS53	19392
PRSS54	22743
PRSS55	27395
PRSS56	52416
PRSS57	70420
PRSS8	2847
PRTFDC1	85734
PRTG	89275
PRTN3	75893
PRUNE1	88381
PRUNE2	9577
PRX	82989
PRXL2A	75498
PRXL2B	83358
PSAP	48060
PSAT1	56516
PSD	42861
PSD2	41541
PSD3	78970
PSD4	90533
PSEN1	94706
PSEN2	91511
PSENEN	74675
PSIP1	33043
PSKH1	97381
PSKH2	36719
PSMA1	81395
PSMA2	28584
PSMA3	19386
PSMA4	86877
PSMA5	13015
PSMA6	1924
PSMA7	80928
PSMA8	92768
PSMB1	76551
PSMB10	63442
PSMB11	21898
PSMB2	8973
PSMB3	66475
PSMB4	86303
PSMB5	55561
PSMB6	31811
PSMB7	60710
PSMB8	12714
PSMB9	37499
PSMC1	68004
PSMC2	40661
PSMC3	73606
PSMC3IP	96144
PSMC4	40120
PSMC5	18553
PSMC6	57258
PSMD1	5222
PSMD10	57487
PSMD11	74268
PSMD12	9125
PSMD13	39173
PSMD14	38904
PSMD2	20742
PSMD3	26884
PSMD4	33718
PSMD5	88599
PSMD6	27265
PSMD7	25916
PSMD8	82910
PSME1	75356
PSME2	85130
PSME3	32696
PSME4	31108
PSMF1	22777
PSMG1	22696
PSMG3	94180
PSMG4	73759
PSORS1C2	89353
PSPC1	64753
PSPN	11282
PSRC1	52030
PSTK	53016
PSTPIP1	33342
PSTPIP2	88070
PTAFR	36797
PTAR1	96625
PTBP1	67663
PTBP2	22174
PTBP3	19597
PTCD2	37080
PTCD3	43937
PTCH1	45670
PTCH2	17356
PTCHD1	27387
PTCHD4	83197
PTCRA	18585
PTDSS1	58149
PTDSS2	67320
PTEN	72966
PTER	57192
PTF1A	34599
PTGDR	58436
PTGDR2	8513
PTGDS	49231
PTGER1	81673
PTGER2	14279
PTGER3	24347
PTGER4	73029
PTGES	12845
PTGES2	66151
PTGES3	18203
PTGFR	87870
PTGFRN	78923
PTGIR	2698
PTGIS	92153
PTGR1	12394
PTGS1	26173
PTGS2	91382
PTH1R	26121
PTH2	84862
PTH2R	30459
PTHLH	79333
PTK2	3658
PTK2B	53720
PTK6	84339
PTK7	91601
PTMA	22667
PTMS	88633
PTN	81993
PTOV1	92512
PTP4A1	82084
PTP4A2	2394
PTP4A3	678
PTPA	95074
PTPDC1	24567
PTPMT1	90318
PTPN1	35941
PTPN11	45490
PTPN12	37033
PTPN13	43624
PTPN14	12052
PTPN18	18178
PTPN2	75372
PTPN20	81135
PTPN22	68919
PTPN23	26238
PTPN3	45253
PTPN4	74574
PTPN5	82573
PTPN6	19261
PTPN7	48716
PTPN9	67477
PTPRA	50449
PTPRB	76114
PTPRC	96590
PTPRCAP	4765
PTPRD	23791
PTPRE	7392
PTPRF	75391
PTPRG	46179
PTPRJ	48560
PTPRK	97725
PTPRM	2904
PTPRN	33472
PTPRN2	40104
PTPRO	32333
PTPRQ	78353
PTPRR	51494
PTPRS	14726
PTPRT	63838
PTPRU	52424
PTPRZ1	55611
PTRH1	54054
PTRH2	72340
PTRHD1	96073
PTS	38342
PTTG1	36321
PTTG1IP	53896
PTTG2	51071
PTX3	56834
PTX4	81183
PUF60	47977
PUM1	7508
PUM2	91763
PUM3	35379
PURA	3477
PURB	7697
PURG	87564
PUS1	49583
PUS10	23750
PUS3	53612
PUS7	35892
PUS7L	477
PUSL1	43348
PVALB	87200
PVALEF	66408
PVR	25090
PVRIG	65637
PVRL4	63583
PWP1	58003
PWWP2A	91838
PWWP2B	95505
PWWP3A	39286
PXDC1	6598
PXDN	57487
PXDNL	40681
PXK	50920
PXMP2	26332
PXN	90070
PXT1	99475
PXYLP1	1587
PYCARD	72547
PYCR1	28720
PYCR3	86696
PYDC2	14925
PYGB	42110
PYGL	28603
PYGM	77282
PYGO1	4767
PYGO2	6306
PYHIN1	83146
PYM1	26197
PYROXD1	26299
PYROXD2	16660
PYURF	10749
PYY	39866
PZP	85706
QARS	70927
QDPR	35306
QPCT	87075
QPCTL	86275
QPRT	38630
QRFPR	28098
QRICH1	68426
QRICH2	2325
QRSL1	84637
QSER1	86175
QSOX1	67990
QSOX2	82849
QTRT1	91595
QTRT2	93396
R3HCC1	37093
R3HCC1L	70974
R3HDM1	51784
R3HDM2	81807
R3HDM4	50204
R3HDML	75534
RAB10	95073
RAB11A	16155
RAB11B	53603
RAB11FIP1	40824
RAB11FIP2	77476
RAB11FIP3	53704
RAB11FIP4	59203
RAB12	7561
RAB13	21800
RAB14	5898
RAB15	93112
RAB17	88768
RAB18	84606
RAB19	8831
RAB1A	48310
RAB1B	36543
RAB20	62710
RAB21	23653
RAB22A	40135
RAB23	31132
RAB24	44275
RAB25	26991
RAB26	11846
RAB27A	67422
RAB27B	69658
RAB28	81400
RAB29	35908
RAB2A	25870
RAB2B	83416
RAB30	10974
RAB31	64260
RAB33A	13390
RAB33B	75402
RAB34	28003
RAB35	73924
RAB36	60705
RAB37	94062
RAB38	48644
RAB39A	57435
RAB39B	9964
RAB3A	35410
RAB3B	31306
RAB3C	52155
RAB3D	55141
RAB3GAP1	54773
RAB3GAP2	48870
RAB3IL1	75125
RAB3IP	59775
RAB40A	48311
RAB40AL	39888
RAB40B	5680
RAB40C	46104
RAB41	42307
RAB42	49123
RAB43	54586
RAB44	64434
RAB4A	19993
RAB5A	32261
RAB5B	24668
RAB5C	74776
RAB5IF	20301
RAB6A	79576
RAB6B	40544
RAB7A	98488
RAB7B	53439
RAB8A	6221
RAB8B	22654
RAB9A	58851
RAB9B	17098
RABAC1	25252
RABEP1	32705
RABEP2	64107
RABEPK	33325
RABGAP1	91781
RABGAP1L	46750
RABGGTA	31216
RABGGTB	18069
RABIF	27649
RABL3	84905
RABL6	97934
RAC1	8622
RAC2	85281
RAC3	10287
RACGAP1	99458
RACK1	31365
RAD1	51640
RAD17	87354
RAD18	70800
RAD21	64619
RAD21L1	78712
RAD23A	45359
RAD23B	23196
RAD51	77167
RAD51AP1	33975
RAD51AP2	93278
RAD51B	41185
RAD51C	38247
RAD51D	80943
RAD52	9265
RAD54L	87228
RAD54L2	75860
RAD9A	70667
RAD9B	89678
RADIL	4983
RADX	99303
RAE1	31582
RAF1	66720
RAG1	64279
RAG2	29627
RAI1	98711
RAI14	56032
RALA	56801
RALB	79590
RALGAPA1	64434
RALGAPA2	100099
RALGAPB	26882
RALGPS1	39777
RALGPS2	28357
RALY	41298
RALYL	37721
RAMAC	8896
RAMP1	13996
RAMP2	51030
RAMP3	98631
RAN	74408
RANBP1	88735
RANBP10	26171
RANBP17	85716
RANBP2	14102
RANBP3	54321
RANBP3L	75916
RANBP9	98239
RANGAP1	68610
RANGRF	24977
RAP1A	75614
RAP1B	60496
RAP1GAP	33441
RAP1GAP2	62518
RAP1GDS1	32996
RAP2A	22524
RAP2B	43173
RAP2C	84126
RAPGEF1	12379
RAPGEF2	90670
RAPGEF3	69685
RAPGEF4	39982
RAPGEF5	28224
RAPGEFL1	14105
RAPH1	91622
RAPSN	68906
RARA	50528
RARB	60514
RARG	93732
RARRES1	65845
RARRES2	92745
RARS	82114
RARS2	41897
RASA1	92655
RASA2	92420
RASA3	16856
RASAL1	67932
RASAL2	58809
RASAL3	29816
RASD1	14648
RASD2	11127
RASEF	32519
RASGEF1A	79220
RASGEF1B	98145
RASGEF1C	69664
RASGRF1	98565
RASGRF2	86014
RASGRP1	98879
RASGRP2	14756
RASGRP3	90633
RASGRP4	38781
RASIP1	4893
RASL10A	88011
RASL10B	10426
RASL11A	30002
RASL11B	25836
RASL12	76659
RASSF1	37948
RASSF10	31655
RASSF2	63344
RASSF3	98002
RASSF4	50320
RASSF5	39826
RASSF6	5582
RASSF7	30481
RASSF8	80724
RASSF9	92333
RAVER2	38674
RAX2	65454
RB1	40737
RB1CC1	36057
RBAK	9191
RBBP4	28233
RBBP5	79506
RBBP6	47776
RBBP7	91106
RBBP8	47791
RBBP9	9946
RBCK1	21233
RBFA	30786
RBFOX1	15741
RBFOX2	53903
RBFOX3	92769
RBKS	82084
RBL1	70859
RBL2	64980
RBM10	36461
RBM11	19275
RBM12	9299
RBM12B	66341
RBM15	39176
RBM15B	37692
RBM17	89969
RBM18	38942
RBM19	70822
RBM20	38708
RBM22	96466
RBM23	67306
RBM24	51020
RBM25	93878
RBM26	14905
RBM28	86783
RBM3	10813
RBM33	3626
RBM34	4352
RBM38	67496
RBM39	28050
RBM4	76094
RBM41	1112
RBM42	8950
RBM43	25713
RBM44	55821
RBM45	76015
RBM46	87218
RBM47	21104
RBM48	67815
RBM4B	23454
RBM5	47491
RBM8A	62964
RBMS1	40678
RBMS2	93268
RBMS3	74726
RBMX	20752
RBMX2	64618
RBMXL2	17078
RBP1	45577
RBP3	30621
RBP4	32919
RBP5	4936
RBP7	67053
RBPJ	31772
RBPJL	85760
RBPMS	28552
RBPMS2	45450
RBSN	54869
RBX1	36256
RC3H1	91071
RC3H2	64880
RCAN1	18841
RCAN2	13090
RCAN3	9695
RCBTB1	71148
RCBTB2	71729
RCC1L	40023
RCC2	48661
RCCD1	74670
RCE1	85221
RCHY1	45096
RCL1	44875
RCN1	8554
RCN2	6231
RCN3	34980
RCOR1	54279
RCOR2	59515
RCOR3	48422
RCSD1	15609
RCVRN	5221
RD3	90684
RD3L	22718
RDH10	90220
RDH11	15855
RDH12	84464
RDH13	77218
RDH14	66730
RDH5	42230
RDM1	6262
RDX	67143
REC114	9897
REC8	92696
RECK	32180
RECQL	50701
RECQL4	34582
RECQL5	73400
REELD1	58547
REEP1	20495
REEP2	6983
REEP3	38474
REEP4	4479
REEP5	78266
REEP6	82691
REG4	36662
REL	41441
RELA	64250
RELB	14113
RELCH	85958
RELL1	72857
RELL2	31174
RELN	82900
RELT	89352
REM1	61408
REM2	60613
REN	36573
RENBP	80693
REPIN1	3739
REPS1	45444
REPS2	58019
RER1	30619
RERE	65131
RERG	37066
RERGL	16190
RESF1	74171
RESP18	36339
REST	10950
RET	53308
RETNLB	68707
RETREG1	97886
RETREG2	26248
RETREG3	24729
RETSAT	58560
REV1	23664
REV3L	94856
REX1BD	54502
REXO1	23343
REXO2	61456
REXO4	76167
REXO5	31317
RF00001	97436
RF00002	52900
RF00003	47125
RF00004	26432
RF00006	88300
RF00007	29915
RF00009	77864
RF00012	43240
RF00015	50569
RF00016	52288
RF00017	70276
RF00019	97264
RF00020	51193
RF00024	9782
RF00026	26755
RF00030	19671
RF00045	90152
RF00049	29139
RF00054	81741
RF00055	88095
RF00056	71698
RF00066	43879
RF00067	37084
RF00068	77776
RF00069	38731
RF00071	27383
RF00072	9267
RF00085	95545
RF00086	26292
RF00087	25952
RF00088	68740
RF00089	36969
RF00090	37849
RF00091	84723
RF00092	37435
RF00093	45724
RF00096	42045
RF00099	8354
RF00100	65451
RF00105	29987
RF00108	85055
RF00133	5723
RF00134	77113
RF00136	32607
RF00137	14190
RF00138	57004
RF00139	16806
RF00147	5828
RF00150	97224
RF00151	23198
RF00152	5261
RF00153	22776
RF00154	16655
RF00155	75230
RF00156	67372
RF00157	60285
RF00158	78007
RF00181	80268
RF00188	30649
RF00189	88513
RF00190	82354
RF00191	95135
RF00211	30372
RF00212	83188
RF00213	58189
RF00217	51574
RF00218	89615
RF00221	54735
RF00231	58449
RF00263	44987
RF00264	78570
RF00265	60371
RF00266	91380
RF00270	5564
RF00272	68127
RF00273	30598
RF00275	43317
RF00276	62908
RF00277	44353
RF00278	40393
RF00279	35826
RF00280	75214
RF00282	12759
RF00283	32275
RF00284	30322
RF00285	29037
RF00286	35630
RF00287	34910
RF00288	32173
RF00289	67014
RF00302	67212
RF00309	23439
RF00319	58225
RF00322	16128
RF00324	38969
RF00325	69831
RF00334	2863
RF00340	58765
RF00341	88481
RF00342	89261
RF00377	60177
RF00392	42057
RF00393	54161
RF00394	25229
RF00396	57326
RF00397	22119
RF00398	70916
RF00399	83835
RF00400	58389
RF00401	7634
RF00402	3724
RF00403	86010
RF00404	17369
RF00405	42486
RF00406	62943
RF00408	83014
RF00409	39928
RF00410	96658
RF00411	6261
RF00412	3390
RF00413	45924
RF00414	20223
RF00415	49589
RF00416	21046
RF00417	5793
RF00418	58145
RF00419	93847
RF00420	9880
RF00421	41948
RF00422	92780
RF00424	56961
RF00425	17615
RF00426	53115
RF00427	81577
RF00428	17617
RF00429	64982
RF00430	464
RF00431	26791
RF00432	20327
RF00438	94185
RF00439	25942
RF00440	96805
RF00443	42302
RF00478	77660
RF00492	57666
RF00493	91342
RF00494	31308
RF00548	58755
RF00553	37700
RF00554	3072
RF00561	31243
RF00562	93336
RF00563	61518
RF00564	56835
RF00565	14316
RF00566	55931
RF00567	16355
RF00568	50281
RF00569	65037
RF00570	98653
RF00571	3613
RF00572	96892
RF00573	47690
RF00574	27207
RF00575	226
RF00576	28439
RF00578	84465
RF00579	35962
RF00580	68130
RF00581	45553
RF00582	31425
RF00584	8826
RF00586	70598
RF00588	83106
RF00593	26307
RF00594	73613
RF00598	25833
RF00599	69719
RF00600	37070
RF00601	37249
RF00602	31474
RF00603	79582
RF00604	6340
RF00606	34049
RF00608	25534
RF00610	68888
RF00611	93613
RF00613	34077
RF00614	38072
RF00618	8174
RF00619	26264
RF00622	88646
RF01156	83624
RF01158	18214
RF01161	3571
RF01164	36132
RF01168	84575
RF01169	35072
RF01173	83214
RF01182	18373
RF01183	13276
RF01186	9209
RF01191	32153
RF01192	35574
RF01210	34308
RF01211	19697
RF01225	12370
RF01229	50566
RF01233	87269
RF01234	37892
RF01241	15561
RF01268	35864
RF01278	66531
RF01290	54133
RF01291	24678
RF01293	38439
RF01294	33911
RF01295	47400
RF01296	12787
RF01299	48747
RF01383	54615
RF01518	48339
RF01684	60354
RF01778	7999
RF01848	34910
RF01871	55273
RF01874	45466
RF01875	84654
RF01876	37623
RF01877	32063
RF01879	50802
RF01881	77347
RF01882	62708
RF01883	44624
RF01891	34812
RF01892	71620
RF01909	38831
RF01946	84083
RF01947	14715
RF01948	40227
RF01950	355
RF01951	49252
RF01953	62038
RF01954	95405
RF01955	6167
RF01956	46972
RF01957	74222
RF01962	23762
RF01963	35190
RF01964	41070
RF01965	32544
RF01966	88720
RF01967	84930
RF01968	91432
RF01969	75253
RF01970	58240
RF01971	28525
RF01972	45656
RF01983	17915
RF01984	7557
RF01985	34083
RF01986	98866
RF01987	55117
RF02044	60071
RF02045	87812
RF02101	20295
RF02102	83164
RF02103	57894
RF02104	70199
RF02109	9539
RF02110	22232
RF02113	4902
RF02114	80338
RF02115	36406
RF02116	48210
RF02120	10377
RF02121	7637
RF02122	78795
RF02123	16080
RF02124	59331
RF02126	94705
RF02134	71407
RF02135	2564
RF02136	21972
RF02145	2085
RF02146	94773
RF02147	76464
RF02148	3521
RF02149	59001
RF02150	33788
RF02159	83112
RF02160	57464
RF02161	38895
RF02164	97595
RF02165	25705
RF02166	87662
RF02167	40067
RF02168	42495
RF02169	82637
RF02170	43710
RF02174	60930
RF02175	51890
RF02176	34972
RF02180	69722
RF02181	50262
RF02182	58178
RF02183	16139
RF02184	44040
RF02185	44337
RF02186	100048
RF02187	91537
RF02188	11180
RF02189	32645
RF02190	50345
RF02191	53504
RF02192	71524
RF02195	65511
RF02196	61066
RF02198	36423
RF02199	27210
RF02200	91129
RF02201	92673
RF02215	6803
RF02216	9495
RF02217	6736
RF02271	87846
RF02275	72457
RFC1	26453
RFC2	13600
RFC3	42999
RFC4	90869
RFC5	67350
RFESD	98031
RFFL	843
RFLNA	6471
RFLNB	70660
RFNG	44089
RFTN1	73827
RFTN2	75299
RFWD3	46359
RFX1	84170
RFX2	38380
RFX3	14060
RFX4	99473
RFX5	91345
RFX7	69116
RFX8	1365
RFXANK	94732
RFXAP	26464
RGCC	58790
RGL1	80994
RGL2	98970
RGL3	37137
RGMA	64942
RGMB	82989
RGN	15222
RGP1	66338
RGR	16938
RGS1	57245
RGS10	45334
RGS11	4053
RGS12	36872
RGS14	72058
RGS16	24281
RGS17	63543
RGS18	87518
RGS19	75410
RGS2	68464
RGS20	71830
RGS22	41998
RGS3	90060
RGS4	67333
RGS5	58833
RGS6	77321
RGS7	81289
RGS7BP	47310
RGS8	76421
RGS9	36083
RGS9BP	46556
RGSL1	32826
RHAG	72989
RHBDD1	18304
RHBDD2	86092
RHBDD3	63517
RHBDF1	556
RHBDF2	60878
RHBDL1	30383
RHBDL2	17687
RHBDL3	46416
RHBG	48554
RHCG	28521
RHEB	95036
RHEBL1	77282
RHEX	50507
RHNO1	4993
RHO	96637
RHOB	6724
RHOBTB1	85050
RHOBTB2	13086
RHOBTB3	20032
RHOC	31942
RHOD	51462
RHOF	5385
RHOG	33330
RHOH	12716
RHOJ	89040
RHOQ	13007
RHOT1	88733
RHOT2	98877
RHOU	38455
RHOV	84257
RHOXF1	24507
RHPN1	4488
RHPN2	65024
RIBC1	31419
RIBC2	76805
RIC1	55444
RIC3	99791
RIC8A	87954
RIC8B	51588
RICTOR	54278
RIDA	28974
RIF1	53781
RIIAD1	7727
RILP	66138
RILPL1	45967
RILPL2	39640
RIMBP2	94101
RIMKLA	9942
RIMS1	61197
RIMS2	77987
RIMS3	83204
RIMS4	37721
RIN1	74124
RIN2	41826
RIN3	64554
RING1	73375
RINL	48326
RINT1	25826
RIOK1	11317
RIOK2	36052
RIOK3	38601
RIOX1	63129
RIOX2	21874
RIPK1	64551
RIPK2	54529
RIPK3	180
RIPK4	17522
RIPOR1	57869
RIPOR2	26456
RIPOR3	45788
RIPPLY1	38191
RIPPLY2	93038
RIPPLY3	7266
RIT1	77971
RIT2	38945
RITA1	39138
RLBP1	60870
RLF	12766
RLIM	2970
RLN2	146
RMC1	32666
RMDN1	61050
RMDN2	79415
RMDN3	27743
RMI1	52253
RMI2	91935
RMND1	56744
RMND5A	85284
RMND5B	65445
RNASE4	91083
RNASE6	85404
RNASEH2A	57614
RNASEK	39926
RNASEL	67693
RNASET2	94739
RND1	78595
RND2	82253
RND3	86783
RNF10	13448
RNF103	89623
RNF11	85249
RNF111	56447
RNF112	19791
RNF113A	23904
RNF114	45658
RNF115	73670
RNF121	88145
RNF122	98887
RNF123	20053
RNF125	69232
RNF128	12740
RNF13	77020
RNF130	76618
RNF135	72422
RNF138	52151
RNF139	21560
RNF14	99993
RNF141	43137
RNF144A	52669
RNF144B	27777
RNF145	93635
RNF146	96396
RNF149	94285
RNF150	57636
RNF151	27003
RNF152	40487
RNF157	61658
RNF165	15819
RNF166	67621
RNF167	63584
RNF168	97234
RNF169	58104
RNF17	93371
RNF170	7069
RNF175	59495
RNF180	12055
RNF181	57517
RNF182	54280
RNF185	79204
RNF187	39823
RNF19A	56642
RNF19B	72862
RNF2	33899
RNF20	18520
RNF207	81827
RNF208	45269
RNF212	14239
RNF212B	47183
RNF214	64301
RNF215	94981
RNF216	58760
RNF217	61868
RNF219	41215
RNF220	79486
RNF225	21804
RNF227	17935
RNF24	24983
RNF25	57052
RNF26	3048
RNF32	5979
RNF34	91667
RNF38	34902
RNF39	35441
RNF4	58030
RNF40	36912
RNF41	77640
RNF44	54331
RNF5	3479
RNF6	44777
RNF7	38377
RNF8	14659
RNFT1	55405
RNFT2	14220
RNGTT	89348
RNH1	30779
RNLS	86832
RNMT	79447
RNPC3	76244
RNPEP	71750
RNPEPL1	18817
RO60	34464
ROBO1	52725
ROBO2	32023
ROBO3	64421
ROBO4	77859
ROCK1	76414
ROCK2	26044
ROGDI	2119
ROM1	45975
ROMO1	63096
ROPN1B	87355
ROPN1L	26496
ROR1	51205
ROR2	73632
RORA	46071
RORB	31608
RORC	19158
ROS1	30966
RP1	98916
RP1L1	75232
RP2	81282
RP9	99324
RPA2	91003
RPAIN	6271
RPAP1	9899
RPAP2	30238
RPAP3	1965
RPE65	53788
RPF1	19693
RPF2	97258
RPGRIP1	78800
RPGRIP1L	15029
RPH3A	95036
RPH3AL	27302
RPIA	25273
RPL10	29433
RPL10A	81203
RPL13A	47075
RPL15	18390
RPL18	91110
RPL18A	26017
RPL19	73261
RPL22	9398
RPL26L1	78044
RPL27	89968
RPL27A	55094
RPL28	22120
RPL3	1445
RPL30	63841
RPL31	70902
RPL32	1139
RPL35A	89449
RPL36	48461
RPL39L	88476
RPL3L	4594
RPL4	83133
RPL5	98621
RPL7	50906
RPL7A	12570
RPL8	10275
RPL9	73224
RPLP0	10586
RPLP2	34188
RPN1	3168
RPN2	45171
RPP14	22439
RPP25	26521
RPP30	32808
RPP40	69465
RPRD1A	9191
RPRD1B	81892
RPRD2	91496
RPRM	98590
RPRML	30487
RPS10	35340
RPS11	58616
RPS13	41055
RPS14	64553
RPS15	96645
RPS15A	15241
RPS16	33612
RPS17	64951
RPS18	71953
RPS19	78074
RPS19BP1	72858
RPS2	19122
RPS20	82672
RPS21	54325
RPS23	72645
RPS25	53551
RPS27L	81740
RPS29	71984
RPS3A	51938
RPS4X	48689
RPS5	22744
RPS6	7755
RPS6KA1	4935
RPS6KA2	43649
RPS6KA3	36939
RPS6KA4	33057
RPS6KA5	60248
RPS6KA6	57994
RPS6KB1	12123
RPS6KB2	23390
RPS6KC1	86265
RPS6KL1	24792
RPS7	40105
RPS8	42540
RPS9	50507
RPSA	82697
RPTN	83333
RPTOR	91537
RPUSD1	49897
RPUSD2	26760
RPUSD3	47883
RPUSD4	53192
RQCD1	75250
RRAD	56674
RRAGA	70717
RRAGB	87603
RRAGC	4063
RRAGD	57174
RRAS	34842
RRAS2	279
RRBP1	57898
RREB1	61566
RRH	62727
RRM1	25674
RRM2	81687
RRM2B	99476
RRN3	14671
RRNAD1	80557
RRP1	99454
RRP12	30464
RRP15	84306
RRP1B	88100
RRP36	81536
RRP7A	28379
RRP8	52739
RRP9	16768
RRS1	63676
RS1	99213
RSAD1	46940
RSAD2	49651
RSBN1	6091
RSBN1L	78350
RSF1	15564
RSKR	88603
RSL1D1	40873
RSL24D1	98024
RSPH1	91873
RSPH14	53974
RSPH3	20363
RSPH4A	94839
RSPH6A	28752
RSPH9	61841
RSPO1	6686
RSPO2	96991
RSPO3	4645
RSPO4	68778
RSPRY1	75354
RSRC1	30442
RSRC2	539
RSRP1	64887
RSU1	33188
RTBDN	46166
RTCA	40218
RTCB	6617
RTF1	13056
RTF2	43073
RTKN	98394
RTKN2	35711
RTL1	55539
RTL5	96481
RTL6	45574
RTL9	84840
RTN1	8542
RTN2	74620
RTN3	16822
RTN4	74207
RTN4IP1	64329
RTN4R	88725
RTN4RL1	90728
RTN4RL2	97884
RTP1	5157
RTP2	79009
RTP4	78287
RTP5	3707
RTRAF	11611
RTTN	57559
RUBCN	42400
RUBCNL	95422
RUFY1	1249
RUFY2	79032
RUFY3	1755
RUFY4	89194
RUNDC1	36902
RUNDC3A	16310
RUNDC3B	67651
RUNX1	99367
RUNX1T1	59037
RUNX2	23019
RUNX3	37394
RUSC1	14031
RUSC2	27900
RUVBL1	95974
RUVBL2	73603
RWDD1	23179
RWDD2A	36128
RWDD2B	19678
RWDD3	29668
RWDD4	24779
RXFP1	56842
RXFP2	67109
RXFP3	52694
RXFP4	4520
RXRA	23597
RXRB	17694
RXRG	59976
RXYLT1	5650
RYBP	98478
RYK	88652
RYR1	33870
RYR2	96798
RYR3	4266
S100A1	47953
S100A10	45012
S100A13	27458
S100A14	56734
S100A16	19239
S100A2	17471
S100A4	61533
S100A5	72183
S100A6	76897
S100A8	94186
S100A9	41635
S100B	93802
S100P	80697
S100PBP	974
S1PR1	79217
S1PR2	12788
S1PR3	50117
S1PR4	13856
SAA2	85293
SAA4	88243
SAAL1	58237
SAC3D1	50389
SACM1L	22354
SACS	26939
SAE1	33464
SAFB	52035
SAFB2	79574
SAG	8318
SALL1	25866
SALL2	24703
SALL3	29431
SALL4	84672
SAMD1	34826
SAMD10	40789
SAMD11	17834
SAMD13	95910
SAMD14	78671
SAMD15	50748
SAMD3	59967
SAMD4A	35982
SAMD4B	36405
SAMD5	90148
SAMD7	86390
SAMD8	35245
SAMD9	8684
SAMHD1	12838
SAMM50	32757
SAMSN1	11360
SAP130	70789
SAP18	99483
SAP25	97628
SAP30	33107
SAP30BP	77565
SAP30L	54724
SAPCD1	80938
SAPCD2	43068
SAR1A	2832
SAR1B	39735
SARAF	77555
SARDH	21888
SARM1	95858
SARNP	20616
SARS	22864
SARS2	3315
SART1	80781
SART3	1744
SASH1	84075
SASH3	52497
SASS6	45441
SAT1	84933
SAT2	79656
SATB1	36327
SATB2	38185
SATL1	99983
SAV1	40174
SAXO1	80302
SAYSD1	23644
SBDS	70067
SBF1	40120
SBF2	34577
SBK1	19655
SBK2	84403
SBNO1	58814
SBNO2	93019
SBSN	36212
SBSPON	42948
SC5D	61032
SCAF1	54842
SCAF11	7932
SCAF4	91951
SCAF8	61024
SCAI	75801
SCAMP1	1376
SCAMP2	35360
SCAMP4	90295
SCAMP5	23661
SCAP	100021
SCAPER	91412
SCARA3	89733
SCARA5	94576
SCARB1	17667
SCARB2	18083
SCARF1	41271
SCARF2	63824
SCART1	51655
SCCPDH	42184
SCD	39995
SCD5	60041
SCEL	77982
SCFD1	46746
SCFD2	57034
SCG3	77565
SCG5	77987
SCGB1A1	63397
SCGB1D2	25093
SCGB1D4	4353
SCGB3A1	94403
SCGB3A2	91050
SCGN	92859
SCIMP	84494
SCIN	48481
SCLT1	39726
SCLY	85416
SCMH1	83888
SCML1	46513
SCML2	51623
SCML4	6995
SCN10A	70384
SCN11A	43262
SCN1A	72131
SCN1B	72622
SCN2A	70778
SCN2B	36766
SCN3A	1793
SCN3B	56121
SCN4A	64443
SCN4B	80083
SCN5A	16863
SCN7A	8723
SCN8A	16400
SCN9A	22258
SCNM1	63951
SCNN1A	77207
SCNN1B	10040
SCNN1D	91813
SCNN1G	40681
SCO1	4797
SCOC	17667
SCP2	51384
SCPEP1	59944
SCRG1	21268
SCRIB	53056
SCRN1	42786
SCRN2	82939
SCRN3	78659
SCRT1	81821
SCRT2	82952
SCTR	24740
SCUBE1	27499
SCUBE2	28204
SCUBE3	22398
SCX	58925
SCYGR1	78360
SCYGR2	1348
SCYGR5	99073
SCYL1	6609
SCYL2	91044
SCYL3	52733
SDAD1	76009
SDC1	13710
SDC2	7295
SDC3	96731
SDC4	88230
SDCBP	11194
SDCBP2	75972
SDCCAG8	9072
SDE2	21999
SDF2	23994
SDF2L1	50082
SDF4	32628
SDHAF1	97198
SDHAF2	75327
SDHAF4	83826
SDHB	27651
SDHD	8179
SDK1	16441
SDK2	92061
SDR16C5	86714
SDR39U1	77482
SDR42E1	80843
SDR42E2	24969
SDR9C7	9143
SDS	71400
SDSL	27350
SEBOX	78642
SEC11A	46309
SEC11C	60484
SEC13	1872
SEC14L1	70151
SEC14L2	46828
SEC14L3	47138
SEC14L4	8816
SEC14L5	58436
SEC16A	24153
SEC16B	75567
SEC22A	358
SEC22B	84503
SEC22C	49600
SEC23A	91376
SEC23B	61955
SEC23IP	49071
SEC24A	81219
SEC24B	29226
SEC24D	37231
SEC31A	94728
SEC31B	41439
SEC61A1	86510
SEC61A2	43128
SEC61G	98546
SEC62	84571
SEC63	11806
SECISBP2	60884
SECISBP2L	57958
SECTM1	16452
SEH1L	96711
SEL1L	44648
SEL1L2	35664
SEL1L3	38805
SELE	57440
SELENBP1	8404
SELENOF	62025
SELENOH	51552
SELENOI	20629
SELENOK	4351
SELENOM	1862
SELENON	42810
SELENOO	51457
SELENOS	47051
SELENOT	40958
SELENOV	63120
SELENOW	84532
SELL	11888
SELP	82406
SELPLG	84768
SEM1	37645
SEMA3A	13764
SEMA3B	61525
SEMA3C	1225
SEMA3D	32195
SEMA3E	60553
SEMA3F	56288
SEMA3G	60338
SEMA4A	6988
SEMA4B	39672
SEMA4C	16457
SEMA4D	27244
SEMA4F	5251
SEMA4G	72961
SEMA5A	89927
SEMA5B	10221
SEMA6A	70941
SEMA6B	62767
SEMA6C	46156
SEMA6D	449
SEMA7A	23554
SENP2	54033
SENP5	1088
SENP6	45901
SENP7	3391
SENP8	11626
SEPHS1	86166
SEPSECS	45739
SEPT1	94403
SEPT10	34184
SEPT11	18736
SEPT12	28676
SEPT14	43630
SEPT2	146
SEPT4	34146
SEPT5	42441
SEPT6	35821
SEPT7	64469
SEPT8	85344
SEPT9	50487
SERAC1	72971
SERBP1	91483
SERF2	77124
SERGEF	46629
SERINC1	36157
SERINC2	83450
SERINC3	45656
SERINC4	2165
SERINC5	36310
SERP1	82320
SERP2	32405
SERPINA1	65818
SERPINA10	42047
SERPINA12	22915
SERPINA3	46747
SERPINA5	87448
SERPINA9	5141
SERPINB1	3763
SERPINB12	23004
SERPINB13	25646
SERPINB2	8887
SERPINB5	11407
SERPINB6	14994
SERPINB7	35193
SERPINB8	86224
SERPINB9	63584
SERPINC1	93478
SERPIND1	67928
SERPINE1	5265
SERPINE2	70827
SERPINE3	13586
SERPINF1	56421
SERPINF2	61505
SERPING1	83805
SERPINH1	76363
SERPINI1	22251
SERPINI2	87679
SERTAD1	79294
SERTAD2	71973
SERTAD3	30162
SERTAD4	77595
SERTM1	79570
SERTM2	88970
SESN1	7507
SESN2	34753
SESN3	37672
SESTD1	11219
SETBP1	63309
SETD1A	93301
SETD1B	25666
SETD2	63558
SETD3	59772
SETD4	55750
SETD5	7806
SETD6	12060
SETD7	50644
SETD9	27352
SETDB1	75227
SETDB2	8672
SETMAR	14231
SETX	59643
SEZ6	72444
SEZ6L	82791
SEZ6L2	83863
SF1	79442
SF3A1	34089
SF3A2	61345
SF3A3	3232
SF3B2	7054
SF3B3	28310
SF3B4	91939
SF3B5	98535
SF3B6	80416
SFI1	94031
SFMBT1	49168
SFMBT2	32261
SFN	99935
SFPQ	72312
SFR1	61711
SFRP1	24447
SFRP2	37199
SFRP4	40704
SFRP5	12730
SFSWAP	63154
SFT2D1	2519
SFT2D2	65481
SFT2D3	45100
SFTA2	4678
SFTA3	20411
SFTPB	91694
SFTPC	21732
SFXN1	32898
SFXN2	90665
SFXN3	50222
SFXN4	83659
SFXN5	15605
SGCA	9929
SGCB	7786
SGCD	53343
SGCE	85110
SGCG	83742
SGCZ	31228
SGF29	46394
SGIP1	2640
SGK1	29369
SGK2	40941
SGK3	97093
SGMS1	25279
SGMS2	34708
SGO1	94893
SGO2	96300
SGPL1	67844
SGPP1	67128
SGPP2	48582
SGSH	16636
SGSM1	31367
SGSM2	36085
SGSM3	54211
SGTA	92009
SGTB	18000
SH2B2	63500
SH2B3	21467
SH2D1A	54446
SH2D2A	42045
SH2D3A	20675
SH2D3C	44865
SH2D4A	22777
SH2D4B	18661
SH2D5	62109
SH2D7	67158
SH3BGR	78284
SH3BGRL	19485
SH3BGRL2	83811
SH3BGRL3	57938
SH3BP1	69501
SH3BP2	45663
SH3BP4	73172
SH3BP5	97079
SH3BP5L	38882
SH3D19	65202
SH3D21	57918
SH3GL1	53142
SH3GL2	13312
SH3GL3	2742
SH3GLB1	66736
SH3GLB2	32283
SH3KBP1	36565
SH3PXD2A	98312
SH3PXD2B	74321
SH3RF1	85754
SH3RF2	43555
SH3RF3	47400
SH3TC2	71819
SH3YL1	79087
SHANK1	67474
SHANK2	47837
SHANK3	64816
SHARPIN	32528
SHBG	87045
SHC1	82582
SHC3	40527
SHC4	30797
SHCBP1	16478
SHCBP1L	92349
SHD	53332
SHE	92628
SHF	50378
SHH	4032
SHISA2	85218
SHISA3	49153
SHISA4	40953
SHISA5	55291
SHISA6	7406
SHISA7	6568
SHISA8	67701
SHISA9	29112
SHISAL1	1446
SHISAL2A	32904
SHISAL2B	48279
SHKBP1	86824
SHLD1	92804
SHMT2	85607
SHOC1	50220
SHOC2	94091
SHOX2	19014
SHPRH	31589
SHQ1	23734
SHROOM1	49335
SHROOM2	27314
SHROOM3	21602
SHROOM4	64318
SHTN1	83910
SI	76320
SIAE	45558
SIAH1	48452
SIAH2	86865
SIAH3	22728
SIDT1	9648
SIDT2	72580
SIGIRR	61976
SIGLEC1	46558
SIGLEC10	49962
SIGLEC11	13407
SIGLEC12	62742
SIGLEC15	86772
SIGLEC6	31602
SIGLEC9	57096
SIGMAR1	10208
SIK2	88173
SIK3	53505
SIKE1	29714
SIL1	51462
SIM1	401
SIM2	9035
SIMC1	88520
SIN3A	23640
SIN3B	34019
SINHCAF	20103
SIPA1	35519
SIPA1L1	73150
SIPA1L2	7166
SIPA1L3	86392
SIRPA	16369
SIRPB2	62099
SIRPG	85065
SIRT1	72355
SIRT2	50630
SIRT3	40493
SIRT4	36424
SIRT5	5284
SIRT7	20617
SIT1	30040
SIVA1	12768
SIX1	79798
SIX2	65840
SIX3	82638
SIX4	99013
SIX5	67149
SIX6	90524
SKA1	26419
SKA2	21068
SKA3	58469
SKAP1	61239
SKAP2	69053
SKI	90093
SKIDA1	50403
SKIL	76671
SKIV2L	46344
SKOR1	9552
SKOR2	6787
SKP1	62650
SKP2	62184
SLA	20158
SLA2	55669
SLAIN1	9309
SLAIN2	18807
SLAMF1	64378
SLAMF6	29994
SLAMF7	72174
SLAMF8	31949
SLAMF9	26621
SLBP	32880
SLC10A1	75943
SLC10A3	24291
SLC10A4	25790
SLC10A5	90905
SLC10A6	78926
SLC10A7	89258
SLC11A1	4416
SLC11A2	32730
SLC12A1	50287
SLC12A2	62222
SLC12A3	38578
SLC12A4	70215
SLC12A5	58483
SLC12A6	48113
SLC12A7	96913
SLC12A8	78722
SLC12A9	23282
SLC13A1	52214
SLC13A2	92824
SLC13A3	20356
SLC13A4	92106
SLC13A5	27206
SLC14A1	79980
SLC14A2	91535
SLC15A1	83844
SLC15A2	32845
SLC15A3	79942
SLC15A4	40717
SLC15A5	67562
SLC16A1	47032
SLC16A10	33353
SLC16A11	55231
SLC16A12	26369
SLC16A13	38852
SLC16A14	57686
SLC16A2	87428
SLC16A3	53215
SLC16A4	59626
SLC16A5	19957
SLC16A6	16094
SLC16A7	55500
SLC16A8	59295
SLC16A9	81220
SLC17A2	79188
SLC17A3	10046
SLC17A4	95127
SLC17A5	38731
SLC17A6	58524
SLC17A7	41153
SLC17A8	39722
SLC17A9	83083
SLC18A1	2186
SLC18A2	67542
SLC18A3	31182
SLC18B1	96017
SLC19A1	98789
SLC19A2	80702
SLC19A3	80489
SLC1A1	56645
SLC1A2	57279
SLC1A3	92175
SLC1A4	33165
SLC1A5	32424
SLC1A6	65320
SLC1A7	12921
SLC20A1	65179
SLC20A2	71298
SLC22A1	71397
SLC22A13	13278
SLC22A14	77434
SLC22A15	90759
SLC22A16	91169
SLC22A17	64091
SLC22A18	69300
SLC22A2	37250
SLC22A23	74563
SLC22A3	33848
SLC22A31	33333
SLC22A4	87442
SLC22A5	13241
SLC22A6	93024
SLC22A7	27666
SLC22A8	87062
SLC23A1	37564
SLC23A2	43071
SLC23A3	12922
SLC24A1	28321
SLC24A2	24728
SLC24A3	78815
SLC24A4	83030
SLC24A5	72612
SLC25A1	24379
SLC25A10	51713
SLC25A11	82379
SLC25A12	28996
SLC25A13	97980
SLC25A14	76342
SLC25A15	52550
SLC25A17	47745
SLC25A18	73928
SLC25A19	47311
SLC25A2	75983
SLC25A20	19300
SLC25A21	19059
SLC25A22	27124
SLC25A23	96923
SLC25A24	30472
SLC25A25	75312
SLC25A26	78415
SLC25A27	22604
SLC25A28	16688
SLC25A29	87280
SLC25A3	64105
SLC25A30	79286
SLC25A31	52975
SLC25A33	32480
SLC25A34	64601
SLC25A35	38049
SLC25A36	47996
SLC25A37	13581
SLC25A38	3662
SLC25A39	22396
SLC25A4	4294
SLC25A40	27524
SLC25A41	16156
SLC25A42	91650
SLC25A43	94901
SLC25A44	94162
SLC25A45	18431
SLC25A46	97730
SLC25A47	41988
SLC25A48	51650
SLC25A5	31558
SLC25A51	75133
SLC25A6	63817
SLC26A1	30302
SLC26A10	50337
SLC26A11	76347
SLC26A2	68067
SLC26A3	753
SLC26A4	38831
SLC26A5	3379
SLC26A6	68102
SLC26A7	17312
SLC26A8	71581
SLC26A9	57582
SLC27A1	71007
SLC27A2	38484
SLC27A3	19671
SLC27A4	100037
SLC27A5	95766
SLC27A6	19856
SLC28A1	8878
SLC28A2	52212
SLC28A3	90708
SLC29A1	92145
SLC29A2	35176
SLC29A3	37934
SLC29A4	91146
SLC2A1	64760
SLC2A10	8020
SLC2A11	87259
SLC2A12	94174
SLC2A13	43585
SLC2A2	16162
SLC2A4	20696
SLC2A4RG	22851
SLC2A5	51155
SLC2A6	44312
SLC2A7	36613
SLC2A8	87181
SLC2A9	75513
SLC30A1	44601
SLC30A10	39249
SLC30A2	95572
SLC30A3	98730
SLC30A4	60036
SLC30A5	85579
SLC30A6	28366
SLC30A7	56195
SLC30A8	56958
SLC30A9	2698
SLC31A1	48159
SLC31A2	38672
SLC32A1	35069
SLC33A1	75682
SLC34A2	91712
SLC34A3	8957
SLC35A1	42998
SLC35A2	7174
SLC35A5	26226
SLC35B1	19732
SLC35B2	10703
SLC35B3	56057
SLC35B4	44098
SLC35C1	57374
SLC35C2	74357
SLC35D1	75301
SLC35D3	87779
SLC35E3	82075
SLC35E4	51024
SLC35F1	66869
SLC35F2	28354
SLC35F3	63661
SLC35F4	18563
SLC35F5	25853
SLC35F6	61242
SLC35G1	32023
SLC35G2	28350
SLC36A1	96814
SLC36A4	73189
SLC37A1	40698
SLC37A2	74288
SLC37A3	22945
SLC37A4	3360
SLC38A1	1466
SLC38A10	28159
SLC38A11	79962
SLC38A2	77072
SLC38A3	13324
SLC38A4	82176
SLC38A5	71143
SLC38A6	33360
SLC38A7	91587
SLC38A8	36902
SLC38A9	78103
SLC39A1	67122
SLC39A10	52803
SLC39A11	35270
SLC39A12	83686
SLC39A13	98937
SLC39A14	45285
SLC39A2	96641
SLC39A3	16885
SLC39A4	50766
SLC39A5	54663
SLC39A6	59350
SLC39A7	85071
SLC39A8	45669
SLC39A9	89448
SLC3A1	91006
SLC3A2	25166
SLC40A1	56520
SLC41A1	28309
SLC41A2	97461
SLC41A3	51764
SLC43A1	90173
SLC43A2	38486
SLC43A3	67918
SLC44A1	61235
SLC44A3	42694
SLC44A4	73388
SLC44A5	20899
SLC45A1	58314
SLC45A2	96830
SLC45A3	41201
SLC45A4	43150
SLC46A1	90672
SLC46A2	2196
SLC46A3	73941
SLC47A1	69795
SLC47A2	30767
SLC48A1	21012
SLC49A3	88650
SLC49A4	57577
SLC4A1	41334
SLC4A10	44252
SLC4A11	87051
SLC4A1AP	27497
SLC4A2	66832
SLC4A3	66352
SLC4A4	19840
SLC4A5	99159
SLC4A7	59342
SLC4A8	78526
SLC4A9	26811
SLC50A1	46168
SLC51A	18921
SLC51B	74850
SLC52A1	30209
SLC52A2	83813
SLC52A3	17872
SLC5A1	45484
SLC5A10	34197
SLC5A11	38793
SLC5A12	30945
SLC5A2	5973
SLC5A3	84012
SLC5A4	44040
SLC5A5	3934
SLC5A6	19311
SLC5A7	9447
SLC5A8	18044
SLC6A1	91905
SLC6A11	45093
SLC6A12	15299
SLC6A13	75771
SLC6A15	46041
SLC6A16	77379
SLC6A17	27261
SLC6A18	96885
SLC6A19	20650
SLC6A2	93825
SLC6A20	94923
SLC6A3	33135
SLC6A4	75063
SLC6A5	63532
SLC6A6	11163
SLC6A7	95727
SLC6A9	31748
SLC7A1	79378
SLC7A10	75346
SLC7A11	37983
SLC7A14	73642
SLC7A2	38269
SLC7A3	18959
SLC7A4	389
SLC7A5	83885
SLC7A6	28147
SLC7A6OS	80916
SLC7A7	86640
SLC7A8	81137
SLC7A9	15016
SLC8A1	32951
SLC8A2	58016
SLC8A3	2118
SLC8B1	69387
SLC9A1	50640
SLC9A2	62875
SLC9A3	76062
SLC9A3R1	10848
SLC9A3R2	96871
SLC9A4	34553
SLC9A5	92718
SLC9A6	210
SLC9A7	43784
SLC9A8	31464
SLC9A9	25184
SLC9B1	13830
SLC9B2	91495
SLC9C1	69621
SLC9C2	41078
SLCO1A2	40700
SLCO1B1	49469
SLCO1C1	60500
SLCO2A1	68231
SLCO2B1	93951
SLCO3A1	99553
SLCO4A1	7970
SLCO4C1	74568
SLCO5A1	80071
SLCO6A1	90276
SLF1	69245
SLF2	60095
SLFN11	29800
SLFN12	9093
SLFN12L	6160
SLFN13	32026
SLFN14	80864
SLFN5	66950
SLFNL1	23853
SLIRP	79558
SLIT1	23411
SLIT2	40273
SLIT3	40841
SLITRK1	65033
SLITRK2	70793
SLITRK3	64050
SLITRK4	20123
SLITRK5	58946
SLITRK6	3734
SLK	89606
SLMAP	75618
SLN	14294
SLPI	46490
SLTM	78502
SLU7	7392
SLURP1	86212
SLX4	4015
SLX4IP	61342
SMAD1	46933
SMAD2	49993
SMAD3	57254
SMAD4	13434
SMAD5	7769
SMAD6	38040
SMAD7	59146
SMAD9	49169
SMAGP	63958
SMAP1	47919
SMAP2	92373
SMARCA1	27608
SMARCA2	6612
SMARCA4	24536
SMARCA5	25503
SMARCAD1	70144
SMARCAL1	93753
SMARCB1	98090
SMARCC1	34010
SMARCC2	17831
SMARCD1	96523
SMARCD2	29454
SMARCD3	32806
SMARCE1	16177
SMC1A	91080
SMC1B	15929
SMC2	34138
SMC3	21328
SMC4	72506
SMC6	47556
SMCHD1	78499
SMCO1	71593
SMCO2	67156
SMCO3	75271
SMCO4	34621
SMCR8	21314
SMDT1	68456
SMG1	91572
SMG5	75084
SMG6	14604
SMG7	88528
SMG8	35999
SMG9	6658
SMIM1	17406
SMIM10	94773
SMIM10L1	4311
SMIM10L2B	5227
SMIM12	25498
SMIM13	60165
SMIM14	78659
SMIM15	61103
SMIM17	80081
SMIM18	38737
SMIM19	50878
SMIM2	23133
SMIM22	4414
SMIM24	78153
SMIM28	71391
SMIM29	80215
SMIM3	49991
SMIM30	97467
SMIM33	82882
SMIM35	30353
SMIM36	7824
SMIM38	28170
SMIM4	13352
SMIM5	62647
SMIM7	58708
SMIM8	63945
SMIM9	81001
SMKR1	85060
SMLR1	68982
SMN1	24900
SMO	80533
SMOC1	62555
SMOC2	98448
SMOX	79999
SMPD1	13084
SMPD2	21780
SMPD3	23660
SMPD4	68979
SMPDL3A	82055
SMPDL3B	40569
SMPX	54547
SMS	40432
SMTN	6742
SMTNL1	99907
SMTNL2	17246
SMU1	62469
SMUG1	55103
SMURF1	18327
SMURF2	93468
SMYD1	7621
SMYD2	42564
SMYD3	8365
SMYD4	82305
SMYD5	69526
SNAI1	77629
SNAI2	24263
SNAI3	93483
SNAP23	46045
SNAP25	98850
SNAP29	16771
SNAP47	2597
SNAP91	31827
SNAPC1	2654
SNAPC2	18578
SNAPC3	90431
SNAPC4	13020
SNAPC5	56242
SNAPIN	47422
SNCA	58165
SNCAIP	43781
SNCB	36482
SNCG	32973
SND1	38058
SNED1	87706
SNF8	49647
SNHG32	22498
SNIP1	17453
SNN	64570
SNORC	84987
SNRK	94159
SNRNP200	13882
SNRNP25	68867
SNRNP35	96016
SNRNP40	25507
SNRNP48	49587
SNRNP70	66280
SNRPA	39640
SNRPA1	72135
SNRPB	33340
SNRPB2	15034
SNRPD1	31517
SNRPD3	59582
SNRPG	100063
SNRPN	46782
SNTA1	21356
SNTB1	49604
SNTB2	76273
SNTG1	8732
SNTG2	41319
SNTN	98116
SNU13	54790
SNUPN	43638
SNW1	82672
SNX1	28736
SNX10	32630
SNX11	71133
SNX12	47828
SNX13	80193
SNX14	47798
SNX15	34908
SNX16	76158
SNX17	4318
SNX18	8653
SNX19	56382
SNX2	93365
SNX20	79385
SNX21	78151
SNX22	86327
SNX24	872
SNX25	77180
SNX27	23117
SNX29	77558
SNX3	46375
SNX30	97822
SNX31	44454
SNX32	55895
SNX33	50281
SNX4	1215
SNX5	61429
SNX6	29044
SNX8	62774
SNX9	37010
SOAT1	32567
SOAT2	2754
SOBP	41476
SOCS1	67818
SOCS2	446
SOCS3	41984
SOCS4	15594
SOCS5	13169
SOCS6	99912
SOCS7	63441
SOD1	40556
SOD2	44326
SOD3	31611
SOGA1	2341
SOHLH1	65800
SON	97308
SORBS1	49755
SORBS2	33726
SORBS3	86507
SORCS1	57130
SORCS2	18531
SORCS3	12199
SORD	35588
SORL1	25293
SORT1	46123
SOS1	18410
SOS2	18593
SOST	30574
SOSTDC1	65629
SOWAHA	63733
SOWAHC	22907
SOWAHD	12553
SOX1	71566
SOX10	41615
SOX11	63941
SOX12	33108
SOX13	3689
SOX15	34587
SOX17	26753
SOX18	46668
SOX2	57554
SOX21	83467
SOX3	29954
SOX30	51896
SOX4	52949
SOX5	92158
SOX6	16700
SOX7	34044
SOX9	20224
SP1	58628
SP100	50422
SP110	52164
SP140	45200
SP2	63355
SP3	54748
SP4	4348
SP5	35022
SP6	7105
SP8	86905
SP9	86439
SPA17	62744
SPAAR	39383
SPACA1	62899
SPACA3	45216
SPACA6	48518
SPACA9	90303
SPAG1	78416
SPAG16	48636
SPAG17	91353
SPAG4	87657
SPAG5	67903
SPAG6	17043
SPAG7	71038
SPAG8	36945
SPAG9	96715
SPARC	24811
SPARCL1	64775
SPART	43495
SPAST	94130
SPATA1	42083
SPATA16	85830
SPATA17	99874
SPATA18	2881
SPATA19	98488
SPATA2	12689
SPATA20	47726
SPATA21	54811
SPATA22	16731
SPATA25	78004
SPATA2L	40167
SPATA3	925
SPATA31E1	77118
SPATA32	1019
SPATA33	18727
SPATA4	67795
SPATA45	94021
SPATA48	82122
SPATA5	39222
SPATA5L1	28651
SPATA6	79845
SPATA6L	75096
SPATA7	68080
SPATA9	95619
SPATC1	41079
SPATC1L	58930
SPATS1	38920
SPATS2	24024
SPATS2L	58326
SPC24	99966
SPC25	87808
SPCS1	44987
SPCS2	41670
SPCS3	47407
SPDEF	32695
SPDL1	71448
SPDYA	78491
SPDYC	30496
SPDYE4	56478
SPECC1	36800
SPEF1	43676
SPEF2	38619
SPEG	21237
SPEGNB	72888
SPEM1	74341
SPEM2	17621
SPEM3	64233
SPEN	83525
SPESP1	90491
SPG11	68333
SPG21	49113
SPG7	92384
SPHK1	36520
SPHK2	7965
SPHKAP	29686
SPI1	51043
SPIDR	60590
SPIN1	8343
SPIN4	67769
SPINDOC	89568
SPINK13	31554
SPINK2	52556
SPINK5	59363
SPINK7	20476
SPINK9	888
SPINT2	27586
SPIRE1	26033
SPIRE2	21522
SPN	90449
SPNS1	23960
SPNS3	45733
SPO11	26040
SPOCD1	3606
SPOCK1	79737
SPOCK2	55848
SPOCK3	76119
SPON1	69367
SPON2	60043
SPOP	6151
SPOPL	19875
SPOUT1	7776
SPP1	29732
SPPL2A	46437
SPPL2B	42116
SPPL3	6256
SPR	84170
SPRED1	77448
SPRED2	28802
SPRED3	28047
SPRN	41947
SPRR2G	36855
SPRTN	5802
SPRY1	60100
SPRY2	87656
SPRY3	20556
SPRY4	28366
SPRYD3	72738
SPRYD4	2762
SPRYD7	12234
SPSB1	10950
SPSB2	36191
SPSB3	80222
SPSB4	52408
SPTA1	39519
SPTAN1	70351
SPTB	81725
SPTBN1	43131
SPTBN2	52720
SPTBN4	32933
SPTBN5	67046
SPTLC1	63275
SPTLC2	40535
SPTLC3	95704
SPTSSA	92259
SPTSSB	70140
SPTY2D1	94657
SPX	68817
SQLE	24181
SQOR	21445
SQSTM1	35849
SRA1	91774
SRARP	80936
SRBD1	86613
SRC	97686
SRCIN1	98022
SRD5A1	97247
SRD5A2	33691
SRD5A3	64701
SREBF1	37927
SREBF2	34302
SREK1	28959
SREK1IP1	89611
SRF	51464
SRFBP1	37119
SRGAP1	92624
SRGAP3	26760
SRGN	1588
SRI	78955
SRL	45016
SRMS	57377
SRP14	54395
SRP54	63480
SRP68	17336
SRP72	1032
SRP9	65200
SRPK2	6102
SRPK3	88257
SRPRA	37605
SRPRB	9950
SRPX	48474
SRPX2	55127
SRR	50020
SRRD	71342
SRRM1	2005
SRRM2	94093
SRRM4	78561
SRRM5	45272
SRRT	93741
SRSF1	78265
SRSF10	21539
SRSF11	56161
SRSF12	52379
SRSF2	44326
SRSF3	45051
SRSF4	11488
SRSF5	56432
SRSF6	43180
SRSF7	32560
SRSF8	15306
SRSF9	5029
SRXN1	44403
SS18	77877
SS18L1	7023
SS18L2	6462
SSB	8714
SSBP1	16229
SSBP2	16969
SSBP3	32449
SSBP4	71819
SSC4D	8996
SSC5D	48962
SSH1	30520
SSH2	38507
SSH3	4238
SSMEM1	2993
SSNA1	83040
SSPN	57493
SSPO	89094
SSR1	28566
SSR2	73163
SSR3	95024
SSR4	72447
SSRP1	43217
SST	59479
SSTR1	81844
SSTR2	38858
SSTR3	46537
SSTR4	66909
SSTR5	16982
SSU72	34827
SSUH2	64781
SSX2IP	990
ST14	78952
ST18	16222
ST20-MTHFS	70288
ST3GAL1	63586
ST3GAL2	53806
ST3GAL3	92337
ST3GAL4	24435
ST3GAL5	35754
ST3GAL6	52229
ST5	98474
ST6GAL1	12133
ST6GAL2	58963
ST6GALNAC1	36297
ST6GALNAC2	66694
ST6GALNAC3	86141
ST6GALNAC4	58900
ST6GALNAC5	809
ST7	8291
ST7L	60356
ST8SIA1	35618
ST8SIA2	41908
ST8SIA3	27159
ST8SIA4	41473
ST8SIA5	48825
ST8SIA6	16245
STAB1	17056
STAB2	93275
STAC	89347
STAC2	68054
STAC3	11542
STAG1	58536
STAG2	10018
STAG3	83517
STAM	52356
STAM2	5047
STAMBP	85410
STAMBPL1	70993
STAP1	58757
STAP2	38169
STARD10	99553
STARD13	46245
STARD3	45688
STARD3NL	63871
STARD4	2828
STARD5	32368
STARD6	72243
STARD7	85513
STARD8	67369
STARD9	80228
STAT1	87589
STAT2	659
STAT3	13701
STAT4	80513
STAT5A	15171
STAT5B	92870
STAT6	44981
STAU1	7654
STAU2	38383
STC1	30824
STC2	99942
STEAP2	36801
STEAP3	12428
STEAP4	29124
STIL	31153
STIM1	38657
STIM2	46418
STIP1	43597
STK10	77119
STK11	31612
STK11IP	36721
STK16	66695
STK17A	26393
STK17B	52596
STK19	91130
STK24	53121
STK25	40354
STK26	8147
STK3	51337
STK31	4265
STK32A	97056
STK32B	36469
STK32C	23965
STK33	37719
STK35	49861
STK36	18950
STK38	92494
STK38L	20708
STK39	76592
STK4	91464
STK40	18126
STKLD1	44153
STMN1	80759
STMN2	59864
STMN3	85808
STMN4	93175
STMND1	49862
STMP1	88911
STN1	13249
STOM	100007
STOML1	645
STOML2	77950
STON2	10649
STOX1	33905
STOX2	65562
STPG1	15083
STPG2	55514
STPG3	55402
STPG4	12155
STRA6	56566
STRA8	36995
STRADA	10058
STRADB	82628
STRAP	22627
STRBP	95444
STRC	60288
STRIP1	28918
STRIP2	48079
STRIT1	96658
STRN	78532
STRN3	31037
STRN4	45201
STS	67076
STT3A	62424
STT3B	53895
STUB1	84574
STUM	63894
STX10	24714
STX11	20004
STX12	55729
STX16	22189
STX17	2676
STX18	12499
STX19	76962
STX1A	62824
STX1B	76131
STX2	29960
STX3	21383
STX4	74588
STX5	48491
STX6	10025
STX7	24983
STX8	61364
STXBP1	81295
STXBP2	78862
STXBP3	39259
STXBP4	12883
STXBP5	33534
STXBP5L	44408
STXBP6	38143
STYK1	47674
STYX	82482
STYXL1	65457
SUB1	78094
SUCLA2	62367
SUCLG1	97737
SUCLG2	4741
SUCNR1	34217
SUCO	46486
SUFU	14406
SUGCT	3646
SUGP2	80850
SUGT1	15842
SULF1	24537
SULF2	59056
SULT1B1	78012
SULT1C2	10611
SULT1C3	60119
SULT1C4	39031
SULT1E1	38077
SULT2B1	65039
SULT4A1	6703
SULT6B1	77548
SUMF1	91204
SUMF2	90621
SUMO1	74182
SUMO2	91897
SUMO3	31817
SUN1	76740
SUN2	76697
SUN3	74564
SUN5	92558
SUOX	20152
SUPT16H	74408
SUPT20H	92284
SUPT3H	14800
SUPT4H1	88472
SUPT5H	12466
SUPT6H	48584
SUPT7L	21230
SUPV3L1	60169
SURF1	34935
SURF2	12658
SURF4	47201
SURF6	98993
SUSD1	91651
SUSD2	25525
SUSD3	37832
SUSD4	30455
SUSD5	67706
SUSD6	70134
SUV39H1	67502
SUZ12	67766
SV2A	55600
SV2B	51454
SV2C	65713
SVBP	992
SVEP1	16211
SVIL	2545
SVIP	20457
SVOP	6940
SVOPL	68296
SWAP70	35565
SWSAP1	32238
SWT1	20697
SYAP1	6001
SYBU	9824
SYCE1	70797
SYCE1L	67726
SYCE2	91235
SYCE3	51625
SYCP1	8795
SYCP2	65896
SYCP2L	39283
SYCP3	63272
SYDE1	7343
SYDE2	26124
SYF2	47939
SYK	40340
SYN1	75977
SYN2	88734
SYN3	48424
SYNC	71011
SYNDIG1	51000
SYNDIG1L	7777
SYNE1	13276
SYNE2	11891
SYNE3	47965
SYNE4	18425
SYNGAP1	41727
SYNGR1	769
SYNGR2	66301
SYNGR4	71491
SYNJ1	7089
SYNJ2	73083
SYNJ2BP	81959
SYNM	85999
SYNPO	47235
SYNPO2	69398
SYNPO2L	58101
SYNPR	3285
SYNRG	76785
SYP	71192
SYPL1	22861
SYPL2	61868
SYS1	36079
SYT1	58291
SYT10	72159
SYT11	31037
SYT12	37471
SYT13	27447
SYT14	35448
SYT16	73399
SYT17	42687
SYT2	15877
SYT3	73844
SYT4	53427
SYT5	57826
SYT6	83165
SYT7	39531
SYT8	47572
SYT9	60891
SYTL1	28688
SYTL3	99507
SYTL4	23565
SYTL5	87764
SYVN1	13457
SZRD1	83039
SZT2	65764
TAB1	93368
TAB2	72953
TAB3	74511
TAC1	28126
TAC3	87271
TACC1	83995
TACC2	94390
TACC3	97510
TACO1	45362
TACR1	63652
TACR2	7333
TACR3	85467
TACSTD2	4297
TADA1	30307
TADA2A	61768
TADA2B	16758
TADA3	18777
TAF1	16954
TAF11	44863
TAF12	13263
TAF13	77398
TAF15	82271
TAF1A	63186
TAF1B	1947
TAF1C	80979
TAF1D	58533
TAF2	81557
TAF3	54139
TAF4	63774
TAF4B	30976
TAF5	73070
TAF5L	72714
TAF6	8802
TAF6L	93116
TAF7	36941
TAF7L	5907
TAF8	50527
TAF9B	83663
TAFA1	88922
TAFA2	59455
TAFA3	26698
TAFA4	54212
TAGAP	4369
TAGLN	73824
TAGLN2	21105
TAGLN3	72021
TAL1	17445
TAL2	79094
TALDO1	59719
TAMM41	13823
TANC1	50301
TANC2	59854
TANGO2	18750
TANGO6	47155
TANK	78420
TAOK1	21460
TAOK2	97832
TAOK3	65107
TAP1	45948
TAPBP	55264
TAPBPL	84807
TAPT1	23463
TARBP1	44250
TARBP2	72056
TARDBP	45417
TARM1	59855
TARS	42079
TARS2	59707
TARSL2	34866
TAS1R1	54651
TAS1R2	63382
TAS1R3	67062
TAS2R1	44616
TASOR	76986
TASOR2	3776
TASP1	18762
TAT	19910
TATDN1	62510
TATDN3	48347
TAX1BP1	84890
TAX1BP3	70594
TAZ	59171
TBC1D1	86265
TBC1D10A	22335
TBC1D10B	63885
TBC1D10C	94104
TBC1D12	56086
TBC1D13	33747
TBC1D14	55281
TBC1D15	63146
TBC1D16	4117
TBC1D17	70316
TBC1D19	92493
TBC1D2	18391
TBC1D20	12117
TBC1D21	14417
TBC1D22A	154
TBC1D22B	72969
TBC1D23	34948
TBC1D24	83744
TBC1D25	40868
TBC1D26	50190
TBC1D28	77964
TBC1D2B	59701
TBC1D30	88338
TBC1D32	47732
TBC1D4	55758
TBC1D5	97508
TBC1D7	92456
TBC1D8	70758
TBC1D8B	61901
TBC1D9	90014
TBC1D9B	55492
TBCA	34785
TBCB	19272
TBCC	30415
TBCCD1	24864
TBCD	26293
TBCK	1449
TBK1	76257
TBKBP1	48691
TBL1X	35078
TBL1XR1	27646
TBL2	5675
TBL3	82612
TBP	76921
TBPL1	75926
TBR1	47617
TBRG1	3620
TBRG4	91419
TBX1	35110
TBX10	27685
TBX15	94055
TBX18	88727
TBX19	82874
TBX2	26711
TBX21	23399
TBX22	83149
TBX3	71881
TBX4	37494
TBX5	44540
TBX6	81551
TBXA2R	35685
TBXAS1	71837
TBXT	82482
TC2N	36644
TCAF1	51056
TCAIM	37817
TCAP	24382
TCEA1	56574
TCEA2	74692
TCEA3	95771
TCEAL1	83340
TCEAL4	47626
TCEAL5	43883
TCEAL7	83989
TCEAL8	43910
TCEAL9	585
TCEANC	213
TCEANC2	68871
TCERG1	75037
TCERG1L	61181
TCF12	11863
TCF15	16258
TCF19	80855
TCF20	19219
TCF23	26982
TCF24	11612
TCF25	98402
TCF3	83038
TCF4	24932
TCF7	2194
TCF7L1	79969
TCF7L2	56318
TCHH	35729
TCHP	70378
TCIM	39743
TCIRG1	22071
TCL1B	29032
TCN2	98057
TCOF1	24848
TCP1	70688
TCP10L	530
TCP11	54894
TCP11L1	34178
TCP11L2	45835
TCTA	36413
TCTE1	39638
TCTE3	76361
TCTEX1D1	45487
TCTEX1D2	6555
TCTN1	65826
TCTN2	38433
TCTN3	46966
TDG	99544
TDGF1	88465
TDP1	37339
TDP2	4893
TDRD1	59329
TDRD10	79949
TDRD15	75211
TDRD3	55264
TDRD5	34815
TDRD6	16991
TDRD7	19261
TDRD9	28625
TDRKH	84874
TDRP	7480
TEAD1	12504
TEAD2	38949
TEAD3	5499
TEAD4	44366
TEC	25076
TECPR1	14512
TECPR2	50870
TECR	37676
TECRL	92860
TECTB	63082
TEDC1	49522
TEDC2	1757
TEF	66169
TEFM	35067
TEK	22039
TEKT1	8441
TEKT2	56778
TEKT3	60557
TEKT5	94578
TELO2	86328
TENM1	19011
TENM2	78675
TENM3	36340
TENM4	77485
TENT2	90615
TENT4A	56721
TENT4B	95938
TENT5A	79542
TENT5B	91216
TENT5C	68584
TEP1	63953
TEPP	30821
TERB1	44075
TERB2	36624
TERF1	48056
TERF2	74948
TERF2IP	92360
TERT	99808
TES	11124
TESC	84830
TESK1	92494
TESK2	54930
TESMIN	86221
TESPA1	16702
TET1	32659
TET2	29778
TET3	4877
TEX10	69575
TEX101	16166
TEX11	100019
TEX12	34255
TEX13B	67888
TEX14	65749
TEX15	80609
TEX2	25276
TEX22	31748
TEX26	95943
TEX261	20762
TEX264	84046
TEX29	78181
TEX30	80421
TEX33	38978
TEX35	75975
TEX37	39615
TEX38	67943
TEX43	30610
TEX46	38652
TEX53	71627
TEX54	57780
TEX9	40003
TF	98661
TFAM	50332
TFAP2A	11848
TFAP2B	77032
TFAP2C	17636
TFAP2D	4056
TFAP2E	61829
TFAP4	52236
TFB1M	8385
TFB2M	47740
TFCP2	10499
TFCP2L1	78155
TFDP1	46385
TFDP2	31517
TFDP3	41703
TFE3	89601
TFEB	45473
TFEC	88118
TFF3	92323
TFG	10663
TFIP11	44427
TFPI	10792
TFPI2	22230
TFPT	24867
TFR2	60189
TFRC	59334
TG	95625
TGDS	61447
TGFA	46748
TGFB1	95716
TGFB1I1	56733
TGFB2	78858
TGFB3	18276
TGFBI	12062
TGFBR1	57602
TGFBR2	25224
TGFBR3	17324
TGFBR3L	76698
TGFBRAP1	92693
TGIF1	1386
TGIF2	31451
TGM1	36043
TGM2	31680
TGM4	91705
TGM5	23394
TGM6	637
TGM7	96889
TGOLN2	50321
TGS1	44874
TH	61368
THADA	41544
THAP1	39059
THAP10	31662
THAP11	51343
THAP2	47286
THAP3	75608
THAP4	35996
THAP5	99265
THAP6	55715
THAP7	98688
THAP8	56409
THAP9	28468
THBS1	72841
THBS2	19519
THBS3	33209
THBS4	39768
THEG	60064
THEGL	41927
THEM4	15511
THEM5	78366
THEM6	41704
THEMIS	60296
THEMIS2	54340
THG1L	60339
THNSL2	54824
THOC1	22219
THOC2	70196
THOC3	55457
THOC5	51000
THOC6	18702
THOC7	98350
THPO	15795
THRA	74079
THRAP3	79628
THRB	42444
THSD1	57657
THSD4	22465
THSD7A	82985
THSD7B	98859
THTPA	58150
THUMPD1	29981
THUMPD2	20062
THUMPD3	87474
THY1	25340
THYN1	44132
TIA1	72976
TIAL1	75596
TIAM1	68565
TIAM2	77762
TICAM1	2958
TICAM2	73821
TICRR	9001
TIE1	51545
TIFA	24238
TIGAR	71705
TIGD2	99557
TIGD3	84647
TIGD4	9283
TIGD6	66951
TIGD7	60496
TIGIT	20339
TIMD4	91598
TIMELESS	14079
TIMM10	13305
TIMM10B	60872
TIMM13	60632
TIMM17A	57884
TIMM17B	17515
TIMM21	5091
TIMM22	76050
TIMM23	98952
TIMM29	94091
TIMM44	79602
TIMM9	35369
TIMMDC1	62168
TIMP1	83289
TIMP2	552
TIMP3	7578
TIMP4	97684
TINAG	14970
TINAGL1	4539
TINCR	19531
TIPARP	6118
TIPIN	80847
TIPRL	68341
TIRAP	24560
TJAP1	54170
TJP1	2781
TK1	78359
TK2	34599
TKFC	15320
TKT	88356
TKTL1	95916
TKTL2	63404
TLCD1	69225
TLCD2	64413
TLDC2	44589
TLE1	74508
TLE2	16268
TLE3	30042
TLE4	16751
TLE5	32745
TLE6	23522
TLE7	91336
TLK1	51695
TLK2	62222
TLL1	99452
TLL2	48690
TLN1	76908
TLN2	29403
TLR1	16780
TLR10	41413
TLR2	17791
TLR3	54256
TLR4	13853
TLR5	5316
TLR7	27368
TLR8	6830
TLX2	91365
TM2D1	62542
TM2D2	59510
TM2D3	84544
TM4SF18	83598
TM4SF20	16933
TM4SF4	91021
TM4SF5	61550
TM6SF1	54922
TM6SF2	78630
TM7SF2	37403
TM7SF3	6152
TM9SF2	62184
TM9SF3	46033
TM9SF4	96878
TMA7	81358
TMBIM1	37764
TMBIM4	8780
TMBIM6	20097
TMC1	20637
TMC2	6633
TMC3	51586
TMC4	37348
TMC5	396
TMC6	571
TMC7	78802
TMC8	71193
TMCC1	71539
TMCC2	65127
TMCC3	54923
TMCO1	48683
TMCO2	29204
TMCO3	27900
TMCO4	56755
TMCO6	67898
TMED1	14958
TMED10	46382
TMED2	43992
TMED3	76673
TMED4	93466
TMED5	83400
TMED7	81750
TMED8	69200
TMED9	34899
TMEFF2	51543
TMEM100	57770
TMEM101	670
TMEM102	9930
TMEM104	56133
TMEM106A	80200
TMEM106B	36260
TMEM106C	21965
TMEM107	60951
TMEM108	87582
TMEM109	64239
TMEM11	14126
TMEM114	4966
TMEM115	34589
TMEM116	54429
TMEM117	34770
TMEM120A	51586
TMEM120B	28136
TMEM121	19005
TMEM121B	84412
TMEM123	78580
TMEM125	59816
TMEM126A	39377
TMEM126B	83524
TMEM127	79333
TMEM128	51855
TMEM129	97684
TMEM130	71324
TMEM131	87607
TMEM131L	78597
TMEM132A	2923
TMEM132B	52535
TMEM132C	56495
TMEM132D	2097
TMEM132E	49665
TMEM134	69368
TMEM135	42528
TMEM136	1053
TMEM138	96358
TMEM139	44217
TMEM143	18734
TMEM144	79534
TMEM145	43175
TMEM147	38263
TMEM14A	51460
TMEM14B	98535
TMEM14C	63699
TMEM150A	6139
TMEM150B	21689
TMEM150C	98998
TMEM151A	10712
TMEM151B	35837
TMEM154	58923
TMEM155	48596
TMEM156	6387
TMEM159	63133
TMEM160	16607
TMEM161A	86963
TMEM161B	50818
TMEM163	43508
TMEM164	96327
TMEM165	4160
TMEM167A	44440
TMEM167B	57271
TMEM168	66687
TMEM169	38045
TMEM17	38980
TMEM170B	66147
TMEM171	43675
TMEM173	55551
TMEM174	20760
TMEM175	49894
TMEM176A	37660
TMEM176B	77655
TMEM178A	93168
TMEM178B	32198
TMEM179	56006
TMEM179B	97141
TMEM18	16177
TMEM181	2822
TMEM182	68947
TMEM184A	27562
TMEM184B	8119
TMEM184C	73546
TMEM185A	50534
TMEM185B	64368
TMEM186	46538
TMEM189	67888
TMEM19	24106
TMEM190	6556
TMEM192	98545
TMEM196	10963
TMEM198	18390
TMEM199	72574
TMEM200A	6671
TMEM200B	81424
TMEM200C	16686
TMEM201	67760
TMEM202	41166
TMEM203	57636
TMEM204	21330
TMEM205	72435
TMEM206	95877
TMEM207	88795
TMEM208	24340
TMEM209	11025
TMEM210	75357
TMEM213	84123
TMEM215	36103
TMEM216	90647
TMEM217	91386
TMEM218	15220
TMEM219	22254
TMEM220	33528
TMEM222	4320
TMEM225	48303
TMEM225B	26024
TMEM229A	46525
TMEM229B	89866
TMEM230	7451
TMEM231	8507
TMEM232	43217
TMEM233	26754
TMEM234	89191
TMEM235	3494
TMEM236	3188
TMEM237	88461
TMEM238	53566
TMEM240	60230
TMEM241	49856
TMEM242	24080
TMEM243	13470
TMEM244	92607
TMEM245	69734
TMEM246	23061
TMEM248	10538
TMEM249	61257
TMEM25	83867
TMEM250	69228
TMEM251	14658
TMEM252	4842
TMEM253	83429
TMEM254	88615
TMEM255A	17039
TMEM255B	59393
TMEM259	45018
TMEM26	44987
TMEM260	92482
TMEM262	98997
TMEM263	31236
TMEM266	86244
TMEM267	26255
TMEM268	34418
TMEM269	63718
TMEM270	21456
TMEM273	79583
TMEM30A	91015
TMEM30B	78806
TMEM31	33247
TMEM33	75728
TMEM35	37929
TMEM35B	29828
TMEM37	33248
TMEM38A	74637
TMEM38B	58895
TMEM39A	97669
TMEM39B	65131
TMEM40	12133
TMEM41A	6442
TMEM41B	5957
TMEM42	2819
TMEM43	42600
TMEM44	9396
TMEM45A	80410
TMEM45B	23521
TMEM47	19186
TMEM50A	97229
TMEM50B	62276
TMEM51	45716
TMEM52	6972
TMEM52B	98134
TMEM53	22539
TMEM54	25013
TMEM56	52233
TMEM59	45828
TMEM60	93969
TMEM61	77998
TMEM62	22079
TMEM63A	92774
TMEM63B	64997
TMEM63C	71067
TMEM64	88454
TMEM65	32939
TMEM67	37101
TMEM68	18086
TMEM70	87461
TMEM71	51515
TMEM72	94968
TMEM74	79244
TMEM74B	92723
TMEM79	50534
TMEM80	6146
TMEM81	88750
TMEM82	54019
TMEM86A	261
TMEM86B	28758
TMEM87A	12792
TMEM87B	23663
TMEM88	54283
TMEM89	32672
TMEM8A	4611
TMEM8B	41260
TMEM9	12232
TMEM92	31431
TMEM94	73309
TMEM95	89116
TMEM97	72145
TMEM98	31950
TMEM99	44124
TMEM9B	84201
TMF1	2934
TMIE	30068
TMIGD3	99633
TMLHE	46862
TMOD1	53083
TMOD2	41483
TMOD3	74395
TMOD4	26243
TMPO	87190
TMPPE	96451
TMPRSS11B	39997
TMPRSS12	50520
TMPRSS13	18542
TMPRSS15	22942
TMPRSS2	97315
TMPRSS3	73932
TMPRSS5	10301
TMPRSS6	68086
TMPRSS7	86557
TMPRSS9	72313
TMSB10	15111
TMTC1	64008
TMTC2	74100
TMTC3	85557
TMTC4	87970
TMUB1	89407
TMUB2	90992
TMX1	57302
TMX2	23410
TMX3	65243
TMX4	6995
TNC	85744
TNF	35754
TNFAIP1	68582
TNFAIP2	47588
TNFAIP3	46532
TNFAIP6	55109
TNFAIP8	89472
TNFAIP8L1	42866
TNFAIP8L2	48104
TNFAIP8L3	24405
TNFRSF10A	66882
TNFRSF10B	66064
TNFRSF10D	95033
TNFRSF11A	5489
TNFRSF11B	92250
TNFRSF13B	47499
TNFRSF13C	85072
TNFRSF14	15959
TNFRSF17	94757
TNFRSF18	92339
TNFRSF19	55293
TNFRSF1A	22807
TNFRSF1B	4559
TNFRSF21	32128
TNFRSF25	14262
TNFRSF4	74315
TNFRSF6B	66873
TNFRSF8	69294
TNFRSF9	58027
TNFSF10	98525
TNFSF11	24399
TNFSF12	92439
TNFSF13	1453
TNFSF13B	3176
TNFSF14	31748
TNFSF15	49082
TNFSF18	16591
TNFSF4	62343
TNFSF8	37177
TNFSF9	92348
TNIK	1923
TNIP1	6591
TNIP2	33664
TNIP3	86084
TNK1	51633
TNK2	60002
TNKS	10407
TNKS1BP1	74653
TNKS2	11080
TNMD	54076
TNN	75885
TNNC1	54374
TNNC2	90455
TNNI1	64064
TNNI2	2040
TNNT1	26980
TNNT2	24285
TNNT3	11190
TNPO1	29049
TNPO2	30810
TNPO3	25480
TNR	77747
TNRC18	12931
TNRC6A	44380
TNRC6B	90653
TNRC6C	9408
TNS1	59470
TNS2	40504
TNS3	47407
TNS4	91382
TOB1	96225
TOB2	35280
TOE1	34680
TOGARAM1	37157
TOGARAM2	76076
TOLLIP	91012
TOM1	38374
TOM1L1	92761
TOM1L2	40694
TOMM20L	56067
TOMM22	12278
TOMM34	90525
TOMM40	42591
TOMM40L	25070
TOMM5	9465
TOMM6	67578
TOMM70	85407
TONSL	26454
TOP1	14448
TOP1MT	15441
TOP2A	78922
TOP2B	63963
TOP3A	35131
TOP3B	21884
TOPBP1	42316
TOPORS	32762
TOR1A	24099
TOR1AIP1	588
TOR1AIP2	84248
TOR1B	60338
TOR2A	36092
TOR3A	80016
TOR4A	11628
TOX	69489
TOX2	21039
TOX3	41173
TOX4	82652
TP53	80523
TP53AIP1	65677
TP53BP1	90081
TP53BP2	61413
TP53I11	100004
TP53I13	32408
TP53I3	86509
TP53INP1	16190
TP53INP2	16907
TP53RK	59908
TP53TG5	14560
TP63	71136
TP73	11943
TPBG	85681
TPBGL	65281
TPCN1	52668
TPD52L1	93668
TPD52L2	85055
TPGS2	98377
TPH1	58765
TPH2	82972
TPK1	25676
TPM1	5243
TPM2	85881
TPM3	83317
TPM4	72626
TPMT	39086
TPO	66922
TPP1	43821
TPP2	80845
TPPP	83721
TPPP2	30197
TPPP3	98407
TPR	55295
TPRA1	22248
TPRG1	71091
TPRG1L	25270
TPRKB	26571
TPRN	5528
TPRX1	20803
TPSD1	74640
TPST1	26667
TPST2	96725
TPT1	77664
TPX2	28573
TRA2A	2933
TRA2B	43322
TRABD	27390
TRABD2A	12303
TRABD2B	51768
TRAC	830
TRADD	68153
TRAF1	50195
TRAF2	27673
TRAF3	55153
TRAF3IP1	23654
TRAF3IP2	35042
TRAF3IP3	72013
TRAF4	66526
TRAF5	72244
TRAF6	59784
TRAF7	97952
TRAFD1	4854
TRAIP	38540
TRAK1	62516
TRAK2	13449
TRAM1	82440
TRAM1L1	13366
TRAM2	16847
TRANK1	46677
TRAP1	41885
TRAPPC1	34910
TRAPPC11	31735
TRAPPC12	81672
TRAPPC13	63241
TRAPPC2	59951
TRAPPC2B	39341
TRAPPC3	55140
TRAPPC3L	21603
TRAPPC4	12963
TRAPPC6A	54126
TRAPPC6B	65357
TRAPPC8	21969
TRAPPC9	5306
TRARG1	8422
TRAT1	36857
TRAV2	53531
TRAV24	77700
TRAV38-1	21997
TRAV8-6	40861
TRBV10-1	60296
TRBV10-3	46151
TRBV16	97473
TRBV19	80610
TRBV24-1	91850
TRBV25-1	38807
TRBV9	46390
TRDMT1	41286
TRDN	66172
TREH	54139
TREM1	99711
TREM2	22592
TREML1	90841
TREML2	16506
TRERF1	85260
TREX2	3165
TRGV9	15153
TRH	6099
TRHDE	73212
TRHR	24904
TRIAP1	43875
TRIB1	38402
TRIB2	82901
TRIB3	11942
TRIL	10200
TRIM10	74205
TRIM11	99557
TRIM13	32421
TRIM14	24445
TRIM17	13732
TRIM2	56374
TRIM21	53597
TRIM22	28040
TRIM23	46299
TRIM24	31718
TRIM25	79141
TRIM26	27914
TRIM27	70061
TRIM28	11408
TRIM29	86889
TRIM3	53337
TRIM31	62009
TRIM32	91431
TRIM33	76271
TRIM35	78954
TRIM36	25538
TRIM37	96598
TRIM38	74391
TRIM39	70557
TRIM4	14720
TRIM40	27560
TRIM41	39283
TRIM42	60047
TRIM44	68648
TRIM45	41628
TRIM46	78014
TRIM5	25093
TRIM50	18541
TRIM52	72818
TRIM54	713
TRIM55	5376
TRIM56	86455
TRIM58	96522
TRIM59	26535
TRIM6	7819
TRIM60	17643
TRIM62	43758
TRIM63	78740
TRIM65	77012
TRIM66	65593
TRIM67	34188
TRIM69	8327
TRIM7	44164
TRIM71	34360
TRIM72	74153
TRIM75P	75078
TRIM8	48220
TRIM9	27628
TRIO	14549
TRIP10	70162
TRIP11	3669
TRIP12	12678
TRIP13	55178
TRIP4	91953
TRIP6	92178
TRIQK	35600
TRIR	14801
TRIT1	87212
TRMO	40133
TRMT1	88664
TRMT10A	32392
TRMT10B	82308
TRMT11	69899
TRMT13	67731
TRMT1L	72074
TRMT2A	13210
TRMT2B	31297
TRMT44	89566
TRMT5	32906
TRMT6	41315
TRMT61A	16540
TRMT61B	8522
TRMT9B	41395
TRMU	38831
TRNAU1AP	27145
TRNP1	71791
TRNT1	53055
TRO	66177
TROAP	85108
TRPA1	80568
TRPC1	15821
TRPC3	49516
TRPC4	49420
TRPC4AP	24426
TRPC5	15372
TRPC6	69864
TRPC7	55865
TRPM1	13968
TRPM2	78657
TRPM3	85432
TRPM4	7674
TRPM5	69561
TRPM6	90489
TRPM7	9458
TRPM8	23220
TRPS1	55847
TRPT1	93650
TRPV1	5432
TRPV2	76453
TRPV3	57578
TRPV4	47633
TRPV5	83871
TRPV6	3572
TRRAP	27807
TRUB1	90761
TRUB2	48238
TSACC	81860
TSBP1	18536
TSC1	7637
TSC2	12675
TSC22D1	53285
TSC22D2	85819
TSC22D3	48302
TSC22D4	35741
TSEN2	5874
TSEN34	3784
TSEN54	78050
TSFM	92316
TSG101	79806
TSGA10	18683
TSGA10IP	18044
TSGA13	39487
TSHR	48476
TSHZ1	10223
TSHZ2	4689
TSHZ3	36613
TSKS	12399
TSKU	55282
TSN	27620
TSNARE1	83608
TSNAX	30618
TSNAXIP1	84461
TSPAN1	87478
TSPAN10	17597
TSPAN11	48166
TSPAN12	89361
TSPAN13	49648
TSPAN14	44784
TSPAN15	21408
TSPAN16	33408
TSPAN17	77140
TSPAN18	24723
TSPAN19	52734
TSPAN2	15693
TSPAN3	30207
TSPAN31	99613
TSPAN32	71982
TSPAN33	11513
TSPAN4	52727
TSPAN5	28191
TSPAN6	65156
TSPAN7	82797
TSPAN8	43422
TSPAN9	55585
TSPEAR	95481
TSPO	94714
TSPOAP1	73454
TSPYL2	37916
TSPYL4	90021
TSPYL5	30833
TSR1	95577
TSR2	42739
TSR3	8921
TSSC4	44216
TSSK3	98533
TSSK4	32113
TSSK6	48087
TST	48152
TSTA3	67165
TSTD1	60687
TSTD2	25501
TTBK1	28456
TTBK2	24851
TTC1	71211
TTC12	38866
TTC13	7061
TTC14	98601
TTC16	48414
TTC17	47817
TTC19	3210
TTC21A	83027
TTC21B	39371
TTC22	41693
TTC23	64207
TTC23L	85719
TTC24	68617
TTC25	94131
TTC26	25738
TTC27	52519
TTC28	42075
TTC29	10860
TTC3	90897
TTC30A	25464
TTC30B	83941
TTC31	6760
TTC32	90676
TTC33	58758
TTC36	6151
TTC37	11375
TTC38	22210
TTC39A	7728
TTC39B	51481
TTC39C	37101
TTC4	64761
TTC5	34486
TTC7A	48639
TTC7B	44661
TTC8	81094
TTC9	10812
TTC9B	46522
TTC9C	19700
TTF1	51600
TTI1	25389
TTI2	37827
TTK	73610
TTL	46108
TTLL1	23805
TTLL10	58615
TTLL11	44929
TTLL12	92863
TTLL2	50558
TTLL4	9567
TTLL5	28193
TTLL6	95312
TTLL7	42012
TTLL8	98048
TTLL9	8047
TTN	17777
TTPA	12892
TTPAL	36116
TTR	87117
TTYH1	3292
TTYH2	78857
TTYH3	60476
TUB	42824
TUBA1A	57241
TUBA1C	95637
TUBA3E	19210
TUBA4A	51267
TUBA8	75393
TUBAL3	21140
TUBB	3278
TUBB1	393
TUBB2A	100044
TUBB2B	51317
TUBB3	11824
TUBB4A	77740
TUBB4B	61743
TUBB6	2755
TUBD1	3311
TUBE1	57958
TUBG1	31003
TUBG2	73885
TUBGCP2	93369
TUBGCP3	97007
TUBGCP4	98842
TUBGCP5	30707
TUBGCP6	92790
TUFM	21431
TUFT1	10048
TULP1	90542
TULP2	81071
TULP3	31004
TULP4	69192
TUNAR	91015
TUSC2	64510
TUSC3	53831
TUT4	97465
TUT7	39832
TVP23A	63188
TVP23B	62949
TWF1	1680
TWF2	41003
TWIST1	19593
TWIST2	46509
TWISTNB	55280
TWNK	15227
TWSG1	72104
TXK	32060
TXLNA	82046
TXLNB	16942
TXLNG	2764
TXN2	6839
TXNDC11	75783
TXNDC12	13169
TXNDC15	89627
TXNDC16	92949
TXNDC17	67118
TXNDC2	97325
TXNDC5	71872
TXNDC9	41950
TXNIP	45447
TXNL4A	39221
TXNL4B	47026
TXNRD1	25033
TXNRD2	51463
TXNRD3	24071
TYK2	2275
TYMP	28224
TYMS	10299
TYR	17974
TYRO3	62859
TYROBP	81823
TYRP1	53125
TYSND1	37562
TYW3	35734
TYW5	82074
U2AF2	76794
U2SURP	22966
UACA	97080
UAP1	97936
UAP1L1	44827
UBA1	39906
UBA2	95206
UBA3	1482
UBA5	79526
UBA52	92365
UBA6	57857
UBA7	81602
UBAC1	36732
UBAC2	96328
UBALD1	13040
UBALD2	23661
UBAP1	22366
UBAP1L	79337
UBAP2	7395
UBAP2L	78982
UBASH3A	24577
UBASH3B	45001
UBB	54370
UBC	63038
UBD	60933
UBE2A	10667
UBE2B	84299
UBE2C	3363
UBE2D1	13058
UBE2D2	63507
UBE2D3	80047
UBE2D4	90300
UBE2E1	13643
UBE2E2	58695
UBE2E3	19899
UBE2F	34616
UBE2G1	40075
UBE2G2	34082
UBE2H	77231
UBE2I	46738
UBE2J1	98653
UBE2J2	84970
UBE2K	57396
UBE2L3	96009
UBE2L5	50933
UBE2L6	85098
UBE2M	11009
UBE2N	7238
UBE2O	70020
UBE2Q1	68639
UBE2Q2	70734
UBE2R2	45920
UBE2S	38366
UBE2T	63970
UBE2U	318
UBE2V1	19542
UBE2V2	61215
UBE2Z	4676
UBE3A	55274
UBE3B	8706
UBE3C	91184
UBE3D	89563
UBE4A	12230
UBE4B	95832
UBFD1	23052
UBIAD1	35729
UBL3	14711
UBL4A	86738
UBL7	99282
UBLCP1	49368
UBN1	70615
UBN2	32294
UBOX5	12665
UBP1	8732
UBQLN1	4971
UBQLN3	66190
UBQLNL	61031
UBR1	39251
UBR2	84020
UBR3	44171
UBR4	11038
UBR5	87960
UBR7	78710
UBTD1	23805
UBTD2	59606
UBTF	43408
UBXN1	44866
UBXN11	94636
UBXN2A	94204
UBXN2B	28877
UBXN4	35204
UBXN6	32214
UBXN7	36644
UBXN8	5790
UCHL1	5063
UCHL3	23991
UCHL5	52742
UCK1	64463
UCK2	59079
UCKL1	74183
UCMA	48421
UCP1	16825
UCP2	86869
UCP3	46047
UEVLD	3910
UFC1	78643
UFD1	84904
UFL1	80803
UFM1	48205
UFSP1	86236
UFSP2	12738
UGCG	76997
UGDH	8618
UGGT1	52389
UGGT2	45182
UGP2	97506
UGT1A3	47938
UGT2A3	2409
UGT3A1	69025
UGT8	78344
UHMK1	25568
UHRF1	19559
UHRF1BP1	30429
UHRF1BP1L	28294
UIMC1	75092
ULK1	26101
ULK2	31574
ULK3	32760
ULK4	20873
UMAD1	46667
UMOD	89389
UMODL1	91986
UMPS	100004
UNC119	24191
UNC119B	58528
UNC13A	5706
UNC13C	22285
UNC13D	2287
UNC45A	10846
UNC45B	40791
UNC50	59476
UNC5A	23421
UNC5B	87462
UNC5C	4539
UNC5CL	94331
UNC5D	67136
UNC79	76335
UNC80	33178
UNC93A	27664
UNC93B1	81803
UNG	12927
UNK	61050
UPB1	34395
UPF1	56157
UPF2	55636
UPF3A	96802
UPF3B	22480
UPK1A	28858
UPK1B	58393
UPK2	92840
UPK3A	19364
UPK3B	356
UPP1	25989
UPP2	95739
UPRT	67857
UQCC1	6743
UQCC2	52613
UQCRB	29235
UQCRC1	75996
UQCRQ	29172
URB1	78691
URB2	84256
URGCP	63621
URI1	77490
URM1	29740
UROC1	7967
UROD	11139
UROS	80049
USB1	20794
USE1	53283
USF1	82293
USF2	98314
USF3	52950
USH1C	25436
USH1G	3503
USH2A	48640
USHBP1	11303
USO1	23190
USP1	377
USP10	31018
USP11	35666
USP13	89425
USP14	78094
USP15	26559
USP16	6090
USP19	95608
USP2	6698
USP20	30553
USP21	26276
USP22	48079
USP24	21340
USP25	37462
USP27X	2310
USP28	58459
USP3	82322
USP30	27212
USP31	14712
USP33	62657
USP34	82445
USP35	50857
USP37	2742
USP38	95582
USP39	64658
USP4	98642
USP40	82430
USP42	79823
USP43	94386
USP44	47641
USP45	45835
USP46	48952
USP47	75115
USP48	5648
USP49	97651
USP5	4245
USP50	5637
USP51	25920
USP53	85737
USP54	7599
USP6NL	39296
USP7	35108
USP8	17928
USP9X	4333
USPL1	45583
UST	38839
UTP11	26078
UTP14A	2437
UTP15	80790
UTP18	4710
UTP20	98242
UTP23	33060
UTP25	50922
UTP3	13447
UTP4	90115
UTP6	9176
UTRN	64450
UTS2	75759
UTS2B	49264
UTS2R	63920
UVRAG	73026
UVSSA	51429
UXS1	29179
UXT	58657
VAC14	76216
VAMP1	79864
VAMP2	38664
VAMP3	47103
VAMP4	11392
VAMP5	96461
VAMP7	79219
VAMP8	6681
VANGL1	5688
VANGL2	16530
VAPA	59772
VAPB	5097
VARS	4700
VARS2	64864
VASH1	69021
VASH2	4027
VASN	74330
VASP	63763
VAT1	55444
VAT1L	52167
VAV1	23768
VAV2	97770
VAV3	45567
VAX1	474
VAX2	9907
VBP1	66480
VCAM1	97184
VCAN	25463
VCP	13134
VCPIP1	37768
VCPKMT	98320
VDAC1	67876
VDAC2	39893
VDAC3	18630
VDR	35979
VEGFA	18563
VEGFB	73137
VEGFC	53917
VEGFD	36162
VEPH1	1755
VEZF1	49170
VEZT	87439
VGF	45501
VGLL2	79946
VGLL3	3049
VGLL4	64211
VIL1	16006
VILL	18671
VIM	64665
VIP	80699
VIPAS39	75127
VIPR1	82356
VIPR2	32354
VIRMA	52145
VIT	22351
VKORC1L1	48018
VLDLR	32516
VMA21	4112
VMAC	84485
VMO1	29424
VMP1	26252
VNN1	19905
VNN2	90863
VOPP1	36348
VPREB3	44568
VPS11	49932
VPS13A	2734
VPS13B	94040
VPS13C	6289
VPS13D	45607
VPS16	86113
VPS18	71870
VPS25	60711
VPS26A	74475
VPS26B	41910
VPS26C	53119
VPS28	21223
VPS29	9674
VPS35L	11890
VPS36	73137
VPS37A	28166
VPS37B	302
VPS37C	26838
VPS37D	88721
VPS39	57197
VPS41	73869
VPS45	61923
VPS4B	96480
VPS50	21801
VPS51	45346
VPS52	68673
VPS53	32705
VPS54	41444
VPS72	49050
VPS8	9622
VPS9D1	20432
VRK1	27673
VRK2	1526
VRK3	48753
VSIG1	52234
VSIG10	40325
VSIG10L	61639
VSIG10L2	91615
VSIG2	35679
VSIG4	19078
VSIG8	10008
VSIR	9549
VSNL1	32657
VSTM2A	78930
VSTM2B	62902
VSTM2L	25512
VSTM4	81892
VSTM5	88574
VSX1	82674
VSX2	36922
VTA1	59524
VTCN1	92971
VTI1A	85601
VTI1B	62795
VTN	81223
VWA1	45435
VWA2	622
VWA3A	5225
VWA3B	59432
VWA5A	22827
VWA5B1	73723
VWA5B2	73090
VWA7	38098
VWA8	49382
VWC2	58754
VWC2L	80334
VWCE	11443
VWDE	21459
VWF	57352
VXN	5181
WAC	838
WAPL	96614
WARS	27882
WARS2	23483
WAS	59243
WASF1	12046
WASF2	44974
WASF3	85882
WASHC1	15809
WASHC3	17116
WASHC4	69031
WASHC5	99524
WASL	76474
WBP1	33143
WBP11	83951
WBP1L	31161
WBP2	70508
WBP2NL	46082
WBP4	6470
WDCP	23252
WDFY2	89684
WDFY3	34094
WDFY4	71031
WDHD1	24431
WDPCP	19746
WDR1	41363
WDR11	52661
WDR12	67371
WDR13	60596
WDR17	19359
WDR18	74415
WDR19	18340
WDR20	9339
WDR24	99220
WDR25	53120
WDR26	39478
WDR27	49662
WDR3	15130
WDR31	86003
WDR33	73345
WDR34	80670
WDR35	32827
WDR36	96724
WDR37	82605
WDR38	92087
WDR4	22225
WDR41	53455
WDR43	60770
WDR44	6798
WDR45B	4119
WDR46	84238
WDR47	77675
WDR48	50900
WDR49	45202
WDR5	81783
WDR53	63018
WDR54	54757
WDR55	6792
WDR59	74501
WDR5B	53668
WDR6	40520
WDR60	18983
WDR61	6151
WDR62	21438
WDR63	76224
WDR64	3433
WDR66	86854
WDR7	48638
WDR70	72011
WDR72	31067
WDR73	76515
WDR74	61982
WDR75	83726
WDR76	25119
WDR77	18168
WDR78	62027
WDR81	37181
WDR82	54725
WDR83	77015
WDR83OS	88559
WDR86	54328
WDR88	48794
WDR89	55093
WDR90	79456
WDR91	32222
WDR92	87136
WDR97	47231
WDSUB1	23769
WDTC1	75507
WDYHV1	72114
WEE1	75505
WEE2	25655
WFDC1	65680
WFDC10A	99089
WFDC10B	9025
WFDC11	90852
WFDC2	47269
WFDC3	59655
WFDC5	85899
WFIKKN1	94445
WFIKKN2	74558
WFS1	56338
WHAMM	15884
WHRN	24026
WIF1	26389
WIPF1	8846
WIPF2	39464
WIPF3	8152
WIPI1	41899
WIPI2	82850
WIZ	27495
WLS	69890
WNK1	40579
WNK2	96416
WNK3	29993
WNK4	50254
WNT1	31192
WNT10A	11327
WNT10B	36331
WNT11	22541
WNT16	25146
WNT2	1219
WNT2B	31283
WNT3	99623
WNT3A	96977
WNT4	36987
WNT5A	44071
WNT5B	76601
WNT6	8806
WNT7A	66054
WNT7B	65342
WNT8A	23584
WNT8B	93208
WNT9A	37795
WNT9B	8399
WRAP53	95631
WRAP73	47393
WRB	92224
WRN	86815
WRNIP1	55272
WSB1	59543
WSCD1	3988
WSCD2	66340
WT1	33446
WTIP	61813
WWC1	33157
WWC2	7042
WWC3	68408
WWOX	73532
WWP1	41855
WWP2	47736
WWTR1	57851
XAB2	54693
XAF1	61163
XAGE3	83512
XDH	31829
XG	48099
XIAP	78067
XIRP1	45485
XIRP2	14241
XK	40291
XKR4	82066
XKR5	57415
XKR6	67788
XKR7	13857
XKR8	61920
XKR9	2745
XKRX	26625
XPA	62403
XPC	70476
XPNPEP1	45166
XPNPEP2	87408
XPNPEP3	2853
XPO1	58166
XPO4	75992
XPO5	63596
XPO7	35562
XPOT	82145
XPR1	40533
XRCC1	84306
XRCC2	65403
XRCC3	43865
XRCC4	96533
XRCC5	65888
XRCC6	61538
XRN1	8259
XRN2	28330
XRRA1	36223
XXYLT1	37819
XYLB	99297
XYLT1	76699
XYLT2	52531
YAE1	6911
YAF2	55855
YAP1	998
YARS	84903
YARS2	57452
YBEY	42083
YBX1	47414
YBX2	55791
YBX3	53352
YDJC	97936
YEATS2	62615
YEATS4	42897
YES1	76553
YIF1A	10494
YIF1B	95160
YIPF1	30935
YIPF2	65376
YIPF3	28185
YIPF4	55859
YIPF5	4292
YIPF6	29295
YIPF7	9706
YJEFN3	50929
YKT6	99768
YLPM1	90128
YME1L1	60196
YOD1	85333
YPEL1	92826
YPEL3	51315
YPEL4	64384
YPEL5	80466
YRDC	88527
YTHDC1	34085
YTHDF1	92784
YTHDF2	20204
YTHDF3	87225
YWHAB	72704
YWHAE	51327
YWHAG	73297
YWHAH	51445
YWHAQ	104
YWHAZ	80919
YY1	73653
YY1AP1	10282
ZACN	1567
ZADH2	80434
ZAN	52727
ZAP70	58939
ZAR1	65970
ZAR1L	24202
ZBBX	36273
ZBED1	50471
ZBED2	15613
ZBED4	18518
ZBED8	53549
ZBED9	93724
ZBP1	726
ZBTB1	58409
ZBTB10	92320
ZBTB11	74672
ZBTB12	25227
ZBTB14	88243
ZBTB16	74641
ZBTB17	43330
ZBTB18	98765
ZBTB2	46767
ZBTB20	53580
ZBTB21	52100
ZBTB22	74482
ZBTB24	902
ZBTB25	69020
ZBTB26	9094
ZBTB3	3749
ZBTB32	52597
ZBTB33	77279
ZBTB34	28607
ZBTB37	64788
ZBTB38	1256
ZBTB39	10546
ZBTB4	8773
ZBTB40	88891
ZBTB41	91439
ZBTB42	69589
ZBTB43	28487
ZBTB44	27857
ZBTB45	25636
ZBTB46	46716
ZBTB47	55489
ZBTB48	90192
ZBTB49	86830
ZBTB5	1254
ZBTB6	40716
ZBTB7A	15914
ZBTB7B	58622
ZBTB7C	53898
ZBTB8A	38372
ZBTB8OS	81625
ZBTB9	18858
ZC2HC1A	90224
ZC2HC1B	18796
ZC2HC1C	34847
ZC3H10	26578
ZC3H12A	71625
ZC3H12B	96263
ZC3H12C	34593
ZC3H12D	88325
ZC3H13	74276
ZC3H14	99863
ZC3H15	61721
ZC3H18	54728
ZC3H3	88677
ZC3H6	66729
ZC3H7A	74454
ZC3H7B	18946
ZC3H8	43347
ZC3HAV1	67651
ZC3HAV1L	6760
ZC3HC1	37546
ZC4H2	20336
ZCCHC10	22172
ZCCHC12	77520
ZCCHC14	71572
ZCCHC17	45659
ZCCHC2	91914
ZCCHC24	55332
ZCCHC3	41863
ZCCHC4	11407
ZCCHC7	8552
ZCCHC8	54921
ZCCHC9	81664
ZCRB1	94622
ZCWPW1	19253
ZCWPW2	55688
ZDBF2	78005
ZDHHC1	31276
ZDHHC12	32692
ZDHHC13	19355
ZDHHC14	35409
ZDHHC15	33808
ZDHHC16	51730
ZDHHC17	46567
ZDHHC18	39968
ZDHHC19	55082
ZDHHC2	59549
ZDHHC20	39508
ZDHHC21	14985
ZDHHC22	10535
ZDHHC23	1324
ZDHHC24	14269
ZDHHC3	90364
ZDHHC4	22263
ZDHHC5	38001
ZDHHC6	59828
ZDHHC7	291
ZDHHC8	67383
ZDHHC9	95750
ZEB1	41951
ZEB2	32298
ZER1	74651
ZFAND1	27949
ZFAND2B	48432
ZFAND3	71314
ZFAND4	357
ZFAND5	89313
ZFAND6	52100
ZFAT	76653
ZFC3H1	39603
ZFHX2	78851
ZFHX3	69424
ZFHX4	21428
ZFP1	22026
ZFP14	74755
ZFP2	99482
ZFP28	45412
ZFP3	93527
ZFP30	89550
ZFP36	25587
ZFP36L1	68162
ZFP36L2	52644
ZFP37	28309
ZFP57	27120
ZFP62	32977
ZFP64	59589
ZFP69	46443
ZFP69B	20642
ZFP82	70473
ZFP90	31367
ZFP92	24282
ZFPL1	57281
ZFPM1	69872
ZFPM2	2262
ZFR	11153
ZFR2	83106
ZFX	60456
ZFYVE1	91239
ZFYVE16	80903
ZFYVE19	26612
ZFYVE21	91278
ZFYVE26	67612
ZFYVE27	26256
ZFYVE9	47147
ZG16B	83612
ZGLP1	91701
ZGPAT	28788
ZGRF1	75999
ZHX1	16627
ZHX2	64473
ZHX3	56602
ZIC1	73597
ZIC2	4925
ZIC3	20980
ZIC4	48202
ZIC5	19337
ZIK1	34293
ZKSCAN1	81706
ZKSCAN2	67314
ZKSCAN3	58793
ZKSCAN4	12918
ZKSCAN5	7023
ZKSCAN7	7807
ZKSCAN8	14064
ZMAT1	69884
ZMAT2	32850
ZMAT3	87062
ZMAT4	6793
ZMAT5	22633
ZMIZ1	31933
ZMIZ2	94484
ZMPSTE24	76786
ZMYM1	13452
ZMYM2	96012
ZMYM3	2799
ZMYM4	65706
ZMYM6	47113
ZMYND10	19394
ZMYND11	71926
ZMYND12	56631
ZMYND15	56354
ZMYND19	27456
ZMYND8	77679
ZNF101	32663
ZNF106	33427
ZNF107	8681
ZNF114	78732
ZNF12	27052
ZNF121	5213
ZNF124	48416
ZNF131	69788
ZNF132	40508
ZNF133	37635
ZNF134	30275
ZNF135	52000
ZNF136	38631
ZNF14	87791
ZNF140	10594
ZNF142	51391
ZNF143	75058
ZNF146	23272
ZNF148	78207
ZNF154	68624
ZNF155	84956
ZNF157	13355
ZNF16	99270
ZNF160	71240
ZNF165	11020
ZNF169	70141
ZNF174	32650
ZNF175	21304
ZNF18	69410
ZNF180	89988
ZNF181	8460
ZNF182	80064
ZNF184	20000
ZNF185	52753
ZNF189	56003
ZNF19	15131
ZNF197	92464
ZNF2	91164
ZNF20	95539
ZNF200	95506
ZNF202	16436
ZNF205	93029
ZNF207	7285
ZNF211	89802
ZNF212	50677
ZNF213	88389
ZNF214	92849
ZNF217	42876
ZNF219	96997
ZNF22	89127
ZNF221	13515
ZNF222	77003
ZNF224	76892
ZNF225	6615
ZNF226	82142
ZNF227	31114
ZNF229	47567
ZNF23	43041
ZNF232	74292
ZNF233	55028
ZNF234	858
ZNF235	19019
ZNF236	81793
ZNF24	93738
ZNF248	16568
ZNF250	32165
ZNF251	87923
ZNF254	21973
ZNF256	36569
ZNF26	23461
ZNF260	87599
ZNF263	25958
ZNF266	79187
ZNF267	93390
ZNF268	14251
ZNF274	33932
ZNF276	23796
ZNF277	12280
ZNF280C	52818
ZNF283	20810
ZNF284	43670
ZNF285	19288
ZNF287	48006
ZNF292	64890
ZNF296	68525
ZNF3	13893
ZNF30	83138
ZNF300	1570
ZNF311	12760
ZNF316	76016
ZNF317	90995
ZNF318	7265
ZNF319	93512
ZNF32	28965
ZNF320	11636
ZNF322	98729
ZNF324	83869
ZNF324B	15487
ZNF326	6640
ZNF329	24635
ZNF330	45035
ZNF331	84119
ZNF333	40240
ZNF334	65454
ZNF335	26655
ZNF337	54218
ZNF33A	26979
ZNF33B	45090
ZNF34	33328
ZNF341	9411
ZNF343	14648
ZNF346	10579
ZNF347	96456
ZNF35	27913
ZNF350	24469
ZNF354A	4332
ZNF354B	33517
ZNF358	7240
ZNF362	93379
ZNF365	61901
ZNF366	42709
ZNF367	41609
ZNF37A	28104
ZNF382	31285
ZNF383	52613
ZNF384	82407
ZNF385A	57520
ZNF385B	84733
ZNF385C	30607
ZNF385D	35069
ZNF394	84080
ZNF395	53913
ZNF396	80026
ZNF397	49347
ZNF398	73330
ZNF407	10366
ZNF408	12673
ZNF41	95000
ZNF410	20120
ZNF414	54026
ZNF415	38330
ZNF416	86167
ZNF418	76997
ZNF423	5361
ZNF425	28863
ZNF426	7252
ZNF428	75940
ZNF43	49096
ZNF431	89032
ZNF432	96630
ZNF433	15365
ZNF436	85824
ZNF438	39802
ZNF44	83536
ZNF440	54409
ZNF441	77568
ZNF442	44832
ZNF444	1865
ZNF445	19822
ZNF446	60427
ZNF449	23684
ZNF45	61577
ZNF451	95787
ZNF454	7426
ZNF460	16626
ZNF461	93263
ZNF462	34657
ZNF467	34398
ZNF468	50438
ZNF469	6657
ZNF470	68615
ZNF471	91060
ZNF473	80921
ZNF48	31851
ZNF480	10152
ZNF483	930
ZNF484	26081
ZNF485	65812
ZNF487	38464
ZNF493	11051
ZNF496	38387
ZNF500	51200
ZNF501	18352
ZNF502	24665
ZNF503	21108
ZNF506	8134
ZNF507	70524
ZNF510	16347
ZNF511	90390
ZNF512	28113
ZNF512B	363
ZNF513	57637
ZNF514	41770
ZNF516	29998
ZNF518A	25212
ZNF518B	41836
ZNF521	86953
ZNF524	64448
ZNF528	74579
ZNF529	9274
ZNF530	21923
ZNF534	74456
ZNF536	76454
ZNF540	65346
ZNF541	46817
ZNF543	28978
ZNF546	77336
ZNF547	11329
ZNF549	78735
ZNF550	3990
ZNF551	91371
ZNF552	42385
ZNF554	33699
ZNF555	41328
ZNF556	60923
ZNF557	81797
ZNF558	15814
ZNF559	70116
ZNF560	40598
ZNF561	73435
ZNF563	76744
ZNF564	31857
ZNF566	69227
ZNF567	32694
ZNF568	81107
ZNF569	94240
ZNF57	2652
ZNF570	71405
ZNF571	40115
ZNF572	32169
ZNF573	53027
ZNF574	86816
ZNF575	19181
ZNF576	93414
ZNF577	21955
ZNF579	2766
ZNF580	55420
ZNF581	7607
ZNF582	26290
ZNF583	52452
ZNF584	92633
ZNF585A	6820
ZNF586	33404
ZNF589	29496
ZNF592	1699
ZNF594	75980
ZNF595	9857
ZNF596	3874
ZNF597	27171
ZNF598	28612
ZNF599	46015
ZNF605	41679
ZNF606	62759
ZNF608	4497
ZNF609	56175
ZNF610	3377
ZNF613	54068
ZNF614	45997
ZNF615	55482
ZNF616	51005
ZNF618	84610
ZNF619	78102
ZNF621	55016
ZNF622	45893
ZNF624	25428
ZNF625	70366
ZNF627	88409
ZNF629	65064
ZNF630	62467
ZNF638	55238
ZNF641	57559
ZNF644	6223
ZNF646	46310
ZNF649	34457
ZNF652	23575
ZNF653	50676
ZNF654	12404
ZNF655	84409
ZNF658	90541
ZNF66	56054
ZNF662	82044
ZNF664	55263
ZNF665	31785
ZNF667	98554
ZNF668	2313
ZNF669	29623
ZNF670	96905
ZNF671	99074
ZNF672	9583
ZNF674	53774
ZNF676	81940
ZNF677	43414
ZNF678	84756
ZNF680	69191
ZNF681	9372
ZNF682	72508
ZNF683	98843
ZNF684	66251
ZNF687	68430
ZNF688	89992
ZNF689	4629
ZNF691	96317
ZNF692	81536
ZNF695	85565
ZNF696	30603
ZNF697	28180
ZNF699	80769
ZNF7	49083
ZNF70	55794
ZNF700	84182
ZNF701	58291
ZNF703	83280
ZNF704	8007
ZNF706	84099
ZNF707	76011
ZNF708	81394
ZNF71	91717
ZNF711	20632
ZNF726	90925
ZNF728	90708
ZNF732	52489
ZNF736	19034
ZNF738	31404
ZNF74	59262
ZNF740	78181
ZNF746	41276
ZNF749	11687
ZNF750	26624
ZNF75A	67745
ZNF75D	4386
ZNF76	25342
ZNF764	12704
ZNF766	56265
ZNF768	74655
ZNF77	12015
ZNF770	99868
ZNF771	74051
ZNF773	77256
ZNF774	54095
ZNF777	73139
ZNF778	17517
ZNF780A	95131
ZNF780B	69575
ZNF782	92481
ZNF783	66690
ZNF784	91424
ZNF786	86181
ZNF787	4141
ZNF789	30336
ZNF79	20957
ZNF790	12657
ZNF791	7625
ZNF792	42712
ZNF793	86785
ZNF8	69802
ZNF800	19538
ZNF804A	75720
ZNF804B	4956
ZNF805	7030
ZNF808	88712
ZNF81	48631
ZNF813	30167
ZNF814	77651
ZNF816	73477
ZNF821	66416
ZNF823	44380
ZNF827	57775
ZNF829	5928
ZNF830	71845
ZNF831	19327
ZNF836	8405
ZNF837	84467
ZNF839	51695
ZNF84	75297
ZNF841	52675
ZNF843	88717
ZNF845	24746
ZNF852	67240
ZNF853	73975
ZNF862	70072
ZNF865	47331
ZNF878	38163
ZNF879	13219
ZNF880	37405
ZNF888	85907
ZNF91	51794
ZNF92	27391
ZNF93	88778
ZNFX1	84776
ZNHIT1	72912
ZNHIT6	77834
ZNRD1	69237
ZNRD2	21704
ZNRF1	51253
ZNRF2	62925
ZNRF3	54343
ZP1	95288
ZP2	36649
ZP4	74239
ZPBP	20519
ZPLD1	97509
ZPR1	55845
ZRANB1	16823
ZRANB2	98020
ZRANB3	72399
ZRSR2	49242
ZSCAN1	69341
ZSCAN10	45238
ZSCAN12	8686
ZSCAN16	61599
ZSCAN18	43444
ZSCAN2	47950
ZSCAN20	10756
ZSCAN21	27152
ZSCAN22	37357
ZSCAN23	46827
ZSCAN25	24806
ZSCAN26	41074
ZSCAN29	46852
ZSCAN30	63997
ZSCAN31	4815
ZSCAN32	55404
ZSCAN4	3869
ZSCAN5A	8793
ZSCAN5B	40363
ZSCAN5C	59017
ZSCAN9	3479
ZSWIM1	39745
ZSWIM2	98985
ZSWIM3	50937
ZSWIM4	20652
ZSWIM5	90078
ZSWIM6	22031
ZSWIM7	33698
ZSWIM8	52548
ZSWIM9	3984
ZUP1	1602
ZW10	89534
ZWILCH	91718
ZWINT	25473
ZXDC	67735
ZYG11A	44910
ZYG11B	35845
ZYX	8898
ZZEF1	26319
