Gene.ID,Gene.name,r value,Unnamed: 3,Unnamed: 4,Unnamed: 5,Unnamed: 6,Unnamed: 7,Unnamed: 8,Unnamed: 9,p (FDR-corrected),Unnamed: 11,Unnamed: 12,Unnamed: 13,Unnamed: 14,Unnamed: 15,Unnamed: 16,Unnamed: 17
,,age2,age3,age4,age5,age6,age7,age8,aggregate,age2,age3,age4,age5,age6,age7,age8,aggregate
ENSMFAG00000002737,SH3BP5L,0.348500986958386,0.341767702101185,0.334601074441257,0.345354456449922,0.357029711068896,0.339501306921506,0.325049976327678,0.31305645240063,0.0202959663362833,0.0238593815704004,0.0144763557954748,0.0133615770633753,0.00693178576667951,0.0148825798103196,0.0116005175158552,0.0247579516720279
ENSMFAG00000023144,KIF26B,0.31186205378123,0.313113895578747,0.36143556050259,0.352081441869531,0.3812803117227,0.363708653346881,0.389945351521914,0.349134363770209,0.0364378951042188,0.0347544521979779,0.00886196661076328,0.0119353174626887,0.00428961812313317,0.0100557522760877,0.00255384244431284,0.0117617418079769
ENSMFAG00000041700,ACTN2,0.406714437794773,0.411972600354054,0.439893973328746,0.439730208515883,0.458257465752139,0.444089049247928,0.473542583961221,0.442859003919007,0.00937543396099807,0.0114133764930467,0.00335351922187683,0.00324226857569953,0.00128745208691343,0.00389785553487244,0.000759035948184769,0.00336301435624351
ENSMFAG00000041435,KCNK1,0.402893112202787,0.402402476642495,0.405899985358669,0.409392789854057,0.409015195072246,0.400412901591658,0.421384333477985,0.416424151724765,0.00970277396239592,0.0120523458016359,0.00464161409316462,0.00511570966344384,0.00260581304610562,0.00586866664760698,0.00144128617938813,0.00431600986431728
ENSMFAG00000039905,URB2,-0.328316678352775,-0.332316136875291,-0.363628891882876,-0.353044490201293,-0.368711277183007,-0.335730889304787,-0.375952002822354,-0.364324021396087,0.0272678246369216,0.0266461789119505,0.0085981026528353,0.0117381059259049,0.00544674809501313,0.0158154058167136,0.0035516120762291,0.00911254658424641
ENSMFAG00000044318,RHOU,-0.384121634467136,-0.363646113894408,-0.359165403086122,-0.346895335974306,-0.366990549123896,-0.338220207094356,-0.357135506597808,-0.371310510121448,0.0123441210686102,0.0182968036536033,0.00918008536214203,0.013076499945009,0.00561351477246087,0.0151400925349131,0.00534306068990815,0.00838979859101696
ENSMFAG00000041101,LMX1A,-0.323992701895096,-0.32341979325313,-0.33885632135284,-0.342953824569365,-0.348102682682546,-0.340343525645353,-0.31385107181025,-0.326385158426812,0.0290475427962065,0.0303283438105209,0.0133372953783424,0.0136946488044364,0.00869465453098872,0.0146551680715637,0.014951540411703,0.0183908920843126
ENSMFAG00000033900,KLHL20,-0.307840660801213,-0.314308468978256,-0.348629102254356,-0.338696781586958,-0.357355269684123,-0.322919619220577,-0.374762144992942,-0.338804941408464,0.0385938665922122,0.0342084058279601,0.0111413323595381,0.0146315000459991,0.0068774087086347,0.0200930544738722,0.00363793206748981,0.0142753191778863
ENSMFAG00000012707,RF00069,-0.314384311120452,-0.323870712732272,-0.327151549084244,-0.323354255765549,-0.310166723809753,-0.319792457474879,-0.312560652744917,-0.314498154693213,0.0348507831059546,0.0302003368492532,0.0167158888868385,0.0197731218071573,0.0201490993472288,0.0214515432394619,0.0153830584894737,0.0238944929134064
ENSMFAG00000029668,ENSMFAG00000029668,-0.350928044132982,-0.330483760757522,-0.346269064461987,-0.347789620918279,-0.34714224533529,-0.334611781829291,-0.301180305718389,-0.360215029193767,0.0199504076306481,0.0275299969045015,0.0114756073862757,0.0128628517396938,0.00893015816575192,0.0162024351901063,0.0198333115421273,0.00965209089880923
ENSMFAG00000037136,SOAT1,-0.356288191277992,-0.348539681440274,-0.362990907817492,-0.360612961319017,-0.378019174014057,-0.346647496986919,-0.367170861152296,-0.348944285685614,0.0179032187483185,0.0222238948413968,0.00866963139082234,0.0103572719858587,0.00460069087900085,0.0133484416618059,0.00421697297683055,0.0117617418079769
ENSMFAG00000030817,KCNT2,0.388181648680387,0.372981884355438,0.402211276204862,0.387655059934282,0.411620033599807,0.38295626829034,0.402646527381076,0.425603316546747,0.0115849026729577,0.0158228160472117,0.00491091097376289,0.00674786471632661,0.00257849672011281,0.00714819550154067,0.00200482363924025,0.00407677128083624
ENSMFAG00000035416,DDX59,-0.392133477407186,-0.407691039084076,-0.439253870452157,-0.435294608325572,-0.459157376617729,-0.43530879974052,-0.485710999014514,-0.411449262918192,0.0109847567584481,0.0120523458016359,0.0033972377527822,0.00340852719111331,0.00128657508622616,0.00389785553487244,0.00062700957908818,0.00435002102653989
ENSMFAG00000003587,CHI3L1,-0.303401996152806,-0.313627329194343,-0.361585071524239,-0.34893901646833,-0.370478977548614,-0.385570517188254,-0.409369584059427,-0.336282671567784,0.0417746540620842,0.0345570412310669,0.00885986136701467,0.0126227149732035,0.00524296006116639,0.00687822542893513,0.00177014617616421,0.0150791116689656
ENSMFAG00000010454,LRRN2,0.330208264572429,0.34823529616194,0.380749557705291,0.380144331963729,0.390197261289566,0.400004568018525,0.434750542263783,0.363989492200135,0.0267449011402946,0.0222238948413968,0.0065897179961248,0.00751299062999087,0.00366755886367246,0.00586866664760698,0.0011868417708378,0.00916088165084031
ENSMFAG00000038396,CNTN2,-0.31162350111416,-0.30672558703071,-0.351289303489889,-0.335126916992263,-0.366769504862226,-0.33513054969073,-0.384464392144396,-0.350872223204357,0.0365650152388413,0.0386941266996516,0.0106505143729753,0.0156254195489255,0.00563287501033509,0.0160149910159637,0.00290232783774503,0.0114514595641122
ENSMFAG00000047024,ENSMFAG00000047024,-0.367963280357102,-0.355706476787676,-0.379799574470517,-0.355045620982353,-0.375046022582898,-0.370946316637991,-0.370818702198542,-0.343645345980249,0.0153660171483781,0.0199834793612846,0.00670276710220578,0.0112603403036542,0.00481514731593715,0.00867804840624493,0.00391583283985754,0.0129448249517205
ENSMFAG00000033925,EIF2D,-0.301506764057137,-0.326451885357634,-0.350685846771198,-0.348390642052186,-0.349748796724856,-0.35904760073124,-0.404288074676756,-0.330463686945811,0.0431335390753228,0.0294061602159957,0.0107579296914737,0.0127706336944264,0.008328761777138,0.0106623529847821,0.00194008651301848,0.016783495285806
ENSMFAG00000039131,CD55,-0.402075758235259,-0.405053614704628,-0.435156423332852,-0.43811619688358,-0.461106274202306,-0.435187946468438,-0.455574268735484,-0.420487083835594,0.00970277396239592,0.0120523458016359,0.00359425061993855,0.00333153926786278,0.00126634997083988,0.00389785553487244,0.00107330588674465,0.00416508628863503
ENSMFAG00000037998,RD3,-0.437645759753248,-0.425144546060658,-0.411099587979171,-0.41455822197125,-0.409649610632652,-0.40977440653952,-0.379919119566421,-0.425682727428583,0.00621625680357647,0.0102192902688266,0.00436710958928809,0.00484959952602194,0.00260581304610562,0.00533869860211975,0.00323306681131285,0.00407677128083624
ENSMFAG00000039946,SLC30A1,0.328602452696735,0.317666068927918,0.333767918512434,0.33142051457069,0.345412854588949,0.345615844397883,0.327803806706082,0.334722556286563,0.0271925498250738,0.0324973374645151,0.0146868384346892,0.0169450202288718,0.00925661524307116,0.0134585255697248,0.0108769414326108,0.015479117821058
ENSMFAG00000037316,C1orf115,0.357786547629643,0.343026411009061,0.343312615070253,0.333940722766792,0.348838412053557,0.303822111006119,0.329622512881066,0.357579093910626,0.0176519436263016,0.0235974534110451,0.0121768037848417,0.0160093695105975,0.0085185339518806,0.0299176066059479,0.0103767059880935,0.0102153921306146
ENSMFAG00000035398,STUM,0.325277043352983,0.334489774046863,0.374683596601816,0.364737973598651,0.392237850999702,0.362545848012469,0.417351576030156,0.368060115909553,0.0286482664506715,0.0259927914547417,0.00715313402636332,0.00967116433261363,0.00354779220905417,0.0101153520005299,0.00150977439093755,0.00870935196885233
ENSMFAG00000044667,NR1I3,0.348284608997612,0.320433516175879,0.332846682696213,0.320629592191822,0.334777862389106,0.332272096690586,0.315282942274515,0.353607503241528,0.0203672350471452,0.0317423124043715,0.0149270002446693,0.020908010085936,0.0118459620723015,0.0169969775349127,0.0145136657355306,0.010970930800134
ENSMFAG00000000375,ADAMTS4,-0.325086160465226,-0.312946617560099,-0.358590130351197,-0.341680878063204,-0.377512633193103,-0.341763135108499,-0.376841688304086,-0.358661809246952,0.0287915889970872,0.0348892598190526,0.00922515347413089,0.0139066041564314,0.00460206560413644,0.0144433361804427,0.00348260728870798,0.00997625802601989
ENSMFAG00000036621,IGSF8,0.311659647426797,0.335219176576246,0.34553935159208,0.356168875165555,0.368557900343049,0.341808627246797,0.376282526088847,0.315579606868937,0.0365503481601907,0.0258569205106213,0.0116702106681756,0.0110302027673705,0.00546709320525301,0.0144433361804427,0.00352549573714976,0.0233299942776094
ENSMFAG00000040025,TAGLN2,-0.313899984359433,-0.305206065840217,-0.324885997439214,-0.310780205200412,-0.329159155644396,-0.312036106625905,-0.336938038075705,-0.345768880174691,0.0350378008932856,0.0395889007958521,0.0176340799260724,0.0256873957297643,0.0133816798938608,0.0253387401918024,0.00871642222612303,0.0124887142368327
ENSMFAG00000036444,HAPLN2,-0.376237392101971,-0.364898365084933,-0.402299114117072,-0.386539195197034,-0.421037786999874,-0.381002279087848,-0.416901855320174,-0.405234966205946,0.0135366767010101,0.0181675085145476,0.00491091097376289,0.00694085699355744,0.00214748558456414,0.00739620333351978,0.00150977439093755,0.00468904280675455
ENSMFAG00000034196,PKLR,0.300791606190909,0.301907996242092,0.34135802353773,0.325856310411073,0.356354049847826,0.325416335931526,0.379251209236745,0.34193567289936,0.0433871042118385,0.0421513825674116,0.0127293360080662,0.0188637926671363,0.00704429884345364,0.0192300176867174,0.00327316127113986,0.0132595063777265
ENSMFAG00000041110,EFNA1,-0.470952087193553,-0.474358410478911,-0.504446012308872,-0.503624358789257,-0.529944635259122,-0.502609967089642,-0.543675520869301,-0.510584418242353,0.00350848937027084,0.00763957381952836,0.00195938251203794,0.00171691682496292,0.000561339223648449,0.00255041052396858,0.000204911858621989,0.00118953679744514
ENSMFAG00000034487,TPM3,0.349823164159451,0.356959978879583,0.387666508257593,0.385677415448753,0.402718946368835,0.380710148507725,0.424774415567488,0.381238792593199,0.020215471735853,0.0197697116964416,0.00584636830051118,0.00703812076268371,0.00289054378562001,0.00747348824934579,0.00136543120434327,0.00700266932783447
ENSMFAG00000036337,CDC42SE1,-0.345140702428729,-0.332523065785136,-0.352113492587601,-0.34447454182104,-0.354721441715669,-0.33832467574019,-0.348916417931884,-0.368807418043008,0.0212981549110169,0.0265047239415273,0.0105015513610462,0.0134855317247405,0.00734409640478854,0.0151400925349131,0.00649048084981534,0.00865226943060681
ENSMFAG00000039644,MINDY1,-0.312960319388558,-0.312808325652857,-0.351515135626728,-0.34435525804307,-0.374660192608548,-0.343906994558276,-0.39105348414051,-0.343515003987527,0.0357170525477197,0.0349479874149089,0.0106335857289061,0.0134855317247405,0.00482482396920498,0.013765527446929,0.00249480164506409,0.0129725176390043
ENSMFAG00000038604,CERS2,-0.373438922388747,-0.358967419562361,-0.383525330974903,-0.371831984928994,-0.397021203291581,-0.372525492245086,-0.392699531136223,-0.382333558477104,0.0140842565678575,0.0197673751555277,0.00633012295641881,0.00853781938157746,0.00321379925546257,0.00848601295488194,0.00245450457908571,0.00683916768930636
ENSMFAG00000040977,CA14,-0.356822320743951,-0.347555017996293,-0.384455215859221,-0.371641620663669,-0.404688293320524,-0.372499160110687,-0.408424731908935,-0.379291745621858,0.0179032187483185,0.0222238948413968,0.00621805643028683,0.00859100710864067,0.00285007200262508,0.00848601295488194,0.00177315614993392,0.00728609637196469
ENSMFAG00000031699,MTMR11,-0.359293841403781,-0.342364988258278,-0.337250909169739,-0.347624619102538,-0.348076736113676,-0.336400554085895,-0.314664324710087,-0.351714504178415,0.0172649391537295,0.0237895776082706,0.0137396673878244,0.0129022713609121,0.00869465453098872,0.0156422304977152,0.0147076014634276,0.0112555514024416
ENSMFAG00000030326,HIST2H3D,-0.343847064519306,-0.349488954038129,-0.362339801832133,-0.374717593614262,-0.383460543209926,-0.382387139272511,-0.376314111714112,-0.370669171393536,0.0217532377317531,0.0218467399881274,0.00876311196405102,0.00798639546218061,0.00412774337405479,0.00723329181376352,0.00352421414523756,0.00850875615815546
ENSMFAG00000029554,RF00003,-0.33765207060391,-0.34300479195866,-0.34896756893999,-0.38200346012547,-0.389169073253115,-0.362413179516706,-0.368259840574197,-0.369722846838558,0.0236317818174284,0.0235974534110451,0.0110700031424953,0.00745600886310454,0.00367096476000309,0.0101219627433784,0.00414486010645727,0.00858648912148499
ENSMFAG00000046287,ACP6,-0.339166099896817,-0.345465938117344,-0.368129395935157,-0.371943477742589,-0.390431719350116,-0.37068662994864,-0.403890757058354,-0.368293348445755,0.0229947774835876,0.022624171669364,0.00793695642633685,0.00851404015677961,0.0036433938455302,0.00867804840624493,0.00195333649830347,0.00870825265107414
ENSMFAG00000046327,TXNIP,-0.362584104214023,-0.344918210737127,-0.33593094218608,-0.331561364445932,-0.335419876936997,-0.341407760365923,-0.321630630958698,-0.330862116378442,0.016701803178982,0.0227918326091204,0.0141281963512172,0.016911910638563,0.0117255064685176,0.0145197632915788,0.0125497845506158,0.0166855618793193
ENSMFAG00000042672,SLC22A15,-0.321731383064845,-0.313937414741168,-0.34111985199439,-0.343636750954661,-0.36378528748946,-0.319447228545747,-0.343777273246521,-0.344519196575202,0.0304753813861461,0.0344336176451078,0.0127934085876869,0.0136190132307235,0.00599849669104609,0.0216157443241937,0.0073995254733415,0.0127188609860111
ENSMFAG00000044411,DRAM2,-0.370670473894949,-0.379497369567647,-0.403929320197341,-0.400904253144791,-0.428099959466083,-0.412523613224665,-0.44534049386186,-0.380225593253274,0.0147900784240596,0.0144746826639718,0.00467627524805175,0.00568028830824645,0.00195257568598686,0.00510998826451847,0.00113406659720671,0.00711840334469718
ENSMFAG00000007623,KCNA3,0.346458731853423,0.339405356070261,0.374365736572508,0.363943632424988,0.392247234509948,0.353812700889258,0.384004762287598,0.37843205517452,0.0209861758623398,0.0245583473277733,0.00715313402636332,0.00976539935981153,0.00354779220905417,0.0116662546549017,0.0029253068334479,0.00738082305948889
ENSMFAG00000030547,PSRC1,0.324103359883073,0.33317339914917,0.368497948896358,0.375308197409423,0.398387190519032,0.361204815002696,0.412272030034203,0.36048341443859,0.0290475427962065,0.0263966501719978,0.00792899835433792,0.00793055028860209,0.00313226223602299,0.0102995274309574,0.00167073246203082,0.00965209089880923
ENSMFAG00000002722,COL11A1,0.321993596959484,0.312085745126101,0.349132676605932,0.351935384937439,0.371849160187545,0.3484253001146,0.342777535169294,0.349183889375481,0.0303022586066872,0.0352208406311198,0.0110700031424953,0.0119353174626887,0.00509261595813298,0.0130200358917779,0.00758523831464325,0.0117617418079769
ENSMFAG00000037976,GPR88,0.309904663728801,0.300698577444306,0.327893778728037,0.302603102294193,0.324763382463291,0.300503224413536,0.341415308487191,0.340373858349128,0.0376151864786229,0.0429527024603842,0.0165629659741368,0.0299280157864363,0.0148032013915428,0.0317055837482108,0.00783096818115158,0.0137048597742691
ENSMFAG00000035540,ENSMFAG00000035540,-0.307161931831019,-0.320180539758368,-0.353514513673426,-0.357851427396919,-0.371148620733167,-0.354790635534201,-0.389570117244081,-0.347774875576944,0.0389326465199156,0.0318903378803911,0.0102239867108268,0.010882260969816,0.00519369552062203,0.0114299751365176,0.00257188699138969,0.0120395686428533
ENSMFAG00000040268,ENSMFAG00000040268,-0.451658525108437,-0.442613637645413,-0.469556109358554,-0.450714658211569,-0.478647895598893,-0.454627302388766,-0.470614578808807,-0.466726314909871,0.0053908732573259,0.00763957381952836,0.00271618020051077,0.00295507918739082,0.000989888136387945,0.00325898088799017,0.000821735987775506,0.00189511599659711
ENSMFAG00000034077,LMO4,0.389268773686538,0.351431515914401,0.346729206105198,0.329844404806133,0.335082100635846,0.335849392098198,0.304429903305876,0.385475633984638,0.0114842725965878,0.0214559438385436,0.0113582676246106,0.0174830067855688,0.0117891728803148,0.0158088363911235,0.0183695178873247,0.00659123369106219
ENSMFAG00000042797,CLCA1,-0.330699267637119,-0.323996838449317,-0.364940533715349,-0.348000762340821,-0.38113727029661,-0.356941337050592,-0.393175703549132,-0.358110270585969,0.0265036924110893,0.0302003368492532,0.00844062692414025,0.0128530716198227,0.00430080043211812,0.0110640205488991,0.00243184179764221,0.0101518269306863
ENSMFAG00000001996,CLCA2,-0.336025346884491,-0.320738123745125,-0.364472257399635,-0.350136062402509,-0.380644722212642,-0.352601337714721,-0.37390332330822,-0.354106356503267,0.0242315468934213,0.0315444548257882,0.00846653870295416,0.0123285931093166,0.00435882876044861,0.0118913270995896,0.00369659654829948,0.0109029089744589
ENSMFAG00000041884,ST6GALNAC5,0.358454384705202,0.346370461411694,0.387415968643587,0.382639775543189,0.403663102194625,0.367031246137052,0.393949748863057,0.395026252844143,0.0174720265333955,0.0222238948413968,0.00586374290108069,0.00740545648276643,0.00285007200262508,0.00933282319660507,0.00241365375596797,0.00562865869631179
ENSMFAG00000039614,ENSMFAG00000039614,0.347427737550154,0.322536526435218,0.352241780958925,0.346851552017446,0.36524130786042,0.327533421641104,0.326896621419658,0.371333613087578,0.0206213074675775,0.0306249291659222,0.0104951227694248,0.013076499945009,0.00584336120424798,0.0184783361064568,0.011120733877421,0.00838979859101696
ENSMFAG00000038282,ST6GALNAC3,-0.378074240425647,-0.347771447359448,-0.360198257967165,-0.336378062810232,-0.36719548561234,-0.334140767494804,-0.343890734749716,-0.367956101490874,0.0131174467252699,0.0222238948413968,0.00901028600176204,0.0152149977022072,0.00558900503121853,0.0162312045704117,0.00737740903514174,0.00873275792717566
ENSMFAG00000033874,LEPROT,-0.319926944821353,-0.323959676426431,-0.344060027425702,-0.33752522296247,-0.357029097831966,-0.337774167208072,-0.356948846871692,-0.329630827099885,0.0314742316731259,0.0302003368492532,0.0119830193341746,0.0148978717124029,0.00693178576667951,0.0152309982760467,0.00536484257027761,0.0170565801572547
ENSMFAG00000003493,JAK1,-0.348971366568001,-0.347270488533816,-0.362240081893557,-0.34281271464991,-0.364761726617568,-0.332017548218883,-0.37238183587669,-0.369995747789876,0.0202959663362833,0.0222238948413968,0.00876311196405102,0.01370803704657,0.00588556082857566,0.0170928638060518,0.00381340248514386,0.0085665137173689
ENSMFAG00000003319,CYP2J2,-0.318692233823911,-0.321634005897815,-0.359545694753607,-0.345270410694642,-0.379121014690931,-0.342930745954702,-0.393517383582277,-0.344385498536971,0.0320392189256977,0.030925844492111,0.00912960637263006,0.0133615770633753,0.00449860951849826,0.0141042849788456,0.00243184179764221,0.0127429956239251
ENSMFAG00000023923,ENSMFAG00000023923,0.364373948448671,0.370393637593036,0.40749461497362,0.410030830537209,0.434412899208278,0.401453071870067,0.431753541760866,0.405903612304837,0.0163823958471423,0.0164175645567561,0.00464161409316462,0.00511570966344384,0.00172284294677751,0.00585917447550472,0.00125856593186412,0.00468904280675455
ENSMFAG00000033134,TMEM59,-0.304825145340128,-0.306878064219208,-0.321610537230113,-0.32118218430729,-0.330178275282341,-0.317766430324849,-0.319562338927516,-0.321003042086671,0.0406286602829187,0.0386862438736635,0.0191743464310403,0.020676534565443,0.0131080683180688,0.0225712760395103,0.0131409967069139,0.0207856207560752
ENSMFAG00000043512,OSBPL9,-0.32220511576028,-0.329899791342337,-0.381540617297037,-0.363426536842246,-0.396445410890128,-0.376047526701714,-0.419940887949878,-0.351473464121487,0.0301656626737168,0.0279870406722474,0.00649655018354292,0.00987266568116777,0.00328342535598989,0.00798406695452715,0.00146569436471677,0.0113411668342515
ENSMFAG00000043099,IPP,-0.312784110944433,-0.308865034293797,-0.341394252974647,-0.351898809163963,-0.372644668404755,-0.340917373313068,-0.337925074100478,-0.329003653137169,0.0357919642771985,0.0372215421296682,0.0127293360080662,0.0119353174626887,0.00497812635972778,0.014574515689522,0.00853162101615875,0.017344060864
ENSMFAG00000029387,PRDX1,-0.340724143142579,-0.335316628887152,-0.364698758779252,-0.356329051158223,-0.382946103059319,-0.359107361932374,-0.390857126877203,-0.361511233943349,0.0225787597830768,0.0258006906349433,0.00844062692414025,0.0110025820110635,0.00418290990802953,0.0106516787994692,0.00250036851876758,0.00955427784915996
ENSMFAG00000038654,CCDC163,-0.317804510327531,-0.319626265607323,-0.351617264813587,-0.339310699532167,-0.359648588649566,-0.344017272253037,-0.386177395523215,-0.350878956078401,0.0327555441192415,0.0321690249743876,0.0106011026449755,0.0143922213291421,0.00654361819847649,0.0137647973673732,0.00279088164410998,0.0114514595641122
ENSMFAG00000042816,TESK2,-0.380010593746333,-0.373270341907655,-0.410383275316989,-0.391786466619993,-0.411458162225181,-0.400192098174132,-0.433706069900845,-0.417312847123139,0.0127269313471705,0.0158105052845365,0.00437775677177702,0.00646699807518952,0.00257849672011281,0.00586866664760698,0.00121003484189742,0.00426675805867172
ENSMFAG00000026331,MUTYH,-0.32130501659437,-0.337999279978413,-0.372748346350024,-0.374573916390506,-0.383474720971707,-0.377813144312721,-0.414082168204956,-0.377385611091793,0.0307622905056357,0.025016167091396,0.00731404832024802,0.00799358920613536,0.00412774337405479,0.0078174267236995,0.00158756805101688,0.00756174076291101
ENSMFAG00000000702,SLC6A9,-0.332607341541551,-0.316716130800215,-0.344857878004306,-0.337273162562793,-0.367619331065344,-0.337493054749771,-0.356987284784758,-0.344734937164919,0.0257592261660341,0.0328669015408869,0.0118244377913466,0.0149257658268977,0.00555925441807601,0.0152636467053003,0.0053648404669476,0.0126980511957135
ENSMFAG00000036907,PTPRF,0.3050607530955,0.306550225187969,0.353142146544145,0.346335746303021,0.375571751974818,0.345895418238523,0.386451411063944,0.350458825400426,0.0405011390673568,0.0387619893832616,0.0102643706023595,0.0132048875030753,0.00477123622525861,0.0134217366539522,0.00276945362134893,0.0115239850316146
ENSMFAG00000042006,ELOVL1,-0.310633550733432,-0.304359737679021,-0.342741711363636,-0.3286677770071,-0.359871114572093,-0.331067272718698,-0.378322956856855,-0.340772984774616,0.0371727095865011,0.0401938310428883,0.0123022053490519,0.0178601051891883,0.00654361819847649,0.0173551831556876,0.00335766774514155,0.0136022854535056
ENSMFAG00000018790,TMEM125,-0.319470165235351,-0.312775775788315,-0.354984705502494,-0.339597105016861,-0.374580326134239,-0.34189876337731,-0.385866589983639,-0.352839453589814,0.0316163870431797,0.0349479874149089,0.00998856446140878,0.0143354113329592,0.00482909154860322,0.0144386564355737,0.00279641924959547,0.0110439382279312
ENSMFAG00000039379,CTPS1,0.316337680688308,0.310891341900168,0.35614498988812,0.3415009444367,0.360888053205199,0.356528960367926,0.379684685818476,0.330204969356367,0.0334543781060822,0.0358261519486487,0.00975227662533624,0.0139650707877444,0.00641155698492594,0.0111598391989216,0.00324950528995251,0.0168599773280098
ENSMFAG00000044100,SMAP2,0.326764447588701,0.352736375625944,0.360174070443869,0.376294007596022,0.381846239444902,0.359420117739116,0.388510751487221,0.336110801691639,0.0281107583059717,0.0208951264503863,0.00901028600176204,0.00778782514918062,0.00425396251845471,0.0105609671193638,0.00262727824889283,0.0151055105648849
ENSMFAG00000000875,FHL3,0.320107796224039,0.317373776446215,0.355155684807286,0.333582149857721,0.362544643496179,0.337644185765714,0.370334625148093,0.362638749399781,0.0313725652946753,0.0326191343364003,0.00995377024714396,0.0161025369860257,0.00614440198605185,0.0152309982760467,0.00394894087242807,0.00942323689921101
ENSMFAG00000041787,ENSMFAG00000041787,0.341116208340086,0.334160756776912,0.363647953311875,0.376086195200471,0.390069084811316,0.379191778795521,0.357109520323163,0.35648524476221,0.0225681336753869,0.0260412048139915,0.0085981026528353,0.00779139210448343,0.00366755886367246,0.00775975699167519,0.00534513261116645,0.0104460677360537
ENSMFAG00000038442,DLGAP3,0.369817735439848,0.364366118867379,0.399600301748989,0.398099804863193,0.421015108034511,0.386357132517641,0.414240892374993,0.38980530926114,0.0149519169839253,0.0182451266176339,0.00503876902837766,0.00594596400800248,0.00214748558456414,0.00674706334000396,0.00158140116534583,0.00612520076289929
ENSMFAG00000030374,TRIM62,-0.333441903405209,-0.315323916971157,-0.339161260596232,-0.338386459743902,-0.35431613271925,-0.338887249249341,-0.351195664896901,-0.346625795034276,0.0254932141436447,0.0336945862851195,0.0132401845871206,0.0147088050407727,0.00742902743514792,0.0150248565706698,0.00610164696031548,0.0123567737832733
ENSMFAG00000032478,AZIN2,0.316459728202763,0.33677569928113,0.373011902990664,0.373472304274086,0.400634103475501,0.367235447092741,0.42420654055506,0.353584302443586,0.0334090132616074,0.0252548786737916,0.00729235113212013,0.00815005263330559,0.00300444372964835,0.00933282319660507,0.00136543120434327,0.010970930800134
ENSMFAG00000045877,ENSMFAG00000045877,-0.402174746454387,-0.402742416076014,-0.424568194244418,-0.42389889070468,-0.431962323116744,-0.424612897422343,-0.449932419793195,-0.434834538099957,0.00970277396239592,0.0120523458016359,0.00374742528908521,0.00421241295548932,0.00176897889857384,0.00446003746818047,0.00111294175146054,0.00382844231003148
ENSMFAG00000001257,TMEM54,0.307762974144746,0.325716499046863,0.353822582046972,0.348581565381923,0.369298095286267,0.343991804669161,0.395670039906213,0.34308150472374,0.0386483322884461,0.0297296260827965,0.0101535450857246,0.0127022312395872,0.00537237288645009,0.0137647973673732,0.00235230698044484,0.0130003921749324
ENSMFAG00000034246,HPCA,0.357599034288282,0.365522259772623,0.389676872122171,0.374954422803588,0.400563395340307,0.376545934013318,0.4209484177314,0.396363811495728,0.0176660296092178,0.0180059285019527,0.00563036723907288,0.00795576750140086,0.00300444372964835,0.0079201285086765,0.00144195555235924,0.00546201617882602
ENSMFAG00000001093,HDAC1,-0.390336970956031,-0.392290744093694,-0.414888408168322,-0.415856530783691,-0.434802901113125,-0.414679491296612,-0.442135052118001,-0.404290843123638,0.0113416249751617,0.013455417238104,0.0042579444762936,0.00483746348072321,0.00171777018068416,0.00499844109601146,0.00113406659720671,0.00478465345490409
ENSMFAG00000028460,ADGRB2,0.368185636384336,0.386975952716616,0.428774391875691,0.425888226005971,0.45325786901295,0.433762972725657,0.492986362757465,0.403821492696244,0.0153660171483781,0.0140116693814599,0.00359425061993855,0.00418854054625786,0.00130226710507543,0.00394486261532529,0.00062700957908818,0.00485947759688039
ENSMFAG00000042878,COL16A1,0.31178718065222,0.306387642201729,0.313329945401792,0.308623247054738,0.320207869026403,0.313057005040766,0.321094661662291,0.327814931102596,0.036444918240824,0.0388597465245221,0.0226681368753667,0.0266671939245842,0.0163380848893914,0.0248054451431169,0.0126984518193524,0.0177712949788491
ENSMFAG00000040093,PHACTR4,-0.306028732042941,-0.307031478177799,-0.341290553863741,-0.332006797259893,-0.356900179432595,-0.330430118413552,-0.367734985466613,-0.326247132283786,0.0398013728761423,0.0386545682047614,0.0127349827995575,0.0167600345211579,0.00693178576667951,0.0175836891150176,0.00417050918761089,0.0184351776340921
ENSMFAG00000045224,EYA3,-0.327424685776117,-0.307526131325639,-0.333763034159187,-0.331385442754226,-0.346975488731431,-0.327449995138062,-0.312952122698668,-0.333538162355731,0.027851288222398,0.0381832996281145,0.0146868384346892,0.0169450202288718,0.0089761922139263,0.0184814767712223,0.01525688444803,0.0158349183824184
ENSMFAG00000022522,RPA2,-0.32711693737662,-0.312716337658401,-0.324000617936537,-0.316940267198595,-0.332618807032335,-0.331259866197232,-0.312507554102682,-0.315952420741733,0.0279589984023904,0.0349479874149089,0.0180696059136114,0.0224558474836681,0.0124241857311072,0.0173015557503992,0.0153987807335575,0.0231162864482869
ENSMFAG00000004617,AHDC1,0.35060157845848,0.367552497829513,0.401229541100659,0.399546143620006,0.41561568837528,0.40706014848513,0.456074852192958,0.388976809736107,0.0201228730032636,0.0170505270090351,0.00493791092429634,0.00579290717659417,0.00234831028947943,0.00533869860211975,0.00107330588674465,0.00624991073749378
ENSMFAG00000001141,WASF2,-0.380648099851587,-0.367968551117673,-0.382783644852117,-0.377214176997942,-0.397061954940114,-0.377837175805619,-0.383742532264619,-0.383719265056115,0.0127269313471705,0.0170136512776368,0.00642016465891429,0.00763640491769139,0.00321379925546257,0.0078174267236995,0.00293858402368723,0.00672574713249577
ENSMFAG00000003929,PIGV,-0.322064543348795,-0.317986855933212,-0.315652093863121,-0.32218448504256,-0.320417804126921,-0.312924137917737,-0.308471504768549,-0.333055006970834,0.0302766716890609,0.0324762689575899,0.0216154786794373,0.0202199407522756,0.0162990928149224,0.0248796445839203,0.0167753956215962,0.0159515136459055
ENSMFAG00000044982,RPS6KA1,-0.338779092408223,-0.329542766597033,-0.366731687131415,-0.346815548046589,-0.381327593025936,-0.344065025323897,-0.383817971708341,-0.370815061663195,0.0231444066896997,0.0281659556763715,0.008226418917827,0.013076499945009,0.00428773806603684,0.0137647973673732,0.00293595232213819,0.00848817957818964
ENSMFAG00000045288,CEP85,-0.348575770185041,-0.33444543593354,-0.373717617403854,-0.356407719002751,-0.387224444301064,-0.357466705662771,-0.389274284345246,-0.377389798529898,0.0202959663362833,0.0259927914547417,0.00724517834194762,0.0109970336554896,0.00382460577118796,0.0109937607275938,0.00258459007572574,0.00756174076291101
ENSMFAG00000038789,CLIC4,-0.356031282271834,-0.346291403065626,-0.381948485920722,-0.365431287020702,-0.397256626411178,-0.369921287413408,-0.405997522043204,-0.376224404684025,0.0180137109245616,0.0222238948413968,0.00648735393667809,0.00950068462124415,0.00320382812416078,0.0088738281219261,0.00187722744301943,0.00760947286554532
ENSMFAG00000002613,IFNLR1,-0.354703384211232,-0.363002943916636,-0.392094630010555,-0.394436823011799,-0.412160944850441,-0.39948377240061,-0.405064572590915,-0.393403295224961,0.0184478575550176,0.0184969734253975,0.00547908690148833,0.00608898145304985,0.00255987664074433,0.00592442764057737,0.00192960331665042,0.00571879174289046
ENSMFAG00000038100,SH2D5,0.42329731094792,0.386102577822542,0.380587901241722,0.370925417471408,0.381857040451561,0.370746369765766,0.325331077219686,0.395710884214867,0.00847617198139287,0.014297190435057,0.00659032615881364,0.00867710614526398,0.00425396251845471,0.00867804840624493,0.011538317613882,0.00555766866010301
ENSMFAG00000043993,KIF17,0.401789773423833,0.397912668795204,0.4280806232102,0.425160565535477,0.447569412288642,0.410317729839425,0.436783935634764,0.428320479074318,0.00970277396239592,0.013075043767625,0.00359425061993855,0.00418854054625786,0.00137803028004512,0.00533869860211975,0.00113406659720671,0.00407677128083624
ENSMFAG00000032215,HTR6,0.426300012036296,0.428157701664442,0.460694524489123,0.45824202364759,0.472302540662961,0.461219597414083,0.478937996261548,0.446745620998214,0.00810917177922874,0.0095667823106727,0.00280486164953807,0.00295507918739082,0.000989888136387945,0.00261036282397465,0.000632067333836883,0.00331094179346129
ENSMFAG00000037763,NBL1,0.338958239019251,0.349140170972729,0.383361349651301,0.37435254724533,0.399152600650307,0.379612229228885,0.42582908160145,0.372374591444495,0.023101566898887,0.0220010256120434,0.00633012295641881,0.00799358920613536,0.00306959932131744,0.00768940751131122,0.0013576993537440401,0.00827889974141179
ENSMFAG00000005894,KISS1R,0.346779745999635,0.350441957519381,0.382421019482821,0.372386241650754,0.398163251449522,0.354853967381424,0.396722761160817,0.390496461567882,0.0208647459853686,0.0214889719013142,0.0064451964159469,0.00843839964873518,0.00313226223602299,0.0114299751365176,0.00230359828726339,0.00603850326578785
ENSMFAG00000000197,NECAP2,-0.317555871439781,-0.307746805212651,-0.311994400327109,-0.307266175816237,-0.315276202830226,-0.315990308189216,-0.325204747389642,-0.324785067683988,0.0328115402357463,0.0379954775350883,0.0232337545368617,0.0274070817612453,0.0182530740258684,0.0233103700210264,0.0115682578902987,0.0190231807527665
ENSMFAG00000042837,SLC25A34,-0.38532228012947,-0.368683070463454,-0.350855243694391,-0.343273208880762,-0.333880733972265,-0.316496665644144,-0.330210085363622,-0.419176291982597,0.0122389940070168,0.0167899337187938,0.0107579296914737,0.0136848863775002,0.0120756078004569,0.0231285917704846,0.0102363457213207,0.00416526726550516
ENSMFAG00000035965,NPPA,0.305154247278198,0.300360129490193,0.333512461112111,0.31759380939512,0.342370464414492,0.306457978697163,0.350921447184806,0.34456943901524,0.0404866066919798,0.0432250399781445,0.0147244166727454,0.0222011950479192,0.00997398755312234,0.0284113029084769,0.00615469177695046,0.0127188609860111
ENSMFAG00000046626,ENSMFAG00000046626,-0.359024889283383,-0.343011796362689,-0.36564458009474,-0.349788202487954,-0.364343345118973,-0.347263519368822,-0.367705824099115,-0.380680939777554,0.0173795652175368,0.0235974534110451,0.00836470292556077,0.0124219715917021,0.00592710672162269,0.0132176983496539,0.00417050918761089,0.00705022126037767
ENSMFAG00000037708,LZIC,-0.345717261553713,-0.337410596821477,-0.369854641908899,-0.359139632234422,-0.387570916762747,-0.362509617253687,-0.389368499107026,-0.367235237175098,0.0211003206555797,0.0251099040105115,0.00778024025824075,0.0106216026111789,0.00379763796370682,0.0101153520005299,0.00258459007572574,0.00878846850153024
ENSMFAG00000003162,H6PD,-0.398200583539299,-0.39557053034702,-0.421168045779824,-0.418345249377126,-0.428418059766873,-0.403188246287369,-0.440649564591418,-0.430908206613484,0.0100301109757747,0.0133195302930201,0.00395128240768182,0.00451402370164879,0.00195257568598686,0.00573684698905278,0.00113406659720671,0.0038991411036869
ENSMFAG00000001731,VAMP3,-0.385273915653939,-0.375016174880144,-0.39690644892579,-0.38856866180903,-0.410328433257116,-0.383506905070589,-0.401927176488304,-0.39078112719126,0.0122389940070168,0.0156633469049639,0.0052432640970447,0.00662341315696237,0.00260428766464258,0.00709742929121529,0.00201966448791745,0.00602363759530551
ENSMFAG00000004055,PLEKHG5,0.344316718470986,0.325377955577242,0.336708777241354,0.333701725039512,0.349175365238965,0.348690129788676,0.343272539584153,0.34320901921146,0.0215348842681315,0.0299006255631304,0.0139175004322424,0.0160681437396589,0.00845658538491358,0.0129604698849312,0.0074810754153236,0.0129935354921869
ENSMFAG00000033993,CHD5,0.423332195462653,0.421103143797088,0.442572320513045,0.440028736874974,0.458785163915006,0.438109173338124,0.453652926029274,0.441523543072061,0.00847617198139287,0.0102848375990455,0.00325482292147009,0.00324226857569953,0.00128657508622616,0.00389785553487244,0.00111052079015429,0.00336301435624351
ENSMFAG00000041475,SMIM1,0.361025552880574,0.355526510753755,0.377820401327571,0.369421372474279,0.384318880029996,0.350461589905553,0.395314545357412,0.393331371051492,0.0169345210460298,0.0199834793612846,0.00691452963489165,0.00888255162114893,0.00403778277265383,0.0123617458235928,0.0023524463728027,0.00571879174289046
ENSMFAG00000043807,TP73,0.343246626124314,0.34097005670422,0.358674328149702,0.344091938653089,0.363630994593204,0.353034060870154,0.384898390885441,0.365166917354181,0.0218101077842618,0.0241534620417747,0.00921568604137613,0.0135432476460027,0.00601024329116932,0.0118488943023659,0.00287515410434778,0.00899195001182855
ENSMFAG00000000422,VWA1,-0.349938197708568,-0.326631323311113,-0.353374067856561,-0.331125188950981,-0.35785479934938,-0.325850426035642,-0.350226515784037,-0.377109615351781,0.020215471735853,0.0293253261326683,0.0102541071774267,0.0170463086807225,0.00679684835741114,0.0190825925964332,0.00630313651022918,0.00760174556500115
ENSMFAG00000038496,AGRN,0.369180204607157,0.368935306474028,0.394886148648561,0.399435334999611,0.426571643018092,0.389824889752775,0.421536866084718,0.385074802515802,0.0151016844246815,0.0167612461730646,0.00531837133109845,0.00579514542630352,0.00200319506406815,0.00653374676847562,0.0014403694984932,0.00659735488540501
ENSMFAG00000046839,ENSMFAG00000046839,-0.326937009522124,-0.352944319332858,-0.364096109621765,-0.361226452960235,-0.361667650078745,-0.366344303428973,-0.404375736757264,-0.355675900418175,0.028052720494331,0.0208951264503863,0.00851380719194567,0.0102388437933941,0.0063149882803395,0.00943869207785114,0.00193602334331847,0.0105789998430617
ENSMFAG00000034097,CCDC50,-0.34988353064559,-0.353119185539602,-0.39544034468082,-0.383779314118666,-0.412695822833534,-0.396070038487302,-0.427834137884596,-0.376515791708759,0.020215471735853,0.0208951264503863,0.0053170014108797,0.00728307087221452,0.00250306092879492,0.00610929962654093,0.00133051292084478,0.00760947286554532
ENSMFAG00000036104,P3H2,-0.348628292078343,-0.343452950073912,-0.380234571090383,-0.375467852894405,-0.400542770665348,-0.367867084524919,-0.398345179695772,-0.384040202657124,0.0202959663362833,0.0235649440950824,0.00664713780029393,0.00793055028860209,0.00300444372964835,0.0093190091080758,0.00220524003796396,0.00667269174145152
ENSMFAG00000021979,RTP1,0.405120383103426,0.398345349119083,0.428785248233296,0.419472508332424,0.44257674797292,0.419400123871429,0.435520520020247,0.440249172854525,0.00960079084194301,0.013075043767625,0.00359425061993855,0.00449310750583743,0.00154951809363773,0.00478109902650885,0.00117435111153917,0.00336301435624351
ENSMFAG00000008661,THRB,0.355867932032032,0.329380688210487,0.348918943552508,0.33739646190523,0.358294171481376,0.321503590512079,0.335311544482656,0.378886992742377,0.0180554075958403,0.0281894147092131,0.0110700031424953,0.0149257658268977,0.00674700314044347,0.0206803830979841,0.00906813049946768,0.00734705424542564
ENSMFAG00000035980,KAT2B,-0.340250748727919,-0.341947891441403,-0.368278314339554,-0.350455882277978,-0.377862037898864,-0.343486777556007,-0.395904611380261,-0.370222046910353,0.0227272668816295,0.0238028975132924,0.00793695642633685,0.012254802338643,0.00460206560413644,0.01394035636211,0.00233847534792537,0.0085665137173689
ENSMFAG00000035903,KCNH8,-0.412579702480345,-0.389895237217922,-0.423605865908057,-0.404642048698134,-0.432394393131101,-0.404636843150494,-0.419011822495009,-0.42358061151202,0.0087209422969036,0.0139354657844546,0.00374742528908521,0.00545861067289417,0.00176897889857384,0.0055420236717896,0.00149777097105995,0.00412926858390333
ENSMFAG00000033539,BTD,-0.37146316268893,-0.361484717789315,-0.386363429952936,-0.389873433353184,-0.411150214616568,-0.391841650370364,-0.406610622079869,-0.38353194916711,0.0146285172467774,0.0189116802351297,0.00599988381968959,0.00651196656280408,0.00258790131926957,0.00644647398137181,0.00185931193875147,0.00674598201739516
ENSMFAG00000001867,CAPN7,-0.343146763488958,-0.348541797899972,-0.371328422809355,-0.375442955157412,-0.387914904506269,-0.370904246006027,-0.38606080583622,-0.354000418638224,0.0218101077842618,0.0222238948413968,0.00748874707008709,0.00793055028860209,0.00377170825986918,0.00867804840624493,0.00279279491605592,0.0109029089744589
ENSMFAG00000030574,PIK3R4,-0.311417588449033,-0.31497737737014,-0.33543798540984,-0.330893518171086,-0.341297344174257,-0.32518576028081,-0.343668122148639,-0.32694250519845103,0.0365658461183443,0.0338542403153097,0.0142339951837249,0.0170781746166355,0.0102525649687357,0.0192828518538163,0.00740977747493631,0.0180883972611843
ENSMFAG00000031779,TF,-0.325831523166528,-0.310582900617004,-0.342106999529183,-0.324240536536098,-0.356046399518005,-0.316135501638125,-0.357515057489182,-0.349076840349011,0.02858317727702,0.035866420265906,0.0125009608785669,0.0194381414919172,0.0071066624119786,0.0232361596619685,0.00530671598545166,0.0117617418079769
ENSMFAG00000032149,RAB6B,0.305090011002948,0.32810846347741,0.369338596137481,0.370769545119013,0.392063153369391,0.390651586979661,0.439215856243079,0.339966561132895,0.0405011390673568,0.0285414062888883,0.00784544684999877,0.0086908868709357,0.0035497857360275,0.00652741484202392,0.00113406659720671,0.0138626091956491
ENSMFAG00000022133,PPP2R3A,-0.340570738686456,-0.333221947908652,-0.355247463671083,-0.338275223022026,-0.361469293029044,-0.339720267236628,-0.343961287491632,-0.324969552088457,0.0226119963738137,0.0263822765395282,0.00994071603216716,0.014727838481435,0.0063290282913472,0.0148589922829778,0.00736500877484511,0.0189584566637214
ENSMFAG00000035834,ENSMFAG00000035834,-0.301202130896729,-0.302466914253864,-0.323280793513987,-0.326970012480119,-0.341792541481357,-0.303804032405174,-0.316375076066522,-0.317836869959583,0.0432799498267393,0.0416574888071897,0.0184226104101377,0.018515962324437,0.0101334364211548,0.0299210469201072,0.0141424824898842,0.0222363138818247
ENSMFAG00000002207,PLS1,-0.342108041165135,-0.348656669179865,-0.379783903156066,-0.37203257654407,-0.391945311463646,-0.348493342922891,-0.397926281495401,-0.39179058525102,0.0222511884366254,0.0222238948413968,0.00670276710220578,0.00849860340334432,0.00355696884444095,0.0130067329725114,0.0022330412671684,0.00590457015523795
ENSMFAG00000002921,SLC9A9,-0.350554782322338,-0.328450238174329,-0.321730402006173,-0.30259576904773,-0.320809137634549,-0.30949155708753,-0.302928263120777,-0.330279015319365,0.0201228730032636,0.0284430533967811,0.019104755588523,0.0299280157864363,0.0161354255611496,0.0267562553868236,0.0190897009466506,0.0168462865654258
ENSMFAG00000002735,RNF13,-0.32086319701246,-0.316723032795922,-0.354445400706919,-0.340436283462615,-0.372963042032613,-0.339204303783513,-0.372480706692344,-0.344459329777541,0.0309708783087993,0.0328669015408869,0.0100699747872013,0.0141674149537168,0.00496855139650594,0.0149630688055261,0.00380743801585697,0.0127188609860111
ENSMFAG00000005982,P2RY1,-0.31411281109042,-0.323857553800865,-0.342041280524845,-0.339257639189779,-0.359057484101376,-0.33928942304821,-0.391426266613136,-0.351167113632843,0.0348663052868341,0.0302003368492532,0.0125144876092767,0.0144059389915554,0.00659864592827364,0.0149455397527895,0.00249054334312567,0.0114169756928463
ENSMFAG00000040611,TIPARP,-0.305532060408869,-0.311844322251891,-0.319673078117665,-0.329593223948474,-0.342047060436341,-0.305240765761421,-0.320947116767721,-0.306497939743365,0.0401325331534938,0.0352769116730078,0.0199209345888903,0.0175423830245176,0.0100543401196845,0.0291913206247395,0.0127316293945087,0.0280935378135452
ENSMFAG00000043312,ENSMFAG00000043312,-0.329490933935041,-0.328276551030028,-0.348040903483371,-0.336141725268268,-0.337421583968182,-0.324882781920888,-0.336550077334783,-0.343493922578737,0.0269037027521503,0.0284949232944611,0.0112086087658529,0.0153021692540832,0.0111939205284129,0.0193323886512226,0.00880413605943277,0.0129725176390043
ENSMFAG00000045911,TRIM59,-0.323631631789082,-0.304530126960176,-0.347898502904034,-0.332353276769761,-0.363465661504099,-0.331796182873325,-0.35056052311599,-0.33838794867122,0.0292183982325411,0.0401738210852742,0.0112421722284216,0.0165799658559854,0.00603831776055147,0.0171262595363135,0.00622999327704033,0.0143859926239015
ENSMFAG00000040128,CLDN11,-0.35523870101986,-0.342035223889744,-0.381557522480773,-0.366158273344221,-0.399228863042178,-0.373498539594526,-0.404502999577724,-0.378449414210713,0.0183030917667841,0.0237899525993447,0.00649655018354292,0.00937977508081389,0.00306959932131744,0.0084174628885656,0.00193527204816132,0.00738082305948889
ENSMFAG00000002954,PLD1,-0.368130591273228,-0.340915258745836,-0.359220208235395,-0.338602637717944,-0.367856315625802,-0.331727436422213,-0.334802063042908,-0.35941464199231,0.0153660171483781,0.0241534620417747,0.00917094167512382,0.0146720076031534,0.00554886371606285,0.0171434466480998,0.00918446500757758,0.00977549996151407
ENSMFAG00000038819,ENSMFAG00000038819,-0.368026412209773,-0.365584781021905,-0.372418527766282,-0.36836921029881,-0.374413322989062,-0.359738095809339,-0.357775776424923,-0.377785991114263,0.0153660171483781,0.0180059285019527,0.00735991616835417,0.00901008518925964,0.00485184767949712,0.0105490544509764,0.00527581047749809,0.00749841952706052
ENSMFAG00000000195,NAALADL2,-0.329203369935686,-0.320282999861664,-0.331354742273167,-0.324877116404957,-0.334435899009121,-0.32505270947027,-0.335490194517376,-0.323051251478642,0.0269625297223504,0.0318553046133857,0.0153393413103784,0.0192226675230768,0.0119278092423777,0.0193016412271833,0.00902780999106325,0.019807663032155
ENSMFAG00000046790,ENSMFAG00000046790,0.373092904731844,0.389837534094422,0.40567542780317,0.411993846441534,0.413105826850778,0.403867840615995,0.426254048377434,0.412161238423992,0.0140842565678575,0.0139354657844546,0.00464161409316462,0.00511570966344384,0.00247710750280599,0.00561695728870209,0.0013524038985933,0.00435002102653989
ENSMFAG00000044357,VPS8,-0.301900647240436,-0.311148082718618,-0.331913773447284,-0.340377747414114,-0.356304062556525,-0.321072211908408,-0.351422944943591,-0.318870311188672,0.0429211787260792,0.0355591371113637,0.0151676442577479,0.0141867018093905,0.00705006866864915,0.0208084947997763,0.00607992769261164,0.0217725494423052
ENSMFAG00000037943,TMEM41A,-0.350073633712979,-0.341071975700243,-0.358910613470352,-0.366545574828498,-0.388912188272794,-0.363291647276067,-0.369673854855882,-0.374648810734022,0.020215471735853,0.0241534620417747,0.00919824684573009,0.00932477492667296,0.00368523072148605,0.0100596695681952,0.0040202839494312,0.00785708391088543
ENSMFAG00000000774,MLH1,-0.331066032038352,-0.331390498829577,-0.349972770193353,-0.364956782608833,-0.390679102567237,-0.376973699040461,-0.377917421040319,-0.318727982678545,0.0264863075868513,0.0271252337616742,0.0108929465059217,0.00963365596151542,0.00363121805638602,0.00788910268591659,0.00337717022756974,0.0218057488038247
ENSMFAG00000030958,ENSMFAG00000030958,-0.317778456658694,-0.32440791926948,-0.321081605900951,-0.328438132386443,-0.327677132174343,-0.317133860573941,-0.329086389369846,-0.351050581366696,0.0327564849490815,0.030158196984128,0.0193592890484017,0.0179600730972392,0.0139026309927277,0.0229274769719394,0.0105459477471212,0.0114447201709612
ENSMFAG00000041701,MYD88,-0.327992071208171,-0.338290534464219,-0.347065908978198,-0.358117859483266,-0.364969284932726,-0.347759097993102,-0.3678356768793,-0.365308235513525,0.0274786566421161,0.024938200691009,0.0113092366450773,0.0108409191355845,0.00586579597002314,0.0131601699088543,0.00417050918761089,0.00898177040977446
ENSMFAG00000041121,MOBP,-0.325399458401586,-0.311460802920392,-0.354538620526303,-0.339564875582402,-0.377209235353402,-0.343911410713002,-0.372878454558314,-0.345230714181363,0.0286426682209027,0.0355128417901814,0.0100699747872013,0.0143354113329592,0.00460206560413644,0.013765527446929,0.00377430955895014,0.0126029738742026
ENSMFAG00000035705,ENSMFAG00000035705,-0.346364456060517,-0.332981669133415,-0.373359569690018,-0.361330407833848,-0.396130029015139,-0.360863587124889,-0.3894555856693,-0.368360885263735,0.0209918884936162,0.0264488951617593,0.00726157371950336,0.0102388437933941,0.00331377597475629,0.0103447422691096,0.00258005758383805,0.00870825265107414
ENSMFAG00000027150,ENSMFAG00000027150,-0.393782636459851,-0.382992020582849,-0.419696985180333,-0.39976975226837,-0.42356244665253,-0.393880616318106,-0.429302414058576,-0.412776809932845,0.0106630386196833,0.0143876404493387,0.00406176755166096,0.0057882686707581,0.00207836329665903,0.00629967096803916,0.00131908633624484,0.00435002102653989
ENSMFAG00000042613,ENSMFAG00000042613,-0.34567332422074,-0.347868684202629,-0.391266231913419,-0.38280538852866,-0.413068247333457,-0.377392780243347,-0.422403275395537,-0.386767472692905,0.0211003206555797,0.0222238948413968,0.00547908690148833,0.00740545648276643,0.00247710750280599,0.00785240097865445,0.00140326940553752,0.00645786756145395
ENSMFAG00000033228,PTH1R,-0.32630222267861,-0.320149575134181,-0.348996030213848,-0.340995331820393,-0.348285237987017,-0.317215994823962,-0.360611101200294,-0.361380723962862,0.0282576935438506,0.0318903378803911,0.0110700031424953,0.0140740936881994,0.00864929253199897,0.0228880889360301,0.00497248924939976,0.00955427784915996
ENSMFAG00000042154,ENSMFAG00000042154,-0.320382070257184,-0.337439320804022,-0.330142228544292,-0.343357222912915,-0.331764810172648,-0.340058138056142,-0.367765541804988,-0.334988093379431,0.0311624228548448,0.0251099040105115,0.0157584481822186,0.0136732537918569,0.0126360167796936,0.014743029799092,0.00417050918761089,0.0154021777280361
ENSMFAG00000031095,ENSMFAG00000031095,-0.312073196018998,-0.304989774155609,-0.345780560861129,-0.334535509542247,-0.367537280288231,-0.331515959009964,-0.361888459885203,-0.349821955850034,0.0363450002839545,0.0397976571440966,0.0116095350038204,0.0158174792717363,0.00556284051925203,0.0172539945958062,0.00481090970316172,0.0116406374844995
ENSMFAG00000039246,NME6,-0.314698508988011,-0.319160157207937,-0.350763737680266,-0.3571786681412,-0.377434297432869,-0.34700511345495,-0.368384013220228,-0.357231613681549,0.034639392538151,0.0322017307335285,0.0107579296914737,0.0109247080663691,0.00460206560413644,0.0132860753943497,0.00414011035560876,0.0102903623557795
ENSMFAG00000033625,DOCK3,0.337122777215653,0.339464243093395,0.356369207283988,0.364054297435269,0.384982045594593,0.345333072208193,0.376695004007148,0.367140159033417,0.0237990065942378,0.0245583473277733,0.00969313699022673,0.00975748983169133,0.00398389063118584,0.0135160794497297,0.00349069203264383,0.00880902311764648
ENSMFAG00000045888,GRM2,0.387525724042685,0.384597661157881,0.414472206571316,0.409096638755637,0.43963517530581,0.409519398785199,0.42732192338303,0.420108642650735,0.0117275963545515,0.0143876404493387,0.0042579444762936,0.00511570966344384,0.00162029221639426,0.00533869860211975,0.00133478072056176,0.00416508628863503
ENSMFAG00000003951,ENSMFAG00000003951,-0.328562546784925,-0.311155917113829,-0.35198229082127,-0.339835850318226,-0.373474223208929,-0.337649095518533,-0.361727458746492,-0.356571180541968,0.0271925498250738,0.0355591371113637,0.0105251397878829,0.0143042751804254,0.00491915109160702,0.0152309982760467,0.00482604051355702,0.010443345022859
ENSMFAG00000045064,SMIM4,-0.335474125037816,-0.332645733612462,-0.346058690880765,-0.357985885137651,-0.369179232198607,-0.357161297949743,-0.333120832465783,-0.335551065589034,0.0242859912838234,0.0264488951617593,0.0115176458760264,0.0108688587387862,0.00538128495760589,0.0110418111932308,0.00954989038758301,0.0152145913496574
ENSMFAG00000003641,NEK4,-0.329023332619041,-0.33103140193999,-0.37548502345294,-0.362324918987148,-0.392147991010735,-0.371009899777373,-0.412496423618474,-0.360521913086946,0.0270700769811398,0.027260447543281,0.00714208904476211,0.0100172916371923,0.00354779220905417,0.00867804840624493,0.00165663277230181,0.00965209089880923
ENSMFAG00000000466,PRKCD,0.308098160391031,0.317245000247974,0.362689414978962,0.36278514673399,0.385687448982867,0.359782935250711,0.40222630218605,0.354910762716192,0.0383922060179283,0.0326191343364003,0.00871543990414014,0.00994451322780838,0.00393161962805179,0.0105490544509764,0.00200835214496349,0.010724662724148
ENSMFAG00000003065,FLNB,-0.309785701013343,-0.327732038382006,-0.327945891529317,-0.318384469567495,-0.318493842153008,-0.320676108553635,-0.369483999386335,-0.328554353118859,0.0376151864786229,0.0287321368722675,0.0165629659741368,0.0217745692909667,0.0169271026591509,0.0210086676877663,0.0040450473215053,0.0175173733428903
ENSMFAG00000040109,FRMD4B,-0.337139187923711,-0.328035271174715,-0.36755788694852,-0.344750134778055,-0.377248034279103,-0.346335967270363,-0.391617021619864,-0.364544706633771,0.0237990065942378,0.028558805130708,0.00806008519536925,0.013454327504602,0.00460206560413644,0.0133553068848775,0.00248433335724004,0.00908530141631028
ENSMFAG00000038478,MITF,-0.318197725176607,-0.316578318220299,-0.362875300577095,-0.34634250162277,-0.378502543133721,-0.345078499012773,-0.391355752332992,-0.351914164427019,0.0324102392045356,0.0329145352549133,0.00867518151454379,0.0132048875030753,0.00454639938578527,0.0135778723938399,0.00249054334312567,0.0112047649642398
ENSMFAG00000040804,CHL1,0.368929739114987,0.35582091820414,0.385682651649376,0.370618207621847,0.389203197706772,0.362025507105889,0.39584713303594,0.408410955447745,0.0151672773018372,0.0199834793612846,0.00607177512238947,0.00873054665483776,0.00367096476000309,0.0101849716123842,0.00233847534792537,0.00468904280675455
ENSMFAG00000001088,CNTN6,0.359701965418291,0.335439844483712,0.331541275524526,0.318839746389378,0.31383945330033,0.324128461592444,0.311440337129313,0.365010049828558,0.0171402662783575,0.0257210835886035,0.0152853105068407,0.0216323843119767,0.0187635779340429,0.0195679270159853,0.0157223941120863,0.0090169344002497
ENSMFAG00000031919,CNTN4,0.375242737356533,0.375740244986172,0.405756253508351,0.392155709978007,0.402412284415535,0.407063308467913,0.445545545062482,0.406802390092069,0.013732773367759,0.0153183829709152,0.00464161409316462,0.0064220250361317,0.0029035061749192,0.00533869860211975,0.00113406659720671,0.00468904280675455
ENSMFAG00000033976,LMCD1,-0.357461296266638,-0.337953068734614,-0.351950404038482,-0.344579028720524,-0.364050752647922,-0.337921789965167,-0.348821225107335,-0.36586523097386,0.0177260118376491,0.025016167091396,0.0105272599319338,0.0134855317247405,0.00596138969475315,0.0152309982760467,0.00649987478182907,0.00889914681507409
ENSMFAG00000038577,MTMR14,-0.312834325114606,-0.318046276153846,-0.35776276707637,-0.347676857651115,-0.362158030185643,-0.341303274652442,-0.371109742305848,-0.360312160298912,0.035787781147505,0.0324694642961668,0.00935820748546694,0.0128898055714483,0.00621675260196898,0.0145490451197249,0.0038842891157541,0.00965209089880923
ENSMFAG00000030336,HRH1,0.358902592215753,0.327518401479526,0.334812589359082,0.312863329509978,0.329812361469859,0.304699062292836,0.307629723639313,0.371879192383964,0.0173795652175368,0.0287615548974607,0.0144469057597323,0.0245183425123407,0.0131995096412199,0.0294586206902966,0.0171031507727536,0.00830302743321598
ENSMFAG00000044809,WNT7A,0.361669138032251,0.370340248805946,0.389606383533051,0.386795445893213,0.395216493003081,0.392977176744856,0.426380463959735,0.39206198667885,0.0168873048922713,0.0164175645567561,0.00563036723907288,0.00688252515598668,0.00340204183187562,0.00644647398137181,0.00135216291251401,0.00590457015523795
ENSMFAG00000037368,PLXNA1,0.415110718982364,0.418946369239042,0.448721275805463,0.44479778818379,0.466461392562883,0.448306404460585,0.480814800528214,0.450778336762255,0.00847617198139287,0.0105023800390729,0.00297587411321407,0.00308114845768266,0.000989888136387945,0.00389764152631543,0.00062700957908818,0.00314583698721734
ENSMFAG00000006791,CHCHD6,0.347046469301681,0.358944087852215,0.402866842586523,0.401680054458851,0.425123783283783,0.396941642714487,0.446740271597927,0.386971173218979,0.0207163995310205,0.0197673751555277,0.00484384964674201,0.00561256092414266,0.00205961791324809,0.00610929962654093,0.00113406659720671,0.00645526469287797
ENSMFAG00000036133,FSTL1,-0.332434129168858,-0.340536854013252,-0.373286159708805,-0.368198634816447,-0.387358697929037,-0.359651956699703,-0.40588365435112,-0.37680531625048,0.0258350156758515,0.024259145635989,0.00726750535470054,0.00904260123039517,0.00381925386340315,0.0105609671193638,0.00187722744301943,0.00760947286554532
ENSMFAG00000001715,UPK1B,-0.337795950641479,-0.356834195867224,-0.364648483866803,-0.36951014296008,-0.379383362089834,-0.379106147692222,-0.38289062919641,-0.355347267679976,0.0235753594251687,0.0197697116964416,0.00844062692414025,0.00888255162114893,0.00447972037355786,0.00775975699167519,0.0030155645449528,0.0106371513900796
ENSMFAG00000029911,IGSF11,-0.32580238209307,-0.331940793212646,-0.324791987466215,-0.314098101415631,-0.316098240366187,-0.315480538064328,-0.345758211430463,-0.32600033145389,0.02858317727702,0.0268627469087774,0.0176417669282026,0.0238314854948144,0.0179381208858815,0.0235836869649627,0.00702966591469279,0.0185131432887563
ENSMFAG00000041003,GAP43,0.338160545003781,0.343215219100676,0.373540893757646,0.373299608016541,0.386494873202472,0.371205186303156,0.408548565184145,0.365585324286239,0.0234405424063457,0.0235974534110451,0.00725229561428914,0.00816030959243807,0.00388734089071919,0.00867804840624493,0.00177315614993392,0.0089494312712023
ENSMFAG00000031280,SIDT1,0.336649107750413,0.337550263193814,0.361349735286231,0.357294223058418,0.377898904061881,0.347312914412467,0.378413728774241,0.368209854542838,0.023917989711373,0.0251099040105115,0.00887935918764993,0.0109247080663691,0.00460206560413644,0.0132176983496539,0.00335766774514155,0.00870825265107414
ENSMFAG00000001084,NECTIN3,0.431229916581745,0.388643994593208,0.383320672260563,0.370014206406654,0.378836277694958,0.363488000245038,0.332030935382716,0.434490202602192,0.00712772398814552,0.0139736147847816,0.00633012295641881,0.00886188437929334,0.0045298578766114,0.0100563846976497,0.00980062116115362,0.00382844231003148
ENSMFAG00000003460,MORC1,0.309641917528526,0.303008824401659,0.33317037760811,0.309384221684062,0.330002428889591,0.321938477510401,0.352799334316605,0.329767065154124,0.0376205461065571,0.0410540821995891,0.0147774577847586,0.0262019028540499,0.0131514560409362,0.0204955219088046,0.00589857631656375,0.0170484932466856
ENSMFAG00000025111,NXPE3,-0.324771561000663,-0.323540967571367,-0.358285060815333,-0.342101029793333,-0.37434486501631,-0.328326173873072,-0.380753130394701,-0.36287806087945,0.0288349117827934,0.0302978449197368,0.00926395594543902,0.0137704816493291,0.00485376981610971,0.0182335949534549,0.00316445600810064,0.00936040612008541
ENSMFAG00000046645,ENSMFAG00000046645,-0.321600868453225,-0.322521445885009,-0.362169668224484,-0.344157731210487,-0.365333360894902,-0.33680090787009,-0.361314885635651,-0.351384275703919,0.0305317364037961,0.0306249291659222,0.00876311196405102,0.0135421341822054,0.00582671475461984,0.0154837189554408,0.00487493118572465,0.0113429435519613
ENSMFAG00000041563,CLDND1,-0.339220399264576,-0.324617879149581,-0.360320304976667,-0.346955842852846,-0.378354350796212,-0.345661316058991,-0.367635653831738,-0.357490711586948,0.0229791898022185,0.0301432111158428,0.00901028600176204,0.013076499945009,0.00455628809967109,0.0134585255697248,0.00417050918761089,0.0102153921306146
ENSMFAG00000045545,C3orf38,-0.32379558616926,-0.328352473152844,-0.346426628694596,-0.351252199108728,-0.363712009478558,-0.355263189515463,-0.340558834557124,-0.326230126377846,0.0290768655811032,0.0284828146285622,0.0114580402695137,0.0120582740876638,0.00600010361898411,0.0113398458606158,0.00799846915052221,0.0184351776340921
ENSMFAG00000031190,POU1F1,-0.390025498929881,-0.384135479100511,-0.391604470755429,-0.38054272884616,-0.388713931868822,-0.375649748782324,-0.393270827551081,-0.405407006303097,0.0113560038032537,0.0143876404493387,0.00547908690148833,0.00751299062999087,0.00370484495139983,0.00803250055218087,0.00243184179764221,0.00468904280675455
ENSMFAG00000037016,ROBO1,0.344440118655433,0.346177976053614,0.388143779290734,0.378623725548753,0.396034021813233,0.383541804635377,0.424218209871017,0.391839019381851,0.0215348842681315,0.0222238948413968,0.00575289359412489,0.007587437256191,0.00332083883785413,0.00709742929121529,0.00136543120434327,0.00590457015523795
ENSMFAG00000033124,S100B,-0.340388835348315,-0.325024366443298,-0.328728697077914,-0.32788148225453,-0.338425379316089,-0.334951369166781,-0.330825945168983,-0.336773361678827,0.022705760335435,0.0300272766267467,0.0163121907350965,0.0181793632230485,0.0109405391068263,0.0160470149252813,0.010060137250196,0.014946165449942
ENSMFAG00000034060,LSS,0.310237921725214,0.32911586123187,0.368869476595708,0.364666651168857,0.389028390623477,0.384952657111848,0.42868792871675,0.340931037502484,0.037395685002186,0.0282091385350778,0.00791083663756295,0.00967116433261363,0.00367718377265126,0.00695240343770644,0.00132607314356981,0.0135674201686636
ENSMFAG00000037615,FAM207A,0.311353058377024,0.325034710903554,0.33930166721598,0.347917408742656,0.367280976625457,0.339597650126655,0.369846677220502,0.312480761756132,0.0366067253905026,0.0300272766267467,0.0132373103626183,0.0128530716198227,0.00558900503121853,0.0148662042604806,0.00400349751118434,0.0250346195140936
ENSMFAG00000037062,PFKL,0.347524647840589,0.347349971245113,0.388613458762926,0.380991893365287,0.409477345256772,0.37912677474436,0.407852061415036,0.376118090945981,0.0205781712244744,0.0222238948413968,0.00570613888405207,0.00749325055713321,0.00260581304610562,0.00775975699167519,0.00181916871137315,0.00760947286554532
ENSMFAG00000040533,ENSMFAG00000040533,0.353575001911795,0.336806705116347,0.379483368955475,0.363939438944537,0.389672430687714,0.362326420409088,0.373327770011854,0.379570315969327,0.0189287829800352,0.0252548786737916,0.00671991232720309,0.00976539935981153,0.00366821711166488,0.0101219627433784,0.00373822102288882,0.00724909621177187
ENSMFAG00000035347,ABCG1,-0.340288023042561,-0.326091192886098,-0.343756170582921,-0.337814475248055,-0.352819779043576,-0.34098822748989,-0.341772194496096,-0.353902085324967,0.0227272668816295,0.0295710349172985,0.0120732319576068,0.0148349728846305,0.00772321295595608,0.014574515689522,0.00777023263966675,0.0109029089744589
ENSMFAG00000044571,RIPK4,-0.416491382575759,-0.399902378206589,-0.408211170344166,-0.410958048535685,-0.423901596475317,-0.382152032953131,-0.380248319364461,-0.428709275413382,0.00847617198139287,0.012555340462363,0.00460576104877369,0.00511570966344384,0.00207836329665903,0.0072380649893571,0.00320062822073082,0.00407677128083624
ENSMFAG00000044952,TMPRSS2,-0.316560637768439,-0.324303663507421,-0.337323158003211,-0.349969332514917,-0.35536779756924,-0.359336664857173,-0.356513663683696,-0.337292386879609,0.0333468872953484,0.030158196984128,0.0137396673878244,0.0123530770393612,0.00720099039456391,0.010581941798515,0.00541511394540555,0.0147368263048424
ENSMFAG00000040808,OLIG2,-0.352672127497426,-0.324465803787723,-0.345406253745895,-0.32786989104919,-0.36451191503666,-0.323407580130858,-0.335866237992417,-0.376060883606847,0.0192384280287236,0.030158196984128,0.0116992806610777,0.0181793632230485,0.00590119871700127,0.0199170354150194,0.00897262624692816,0.00761190836933127
ENSMFAG00000030209,ENSMFAG00000030209,-0.408683023831537,-0.379879701763747,-0.392420621433579,-0.376214350203529,-0.390783178584627,-0.379542553167264,-0.363096365101765,-0.384820282559808,0.00924061333929195,0.0143876404493387,0.00547908690148833,0.00778782514918062,0.00362910640705976,0.00768940751131122,0.00467873525441867,0.00659735488540501
ENSMFAG00000002479,APP,0.349270366932018,0.3582371137518,0.366101922097872,0.379552054474655,0.385513823972789,0.381349560287642,0.393236705230993,0.36698976790959,0.0202959663362833,0.0197673751555277,0.0082841169564169,0.00751299062999087,0.00395148529219649,0.00735937121675723,0.00243184179764221,0.00885051812205385
ENSMFAG00000002241,C21orf91,-0.350415146006295,-0.333869664929198,-0.36850658095341,-0.353895566567066,-0.384716072679102,-0.362685587267544,-0.377585819384482,-0.354328550538465,0.0201571807658423,0.0261444024327261,0.00792899835433792,0.0115903205120912,0.00399830245842177,0.0101153520005299,0.00341262625460762,0.0108743379785426
ENSMFAG00000046541,ENSMFAG00000046541,-0.365607276595815,-0.350095615192548,-0.373711725836551,-0.351771725113203,-0.382151830769561,-0.352207208893519,-0.381165948599305,-0.374670816561098,0.0159475505761348,0.0216302878812085,0.00724517834194762,0.0119353174626887,0.00425092423509216,0.0119518083421605,0.00314572124469512,0.00785708391088543
ENSMFAG00000045320,INTS1,0.311929061496792,0.321053446217343,0.33891043837014,0.352018703181172,0.360476713878324,0.360054955556409,0.361753710304959,0.313606467112709,0.0364337316645696,0.0313359118817477,0.0133260704528285,0.0119353174626887,0.00644756673581331,0.0105206246668345,0.00482604051355702,0.024437718900383
ENSMFAG00000045790,MAFK,0.324938482306212,0.334055896937183,0.349117842422116,0.341263025432003,0.360627740206734,0.345628091896333,0.38171651240634,0.341771316370774,0.0288349117827934,0.0261012633029912,0.0110700031424953,0.0140023916853148,0.00644756673581331,0.0134585255697248,0.00311060444092126,0.0133208585398097
ENSMFAG00000046850,ENSMFAG00000046850,0.356396181733982,0.351834761492911,0.37747392786865,0.384583196555688,0.398695517772805,0.383949329996632,0.381282845216891,0.363280912643598,0.0179032187483185,0.0212934784692732,0.00691452963489165,0.00713569137222848,0.00310640332451793,0.00704000138791449,0.0031401275911833,0.00927369724706823
ENSMFAG00000006394,ELFN1,0.396394516540879,0.398406946292341,0.431365374562836,0.421411665969328,0.447395783235946,0.41625696415606,0.436215275199992,0.411593403217011,0.0102083654980867,0.013075043767625,0.00359425061993855,0.00431445451282755,0.00137803028004512,0.00482863426350878,0.00115256328772125,0.00435002102653989
ENSMFAG00000009198,TTYH3,0.361569601784664,0.3801094904923,0.416952614870411,0.420900326556253,0.441155355218411,0.417039870364286,0.468044997623418,0.393627434814446,0.0168873048922713,0.0143876404493387,0.00423470309501476,0.00433912827096526,0.00154951809363773,0.00482863426350878,0.000853186609632236,0.00571879174289046
ENSMFAG00000045552,AMZ1,0.308436402354192,0.323316388720916,0.370964219448972,0.367944838319955,0.393457918689656,0.372215965735516,0.420426185399322,0.351101072691693,0.0381710380598303,0.0303283438105209,0.00757845861021087,0.00909337528468033,0.00344542261320149,0.00853531074622727,0.00145628721088437,0.011434437335862
ENSMFAG00000032698,SDK1,0.457134172455908,0.436904666677467,0.452712542959276,0.451657809804753,0.468027064908375,0.442435463916317,0.440511743768543,0.472693250309461,0.00456719203616751,0.00763957381952836,0.00281818541043335,0.00295507918739082,0.000989888136387945,0.00389785553487244,0.00113406659720671,0.00181503932099458
ENSMFAG00000041637,FBXL18,0.398719468954045,0.396314691608262,0.425315328572482,0.429989764653353,0.445285848054338,0.436551498616591,0.446046578381348,0.393847839622889,0.0100301109757747,0.013075043767625,0.00374742528908521,0.00369342722108385,0.00144457868667197,0.00389785553487244,0.00113406659720671,0.00571879174289046
ENSMFAG00000039583,NPTX2,0.331984575052687,0.3509652594551,0.392585229001941,0.397235099369109,0.41874300743652,0.384527539235991,0.442782711674011,0.368444145380016,0.0259045845168546,0.0214889719013142,0.00547908690148833,0.00594596400800248,0.00225152724489699,0.00697401543769973,0.00113406659720671,0.00870825265107414
ENSMFAG00000040311,TMEM130,0.309721916022823,0.326881811761695,0.373585269995747,0.367267223480174,0.389638352697481,0.368190551851242,0.42872300764027,0.360725842554066,0.0376151864786229,0.0291352293501984,0.00725229561428914,0.00918910196116814,0.00366821711166488,0.00928649542413711,0.00132607314356981,0.00964244240420623
ENSMFAG00000030614,ZKSCAN1,-0.332491339530526,-0.314403844316217,-0.346843563190232,-0.325236786154683,-0.353995223720822,-0.310674742725955,-0.331876147568749,-0.348521217143419,0.0258350156758515,0.0341750168984569,0.0113462866417175,0.0191005982900664,0.00749072825718418,0.0260729804838455,0.00982786450071732,0.0118174928576924
ENSMFAG00000043988,MCM7,-0.357948406638411,-0.357818793325892,-0.400688098399545,-0.394873080356198,-0.422686353496073,-0.396515374743771,-0.435348774219059,-0.379294414561449,0.0176160633159652,0.0197697116964416,0.00498536719374568,0.00608898145304985,0.00210444929684845,0.00610929962654093,0.0011780200020088,0.00728609637196469
ENSMFAG00000039580,NYAP1,0.338507605494185,0.350804808618756,0.377220186245241,0.371555169701654,0.393942966838268,0.374200811586652,0.418632674074956,0.352234483828337,0.0232927492092521,0.0214889719013142,0.00691452963489165,0.00860569018393992,0.00341864237727009,0.00825854292724133,0.00150212803683608,0.0111374759773743
ENSMFAG00000030473,AP1S1,0.338440711066646,0.344931366799849,0.381707229652179,0.376288291699433,0.398181181274164,0.372587396246632,0.413792980815987,0.365404295780637,0.0233181431197416,0.0227918326091204,0.00648783535401574,0.00778782514918062,0.00313226223602299,0.00848601295488194,0.00159531875942805,0.00897439069155001
ENSMFAG00000038574,YWHAG,0.315649694548998,0.341460527771798,0.361983266584263,0.365512781656939,0.369313680640026,0.368562973013767,0.416639539196502,0.348961931152892,0.0339122024442655,0.0239696629869087,0.00879184747864467,0.00949048017538031,0.00537237288645009,0.00920938953456357,0.00150977439093755,0.0117617418079769
ENSMFAG00000038378,VPS37D,0.311421919998766,0.310672192668366,0.346717370658236,0.330756175158555,0.355603762547383,0.328987643905893,0.373465277220785,0.345093136747421,0.0365658461183443,0.035866420265906,0.0113582676246106,0.0170992817630741,0.00716227786477835,0.0180849814107307,0.00373822102288882,0.0126029738742026
ENSMFAG00000036390,STX1A,0.331384259447014,0.331532160015259,0.35644763877946,0.347868522658808,0.374727348496775,0.326013002312584,0.376141029998199,0.36206149632579,0.0262638998234247,0.0270638942620711,0.00969217477698234,0.0128530716198227,0.00482327186804133,0.0190713409491169,0.0035366250302505,0.00945250155199781
ENSMFAG00000045782,TMEM270,-0.357065071809418,-0.357512944821019,-0.370449208967488,-0.365803849404165,-0.367637646062405,-0.36420043640848,-0.364310843477479,-0.366411687170983,0.0179032187483185,0.0197697116964416,0.00767158595714848,0.00942277303069148,0.00555925441807601,0.00994729514920254,0.00455020543300448,0.00887971791593918
ENSMFAG00000035434,COBL,0.317401841917132,0.319283166781909,0.334200954412513,0.364712352246128,0.368622502880636,0.359825630376313,0.357789455421956,0.333353749031794,0.0329374697685749,0.0321872228722562,0.0145801155227271,0.00967116433261363,0.00546131622455913,0.0105490544509764,0.00527581047749809,0.0158704909125356
ENSMFAG00000042307,MYO1G,0.321660463143223,0.331818323127129,0.371838113750599,0.361280376242349,0.382043747156128,0.362737195146998,0.415555601336181,0.376405067603889,0.0305079713616841,0.0269202567458335,0.00741364851448968,0.0102388437933941,0.00425144323083197,0.0101153520005299,0.00154180597661318,0.00760947286554532
ENSMFAG00000039026,COA1,0.30264804814727,0.316219276183036,0.34183817882456,0.34209671082525,0.359571845967178,0.341836718916601,0.374391553615942,0.353971780232166,0.0423165938871157,0.0330929498115969,0.0125787053797768,0.0137704816493291,0.00654361819847649,0.0144433361804427,0.00366310075493364,0.0109029089744589
ENSMFAG00000043073,STK17A,0.343913044907749,0.346488798242354,0.377447934286795,0.389205023534323,0.406674125322202,0.379604263385071,0.402343587636269,0.380637206875425,0.0217532377317531,0.0222238948413968,0.00691452963489165,0.00659657741199757,0.00272243938406226,0.00768940751131122,0.00200835214496349,0.00705022126037767
ENSMFAG00000043400,SUGCT,-0.308955902978884,-0.321954205496769,-0.305071617680173,-0.323841424361879,-0.3063358926151,-0.319954503282,-0.319036674458575,-0.312288358352993,0.0378856558655983,0.0307792651497282,0.0269461980194926,0.0195626476158845,0.0220581117307192,0.021375246302522,0.0133169292749168,0.0250978799671123
ENSMFAG00000045618,ANLN,-0.329497934902896,-0.314504735067199,-0.358216347342742,-0.341111013857338,-0.379985869243351,-0.344245367311852,-0.368315991938856,-0.344157214854821,0.0269037027521503,0.0341404282998092,0.00926395594543902,0.0140606782828079,0.00442072377116413,0.0137647973673732,0.00414194405754525,0.0128212016189953
ENSMFAG00000044089,EEPD1,-0.331986789323147,-0.337744230515467,-0.362979216007024,-0.368624391664707,-0.387314059972381,-0.349100895270298,-0.375179468670143,-0.370469253780633,0.0259045845168546,0.0250575569399872,0.00866963139082234,0.00899558527013176,0.00382006355795906,0.0128085007728138,0.00360597557128402,0.00853293461489877
ENSMFAG00000040833,NPSR1,0.410636563199485,0.380236340528347,0.414410266891017,0.3967533444515,0.419891060425476,0.402291873262996,0.393045972326565,0.42518439364379,0.00883787184096524,0.0143876404493387,0.0042579444762936,0.00594596400800248,0.00218805680506167,0.00580717356524768,0.00243184179764221,0.00407677128083624
ENSMFAG00000032555,FKBP9,0.319363397069606,0.33128202035869,0.36832293444017,0.356011555776601,0.381469609149924,0.352203615807492,0.407141545764824,0.357155737352125,0.0316831936301558,0.0271589910456978,0.00793695642633685,0.0110717609857897,0.00428683977966112,0.0119518083421605,0.00183698568442981,0.0102953539699096
ENSMFAG00000000805,ITPRID1,-0.353706900674888,-0.342146533225413,-0.352737957016876,-0.357816884889176,-0.366770160653655,-0.332749453724504,-0.348380060057317,-0.36167565506371,0.0189287829800352,0.0237895776082706,0.0103884149136316,0.010882260969816,0.00563287501033509,0.0168600257648588,0.00658324270335384,0.00953944427111644
ENSMFAG00000025612,NEUROD6,0.396208456620037,0.395271008694344,0.415313824679572,0.406695465173685,0.422976511334758,0.402315132502805,0.43239682815424,0.432464794812159,0.0102083654980867,0.0133195302930201,0.0042579444762936,0.00521284988941853,0.00210444929684845,0.00580717356524768,0.00123804676841463,0.0038991411036869
ENSMFAG00000027809,ENSMFAG00000027809,0.341055822029078,0.349024710385761,0.374308309393928,0.376343052289844,0.400796696623546,0.406419225880955,0.418936770459742,0.36509261658502,0.0225681336753869,0.0220136909166583,0.00715313402636332,0.00778782514918062,0.00300444372964835,0.00533889872368679,0.00149855376569616,0.00900577336042748
ENSMFAG00000001391,CDCA7L,-0.329800748799941,-0.318910182625205,-0.364452452651991,-0.35275294741669,-0.385776450039419,-0.357154359446992,-0.387002404812574,-0.342360108277483,0.0268419445466614,0.0322059108568179,0.00846653870295416,0.0117980372496874,0.00393161962805179,0.0110418111932308,0.00272719184047686,0.0131125283303552
ENSMFAG00000001797,LRRC72,0.358687148543538,0.336290549698361,0.347740918887928,0.325097287383343,0.328898890184787,0.325834058703476,0.328511939546804,0.375097547543246,0.0174491869640912,0.025423936292649,0.0112743242148892,0.0191506392850867,0.0134673428154734,0.0190825925964332,0.010690279299586,0.00776555804580654
ENSMFAG00000042148,DGKB,0.390376458228041,0.34670982900704,0.362646780280238,0.339414758784901,0.360546988843972,0.319278130622291,0.307298980001849,0.406110142982945,0.0113416249751617,0.0222238948413968,0.00871878129759424,0.0143798204350393,0.00644756673581331,0.0216558986071933,0.0172277745405899,0.00468904280675455
ENSMFAG00000037896,SLC25A13,-0.337141695704534,-0.323157975735866,-0.358013978876347,-0.351277322072723,-0.378337384618048,-0.346617515406874,-0.360435053522859,-0.353617604886262,0.0237990065942378,0.0303801561175806,0.00927781560481305,0.0120582740876638,0.00455628809967109,0.0133484416618059,0.0049834540443357,0.010970930800134
ENSMFAG00000040224,ANKIB1,-0.320304194338058,-0.310609932283761,-0.337275785954201,-0.313591958891872,-0.337288977426047,-0.321400406820187,-0.333430658032186,-0.327709002129696,0.0312214212516888,0.035866420265906,0.0137396673878244,0.0241374065107087,0.0112140580371811,0.0207131364539869,0.00949133533170922,0.0178164094578203
ENSMFAG00000032600,LRRD1,-0.310033752003898,-0.313829011114231,-0.336198619623833,-0.338960587497223,-0.334179383044952,-0.32976746345024,-0.356900210799017,-0.332252441186067,0.0375465727128203,0.0345096122917638,0.014039637024951,0.0145473332748197,0.0120009966072009,0.017810966476218,0.005365786975829,0.0162173260858806
ENSMFAG00000041581,PRKAR2B,0.344347108437539,0.363493998365161,0.379663426598243,0.39402964146296,0.410073510384008,0.40514576321511,0.428646778543358,0.355263916014251,0.0215348842681315,0.0182968036536033,0.00670276710220578,0.0061560044424031,0.00260581304610562,0.0054728150782726,0.00132607314356981,0.0106371513900796
ENSMFAG00000030375,HBP1,-0.323508711635991,-0.332930598558979,-0.376763883595423,-0.372906069219479,-0.3996497378294,-0.372782283004091,-0.417318447776192,-0.352115705942381,0.0292331730711422,0.0264488951617593,0.00693179129783044,0.00828410369889574,0.00306959932131744,0.00847336650365794,0.00150977439093755,0.0111652664342031
ENSMFAG00000039255,CTTNBP2,-0.319809961305014,-0.312288156783442,-0.350937629449074,-0.341533883421411,-0.365112085266346,-0.329699181499942,-0.358232512719386,-0.346806430204287,0.0314796457603475,0.0351372840538474,0.0107570530360096,0.0139603651463016,0.00585584394491261,0.017810966476218,0.00523886686067373,0.0123140389314953
ENSMFAG00000038411,AASS,-0.341876980121775,-0.349445124835311,-0.3587966104251,-0.362922789119679,-0.374619835046417,-0.356079097745635,-0.384307586218545,-0.347275944788421,0.0223149253998366,0.0218467399881274,0.00921551440539123,0.00991912551065337,0.00482704335180588,0.0112239979877686,0.00291005588041895,0.0121843990415245
ENSMFAG00000001934,FLNC,-0.359884872936565,-0.345918853700246,-0.372560585990674,-0.367409001641446,-0.389398898777738,-0.374696060204533,-0.393670107008316,-0.361456842168273,0.0171059509754554,0.0223412634834913,0.0073500146646732,0.00916674003762741,0.00367096476000309,0.00818989909834324,0.00242632163481811,0.00955427784915996
ENSMFAG00000037942,ENSMFAG00000037942,-0.415196450532855,-0.390933970775328,-0.400756988248692,-0.385442733819365,-0.402376773613317,-0.387582362257871,-0.380288355031009,-0.397070876092051,0.00847617198139287,0.0139354657844546,0.00498536719374568,0.0070693513025984,0.0029035061749192,0.00668292898684881,0.00320062822073082,0.00544640002636184
ENSMFAG00000039710,MKLN1,-0.307018020001962,-0.323410743519657,-0.349630965984228,-0.342468634399717,-0.363071227586991,-0.342697660533091,-0.393783413700232,-0.330586148907916,0.0390111452527967,0.0303283438105209,0.0109675071842361,0.0137251544215719,0.00607815739949901,0.0141171860285333,0.00242106892762574,0.0167564952347404
ENSMFAG00000037733,NUP205,-0.378493922128564,-0.386562525410738,-0.422350397933569,-0.416733071652432,-0.436095226449583,-0.412552529840007,-0.438263418258908,-0.397721601039073,0.0131174467252699,0.0140923644037309,0.00390849265643667,0.00475861512940791,0.00171001381504247,0.00510998826451847,0.00113406659720671,0.00543178444035054
ENSMFAG00000035831,CREB3L2,-0.392883997968801,-0.390507391299939,-0.405336955255609,-0.388048527150598,-0.400513175342997,-0.397128396785125,-0.416663602047501,-0.405305455455771,0.0108213499831039,0.0139354657844546,0.00464161409316462,0.00671548137728615,0.00300444372964835,0.00610929962654093,0.00150977439093755,0.00468904280675455
ENSMFAG00000030533,ENSMFAG00000030533,0.36563825657851,0.360941389562865,0.372979768483361,0.377735184539193,0.400887288262883,0.359609771575681,0.380139314589351,0.394548197221342,0.0159475505761348,0.0190145387911683,0.00729235113212013,0.00763640491769139,0.00300444372964835,0.0105609671193638,0.00321264533714184,0.00569031067846312
ENSMFAG00000046305,KIAA1549,0.324257139763762,0.318176002778697,0.347194725812636,0.340793187802496,0.370012618295094,0.329665351089515,0.360613127619224,0.361220058128377,0.0290193584595772,0.0324358166627349,0.0112837813826353,0.0140819246733407,0.00529508658957468,0.017810966476218,0.00497248924939976,0.00959548440314451
ENSMFAG00000038757,SLC37A3,0.332347670102931,0.346515628366177,0.373474337783364,0.368450107965656,0.389001171928979,0.387631449253115,0.426843874107685,0.362097619011862,0.0258537903438705,0.0222238948413968,0.00725229561428914,0.00901008518925964,0.00367718377265126,0.00668292898684881,0.00134746508518958,0.00945250155199781
ENSMFAG00000038110,ENSMFAG00000038110,-0.324758217546946,-0.32921622529456,-0.362949065537212,-0.35576234750748,-0.371446237575013,-0.334698751473155,-0.389049136391049,-0.364489781480932,0.0288349117827934,0.0282091385350778,0.00866963139082234,0.0111123915089402,0.00515216168014104,0.016175901632901,0.00260096590790175,0.00909198161224818
ENSMFAG00000002821,SLC4A2,-0.305187028250832,-0.303573858321477,-0.327258448223471,-0.312792507346727,-0.333975441704427,-0.305356121703708,-0.335604337835617,-0.339875759408293,0.0404799952608233,0.0406752135133042,0.0167148577979964,0.0245422713507675,0.0120636063114668,0.0291566812481957,0.00902354351686594,0.013874668298361
ENSMFAG00000034582,AGAP3,0.336953742152844,0.348096059953234,0.393256738393354,0.385772827415012,0.403653008906567,0.382844335697189,0.438196833575624,0.37508557750618,0.0237990065942378,0.0222238948413968,0.00540795811121272,0.00703812076268371,0.00285007200262508,0.00715174030840066,0.00113406659720671,0.00776555804580654
ENSMFAG00000034566,ENSMFAG00000034566,0.303586221766687,0.316933960472428,0.359301580604382,0.353683542093549,0.381817631188214,0.346527246248754,0.405484047860357,0.347688424921957,0.0416189506592301,0.032812199152298,0.00916348358935928,0.011643683280999,0.00425396251845471,0.0133553068848775,0.0019056863920416,0.0120457096953734
ENSMFAG00000033330,ESYT2,0.329286334871334,0.319819275661967,0.35235495052881,0.343396664376006,0.377382074682986,0.345329631418324,0.36015995126441,0.360285632729669,0.026957685195193,0.032148846418842,0.0104700160290949,0.013665723880692,0.00460206560413644,0.0135160794497297,0.00501892548797314,0.00965209089880923
ENSMFAG00000033335,PIGG,0.327609344494222,0.315103079999571,0.349259066220124,0.327749534399628,0.359255644960697,0.339071631761227,0.342060256631581,0.344356408227503,0.0277389271898432,0.0338088286370012,0.0110494320289679,0.0182079196640737,0.00657139450546221,0.015012046528356,0.00770342396345053,0.0127452406676541
ENSMFAG00000039102,PDE6B,0.387090057384232,0.38790228310397,0.42805504267549,0.422659632160334,0.445046108963977,0.423937088762699,0.447423550200023,0.411530892595716,0.0117707422423983,0.0139736147847816,0.00359425061993855,0.00427961834962833,0.00144457868667197,0.00446003746818047,0.00113406659720671,0.00435002102653989
ENSMFAG00000044152,SLC49A3,0.321169973400566,0.331550518074376,0.368503496629543,0.359376040984638,0.389332946983228,0.358946094189413,0.396382208825405,0.354655920389642,0.0308069207807538,0.0270638942620711,0.00792899835433792,0.0105646042181906,0.00367096476000309,0.0106730502884986,0.00231712913489965,0.0107696418983894
ENSMFAG00000001244,PCGF3,0.373243037969751,0.374258811205825,0.400653702706414,0.401371215112532,0.422274154946728,0.392336436572946,0.425125085608802,0.4061165092768,0.0140842565678575,0.0158105052845365,0.00498536719374568,0.00561256092414266,0.00210444929684845,0.00644647398137181,0.0013622809414722,0.00468904280675455
ENSMFAG00000038858,FAM53A,0.301025394149408,0.304223511518066,0.317058932383784,0.321220659801094,0.336167831930935,0.306842901695261,0.325220592792039,0.299583442994799,0.0433577268486539,0.0402791875166458,0.0210157872216478,0.0206608896103954,0.0115091147655597,0.0281451142069003,0.0115682578902987,0.0324081015719897
ENSMFAG00000024452,RF02136,0.323955526266686,0.33611567608253,0.313012783348064,0.32800873585936,0.322656264423439,0.309597619295585,0.330824961372284,0.327329559374076,0.0290475427962065,0.025478700934995,0.0228276647088773,0.0181518096551099,0.0154693852610283,0.0267009256364119,0.010060137250196,0.0179457897885913
ENSMFAG00000030979,MSANTD1,0.304439919339451,0.311149603894895,0.342606949325233,0.349703051900353,0.375091029469162,0.331226296703584,0.357910819966997,0.335740666586222,0.0408816959551625,0.0355591371113637,0.0123112050508988,0.0124219715917021,0.00481514731593715,0.0173015557503992,0.00527033591414723,0.0151606675268324
ENSMFAG00000043258,TMEM128,-0.315125903123468,-0.311310818165572,-0.339069101560094,-0.344796477603836,-0.364033935576346,-0.33862824811759,-0.350139689135779,-0.344505869899979,0.0343498834177498,0.0355459433540563,0.0132658610594964,0.013446340093975,0.00596138969475315,0.0151077821827269,0.00630488202406679,0.0127188609860111
ENSMFAG00000034637,ENSMFAG00000034637,-0.310084084179923,-0.317310704814195,-0.351885837538584,-0.344628813993201,-0.360606816565351,-0.347261570279277,-0.389554247765137,-0.34604065161179,0.0375097169792527,0.0326191343364003,0.0105332832842296,0.0134855317247405,0.00644756673581331,0.0132176983496539,0.00257188699138969,0.0124117828946976
ENSMFAG00000034115,CD38,-0.403831078496648,-0.376263189651069,-0.404943403068655,-0.394198241021465,-0.414157539855652,-0.395781472318339,-0.408701673420797,-0.410803552859817,0.00970277396239592,0.0151336659464427,0.00464161409316462,0.00613236389482091,0.00243487593268116,0.00611240475755148,0.00177315614993392,0.00442106501535597
ENSMFAG00000039731,QDPR,-0.311103496754964,-0.300068238376835,-0.341415985322135,-0.326352773314755,-0.359403860922528,-0.321123044509452,-0.357534855193552,-0.345568783367038,0.0368256739970322,0.043515638577433,0.0127293360080662,0.018687075355857,0.00656107532838139,0.0208031262979224,0.00530671598545166,0.0125504924647764
ENSMFAG00000002820,FAM184B,0.344797086729107,0.3463574422499,0.386498674976777,0.381477582879683,0.39793168833589,0.389169789801324,0.410777115635967,0.384964939231468,0.021446417865341,0.0222238948413968,0.00597949072033868,0.00749325055713321,0.00314486528373729,0.00655306434577535,0.00170851482731497,0.00659735488540501
ENSMFAG00000003532,DHX15,-0.328742823625084,-0.333922652001753,-0.367597682981478,-0.358513212918148,-0.37761826017947,-0.361633092867944,-0.387727511658322,-0.353336058194397,0.0271639870819248,0.0261298609794307,0.00806008519536925,0.0107581784609368,0.00460206560413644,0.0102493126982924,0.00268672252960038,0.010996154793461
ENSMFAG00000034185,STIM2,0.368707089381081,0.378664260423293,0.368284666461063,0.404276316112337,0.389272645332144,0.396209477455572,0.391396853670334,0.38084513431341,0.0152154680496287,0.0146158534807338,0.00793695642633685,0.00545861067289417,0.00367096476000309,0.00610929962654093,0.00249054334312567,0.007043928225925
ENSMFAG00000003247,DTHD1,-0.365161798115591,-0.358880024927486,-0.396439796620975,-0.387755962972058,-0.418481518449571,-0.39327924710399,-0.414622985183131,-0.37984559724172,0.0161108189799449,0.0197673751555277,0.0052432640970447,0.00674786471632661,0.00225152724489699,0.00644647398137181,0.00157301937546162,0.00719480610971687
ENSMFAG00000042885,TXK,0.335313429998827,0.33154192557395,0.385255185813999,0.387554765924604,0.409529696602173,0.372772363398165,0.392427650763622,0.364359204885495,0.0242859912838234,0.0270638942620711,0.00614102267300302,0.00675673661307074,0.00260581304610562,0.00847336650365794,0.00246890288110081,0.00911254658424641
ENSMFAG00000034687,FRYL,-0.312963635003085,-0.319332726345669,-0.353634235048078,-0.3438932441381,-0.37394144442123,-0.336456042683696,-0.390442902099333,-0.345944919219514,0.0357170525477197,0.0321872228722562,0.010208633415832,0.0135432476460027,0.00488072035246362,0.015622469263644,0.00252377441120854,0.0124344317816476
ENSMFAG00000040731,HELQ,-0.316785303952312,-0.334579135573414,-0.368215843985213,-0.364663315018452,-0.390994879047877,-0.366067529208241,-0.409814849916047,-0.354113827471872,0.0332380703168331,0.0259927914547417,0.00793695642633685,0.00967116433261363,0.00361524997633051,0.00948286034299698,0.00174030678672737,0.0109029089744589
ENSMFAG00000030543,HPSE,-0.31274655666482,-0.31688993396238,-0.347211582556836,-0.355586498619071,-0.36830613900756,-0.342270686728099,-0.381577345962106,-0.346236931514645,0.0358099767116572,0.0328352635089119,0.0112837813826353,0.0111610259681963,0.00548936399380943,0.0142719058302368,0.0031236597051287,0.0123922646488858
ENSMFAG00000042066,SEPT11,0.341946660276834,0.333124370259639,0.360064903844076,0.352073242830117,0.375616896066081,0.337961471382016,0.374587213822079,0.381243028132649,0.0223149253998366,0.0264115531985329,0.00902771739355506,0.0119353174626887,0.00477008329674476,0.0152309982760467,0.00364448533388151,0.00700266932783447
ENSMFAG00000039184,SCARB2,-0.3275919159797,-0.322869175985267,-0.359379997484338,-0.34805117897428,-0.379425641533466,-0.339546412079935,-0.378769487627137,-0.354771427923696,0.0277389271898432,0.0305236751027651,0.00916065991344027,0.012851362016437,0.00447800435034681,0.0148762303916076,0.00332584579814828,0.0107456045103447
ENSMFAG00000004052,ENSMFAG00000004052,0.308893546885323,0.305543641323785,0.320743507065496,0.327829183032549,0.340963146089278,0.313089302129083,0.330622582410503,0.348565352495784,0.0379395540467665,0.0394291530520457,0.0195529373724622,0.0181937332354731,0.0103275003925947,0.0247913753283181,0.0101237056899361,0.0118123386551145
ENSMFAG00000038158,SPP1,-0.319001299277017,-0.317374475651001,-0.360543898238285,-0.34694935131362,-0.382870541634543,-0.344702856027073,-0.394324690156733,-0.351019621841122,0.031828178576705,0.0326191343364003,0.00899027209878341,0.013076499945009,0.00418433173786169,0.0136751011908728,0.00240157559861263,0.0114459612823495
ENSMFAG00000019147,RF00100,-0.311135382005379,-0.313251358044038,-0.339438227984623,-0.33054963946245,-0.351845108502474,-0.327157606582653,-0.348201873779194,-0.327335684158701,0.03681390226917,0.0347475490612088,0.0132182698382917,0.0171936686712755,0.00785567839976189,0.0185889320031253,0.00660471814380528,0.0179457897885913
ENSMFAG00000043573,GRID2,0.35224026903616,0.355569402545538,0.384071717642877,0.370224733635599,0.38166589998454,0.386597047346121,0.420860617373039,0.391719616995594,0.0193669371239481,0.0199834793612846,0.00627760088372039,0.0088101924820657,0.00426945303342082,0.00672925252139438,0.00144195555235924,0.00590457015523795
ENSMFAG00000033136,ENSMFAG00000033136,0.317634535638407,0.325452000884907,0.348913937092175,0.346323051464941,0.366151305290256,0.34799030966025,0.345447035471247,0.32623116674972,0.0328115402357463,0.0299006255631304,0.0110700031424953,0.0132048875030753,0.00571025265452521,0.01309737758848,0.00708499893177716,0.0184351776340921
ENSMFAG00000000581,GSTCD,-0.406825054015706,-0.433427347910102,-0.457274222921822,-0.463131740847411,-0.476958262970412,-0.482451396324754,-0.49269020348909,-0.421982693884643,0.00937543396099807,0.00839999152065103,0.00280486164953807,0.00295507918739082,0.000989888136387945,0.00255041052396858,0.00062700957908818,0.00416508628863503
ENSMFAG00000033488,HADH,-0.344595387235281,-0.338696225188928,-0.337214207983166,-0.33086367473121,-0.339394272436914,-0.328674211811214,-0.328478383839565,-0.330555217050005,0.0215348842681315,0.024779828007957,0.0137396673878244,0.0170781746166355,0.0107252565455021,0.0181563328882,0.0106942741306672,0.0167564952347404
ENSMFAG00000035714,UGT8,-0.348829838525825,-0.337044959465854,-0.377625632023644,-0.362133470643613,-0.398298679809334,-0.360983475640707,-0.397300847321797,-0.373006763656148,0.0202959663362833,0.0251343039402589,0.00691452963489165,0.0100581525353563,0.00313226223602299,0.0103411334895657,0.00226101000708961,0.00820758079704301
ENSMFAG00000038796,SEC24D,0.392425321889989,0.382234017617682,0.393404256732806,0.379484335526984,0.39005377005295,0.359908345760096,0.400025495037911,0.422393723883318,0.0109558473597745,0.0143876404493387,0.00540493651897334,0.00751299062999087,0.00366755886367246,0.0105490544509764,0.00213783051772466,0.00416508628863503
ENSMFAG00000045853,ANXA5,-0.32000148063464,-0.332893241094982,-0.378459857686799,-0.373363738418538,-0.404354576295537,-0.373060140332406,-0.419852940900254,-0.360785510079416,0.0314185322576994,0.0264488951617593,0.00686562810073604,0.00815452383635892,0.00285007200262508,0.00846688422590008,0.00146569436471677,0.00964244240420623
ENSMFAG00000046322,PCDH10,0.439525117944129,0.437356746605948,0.453164858131602,0.430488462379185,0.437212448461613,0.435787699020255,0.476451884315465,0.470547449334974,0.00584922726323227,0.00763957381952836,0.00281818541043335,0.00369342722108385,0.00165922715504036,0.00389785553487244,0.000706849300735959,0.00181503932099458
ENSMFAG00000002176,SETD7,-0.340921874920849,-0.339098672467683,-0.377701222596612,-0.360094736226153,-0.386721648360443,-0.349359831234129,-0.399305091527204,-0.379387690754337,0.0225787597830768,0.0246283037769442,0.00691452963489165,0.0104236002516942,0.003875128594622,0.0127208634001919,0.00215632314434754,0.00728609637196469
ENSMFAG00000046340,MGST2,-0.369567387061725,-0.377003102012049,-0.399137585315621,-0.403163030914658,-0.419894061655643,-0.391849690330692,-0.404469258405752,-0.388360787370506,0.0149519169839253,0.0149553459013828,0.005044822088822,0.00555562113581086,0.00218805680506167,0.00644647398137181,0.00193527204816132,0.00627364853802542
ENSMFAG00000046429,ENSMFAG00000046429,-0.314865064829731,-0.307940334460998,-0.310259811629132,-0.306159411049377,-0.318529305372741,-0.312516337747089,-0.313281089622563,-0.313498650911471,0.0345526665209193,0.0379672499917365,0.024265833145222,0.0280435268380038,0.0169135071180914,0.0250668458429407,0.0151493920856345,0.0245032788464022
ENSMFAG00000038207,FREM3,0.395293718199877,0.378210114846698,0.411417514257468,0.398327272746344,0.423934161419518,0.386775222040003,0.391491597984654,0.422804765550464,0.0103584012723303,0.0146158534807338,0.00436710958928809,0.00594596400800248,0.00207836329665903,0.00672925252139438,0.00249054334312567,0.00416508628863503
ENSMFAG00000040378,HHIP,-0.325027907836579,-0.314496505299936,-0.359004238787888,-0.342666557307759,-0.376651745499445,-0.340699554043819,-0.376465865023043,-0.356521467820756,0.0288236546553585,0.0341404282998092,0.00919753320526292,0.0137251544215719,0.00465549065081368,0.0145926559355719,0.00351157006086519,0.0104441208220733
ENSMFAG00000041886,PRSS48,-0.309732664137168,-0.324539857839374,-0.343678021255965,-0.355162680451256,-0.362742451675434,-0.371038213171267,-0.396093318634474,-0.337979549640517,0.0376151864786229,0.0301432111158428,0.0120833087496808,0.0112386631382057,0.00612640685381595,0.00867804840624493,0.00233306064841424,0.0145506561376336
ENSMFAG00000032061,GUCY1A1,0.326412062578573,0.346142559080647,0.381781416361116,0.394995484184416,0.413861088278043,0.389709141431156,0.42790662677184,0.374015487050863,0.0282474641395809,0.0222238948413968,0.00648783535401574,0.00607931238886673,0.00244046984351967,0.00653374676847562,0.00133051292084478,0.00799265378596361
ENSMFAG00000036003,TMEM144,-0.388472186799125,-0.38152365298884,-0.423573911284047,-0.411414632734794,-0.444410729176769,-0.414209306756157,-0.450255273625577,-0.417374166171364,0.0114980567504156,0.0143876404493387,0.00374742528908521,0.00511570966344384,0.00145451022886974,0.00502473719713394,0.00111052079015429,0.00426675805867172
ENSMFAG00000026776,SH3RF1,0.347719368757947,0.345402014026819,0.373107709138242,0.379928261587469,0.401205773437467,0.367932583806164,0.373326083554667,0.377468244700223,0.0205781712244744,0.0226407624622941,0.00729235113212013,0.00751299062999087,0.00299852125209332,0.0093190091080758,0.00373822102288882,0.00756174076291101
ENSMFAG00000039992,MFAP3L,-0.335373521795237,-0.339850706497686,-0.375414099846722,-0.360485088861377,-0.385085662902042,-0.356946750764702,-0.40627578922978,-0.378403286386275,0.0242859912838234,0.0243963718470887,0.00714208904476211,0.0103652241808197,0.00398049195585689,0.0110640205488991,0.00186590204073899,0.00738082305948889
ENSMFAG00000003378,GALNTL6,0.373864288830119,0.359462948526536,0.392277879355815,0.377516014207918,0.405150439962322,0.383057726362033,0.39711891866569,0.409286216131883,0.0140502150742516,0.0197673751555277,0.00547908690148833,0.00763640491769139,0.00285007200262508,0.00714819550154067,0.00227655156256809,0.00461456144748648
ENSMFAG00000034344,FBXO8,-0.319538137061292,-0.334876722729558,-0.357700651206462,-0.3527840352743,-0.370949859811574,-0.349547336024688,-0.389324264905076,-0.346102889820895,0.0316163870431797,0.0259927914547417,0.00937074844711063,0.0117980372496874,0.00519369552062203,0.0126854784514099,0.00258459007572574,0.0124115327504443
ENSMFAG00000003438,CEP44,-0.312567505910009,-0.32896044302009,-0.361322457913551,-0.355885585628935,-0.379914195375407,-0.366933086739479,-0.398988219553933,-0.326175225968976,0.0359775985334959,0.0282091385350778,0.00887935918764993,0.0110945883509606,0.00442145452601425,0.00933349045769683,0.00216580512321302,0.0184351776340921
ENSMFAG00000000469,PRIMPOL,-0.361009681880176,-0.368058219569595,-0.388920696288378,-0.3977801290185,-0.415098525126578,-0.402409125997234,-0.411202997581768,-0.373169050864388,0.0169345210460298,0.0170136512776368,0.00568142027043031,0.00594596400800248,0.00238497998198016,0.00580717356524768,0.00169917498480309,0.00820758079704301
ENSMFAG00000033716,ACSL1,-0.370248861372481,-0.341434774339492,-0.359658205294148,-0.346824642392831,-0.369195038631464,-0.337767834167713,-0.339670789116861,-0.372871131755013,0.0148043748412809,0.0239696629869087,0.00911768404941832,0.013076499945009,0.00538128495760589,0.0152309982760467,0.00814769345581117,0.00821135113663125
ENSMFAG00000040590,CYP4V2,-0.304460601244479,-0.317591455653516,-0.339898911834157,-0.343077842383842,-0.352282881311049,-0.35119186822226,-0.378326777827062,-0.331190355026108,0.0408816959551625,0.0325324393818381,0.0130495907206932,0.0136946488044364,0.00778727966399181,0.0121901784804241,0.00335766774514155,0.016534746665401
ENSMFAG00000046469,ENSMFAG00000046469,-0.375267229083707,-0.359590626608617,-0.391448211208855,-0.362492837789002,-0.394844571766511,-0.367931510508011,-0.390732224644215,-0.393492450330638,0.013732773367759,0.019735278330986,0.00547908690148833,0.00998682528037648,0.00341284985479361,0.0093190091080758,0.00250777296640071,0.00571879174289046
ENSMFAG00000046807,ENSMFAG00000046807,0.364278195039007,0.362026743378321,0.388464358125878,0.381791777805937,0.400681494932796,0.362652899620727,0.401864822813632,0.402579334072801,0.0163823958471423,0.0188794746751781,0.00570613888405207,0.00745600886310454,0.00300444372964835,0.0101153520005299,0.00202183777762294,0.00485947759688039
ENSMFAG00000001076,DNAH5,0.384141954381555,0.376765179872346,0.401956410692037,0.39607983176183,0.416206036626938,0.389322150425223,0.426890334210815,0.419586386322183,0.0123441210686102,0.0150226705657072,0.00491553410612588,0.00599306729313274,0.00233895984551307,0.00653374676847562,0.00134746508518958,0.00416508628863503
ENSMFAG00000030166,BASP1,0.36726617967784,0.377920846878493,0.395904353598919,0.392292936268151,0.401555601367899,0.386010044533324,0.41767475698507,0.388444007425348,0.0156134915847035,0.0147359245762759,0.00526095949381533,0.00641654737632722,0.00296511555375559,0.00677309779816383,0.00150977439093755,0.00627364853802542
ENSMFAG00000001810,CDH10,0.306401385271641,0.312689980397132,0.338471767649286,0.33205286888305,0.352409150554836,0.322575836157462,0.371458538304155,0.3638576339746,0.0395093725109009,0.0349479874149089,0.0134446006811045,0.0167573218584948,0.00778568600250378,0.0201957995416647,0.00385437868277601,0.0091778930060136
ENSMFAG00000043108,ENSMFAG00000043108,-0.378457639748987,-0.364622621745342,-0.401541825889766,-0.384433287478117,-0.417632504175161,-0.384765895627753,-0.416732795742367,-0.393860907917275,0.0131174467252699,0.0181869983556715,0.00491553410612588,0.00715598777057836,0.00225975081042415,0.00696580415564347,0.00150977439093755,0.00571879174289046
ENSMFAG00000031678,ITGA2,-0.36659108106343,-0.355064014930748,-0.399273328000772,-0.384632103911239,-0.420298149692309,-0.386334934059036,-0.417634450404192,-0.388597387696024,0.0156134915847035,0.0201250228782415,0.00503876902837766,0.00713569137222848,0.00216903327183161,0.00674706334000396,0.00150977439093755,0.00627364853802542
ENSMFAG00000042280,SLC38A9,-0.320734259517038,-0.334484918315859,-0.354150911915895,-0.355926998234996,-0.374968083758635,-0.366730835638502,-0.394263012877346,-0.338300988679064,0.0309708783087993,0.0259927914547417,0.010121946845129,0.0110945883509606,0.00481514731593715,0.00938499205614294,0.00240157559861263,0.0144057797808193
ENSMFAG00000030405,ENSMFAG00000030405,0.314230110038544,0.316445915794803,0.358036626653559,0.351857271937526,0.376494389946861,0.362803652061618,0.395358012618629,0.354684657068446,0.0348663052868341,0.0329566436366107,0.00927781560481305,0.0119353174626887,0.00467140630442713,0.0101153520005299,0.0023524463728027,0.0107696418983894
ENSMFAG00000015230,HTR1A,0.303193401002444,0.305743946996568,0.344875560005011,0.341348708236791,0.361744363094175,0.351919837558004,0.380703164616194,0.338313598992656,0.0418128030454817,0.0392393399013096,0.0118244377913466,0.0139900737590997,0.00630705859948274,0.0120273114036201,0.00316445600810064,0.0144057797808193
ENSMFAG00000046579,ENSMFAG00000046579,0.401116356251949,0.407647907205321,0.433077091600038,0.421771459126887,0.438310866032761,0.407253382301871,0.458498701722464,0.438347840942974,0.00991060119903743,0.0120523458016359,0.00359425061993855,0.00430771363531475,0.00165510539950366,0.00533869860211975,0.00103638667128909,0.00364415308714797
ENSMFAG00000000755,ENSMFAG00000000755,-0.395714850237869,-0.390055300285358,-0.393826007222856,-0.390790455597807,-0.393784470239428,-0.375490289325597,-0.384910400600488,-0.407324883792191,0.0102683095144295,0.0139354657844546,0.00537228219028971,0.00651196656280408,0.00342608609843356,0.00805232107304856,0.00287515410434778,0.00468904280675455
ENSMFAG00000040032,AP3B1,-0.367573068730414,-0.360927105761012,-0.391700839712001,-0.370936247827511,-0.399358306277495,-0.372145359349779,-0.398347796183212,-0.376213086529807,0.015576278866878,0.0190145387911683,0.00547908690148833,0.00867710614526398,0.00306959932131744,0.00853531074622727,0.00220524003796396,0.00760947286554532
ENSMFAG00000045957,BHMT2,0.335734185637793,0.32599832568965,0.354787916675597,0.35509834504186,0.375754385081323,0.359735444560052,0.365077284108466,0.360376393015124,0.0242507175028086,0.0296079691239163,0.0100284965012593,0.0112509290849255,0.00476061849228407,0.0105490544509764,0.00446256107850283,0.00965209089880923
ENSMFAG00000046004,SERINC5,-0.332818016184728,-0.316780945440845,-0.317065907252332,-0.305691135979426,-0.317167130706893,-0.318472383285947,-0.314660684961273,-0.332940799616624,0.0256925465731666,0.0328669015408869,0.0210157872216478,0.02819903420115,0.0174981449187204,0.0221180108003609,0.0147076014634276,0.0159960155181793
ENSMFAG00000003054,RASGRF2,0.361278564791288,0.352139006166668,0.382012486129342,0.389831713589604,0.414753443408313,0.388768605953494,0.379482980745937,0.384250722007976,0.0169098341280024,0.0211716536747327,0.00648451350269598,0.00651196656280408,0.00239372102866415,0.00657184606716834,0.00326800938019343,0.00665714059202846
ENSMFAG00000032675,VCAN,-0.363568686826411,-0.363537549299662,-0.363553132355919,-0.360262725755659,-0.372019464865356,-0.372075648323322,-0.381332197517336,-0.346343491462739,0.0164708617755269,0.0182968036536033,0.0085981026528353,0.01038220124864,0.00507496994174911,0.00853531074622727,0.00314006026278082,0.0123922646488858
ENSMFAG00000039875,EDIL3,-0.347145308194594,-0.327344317274458,-0.360140913544599,-0.333925220748264,-0.360490191805352,-0.340348329613667,-0.362018019250291,-0.366196925924725,0.0207116760537614,0.028862317380376,0.00901092743257544,0.0160093695105975,0.00644756673581331,0.0146551680715637,0.00480123561950762,0.00887971791593918
ENSMFAG00000031762,ARRDC3,-0.308637754919551,-0.318981758687515,-0.342959571971733,-0.345262986976466,-0.363191216456551,-0.36709551607209,-0.36527002807401,-0.312300255440088,0.0380765681549051,0.0322017307335285,0.0122926910134053,0.0133615770633753,0.00606491402526943,0.00933282319660507,0.00443695323297866,0.0250978799671123
ENSMFAG00000043608,RHOBTB3,-0.323790234583235,-0.318113956827944,-0.356906897289522,-0.345707693989783,-0.374685508306775,-0.346180332952949,-0.389339857614135,-0.35436273984691,0.0290768655811032,0.0324492704190143,0.00956558167555044,0.0133286103361262,0.00482482396920498,0.0133591818408996,0.00258459007572574,0.0108726581406777
ENSMFAG00000031043,ERAP2,0.314996975396044,0.30533471526975,0.302891533218507,0.30991518646949,0.321774150783375,0.314829781287399,0.324456777465004,0.332951434237744,0.0344492635221294,0.0395438677827362,0.0282087446725796,0.0259978426221175,0.0157403928839051,0.0238305071606248,0.0117693794576225,0.0159960155181793
ENSMFAG00000016453,ENSMFAG00000016453,0.41042539444359,0.404753598083002,0.425012197130014,0.416142305884916,0.435534998549334,0.414796517800485,0.428669657599568,0.418679188398145,0.00883787184096524,0.0120523458016359,0.00374742528908521,0.00483746348072321,0.00171001381504247,0.00499844109601146,0.00132607314356981,0.00416526726550516
ENSMFAG00000034607,KCNN2,0.383161818548781,0.381613798741195,0.41611511659765,0.403325624274745,0.416621885392691,0.416510446087396,0.441175226328436,0.403116041108672,0.0124310405671405,0.0143876404493387,0.0042579444762936,0.00555562113581086,0.00231941386583126,0.00482863426350878,0.00113406659720671,0.00485947759688039
ENSMFAG00000046396,PGGT1B,-0.353014222142576,-0.363898537907914,-0.37023626158598,-0.382090673107991,-0.374810763072656,-0.368319282950531,-0.390476875529251,-0.362652173268629,0.0191964687648129,0.0182451266176339,0.00772599717225004,0.00745600886310454,0.00481514731593715,0.00925298067454739,0.00252333363058029,0.00942323689921101
ENSMFAG00000041392,SEMA6A,-0.486953435647258,-0.454374435195712,-0.463083330953573,-0.450792236238566,-0.476528370978511,-0.441743212760876,-0.427342829736518,-0.478302559075836,0.00350848937027084,0.00763957381952836,0.00280486164953807,0.00295507918739082,0.000989888136387945,0.00389785553487244,0.00133478072056176,0.00163026671151861
ENSMFAG00000033875,SLC22A5,-0.367061836172897,-0.380570238477419,-0.399779151572378,-0.405649158505977,-0.409423429505535,-0.3914365730906,-0.425461722718796,-0.399094797141345,0.0156134915847035,0.0143876404493387,0.00503876902837766,0.00537371727507887,0.00260581304610562,0.00645061513389063,0.00135773904268038,0.00534454862163727
ENSMFAG00000002420,CDC23,-0.30049144556583,-0.308688172640493,-0.338268014700731,-0.337825525738088,-0.357928909822762,-0.337095844084536,-0.370695353684405,-0.332395449083947,0.0436601210979574,0.0373493569933833,0.0134963019206375,0.0148349728846305,0.0067943506452722,0.0154169491055945,0.00392582824367932,0.0162047249234347
ENSMFAG00000043747,HBEGF,-0.348929719804856,-0.333340967957946,-0.368950228683032,-0.359083175243679,-0.387861021184468,-0.355277241678411,-0.36983668289504,-0.372501027807507,0.0202959663362833,0.0263662431594726,0.00791083663756295,0.010630811278366,0.00377402586693318,0.0113398458606158,0.00400349751118434,0.00827646528027025
ENSMFAG00000033873,SLC4A9,-0.328119497656376,-0.328823268177496,-0.360676439347737,-0.357191962834628,-0.374894463979881,-0.34674979235463,-0.391212884525813,-0.366155054691728,0.0274088915921394,0.0282130542404183,0.00899027209878341,0.0109247080663691,0.00481514731593715,0.0133384042543572,0.0024924838099412,0.00888073734145123
ENSMFAG00000007347,SRA1,-0.314396637100544,-0.332479083840664,-0.358705198421473,-0.367938623200344,-0.376414665849777,-0.369161939733408,-0.411794171039322,-0.356426661693577,0.0348507831059546,0.0265151915421306,0.00921560457927788,0.00909337528468033,0.00467409185814622,0.00906228253867141,0.00169583427735449,0.0104570429508493
ENSMFAG00000037329,ZMAT2,0.309463509488783,0.317305276842111,0.343619752071518,0.341403875142588,0.3508340191677,0.324874498229835,0.362310417795796,0.328545735131323,0.0377392940009743,0.0326191343364003,0.0120839720067359,0.0139900737590997,0.00807356411150124,0.0193323886512226,0.00477147052233257,0.0175173733428903
ENSMFAG00000030759,SPINK5,0.447346441656956,0.417273833361583,0.401656957963278,0.407428175237643,0.411998944438285,0.375742128416329,0.331722515039148,0.447044691776088,0.00584922726323227,0.0108736668227648,0.00491553410612588,0.00511570966344384,0.00257022126625975,0.00801820381424235,0.00987183449961395,0.00331094179346129
ENSMFAG00000001106,SH3TC2,-0.342313354397922,-0.332691532586038,-0.374418799948709,-0.362945990645854,-0.393263415556632,-0.357873852400957,-0.395284370218154,-0.371798536489492,0.0222356117816245,0.0264488951617593,0.00715313402636332,0.00991912551065337,0.00344542261320149,0.0109255791741447,0.0023524463728027,0.00830302743321598
ENSMFAG00000040761,ARHGEF37,-0.335575828996581,-0.321874257575683,-0.348085030055907,-0.327332599373519,-0.354838527458909,-0.323068373778934,-0.367120550818532,-0.348898005949615,0.0242859912838234,0.030800780827024,0.0112086087658529,0.0183596904335164,0.00732141991691271,0.0200373704496685,0.00421912760205587,0.0117617418079769
ENSMFAG00000039840,SLC6A7,0.332432039973875,0.339958447855024,0.371437158517959,0.369143401765404,0.394792728872599,0.378985248455265,0.400332186685226,0.366850849807905,0.0258350156758515,0.0243963718470887,0.00748874707008709,0.00888746799197092,0.00341284985479361,0.00777479775191873,0.00213145403428889,0.00885429011603353
ENSMFAG00000033621,SYNPO,0.390926397574094,0.391889132445378,0.42724987006945,0.436683741927035,0.453185354135232,0.423992354223723,0.446998728385493,0.405946288923897,0.0113189613754266,0.0135982518816483,0.00360227395057319,0.00333153926786278,0.00130226710507543,0.00446003746818047,0.00113406659720671,0.00468904280675455
ENSMFAG00000031651,LARP1,0.305597428165181,0.328983603217324,0.369325548762361,0.368652881488755,0.38715276467594,0.377022711025555,0.436893782786149,0.354136327790595,0.040099628034428,0.0282091385350778,0.00784544684999877,0.00899558527013176,0.00382460577118796,0.00788910268591659,0.00113406659720671,0.0109029089744589
ENSMFAG00000029978,NIPAL4,-0.347322782852187,-0.326309132685114,-0.357185777303839,-0.342390328928505,-0.373255593588108,-0.336320342574253,-0.356542867948844,-0.364014676896211,0.0206712299964941,0.0295118633947169,0.00948557153221159,0.0137251544215719,0.00494171688760461,0.0156699787858975,0.00541511394540555,0.00916088165084031
ENSMFAG00000045077,ADRA1B,0.351714407379404,0.352779058872981,0.361760412700974,0.361079164826342,0.372208666027313,0.362248244850921,0.372280011617277,0.366555987517575,0.0195478163128469,0.0208951264503863,0.00882335933918433,0.0102537681363117,0.00505203434587669,0.0101310617901598,0.00381864171854778,0.00887830121800752
ENSMFAG00000039601,WWC1,0.347579717792078,0.350669361955626,0.377237525682832,0.383904503584425,0.399257579007207,0.370601227833323,0.399145645783897,0.385448819900361,0.0205781712244744,0.0214889719013142,0.00691452963489165,0.00726357164399395,0.00306959932131744,0.00867804840624493,0.0021581530137635,0.00659123369106219
ENSMFAG00000043584,UNC5A,0.323248800999076,0.313743674960099,0.309097006183662,0.307483190521699,0.313904266694917,0.310393288875884,0.309187830764502,0.311168224693449,0.0293378948752714,0.0345271214177958,0.0248334122392456,0.0273003813583792,0.0187371636185783,0.0262388021133322,0.0164831816502213,0.0257167977660104
ENSMFAG00000040567,COL23A1,0.37111487092085,0.344323922481972,0.360311492402588,0.35021547230271,0.371847994130284,0.346606441553172,0.31458113784716,0.38192573799401,0.0146845390106777,0.0231291024176919,0.00901028600176204,0.0123042217885586,0.00509261595813298,0.0133484416618059,0.0147204102455442,0.00687793190039195
ENSMFAG00000006848,RF01278,-0.333344775628906,-0.34396447557951,-0.379153902458745,-0.38691120768344,-0.406761055301999,-0.382439464722257,-0.420238370816906,-0.36761013613908,0.0255200861098038,0.0233780294576422,0.00675812077384472,0.00688252515598668,0.00272243938406226,0.00723329181376352,0.00146140305839985,0.00874522526516621
ENSMFAG00000011647,RF00108,-0.320626331861442,-0.344587812261864,-0.369604658598843,-0.374177819186278,-0.387144334300443,-0.365573732480002,-0.413940586132574,-0.36112946690341,0.0310038468823504,0.022969647562084,0.00780441470674053,0.00800256723950312,0.00382460577118796,0.00964989930244977,0.00159218081926195,0.00961790711752927
ENSMFAG00000038584,MTMR10,-0.342631861346642,-0.334961072818549,-0.364686188604924,-0.340321495992342,-0.369089791679453,-0.338217432697961,-0.386627163331611,-0.369626921374053,0.0221072845871216,0.025978183033774,0.00844062692414025,0.0141935267373942,0.00539581432375222,0.0151400925349131,0.00276274452612318,0.00858746565730806
ENSMFAG00000003445,TRPM1,-0.360646009998185,-0.352521491149965,-0.377707795430764,-0.354482101676399,-0.36851445183267,-0.351212605567873,-0.385954366116592,-0.380643829495216,0.0169757974027075,0.0209375065977759,0.00691452963489165,0.0114473065203449,0.00546801386592733,0.0121901784804241,0.00279352270219467,0.00705022126037767
ENSMFAG00000039604,ACTC1,0.341719862620799,0.354213757588187,0.384575590963811,0.400255646439143,0.413891458230803,0.391222243959326,0.423601660762727,0.385784085995242,0.0223149253998366,0.0206149072440901,0.00620047767835111,0.00578497246348166,0.00244046984351967,0.00645061513389063,0.0013749409116196,0.00658466928770666
ENSMFAG00000031909,SPRED1,0.344330113613618,0.356838437386226,0.392700611639538,0.404832455748404,0.424276508547918,0.390629494651248,0.422124710518963,0.382225373157598,0.0215348842681315,0.0197697116964416,0.00547908690148833,0.00545861067289417,0.00207836329665903,0.00652741484202392,0.00141817585069967,0.00683916768930636
ENSMFAG00000030248,RASGRP1,0.326451117568713,0.331304623742497,0.358759361467078,0.352617425660486,0.368067119136893,0.35957920523817,0.385231476000291,0.364882917697217,0.0282474641395809,0.0271589910456978,0.00921560457927788,0.0118385345028047,0.00551767450790941,0.0105609671193638,0.0028496384585964,0.0090169344002497
ENSMFAG00000044081,ANKRD63,0.303980698141334,0.310153712337102,0.353205914007547,0.348062840017898,0.374795809830538,0.34336668925446,0.384705915169719,0.344056608463145,0.0413019375792699,0.036151113787187,0.0102541071774267,0.012851362016437,0.00481514731593715,0.0139855144113999,0.00288258292947751,0.0128258252299602
ENSMFAG00000031150,BAHD1,0.361262743944513,0.365219402238048,0.395082301413385,0.407584889108795,0.424905882520054,0.406880862320755,0.419811569873159,0.366315144114373,0.0169098341280024,0.0181198032976639,0.00531837133109845,0.00511570966344384,0.00207011941892438,0.00533869860211975,0.00146569436471677,0.00887971791593918
ENSMFAG00000039864,ITPKA,0.377824453849715,0.360429453151436,0.380965013359133,0.385720583417681,0.404489182053921,0.371672914552618,0.362602646022486,0.368847517994877,0.0131174467252699,0.0192729218990449,0.00657337153764715,0.00703812076268371,0.00285007200262508,0.00860990343375144,0.00473841594667085,0.00865226943060681
ENSMFAG00000042444,ENSMFAG00000042444,-0.396609911022264,-0.393526930928752,-0.418424990547151,-0.408479049748448,-0.435888561182719,-0.401043004748234,-0.444490655439671,-0.420524751710001,0.0102083654980867,0.0133847110622312,0.00419657492896836,0.00511570966344384,0.00171001381504247,0.00585917447550472,0.00113406659720671,0.00416508628863503
ENSMFAG00000045762,WDR76,-0.356464867786438,-0.368931961662866,-0.412724383989796,-0.423640286051752,-0.450794217989665,-0.414007639512295,-0.443081336935968,-0.384881565063517,0.0179032187483185,0.0167612461730646,0.00435681777039735,0.00421241295548932,0.00136042180433715,0.0050319335091497,0.00113406659720671,0.00659735488540501
ENSMFAG00000046214,SEMA6D,-0.323991464604418,-0.340756556567692,-0.379623068327973,-0.384999691081328,-0.407434341509923,-0.377639277479485,-0.425079481985534,-0.359805831612269,0.0290475427962065,0.0242292209753904,0.00670276710220578,0.00708323988772464,0.00269256300694067,0.00785240097865445,0.0013622809414722,0.009697780951911
ENSMFAG00000036983,SPPL2A,-0.340073519367934,-0.34504024513886,-0.357432584419428,-0.355465174200665,-0.368814851134183,-0.352826813251662,-0.3711846562469,-0.349622085900485,0.02276663182472,0.0227918326091204,0.00943242307364228,0.0111669262479613,0.00542876845399071,0.0118730474244531,0.00387521216137418,0.0116965751218702
ENSMFAG00000031115,TCF12,-0.402862377692939,-0.397762219642855,-0.414291295851816,-0.398750892563899,-0.422517011447406,-0.39938352910311,-0.43572909339861,-0.405890081089259,0.00970277396239592,0.013075043767625,0.0042579444762936,0.00593005105776246,0.00210444929684845,0.00592442764057737,0.00117435111153917,0.00468904280675455
ENSMFAG00000016075,USP3,-0.356858613952416,-0.367701006156164,-0.400026990345856,-0.389003985941697,-0.411525853240823,-0.391202673611028,-0.431412342984888,-0.397109864003763,0.0179032187483185,0.0170505270090351,0.00503876902837766,0.00662341315696237,0.00257849672011281,0.00645061513389063,0.00126386728587056,0.00544640002636184
ENSMFAG00000040273,SNX1,-0.347127534117699,-0.33543306800613,-0.374540079598844,-0.352829835842114,-0.38639482095594,-0.351110857201847,-0.398912862694385,-0.378522665054348,0.0207116760537614,0.0257210835886035,0.00715313402636332,0.0117980372496874,0.00389119354583658,0.0122003013651174,0.00216968808881546,0.00738082305948889
ENSMFAG00000002867,ZNF609,0.345807883784253,0.335895388483456,0.325344155771418,0.345957457766856,0.331244269126113,0.307794072509979,0.303342422886779,0.349048861610616,0.0211003206555797,0.0255874528989293,0.0174105634974084,0.013268147814648,0.012804688976147,0.0276327657800093,0.0188904794153166,0.0117617418079769
ENSMFAG00000036137,PARP16,-0.337121488458981,-0.334216009504955,-0.319479438839628,-0.338195532779273,-0.340909788015962,-0.330621007339874,-0.305401822330634,-0.307473649635654,0.0237990065942378,0.0260412048139915,0.0199850931081624,0.0147479970966439,0.0103275003925947,0.0175270388152696,0.0179829381231669,0.0275866825501146
ENSMFAG00000031689,INTS14,-0.350914293645024,-0.346229959073542,-0.354299651327125,-0.370516390220647,-0.381922021693125,-0.365438423926494,-0.373860558854665,-0.3527374459819,0.0199504076306481,0.0222238948413968,0.0101068626749645,0.0087343643878881,0.00425396251845471,0.00967136022875457,0.00369659654829948,0.0110439382279312
ENSMFAG00000031045,DNAJA4,0.329331403836627,0.325632587939011,0.361145889249951,0.349660621003254,0.373790721062281,0.336842475085361,0.370554693095296,0.3666870546386,0.0269429922129254,0.0297794880359136,0.0089124308901168,0.0124219715917021,0.00490274976031053,0.0154837189554408,0.00393020449361364,0.00887394180201622
ENSMFAG00000031346,STARD5,-0.346248984650421,-0.3583338992177,-0.399591286694285,-0.396560067538915,-0.41839358339417,-0.391430423310538,-0.444114195743855,-0.391806544282513,0.020995974258991,0.0197673751555277,0.00503876902837766,0.00594596400800248,0.00225152724489699,0.00645061513389063,0.00113406659720671,0.00590457015523795
ENSMFAG00000037678,HDGFL3,0.316155375110131,0.318440017464115,0.325388364530432,0.327917099332279,0.338717754926551,0.305026095059046,0.339978766659091,0.348722602947607,0.0335225387680309,0.0324258672343055,0.0174043191074067,0.0181793632230485,0.0108574644389187,0.0292930835098212,0.00810051392778602,0.0118010680919177
ENSMFAG00000043620,PDE8A,-0.366590392857695,-0.363853286493659,-0.399251105804799,-0.383125360217052,-0.409948233825959,-0.389447598090817,-0.430485627909614,-0.397965067590529,0.0156134915847035,0.0182451266176339,0.00503876902837766,0.00738535771751246,0.00260581304610562,0.00653374676847562,0.00127904660573834,0.00543178444035054
ENSMFAG00000003880,WDR73,-0.423626608387142,-0.412804401605784,-0.414842578164944,-0.440321328506799,-0.437488112226379,-0.425224791227292,-0.385982809560087,-0.431839399639034,0.00847617198139287,0.0114133764930467,0.0042579444762936,0.00324226857569953,0.00165922715504036,0.00446003746818047,0.00279352270219467,0.0038991411036869
ENSMFAG00000016945,KLHL25,0.41275447815523,0.404558850252545,0.431269068229122,0.427259650951715,0.459170738841416,0.431455020148001,0.423331131237037,0.427794307468633,0.0087209422969036,0.0120523458016359,0.00359425061993855,0.00400911144761825,0.00128657508622616,0.00415118252953157,0.00138404112566513,0.00407677128083624
ENSMFAG00000030068,ENSMFAG00000030068,-0.322618786660532,-0.329536968252824,-0.352068234492248,-0.352464061086737,-0.373577408725804,-0.346709428468511,-0.392380523579861,-0.36261048533846,0.0298188371448928,0.0281659556763715,0.0105015513610462,0.0118676944945779,0.00491915109160702,0.0133384042543572,0.00246890288110081,0.00942323689921101
ENSMFAG00000044182,IQGAP1,-0.332262424015814,-0.337748374912093,-0.342753079852115,-0.34229298471487,-0.345958547998831,-0.336070007727964,-0.362098952353266,-0.330665796621605,0.0258735781589465,0.0250575569399872,0.0123022053490519,0.0137338186785185,0.00912656243223395,0.0157325171869532,0.00479218813985091,0.0167564952347404
ENSMFAG00000036413,LYSMD4,-0.457759916231363,-0.448388466128939,-0.477620287492618,-0.470632247011042,-0.477212166101239,-0.47089322359929,-0.482274604616838,-0.482141513694768,0.00456719203616751,0.00763957381952836,0.00254364488935603,0.0029394129748456,0.000989888136387945,0.00255041052396858,0.00062700957908818,0.00150050919398948
ENSMFAG00000041311,CHSY1,0.324888046708227,0.311887134638409,0.333205753949584,0.318410096683686,0.343019571417974,0.301669294601499,0.318750545072187,0.323207780591,0.0288349117827934,0.0352769116730078,0.0147774577847586,0.0217678449661669,0.00981439529665969,0.0310148791665062,0.0134041252498797,0.0197199863799809
ENSMFAG00000001376,SELENOS,-0.32731169922539,-0.314014411124539,-0.337437302641988,-0.331201566540258,-0.360975746098827,-0.343097666897962,-0.331941565881783,-0.342601153859225,0.0279073974237961,0.0343964975439789,0.0137149618956077,0.0170102857451658,0.00639422557222263,0.0140547474518607,0.0098126780573831,0.0130980558741661
ENSMFAG00000001130,TEP1,-0.352466361581897,-0.347981934788789,-0.360295290634154,-0.345585595581822,-0.357467546589738,-0.32821924259791,-0.360034308062755,-0.370586430518774,0.0192680304667736,0.0222238948413968,0.00901028600176204,0.0133615770633753,0.00687578666989667,0.0182657672654387,0.00504163023515154,0.0085148084546877
ENSMFAG00000029604,DAD1,-0.382204286223753,-0.370276577736379,-0.389019737639439,-0.384914693824546,-0.403141024437126,-0.395444672150322,-0.382661370876137,-0.384016120243034,0.0124569360905761,0.0164175645567561,0.00567222647558875,0.00708681831173918,0.00288196604836385,0.00614540671858716,0.00302061334243772,0.00667269174145152
ENSMFAG00000042332,HAUS4,-0.329189930189437,-0.358104788788215,-0.393778540069042,-0.409520729885115,-0.419143946575585,-0.417436609637929,-0.443991675236582,-0.376691256199577,0.0269625297223504,0.0197697116964416,0.00537228219028971,0.00511570966344384,0.00225152724489699,0.00482863426350878,0.00113406659720671,0.00760947286554532
ENSMFAG00000037287,EFS,-0.354071755241564,-0.334553599766069,-0.368093570410392,-0.351159046404089,-0.384518925042417,-0.35045546574881,-0.374657103256966,-0.372177592752082,0.018775306952109,0.0259927914547417,0.00793695642633685,0.0120582740876638,0.00402174202944708,0.0123617458235928,0.00364316782978724,0.00829798842031721
ENSMFAG00000030275,CMTM5,-0.355528127796947,-0.339299825948225,-0.372030084634127,-0.361534872741062,-0.388492508609255,-0.362190040861823,-0.38271383841646,-0.379794209444626,0.0182293302711803,0.0246076851870317,0.00739047532957738,0.0102055758462157,0.00371030306912003,0.0101310617901598,0.00301895694041533,0.00719480610971687
ENSMFAG00000038059,JPH4,0.364745855074426,0.373091452438158,0.411354117792699,0.407485126078322,0.43295759257794,0.401212051367243,0.447235383811778,0.395047936116026,0.0162766522486476,0.0158105052845365,0.00436710958928809,0.00511570966344384,0.00176897889857384,0.00585917447550472,0.00113406659720671,0.00562865869631179
ENSMFAG00000001203,IRF9,-0.321268061891256,-0.312943266239831,-0.337538831364473,-0.327881557350903,-0.344806120442439,-0.338751098837844,-0.344544801525913,-0.32733085664967,0.0307622905056357,0.0348892598190526,0.0136940318050237,0.0181793632230485,0.00941184035103499,0.0150732191412043,0.00725713953194376,0.0179457897885913
ENSMFAG00000032214,ENSMFAG00000032214,-0.319812652063291,-0.33059875702772,-0.362783800473068,-0.366008197021719,-0.385403324831024,-0.372859551405291,-0.398712449657978,-0.360692429656745,0.0314796457603475,0.0275267226190846,0.00869315078792737,0.00939029054057367,0.00395758068787993,0.00847336650365794,0.00218297191420546,0.00964244240420623
ENSMFAG00000000544,FOXG1,0.421559495196969,0.412568046818191,0.432086957300612,0.413444977697246,0.425413636770371,0.40909759992178,0.440533541427145,0.441902171656663,0.00847617198139287,0.0114133764930467,0.00359425061993855,0.00496228021719878,0.00205433724065785,0.00533869860211975,0.00113406659720671,0.00336301435624351
ENSMFAG00000031414,HEATR5A,-0.380628383305002,-0.384376527012885,-0.404590077026032,-0.390835355584484,-0.417438937104286,-0.389777821299006,-0.429334267278651,-0.392253232929589,0.0127269313471705,0.0143876404493387,0.00464258860482776,0.00651196656280408,0.00225975081042415,0.00653374676847562,0.00131908633624484,0.00590457015523795
ENSMFAG00000038734,ENSMFAG00000038734,0.328457633774741,0.329786061661227,0.367849241516269,0.351998266294953,0.371050688962681,0.356135708196279,0.394641557798521,0.371660489272048,0.02721558006608,0.0280731194095952,0.00800682753086054,0.0119353174626887,0.00519369552062203,0.0112239979877686,0.00238578021231211,0.00831438522720277
ENSMFAG00000003879,KLHDC1,-0.306997887509929,-0.30995342173789,-0.324889237645506,-0.339896635061668,-0.338689097673514,-0.328775408709615,-0.323276806881322,-0.319172299851337,0.0390111452527967,0.036296108659002,0.0176340799260724,0.0143042751804254,0.0108623345404781,0.0181466007626634,0.0121143745480015,0.0217093392552625
ENSMFAG00000041636,SAMD4A,0.363234333180877,0.378211022401854,0.398188642050947,0.410163682476858,0.417885247828068,0.400303697116816,0.427282640019991,0.414985714702139,0.0166128517749051,0.0146158534807338,0.00519211666773893,0.00511570966344384,0.00225975081042415,0.00586866664760698,0.00133478072056176,0.00435002102653989
ENSMFAG00000036074,AP5M1,-0.319161794257925,-0.329420074852122,-0.357052667275117,-0.346652266640359,-0.366478820555558,-0.337236409565779,-0.373148693693766,-0.339884090144692,0.0317016269438231,0.0281894147092131,0.00951973320361608,0.0131185969270456,0.00566320742925926,0.0153469391698238,0.00375649071537006,0.013874668298361
ENSMFAG00000043449,CCDC175,-0.346383345563253,-0.353461134374017,-0.386537817617948,-0.389545656481677,-0.406602249111289,-0.37846467909746,-0.380941772889055,-0.356817463197696,0.0209918884936162,0.0207988220264589,0.00597949072033868,0.006552441871111,0.00272243938406226,0.00780487046166616,0.00315072028960776,0.0103715882913201
ENSMFAG00000031365,RTN1,0.332120377326178,0.342003924631105,0.36907128963064,0.356925164478534,0.375550071649007,0.358543633518283,0.40399564925501,0.366259561646784,0.0259045845168546,0.0237899525993447,0.00790503086536254,0.0109247080663691,0.00477123622525861,0.0107761505751577,0.00195171813722178,0.00887971791593918
ENSMFAG00000043168,HSPA2,-0.380261763056971,-0.342680173680993,-0.364726629853226,-0.348500322607768,-0.374932106502043,-0.346337922900612,-0.345556803224756,-0.376654888239,0.0127269313471705,0.0237163634755981,0.00844062692414025,0.0127291104362861,0.00481514731593715,0.0133553068848775,0.00706705988117507,0.00760947286554532
ENSMFAG00000035789,PLEKHG3,-0.34457660709605,-0.332531736665942,-0.37441195076592,-0.357259199049963,-0.389115496047184,-0.356176756235129,-0.393082593000715,-0.378424772187697,0.0215348842681315,0.0265047239415273,0.00715313402636332,0.0109247080663691,0.00367187007948042,0.0112239979877686,0.00243184179764221,0.00738082305948889
ENSMFAG00000045048,RAB15,0.397873853675604,0.407933192270225,0.427882360484684,0.431488402701499,0.451109448421656,0.430302972519634,0.464044682396188,0.408241791713477,0.0100301109757747,0.0120523458016359,0.00359425061993855,0.00369342722108385,0.00136042180433715,0.00415118252953157,0.000931925003402093,0.00468904280675455
ENSMFAG00000038266,PLEKHH1,-0.331959570357233,-0.323469214273908,-0.364988794907277,-0.34973585715434,-0.380240468811825,-0.345599747780687,-0.390519934673007,-0.364873737715032,0.0259045845168546,0.0303283438105209,0.00844062692414025,0.0124219715917021,0.00440510491769118,0.0134585255697248,0.0025218418071974,0.0090169344002497
ENSMFAG00000001102,RDH12,-0.328628041455316,-0.319494325785536,-0.344585453947815,-0.339767765328346,-0.349928840449064,-0.330055284425349,-0.350098193904682,-0.353511000621978,0.0271925498250738,0.0321799460339258,0.0118979958451522,0.0143246582032186,0.00828156821149192,0.0177286185793236,0.00630488202406679,0.010970930800134
ENSMFAG00000003078,ACTN1,0.306111394348129,0.303511711584535,0.336231545248154,0.338532446981833,0.357394102721088,0.334393653538224,0.351400933313872,0.328092607311886,0.0397935791014392,0.0406752135133042,0.014039637024951,0.0146777093719068,0.0068774087086347,0.0162141738023456,0.00608021087263995,0.0176760628586416
ENSMFAG00000000428,ZNF410,-0.475696298975795,-0.475360568479344,-0.495365082140385,-0.492756467896396,-0.501710499857781,-0.481369593416022,-0.491215876103787,-0.484120696966101,0.00350848937027084,0.00763957381952836,0.00195938251203794,0.00231519919490716,0.000874910526216398,0.00255041052396858,0.00062700957908818,0.00149377272495027
ENSMFAG00000039673,ALDH6A1,-0.343490989458214,-0.329195852509891,-0.340834887430418,-0.342979499612737,-0.359644516582197,-0.327683301845323,-0.334370522103347,-0.362225874075204,0.0218101077842618,0.0282091385350778,0.0128374302210914,0.0136946488044364,0.00654361819847649,0.0184252416954184,0.00926596463679811,0.00945250155199781
ENSMFAG00000031273,ABCD4,-0.315041977699367,-0.318150316618983,-0.349271773221946,-0.346886861160408,-0.367018210583793,-0.344629568324013,-0.387148337107167,-0.348168420073965,0.0344235964304072,0.0324362447905086,0.0110494320289679,0.013076499945009,0.00561351477246087,0.0136908868283145,0.00271259990043464,0.0119255766262369
ENSMFAG00000037572,NEK9,-0.318966957998732,-0.337432099147624,-0.36973268775909,-0.374010188629812,-0.386515875714476,-0.367737324615313,-0.404658947006428,-0.348885990491277,0.0318383877324944,0.0251099040105115,0.00780123729103564,0.00800256723950312,0.00388734089071919,0.00932666261047463,0.00192960331665042,0.0117617418079769
ENSMFAG00000031172,BATF,0.313738848885655,0.320842239743838,0.345296890474098,0.34831335404748,0.366032520354524,0.319100269001774,0.352010000396622,0.336067677862992,0.035210404360454,0.031486215413792,0.0117283550080226,0.0127809588501611,0.00572041168614397,0.021742460358887,0.00599810567717135,0.0151055105648849
ENSMFAG00000045727,NGB,0.326343292156761,0.327795065296365,0.328201721709509,0.316977193722254,0.326898096416083,0.311855057492633,0.340257084203922,0.346365280958867,0.0282474641395809,0.0287321368722675,0.0164500138580818,0.0224395450298749,0.0141010241951468,0.0254144777692256,0.00804767759096923,0.0123922646488858
ENSMFAG00000043819,POMT2,-0.33514190730574,-0.32249960100862,-0.358000755009385,-0.346555874940939,-0.364952942610876,-0.334471558238463,-0.352193770098919,-0.358162985238518,0.0243829705097444,0.0306249291659222,0.00927781560481305,0.0131547063127212,0.00586579597002314,0.0162141738023456,0.00597570403792093,0.0101434362385267
ENSMFAG00000036081,GSTZ1,-0.398028181390327,-0.3789811845761,-0.411820569288321,-0.3995606018915,-0.425808786888439,-0.390666697118848,-0.408448152889573,-0.425895988717025,0.0100301109757747,0.014612967581957,0.00436710958928809,0.00579290717659417,0.00203826875574038,0.00652741484202392,0.00177315614993392,0.00407677128083624
ENSMFAG00000044023,TMED8,0.358365435516518,0.356720252745699,0.390471889970057,0.378709865744778,0.406853307264062,0.378072299125411,0.4115522420044,0.382540196601363,0.0174720265333955,0.019785277846334,0.00558367227743306,0.00758694619337519,0.00272243938406226,0.00781563121972411,0.00169583427735449,0.00681980417226744
ENSMFAG00000039426,ISM2,-0.307260435004526,-0.312658183988159,-0.330650924546583,-0.3494860509802,-0.360255636124743,-0.348312138332818,-0.372755930058428,-0.32602520234971,0.0388857178504814,0.0349591699324642,0.0155664060705077,0.0124488269930742,0.00648340757230409,0.0130475462288378,0.00378055219170111,0.0185131432887563
ENSMFAG00000040259,SPTLC2,-0.326644530063963,-0.311862336987675,-0.344810363377913,-0.326246047979924,-0.356845053297364,-0.325335382434398,-0.353148687629171,-0.347237737676524,0.0281616781215652,0.0352769116730078,0.0118266859178435,0.0187378840565093,0.00693694294777313,0.0192610980316218,0.00587848946151427,0.0121843990415245
ENSMFAG00000031358,NRXN3,0.312293782215821,0.312408162380839,0.33644441817299,0.336386031783369,0.359062473584259,0.328992523713883,0.351266480907044,0.34395129540978,0.0361506297045591,0.0351358419013193,0.0139889498515394,0.0152149977022072,0.00659864592827364,0.0180849814107307,0.0060878951805057,0.0128510279478408
ENSMFAG00000042642,KCNK10,-0.370502534986223,-0.366369797269144,-0.413978234568392,-0.406677052035292,-0.439967902517393,-0.392284665725814,-0.430621177130399,-0.415079294005729,0.0147900784240596,0.0174832107150363,0.0042579444762936,0.00521284988941853,0.00161735241299743,0.00644647398137181,0.00127904660573834,0.00435002102653989
ENSMFAG00000039219,CALM1,0.332803230614686,0.335495494729551,0.354499609698925,0.363406321094792,0.372716677765579,0.360574726175414,0.391945083567624,0.356004497441672,0.0256925465731666,0.0257210835886035,0.0100699747872013,0.00987266568116777,0.00497230424933072,0.0103931943160632,0.00248433335724004,0.010521623532036
ENSMFAG00000004536,GPR68,0.329484788109101,0.349416357004381,0.383467638345629,0.390938371907342,0.411466336235871,0.386700271531143,0.410792952562135,0.36921986743163,0.0269037027521503,0.0218467399881274,0.00633012295641881,0.00651196656280408,0.00257849672011281,0.00672925252139438,0.00170851482731497,0.00865226943060681
ENSMFAG00000042928,SERPINA1,-0.382516971914889,-0.352833808243733,-0.366410792766227,-0.344274388320266,-0.370856713197556,-0.338728993912149,-0.346045673293233,-0.376345324119417,0.0124569360905761,0.0208951264503863,0.00825628677624948,0.0135125105526609,0.00519807735094199,0.0150732191412043,0.00698541384632501,0.00760947286554532
ENSMFAG00000042801,CLMN,-0.388695938669225,-0.37327254775069,-0.410025893790074,-0.395367943292743,-0.426267655383575,-0.388383158825079,-0.414625298289786,-0.420419403406582,0.0114980567504156,0.0158105052845365,0.00442295672603359,0.00602415242845664,0.00200319506406815,0.00657184606716834,0.00157301937546162,0.00416508628863503
ENSMFAG00000040198,SYNE3,-0.37223756903904,-0.367621546948661,-0.404627307295176,-0.389941774521648,-0.421042241915979,-0.396856907533682,-0.439041910191763,-0.401123313810991,0.0143431895883686,0.0170505270090351,0.00464258860482776,0.00651196656280408,0.00214748558456414,0.00610929962654093,0.00113406659720671,0.00496297249001785
ENSMFAG00000032487,BCL11B,0.303257052499968,0.319273084906724,0.338202442677651,0.326413668903067,0.329998952688083,0.351707227264934,0.393133669878146,0.33274943310769,0.0417849568180094,0.0321872228722562,0.0135197122538957,0.018687075355857,0.0131514560409362,0.0120863818916415,0.00243184179764221,0.0161005733753452
ENSMFAG00000002756,CYP46A1,0.311953406510782,0.315117010768479,0.36173390033898,0.353539577825914,0.382418105036013,0.347445507701652,0.38901502491905,0.350078818562801,0.0364337316645696,0.0338088286370012,0.00882335933918433,0.011651860928568,0.00422111615385278,0.0132157832366649,0.00260096590790175,0.0115794140184879
ENSMFAG00000044895,BEGAIN,0.362526177211854,0.361964604594961,0.405296658450393,0.404199358622881,0.431082631311727,0.394333075613717,0.430365966377952,0.398643495153454,0.016701803178982,0.0188794746751781,0.00464161409316462,0.00545861067289417,0.00180091321081704,0.00627021093358538,0.00127904660573834,0.00540268186598122
ENSMFAG00000044066,CDC42BPB,0.33607516769306,0.340746127456799,0.363085446867826,0.372267162766902,0.387638858973191,0.358287019766617,0.379897657234248,0.36775836492976,0.0242315468934213,0.0242292209753904,0.00866963139082234,0.0084471826880837,0.00379763796370682,0.0108375252737153,0.00323306681131285,0.00874522526516621
ENSMFAG00000002426,EXOC3L4,0.376584035578873,0.366867949006137,0.40033294704477,0.397080310382196,0.422124157112007,0.386235040298495,0.412667625715601,0.405529199223988,0.0135366767010101,0.0172582342945275,0.00503876902837766,0.00594596400800248,0.00210444929684845,0.00675696723053561,0.00164697559525294,0.00468904280675455
ENSMFAG00000040536,TNFAIP2,0.349379292353594,0.348229296959527,0.387271252887122,0.391032540023736,0.41660527306151,0.393993021130964,0.417756926538681,0.380001616923241,0.0202959663362833,0.0222238948413968,0.00586958483080015,0.00651196656280408,0.00231941386583126,0.00629569414076861,0.00150977439093755,0.0071637162551859
ENSMFAG00000022188,ENSMFAG00000022188,0.318303862068129,0.33050710895848,0.335847819349117,0.33418431581618,0.341512376143227,0.341526217929446,0.351989204391453,0.304532102040813,0.0323450415151962,0.0275299969045015,0.0141307668386521,0.0159194793622571,0.0102104253267615,0.0144992006818723,0.00599810567717135,0.029280875959662
ENSMFAG00000041932,ENSMFAG00000041932,0.310345763511828,0.327122858061532,0.3392299865546,0.337913381205957,0.34776718482739,0.341263690239006,0.358054227191044,0.311473667307636,0.0372831418874114,0.0289853318841187,0.0132401845871206,0.0148238201838755,0.0087697745003003,0.0145490451197249,0.00526291649557475,0.0255701644267117
ENSMFAG00000039506,TMEM179,0.306723443278409,0.323774428265204,0.323777400678579,0.321337083707386,0.326127433355342,0.325163827157049,0.335520975168962,0.3012382949734,0.0393285774665752,0.0302166966214678,0.0181839777640729,0.02061330143763,0.0143004518034381,0.0192828518538163,0.00902780999106325,0.0314488630643976
ENSMFAG00000002494,CEP170B,0.369730213916942,0.382566141809046,0.422612174093284,0.421218908101513,0.445575215722874,0.422522500612737,0.471599395973069,0.408275836209121,0.0149519169839253,0.0143876404493387,0.00389601473185786,0.00431445451282755,0.00144457868667197,0.00464152109497141,0.000799206002874333,0.00468904280675455
ENSMFAG00000037993,JAG2,0.415034565376327,0.410363154302578,0.431800323303148,0.422133823020282,0.450616700469091,0.425458678178561,0.444146934747353,0.417737002234108,0.00847617198139287,0.0119451565544838,0.00359425061993855,0.00430771363531475,0.00136042180433715,0.00446003746818047,0.00113406659720671,0.0042495053160254
ENSMFAG00000034083,NUDT14,0.314068067415079,0.320254410698094,0.356007835197259,0.342454781095926,0.36244364572707,0.343884257696995,0.394197322249391,0.34784116393331,0.0348870266903392,0.0318575489821271,0.00978399158559866,0.0137251544215719,0.0061607520619842,0.013765527446929,0.00240293006274358,0.0120319885886425
ENSMFAG00000035907,CRIP2,0.318260408109863,0.32892164884234,0.371423228811347,0.359982826441229,0.385044139716981,0.349790926475342,0.415185244337095,0.362095346266231,0.0323663102680439,0.0282091385350778,0.00748874707008709,0.0104291620137967,0.00398115103151656,0.0126066714116964,0.00155095993369723,0.00945250155199781
ENSMFAG00000002701,DLL1,-0.32483063408835,-0.313777433269791,-0.353194118249452,-0.341002601298541,-0.373478661448119,-0.330542330154838,-0.371337923215786,-0.360541961169583,0.0288349117827934,0.0345271214177958,0.0102541071774267,0.0140740936881994,0.00491915109160702,0.0175505211355711,0.00385654784464257,0.00965209089880923
ENSMFAG00000044069,ENSMFAG00000044069,-0.334707450339202,-0.323833882797526,-0.347565219164003,-0.330946417315688,-0.363867568735304,-0.331907116687053,-0.360392301838782,-0.343189668899632,0.0246967646188897,0.0302003368492532,0.0112837813826353,0.0170781746166355,0.00598510289586786,0.0171093139780995,0.00498869939753196,0.0129935354921869
ENSMFAG00000004332,MAS1,-0.421280661386056,-0.40454783535036,-0.435310463725823,-0.446724769959984,-0.455376977673067,-0.416366719010467,-0.420077025625841,-0.44598005002026,0.00847617198139287,0.0120523458016359,0.00359425061993855,0.00308114845768266,0.00128745208691343,0.00482863426350878,0.00146569436471677,0.00331094179346129
ENSMFAG00000002297,WASF1,0.345313087071414,0.356963066480583,0.389468499492441,0.3976802399317,0.408108817636342,0.38445554957157,0.429417997895369,0.386268281071222,0.0212241581470267,0.0197697116964416,0.00563564662145903,0.00594596400800248,0.00264058507112963,0.00697401543769973,0.00131908633624484,0.00654597353540044
ENSMFAG00000001386,TSPYL4,0.309009447762213,0.323199360060879,0.341280564202881,0.331481522669933,0.344360605083285,0.328222695432232,0.375145740242507,0.324298959478785,0.0378435741301858,0.0303801561175806,0.0127349827995575,0.0169450202288718,0.00950397331820939,0.0182657672654387,0.00360597557128402,0.0192184207366686
ENSMFAG00000039714,MAN1A1,0.333884407526709,0.343479514583622,0.385736400802868,0.378534529669505,0.40419421576774,0.373464678417584,0.424159196130526,0.385333931589526,0.0251939831494345,0.0235649440950824,0.00607177512238947,0.00759020051088156,0.00285007200262508,0.0084174628885656,0.00136543120434327,0.00659123369106219
ENSMFAG00000008281,MED23,-0.300017200786106,-0.319587997136765,-0.346368498190501,-0.345782615222205,-0.355983740075053,-0.347545597773134,-0.381088745435087,-0.324835779757408,0.0439643208263298,0.0321690249743876,0.011462797915111,0.0133212628412736,0.00710805427436109,0.0132109747221718,0.00314572124469512,0.0190004551179543
ENSMFAG00000002658,SLC2A12,-0.324509704545626,-0.33328284649102,-0.35815632858722,-0.353081789153911,-0.374098376761474,-0.355595152235174,-0.382829138181838,-0.338658285391864,0.0289337505393541,0.0263822765395282,0.00926395594543902,0.011735227588314,0.00486219676045484,0.0113247145190785,0.0030155645449528,0.0143443923600657
ENSMFAG00000037310,SGK1,-0.359467078062372,-0.342246788128792,-0.364977553946835,-0.346138706356156,-0.367650088996792,-0.33147524733714,-0.337792765691116,-0.372976434518419,0.0172467078374972,0.0237895776082706,0.00844062692414025,0.0132161627535558,0.00555925441807601,0.0172545616175971,0.00853586494400867,0.00820758079704301
ENSMFAG00000003984,IFNGR1,-0.343813598446886,-0.34176136519806,-0.364425084208156,-0.353095388998839,-0.376603065234603,-0.358230599085489,-0.373343294194666,-0.349029129575515,0.0217532377317531,0.0238593815704004,0.00846653870295416,0.011735227588314,0.00465549065081368,0.0108375252737153,0.00373822102288882,0.0117617418079769
ENSMFAG00000015355,AIG1,-0.33974252058073,-0.32542947543877,-0.351486227122713,-0.351280236674175,-0.36317050230278,-0.357350150722552,-0.355623574170201,-0.345271539539085,0.0228305708804129,0.0299006255631304,0.0106345222057595,0.0120582740876638,0.00606491402526943,0.0110153482879694,0.00555705012689542,0.0126029738742026
ENSMFAG00000039075,GRM1,0.327314475473834,0.335630749231062,0.375036439571879,0.375275226653312,0.399053939467743,0.364207990703039,0.407432873281441,0.370940871563643,0.0279073974237961,0.0257210835886035,0.00715313402636332,0.00793055028860209,0.00306959932131744,0.00994729514920254,0.00182793050360056,0.00846600336329773
ENSMFAG00000001889,PPP1R14C,0.330386170072159,0.338005207159052,0.363620034204703,0.369619706994713,0.393238356033089,0.360765531167203,0.402862700747693,0.344929215552956,0.0266999192366664,0.025016167091396,0.0085981026528353,0.00888255162114893,0.00344542261320149,0.010367026784482,0.00199982654458048,0.0126190397540009
ENSMFAG00000033880,CNKSR3,-0.335727436487655,-0.315428428709864,-0.33659021715457,-0.313237650726569,-0.340961240649162,-0.312630445684988,-0.326371050318642,-0.354223584063301,0.0242507175028086,0.0335971165802387,0.013948325163231,0.0242991422692654,0.0103275003925947,0.0250668458429407,0.0112693361947022,0.0109029089744589
ENSMFAG00000045432,BVES,-0.406738299276248,-0.398345831024057,-0.429269980021216,-0.40896917341773,-0.432826299170563,-0.418431807708261,-0.454927853759543,-0.43105633240594,0.00937543396099807,0.013075043767625,0.00359425061993855,0.00511570966344384,0.00176897889857384,0.00482863426350878,0.00108526771963774,0.0038991411036869
ENSMFAG00000040175,MCHR2,0.324584946255028,0.318830193322905,0.336065379148093,0.322686270465807,0.330564714195532,0.320827085157252,0.344727498299383,0.353136503230434,0.0289065894885021,0.0322671902840436,0.0140783296144967,0.0199822611642616,0.0130007473269597,0.0209337894714697,0.00721998354031494,0.0110194637802176
ENSMFAG00000046148,FBXL4,-0.380216537624536,-0.38587735014896,-0.396546703890163,-0.396936644278674,-0.406726817450688,-0.39521057300343,-0.409886259965329,-0.382585858670372,0.0127269313471705,0.0143515280926661,0.0052432640970447,0.00594596400800248,0.00272243938406226,0.00615111802821377,0.00173840769332779,0.00681980417226744
ENSMFAG00000040164,CNR1,0.359808878308953,0.351851658375066,0.391840639946749,0.379149431062168,0.405721059523518,0.388172667644829,0.410502569529399,0.390054777417941,0.0171059509754554,0.0212934784692732,0.00547908690148833,0.00751299062999087,0.00280876677136284,0.00659693746278081,0.00171138874407674,0.00612409564883867
ENSMFAG00000034992,ENSMFAG00000034992,0.369780438560176,0.357283548321094,0.395925109670614,0.379967375386253,0.40084418835764,0.385041293150869,0.410022451098822,0.402950361410596,0.0149519169839253,0.0197697116964416,0.00526095949381533,0.00751299062999087,0.00300444372964835,0.00695240343770644,0.00173101429878341,0.00485947759688039
ENSMFAG00000030866,HTR1E,0.320685223884523,0.317907623836777,0.360180868977817,0.361220830759106,0.386083829619517,0.363162991532617,0.37619832891796,0.358410587260581,0.0309966628214901,0.0324762689575899,0.00901028600176204,0.0102388437933941,0.00389286954893822,0.0100642837011338,0.00353325059068218,0.0100534241504532
ENSMFAG00000036090,CYB5R4,-0.312542609214138,-0.32871834437158,-0.354518569048361,-0.349572326216835,-0.37423092780714,-0.338883045136902,-0.383657221449985,-0.348424144418656,0.0359775985334959,0.0282911237920362,0.0100699747872013,0.0124347158348504,0.00485653611055572,0.0150248565706698,0.00293973831188821,0.0118415235739037
ENSMFAG00000010683,TPBG,0.443412046756872,0.420950112894642,0.420319144188388,0.418871235234674,0.415565776334452,0.40710098542157,0.368069061405613,0.449634515554919,0.00584922726323227,0.0102848375990455,0.00406176755166096,0.00449310750583743,0.00234831028947943,0.00533869860211975,0.00415450832269938,0.00323293952261831
ENSMFAG00000040052,BCKDHB,-0.359810797489792,-0.352749598760704,-0.348535822654152,-0.351201975474839,-0.356422285431678,-0.334473352692398,-0.334074995930544,-0.354004747083061,0.0171059509754554,0.0208951264503863,0.0111413323595381,0.0120582740876638,0.00704044162335318,0.0162141738023456,0.00933559344651179,0.0109029089744589
ENSMFAG00000032893,HMGN3,-0.336641488259574,-0.370616983251658,-0.401509410066629,-0.411383308554104,-0.422179188651385,-0.427279727440225,-0.449706217682054,-0.360252861893783,0.023917989711373,0.0164175645567561,0.00491553410612588,0.00511570966344384,0.00210444929684845,0.00435320229060621,0.00111311463681047,0.00965209089880923
ENSMFAG00000043879,BAG2,0.303818501849621,0.310404766988972,0.342702908674563,0.339305265329967,0.359610360049458,0.335865419279992,0.381445533316846,0.35324634727386,0.0414751250357222,0.0359145721943128,0.0123022053490519,0.0143922213291421,0.00654361819847649,0.0158088363911235,0.00313133997327938,0.0110098748241216
ENSMFAG00000041390,HCRTR2,0.339771958208487,0.339925430308826,0.350606179467956,0.338194283364298,0.343462899135552,0.332908279123193,0.352796621028541,0.37235378785227,0.0228305708804129,0.0243963718470887,0.0107579296914737,0.0147479970966439,0.00969939759577233,0.0168100473220814,0.00589857631656375,0.00827889974141179
ENSMFAG00000031318,GCLC,-0.325577257185195,-0.309081004218634,-0.339294489877737,-0.31254205870354,-0.336620057913225,-0.316220534467281,-0.349578635708579,-0.35293981145777,0.0286031016701764,0.0370399770848684,0.0132373103626183,0.024645018470117,0.011369917792068,0.0232361596619685,0.00636902131849034,0.0110439382279312
ENSMFAG00000040521,ELOVL5,-0.366003772693326,-0.347508527944278,-0.372172817552129,-0.370399024547818,-0.393295038278626,-0.357663775099274,-0.359669624490443,-0.361968042129552,0.0158137243088179,0.0222238948413968,0.00738546123577083,0.00876142159443704,0.00344542261320149,0.0109515000996414,0.00508172350114173,0.00945250155199781
ENSMFAG00000034108,MEP1A,0.337859203140563,0.342131313315852,0.351296177884273,0.343043923023814,0.350314022948674,0.352232518889413,0.356771600378166,0.35628522278409,0.0235504765048589,0.0237895776082706,0.0106505143729753,0.0136946488044364,0.00821608385878295,0.0119518083421605,0.0053796662923435,0.0104642006103102
ENSMFAG00000037986,SLC35B2,-0.312521896919176,-0.313286254897325,-0.345135102187199,-0.343880515412914,-0.367341278585706,-0.329657439163835,-0.361716567398708,-0.355592058339852,0.0359775985334959,0.0347475490612088,0.011760148770281,0.0135432476460027,0.00558900503121853,0.017810966476218,0.00482604051355702,0.0105916310240265
ENSMFAG00000030989,TJAP1,-0.32532013363177,-0.319448475332303,-0.364401333567422,-0.346137609936443,-0.379160384177307,-0.3525270702708,-0.390312118832418,-0.360923860651733,0.0286426682209027,0.0321799460339258,0.00846653870295416,0.0132161627535558,0.00449742461398411,0.0118972213825639,0.00253549475552446,0.00964244240420623
ENSMFAG00000034632,TTBK1,0.308656296929926,0.31837390390184,0.33500263105541,0.358008877635351,0.359836291923582,0.371595884946506,0.34501054096085,0.298801678699111,0.0380765681549051,0.0324258672343055,0.0143857107690169,0.0108688587387862,0.00654361819847649,0.00860990343375144,0.00718052170926652,0.0329085238991708
ENSMFAG00000043125,SRF,0.314173817633654,0.324015378650252,0.340526883091055,0.342944462113382,0.361624059093438,0.327248435027367,0.375789517846065,0.320849460747326,0.0348663052868341,0.0302003368492532,0.0128979661028576,0.0136946488044364,0.00632035188302149,0.0185727827138143,0.00356616459421006,0.0208484557700198
ENSMFAG00000003547,RRP36,-0.319263855630921,-0.324586572902168,-0.358974145254501,-0.357526645706671,-0.377197944011691,-0.351926086954664,-0.376315031453865,-0.353926536535085,0.0316831936301558,0.0301432111158428,0.00919753320526292,0.0109247080663691,0.00460206560413644,0.0120273114036201,0.00352421414523756,0.0109029089744589
ENSMFAG00000027007,MEA1,0.328282147759102,0.332802888647654,0.354463107710079,0.343924669426302,0.359807468482896,0.332224225438182,0.381384778942578,0.345043521758445,0.0272725504116917,0.0264488951617593,0.0100699747872013,0.0135432476460027,0.00654361819847649,0.0170141320360445,0.00313626895237587,0.0126029738742026
ENSMFAG00000040195,TFEB,-0.330167178657608,-0.319290324445298,-0.354033744972847,-0.338875224986872,-0.368385146197967,-0.339329774204608,-0.378599210139354,-0.360396488005227,0.0267547856623872,0.0321872228722562,0.0101385897064967,0.0145694844848192,0.00548597301382666,0.0149455397527895,0.00334512622626108,0.00965209089880923
ENSMFAG00000030647,MOCS1,-0.390763885686127,-0.373324942348764,-0.378120177010893,-0.352466652603465,-0.355726671026763,-0.337263998916986,-0.373342691064247,-0.416755759913495,0.0113319166246574,0.0158105052845365,0.00687552713367965,0.0118676944945779,0.00714612888981059,0.0153469391698238,0.00373822102288882,0.00431383904918485
ENSMFAG00000036168,DAAM2,-0.367110470517526,-0.359025115603148,-0.393623664815068,-0.374374576065003,-0.39962017698867,-0.378221555260408,-0.419020407744748,-0.403715004205904,0.0156134915847035,0.0197673751555277,0.00537228219028971,0.00799358920613536,0.00306959932131744,0.00781563121972411,0.00149777097105995,0.00485947759688039
ENSMFAG00000046219,KCNK17,-0.346063189263039,-0.343310544943157,-0.382071789039475,-0.38265944447373,-0.408572315822206,-0.356487662282415,-0.366562209555903,-0.382215140788536,0.0210749562371238,0.0235974534110451,0.00648451350269598,0.00740545648276643,0.00260783253181232,0.0111598391989216,0.00428193655940627,0.00683916768930636
ENSMFAG00000026422,ENSMFAG00000026422,0.302577848985763,0.300532252930537,0.316112543086487,0.31997901260655,0.330298928557731,0.333621930153121,0.325734712578587,0.275684032066732,0.0423309940188833,0.0431090573280171,0.0214503142038957,0.0211644567560346,0.0130881301799675,0.0164516527102745,0.0114493069234015,0.0507963968074061
ENSMFAG00000042025,MTCH1,0.306034200604208,0.318185252289441,0.354180975287929,0.342443736203138,0.363282618650206,0.345808763692901,0.398708974935904,0.337660439437922,0.0398013728761423,0.0324358166627349,0.010121946845129,0.0137251544215719,0.00606149992741039,0.0134489792928934,0.00218297191420546,0.0146060252696539
ENSMFAG00000030074,ENSMFAG00000030074,0.305409826863393,0.321369525085262,0.334254059659893,0.324725555976373,0.333333650118227,0.3405651886007,0.391612775601447,0.322470106846095,0.0402742265108366,0.0310974073689156,0.0145801155227271,0.0192800683388242,0.0122219203345849,0.0146408980470805,0.00248433335724004,0.0200826180417104
ENSMFAG00000039268,CPNE5,0.306526880182202,0.318908176358466,0.350412532291536,0.343896270426417,0.359049274877971,0.338083902798405,0.402046499717723,0.342486479446446,0.0394822270776779,0.0322059108568179,0.0107730370618278,0.0135432476460027,0.00659864592827364,0.0151887053570039,0.00201201486077238,0.0131125283303552
ENSMFAG00000033116,KCTD20,-0.31677483632273,-0.319457660335992,-0.352555597637298,-0.334772870033847,-0.362688342248982,-0.325420277166133,-0.372106019598867,-0.350799997702645,0.0332380703168331,0.0321799460339258,0.010437012400562,0.0157417459939883,0.00613400608694242,0.0192300176867174,0.00382004458284418,0.0114648617251503
ENSMFAG00000040598,PNPLA1,0.365943373263647,0.359024497641575,0.372007408504339,0.384157281135266,0.408670469610551,0.376210281857204,0.391788805345677,0.365965719305828,0.0158137243088179,0.0197673751555277,0.00739047532957738,0.00720258932374027,0.00260581304610562,0.00798217656722021,0.00248433335724004,0.00889914681507409
ENSMFAG00000045766,MAPK13,0.381799419191303,0.363988296880854,0.358704946184008,0.347070108575605,0.354723622380951,0.354317125040496,0.342872863692097,0.366256538185454,0.0124569360905761,0.0182451266176339,0.00921560457927788,0.013076499945009,0.00734409640478854,0.0115529411908604,0.00757093059841783,0.00887971791593918
ENSMFAG00000036381,PACSIN1,0.396077411286431,0.406168692607012,0.441149307589992,0.445920101710971,0.470245537365755,0.435147910783126,0.472625496499426,0.427512886074959,0.0102083654980867,0.0120523458016359,0.00335018204821934,0.00308114845768266,0.000989888136387945,0.00389785553487244,0.000775994573216665,0.00407677128083624
ENSMFAG00000042647,NUDT3,0.39408318003264,0.401092375828904,0.413901220823785,0.418674152891537,0.434179385637349,0.420494976568583,0.456020248781935,0.407508907548089,0.0105873619301916,0.0123873360222438,0.0042579444762936,0.00449310750583743,0.00172985853437186,0.0047457504117466,0.00107330588674465,0.00468904280675455
ENSMFAG00000000942,TAPBP,0.301322781336803,0.30041645226516,0.337980137031957,0.337682496458562,0.358028417272204,0.338575071155215,0.36079037491804,0.318926249555691,0.0432799498267393,0.0432250399781445,0.0135922802992855,0.0148592360804886,0.00678798865150032,0.0151077821827269,0.00494996613259793,0.0217558143931647
ENSMFAG00000038982,RF00276,-0.36032115201119,-0.375721201960864,-0.365463730427442,-0.388176725124928,-0.387089042149167,-0.388384586144231,-0.39944472515211,-0.359093148151943,0.0170619033457601,0.0153183829709152,0.00839534516431446,0.00669842801589947,0.00382460577118796,0.00657184606716834,0.00215632314434754,0.00985277567461606
ENSMFAG00000043119,APOM,-0.364716162099571,-0.380564443843929,-0.375113406782149,-0.397133142340216,-0.411897487031086,-0.407657078510611,-0.399508293920893,-0.367402268969779,0.0162766522486476,0.0143876404493387,0.00715313402636332,0.00594596400800248,0.00257294501742069,0.00533869860211975,0.00215632314434754,0.00875620055565224
ENSMFAG00000046964,ENSMFAG00000046964,-0.339709429793855,-0.337161419991778,-0.347455622791242,-0.347534579295664,-0.354025992116882,-0.360072389058729,-0.367486866622439,-0.35763033782691,0.0228305708804129,0.0251151437809974,0.0112837813826353,0.0129343332739375,0.00749072825718418,0.0105206246668345,0.00417766508758384,0.0102153921306146
ENSMFAG00000037244,MOG,-0.338717867418451,-0.328956111513859,-0.373770061406176,-0.36186502133949,-0.397464540529151,-0.363419471059076,-0.395376457992513,-0.369584893594695,0.0231666079370769,0.0282091385350778,0.00724517834194762,0.0101238478331607,0.00318032068737247,0.0100563846976497,0.0023524463728027,0.00858746565730806
ENSMFAG00000002333,ZKSCAN8,-0.325869341489561,-0.350881653836974,-0.378057579144751,-0.3771704070306,-0.390302822570711,-0.378160697333868,-0.421637341019733,-0.35396447811349,0.02858317727702,0.0214889719013142,0.00687967710788,0.00763640491769139,0.00365774823788953,0.00781563121972411,0.00143816501997566,0.0109029089744589
ENSMFAG00000012407,ENSMFAG00000012407,-0.3180585941222,-0.328882127210179,-0.348525864063148,-0.356102385983696,-0.3671995772896,-0.354795747031179,-0.365024144934212,-0.336707093575071,0.0325361374012957,0.0282130542404183,0.0111413323595381,0.0110454166702068,0.00558900503121853,0.0114299751365176,0.00446791110014641,0.0149590345452692
ENSMFAG00000017291,ZNF322,-0.309668251684192,-0.315038561450534,-0.347467849010372,-0.328429701340544,-0.351749347003246,-0.339597642938596,-0.358584423547769,-0.31897101487369,0.0376151864786229,0.0338088286370012,0.0112837813826353,0.0179600730972392,0.00787405968124113,0.0148662042604806,0.00519744109355092,0.0217514628491837
ENSMFAG00000000799,HFE,-0.363401105113629,-0.370813593260415,-0.390214793967721,-0.379391899503831,-0.397908347444443,-0.366228538771158,-0.410959700747634,-0.383314540823156,0.0165419557054704,0.0164175645567561,0.00560804775409567,0.00751299062999087,0.00314486528373729,0.00946844095941654,0.00170676531612461,0.00677832221137089
ENSMFAG00000003628,E2F3,0.382090684283189,0.383003990093983,0.417285048074744,0.414241019854541,0.441664300622818,0.426911152931289,0.459240859656516,0.411648968532502,0.0124569360905761,0.0143876404493387,0.00423470309501476,0.00484959952602194,0.00154951809363773,0.00437364300144971,0.0010124002330266,0.00435002102653989
ENSMFAG00000042536,DTNBP1,0.313364255211667,0.334256236287424,0.370517597323365,0.377326576028521,0.391883415423669,0.366096270440537,0.4169007324081,0.362021094248369,0.0354561064252346,0.0260412048139915,0.00767158595714848,0.00763640491769139,0.00355696884444095,0.00948286034299698,0.00150977439093755,0.00945250155199781
ENSMFAG00000023380,RAB9A,-0.343325750726513,-0.338031081471634,-0.366388306935253,-0.358436656427281,-0.381752236478138,-0.355850479161847,-0.386605446180085,-0.359177924616518,0.0218101077842618,0.025016167091396,0.00825628677624948,0.0107766536481787,0.00425969941365523,0.0112834209808497,0.00276274452612318,0.00983158288553568
ENSMFAG00000000059,GEMIN8,-0.361400960585449,-0.35836366838332,-0.3806420326104,-0.378986120881118,-0.40365473942257,-0.378097914761761,-0.393614466801621,-0.370006145473869,0.0169098341280024,0.0197673751555277,0.0065897179961248,0.00751299062999087,0.00285007200262508,0.00781563121972411,0.0024288448103408,0.0085665137173689
ENSMFAG00000046118,PIGA,-0.341335497235937,-0.334564925763687,-0.366404797056917,-0.359551681181384,-0.383819564095208,-0.357037878726424,-0.382950675670195,-0.368936854151877,0.0225500713794897,0.0259927914547417,0.00825628677624948,0.0105032400877055,0.00409535949789775,0.0110640205488991,0.0030155645449528,0.00865226943060681
ENSMFAG00000039194,ACE2,-0.42037101823513,-0.394669022240328,-0.401006163636056,-0.393194095695443,-0.410656433780407,-0.386985859599529,-0.370656081960987,-0.414549379173775,0.00847617198139287,0.0133195302930201,0.00496836856997843,0.00627907343378745,0.00260183231431639,0.00672240605502025,0.00392582824367932,0.00435002102653989
ENSMFAG00000045948,ENSMFAG00000045948,-0.332871221358883,-0.322454683709176,-0.339171565087585,-0.341108753596709,-0.360781858663806,-0.327792730945967,-0.33947319549431,-0.343870151870741,0.0256925465731666,0.0306249291659222,0.0132401845871206,0.0140606782828079,0.00643391308850843,0.0184252416954184,0.00820223322384082,0.0128550002147331
ENSMFAG00000032152,PPEF1,0.356751323205149,0.336253016159376,0.356602540505386,0.336714813971988,0.357995091351391,0.326688128784579,0.354383786526999,0.389921446238013,0.0179032187483185,0.025423936292649,0.00965128487389329,0.0151215902479863,0.00678798865150032,0.0188033264438372,0.00571440246102575,0.00612409564883867
ENSMFAG00000044106,PHKA2,-0.325633370238457,-0.337155107430152,-0.365268130820342,-0.369389439508338,-0.381324976606269,-0.348033456610928,-0.374599136869785,-0.352664117328527,0.0286031016701764,0.0251151437809974,0.00843375735202941,0.00888255162114893,0.00428773806603684,0.01309737758848,0.00364448533388151,0.0110439382279312
ENSMFAG00000001073,ADGRG2,0.340736071449054,0.32324093952335,0.366504872207411,0.354985164634374,0.385771466966413,0.35623713593563,0.36337353018791,0.366631222818011,0.0225787597830768,0.0303801561175806,0.00825628677624948,0.0112688972623839,0.00393161962805179,0.0112239979877686,0.00465644520212053,0.00887728107790633
ENSMFAG00000005540,ARX,0.433336155073945,0.441468871906112,0.4579837561086,0.455603116073693,0.467689346373673,0.447520645045419,0.469274436144907,0.458090115873995,0.00695995989849057,0.00763957381952836,0.00280486164953807,0.00295507918739082,0.000989888136387945,0.00389785553487244,0.000825220399028625,0.00244458127045355
ENSMFAG00000031879,PRRG1,-0.337742910635717,-0.320490249359137,-0.346718860088892,-0.329706355146849,-0.359001893196118,-0.333780242849881,-0.360813909970922,-0.352747122851532,0.0235909577415457,0.031738525705482,0.0113582676246106,0.0175263552642176,0.00660559895409604,0.0163792484079936,0.0049487599588609,0.0110439382279312
ENSMFAG00000000690,MED14,-0.369032980793219,-0.361611125281371,-0.381034492849517,-0.377498286075444,-0.395831744209776,-0.379901246906948,-0.377283037202373,-0.366703827748042,0.0151486944115327,0.0188794746751781,0.00657337153764715,0.00763640491769139,0.00334117997388463,0.00766672910054746,0.00344870099393093,0.00887394180201622
ENSMFAG00000045810,ENSMFAG00000045810,-0.362041240594084,-0.341659672475943,-0.350593479384098,-0.335597459954787,-0.340660548711565,-0.318715433462061,-0.315530548483414,-0.370764982271066,0.016833419947231,0.0238761146626701,0.0107579296914737,0.0154817192144905,0.0103901305487361,0.0219651617802483,0.0144229855830026,0.00849005485593657
ENSMFAG00000036805,SYN1,0.303549417358328,0.315827361229817,0.349934267480172,0.344645332546015,0.356896895087474,0.348400414034127,0.399070533583627,0.34990313863332,0.0416189506592301,0.0333069764073041,0.0108985067437071,0.0134855317247405,0.00693178576667951,0.0130200358917779,0.00216122218988129,0.0116154441572611
ENSMFAG00000045738,TBC1D25,0.305552982699673,0.317007237657305,0.346929207933767,0.335745886940035,0.346060178839,0.331604470195874,0.386781996294259,0.333747129053593,0.0401324841895411,0.0327836905950248,0.0113383928980145,0.0154153226038283,0.00911544358533089,0.0172098998352412,0.00274765048477856,0.0157709909479754
ENSMFAG00000038642,WDR13,0.370527093078863,0.370478246013145,0.408780333046276,0.402642681417629,0.433354407908087,0.391780859130209,0.43485660512321,0.39368489697755,0.0147900784240596,0.0164175645567561,0.00450614822747283,0.00556546264970992,0.00176323710223606,0.00644647398137181,0.0011868417708378,0.00571879174289046
ENSMFAG00000042131,SUV39H1,0.348703190225378,0.353192930830836,0.379255314141557,0.368991873056219,0.393254890995467,0.364818951148822,0.409375688803133,0.378401808983072,0.0202959663362833,0.020883805619373,0.00674280064019494,0.00890485652924437,0.00344542261320149,0.00980808896545219,0.00177014617616421,0.00738082305948889
ENSMFAG00000039347,OTUD5,0.312319007315218,0.342352668158854,0.361009009940088,0.354175967098374,0.368213533320937,0.354739827308462,0.416868407564524,0.328758209236771,0.0361506297045591,0.0237895776082706,0.00894808650474886,0.0115312721161869,0.0055015642888179,0.011432909818364,0.00150977439093755,0.0174283002346313
ENSMFAG00000042129,SHROOM4,-0.313709462039029,-0.304630401851028,-0.34281987222937,-0.328136793203227,-0.361483792709219,-0.324987204444833,-0.369403570716126,-0.345012440529414,0.0352174625944837,0.0400704100077577,0.0123022053490519,0.0180915235889986,0.0063290282913472,0.0193016412271833,0.00405311147081852,0.0126029738742026
ENSMFAG00000043929,NUDT10,0.316341097182812,0.329705504683541,0.36860316487074,0.36087504430526,0.384730622164263,0.35891671327314,0.420891270574516,0.363998432489156,0.0334543781060822,0.0280898767154971,0.00792899835433792,0.0103143298081266,0.00399830245842177,0.0106730502884986,0.00144195555235924,0.00916088165084031
ENSMFAG00000034276,TSPYL2,0.338391448702748,0.342083468106338,0.363773371656256,0.352332350720367,0.364621804965325,0.335672175674814,0.378312264387504,0.370920616053829,0.0233297879345712,0.0237899525993447,0.00859300580444826,0.0119164828927148,0.0058932292473341,0.0158316319409219,0.00335766774514155,0.00846600336329773
ENSMFAG00000037994,IQSEC2,0.380989896924927,0.388909560009623,0.430417345383727,0.429708552938978,0.454933932221262,0.424954718754054,0.469930439867871,0.419921964561119,0.0127269313471705,0.0139736147847816,0.00359425061993855,0.00369342722108385,0.00128745208691343,0.00446003746818047,0.000825220399028625,0.00416508628863503
ENSMFAG00000036532,PHF8,-0.33236187794992,-0.336420787824985,-0.373488536878149,-0.36657976016483,-0.386142499382731,-0.367428586233392,-0.408649729058226,-0.368946874387575,0.0258537903438705,0.025423936292649,0.00725229561428914,0.00932477492667296,0.00389286954893822,0.00933282319660507,0.00177315614993392,0.00865226943060681
ENSMFAG00000001080,ARHGEF9,0.36089207388161,0.380867935675441,0.411241597534447,0.40768274557704,0.425234123746661,0.418743938302274,0.479857042772982,0.393112047749935,0.0169588331126379,0.0143876404493387,0.00436710958928809,0.00511570966344384,0.00205961791324809,0.00482863426350878,0.00062700957908818,0.00575665621446435
ENSMFAG00000003948,AWAT2,0.30902326447069,0.333431463051295,0.363583163110226,0.366026535689128,0.37611050141678,0.362197348411655,0.402771916993085,0.351275183097742,0.0378435741301858,0.0263445316717254,0.0085981026528353,0.00939029054057367,0.00471861832415892,0.0101310617901598,0.00200133531254718,0.0113801369283025
ENSMFAG00000001576,NEXMIF,0.30936084041059,0.322267716027961,0.347369358437865,0.352214715505092,0.364106725832419,0.346036744806991,0.395831209792599,0.362077555367026,0.0377467653567589,0.0306249291659222,0.0112837813826353,0.0119353174626887,0.00596138969475315,0.0134152330052033,0.00233847534792537,0.00945250155199781
ENSMFAG00000041203,ABCB7,-0.313543444619865,-0.32905935913189,-0.369216116569972,-0.368410919388789,-0.39558142527139,-0.363569387172437,-0.408572532485583,-0.350461270250168,0.0353669983143003,0.0282091385350778,0.00786918948208534,0.00901008518925964,0.0033680577817921,0.0100557522760877,0.00177315614993392,0.0115239850316146
ENSMFAG00000045225,SRPX2,0.355292222679889,0.354571858447662,0.37756308642947,0.364399683941325,0.371404842673702,0.356681566763739,0.396245595689915,0.369747376192661,0.0183030917667841,0.0204384410306558,0.00691452963489165,0.00971167453804275,0.00515515084988224,0.0111174764926517,0.0023247314177576,0.00858648912148499
ENSMFAG00000037008,TMEM31,-0.31595058393337,-0.307908094276915,-0.332110113490363,-0.311379931889541,-0.337223721083204,-0.31534049808355,-0.331687369427356,-0.331984786182817,0.0336685032598656,0.0379672499917365,0.0151197954912046,0.0253661315572317,0.0112140580371811,0.0236026697175023,0.00987800613360802,0.0162948158491874
ENSMFAG00000036633,PLP1,-0.343474508682461,-0.330386720100217,-0.373020543644319,-0.35854820319703,-0.395029351764123,-0.361564768201506,-0.393364785580501,-0.366937139844708,0.0218101077842618,0.0275440145952613,0.00729235113212013,0.0107581784609368,0.00340340281686861,0.0102493126982924,0.00243184179764221,0.00885429011603353
ENSMFAG00000030484,ENSMFAG00000030484,-0.334011758402868,-0.32760263245076,-0.326690616687505,-0.336611414766358,-0.336911339789488,-0.328569024761774,-0.300057335832543,-0.325445280289316,0.025113379637731,0.0287321368722675,0.0168531635878886,0.0151560876561369,0.0113013166920212,0.0181563328882,0.0203582370581852,0.0187554462268546
ENSMFAG00000031556,COL4A5,-0.349670576830752,-0.332945963417584,-0.367391849067203,-0.34831520357584,-0.376415278979398,-0.351204698679012,-0.378568940342455,-0.361405594438372,0.020215471735853,0.0264488951617593,0.00806152906226556,0.0127809588501611,0.00467409185814622,0.0121901784804241,0.00334512622626108,0.00955427784915996
ENSMFAG00000004105,NXT2,-0.366720740786719,-0.347706881986782,-0.363273974814918,-0.348765473428198,-0.367482700800458,-0.348805255679961,-0.334923139161428,-0.366598470471075,0.0156134915847035,0.0222238948413968,0.00866250793599155,0.0126523768391076,0.00556967174286453,0.0129464536694514,0.00916406189156621,0.00887728107790633
ENSMFAG00000000236,DOCK11,-0.308156935607929,-0.324367832426399,-0.348256953624146,-0.341333901172087,-0.351399842914834,-0.335492673251917,-0.379867429807751,-0.334653564157966,0.0383714190296318,0.030158196984128,0.0112086087658529,0.0139900737590997,0.00795429162356037,0.0159061061646957,0.003233463947804,0.015479117821058
ENSMFAG00000026553,LAMP2,-0.32854024985793,-0.318347853874766,-0.357554625615829,-0.343735755110747,-0.370476330797479,-0.3403779366427,-0.368048549253318,-0.345194091518694,0.0271925498250738,0.0324258672343055,0.00941597214278228,0.0135795597262891,0.00524296006116639,0.0146551680715637,0.00415450832269938,0.0126029738742026
ENSMFAG00000003427,ZDHHC9,-0.406664928311841,-0.384012675503233,-0.415975139586966,-0.403321476473465,-0.433628071384499,-0.400586184197232,-0.41033564446181,-0.421234750141956,0.00937543396099807,0.0143876404493387,0.0042579444762936,0.00555562113581086,0.00175742803732514,0.00585917447550472,0.00171847939606895,0.00416508628863503
ENSMFAG00000032757,BCORL1,0.306298738285844,0.316667677811241,0.351722941260848,0.350214510204463,0.365984130466118,0.351011184944643,0.391430076240505,0.345061812091784,0.03959272025128,0.0328803902502013,0.0105824783474355,0.0123042217885586,0.00572041168614397,0.0122255571177927,0.00249054334312567,0.0126029738742026
ENSMFAG00000039094,STK26,-0.316859969946773,-0.322248162000277,-0.363623706079721,-0.362959168390521,-0.38944045722379,-0.371941391146244,-0.400841960364196,-0.334158474341707,0.0331954319197602,0.0306249291659222,0.0085981026528353,0.00991912551065337,0.00367096476000309,0.0085574926203186,0.00210290654883261,0.0156370100520852
ENSMFAG00000030287,SMIM10,0.312876993916825,0.322110017341336,0.355245108980039,0.361410345443321,0.382440209553363,0.355060095605456,0.387956789707874,0.343445818783771,0.0357633164083692,0.0306574370748715,0.00994071603216716,0.0102216275080363,0.00422111615385278,0.0113897826550823,0.00266919239992314,0.0129768412906874
ENSMFAG00000030344,ENSMFAG00000030344,0.331939535504943,0.351000364464108,0.388510236124417,0.379654709492186,0.394616457536392,0.383095613608915,0.441990829008038,0.367455536163499,0.0259045845168546,0.0214889719013142,0.00570613888405207,0.00751299062999087,0.00341284985479361,0.00714819550154067,0.00113406659720671,0.00875620055565224
ENSMFAG00000022450,SMIM10L2B,0.378823308739354,0.380240143997228,0.411702544341348,0.402970513484053,0.420308688236174,0.408014076663899,0.434533771287397,0.390873068037234,0.0130739990698099,0.0143876404493387,0.00436710958928809,0.00556546264970992,0.00216903327183161,0.00533869860211975,0.00118740846860969,0.00601842158033608
ENSMFAG00000040848,ARHGEF6,-0.373349329338188,-0.345284350080085,-0.34517437374895,-0.318686419951741,-0.340899873377366,-0.313269503425925,-0.330014179683024,-0.366233303846668,0.0140842565678575,0.02266498640304,0.0117527298923546,0.0216912999400882,0.0103275003925947,0.0246612649596609,0.010276695785475,0.00887971791593918
ENSMFAG00000040208,PRRG3,0.325589122665977,0.337504788163603,0.372486324972125,0.361522821158333,0.383853216079561,0.36902945758806,0.423935665463673,0.366819029415059,0.0286031016701764,0.0251099040105115,0.00735155848452495,0.0102055758462157,0.00409535949789775,0.00909644278976362,0.00136543120434327,0.00885429011603353
ENSMFAG00000003816,GABRA3,0.32180776562316,0.327653329232389,0.364221449335063,0.353563092638248,0.370341662896769,0.363613286463247,0.407157724557049,0.36860810076674,0.0304498752152284,0.0287321368722675,0.00849922441687411,0.011651860928568,0.00525815350835428,0.0100557522760877,0.00183698568442981,0.00869202978145228
ENSMFAG00000039202,PNCK,0.329732241649417,0.334513996736378,0.37698471099498,0.367337483899615,0.394224538093387,0.35925344564115,0.407446565685233,0.375422349056887,0.0268799970225716,0.0259927914547417,0.00693179129783044,0.00917814893847505,0.00341284985479361,0.0106028684982882,0.00182793050360056,0.00773974081409349
ENSMFAG00000030653,L1CAM,0.300124535702486,0.316741922361052,0.358225786795574,0.350963693683337,0.374872160148204,0.355684566019564,0.415566504908625,0.347917339636869,0.0439191335084766,0.0328669015408869,0.00926395594543902,0.012110027762657,0.00481514731593715,0.0113247145190785,0.00154180597661318,0.012020755233202
ENSMFAG00000043716,AVPR2,0.352771992122434,0.360626361531182,0.37839899955314,0.379060255801947,0.409142051140942,0.359440054792877,0.397394135972685,0.377841277616773,0.0192262238270422,0.0191693889695023,0.00686562810073604,0.00751299062999087,0.00260581304610562,0.0105609671193638,0.00225877328923123,0.0074975887954681
ENSMFAG00000042818,IRAK1,0.360792785850706,0.338536340326078,0.342320195754284,0.342696193287965,0.361061331714362,0.340487472425105,0.317464605388194,0.346484628206432,0.0169588331126379,0.024779828007957,0.0124073729735216,0.0137251544215719,0.00639422557222263,0.0146430577017621,0.0137919959297148,0.0123922646488858
ENSMFAG00000001852,TMLHE,-0.373084733310335,-0.369649499849525,-0.390077931993698,-0.393705999863614,-0.40847396068425,-0.377489061305571,-0.390935894044685,-0.374678187758164,0.0140842565678575,0.0165981367432585,0.0056167074494055,0.00620788685974128,0.00261152335197217,0.00785240097865445,0.00249480164506409,0.00785708391088543
ENSMFAG00000029976,TNKS,-0.403047128518178,-0.374449204726009,-0.384940313504822,-0.360411282212126,-0.391482420786677,-0.34551666404962,-0.360485877756154,-0.397554719780979,0.00970277396239592,0.0158105052845365,0.00620047767835111,0.0103652241808197,0.00359524729314729,0.0134884870028585,0.0049816581406544,0.00543178444035054
ENSMFAG00000030671,SLC7A2,-0.348702163308326,-0.350542677532309,-0.333148786195411,-0.332031876692928,-0.324780384738247,-0.343560307567959,-0.345946762806733,-0.342785915636298,0.0202959663362833,0.0214889719013142,0.0147774577847586,0.0167573703438093,0.0148032013915428,0.0139142537457125,0.00699993712962369,0.0130518821197118
ENSMFAG00000043092,MTUS1,-0.361700093138452,-0.362124842689935,-0.397750149639521,-0.382994834919319,-0.411653219798147,-0.381519070778289,-0.428426004711538,-0.389769196196223,0.0168873048922713,0.0188794746751781,0.00522718531214678,0.00739178227945332,0.00257849672011281,0.00735937121675723,0.00133051292084478,0.00612520076289929
ENSMFAG00000037687,ENSMFAG00000037687,0.361164223168573,0.358449767977126,0.402059407787797,0.398241321846863,0.418660318779634,0.401304560229434,0.433051248429625,0.406067449861927,0.0169117783737564,0.0197673751555277,0.00491553410612588,0.00594596400800248,0.00225152724489699,0.00585917447550472,0.00122743952572219,0.00468904280675455
ENSMFAG00000001770,PSD3,0.35377639537558,0.351049566278721,0.394251317574758,0.388919826764538,0.408794168082874,0.390217430345844,0.424223179227601,0.402500605814742,0.0189230208065485,0.0214889719013142,0.00536333003437481,0.00662341315696237,0.00260581304610562,0.00653374676847562,0.00136543120434327,0.00485947759688039
ENSMFAG00000010460,LZTS1,0.391561914441491,0.381161299962435,0.409838241173512,0.408714878637132,0.427766683529254,0.407606444778614,0.415050540458604,0.415679631307496,0.0110621464694737,0.0143876404493387,0.00443643247248242,0.00511570966344384,0.00195257568598686,0.00533869860211975,0.00155272888367719,0.00435002102653989
ENSMFAG00000036684,DMTN,0.306021549413564,0.30536286767887,0.328611729812744,0.334403510641212,0.338080989216909,0.325145635053322,0.340590374674238,0.302847379030452,0.0398013728761423,0.0395366669185536,0.0163425242710817,0.0158480933755374,0.0109830759820891,0.0192828518538163,0.00799835721785453,0.0303984925856652
ENSMFAG00000038392,EGR3,0.405954036091217,0.393093141097574,0.402695765417252,0.414448541069963,0.421692102786522,0.387413322411428,0.394604107092937,0.407022406986957,0.00946991461056097,0.0133847110622312,0.00484384964674201,0.00484959952602194,0.00212836126088199,0.00671300450560677,0.00238587250264536,0.00468904280675455
ENSMFAG00000001732,DOCK5,-0.378857330961034,-0.371083549202751,-0.411026479867771,-0.394463638738137,-0.427942998703062,-0.39029287934856,-0.430446609401968,-0.4062185944562,0.0130739990698099,0.0164175645567561,0.00436710958928809,0.00608898145304985,0.00195257568598686,0.00653374676847562,0.00127904660573834,0.00468904280675455
ENSMFAG00000030813,ADRA1A,0.33972171396093,0.342144987439891,0.349323805144969,0.347461389874476,0.343522373597927,0.373342329524684,0.369811935318249,0.363095785355004,0.0228305708804129,0.0237895776082706,0.0110433946839479,0.0129431873996276,0.00968356909214077,0.00842599814522814,0.00400349751118434,0.00930478367795069
ENSMFAG00000003719,PTK2B,0.335426615441762,0.32215460703789,0.344806575901609,0.333447005450044,0.349711162481541,0.341519312713827,0.364108712588527,0.343000961475598,0.0242859912838234,0.0306574370748715,0.0118266859178435,0.0161728474271431,0.00833481950651855,0.0144992006818723,0.00457264490305285,0.0130150202654153
ENSMFAG00000038520,KIF13B,-0.335810641539478,-0.323667427195308,-0.363009902248435,-0.344364275341696,-0.376849093541775,-0.342897717532612,-0.385395572743733,-0.36372422933086,0.0242507175028086,0.0302166966214678,0.00866963139082234,0.0134855317247405,0.00463074077460623,0.0141082642672888,0.00283839583976057,0.00921537010902051
ENSMFAG00000031135,ENSMFAG00000031135,0.323884408228311,0.333952006443417,0.365946784443136,0.364149279043014,0.388549253196255,0.36119175528334,0.363241346961556,0.345213307702751,0.0290640217990979,0.0261298609794307,0.00829092576976464,0.00973467803209247,0.00371030306912003,0.0102995274309574,0.00467339662356499,0.0126029738742026
ENSMFAG00000035564,SFRP1,-0.363723005968087,-0.343159605298436,-0.37044006995862,-0.3517622116723,-0.377987518034114,-0.354916778448584,-0.368507144306063,-0.385315885564929,0.0164684642800057,0.0235974534110451,0.00767158595714848,0.0119353174626887,0.00460069087900085,0.0114292024632364,0.00413278797517784,0.00659123369106219
ENSMFAG00000032651,GOLGA7,-0.33751859623076,-0.330948608861875,-0.372965667307635,-0.35894988312935,-0.391426767395884,-0.367417092818224,-0.397927948165801,-0.36927179547754,0.0236978390994062,0.0272993950140338,0.00729235113212013,0.0106426178011987,0.00359524729314729,0.00933282319660507,0.0022330412671684,0.00865142713064721
ENSMFAG00000025645,CHRNA6,0.45571235173909,0.457028604608018,0.461227640206458,0.467637884107126,0.48464748036034,0.440394255295391,0.44774688645455,0.477502818783579,0.00459752140998787,0.00763957381952836,0.00280486164953807,0.0029394129748456,0.000989888136387945,0.00389785553487244,0.00113406659720671,0.00163026671151861
ENSMFAG00000044803,PPDPFL,0.329864161803053,0.322485772325631,0.334629002890051,0.322243206424532,0.318566414094174,0.306641135454524,0.30362605651574,0.34472222112623,0.0268149898240147,0.0306249291659222,0.0144763557954748,0.0201896831869429,0.0169135071180914,0.0282701076176546,0.0187658035107876,0.0126980511957135
ENSMFAG00000000316,ST18,-0.360587522173557,-0.350704190213254,-0.392954119146202,-0.377815144771048,-0.41405998082487,-0.377935534045418,-0.413148909622684,-0.384934525009773,0.0169757974027075,0.0214889719013142,0.00546597302477065,0.00763640491769139,0.00243654883915503,0.0078174267236995,0.0016204390616098,0.00659735488540501
ENSMFAG00000041825,CHD7,-0.317576739886533,-0.30964890873913,-0.344967727937144,-0.322875988204497,-0.358057342472638,-0.31997054629268,-0.368590877203508,-0.342370121909842,0.0328115402357463,0.036446709068275,0.0118056990718397,0.0199496023079796,0.00678798865150032,0.021375246302522,0.00412150066706021,0.0131125283303552
ENSMFAG00000010416,RF00100,-0.412781726125728,-0.415031117942234,-0.409003177047387,-0.417591657722782,-0.423151269437421,-0.402398811769054,-0.41435470609544,-0.422595578294443,0.0087209422969036,0.0110942021719301,0.00450614822747283,0.00460068736716546,0.00210444929684845,0.00580717356524768,0.00157676757186589,0.00416508628863503
ENSMFAG00000013431,CYP7B1,-0.342301353144652,-0.314382836923733,-0.331600917919754,-0.316253100880156,-0.341621472868096,-0.312526954438389,-0.314608949365553,-0.336546490243676,0.0222356117816245,0.0341750168984569,0.0152813331184954,0.02278430112578,0.0101810077653718,0.0250668458429407,0.0147165235116982,0.0150071734178395
ENSMFAG00000030923,VXN,0.352091221550338,0.358437931744752,0.393618952064361,0.392987990717422,0.40866842889374,0.399827197037618,0.433532402833337,0.395650743462191,0.0194056569635805,0.0197673751555277,0.00537228219028971,0.00628554836994786,0.00260581304610562,0.00588854381050181,0.00121003484189742,0.00555766866010301
ENSMFAG00000033253,LACTB2,-0.32666822091933,-0.324082838827592,-0.340473476603127,-0.337963420706102,-0.358729908328411,-0.318280880983873,-0.313129872394488,-0.332283641971784,0.0281616781215652,0.0302003368492532,0.0128979661028576,0.01481504888048,0.00666848480574885,0.0222161174726469,0.0152094944399086,0.0162173260858806
ENSMFAG00000030151,EYA1,-0.43084549330905,-0.442404727019973,-0.433205102088661,-0.443839047861156,-0.439485014087059,-0.433499978857481,-0.434652176712941,-0.433586761994287,0.00712772398814552,0.00763957381952836,0.00359425061993855,0.00309959979627654,0.00162029221639426,0.00394486261532529,0.0011868417708378,0.0038991411036869
ENSMFAG00000043691,MSC,-0.316323629835829,-0.310831628839935,-0.338745197703793,-0.352108348149289,-0.367617795229541,-0.332377821777336,-0.32167882243744,-0.338955104142917,0.0334543781060822,0.0358459116591857,0.0133679675052165,0.0119353174626887,0.00555925441807601,0.0169562903286151,0.0125497845506158,0.0142296626763707
ENSMFAG00000000513,JPH1,0.411536613189144,0.420924460074875,0.447318303676202,0.452593111206393,0.472164879136861,0.452417863857864,0.482500431751527,0.444365890130907,0.00883787184096524,0.0102848375990455,0.00311844791722391,0.00295507918739082,0.000989888136387945,0.00352258618431075,0.00062700957908818,0.00331094179346129
ENSMFAG00000036908,PEX2,-0.406600321510332,-0.402686524126852,-0.429640159876728,-0.44081329768727,-0.454680081372924,-0.421850179742317,-0.435562945977206,-0.432117350602108,0.00937543396099807,0.0120523458016359,0.00359425061993855,0.00324226857569953,0.00128745208691343,0.00464152109497141,0.00117435111153917,0.0038991411036869
ENSMFAG00000047060,ENSMFAG00000047060,0.314288621104398,0.325236503500615,0.368406496693175,0.381274518774619,0.402796606319206,0.376719569898354,0.403903635609064,0.343200019051077,0.0348663052868341,0.0299224839291265,0.00793390257987009,0.00749325055713321,0.00288956743402517,0.00789659908189488,0.00195333649830347,0.0129935354921869
ENSMFAG00000044728,PMP2,-0.383826205848624,-0.353957990651976,-0.362866536390226,-0.340793426879189,-0.364340062760856,-0.335041585261513,-0.342280175382055,-0.377662753656284,0.0123441210686102,0.0207139514994812,0.00867518151454379,0.0140819246733407,0.00592710672162269,0.0160149910159637,0.00764941118314013,0.00752184465230485
ENSMFAG00000027151,CA2,-0.374082863887105,-0.364845689612872,-0.39811202036503,-0.383619778155526,-0.410873629769466,-0.376473991557527,-0.405996136974318,-0.404485906678502,0.0139680943369061,0.0181675085145476,0.00519211666773893,0.00730050885070024,0.00259759052956593,0.00792677877264039,0.00187722744301943,0.00478465345490409
ENSMFAG00000036525,CCNE2,-0.347598293816228,-0.352735802352651,-0.394752922905062,-0.383078726625017,-0.410502254915077,-0.390345626883859,-0.431175788324526,-0.380209628450527,0.0205781712244744,0.0208951264503863,0.00531837133109845,0.00738535771751246,0.00260428766464258,0.00653374676847562,0.00126386728587056,0.00711840334469718
ENSMFAG00000042049,LAPTM4B,-0.30421453721946,-0.302426839663643,-0.340917009495363,-0.327492834656362,-0.350178909855349,-0.319954784148085,-0.360635875843149,-0.346168133599371,0.041143471247981,0.0416584900311193,0.0128346358100362,0.018297439282164,0.00824154213610558,0.021375246302522,0.00497248924939976,0.0123922646488858
ENSMFAG00000000855,STK3,-0.371908984340545,-0.388125805324391,-0.419077269287,-0.41294197063435,-0.437328798778996,-0.407616379214497,-0.450649347847812,-0.395842345327848,0.0144494717661551,0.0139736147847816,0.00415279359288469,0.00500537280302822,0.00165922715504036,0.00533869860211975,0.00111052079015429,0.00555766866010301
ENSMFAG00000022758,ENSMFAG00000022758,0.301205737367112,0.317023692580007,0.336408394112146,0.311607037751153,0.329436752623049,0.324392627132948,0.376657223079944,0.322104528809748,0.0432799498267393,0.0327836905950248,0.0139889498515394,0.0252335780960948,0.0133410529753683,0.0195145178549179,0.00349289459839171,0.0202660752809069
ENSMFAG00000004646,LRP12,-0.311437470019468,-0.318970500581476,-0.364819199222611,-0.352732582000437,-0.377229026721192,-0.346742199325022,-0.387307974197707,-0.345436095303385,0.0365658461183443,0.0322017307335285,0.00844062692414025,0.0117980372496874,0.00460206560413644,0.0133384042543572,0.00270709591552665,0.0125765789113648
ENSMFAG00000045726,ZFPM2,-0.366814248943109,-0.368670676006683,-0.410361575524795,-0.414702282738363,-0.430448238496029,-0.424489427418049,-0.427507017357874,-0.39699108119255,0.0156134915847035,0.0167899337187938,0.00437775677177702,0.00484959952602194,0.00183245396227393,0.00446003746818047,0.00133478072056176,0.00544640002636184
ENSMFAG00000035456,EIF3E,-0.301145932418581,-0.311591198955135,-0.33423812179108,-0.325787302097104,-0.33840688754592,-0.334268841011899,-0.344065580409739,-0.310463042773566,0.0432969255171725,0.0355034287132091,0.0145801155227271,0.0188721823813072,0.0109405391068263,0.0162141738023456,0.00736329262471592,0.0260699804755295
ENSMFAG00000045969,EMC2,-0.314108491862284,-0.306112477539892,-0.317732744541392,-0.303199943019512,-0.317139700963611,-0.314937212932883,-0.300601494869402,-0.297503046733333,0.0348663052868341,0.0390785728973741,0.0208068669658855,0.0296008980520283,0.0175071464046157,0.0238305071606248,0.0201183147118243,0.0336156133656505
ENSMFAG00000031071,TRHR,0.320981737935172,0.325989491579935,0.354499571675416,0.339850408864626,0.349284251517388,0.351283309691689,0.395613859500094,0.362170578622257,0.0309298822307596,0.0296079691239163,0.0100699747872013,0.0143042751804254,0.00842983092912969,0.0121899879434213,0.0023524463728027,0.00945250155199781
ENSMFAG00000002827,ENPP2,-0.383965255734395,-0.372220875573542,-0.41469440824551,-0.394655318214182,-0.427311101724065,-0.402110049082965,-0.430090772429573,-0.408356505528084,0.0123441210686102,0.0159663714206521,0.0042579444762936,0.00608898145304985,0.00196002201392801,0.00580717356524768,0.0012847286988043,0.00468904280675455
ENSMFAG00000040290,DEPTOR,-0.382428792876665,-0.373109152450185,-0.403779892880033,-0.381358668077094,-0.402052912235714,-0.390823265493162,-0.415528784974976,-0.411515164032735,0.0124569360905761,0.0158105052845365,0.00468722945672125,0.00749325055713321,0.0029035061749192,0.00652741484202392,0.00154180597661318,0.00435002102653989
ENSMFAG00000045125,WDYHV1,-0.447675954437058,-0.442498665437644,-0.470526815123831,-0.480494073091647,-0.490780440040078,-0.457545947135995,-0.450780777437507,-0.470750623875724,0.00584922726323227,0.00763957381952836,0.00271618020051077,0.00249047135666598,0.000874910526216398,0.00305250270645687,0.00111052079015429,0.00181503932099458
ENSMFAG00000043833,TMEM65,0.31142915821487,0.310772046795374,0.338625241946472,0.345327452598666,0.365132318427672,0.325281631496135,0.335707088574157,0.325835861542635,0.0365658461183443,0.035866420265906,0.0133974693931208,0.0133615770633753,0.00585584394491261,0.0192717686518697,0.00901003365485942,0.0185490564478397
ENSMFAG00000031164,WASHC5,-0.41609941744701,-0.409857683345987,-0.43178142959218,-0.42392973123517,-0.444981777996105,-0.406878857336668,-0.404815993840737,-0.424507043354371,0.00847617198139287,0.0120408336407223,0.00359425061993855,0.00421241295548932,0.00144457868667197,0.00533869860211975,0.00192960331665042,0.00407677128083624
ENSMFAG00000044300,NDRG1,-0.325795360779245,-0.321772503168275,-0.366301922833097,-0.357760447955726,-0.389860143599239,-0.358997032274298,-0.399300798253542,-0.358625661103694,0.02858317727702,0.0308237529045668,0.00826906557849697,0.0108920637242433,0.00366821711166488,0.0106689759869578,0.00215632314434754,0.0099776212903033
ENSMFAG00000036457,ST3GAL1,0.377421248184636,0.384991296045251,0.395741295503637,0.392814055057916,0.399563011058519,0.40831943364461,0.411438128714199,0.390890717630656,0.0132889649929578,0.0143876404493387,0.00528159502823037,0.00631193610141147,0.00306959932131744,0.00533869860211975,0.00169583427735449,0.00601842158033608
ENSMFAG00000032171,ADGRB1,0.405064088695359,0.414944711365238,0.44400344983174,0.452204020563771,0.467964763870377,0.450782497543801,0.47979620271216,0.431040443345366,0.00960079084194301,0.0110942021719301,0.00325482292147009,0.00295507918739082,0.000989888136387945,0.00353824542405282,0.00062700957908818,0.0038991411036869
ENSMFAG00000044454,LY6E,0.305202957217136,0.31769775507705,0.359240872248572,0.357327281342987,0.381101812304982,0.355598979709543,0.406975650905126,0.335144748447643,0.0404799952608233,0.0324973374645151,0.00917094167512382,0.0109247080663691,0.00430080043211812,0.0113247145190785,0.00184454917477446,0.0153780392157887
ENSMFAG00000035599,IQANK1,0.315243605472094,0.330670128317488,0.374460988330372,0.379738880972702,0.408657771462448,0.368501115122896,0.417982734398907,0.354470551195064,0.0342946293584432,0.0274864383787052,0.00715313402636332,0.00751299062999087,0.00260581304610562,0.00921620921839754,0.00150977439093755,0.0108382468729341
ENSMFAG00000001510,B4GALNT3,0.320777419631307,0.334958295421858,0.372097957741765,0.362619026726171,0.39014728270117,0.370490231304955,0.414418436950013,0.362552307313199,0.0309708783087993,0.025978183033774,0.00739047532957738,0.00997440168120431,0.00366755886367246,0.008692698509762,0.00157676757186589,0.00943198056255696
ENSMFAG00000003113,FBXL14,0.363703692366664,0.374531693165056,0.39990485309001,0.424393808708617,0.441384979274778,0.407625916962753,0.415916169637839,0.367786411988572,0.0164684642800057,0.0158105052845365,0.00503876902837766,0.00421241295548932,0.00154951809363773,0.00533869860211975,0.0015383951504042,0.00874522526516621
ENSMFAG00000035361,ADIPOR2,-0.343176697857007,-0.319674277521883,-0.342692588024065,-0.324491080707855,-0.350949847839993,-0.322737819850161,-0.343752364596186,-0.356331041668327,0.0218101077842618,0.0321690249743876,0.0123022053490519,0.0193095109052624,0.00806163494698131,0.0201599263954449,0.0074014841131993,0.0104642006103102
ENSMFAG00000034485,CD9,-0.401807563255001,-0.394905481092274,-0.428751229074627,-0.420091887502653,-0.447240343480251,-0.420276944678314,-0.451319210458344,-0.423972092888725,0.00970277396239592,0.0133195302930201,0.00359425061993855,0.00442833667223906,0.00137803028004512,0.0047457504117466,0.00111052079015429,0.00409383504892291
ENSMFAG00000043547,CD27,0.335373788474695,0.332217888619856,0.366439378361319,0.36436433301336,0.388019310472928,0.3472190802206,0.371513300655475,0.373051792771066,0.0242859912838234,0.0266778236354778,0.00825628677624948,0.00971167453804275,0.00376071247202929,0.0132176983496539,0.00385174328762419,0.00820758079704301
ENSMFAG00000001518,PIANP,0.348054305352703,0.359271120226451,0.399753959841853,0.391541101656023,0.404352873251482,0.388509991147988,0.444385028012591,0.38854946890395,0.0204754569928484,0.0197673751555277,0.00503876902837766,0.00646949606109491,0.00285007200262508,0.00657184606716834,0.00113406659720671,0.00627364853802542
ENSMFAG00000000118,FAM234B,0.314154467901975,0.307913578112793,0.348117566353707,0.332413005162704,0.358005385672139,0.33684560822761,0.360245569229582,0.332068529005833,0.0348663052868341,0.0379672499917365,0.0112086087658529,0.0165686892595388,0.00678798865150032,0.0154837189554408,0.00500467445691218,0.0162555315649928
ENSMFAG00000029171,LMO3,0.387642691914411,0.377016495885931,0.389417281485352,0.381845480854995,0.381029876836548,0.366969087953094,0.385039353598086,0.419693689005209,0.0117275963545515,0.0149553459013828,0.00563564662145903,0.00745600886310454,0.00430437859887269,0.00933349045769683,0.00286391116254502,0.00416508628863503
ENSMFAG00000035768,PDE3A,-0.304091670546632,-0.301861278567579,-0.310953375476211,-0.315557321821281,-0.32261162988004,-0.308522491444658,-0.316127383790735,-0.334007773204507,0.0412516595319885,0.0421828915811135,0.0238565567135985,0.0231672850678164,0.0154797044677781,0.0272443651038118,0.0142266586413036,0.0156896524359278
ENSMFAG00000032764,CMAS,0.300514481732119,0.324871040619626,0.357265560622967,0.359221814800391,0.372146216750697,0.354432828804593,0.412006693255653,0.349147169316631,0.0436601210979574,0.0301030528024042,0.00947095683658152,0.0106164742170268,0.00505952750955821,0.011546967440901,0.0016839830774801,0.0117617418079769
ENSMFAG00000045319,SLC2A13,0.462506542405246,0.442535747291849,0.45730085030841,0.447132293760994,0.467991299871805,0.44315039694756,0.426527211359551,0.47428080827226,0.00428788577825795,0.00763957381952836,0.00280486164953807,0.00308114845768266,0.000989888136387945,0.00389785553487244,0.00135191039770473,0.00181503932099458
ENSMFAG00000002382,PPHLN1,-0.302122962989725,-0.312360002409807,-0.320464344333258,-0.31906254675839,-0.329358683268125,-0.338443263427354,-0.316671724362146,-0.287366262618853,0.0427880257102886,0.0351358419013193,0.019669964932479,0.0215660487954713,0.0133584569470732,0.0151170767182111,0.0140339830349912,0.0405182796349946
ENSMFAG00000032703,IRAK4,-0.336421893418205,-0.334297520406548,-0.360503908823176,-0.355329572850199,-0.377474209872245,-0.363781164053623,-0.375229818521938,-0.350035166698535,0.0240240591011713,0.0260412048139915,0.00899333817248817,0.0112041539539043,0.00460206560413644,0.0100557522760877,0.00360597557128402,0.0115794140184879
ENSMFAG00000036236,AMIGO2,0.388599238020499,0.390222893691683,0.42181820734788,0.414307308670079,0.438215931380456,0.404282721685741,0.440911822906474,0.434570134406529,0.0114980567504156,0.0139354657844546,0.00395128240768182,0.00484959952602194,0.00165510539950366,0.00559954830701566,0.00113406659720671,0.00382844231003148
ENSMFAG00000001564,ENSMFAG00000001564,-0.305117563557784,-0.319260955916401,-0.35360678849889,-0.354796670102291,-0.369423921614379,-0.358751472631276,-0.385201412509165,-0.330368538458463,0.0405011390673568,0.0321872228722562,0.010208633415832,0.0113308427403154,0.00536813548940673,0.0107109545841921,0.00284999759404217,0.0168187841414956
ENSMFAG00000039042,KANSL2,-0.378162525752756,-0.387984674616903,-0.399503376840405,-0.405038466655056,-0.404588844290926,-0.384062181060043,-0.4011247929693,-0.398496737181094,0.0131174467252699,0.0139736147847816,0.00503876902837766,0.00545861067289417,0.00285007200262508,0.00702450006670192,0.00207868347384129,0.00540268186598122
ENSMFAG00000036847,ARF3,0.307205629169402,0.322867585208809,0.357423352561933,0.347033779606458,0.370713476381051,0.345191442396081,0.408473854165019,0.343186885346854,0.0389021956878965,0.0305236751027651,0.00943242307364228,0.013076499945009,0.00521681101771052,0.0135467980647788,0.00177315614993392,0.0129935354921869
ENSMFAG00000034644,WNT1,0.328363972424986,0.333815223020935,0.369629285461319,0.358238949840241,0.380505326804862,0.345394863866771,0.395412455293974,0.367566137821572,0.0272500552494116,0.0261444024327261,0.00780441470674053,0.010802277405737,0.00437796795836899,0.0135160794497297,0.0023524463728027,0.00874522526516621
ENSMFAG00000045110,KCNH3,0.302174095519212,0.309114387583551,0.343927500869312,0.349632150610605,0.366883174723369,0.341987397939249,0.36542376132184,0.30764349108697,0.0427457306162391,0.0370399770848684,0.0120351393826451,0.0124219715917021,0.00563287501033509,0.0144028782214723,0.00441506426092855,0.0275260033378397
ENSMFAG00000031797,DIP2B,-0.368514755476809,-0.344418540646695,-0.368099448383865,-0.353958817956585,-0.385663320647168,-0.344104991317083,-0.35845373510768,-0.378119243836542,0.015292880819246,0.0230833661262521,0.00793695642633685,0.0115885897553782,0.00393161962805179,0.0137647973673732,0.00521302619510218,0.00744072516737972
ENSMFAG00000003818,SLC11A2,-0.311018618901093,-0.310127676423322,-0.339182589772427,-0.334104761579449,-0.35233898361361,-0.316191174732883,-0.356856238336565,-0.349429130044216,0.0368768641636199,0.0361565737504947,0.0132401845871206,0.0159387208324586,0.0077871448216477,0.0232361596619685,0.00537187283722616,0.0117611454938415
ENSMFAG00000031673,GALNT6,-0.323922057725282,-0.33629956605249,-0.386837894380437,-0.375205638510998,-0.399467859269396,-0.396287966609666,-0.432176079306419,-0.353369852917815,0.0290530615807747,0.025423936292649,0.00595334165245073,0.00793055028860209,0.00306959932131744,0.00610929962654093,0.00123804676841463,0.0109942855256725
ENSMFAG00000025968,FIGNL2,0.379876890613075,0.370676555282483,0.406069055311334,0.391926212035332,0.423858708531219,0.388377046067087,0.415416379903541,0.405996968136831,0.0127424887421238,0.0164175645567561,0.00464161409316462,0.00645196957868528,0.00207836329665903,0.00657184606716834,0.00154180597661318,0.00468904280675455
ENSMFAG00000043847,ANKRD33,0.332708124799163,0.328030078032844,0.374243714708331,0.374036451444528,0.403078786092366,0.364878098713803,0.390268250407347,0.369567038864349,0.0256925465731666,0.028558805130708,0.00715969674434579,0.00800256723950312,0.00288196604836385,0.0098005693034837,0.00253620778370922,0.00858746565730806
ENSMFAG00000041403,GRASP,0.342926150329748,0.350154126926117,0.383410870831811,0.38196796141265,0.410405202642737,0.375780786986485,0.421123286653277,0.368113590595073,0.0219215854120895,0.0216302878812085,0.00633012295641881,0.00745600886310454,0.00260428766464258,0.00801820381424235,0.00144195555235924,0.00870825265107414
ENSMFAG00000014166,ENSMFAG00000014166,0.311665441525271,0.317763092616801,0.34733977243153,0.339858779148641,0.357481614799484,0.338324303787015,0.389840483789226,0.352689718022508,0.0365503481601907,0.0324973374645151,0.0112837813826353,0.0143042751804254,0.00687578666989667,0.0151400925349131,0.00255588422824629,0.0110439382279312
ENSMFAG00000034594,KRT84,0.333171754747678,0.31781297396977,0.334357509992861,0.31077158333177,0.325950684129622,0.312247332027647,0.314100062985261,0.348257258662144,0.0255618598108181,0.0324775730314548,0.0145801155227271,0.0256873957297643,0.0143622396489574,0.0251926022258174,0.0148728225787482,0.0118957724623552
ENSMFAG00000001094,KRT3,0.326628346867419,0.325320295639498,0.333492408218021,0.320852446216507,0.343663348772098,0.340643825412723,0.362046234091286,0.319863882251213,0.0281616781215652,0.0299079912032156,0.0147248197535437,0.020778448660637,0.00965096146593436,0.014610008553208,0.00479917847295705,0.0214045852820024
ENSMFAG00000045267,SP1,-0.344559702524271,-0.356927860882439,-0.39900623392887,-0.39593897448604,-0.422610043641988,-0.399066522689809,-0.441311799434633,-0.376119827546254,0.0215348842681315,0.0197697116964416,0.00505522471364589,0.00599306729313274,0.00210444929684845,0.0059457128862001,0.00113406659720671,0.00760947286554532
ENSMFAG00000033293,PDE1B,0.360166885061552,0.350072755103664,0.36592526239847,0.366392641667275,0.380477637432108,0.356303845732338,0.351168449586831,0.363520454983971,0.0170619033457601,0.0216302878812085,0.00829092576976464,0.00932888301640586,0.00437796795836899,0.0112134406603402,0.00610462870616912,0.0092517088087908
ENSMFAG00000040171,ERBB3,-0.374253150699422,-0.35761714316579,-0.398092540070729,-0.380954772976012,-0.416101121297834,-0.384255259569181,-0.411649831109828,-0.393695393385679,0.0139680943369061,0.0197697116964416,0.00519211666773893,0.00749325055713321,0.00233895984551307,0.00698374293358834,0.00169583427735449,0.00571879174289046
ENSMFAG00000032745,GLI1,0.336570336213189,0.32935412875764,0.333059198290317,0.316214116753182,0.33127304500126,0.329082245979698,0.345666390423241,0.355966667337776,0.0239266618115915,0.0281894147092131,0.014817250035547,0.0227888941216446,0.012804688976147,0.0180758078899558,0.0070473878614339,0.010521623532036
ENSMFAG00000040121,PIP4K2C,0.358633518707295,0.353522637124904,0.38146725073735,0.370875161710106,0.39106469730726,0.37972284125542,0.397777243563009,0.372278913021265,0.0174491869640912,0.0207988220264589,0.00650239305982334,0.00867710614526398,0.00361099299526574,0.00768940751131122,0.0022330412671684,0.00828905551528788
ENSMFAG00000043848,ENSMFAG00000043848,0.400360268719665,0.396270240353115,0.395923303553653,0.396277135410062,0.405108643317826,0.408725940783086,0.400322271651248,0.387694975536846,0.00991060119903743,0.013075043767625,0.00526095949381533,0.00597201019518991,0.00285007200262508,0.00533869860211975,0.00213145403428889,0.00634181003681771
ENSMFAG00000000465,AGAP2,0.304156187698074,0.321152368320445,0.361742102103051,0.357160458424188,0.38152767604258,0.353920877665832,0.415828601686621,0.347609199083669,0.0411973639854668,0.0312750564079864,0.00882335933918433,0.0109247080663691,0.00428243923159958,0.0116370149842619,0.00154071011197867,0.0120676823442058
ENSMFAG00000043769,CDK4,-0.379787801527397,-0.364856807925139,-0.361570114056028,-0.360330716686953,-0.368291636286302,-0.359901048130527,-0.33323387834742,-0.373067229109216,0.0127424887421238,0.0181675085145476,0.00885986136701467,0.01038220124864,0.00548936399380943,0.0105490544509764,0.00952510232984346,0.00820758079704301
ENSMFAG00000045511,LRIG3,-0.309716422901846,-0.303977341784733,-0.331848586890988,-0.325156547073496,-0.334659996703621,-0.325572931737379,-0.333980991863707,-0.309228301903245,0.0376151864786229,0.0405031549780796,0.0151943997292848,0.0191308063603913,0.0118772949175338,0.0192139791751836,0.00935581970396929,0.0267159733780872
ENSMFAG00000005455,RF00015,-0.356714181316592,-0.364598720128655,-0.355520263620027,-0.37052354580711,-0.366129291907277,-0.368935467673331,-0.37177397954642,-0.34404987020194,0.0179032187483185,0.0181869983556715,0.00987560974960321,0.0087343643878881,0.00571025265452521,0.0091151031800302,0.00383288325549587,0.0128258252299602
ENSMFAG00000013420,RF00019,-0.313173646323145,-0.316447215070049,-0.323875332668509,-0.325925038045804,-0.310579156225699,-0.321265339039418,-0.337895649339113,-0.314995300896474,0.0356256298668675,0.0329566436366107,0.0181296629211942,0.0188545666759212,0.0199977156191749,0.020761295116794,0.00853320539512544,0.0236402472219155
ENSMFAG00000031622,MSRB3,-0.317618725656474,-0.337940056607904,-0.374883788329577,-0.375901166941155,-0.388796028208385,-0.37846237667255,-0.41054921562495,-0.368855212048096,0.0328115402357463,0.025016167091396,0.00715313402636332,0.00783740696475643,0.00369790484103264,0.00780487046166616,0.00171138874407674,0.00865226943060681
ENSMFAG00000032759,DYRK2,0.309164417956656,0.321802956490711,0.350418387633189,0.349970051924218,0.371826730902052,0.344762323042025,0.399220373630073,0.345011141357911,0.0377822693671207,0.030819992864278,0.0107730370618278,0.0123530770393612,0.00509261595813298,0.0136751011908728,0.00215745967955952,0.0126029738742026
ENSMFAG00000033853,CSRP2,-0.300068191121002,-0.310155613843059,-0.333763805218939,-0.358534789492136,-0.365799800848793,-0.356934504710111,-0.315529404800185,-0.3022222736314,0.043945705883851,0.036151113787187,0.0146868384346892,0.0107581784609368,0.00575489685245422,0.0110640205488991,0.0144229855830026,0.030719491825018
ENSMFAG00000044289,NAV3,0.31456272597835,0.32032447933216,0.347129216957272,0.347929588695463,0.369026975361493,0.33147283154763,0.384518009379561,0.359638581490661,0.0347382381899124,0.0318380718702483,0.0113024531393508,0.0128530716198227,0.00540419729768438,0.0172545616175971,0.00290008499573473,0.00972500803938263
ENSMFAG00000038030,TMTC2,-0.413588355497008,-0.404464313657566,-0.440736228550912,-0.430843516957597,-0.460805339810767,-0.434926737962278,-0.462371402643837,-0.433160445319281,0.0087209422969036,0.0120523458016359,0.00335018204821934,0.00369342722108385,0.00126634997083988,0.00389785553487244,0.000935379952755783,0.0038991411036869
ENSMFAG00000041353,ENSMFAG00000041353,0.351663271291481,0.351262464730397,0.379912478010957,0.36934054281408,0.397749530266566,0.361352303306942,0.392599420193276,0.383283844823431,0.0195478163128469,0.0214889719013142,0.00670276710220578,0.00888255162114893,0.00315320799169366,0.0102788006178277,0.00246223510570548,0.00677832221137089
ENSMFAG00000032876,C12orf29,-0.304459780959236,-0.304035198040182,-0.342512396508435,-0.324346658978352,-0.343299117666994,-0.324264082629495,-0.356943441364074,-0.322232121922908,0.0408816959551625,0.0404783813208405,0.0123354433395007,0.0193751599578603,0.00973443766984576,0.0195287796966965,0.00536484257027761,0.0202113537210334
ENSMFAG00000038546,DUSP6,0.302969192504547,0.30379441808149,0.322004575710321,0.328599927230416,0.352574761601965,0.31476734215941,0.331568163722672,0.335784402252085,0.0420842554895697,0.0405975006642711,0.0190049770059123,0.0178853999864053,0.00776008298972644,0.0238488173189186,0.00989160862744407,0.0151606675268324
ENSMFAG00000043490,POC1B,-0.41539239166893,-0.414861007162212,-0.442918450449705,-0.435256619020747,-0.451835456472253,-0.433016386507247,-0.450943981379898,-0.425092435846128,0.00847617198139287,0.0110942021719301,0.00325482292147009,0.00340852719111331,0.00133444402441422,0.00397455960695614,0.00111052079015429,0.00407677128083624
ENSMFAG00000035819,NUDT4,0.376563116104026,0.346305900929289,0.334355153200671,0.323924964869422,0.335271324140134,0.324236094220962,0.310278163527721,0.369979720601232,0.0135366767010101,0.0222238948413968,0.0145801155227271,0.0195626476158845,0.0117608852198265,0.0195355219606817,0.0161560383715358,0.0085665137173689
ENSMFAG00000000142,TMCC3,-0.321253108754154,-0.303085105336457,-0.333385866879412,-0.311525016632887,-0.342572297330253,-0.307859770304122,-0.341728556866142,-0.341080443878097,0.0307622905056357,0.0410020575421747,0.014763091625835,0.025278593375683,0.0099183007888903,0.0275993250443695,0.00777768949180859,0.0135004479099276
ENSMFAG00000010407,RF01963,0.374271875981324,0.372732858383007,0.384171880719654,0.37126273978773,0.39306394934081,0.36715106682723,0.390998482370944,0.402954166717691,0.0139680943369061,0.015931727743154,0.00626548191044363,0.00864494564064344,0.00346171763245748,0.00933282319660507,0.00249480164506409,0.00485947759688039
ENSMFAG00000018750,RF01964,0.310740394506232,0.306051226052276,0.318015613940057,0.310347008688023,0.32693992904476,0.307671072818677,0.327339638248445,0.341130044309772,0.0370920587588978,0.0390835505079377,0.0206905672823759,0.0258595227263582,0.0140945268089642,0.0276327657800093,0.0110048776900549,0.0135004216594533
ENSMFAG00000014621,RF01965,0.366666898278433,0.37223955638601,0.387557677373197,0.375444588259698,0.403951433423806,0.377552107202883,0.405000315937216,0.397358660014015,0.0156134915847035,0.0159663714206521,0.0058571949803225,0.00793055028860209,0.00285007200262508,0.00785240097865445,0.00192960331665042,0.00543178444035054
ENSMFAG00000014795,RF01966,0.350674551997957,0.347869552437808,0.366082180285739,0.351224799564374,0.37375020943165,0.344302358272574,0.367812421365689,0.381738218829186,0.0201050458419968,0.0222238948413968,0.0082841169564169,0.0120582740876638,0.00490515284066583,0.0137647973673732,0.00417050918761089,0.00691816101166681
ENSMFAG00000015187,RF01967,0.361611897751821,0.355590036061014,0.364760841097511,0.356621527554511,0.377302943913309,0.350598836239655,0.369269641834,0.385324608248066,0.0168873048922713,0.0199834793612846,0.00844062692414025,0.0109454949280391,0.00460206560413644,0.0123499880191906,0.00406958864919273,0.00659123369106219
ENSMFAG00000018615,RF01969,0.397731994942342,0.395069236258987,0.406476875645907,0.397145401601377,0.418789829721972,0.392914858260851,0.406471866449139,0.419571937691748,0.0100301109757747,0.0133195302930201,0.00464161409316462,0.00594596400800248,0.00225152724489699,0.00644647398137181,0.00186177958203086,0.00416508628863503
ENSMFAG00000010630,RF01970,0.37609787562324,0.372052236047801,0.386543780645823,0.378597840546365,0.399489925482574,0.373775173687423,0.392979941626936,0.401952226369752,0.0135366767010101,0.0159663714206521,0.00597949072033868,0.007587437256191,0.00306959932131744,0.00837675255868445,0.00243371940313518,0.00488933662046314
ENSMFAG00000015852,RF01971,0.328392608141868,0.328924640082158,0.343759946710823,0.329453384162242,0.349433380565702,0.325317561518865,0.359526249387443,0.364961194467764,0.0272500552494116,0.0282091385350778,0.0120732319576068,0.0175620538800691,0.00840212611610822,0.0192610980316218,0.00509005208788382,0.0090169344002497
ENSMFAG00000047041,ENSMFAG00000047041,0.301291014999181,0.307702530674147,0.351177130199976,0.338575366851401,0.370073896375649,0.347962545908086,0.388778391455128,0.341157552827732,0.0432799498267393,0.0379954775350883,0.010680192150471,0.0146744153855795,0.00528953708992315,0.01309737758848,0.00260834242149917,0.0135004216594533
ENSMFAG00000000710,NUP37,-0.381997927367604,-0.403127869245357,-0.435969483782837,-0.434743782817931,-0.453473131768411,-0.443850171054439,-0.457653391035011,-0.401946107648136,0.0124569360905761,0.0120523458016359,0.00359425061993855,0.00344318486293413,0.00130226710507543,0.00389785553487244,0.00106747248226813,0.00488933662046314
ENSMFAG00000047081,ENSMFAG00000047081,-0.32873709750417,-0.337303291332349,-0.332596369803498,-0.345351726725112,-0.340371636406142,-0.347625744690216,-0.325936111358704,-0.332413687720859,0.0271639870819248,0.0251099040105115,0.0149817386021614,0.0133615770633753,0.0104750129033811,0.0131989633959585,0.0114126366151921,0.0162047249234347
ENSMFAG00000042033,TCP11L2,-0.389438062556394,-0.37696857808586,-0.415788373507342,-0.397223171789481,-0.426268141933131,-0.39893855740102,-0.427046722909386,-0.414429830766554,0.0114640513118436,0.0149553459013828,0.0042579444762936,0.00594596400800248,0.00200319506406815,0.0059457128862001,0.00134520113164058,0.00435002102653989
ENSMFAG00000033712,SVOP,0.387415761933672,0.394625616152447,0.425081934539797,0.414442766523322,0.437057241726919,0.421820846972252,0.463752787895297,0.411448861219157,0.0117275963545515,0.0133195302930201,0.00374742528908521,0.00484959952602194,0.00165922715504036,0.00464152109497141,0.000931925003402093,0.00435002102653989
ENSMFAG00000036762,ANKRD13A,-0.352860731325171,-0.353230472388423,-0.392611778978327,-0.387337413684405,-0.412804140545303,-0.374452374674567,-0.419317357084251,-0.386978039461672,0.0191964687648129,0.020883805619373,0.00547908690148833,0.00677988078428101,0.00249964928496802,0.00818989909834324,0.00148945718076067,0.00645526469287797
ENSMFAG00000037746,MAPKAPK5,-0.311602190746932,-0.315863913785347,-0.341290374892871,-0.339636774878528,-0.342344177878048,-0.341727802650802,-0.342380770892498,-0.333125857304395,0.0365650152388413,0.0333069764073041,0.0127349827995575,0.0143354113329592,0.00997398755312234,0.0144489706436302,0.00763566362389033,0.015939707903911
ENSMFAG00000003369,DTX1,0.341948322385873,0.337830630614422,0.356377354306345,0.348690858693131,0.364114520064476,0.347505917593706,0.371045453112311,0.348724640996065,0.0223149253998366,0.0250575569399872,0.00969313699022673,0.012668469820395,0.00596138969475315,0.0132157832366649,0.00389159845480538,0.0118010680919177
ENSMFAG00000042933,KSR2,0.349217823226839,0.361661846361134,0.397049816494988,0.402128024578836,0.411331130607453,0.409644919161944,0.440760872191246,0.382451648493309,0.0202959663362833,0.0188794746751781,0.0052432640970447,0.0055861470951765,0.00258469435972489,0.00533869860211975,0.00113406659720671,0.00682285955156607
ENSMFAG00000038285,LRRC43,-0.304582262952245,-0.301687930799735,-0.332015372283127,-0.344435255221317,-0.358222493121063,-0.328898746329233,-0.347570240034412,-0.336441260472386,0.04076762030958,0.0423214162367015,0.0151525851409272,0.0134855317247405,0.00676094828197866,0.0181039077508743,0.00673383830904153,0.0150367884458742
ENSMFAG00000038312,DENR,0.316233044860765,0.33193600246411,0.352182487218562,0.345366868485422,0.364710980513436,0.346439736595925,0.406919773049318,0.35577330140512,0.0334747924420841,0.0268627469087774,0.0105015513610462,0.0133615770633753,0.00588556082857566,0.0133553068848775,0.00184454917477446,0.0105637338270917
ENSMFAG00000039847,ATP6V0A2,-0.305671593818804,-0.319638378149903,-0.350217680187934,-0.339316991160956,-0.362601670466662,-0.323760492139797,-0.387473746922902,-0.342938037734361,0.0400545503308634,0.0321690249743876,0.0108082928176934,0.0143922213291421,0.00614440198605185,0.0196918939499009,0.00270389462851222,0.0130227576391473
ENSMFAG00000028497,AACS,0.311911654077954,0.301500194268984,0.321726268186953,0.318188324709968,0.343392922246285,0.328692769909857,0.336465062603357,0.32706240118463,0.0364337316645696,0.0424314428577975,0.019104755588523,0.0218622576417725,0.00970537064672309,0.0181563328882,0.00881993984469523,0.0180403648497318
ENSMFAG00000031345,MMP17,0.402495986981091,0.38823674233029,0.404410617453708,0.399990371686846,0.413604500015716,0.408101035048672,0.404190650585237,0.410106741796547,0.00970277396239592,0.0139736147847816,0.0046552939317405,0.00578497246348166,0.002456599030116,0.00533869860211975,0.00194084824918502,0.00448858209483161
ENSMFAG00000041938,ULK1,0.347821381602575,0.346411589990395,0.354131408883104,0.357718954465155,0.362777571324493,0.359766198570852,0.369981033797314,0.349271718103582,0.0205781712244744,0.0222238948413968,0.010121946845129,0.010895147381744,0.00612640685381595,0.0105490544509764,0.00399546218617742,0.0117617418079769
ENSMFAG00000046675,ENSMFAG00000046675,0.465354799906765,0.436671968419484,0.452471428324606,0.436987918426058,0.448978312587721,0.416371849652863,0.420000784570977,0.48966477671552,0.00410703492021828,0.00763957381952836,0.00281818541043335,0.00333153926786278,0.00137248984612157,0.00482863426350878,0.00146569436471677,0.00140822715483028
ENSMFAG00000038416,PRKCQ,-0.390527506994852,-0.356817374392188,-0.367160305179916,-0.345343757682984,-0.37323033119831,-0.341993354939098,-0.333434358210789,-0.397857942828874,0.0113416249751617,0.0197697116964416,0.00811354355980412,0.0133615770633753,0.00494171688760461,0.0144028782214723,0.00949133533170922,0.00543178444035054
ENSMFAG00000046518,ENSMFAG00000046518,0.362906449904326,0.355558274608679,0.382038754212694,0.377790129760511,0.405966990008113,0.36291692099589,0.376396227813254,0.391127992688062,0.016684538843772,0.0199834793612846,0.00648451350269598,0.00763640491769139,0.00279851760596206,0.0101153520005299,0.00351872685345377,0.00598852259112196
ENSMFAG00000032814,DHTKD1,-0.301592961479364,-0.314697553865919,-0.335442105899371,-0.345738760823684,-0.353777355362297,-0.333850076515898,-0.373295465967649,-0.336071476467144,0.0431116853128119,0.0340504507753423,0.0142339951837249,0.0133264925190521,0.00753061992358549,0.0163493545498053,0.00373822102288882,0.0151055105648849
ENSMFAG00000045740,NUDT5,-0.306666825141372,-0.306521404104472,-0.332650465012773,-0.313962357601497,-0.337167797465601,-0.303751841640856,-0.340748988736407,-0.333922906953789,0.0393771977150835,0.0387728201264258,0.0149734561399637,0.0239036946728241,0.0112237746474604,0.0299581676435932,0.00797279279858355,0.0157046808934672
ENSMFAG00000002654,BEND7,-0.39564313470884,-0.394318445585366,-0.421646292773275,-0.40788046720593,-0.427954433361126,-0.396412184163086,-0.438302305120429,-0.413691927909804,0.0102683095144295,0.0133195302930201,0.00395128240768182,0.00511570966344384,0.00195257568598686,0.00610929962654093,0.00113406659720671,0.00435002102653989
ENSMFAG00000036972,FAM107B,-0.324408082028444,-0.311321520890316,-0.353985281802104,-0.336038263193723,-0.372780314997606,-0.340919745122937,-0.373139786114233,-0.345701254281616,0.0289766461946545,0.0355459433540563,0.0101385897064967,0.0153200495311792,0.00497230424933072,0.014574515689522,0.00375649071537006,0.0125097293620402
ENSMFAG00000000598,DCLRE1C,-0.323176023457433,-0.324910291313573,-0.359074365107543,-0.350477296704992,-0.368394609626728,-0.342510837573886,-0.396494508014312,-0.362070713545574,0.0293676798785734,0.0301030528024042,0.00919212810962539,0.012254802338643,0.00548597301382666,0.0141804007584479,0.00230882696164571,0.00945250155199781
ENSMFAG00000030948,CUBN,0.306538861915228,0.304003241115456,0.333626373711849,0.337653353188039,0.339129887522523,0.355790288111985,0.359834053172836,0.334376893276313,0.0394822270776779,0.0404950016913469,0.0147039111280139,0.014863008783727,0.0107491359240552,0.0112958752432387,0.0050654158240834,0.0155567322388993
ENSMFAG00000032494,MIR1915HG,0.442500705550206,0.431968343882481,0.459513934526531,0.458315339082715,0.470566563790648,0.440168355286049,0.450342470914298,0.454873891843284,0.00584922726323227,0.00839999152065103,0.00280486164953807,0.00295507918739082,0.000989888136387945,0.00389785553487244,0.00111052079015429,0.00281216977588473
ENSMFAG00000034612,ITGB1,-0.302910693357952,-0.303115764668161,-0.329895753718926,-0.317175421985942,-0.34116744032882,-0.307317659447587,-0.348006606495423,-0.316568926021296,0.042110513540909,0.0409871153427686,0.0158528259851318,0.0223472803586043,0.01029201073079,0.0278999402758103,0.00664534610248403,0.0228610623508524
ENSMFAG00000044046,CREM,0.344465204423339,0.354189532012673,0.396661872711745,0.395202960818538,0.415854031260013,0.39583117322221,0.438040005142862,0.397308993478076,0.0215348842681315,0.0206149072440901,0.0052432640970447,0.00604562445629797,0.00233993438548434,0.00611240475755148,0.00113406659720671,0.00543178444035054
ENSMFAG00000021184,HNRNPF,-0.406444830177445,-0.3894947348751,-0.421431066322545,-0.404761042477107,-0.432028687959414,-0.417702492459461,-0.422434217776916,-0.41830889719584,0.00937543396099807,0.0139565305321819,0.00395128240768182,0.00545861067289417,0.00176897889857384,0.00482863426350878,0.00140326940553752,0.00416526726550516
ENSMFAG00000038768,ZNF487,-0.337341965708619,-0.347888070748761,-0.367534717849486,-0.374424335366068,-0.3862198794987,-0.363984042281518,-0.372889452028208,-0.371791070425212,0.0237990065942378,0.0222238948413968,0.00806008519536925,0.00799358920613536,0.00389286954893822,0.010020735855636,0.00377430955895014,0.00830302743321598
ENSMFAG00000032618,ZNF32,-0.324800056390184,-0.330163688185577,-0.360634167028921,-0.359009257121432,-0.380221796056146,-0.360885984798706,-0.392540143578437,-0.364193407406378,0.0288349117827934,0.0277432857475159,0.00899027209878341,0.0106329193281252,0.00440510491769118,0.0103447422691096,0.00246532074078557,0.00914857441353555
ENSMFAG00000031803,RASSF4,-0.30702287471806,-0.308952721936105,-0.348056943807107,-0.340732627642462,-0.364730798088875,-0.336076925129511,-0.381088306640497,-0.346326382593503,0.0390111452527967,0.0371435810046057,0.0112086087658529,0.0140890347454492,0.00588556082857566,0.0157325171869532,0.00314572124469512,0.0123922646488858
ENSMFAG00000031409,DRGX,-0.329941065679016,-0.32537527260486,-0.326929580005108,-0.336545408409176,-0.338246430758902,-0.347469379135814,-0.339712687162496,-0.300962347261082,0.026794172461513,0.0299006255631304,0.0167729351602327,0.0151817623278283,0.0109522320047642,0.0132157832366649,0.00813860544426984,0.0315772743738509
ENSMFAG00000039537,ENSMFAG00000039537,0.34727703795281,0.347633509463818,0.377373111772743,0.359901098814247,0.389798710474043,0.365291920580886,0.401737299047339,0.362302059918418,0.0206722658255072,0.0222238948413968,0.00691452963489165,0.0104291620137967,0.00366821711166488,0.00971461595948427,0.00203032750385539,0.00945250155199781
ENSMFAG00000003086,ZCCHC24,-0.31335450509954,-0.300899434387351,-0.334173550578694,-0.315104518689656,-0.346658152613591,-0.316847814997134,-0.350781031427939,-0.3376332228867,0.0354561064252346,0.0428469856366481,0.0145829822813332,0.0233727005827567,0.00904930539595468,0.023021757646493,0.0061822053181238,0.0146060252696539
ENSMFAG00000029353,DUSP13,0.362734232110223,0.363021823440503,0.391684025074483,0.397598714457527,0.417405034904775,0.400576832908574,0.411275412103028,0.370023419290588,0.016701803178982,0.0184969734253975,0.00547908690148833,0.00594596400800248,0.00225975081042415,0.00585917447550472,0.00169784191642305,0.0085665137173689
ENSMFAG00000045360,AP3M1,-0.356335534822739,-0.347223760326223,-0.355955459346109,-0.36254366661466497,-0.370943805084129,-0.355936643768293,-0.33472191957094,-0.352410173051129,0.0179032187483185,0.0222238948413968,0.00979336326103119,0.00998151155075321,0.00519369552062203,0.0112634372513533,0.0091949434891261,0.0111101694685115
ENSMFAG00000001363,USP54,-0.335446225510319,-0.334791249163945,-0.378242743391434,-0.369910915572992,-0.400486677594816,-0.361286911455511,-0.40753048869945,-0.368870837511643,0.0242859912838234,0.0259927914547417,0.00687552713367965,0.00886188437929334,0.00300444372964835,0.0102908038725074,0.00182793050360056,0.00865226943060681
ENSMFAG00000042558,ASCC1,-0.36070468820725,-0.350726222780903,-0.355664992232569,-0.374575879150191,-0.378565785633484,-0.391662940986846,-0.342359625662781,-0.342802143620693,0.0169757974027075,0.0214889719013142,0.00985209517744608,0.00799358920613536,0.00454338334957864,0.00645061513389063,0.00763789151234932,0.0130518821197118
ENSMFAG00000029206,ENSMFAG00000029206,-0.412428315134317,-0.385162216977059,-0.403392705536688,-0.401447654526114,-0.427594742839962,-0.392016934533809,-0.384209791509453,-0.412009984725614,0.0087209422969036,0.0143876404493387,0.0047522446799798,0.00561256092414266,0.00195701247355345,0.00644647398137181,0.00291172175594575,0.00435002102653989
ENSMFAG00000040726,CHST3,-0.335256509960928,-0.307131153521125,-0.329341794629635,-0.315696867536843,-0.339555765919226,-0.313159894591259,-0.316098103782056,-0.34297272693862,0.0243074465226228,0.0386003749915184,0.0160409155442451,0.0230787774321443,0.0106868140559555,0.0247434696789521,0.0142363540695763,0.0130172256005916
ENSMFAG00000000143,EIF4EBP2,-0.342674276029908,-0.351985437589627,-0.371433946731876,-0.376506157656234,-0.39114765700887,-0.386630099274329,-0.419144209169698,-0.37211466467693,0.0221053315549021,0.0212571316735177,0.00748874707008709,0.00777098457688822,0.00361099299526574,0.00672925252139438,0.00149758894053789,0.00829798842031721
ENSMFAG00000038649,ENSMFAG00000038649,0.320783941744538,0.325304761574539,0.348993450199174,0.350741199605915,0.37717863915517,0.339921698747099,0.367069762567159,0.349620757699392,0.0309708783087993,0.0299079912032156,0.0110700031424953,0.0121792027267354,0.00460206560413644,0.0147854134527688,0.00422126645720485,0.0116965751218702
ENSMFAG00000036669,CTNNA3,-0.355122135002101,-0.343644594420304,-0.384269800917901,-0.365079652482555,-0.400365493025136,-0.374459957896739,-0.402164623645487,-0.374570170138767,0.0183350030598138,0.0235099517734269,0.00625405241690841,0.00960007031415633,0.00300589959151945,0.00818989909834324,0.00200835214496349,0.00786742997697747
ENSMFAG00000030436,REEP3,-0.313573034926995,-0.303717386892471,-0.346013117572845,-0.329887982416972,-0.360456542315599,-0.331215264433247,-0.366648511435556,-0.347253618523781,0.0353596228396241,0.04064308006245,0.0115277022813799,0.0174675959404694,0.00644756673581331,0.0173015557503992,0.00426969992521745,0.0121843990415245
ENSMFAG00000035936,LIPA,-0.327715875603819,-0.301349197303955,-0.326585556597366,-0.310994564949169,-0.336288601273638,-0.311951034237401,-0.321101847568165,-0.333525702261435,0.0276719308000723,0.0425380518627805,0.0168932509979669,0.0256140791391895,0.0114702945893725,0.0253722106500952,0.0126984518193524,0.0158349183824184
ENSMFAG00000001464,IDE,-0.304849210752905,-0.312829167953178,-0.353977083486368,-0.343069346118642,-0.369266272276096,-0.341168363862745,-0.391762133043708,-0.345153939259953,0.0406286602829187,0.0349479874149089,0.0101385897064967,0.0136946488044364,0.00537353350004258,0.0145663142903855,0.00248433335724004,0.0126029738742026
ENSMFAG00000042176,FFAR4,0.343599104201565,0.331127387126238,0.368891379771148,0.354104034775061,0.37933290284756,0.353624094395972,0.37827333964659,0.382792115173049,0.0218101077842618,0.0272164930118453,0.00791083663756295,0.0115501216318469,0.00448307502164246,0.0117176628079263,0.00335987087151079,0.00681980417226744
ENSMFAG00000042546,RBP4,0.301971743822057,0.30071010575856,0.341408058253238,0.331660460532827,0.359345043862044,0.32925153509282,0.367904202374431,0.343106130891584,0.0428963207121036,0.0429527024603842,0.0127293360080662,0.0168882336012283,0.00656536259894728,0.0180273183863358,0.00417050918761089,0.0130003921749324
ENSMFAG00000043114,OPALIN,-0.341756024965959,-0.334166172162446,-0.381717781262902,-0.369892920087022,-0.405477651008971,-0.376556672282661,-0.406573827237618,-0.376465260095031,0.0223149253998366,0.0260412048139915,0.00648783535401574,0.00886188437929334,0.00282925062275392,0.0079201285086765,0.00185931193875147,0.00760947286554532
ENSMFAG00000045033,SLIT1,0.326065493030416,0.335736010377927,0.370129743901006,0.366917347642298,0.390442864213569,0.363053558170961,0.40018674456011,0.36970693525627,0.0284494141310515,0.0257088647207411,0.00773486081028006,0.00926045274063367,0.0036433938455302,0.010094025266622,0.00213330670162543,0.00858648912148499
ENSMFAG00000001493,EXOSC1,-0.399139167180228,-0.411636926770673,-0.423954938172487,-0.445177117524072,-0.452564642190505,-0.427990442769688,-0.42271933350892,-0.414604467496932,0.00992349689298332,0.0114133764930467,0.00374742528908521,0.00308114845768266,0.00130273996711491,0.00435320229060621,0.00139835756778946,0.00435002102653989
ENSMFAG00000041514,PAX2,0.327160337159632,0.312432943099503,0.348907813449999,0.350769242668604,0.374943384376501,0.326555457835321,0.32844938648512,0.343077396275399,0.0279589984023904,0.0351358419013193,0.0110700031424953,0.0121792027267354,0.00481514731593715,0.0188324943352081,0.0107011897016146,0.0130003921749324
ENSMFAG00000044654,NOLC1,0.37816803212623,0.382400747325218,0.376916107096268,0.401733329375622,0.38639466450879,0.3887903825033,0.376779006679499,0.384431111580988,0.0131174467252699,0.0143876404493387,0.00693179129783044,0.00561256092414266,0.00389119354583658,0.00657184606716834,0.00348861874480795,0.00662142612371951
ENSMFAG00000000282,PSD,0.350167898430256,0.346999738173721,0.385874577572279,0.379342695860737,0.404063527740812,0.37057504595685,0.408505839883101,0.363092179158642,0.020215471735853,0.0222238948413968,0.00606807610104113,0.00751299062999087,0.00285007200262508,0.00867804840624493,0.00177315614993392,0.00930478367795069
ENSMFAG00000046181,TRIM8,0.303864353218046,0.312334656261054,0.341144003160964,0.344069510015948,0.355416040522705,0.349404789596527,0.367848841621445,0.318734236271656,0.0414387265326183,0.0351358419013193,0.0127923339111584,0.0135432476460027,0.00719652896221214,0.0127208634001919,0.00417050918761089,0.0218057488038247
ENSMFAG00000001140,NEURL1,0.343135894080815,0.349545801428921,0.385290229485711,0.374738826923212,0.39828168232854,0.372834268771497,0.417938827459162,0.364125179566017,0.0218101077842618,0.0218467399881274,0.00614102267300302,0.00798639546218061,0.00313226223602299,0.00847336650365794,0.00150977439093755,0.00916054463627564
ENSMFAG00000002031,DUSP5,-0.31646600021552,-0.324432221815755,-0.343686249196705,-0.345421956395706,-0.365509336173437,-0.338120259988323,-0.365158584435615,-0.340540925584506,0.0334090132616074,0.030158196984128,0.0120833087496808,0.0133615770633753,0.00580170418624601,0.015181093210446,0.00445075313144281,0.0136400433705939
ENSMFAG00000038268,NHLRC2,-0.322211445172497,-0.342223887742289,-0.374823277230438,-0.367155560726333,-0.386292965726765,-0.390370321444529,-0.432248095127857,-0.345177113794716,0.0301656626737168,0.0237895776082706,0.00715313402636332,0.00919977170775544,0.00389286954893822,0.00653374676847562,0.00123804676841463,0.0126029738742026
ENSMFAG00000000064,MCMBP,-0.330905151967554,-0.326616583236587,-0.357169149388229,-0.35021634936932,-0.364764747858165,-0.351568266437748,-0.357497938675501,-0.331414549033972,0.0265036924110893,0.0293253261326683,0.00948557153221159,0.0123042217885586,0.00588556082857566,0.0121246084899085,0.00530671598545166,0.0164485977653773
ENSMFAG00000044849,BUB3,-0.322762923289074,-0.319689881420013,-0.352486915659436,-0.340787727753554,-0.37504575956976,-0.330363822394551,-0.364831522908256,-0.342548285470604,0.029719920221192,0.0321690249743876,0.010437012400562,0.0140819246733407,0.00481514731593715,0.0176140204038079,0.00448074240913545,0.0131046946653916
ENSMFAG00000043462,GPR26,0.371058406336217,0.362946807427532,0.38458311988194,0.364242619298741,0.381083108840462,0.377078577199622,0.394443689545915,0.403116482445714,0.0146845390106777,0.0184969734253975,0.00620047767835111,0.00973467803209247,0.00430080043211812,0.00788910268591659,0.00239236742860011,0.00485947759688039
ENSMFAG00000030596,ENSMFAG00000030596,0.368713403959552,0.361057200613932,0.363795980670166,0.356930844836303,0.3633118973013,0.365132592610149,0.359153747689757,0.3916557055208,0.0152154680496287,0.0190145387911683,0.00859300580444826,0.0109247080663691,0.00606149992741039,0.00972919764369099,0.00513622119831836,0.00590457015523795
ENSMFAG00000041837,C10orf90,-0.418095417136882,-0.405824556671591,-0.442801635318151,-0.424629687572543,-0.455968295613048,-0.424438288932741,-0.461707179625877,-0.441846550647018,0.00847617198139287,0.0120523458016359,0.00325482292147009,0.00421241295548932,0.00128745208691343,0.00446003746818047,0.000937812032154637,0.00336301435624351
ENSMFAG00000046555,ENSMFAG00000046555,-0.342330519101862,-0.340143879299598,-0.346146666572232,-0.333871529216767,-0.330097341229395,-0.326898065324967,-0.336984668965731,-0.349686027720819,0.0222356117816245,0.0243963718470887,0.0115099238360223,0.0160158547168137,0.0131182656269508,0.0187153635379595,0.00870506306625737,0.0116916858767426
ENSMFAG00000045566,NKX6-2,-0.336986196412671,-0.326470598886394,-0.369841148729085,-0.357437310576978,-0.394019489612055,-0.359451607892007,-0.390163337628889,-0.368339470910611,0.0237990065942378,0.0294061602159957,0.00778024025824075,0.0109247080663691,0.00341441657163185,0.0105609671193638,0.00253620778370922,0.00870825265107414
ENSMFAG00000029744,SPRN,0.362968112102959,0.374350451818243,0.401642784190708,0.389389638476335,0.421869253429811,0.395190934681804,0.44039779310615,0.383841885591673,0.016684538843772,0.0158105052845365,0.00491553410612588,0.00657678191557046,0.00212054139342495,0.00615111802821377,0.00113406659720671,0.0067069516311326
ENSMFAG00000044389,CYP2E1,0.360811065501372,0.349205174377732,0.365235048202597,0.357353209224859,0.38245656263994,0.337728694052042,0.367116399793454,0.386084987334695,0.0169588331126379,0.0219883757936223,0.00843375735202941,0.0109247080663691,0.00422111615385278,0.0152309982760467,0.00421912760205587,0.0065616431880295
ENSMFAG00000046678,ENSMFAG00000046678,0.330710006332646,0.301005768752236,0.339501319982081,0.308551892106884,0.337253235784264,0.301302964156559,0.311092204434578,0.360431736444051,0.0265036924110893,0.042837046593511,0.0131967978453225,0.0266911060255284,0.0112140580371811,0.0312871265821648,0.015856671323088,0.00965209089880923
ENSMFAG00000044689,HS6ST1,0.388952946069239,0.359625889731735,0.377050363336161,0.371141871915352,0.398214573984016,0.376843458587171,0.353957107818611,0.396489545407898,0.0114980567504156,0.019735278330986,0.00693179129783044,0.00865199943624175,0.00313226223602299,0.00789056268258178,0.00578037878581698,0.00546201617882602
ENSMFAG00000002195,C2orf76,-0.382084666577821,-0.369726620529653,-0.376211176864901,-0.37505688210754,-0.380380703048393,-0.355232609946025,-0.331058238433025,-0.375062572458139,0.0124569360905761,0.0165981367432585,0.0069942485277403,0.00793746186943481,0.00439019841381766,0.0113398458606158,0.0100126722028811,0.00776555804580654
ENSMFAG00000045944,ERMN,-0.326795766747726,-0.315255455405375,-0.361434143549691,-0.345775719145897,-0.384000678458334,-0.351351594631679,-0.38110454864076,-0.350292317545294,0.0281086172344182,0.033748547428311,0.00886196661076328,0.0133212628412736,0.00408246147832195,0.0121863249451017,0.00314572124469512,0.0115368023413944
ENSMFAG00000041945,DPP4,-0.317104918579168,-0.341251304096613,-0.375457715774828,-0.375126739082,-0.391095937821198,-0.384414885686233,-0.427919076908559,-0.345072439863,0.0330509884229994,0.024103432854473,0.00714208904476211,0.00793055028860209,0.00361099299526574,0.00697401543769973,0.00133051292084478,0.0126029738742026
ENSMFAG00000039869,FIGN,-0.303334197626723,-0.309641209965304,-0.313156550071641,-0.32633857489151,-0.332199444349409,-0.319862982305925,-0.315654427270422,-0.314656195125736,0.0417849568180094,0.036446709068275,0.0227352777968205,0.018687075355857,0.0125266402464019,0.0214191165348361,0.014384959162069,0.0238392202203074
ENSMFAG00000012357,SCN7A,0.343567147847154,0.3572941317836,0.391150633591167,0.385237927550662,0.404083569430197,0.389507277293494,0.438594485418626,0.403162718801319,0.0218101077842618,0.0197697116964416,0.00547908690148833,0.00708323988772464,0.00285007200262508,0.00653374676847562,0.00113406659720671,0.00485947759688039
ENSMFAG00000034505,DHRS9,-0.34330204326431,-0.337023122856179,-0.344347663043733,-0.334496905954608,-0.350708395853194,-0.35129829349185,-0.360447232090257,-0.346167431499215,0.0218101077842618,0.0251343039402589,0.0119447863525178,0.0158174792717363,0.00810823034011677,0.0121899879434213,0.0049834540443357,0.0123922646488858
ENSMFAG00000000803,SP5,0.363894830052887,0.360888439420033,0.396459072990441,0.384562527608266,0.405768342901973,0.381463954546138,0.423907672672653,0.40249282304469,0.0164684642800057,0.0190145387911683,0.0052432640970447,0.00713569137222848,0.00280876677136284,0.00735937121675723,0.00136543120434327,0.00485947759688039
ENSMFAG00000042992,CHRNA1,-0.319034136942452,-0.333730368096827,-0.363273770104079,-0.343840062259982,-0.369473016778962,-0.339980806063627,-0.407379416934267,-0.353385855686925,0.0318197380672711,0.026183246505871,0.00866250793599155,0.0135511474572213,0.00536302013596536,0.014765360957404,0.00182793050360056,0.0109942855256725
ENSMFAG00000038317,ITGA4,0.416787269462286,0.392666065870754,0.407053395142476,0.390711928517409,0.40419131218206,0.406210021009517,0.404887709981515,0.424600550137579,0.00847617198139287,0.0134401443925028,0.00464161409316462,0.00651196656280408,0.00285007200262508,0.00535978389908244,0.00192960331665042,0.00407677128083624
ENSMFAG00000034877,NEUROD1,0.429146203320844,0.413016883893634,0.440260732205154,0.429179683551097,0.448697021608302,0.434519138532352,0.461445664936003,0.452373643166353,0.00757284460561097,0.0114133764930467,0.00335351922187683,0.00372804633078576,0.00137248984612157,0.00389785553487244,0.000937812032154637,0.00310756986467555
ENSMFAG00000000427,ANKAR,-0.323167130541953,-0.332690231480658,-0.372762251144579,-0.364156943878291,-0.378624360304843,-0.366109342440662,-0.387183330814794,-0.34351255453355,0.0293676798785734,0.0264488951617593,0.00731404832024802,0.00973467803209247,0.00454338334957864,0.00948286034299698,0.00271259990043464,0.0129725176390043
ENSMFAG00000030968,NEMP2,-0.321822806962373,-0.319567055502246,-0.319902273034006,-0.321262052521416,-0.320406811750687,-0.309187460471103,-0.32226209897634,-0.317653512992299,0.0304498752152284,0.0321690249743876,0.0198477686336191,0.020647493962057,0.0162990928149224,0.0268800552866719,0.0123734084411369,0.02234607868664
ENSMFAG00000044211,GLS,0.34361845440081,0.344773536510108,0.337547999371952,0.348167946762164,0.346855330976156,0.353107465997997,0.345848595533387,0.34794455279595,0.0218101077842618,0.0228415534647252,0.0136940318050237,0.0128263787404631,0.00899880525712412,0.0118419458974514,0.00701718478963841,0.0120204017313134
ENSMFAG00000035991,SLC39A10,0.44509651057606,0.432157292131178,0.435540006527459,0.436779826186821,0.443420791079371,0.429943103684445,0.437335454229489,0.463383664174995,0.00584922726323227,0.00839999152065103,0.00359425061993855,0.00333153926786278,0.00151230707996461,0.00415118252953157,0.00113406659720671,0.00216095701967354
ENSMFAG00000030899,GTF3C3,-0.334991491809154,-0.347038405918115,-0.372206882250345,-0.368243194569115,-0.381962126626379,-0.371119433623225,-0.402312310392894,-0.354993519421714,0.024492414036045,0.0222238948413968,0.00738546123577083,0.00904209113745526,0.00425343409300926,0.00867804840624493,0.00200835214496349,0.0107152499854563
ENSMFAG00000035672,ENSMFAG00000035672,-0.361721030305088,-0.387402783479596,-0.410374971456301,-0.408746905290994,-0.424781394049469,-0.415879042467375,-0.448126835027782,-0.381968562308458,0.0168873048922713,0.0139736147847816,0.00437775677177702,0.00511570966344384,0.00207077636656172,0.00487595575928001,0.00113406659720671,0.00687793190039195
ENSMFAG00000038838,PLCL1,-0.318347557814682,-0.314453545895773,-0.355846393492758,-0.345113590955782,-0.377526217047103,-0.345241722582285,-0.383383135601897,-0.35689455236542,0.0323349884473798,0.0341462149348521,0.00981841327539354,0.0133819350502909,0.00460206560413644,0.0135467980647788,0.00297178314982882,0.0103611925117022
ENSMFAG00000003892,C2orf80,0.336182225805281,0.323942499650323,0.355776488266977,0.341973951518284,0.363877609179553,0.327637582866613,0.36608054575006,0.381054714214096,0.0241820422359667,0.0302003368492532,0.00982712375079155,0.0138002354507627,0.00598510289586786,0.018433615236268,0.00434936598145661,0.00703278653098133
ENSMFAG00000037191,MAP2,0.311516591597375,0.318274801328169,0.347220404578129,0.355255207934217,0.364075273742693,0.351781386534134,0.387414875722233,0.35203217382477,0.0365658461183443,0.0324358166627349,0.0112837813826353,0.0112234404465799,0.00596138969475315,0.0120650367670672,0.00270709591552665,0.0111712773974359
ENSMFAG00000022782,TMBIM1,-0.368051016487975,-0.363034153380317,-0.387502139318114,-0.38132522243502,-0.397610363002215,-0.377131629340313,-0.411553047250717,-0.396786123468285,0.0153660171483781,0.0184969734253975,0.0058571949803225,0.00749325055713321,0.0031662343254474,0.00788910268591659,0.00169583427735449,0.00545037243905814
ENSMFAG00000036102,CYP27A1,-0.309335334139325,-0.306566375187994,-0.332770187864166,-0.321423765875073,-0.346473421692134,-0.321587539526706,-0.361588345624325,-0.330252365575123,0.0377467653567589,0.0387619893832616,0.0149596868725987,0.020578463827314,0.00905471458564141,0.0206569542505567,0.00484464354367452,0.0168462865654258
ENSMFAG00000017685,CDK5R2,0.339354620943094,0.358402020206171,0.396550141835856,0.388619325513387,0.407758513151912,0.397533054370356,0.448550909875178,0.367609781776995,0.0229726267244467,0.0197673751555277,0.0052432640970447,0.00662341315696237,0.00267703124345172,0.00610929962654093,0.00113406659720671,0.00874522526516621
ENSMFAG00000045990,ASIC4,0.329237051390363,0.318337368047033,0.34802254849106,0.338103153003999,0.367578263410594,0.319275326005335,0.340325983649339,0.359661646731045,0.0269625297223504,0.0324258672343055,0.0112086087658529,0.0147609875650542,0.00555925441807601,0.0216558986071933,0.00804197276591653,0.00972500803938263
ENSMFAG00000037782,DOCK10,-0.33581794330085,-0.322267917923307,-0.34470749129179,-0.320004323046988,-0.349993027461086,-0.331803684916212,-0.363185729501864,-0.340110897412773,0.0242507175028086,0.0306249291659222,0.0118623480855949,0.0211584558755774,0.0082666869232206,0.0171262595363135,0.00467806849615692,0.0138093219550042
ENSMFAG00000042082,PID1,0.349107111659533,0.353489509339951,0.391665884008824,0.386820685080074,0.409184958671277,0.382917431361325,0.425703497496632,0.39507589215274,0.0202959663362833,0.0207988220264589,0.00547908690148833,0.00688252515598668,0.00260581304610562,0.00714819550154067,0.0013576993537440401,0.00562865869631179
ENSMFAG00000002769,EFHD1,-0.326869531736086,-0.306678055560056,-0.340373822411462,-0.327546606309453,-0.357041286096157,-0.330959922103597,-0.348854905344856,-0.344236806525291,0.0280927350068397,0.0387301342886599,0.0129094113854016,0.018279779237951,0.00693178576667951,0.0174010716670494,0.00649881017488258,0.012793304391848
ENSMFAG00000042349,UGT1A3,-0.356882963139776,-0.336208145356719,-0.318700601441401,-0.310849219883288,-0.310309214064302,-0.30370921743102,-0.302822497921862,-0.336916890871277,0.0179032187483185,0.025423936292649,0.0203855011684053,0.0256598704211496,0.0200940901605503,0.0299581676435932,0.0191412833247348,0.0148887939138985
ENSMFAG00000043339,PRLH,-0.305070878164544,-0.307066009974168,-0.334198292537729,-0.33299080074266,-0.351583193703291,-0.329796846448773,-0.353443695399556,-0.338396413448586,0.0405011390673568,0.0386545682047614,0.0145801155227271,0.016338003297031,0.00790200435120321,0.017810966476218,0.00584501905418017,0.0143859926239015
ENSMFAG00000032000,GPC1,0.328597318137573,0.341441306616067,0.380959653769184,0.374024547673827,0.394200930488068,0.392268476303311,0.430985899025453,0.36549837931465,0.0271925498250738,0.0239696629869087,0.00657337153764715,0.00800256723950312,0.00341284985479361,0.00644647398137181,0.00126996103896593,0.0089678541732848
ENSMFAG00000038150,PPP1R7,0.370831536704584,0.379751496738502,0.384626822501451,0.390321028362659,0.396351043528844,0.376779555096388,0.398083603002918,0.389108427986092,0.0147790450636743,0.0143876404493387,0.00620047767835111,0.00651196656280408,0.00328740427034029,0.00789424224065703,0.00222873060281133,0.00624991073749378
ENSMFAG00000035525,ING5,0.354730353550877,0.349087308010984,0.37662035028075,0.370852297111183,0.393211881306288,0.381334920467734,0.410318936995283,0.371778292622029,0.0184478575550176,0.0220030040770519,0.00693979090550402,0.00867710614526398,0.00344542261320149,0.00735937121675723,0.00171847939606895,0.00830302743321598
ENSMFAG00000031200,TOLLIP,0.385669383633698,0.37423589528032,0.37742374492168,0.380120800014938,0.392832448924738,0.373272819342109,0.364992533255497,0.36520737322998,0.0122165395087358,0.0158105052845365,0.00691452963489165,0.00751299062999087,0.00347967052622808,0.00843338363475136,0.00446791110014641,0.00899107222853287
ENSMFAG00000036113,ENSMFAG00000036113,-0.31312567496786,-0.313326709104319,-0.344273920381509,-0.334593206652941,-0.348990890781358,-0.326625061176079,-0.367870736152051,-0.350199570369345,0.0356566022965552,0.0347475490612088,0.011957868071337,0.0157982459982308,0.00849960066839716,0.0188073554927853,0.00417050918761089,0.0115671631696199
ENSMFAG00000037624,CCS,0.310809664934583,0.309774837904472,0.328752211262428,0.320258225701075,0.339351803614784,0.326770328806254,0.348387819838958,0.296341860059756,0.0370908498899942,0.0364418082314172,0.0163114206845891,0.0210711059037859,0.0107285234318128,0.0187912105606051,0.00658324270335384,0.0343425835715549
ENSMFAG00000002394,NPAS4,0.3125934049079,0.326236565636729,0.355215503419007,0.349282577356927,0.361872172415252,0.374909836376948,0.413102107533374,0.346547299477364,0.0359759228018017,0.0295432163981025,0.00994106402215723,0.0124782776992031,0.00627947910091927,0.00818989909834324,0.0016204390616098,0.0123827361522054
ENSMFAG00000003675,SNX32,0.301884905532951,0.308478828697551,0.349021356766518,0.343449789662408,0.36898818729008,0.340796015621117,0.386499127788838,0.341441882481142,0.0429211787260792,0.037568466360612,0.0110700031424953,0.013665723880692,0.0054070120301538,0.0145795833094921,0.00276945362134893,0.0134201445462185
ENSMFAG00000043912,EHBP1L1,0.302748415926502,0.310751378109322,0.350402325161328,0.343560064619773,0.370285299378117,0.336995993843652,0.384048133304242,0.337645133116112,0.0422290935830833,0.035866420265906,0.0107730370618278,0.013646531913735,0.0052640298017102,0.0154466258238285,0.00292309833926502,0.0146060252696539
ENSMFAG00000009770,RF01684,-0.363620952058207,-0.376195943025619,-0.364171279900689,-0.378326472944499,-0.375144444772236,-0.372083939659076,-0.380513113014409,-0.370091007559937,0.0164708617755269,0.0151336659464427,0.00849922441687411,0.00760484260374379,0.00481514731593715,0.00853531074622727,0.00317928403127332,0.0085665137173689
ENSMFAG00000039378,PYGM,-0.331419870295088,-0.337563205384633,-0.36153627089261,-0.348676438055854,-0.371957247744461,-0.344407841901215,-0.391297470450183,-0.37641043126057,0.0262603593757815,0.0251099040105115,0.00886030936353942,0.012668469820395,0.00508246044329738,0.0137554508032339,0.00249054334312567,0.00760947286554532
ENSMFAG00000002264,KCNK4,0.382803988884233,0.373505772230308,0.39941114189724,0.390868545661105,0.411246083499954,0.397484492973764,0.393064852603096,0.37324377864876,0.0124569360905761,0.0158105052845365,0.00503876902837766,0.00651196656280408,0.0025855914542972,0.00610929962654093,0.00243184179764221,0.00820758079704301
ENSMFAG00000002160,SPINDOC,0.307525237062399,0.318067438472701,0.344125765468647,0.338288415562085,0.355211586202258,0.331796984085515,0.388972516504608,0.330554897548717,0.0387201045510434,0.0324694642961668,0.0119830193341746,0.014727838481435,0.00723491097563618,0.0171262595363135,0.00260254985516678,0.0167564952347404
ENSMFAG00000043567,C11orf95,0.332771802086512,0.340595976844807,0.379609522291115,0.365374412590242,0.394401051627812,0.36368459738944,0.415667209819817,0.363290286086614,0.0256925465731666,0.024259145635989,0.00670276710220578,0.00950068462124415,0.00341284985479361,0.0100557522760877,0.00154180597661318,0.00927369724706823
ENSMFAG00000030819,RF00085,-0.311961979837686,-0.320877590317268,-0.327590059428899,-0.337409684377294,-0.337436684623688,-0.350956402441094,-0.345119806203677,-0.321626492941085,0.0364337316645696,0.0314764334714535,0.0166643492935942,0.0149257658268977,0.0111939205284129,0.0122319312818336,0.00715345453756987,0.0205030102285837
ENSMFAG00000020756,RF00089,-0.316110835711413,-0.335902191704679,-0.349821945263338,-0.369404117391155,-0.377850390525377,-0.379943196406853,-0.393798848593152,-0.348596872546653,0.0335336434051714,0.0255874528989293,0.0109138593705465,0.00888255162114893,0.00460206560413644,0.00766672910054746,0.00242106892762574,0.0118123386551145
ENSMFAG00000037362,TMEM179B,-0.393610723857959,-0.380442320847564,-0.387015757807519,-0.379732400418047,-0.392120813056592,-0.392471509269412,-0.386203820096368,-0.380199301941103,0.0106755576014397,0.0143876404493387,0.00592177260431032,0.00751299062999087,0.00354779220905417,0.00644647398137181,0.00279088164410998,0.00711840334469718
ENSMFAG00000031001,BSCL2,0.331670500790777,0.336502085875153,0.366122855732156,0.357184585278113,0.371001320892306,0.362496087769271,0.394475386832429,0.351688621381173,0.0260750497422227,0.0253888223220321,0.0082841169564169,0.0109247080663691,0.00519369552062203,0.0101153520005299,0.00239236742860011,0.0112555514024416
ENSMFAG00000031558,INCENP,0.389775824894289,0.392932532656693,0.407714782003711,0.408998345929567,0.415897780379217,0.392579477150377,0.406710821497374,0.402771167466947,0.0113560038032537,0.0133847110622312,0.00464161409316462,0.00511570966344384,0.00233993438548434,0.00644647398137181,0.0018590640104774,0.00485947759688039
ENSMFAG00000040762,FADS3,0.319492421226392,0.321947695605298,0.356825314281846,0.346197079820227,0.369860819534064,0.341786714807319,0.394739978642202,0.357812814091423,0.0316163870431797,0.0307792651497282,0.00958619425036349,0.0132161627535558,0.0053173781282196,0.0144433361804427,0.00238498176867335,0.0101946727210879
ENSMFAG00000039452,MYRF,-0.330247431294856,-0.318570923919255,-0.362532337004387,-0.347693579408847,-0.383892538515766,-0.345747772378224,-0.382775524490956,-0.361357664610227,0.0267369928085461,0.0324258672343055,0.00872396159757515,0.0128898055714483,0.00409535949789775,0.0134585255697248,0.00301572069435845,0.00955427784915996
ENSMFAG00000030550,DAGLA,0.408291393504289,0.405686224675976,0.406656810166429,0.421668266915921,0.429698390856399,0.422456069427508,0.399402886384587,0.389915797706217,0.00928480466244709,0.0120523458016359,0.00464161409316462,0.00430771363531475,0.00187862745511027,0.00464152109497141,0.00215632314434754,0.00612409564883867
ENSMFAG00000043470,SYT7,0.423164705308035,0.41816385537956,0.416628286869849,0.426032109714364,0.440356098905881,0.421739373474367,0.429029456949002,0.418600780754365,0.00847617198139287,0.0106292994028096,0.00423470309501476,0.00418854054625786,0.00160069193998192,0.00464152109497141,0.00132504794224281,0.00416526726550516
ENSMFAG00000044581,TMEM132A,0.336717413529454,0.352525207727658,0.385876611419897,0.379035196940265,0.403318129279944,0.382345051747652,0.437611520375955,0.376799298265845,0.0239127211261801,0.0209375065977759,0.00606807610104113,0.00751299062999087,0.00288196604836385,0.00723329181376352,0.00113406659720671,0.00760947286554532
ENSMFAG00000041572,DTX4,0.31739267556559,0.319654220126591,0.335009542691141,0.329392538347782,0.360471464179832,0.317365969808972,0.344854993533157,0.326441701945817,0.0329374697685749,0.0321690249743876,0.0143857107690169,0.0175620538800691,0.00644756673581331,0.0228013037390261,0.0072046774099824,0.0183650655774103
ENSMFAG00000038644,RTN4RL2,0.328062762943934,0.340942191561178,0.382515802381056,0.37906892261231,0.399072871388739,0.385217179981852,0.434839062183181,0.365928206030086,0.0274365520384621,0.0241534620417747,0.0064451964159469,0.00751299062999087,0.00306959932131744,0.0069274787692407604,0.0011868417708378,0.00889914681507409
ENSMFAG00000040584,TNKS1BP1,0.325616743809426,0.319082250160441,0.334228334708409,0.338377226465763,0.352173637733786,0.329235113420965,0.322463202374038,0.325013703620713,0.0286031016701764,0.0322017307335285,0.0145801155227271,0.0147088050407727,0.00780276253828735,0.0180273183863358,0.0123121984222494,0.0189404485403366
ENSMFAG00000039619,MADD,0.30482898679054,0.322852652073246,0.354341545511028,0.358868288685123,0.379951453639182,0.370936932947533,0.417089463262404,0.342362187946775,0.0406286602829187,0.0305236751027651,0.0101012109498374,0.0106473803364617,0.00442080472643718,0.00867804840624493,0.00150977439093755,0.0131125283303552
ENSMFAG00000032211,DGKZ,0.339907337464771,0.345355104524767,0.368497471262696,0.367651675776844,0.389967258499165,0.370842943761587,0.416245676774946,0.359829987104811,0.0227979312903451,0.0226421008473159,0.00792899835433792,0.00912175958233471,0.00366755886367246,0.00867804840624493,0.00152642972698991,0.009697780951911
ENSMFAG00000035741,CD82,-0.349308783045293,-0.326947241763054,-0.348645332323834,-0.337263696936724,-0.364525300281337,-0.324077819604081,-0.337272162061175,-0.375960762011446,0.0202959663362833,0.029097157339756,0.0111413323595381,0.0149257658268977,0.00590119871700127,0.0195679270159853,0.00863896590914793,0.00762547355418882
ENSMFAG00000043519,EXT2,-0.42035486535505,-0.418848645747468,-0.427137478432562,-0.425564357861867,-0.43357025425328,-0.427729770545304,-0.417244307200966,-0.422487732401632,0.00847617198139287,0.0105023800390729,0.00360227395057319,0.00418854054625786,0.00175742803732514,0.00435320229060621,0.00150977439093755,0.00416508628863503
ENSMFAG00000047013,ENSMFAG00000047013,0.345083110682733,0.345796694730541,0.364177550314138,0.353618588594935,0.370186132283939,0.37401501874905,0.374640504061032,0.369891035277416,0.0213110777328676,0.0223687630403677,0.00849922441687411,0.011651860928568,0.0052741612376645,0.00830763282546136,0.00364316782978724,0.0085830666000594
ENSMFAG00000040017,TRAF6,-0.39686834360997,-0.381928673573467,-0.38972640495229,-0.390476215714695,-0.409661251262816,-0.380614093890145,-0.369786018006811,-0.396632370555681,0.0102083654980867,0.0143876404493387,0.00563036723907288,0.00651196656280408,0.00260581304610562,0.00748578692960695,0.00400442026894139,0.00545037243905814
ENSMFAG00000018395,FJX1,0.301586968978166,0.305813945171444,0.317545591803549,0.309139887666672,0.315504541107383,0.319262303231479,0.322858858129286,0.302488317979072,0.0431116853128119,0.0391999259575289,0.020891067036628,0.0263111895350294,0.0181460574290955,0.0216558986071933,0.0122237760118812,0.030562245372405
ENSMFAG00000000437,CAT,-0.334157807222524,-0.313296485492976,-0.330830098396031,-0.320859135052911,-0.341291540491636,-0.330204293416551,-0.338028578721836,-0.337886368347086,0.0250279162029068,0.0347475490612088,0.0155373702683748,0.020778448660637,0.0102525649687357,0.0176651695790698,0.00851647748581287,0.0145506561376336
ENSMFAG00000031912,CCDC34,0.309564332013611,0.320878504435011,0.335645034570152,0.346904442789748,0.344945237977915,0.33826406350349,0.360563932415318,0.356926005085085,0.0376939973413093,0.0314764334714535,0.0141974966721101,0.013076499945009,0.00937958448502871,0.0151400925349131,0.00497862860484143,0.0103611925117022
ENSMFAG00000032443,ANO3,0.473530481506317,0.469405444364514,0.496587890893737,0.504829172020691,0.513271343348128,0.492121169414051,0.504115892637716,0.509139989844796,0.00350848937027084,0.00763957381952836,0.00195938251203794,0.00171691682496292,0.000874910526216398,0.00255041052396858,0.000555678160747994,0.00118953679744514
ENSMFAG00000037974,MUC15,0.44060630148125,0.441333184785438,0.446674249545896,0.450009904090667,0.449235052456907,0.432046755643853,0.451239239097353,0.448935163260416,0.00584922726323227,0.00763957381952836,0.00313608971274069,0.00295507918739082,0.00137248984612157,0.0041093408064667,0.00111052079015429,0.00324502150119488
ENSMFAG00000044093,ZDHHC13,-0.39749081027947,-0.397140852771261,-0.423577423237723,-0.425213367323733,-0.444708360308362,-0.406539817260085,-0.420824257676335,-0.426855822383814,0.0100358009598466,0.013075043767625,0.00374742528908521,0.00418854054625786,0.00144847859941704,0.00533889872368679,0.00144195555235924,0.00407677128083624
ENSMFAG00000037334,SAAL1,-0.402017844876125,-0.421651888569735,-0.428795667770409,-0.446415801241786,-0.4575135119748,-0.468727808570735,-0.463185944879696,-0.401355368805173,0.00970277396239592,0.0102848375990455,0.00359425061993855,0.00308114845768266,0.00128745208691343,0.00255041052396858,0.000931925003402093,0.00495299955065031
ENSMFAG00000033659,PIK3C2A,-0.33632452256847,-0.338385383709163,-0.365572500632628,-0.347506164294667,-0.371249853469959,-0.346314890984855,-0.387149449369338,-0.35987291960448,0.0240820337382688,0.0248839341358009,0.00837749836309185,0.012934514107866,0.00518357844375865,0.0133553068848775,0.00271259990043464,0.00969769578854075
ENSMFAG00000001502,ADM,-0.30883643437244,-0.311461892232138,-0.335872694045151,-0.335879092180994,-0.353609572679858,-0.325906829360246,-0.374144345956623,-0.346204822099726,0.0379572385014902,0.0355128417901814,0.0141281963512172,0.0153924687645231,0.00756724145572525,0.0190719511865267,0.0036862791103038,0.0123922646488858
ENSMFAG00000031626,CYB5R2,-0.338964752368412,-0.328616294623077,-0.367470437828825,-0.352524803139016,-0.381574641197856,-0.352638599122121,-0.390943671594002,-0.365730119790968,0.023101566898887,0.0283615386680543,0.00806008519536925,0.0118676944945779,0.00428017784664944,0.0118913270995896,0.00249480164506409,0.00890912243421018
ENSMFAG00000043464,DCHS1,-0.31781880063958,-0.306742962576937,-0.337209539165999,-0.331038584951095,-0.357353814401259,-0.317186340920975,-0.357304682282987,-0.348586641519914,0.0327555441192415,0.0386941266996516,0.0137396673878244,0.0170623718898136,0.0068774087086347,0.0228983118495167,0.00532409434418529,0.0118123386551145
ENSMFAG00000019633,TRIM3,0.369611806086971,0.371242890732578,0.360562147491108,0.363284561544751,0.36715813079766,0.38129274027384,0.372141306020296,0.3601874970276,0.0149519169839253,0.0164096798128499,0.00899027209878341,0.00987266568116777,0.00559179933952891,0.00735937121675723,0.00381864171854778,0.00965209089880923
ENSMFAG00000006033,RHOG,-0.330890800208561,-0.317469129538554,-0.3539112824707,-0.338114522214716,-0.373709654998614,-0.34326312860244,-0.376607210754269,-0.352697617931999,0.0265036924110893,0.0326191343364003,0.0101514609575941,0.0147609875650542,0.00490757313149979,0.0140062724861481,0.00349698497802827,0.0110439382279312
ENSMFAG00000030646,FOLR1,-0.325132072517016,-0.319666883848142,-0.337849998871647,-0.360434726128891,-0.366108181266492,-0.343278954656186,-0.31056711422564,-0.328380593933853,0.028772776833851,0.0321690249743876,0.0136283207557388,0.0103652241808197,0.00571025265452521,0.0140062724861481,0.0160424118816296,0.0175493009529757
ENSMFAG00000044960,PDE2A,0.30738454848298,0.320745355613295,0.364711270645685,0.363916567121588,0.389162371213813,0.361533769668249,0.418230208896056,0.343238226452858,0.0387751521375012,0.0315444548257882,0.00844062692414025,0.00976539935981153,0.00367096476000309,0.0102493126982924,0.00150977439093755,0.0129935354921869
ENSMFAG00000030156,P2RY2,-0.302929186416245,-0.301415379779946,-0.350759444554338,-0.348848400187418,-0.370982708711537,-0.35545169773509,-0.374307939691578,-0.327086338521585,0.042110513540909,0.0424699320791903,0.0107579296914737,0.0126523768391076,0.00519369552062203,0.0113318494119626,0.00366761527493664,0.0180403648497318
ENSMFAG00000041061,PLEKHB1,-0.346644209050107,-0.324265655072146,-0.346839667083831,-0.33889065849184,-0.368544846051333,-0.338518823030068,-0.336572982304844,-0.352036551858703,0.0209411602667827,0.030158196984128,0.0113462866417175,0.0145694844848192,0.00546709320525301,0.0151170767182111,0.00880072392049175,0.0111712773974359
ENSMFAG00000043186,CLNS1A,-0.307754522942127,-0.308812193059145,-0.321346395118333,-0.324950532025537,-0.327138073817447,-0.342780001147602,-0.315035241261823,-0.29632990299297,0.0386483322884461,0.0372215421296682,0.019309923334745,0.0191851158212016,0.014044702336724,0.0141163027706399,0.0145947608362384,0.0343425835715549
ENSMFAG00000041554,ENSMFAG00000041554,-0.329399357771744,-0.342856889073401,-0.344859397104287,-0.3405915281009,-0.334876796808313,-0.331307493474335,-0.35252951947665,-0.343423970016119,0.0269282168736573,0.0235974534110451,0.0118244377913466,0.0141473949669878,0.0118304595567802,0.0173015557503992,0.00593490895982431,0.0129768412906874
ENSMFAG00000045366,TYR,0.388874677107523,0.387660598984235,0.394605366222528,0.387429369633607,0.402208379989965,0.364451187891617,0.392120733758374,0.429712779946602,0.0114980567504156,0.0139736147847816,0.00531837133109845,0.00677343213038152,0.0029035061749192,0.00990013507146583,0.00248032401315869,0.00407211799213694
ENSMFAG00000044622,FOLH1,-0.352109017025285,-0.338935398140253,-0.369648398840731,-0.356636503609075,-0.381334802310586,-0.361942539396245,-0.382874828730599,-0.367813621975536,0.0194056569635805,0.0246546918583077,0.00780441470674053,0.0109454949280391,0.00428773806603684,0.0101861179944051,0.0030155645449528,0.00874522526516621
ENSMFAG00000034683,GUCY1A2,0.31988894763054,0.318607929727281,0.351332182741478,0.344421070956453,0.363551553599712,0.372481906058058,0.376713127393697,0.348584844255526,0.0314796457603475,0.0324258672343055,0.0106505143729753,0.0134855317247405,0.0060225542660077,0.00848601295488194,0.00349069203264383,0.0118123386551145
ENSMFAG00000036507,ARHGAP20,0.341623909777766,0.33518789925316,0.350413204621696,0.334793066660762,0.354872870058895,0.324134984015186,0.36353130456033,0.387745872151477,0.0223570674594701,0.0258569205106213,0.0107730370618278,0.0157417459939883,0.00731737449383403,0.0195679270159853,0.00465263459300475,0.00634181003681771
ENSMFAG00000002448,FDXACB1,-0.347096382142605,-0.346925198830262,-0.362332629732024,-0.389923034917074,-0.38951333209973,-0.384517383953058,-0.36269156976082,-0.368679204786665,0.0207116760537614,0.0222238948413968,0.00876311196405102,0.00651196656280408,0.00366821711166488,0.00697401543769973,0.00472794768040415,0.00868126958168659
ENSMFAG00000034267,CRYAB,-0.336985880696884,-0.321886238544631,-0.338112219138392,-0.329959793076543,-0.35930352472912,-0.335067042913732,-0.355169160733603,-0.347149578111978,0.0237990065942378,0.030800780827024,0.0135451221837144,0.0174575644812531,0.00656536259894728,0.0160149910159637,0.00560691918276239,0.0122019025164693
ENSMFAG00000037360,BCO2,-0.32330418407468,-0.308406436734575,-0.327717231919493,-0.300763884640649,-0.329127719289504,-0.30940270785387,-0.337801926611119,-0.330145198282797,0.029336715997481,0.0376002521086134,0.016628295688817,0.0310201964347366,0.0133897827859036,0.0268190639085314,0.00853586494400867,0.0168855155697854
ENSMFAG00000046457,ENSMFAG00000046457,-0.345931018899785,-0.323826736214584,-0.359380435064218,-0.342412066166924,-0.369379769929786,-0.343990418720169,-0.358959211976276,-0.356555011156618,0.0210851254849412,0.0302003368492532,0.00916065991344027,0.0137251544215719,0.00537098087478587,0.0137647973673732,0.00515575118114105,0.010443345022859
ENSMFAG00000007641,PHLDB1,-0.335555651084946,-0.313903725181348,-0.34815911159928,-0.32823793176343,-0.358557088688193,-0.321667001049544,-0.352186887543258,-0.360688536609906,0.0242859912838234,0.0344462908431494,0.0112086087658529,0.0180496852002513,0.00670301509793784,0.0206221489423897,0.00597570403792093,0.00964244240420623
ENSMFAG00000003839,UPK2,0.320415341673196,0.309247981802293,0.334886615923417,0.319312156074696,0.334890381137953,0.304586776067461,0.334747046403126,0.341904423741801,0.0311543512153223,0.0369273008718813,0.0144229955659434,0.0214694262744738,0.0118304595567802,0.0295089060788384,0.00919176011790772,0.013263562285293
ENSMFAG00000032079,HMBS,-0.358259568603923,-0.364186597900802,-0.396296906474516,-0.393585320879486,-0.410842672256774,-0.381306926680194,-0.398640227270503,-0.393664009106867,0.0174720265333955,0.0182451266176339,0.0052432640970447,0.00621012827792064,0.00259759052956593,0.00735937121675723,0.0021852120048983,0.00571879174289046
ENSMFAG00000045996,NECTIN1,0.308840485320627,0.318223799083207,0.358390236149364,0.353443754631304,0.383769275164007,0.349849038357887,0.404729720262797,0.353611231330644,0.0379572385014902,0.0324358166627349,0.00926298529594198,0.0116544140118745,0.00409782376210503,0.0125922542777978,0.00192960331665042,0.010970930800134
ENSMFAG00000043395,ROBO3,0.340064440696542,0.332264063612978,0.352099083211509,0.366578458291324,0.384685673156747,0.333597329413775,0.326803973120413,0.364915834599493,0.02276663182472,0.0266649732016993,0.0105015513610462,0.00932477492667296,0.00399830245842177,0.0164534862472601,0.0111493112958546,0.0090169344002497
ENSMFAG00000039592,ST3GAL4,-0.343935951352469,-0.333379607520786,-0.366242048614136,-0.343233923472538,-0.366592155551273,-0.360232232244066,-0.386081054192485,-0.372028151229717,0.0217532377317531,0.026362022986847,0.00826906557849697,0.0136848863775002,0.00564808487148874,0.01047502946517,0.00279279491605592,0.00830302743321598
ENSMFAG00000041999,KCNJ5,0.380415863469745,0.369244231695925,0.38877283572132,0.375367103141975,0.395039830708992,0.362966080630854,0.357899765906066,0.392196729916545,0.0127269313471705,0.0167308553583964,0.00570340901489724,0.00793055028860209,0.00340340281686861,0.0101145045890331,0.00527033591414723,0.00590457015523795
ENSMFAG00000040269,APLP2,0.309891265268969,0.318659012716029,0.330901372925211,0.340567223676809,0.340813440300762,0.367602276664429,0.36890666279953,0.326205812711101,0.0376151864786229,0.0324223246831045,0.0155151826259883,0.0141476399096126,0.0103494642008238,0.00933282319660507,0.00409410907155674,0.0184351776340921
ENSMFAG00000038449,ADAMTS8,0.348576357373134,0.35365568415954,0.385335427895219,0.377117283631966,0.399858332988036,0.378244687706992,0.423876613913344,0.386322998553124,0.0202959663362833,0.0207988220264589,0.00614102267300302,0.00763640491769139,0.00305506546637189,0.00781563121972411,0.00136543120434327,0.00654597353540044
ENSMFAG00000009495,ADAMTS15,0.355217408586065,0.340685840179228,0.368540751184522,0.363008443833018,0.39368996416279,0.353437277370468,0.365269499711276,0.381340938564774,0.0183030917667841,0.0242474519054988,0.00792899835433792,0.00991912551065337,0.00342879866278822,0.0117920680072789,0.00443695323297866,0.00700266932783447
ENSMFAG00000038555,JAM3,-0.317332189590466,-0.309667044980839,-0.347215913544343,-0.330925811722349,-0.364677008229684,-0.336615156951448,-0.374186700401388,-0.342849054519251,0.0329585257107227,0.036446709068275,0.0112837813826353,0.0170781746166355,0.00588556082857566,0.0155540874969563,0.00368349817084409,0.0130439403610882
ENSMFAG00000036272,ENSMFAG00000036272,-0.330813342713372,-0.327413496929394,-0.362033351683654,-0.347214172421091,-0.37735115521966,-0.350821875883178,-0.381022917986729,-0.34911100214274,0.0265036924110893,0.0288237576101096,0.00878861392183476,0.0130426421329257,0.00460206560413644,0.012268801989859,0.00314779537304589,0.0117617418079769
ENSMFAG00000038681,VPS26B,0.300193496132456,0.311955141461889,0.341779174837277,0.335511808553543,0.353378364154558,0.336823573085585,0.382318486495053,0.32422142879327,0.0438737340632567,0.0352769116730078,0.0125969208303005,0.015483982173323,0.00759675656656826,0.0154837189554408,0.00304613691935461,0.01922680594008
ENSMFAG00000030914,GRIN1,0.335427555123509,0.366858288132373,0.395605106837458,0.408301953378624,0.417644699912454,0.427838065278756,0.449349225490841,0.355803171773665,0.0242859912838234,0.0172582342945275,0.00529569813235836,0.00511570966344384,0.00225975081042415,0.00435320229060621,0.00111914824994058,0.0105637338270917
ENSMFAG00000003246,NPDC1,0.356424729308851,0.368874502744144,0.405449589656519,0.399819296127009,0.417395480765545,0.396281546037533,0.442658635894584,0.386763522456764,0.0179032187483185,0.0167612461730646,0.00464161409316462,0.0057882686707581,0.00225975081042415,0.00610929962654093,0.00113406659720671,0.00645786756145395
ENSMFAG00000033138,AJM1,0.367104092926121,0.36537694022346,0.405185937057866,0.391679218216998,0.407588926139102,0.386779920167894,0.432187731765075,0.394870536828864,0.0156134915847035,0.0180580219401492,0.00464161409316462,0.00646699807518952,0.00268865646569985,0.00672925252139438,0.00123804676841463,0.00564811489649025
ENSMFAG00000040736,GPSM1,0.356341109852277,0.357126194094034,0.37631828153718,0.367564794255546,0.385104032390278,0.362379901924403,0.399138169002743,0.388985911356746,0.0179032187483185,0.0197697116964416,0.00698330261994887,0.00913904776678413,0.00398049195585689,0.0101219627433784,0.0021581530137635,0.00624991073749378
ENSMFAG00000042320,PPP1R26,0.380085754864612,0.372414582412635,0.378612911874238,0.377533662973224,0.39500892361909,0.369276945072149,0.375832575398978,0.371981622637757,0.0127269313471705,0.0159663714206521,0.00685979759162952,0.00763640491769139,0.00340340281686861,0.00903505140844274,0.003563042751212,0.00830302743321598
ENSMFAG00000000981,OLFM1,0.373103411539469,0.360307554169352,0.372729324543638,0.382418328533657,0.401261050795205,0.357774919417425,0.351530810681884,0.381254420336738,0.0140842565678575,0.019301689256513,0.00731404832024802,0.00741655547999142,0.00299852125209332,0.0109484578560319,0.00607129674047916,0.00700266932783447
ENSMFAG00000044609,RXRA,0.331555451892157,0.324720748760286,0.346397886883581,0.34646194062467,0.354609267999686,0.351130134677506,0.358361127072584,0.34390034089451,0.0261573439958153,0.0301383096160223,0.0114602663550772,0.0131896210584401,0.00737165736270397,0.0122003013651174,0.00522397734013782,0.0128550002147331
ENSMFAG00000038559,SARDH,0.359890153986271,0.34675743787097,0.343195100009712,0.346283749794598,0.356253834422401,0.337492025751062,0.330447353886558,0.358969355483564,0.0171059509754554,0.0222238948413968,0.0122115871898778,0.0132111545550483,0.007058501680888,0.0152636467053003,0.0101725510961018,0.0098900598703386
ENSMFAG00000041482,DBH,0.31588481431688,0.323656385172052,0.344389848311713,0.355758149209925,0.382825328707556,0.337567745763975,0.372312839695225,0.352449443650706,0.0337186891378482,0.0302166966214678,0.0119357479142764,0.0111123915089402,0.0041851280586796,0.0152598342760911,0.00381770677672214,0.0111054874409038
ENSMFAG00000042458,FAM163B,0.315151533502051,0.3183297528749,0.331219680668996,0.323827528900953,0.346329131439196,0.304548813308112,0.343691698785225,0.335862235044672,0.0343482271001591,0.0324258672343055,0.0153854166867365,0.0195626476158845,0.00908434820575974,0.0295207539404651,0.00740974710166803,0.0151459778258703
ENSMFAG00000041753,STKLD1,0.426282788420829,0.393430133284312,0.389787699080497,0.391369420623661,0.400426168057285,0.36031546161605,0.326549177651934,0.416412717354018,0.00810917177922874,0.0133847110622312,0.00563036723907288,0.00649668014006463,0.00300515012647109,0.0104546879934818,0.01122877848556,0.00431600986431728
ENSMFAG00000038009,ABO,0.439457675623712,0.432685704996846,0.463875789741649,0.451612619279411,0.475150498953644,0.455864655435936,0.475291842503319,0.468410754234902,0.00584922726323227,0.00839999152065103,0.00280486164953807,0.00295507918739082,0.000989888136387945,0.00319061081710892,0.000706849300735959,0.00189511599659711
ENSMFAG00000038154,RAPGEF1,0.384026002976343,0.387499339056368,0.405675358993874,0.409080318715929,0.416082021692298,0.419758642716456,0.438731337672156,0.404377037452688,0.0123441210686102,0.0139736147847816,0.00464161409316462,0.00511570966344384,0.00233895984551307,0.0047457504117466,0.00113406659720671,0.00478465345490409
ENSMFAG00000037355,ENSMFAG00000037355,0.31145797222212,0.30242751715653,0.328270839008136,0.332371841693946,0.348919919635511,0.323949984116496,0.318288717141605,0.308321269404293,0.0365658461183443,0.0416584900311193,0.0164246201453845,0.0165799658559854,0.00851057366450774,0.0195945346708243,0.013552174623022,0.0271707394946979
ENSMFAG00000001850,USP20,0.302538605446454,0.316445486732492,0.338294278183079,0.334351254113558,0.348055194285302,0.34806583175638,0.38591695390586,0.324040453461369,0.0423589266717868,0.0329566436366107,0.0134935264562282,0.0158537655189976,0.00869465453098872,0.01309737758848,0.00279352270219467,0.0193167190295566
ENSMFAG00000028800,SH3GLB2,0.404516737489012,0.400875528566723,0.428794838859571,0.430852952006515,0.448739378726643,0.421946542496797,0.446088234627866,0.418604483523436,0.00970277396239592,0.0123873360222438,0.00359425061993855,0.00369342722108385,0.00137248984612157,0.00464152109497141,0.00113406659720671,0.00416526726550516
ENSMFAG00000018189,MIR219A2,-0.315516941113555,-0.301817055494422,-0.339970194276612,-0.324035937700173,-0.354438919797417,-0.315352510539804,-0.346439380348549,-0.340314218437279,0.034018613512505,0.0421980421017466,0.0130495907206932,0.0195312000332664,0.00740434117828166,0.0236026697175023,0.00690820493370765,0.013714561805447
ENSMFAG00000030581,DNM1,0.326355502459678,0.334150987869798,0.348053540128133,0.357224507954922,0.364492238008846,0.365602701463255,0.375056450722233,0.33741214922213,0.0282474641395809,0.0260412048139915,0.0112086087658529,0.0109247080663691,0.00590119871700127,0.00964989930244977,0.00360597557128402,0.0146937899854078
ENSMFAG00000001639,ENSMFAG00000001639,-0.322733111024677,-0.331779709738816,-0.345574646089023,-0.356776458400679,-0.371074987642808,-0.368373725016267,-0.344590529719268,-0.342868578268258,0.0297229809303945,0.0269202567458335,0.0116702106681756,0.0109315596175366,0.00519369552062203,0.00924902177470024,0.00724804795149579,0.0130439403610882
ENSMFAG00000042297,CRB2,0.332982806096008,0.327598513001215,0.352514566845835,0.339931197815193,0.359822909868901,0.35271428673895,0.36298118276122,0.346025789035693,0.0256925465731666,0.0287321368722675,0.010437012400562,0.0143042751804254,0.00654361819847649,0.0118913270995896,0.00468498558190107,0.0124117828946976
ENSMFAG00000044342,LHX6,0.361402532274779,0.383576888031654,0.389566969322817,0.379375146895415,0.392813971786714,0.394655600089875,0.4331820631986,0.375871180189231,0.0169098341280024,0.0143876404493387,0.00563036723907288,0.00751299062999087,0.00347967052622808,0.00622259449660448,0.00122577183677311,0.00762547355418882
ENSMFAG00000031255,TRAF1,-0.331948844991641,-0.352803697797618,-0.379281893643088,-0.391630645925416,-0.404823390143291,-0.399102966362971,-0.439085126422271,-0.361582497907673,0.0259045845168546,0.0208951264503863,0.00674280064019494,0.00646699807518952,0.00285007200262508,0.0059457128862001,0.00113406659720671,0.00955427784915996
ENSMFAG00000046161,AKNA,-0.351406081458141,-0.342319088685617,-0.375141799537682,-0.351636278337209,-0.368911371263651,-0.347996337301741,-0.388923003562733,-0.383245841460274,0.0196739371785933,0.0237895776082706,0.00715313402636332,0.0119723441924294,0.00541592559887922,0.01309737758848,0.00260315708494485,0.00677832221137089
ENSMFAG00000039397,PRPF4,-0.320787401787055,-0.3127851227136,-0.332029335116453,-0.326513948682346,-0.326421562464144,-0.319612971513026,-0.3067440365662,-0.328946632704012,0.0309708783087993,0.0349479874149089,0.0151525851409272,0.018635429991782,0.0142306539075572,0.0215459151123744,0.0174608698717595,0.017353264040279
ENSMFAG00000001061,SLC31A2,-0.379262090705959,-0.367021775697136,-0.404815502503255,-0.390377047284995,-0.420701859414509,-0.38526652491325,-0.417226967168685,-0.408145292048258,0.0129876065137142,0.0172582342945275,0.00464161409316462,0.00651196656280408,0.00215427275939704,0.0069274787692407604,0.00150977439093755,0.00468904280675455
ENSMFAG00000034461,LPAR1,-0.362567465339284,-0.356872664905619,-0.397181519848086,-0.381817597123547,-0.414647913291818,-0.388615513330551,-0.433626423671747,-0.391502711121056,0.016701803178982,0.0197697116964416,0.0052432640970447,0.00745600886310454,0.00239621182849204,0.00657184606716834,0.00121003484189742,0.00592610422373696
ENSMFAG00000030822,MUSK,-0.358575446776187,-0.355653258203833,-0.40021580857571,-0.389174320919557,-0.424022809433821,-0.400106793857502,-0.436703252420652,-0.391947190805015,0.0174496857655847,0.0199834793612846,0.00503876902837766,0.00659657741199757,0.00207836329665903,0.00586866664760698,0.00113406659720671,0.00590457015523795
ENSMFAG00000000411,TMEM38B,-0.334354753290122,-0.324296162286438,-0.346945071436137,-0.333122880541056,-0.356220208690681,-0.324372491158093,-0.347357219199605,-0.353525665384356,0.0249038661297943,0.030158196984128,0.0113383928980145,0.0162689111638164,0.00706211348915439,0.0195145178549179,0.00675646687864145,0.010970930800134
ENSMFAG00000030009,TAL2,-0.378959723151828,-0.353974512666281,-0.391206613423038,-0.367201308482667,-0.39057588379059,-0.361908449365856,-0.371779974832825,-0.390474303882235,0.0130739990698099,0.0207139514994812,0.00547908690148833,0.00919838406724988,0.00364117304708275,0.0101861179944051,0.00383288325549587,0.00603850326578785
ENSMFAG00000044299,SLC44A1,-0.395151068582956,-0.378446960621773,-0.412465768030427,-0.395752697243875,-0.427389805744948,-0.398721018059273,-0.42588665650894,-0.415925516797242,0.0103584012723303,0.0146158534807338,0.00436710958928809,0.00599306729313274,0.00196002201392801,0.00594808139629322,0.0013576993537440401,0.00435002102653989
ENSMFAG00000042106,GABBR2,0.338013324090317,0.350536685300984,0.380363176684641,0.392109037174399,0.404145542563438,0.383259614657604,0.416524792809929,0.376858393746682,0.0234757146528408,0.0214889719013142,0.00662595943357258,0.0064220250361317,0.00285007200262508,0.00713873542272025,0.00151404341184037,0.00760947286554532
ENSMFAG00000030994,NCBP1,-0.325620478495057,-0.313166268395882,-0.323554183593651,-0.326979834787208,-0.340097977177093,-0.321773073349923,-0.307110218356837,-0.325883775184296,0.0286031016701764,0.0347475490612088,0.0182999919435823,0.018515962324437,0.0105583238300609,0.0205692456303261,0.0172960268838698,0.0185418231320159
ENSMFAG00000002374,FBXO10,-0.316962242989556,-0.318991657947054,-0.335708323777904,-0.333381561043769,-0.333962961620568,-0.341821872184011,-0.34970269830436,-0.339794580587084,0.0331622047902109,0.0322017307335285,0.0141848897074825,0.0161871209951003,0.0120636063114668,0.0144433361804427,0.00635250766685774,0.0138939558443057
ENSMFAG00000026468,ZBTB5,-0.371184527826281,-0.379923167105216,-0.405033781376547,-0.406034618965767,-0.410148014529284,-0.391792064800587,-0.424987645752085,-0.405225775936704,0.0146845390106777,0.0143876404493387,0.00464161409316462,0.00530661225951428,0.00260581304610562,0.00644647398137181,0.00136320906535301,0.00468904280675455
ENSMFAG00000002135,TMEM8B,0.362210495602136,0.36933234550757,0.407816657270462,0.407893155000514,0.428460551914296,0.416518828420717,0.437114541664712,0.384019779427614,0.0168078772778927,0.0167301795753224,0.00464161409316462,0.00511570966344384,0.00195257568598686,0.00482863426350878,0.00113406659720671,0.00667269174145152
ENSMFAG00000034790,TESK1,0.309888060123741,0.307427754648837,0.315239529427986,0.309510300706528,0.312913554711394,0.30446670828868,0.315551053657536,0.29941189709888,0.0376151864786229,0.0382866869755486,0.0218245307787912,0.0261519495105066,0.0191591881135359,0.0295610978246703,0.0144224751485839,0.0325316947755148
ENSMFAG00000032045,PHF24,0.409800540627968,0.415599199415855,0.441395743401904,0.447531910400972,0.466579588939085,0.439813865163113,0.469074305314319,0.436262557575214,0.00894413914479118,0.0110942021719301,0.00335018204821934,0.00308114845768266,0.000989888136387945,0.00389785553487244,0.000825220399028625,0.00382439263275708
ENSMFAG00000043404,FAM219A,0.319267760578884,0.346586299822247,0.37151876759941,0.372649598704893,0.383079354234357,0.378570729015019,0.433536570439003,0.338415780048518,0.0316831936301558,0.0222238948413968,0.00748874707008709,0.00835966578406372,0.00417157856881922,0.00780487046166616,0.00121003484189742,0.0143859926239015
ENSMFAG00000031898,IZUMO3,0.415407002040762,0.425539844067184,0.459617719468329,0.450472337710168,0.471578551080478,0.451323814635185,0.494861019772938,0.459616864369075,0.00847617198139287,0.0102192902688266,0.00280486164953807,0.00295507918739082,0.000989888136387945,0.00353824542405282,0.00062700957908818,0.00234192466990748
ENSMFAG00000047035,ENSMFAG00000047035,0.400931235280289,0.385714381192943,0.414099787545036,0.395607012449832,0.409095717773016,0.391256367185508,0.413792562866095,0.436746460090423,0.00991060119903743,0.0143659386157478,0.0042579444762936,0.00600718882128419,0.00260581304610562,0.00645061513389063,0.00159531875942805,0.00380463742843994
ENSMFAG00000031323,PTPRD,-0.340632763842998,-0.343797761234235,-0.378434422725082,-0.363459125266008,-0.387392547063916,-0.364434831323359,-0.413448313934832,-0.364584780143321,0.0225908718250265,0.0234089360393931,0.00686562810073604,0.00987266568116777,0.00381925386340315,0.00990013507146583,0.00160983538186445,0.00908435876853387
ENSMFAG00000003778,KDM4C,-0.340722174452491,-0.361610391767902,-0.379874313930708,-0.372288448648133,-0.389802662924074,-0.37783340576777,-0.41687864312225,-0.363631887405081,0.0225787597830768,0.0188794746751781,0.00670276710220578,0.0084471826880837,0.00366821711166488,0.0078174267236995,0.00150977439093755,0.00923697028261389
ENSMFAG00000032768,RIC1,-0.314021016818295,-0.337179729410689,-0.358558603857382,-0.357017187499317,-0.368040291364438,-0.362348645121153,-0.405194491612074,-0.333564376604975,0.0349160618501124,0.0251151437809974,0.00922515347413089,0.0109247080663691,0.00551767450790941,0.0101219627433784,0.00192431640668586,0.0158349183824184
ENSMFAG00000003814,SMARCA2,0.367155381937021,0.367956335078638,0.367129626371406,0.369183627654088,0.380900391539601,0.363219154765642,0.359408013483541,0.395033351875013,0.0156134915847035,0.0170136512776368,0.00811354355980412,0.00888746799197092,0.00432266504351545,0.0100596695681952,0.00510044395550691,0.00562865869631179
ENSMFAG00000039090,PTAR1,-0.428164201028485,-0.437464272220898,-0.449137232769577,-0.437699751916641,-0.455647172360606,-0.430752362474898,-0.48105131538087,-0.444195051732576,0.00775423324882465,0.00763957381952836,0.00297587411321407,0.00333153926786278,0.00128745208691343,0.00415118252953157,0.00062700957908818,0.00331094179346129
ENSMFAG00000037990,TRPM3,-0.382564870439864,-0.37038914267054,-0.392200113102279,-0.371214519417934,-0.39430629922065,-0.367299517338263,-0.388065590237153,-0.411432042088343,0.0124569360905761,0.0164175645567561,0.00547908690148833,0.00864554265383494,0.00341284985479361,0.00933282319660507,0.00266273603242398,0.00435002102653989
ENSMFAG00000036873,CEMIP2,0.310667056813423,0.305383032470056,0.323557834746687,0.318463228143839,0.332197047104635,0.32456117081838,0.333106285195917,0.325178095115014,0.0371585441574314,0.0395366669185536,0.0182999919435823,0.0217662200181976,0.0125266402464019,0.019449475740109,0.00955068336735004,0.0188772030387434
ENSMFAG00000001017,ABHD17B,-0.311824950770415,-0.306043653339734,-0.351167585855868,-0.334500579929608,-0.365588445298072,-0.337245977444705,-0.377041683339364,-0.348824672871842,0.036444918240824,0.0390835505079377,0.010680192150471,0.0158174792717363,0.00578836589600996,0.0153469391698238,0.00345921688672002,0.011778074611395
ENSMFAG00000042357,ANXA1,-0.308708050018726,-0.32268493897292,-0.336486092384876,-0.345445007175094,-0.355978118975509,-0.352829414843768,-0.367020645741127,-0.314470781057762,0.0380665192870405,0.030601053302609,0.0139824816409384,0.0133615770633753,0.00710805427436109,0.0118730474244531,0.004223171500529,0.0239037746932105
ENSMFAG00000044343,ENSMFAG00000044343,0.31219017946672,0.317864251564529,0.330886405196108,0.331564564503857,0.336906113977427,0.349156307094833,0.374493999438228,0.334291579699975,0.036224043478134,0.0324762689575899,0.0155151826259883,0.016911910638563,0.0113013166920212,0.0128085007728138,0.00365578025167083,0.0155825300164064
ENSMFAG00000043796,GOLM1,0.335343386164463,0.339181090276175,0.372334687400179,0.363778914194911,0.380124549996742,0.356794765405217,0.400328879544726,0.3826714851141,0.0242859912838234,0.0246283037769442,0.00737343957084543,0.00979473740998046,0.00441356571740591,0.0110967640439825,0.00213145403428889,0.00681980417226744
ENSMFAG00000037117,DAPK1,0.372620617450636,0.332678089503968,0.352506359799615,0.337312249077346,0.35272804352209,0.340757936430306,0.317218668544053,0.365428062470979,0.0143065236781858,0.0264488951617593,0.010437012400562,0.0149257658268977,0.00773253091451851,0.0145871853102942,0.0138649646368453,0.00897439069155001
ENSMFAG00000036724,ENSMFAG00000036724,0.338893354815233,0.327178813450427,0.32177595650858,0.310057196676757,0.317097366808619,0.302297461072869,0.320318094990043,0.32533840947077,0.0231075392436481,0.0289782756153025,0.019104755588523,0.0259532051697178,0.017525603613874,0.030745859446131,0.0129147723710556,0.0188040451696496
ENSMFAG00000041328,SHC3,0.351694166693556,0.317834162123609,0.333261782087493,0.325976607052116,0.337445763016821,0.316715112442153,0.301654195234663,0.353569646753237,0.0195478163128469,0.0324775730314548,0.0147774577847586,0.0188462708169704,0.0111939205284129,0.0231036877269354,0.0195801493879371,0.010970930800134
ENSMFAG00000031728,PIP5KL1,0.351169763938137,0.357881066824754,0.397063758294727,0.385757026408462,0.406919851879014,0.398568978175247,0.428050853796366,0.381029470856939,0.0198237558522235,0.0197697116964416,0.0052432640970447,0.00703812076268371,0.00272243938406226,0.00595103445211265,0.00133051292084478,0.00703278653098133
ENSMFAG00000033992,CDK9,0.319827674297436,0.332786559275268,0.358848738652874,0.36234637522334,0.374183947245238,0.366902144720643,0.391663277212067,0.336059522589284,0.0314796457603475,0.0264488951617593,0.00920725021072253,0.0100172916371923,0.00485653611055572,0.00933349045769683,0.00248433335724004,0.0151055105648849
ENSMFAG00000038065,ANGPTL2,-0.319237626677917,-0.324560672935393,-0.360429971998362,-0.349378744757719,-0.372732518966567,-0.353247067455616,-0.40733513306723,-0.353207844487518,0.0316831936301558,0.0301432111158428,0.00900919178614761,0.0124590238168394,0.00497230424933072,0.011837766438488,0.00182793050360056,0.0110139049175121
ENSMFAG00000033009,C9orf129,0.304073209256941,0.308579715796975,0.340324250924903,0.33340794327817,0.352071090115903,0.330666737891053,0.366681264899544,0.336514209766958,0.0412516595319885,0.0374637487439743,0.0129094113854016,0.0161839000072661,0.00782256827637355,0.0175254195218046,0.00426969992521745,0.0150071734178395
ENSMFAG00000001618,PTPDC1,-0.431724034539186,-0.42065938942794,-0.451115739271148,-0.437730911535706,-0.467834230851815,-0.436635096467258,-0.463229662894051,-0.444142775265046,0.00712772398814552,0.0102848375990455,0.0028742534314751,0.00333153926786278,0.000989888136387945,0.00389785553487244,0.000931925003402093,0.00331094179346129
ENSMFAG00000003845,AOPEP,-0.313083457487666,-0.312294209600103,-0.346962295230255,-0.342080681873082,-0.360632352158933,-0.340290435732099,-0.37201958329716,-0.355379462426691,0.035680288978594,0.0351372840538474,0.0113383928980145,0.0137704816493291,0.00644756673581331,0.0146715648396197,0.00382731440824545,0.0106371513900796
ENSMFAG00000039879,ENSMFAG00000039879,0.415947871991367,0.400332782663335,0.415908311812008,0.402379097501268,0.410872568525896,0.408648064312297,0.388038499902908,0.425951309521913,0.00847617198139287,0.0124349908190985,0.0042579444762936,0.00557581897940922,0.00259759052956593,0.00533869860211975,0.00266273603242398,0.00407677128083624
ENSMFAG00000025747,MAL,-0.349878969008509,-0.334702058713673,-0.375059224904102,-0.361428065443475,-0.394483079179893,-0.363377390397424,-0.390818673967646,-0.37720649143998,0.020215471735853,0.0259927914547417,0.00715313402636332,0.0102216275080363,0.00341284985479361,0.0100573540201493,0.00250129735896379,0.00758672303890067
ENSMFAG00000032592,CNNM4,0.309692888190905,0.314718444049888,0.344171862148408,0.343003006328745,0.359668621225019,0.334310724583367,0.380761537965933,0.342719182719037,0.0376151864786229,0.0340504507753423,0.0119830193341746,0.0136946488044364,0.00654361819847649,0.0162141738023456,0.00316445600810064,0.0130617187681896
ENSMFAG00000044752,ENSMFAG00000044752,-0.421295064924382,-0.414003896175921,-0.433954192489651,-0.432697025938426,-0.443260172322465,-0.424313496248861,-0.425755499439077,-0.442520966224985,0.00847617198139287,0.0113239545905273,0.00359425061993855,0.00359290699993284,0.00151230707996461,0.00446003746818047,0.0013576993537440401,0.00336301435624351
ENSMFAG00000042363,VWA3B,0.329655398553951,0.346754845176509,0.381677504390923,0.380170066109986,0.398150959647173,0.396929589850535,0.451360969370176,0.371004675750037,0.0268809743435055,0.0222238948413968,0.00648783535401574,0.00751299062999087,0.00313226223602299,0.00610929962654093,0.00111052079015429,0.00846600336329773
ENSMFAG00000031640,AFF3,0.384115221155051,0.372505022288279,0.37068941435496,0.377110718779565,0.372962720851107,0.372451938871928,0.370615274124367,0.388342665834442,0.0123441210686102,0.0159663714206521,0.00762900830684095,0.00763640491769139,0.00496855139650594,0.00848601295488194,0.00392924388026379,0.00627364853802542
ENSMFAG00000036757,C2orf40,-0.417002899947927,-0.423126657760223,-0.435414930668224,-0.442195589753165,-0.447270527379026,-0.439972314434389,-0.417944918646587,-0.427389946140103,0.00847617198139287,0.0102848375990455,0.00359425061993855,0.00316759070269595,0.00137803028004512,0.00389785553487244,0.00150977439093755,0.00407677128083624
ENSMFAG00000000196,ENSMFAG00000000196,-0.325355795129245,-0.320620738270882,-0.350947829763433,-0.34395130446833,-0.367220786895498,-0.327986138596595,-0.378140060769012,-0.355165629255811,0.0286426682209027,0.0316182408075773,0.0107570530360096,0.0135432476460027,0.00558900503121853,0.0183446735537132,0.00336671663290509,0.010666687780017
ENSMFAG00000044989,SEPT10,-0.433336514510152,-0.438512402184906,-0.465309944338921,-0.469378800463479,-0.493315700605666,-0.470533783642386,-0.510022382256682,-0.461039122834273,0.00695995989849057,0.00763957381952836,0.00280486164953807,0.0029394129748456,0.000874910526216398,0.00255041052396858,0.000555678160747994,0.00226084555369642
ENSMFAG00000039143,BCL2L11,-0.384961501297854,-0.387730453223966,-0.420051545430956,-0.415896576481207,-0.434785703540024,-0.413728248918167,-0.449169692162903,-0.411926412029821,0.0123441210686102,0.0139736147847816,0.00406176755166096,0.00483746348072321,0.00171777018068416,0.00505894363171458,0.00111914824994058,0.00435002102653989
ENSMFAG00000041796,TEX37,0.340961191664772,0.340030106115359,0.358339158418347,0.350324902875021,0.374800345712261,0.354598034416676,0.383827567107147,0.36340307328228,0.0225787597830768,0.0243963718470887,0.00926298529594198,0.0122933977261655,0.00481514731593715,0.0114842919400028,0.00293595232213819,0.0092702395906875
ENSMFAG00000038350,ERN2,0.366172864181365,0.361262637413499,0.390177646730001,0.381108787379038,0.395249001923503,0.366595681569483,0.396176659805205,0.402431392215927,0.0157526728954724,0.0189901803201553,0.00560804775409567,0.00749325055713321,0.00340204183187562,0.00940528840361061,0.00232784623661338,0.00485947759688039
ENSMFAG00000042757,PTCD3,-0.318337797108301,-0.327111173581291,-0.358902848709679,-0.344566059396199,-0.367957039272308,-0.345916138156374,-0.382402537638475,-0.348937139929133,0.0323349884473798,0.0289853318841187,0.00919824684573009,0.0134855317247405,0.00553117721233213,0.0134217366539522,0.0030417200269053,0.0117617418079769
ENSMFAG00000031235,ATOH8,-0.470033812484621,-0.468416049250085,-0.486463447514517,-0.482355327399351,-0.495852650669892,-0.476610094718186,-0.515976781694151,-0.500543851852809,0.00350848937027084,0.00763957381952836,0.00206590259953415,0.00249047135666598,0.000874910526216398,0.00255041052396858,0.000555678160747994,0.00140104818589889
ENSMFAG00000032906,C2orf68,-0.415653893211455,-0.424009843943792,-0.454697366353704,-0.460179892117407,-0.47780365325235,-0.470359983384476,-0.484743088288538,-0.435448148246,0.00847617198139287,0.0102848375990455,0.00281818541043335,0.00295507918739082,0.000989888136387945,0.00255041052396858,0.00062700957908818,0.00382844231003148
ENSMFAG00000002027,MAT2A,-0.339301666062457,-0.346225740225107,-0.378147091833891,-0.37619903537871,-0.396985687200178,-0.37446865127165,-0.408522848728985,-0.369005925932806,0.0229726267244467,0.0222238948413968,0.00687552713367965,0.00778782514918062,0.00321379925546257,0.00818989909834324,0.00177315614993392,0.00865226943060681
ENSMFAG00000003995,CTNNA2,0.337626475563353,0.324542158456689,0.341612260152704,0.356886979807246,0.367402665359967,0.324609363862385,0.317130584714701,0.354020000929391,0.0236317818174284,0.0301432111158428,0.0126687643532075,0.0109247080663691,0.00558258796366377,0.019449475740109,0.0138868112886022,0.0109029089744589
ENSMFAG00000042078,DOK1,-0.326940650363526,-0.319039446536661,-0.352320435378684,-0.342165861935755,-0.361464551266665,-0.341223707419098,-0.37044095490501,-0.362924999857904,0.028052720494331,0.0322017307335285,0.0104731477838351,0.0137704816493291,0.0063290282913472,0.0145490451197249,0.00393434540769668,0.00935622087978729
ENSMFAG00000045464,RTKN,-0.357090133949577,-0.339420769524487,-0.377740864762247,-0.35830840869904,-0.390779561943361,-0.361108910168044,-0.393034891088553,-0.388577336967788,0.0179032187483185,0.0245583473277733,0.00691452963489165,0.0107933878911437,0.00362910640705976,0.0103191569289781,0.00243184179764221,0.00627364853802542
ENSMFAG00000044843,SLC4A5,-0.30967699939056,-0.313698116410954,-0.344491280223208,-0.334608352883992,-0.348878197586661,-0.332317194148693,-0.354772014499594,-0.335910903197233,0.0376151864786229,0.0345271214177958,0.011920588734382,0.0157982459982308,0.00851820841541905,0.0169816404932857,0.00566057591955883,0.0151358724028429
ENSMFAG00000042911,FBXO41,0.324601205246947,0.336047657463883,0.376706535477202,0.37342108017692,0.397110732465299,0.3789231054992,0.422508739279575,0.350884228950789,0.0289065894885021,0.0255095440426533,0.00693179129783044,0.00815118483003901,0.00321379925546257,0.00777479775191873,0.00140326940553752,0.0114514595641122
ENSMFAG00000018634,ENSMFAG00000018634,-0.30868899046541,-0.315962170680624,-0.321730542728026,-0.320068485884822,-0.322532343805136,-0.316555654719037,-0.332222204369703,-0.305128382201274,0.0380665192870405,0.0332733416071737,0.019104755588523,0.0211224509365543,0.0155126767428963,0.0231079040347236,0.00975827221322926,0.0288140371935082
ENSMFAG00000027132,PAIP2B,-0.39936396571004,-0.384866013240351,-0.424329586516474,-0.409558785094664,-0.439356799939968,-0.41081292771918,-0.437498918699129,-0.427625264204737,0.00991060119903743,0.0143876404493387,0.00374742528908521,0.00511570966344384,0.00162029221639426,0.00533869860211975,0.00113406659720671,0.00407677128083624
ENSMFAG00000042374,ATP6V1B1,-0.400367813980753,-0.408462744021952,-0.418872734764,-0.408188315194459,-0.418289219916736,-0.400580616035381,-0.408594068996231,-0.400202408314493,0.00991060119903743,0.0120523458016359,0.00415805274712706,0.00511570966344384,0.00225265840243739,0.00585917447550472,0.00177315614993392,0.00513896732630555
ENSMFAG00000038576,VAX2,-0.345558122411246,-0.343359259415479,-0.367433375424331,-0.36461962621332,-0.377701215872451,-0.353380181026727,-0.361710231283495,-0.355681176873814,0.0211612522159521,0.0235974534110451,0.00806008519536925,0.0096726040225654,0.00460206560413644,0.0118042270199209,0.00482604051355702,0.0105789998430617
ENSMFAG00000002023,CD207,0.380168900278566,0.367665820788586,0.382069384342309,0.375150114235657,0.37737899088612,0.378595532852759,0.355793619930295,0.376963718953076,0.0127269313471705,0.0170505270090351,0.00648451350269598,0.00793055028860209,0.00460206560413644,0.00780487046166616,0.00553315578841443,0.00760947286554532
ENSMFAG00000037883,ADD2,0.312294440026589,0.32810970733107,0.354939148391336,0.368155049049837,0.3844181848801,0.365121544119334,0.403521202449371,0.347251964035266,0.0361506297045591,0.0285414062888883,0.00999551556736199,0.00904276241851318,0.00403327297095965,0.00972919764369099,0.00196392825290152,0.0121843990415245
ENSMFAG00000042972,FAM136A,0.302811524805678,0.318199033742204,0.350792022458123,0.344791488356863,0.356345165683047,0.328146956426356,0.390155830797862,0.342383904217312,0.0421666407587508,0.0324358166627349,0.0107579296914737,0.013446340093975,0.00704429884345364,0.0182879698211719,0.00253620778370922,0.0131125283303552
ENSMFAG00000027875,ASPRV1,-0.366795218914745,-0.366829390334461,-0.394141947911769,-0.396554713897228,-0.436928623629206,-0.409567856602128,-0.430579047910481,-0.395627789873428,0.0156134915847035,0.0172582342945275,0.00537182331278336,0.00594596400800248,0.00165922715504036,0.00533869860211975,0.00127904660573834,0.00555766866010301
ENSMFAG00000008976,ENSMFAG00000008976,-0.331127058070625,-0.341708822898471,-0.340715370831319,-0.335367712204528,-0.335660957684402,-0.329693872961667,-0.334839488160245,-0.327987942218787,0.0264571395923106,0.0238693088998108,0.012870349953993,0.0155146657125713,0.0116393147350352,0.017810966476218,0.00918017345977375,0.0176817319064998
ENSMFAG00000031151,SPRED2,0.319714581146964,0.314181349097786,0.330265410886704,0.327714054956013,0.347408475293998,0.327988903282452,0.341555899870269,0.346204127230099,0.0314796457603475,0.0342778024949213,0.0157185890716283,0.0182187677863725,0.00884903734315091,0.0183446735537132,0.00779900836476573,0.0123922646488858
ENSMFAG00000042959,PEX13,-0.314837114194526,-0.319564430892098,-0.340702895762869,-0.333848240711982,-0.340905049230877,-0.330615881115482,-0.338684044346204,-0.316430874199327,0.0345573115920383,0.0321690249743876,0.012870349953993,0.0160158547168137,0.0103275003925947,0.0175270388152696,0.00839298490109639,0.0228767011506139
ENSMFAG00000044378,CCDC85A,0.36122840783556,0.355772384626338,0.361136642897665,0.369874277117035,0.384136312436155,0.347127793821626,0.355110532847608,0.376969148663437,0.0169098341280024,0.0199834793612846,0.0089124308901168,0.00886188437929334,0.00406436426292966,0.0132510225829229,0.00560691918276239,0.00760947286554532
ENSMFAG00000003418,PSME4,-0.373062131005116,-0.378313939994017,-0.417762754009104,-0.411690058893219,-0.432141091864987,-0.416907178100721,-0.438450542129737,-0.396332834677983,0.0140842565678575,0.0146158534807338,0.00423470309501476,0.00511570966344384,0.00176897889857384,0.00482863426350878,0.00113406659720671,0.00546201617882602
ENSMFAG00000041347,FOXN2,-0.333247772455817,-0.322677737123237,-0.34852564064842,-0.322475648410953,-0.350632714431885,-0.330492856695243,-0.35907968748682,-0.343302878818761,0.0255200861098038,0.030601053302609,0.0111413323595381,0.0200976938187065,0.00812659350461644,0.0175561402774283,0.00514316896270792,0.0129935354921869
ENSMFAG00000037120,PLEKHH2,-0.370273648874179,-0.362066271121578,-0.391729827508537,-0.378352418926071,-0.402184705837123,-0.378870097954094,-0.407600081783102,-0.385279580930777,0.0148043748412809,0.0188794746751781,0.00547908690148833,0.00760484260374379,0.0029035061749192,0.00777479775191873,0.00182793050360056,0.00659123369106219
ENSMFAG00000037713,MTA3,0.305867634264011,0.309101759742814,0.349370256879137,0.340926404841143,0.365475224345342,0.338981780060956,0.385937041463948,0.350597965168973,0.0398814193965579,0.0370399770848684,0.0110341286635821,0.0140819246733407,0.00580397005067866,0.015012046528356,0.00279352270219467,0.0115080625083869
ENSMFAG00000042398,KCNG3,0.325371669289065,0.310599699037369,0.347649593684468,0.338737003545803,0.367810375068074,0.339025147865988,0.352676853452922,0.357636387891323,0.0286426682209027,0.035866420265906,0.0112837813826353,0.0146217468499656,0.00555356834197473,0.015012046528356,0.00591617320379483,0.0102153921306146
ENSMFAG00000035412,GEMIN6,-0.319253820314198,-0.324824065338526,-0.316570176270554,-0.322399525639191,-0.329928318868969,-0.339627182049129,-0.331946938357332,-0.317847481773467,0.0316831936301558,0.0301030528024042,0.0212396673890004,0.0201004999814109,0.0131713769945662,0.0148662042604806,0.0098126780573831,0.0222363138818247
ENSMFAG00000043056,CRIM1,0.307673304726568,0.315817185977615,0.342628143597503,0.32579826668132,0.339819658433057,0.347365162844971,0.399269301712713,0.340576572996908,0.0386483322884461,0.0333069764073041,0.0123112050508988,0.0188721823813072,0.0106349840127335,0.0132157832366649,0.00215632314434754,0.0136400433705939
ENSMFAG00000045281,RASGRP3,-0.339683617823821,-0.323679108113264,-0.359339950877981,-0.344935721579486,-0.377139648066572,-0.342280064588972,-0.37240564884908,-0.360873635450104,0.0228305708804129,0.0302166966214678,0.00916065991344027,0.0134304100107981,0.00460357800017551,0.0142719058302368,0.00381302604899596,0.00964244240420623
ENSMFAG00000033132,EHD3,0.405788675189008,0.382555318002466,0.358341765276288,0.363291607180163,0.354398424026742,0.351797706425857,0.327165293530268,0.383143952806583,0.00946991461056097,0.0143876404493387,0.00926298529594198,0.00987266568116777,0.00741032568309566,0.0120650367670672,0.01105276913445,0.00679120856002385
ENSMFAG00000044119,CLIP4,-0.326829967987632,-0.333803840516607,-0.363031422466609,-0.355862759715278,-0.378945179017932,-0.351664557318034,-0.378970428264736,-0.341596227106363,0.028103477889263,0.0261444024327261,0.00866963139082234,0.0110945883509606,0.00452044614951466,0.0120923033188898,0.00330704155566463,0.0133794774583846
ENSMFAG00000042822,ENSMFAG00000042822,-0.309073266498629,-0.3405097877131,-0.37078700634949,-0.379325403349774,-0.382951681254507,-0.378201739476421,-0.42268706287006,-0.344471912954196,0.0378435741301858,0.024259145635989,0.00761013629103425,0.00751299062999087,0.00418290990802953,0.00781563121972411,0.00139835756778946,0.0127188609860111
ENSMFAG00000000328,SLC30A3,0.413386297434738,0.425035995338288,0.450306813065972,0.447615320550921,0.470157682555885,0.434857789769724,0.482837061143453,0.444719567768547,0.0087209422969036,0.0102192902688266,0.00290664148475691,0.00308114845768266,0.000989888136387945,0.00389785553487244,0.00062700957908818,0.00331094179346129
ENSMFAG00000043768,DRC1,0.314773336413137,0.327078098729002,0.353567968486939,0.338350185504957,0.363766465067911,0.329984632532316,0.389269997664576,0.355584725599834,0.0345792730096928,0.0289881029716147,0.0102132478904372,0.0147111579909696,0.00599849669104609,0.017729232620737,0.00258459007572574,0.0105916310240265
ENSMFAG00000002881,KIF3C,0.364185434048916,0.37985695588599,0.409408774405448,0.419147936640965,0.431678845666232,0.418912898283123,0.45590737857471,0.396703211937817,0.0163823958471423,0.0143876404493387,0.00450307233943265,0.00449310750583743,0.00178211798530181,0.00482863426350878,0.00107330588674465,0.00545037243905814
ENSMFAG00000038698,ENSMFAG00000038698,0.397896859911543,0.397005520188965,0.425887113550952,0.438564382451418,0.454914583187758,0.421348180515285,0.437518895262505,0.419468453734991,0.0100301109757747,0.013075043767625,0.0037101026802513,0.00333153926786278,0.00128745208691343,0.00468034610021944,0.00113406659720671,0.00416508628863503
ENSMFAG00000035813,EFR3B,0.362872166638964,0.355435622945036,0.390522182436151,0.388257469405951,0.410733152133266,0.39629158771668,0.404792936738775,0.379019522549507,0.016684538843772,0.0200101996010353,0.00558367227743306,0.0066959906960112,0.00260178963758794,0.00610929962654093,0.00192960331665042,0.00732152732891676
ENSMFAG00000003240,FKBP1B,0.341042848766237,0.350846646025261,0.391454124747764,0.383545271826007,0.403030180261611,0.396442666300765,0.444128064198107,0.373613510752768,0.0225681336753869,0.0214889719013142,0.00547908690148833,0.00730050885070024,0.00288196604836385,0.00610929962654093,0.00113406659720671,0.00810001951756764
ENSMFAG00000002617,KLHL29,0.381064139850846,0.373406455153517,0.399969682506286,0.395375930842148,0.403868465942304,0.41975868562364,0.414404795210353,0.391274125453304,0.0127269313471705,0.0158105052845365,0.00503876902837766,0.00602415242845664,0.00285007200262508,0.0047457504117466,0.00157676757186589,0.00596856350634467
ENSMFAG00000046667,ENSMFAG00000046667,0.386170661500009,0.35614394327599,0.374854116145048,0.34962686896403,0.369712656791052,0.348704251492881,0.331560379320238,0.382166833504394,0.0121385864504008,0.0199834793612846,0.00715313402636332,0.0124219715917021,0.00532650875375279,0.0129604698849312,0.00989160862744407,0.00683916768930636
ENSMFAG00000012332,RF00019,-0.320737939617421,-0.323641777557939,-0.355082724797532,-0.343245611188248,-0.366228305791963,-0.347915407718718,-0.378356433598473,-0.356396487530302,0.0309708783087993,0.0302166966214678,0.00997188177748247,0.0136848863775002,0.00571025265452521,0.0131069778860657,0.00335766774514155,0.0104570429508493
ENSMFAG00000032471,C2orf50,0.415605083782344,0.377450667774586,0.374120579374326,0.358874183012641,0.373444256640968,0.34140088516432,0.317715410333322,0.419382242910792,0.00847617198139287,0.0149079493212387,0.00718464161504992,0.0106473803364617,0.00491915109160702,0.0145197632915788,0.0137174429917004,0.00416508628863503
ENSMFAG00000038147,ENSMFAG00000038147,-0.420501101760058,-0.402608129389088,-0.417127214368117,-0.408543011880562,-0.421314852241187,-0.394585274655243,-0.394639083129158,-0.429209091869845,0.00847617198139287,0.0120523458016359,0.00423470309501476,0.00511570966344384,0.00214748558456414,0.00622259449660448,0.00238578021231211,0.00407677128083624
ENSMFAG00000040783,RRM2,-0.320873852320635,-0.320146425414262,-0.347849539903086,-0.345123180105,-0.359172689279137,-0.343996334401021,-0.37805961069589,-0.349465430766164,0.0309708783087993,0.0318903378803911,0.0112531050169292,0.0133819350502909,0.00658298185746316,0.0137647973673732,0.00337022810937892,0.0117570606412942
ENSMFAG00000039177,ADAM17,-0.321648785358518,-0.325098436391066,-0.355267186512936,-0.339913286537518,-0.361561273012049,-0.345038031425075,-0.377251420943982,-0.344672687843458,0.0305079713616841,0.0300104618362644,0.00994071603216716,0.0143042751804254,0.0063290282913472,0.0135778723938399,0.00344870099393093,0.0126982164160983
ENSMFAG00000040763,TPO,0.327780742573964,0.325707429395001,0.334901123834566,0.316169695633482,0.332028501761735,0.343145913280276,0.347712712601448,0.335013007177836,0.0276355318052879,0.0297296260827965,0.0144229955659434,0.0228117043662376,0.0125696417374958,0.0140547474518607,0.00671183958915784,0.0154021777280361
ENSMFAG00000037552,SH3YL1,0.300587751656961,0.307850206876799,0.338133133294219,0.327567512389532,0.347205424681329,0.313816115220304,0.353228265460486,0.334701728023807,0.0436601210979574,0.0379954775350883,0.0135451221837144,0.018279779237951,0.00891442781209918,0.0243266627027613,0.00587124625521533,0.015479117821058
ENSMFAG00000031486,FAM110C,0.361991540226161,0.361923808733592,0.396950549304842,0.387714649175609,0.415020982522008,0.393981650723646,0.424103679149468,0.394341635338031,0.016833419947231,0.0188794746751781,0.0052432640970447,0.00674786471632661,0.00238497998198016,0.00629569414076861,0.00136543120434327,0.00571879174289046
ENSMFAG00000030414,XPO4,-0.310394944444761,-0.325907176994946,-0.360802890095368,-0.361165375546515,-0.383111196732254,-0.361435643435281,-0.403851964349856,-0.341212475042237,0.0372617111141271,0.0296079691239163,0.0089845838570401,0.0102466732419517,0.00417157856881922,0.010259107971376,0.00195333649830347,0.0135004216594533
ENSMFAG00000033407,GJA3,0.309290741946205,0.314059299677578,0.35322535558101,0.353410762864961,0.377471511643613,0.328539397318513,0.366663685751512,0.350123818064255,0.0377467653567589,0.0343701134939525,0.0102541071774267,0.0116544140118745,0.00460206560413644,0.0181563328882,0.00426969992521745,0.0115766956555624
ENSMFAG00000043402,ENSMFAG00000043402,-0.384247572191149,-0.36916472274199,-0.368408039430082,-0.360859846207916,-0.366999941409177,-0.361805143104723,-0.330523431023575,-0.371892843911401,0.0123441210686102,0.0167308553583964,0.00793390257987009,0.0103143298081266,0.00561351477246087,0.0101978131563652,0.0101479141212815,0.00830302743321598
ENSMFAG00000011865,RF00026,-0.320426469825758,-0.330700453118815,-0.341362795692174,-0.343434606247057,-0.348081991754958,-0.35399047582868,-0.340673173161732,-0.331536102173234,0.0311543512153223,0.0274864383787052,0.0127293360080662,0.013665723880692,0.00869465453098872,0.0116191539038933,0.0079838086080733,0.0163873255757762
ENSMFAG00000002392,SHISA2,0.410297746419125,0.387276844513499,0.410923376828523,0.401527686035847,0.425458618705898,0.389846932980766,0.413129024147385,0.418414720016809,0.00883787184096524,0.0139736147847816,0.00436710958928809,0.00561256092414266,0.00205433724065785,0.00653374676847562,0.0016204390616098,0.00416526726550516
ENSMFAG00000006706,WASF3,0.349874881580515,0.34299214221116,0.339790436057,0.344513257290237,0.349140959069639,0.357617285734383,0.367646948089511,0.346790454823749,0.020215471735853,0.0235974534110451,0.0130824400088749,0.0134855317247405,0.00846166437148641,0.0109568383928364,0.00417050918761089,0.0123140389314953
ENSMFAG00000041822,B3GLCT,-0.485705130320144,-0.458233818319015,-0.488820733560291,-0.480908646363859,-0.504695561200852,-0.467592458197708,-0.464587378506923,-0.493155236038103,0.00350848937027084,0.00763957381952836,0.00206590259953415,0.00249047135666598,0.000874910526216398,0.00255041052396858,0.000931925003402093,0.00140822715483028
ENSMFAG00000040502,MAB21L1,-0.342165514013438,-0.334466213235606,-0.345764635432423,-0.333254957255179,-0.344652306071248,-0.332385429632345,-0.34958534378617,-0.368527073309845,0.0222356117816245,0.0259927914547417,0.0116095350038204,0.0162393446557229,0.00941522916169651,0.0169562903286151,0.00636902131849034,0.00870653204170424
ENSMFAG00000019220,ALG5,-0.311340275977908,-0.336851900182062,-0.346313046217907,-0.356883973806637,-0.372918342880465,-0.37237390179435,-0.403619999603681,-0.343888122053605,0.0366067253905026,0.0252548786737916,0.0114756073862757,0.0109247080663691,0.00497194260774362,0.00849569305379736,0.00195939555040273,0.0128550002147331
ENSMFAG00000036408,VWA8,-0.301109788665347,-0.324108187745058,-0.362251220379222,-0.360575760437971,-0.382104489666741,-0.361005177501084,-0.411494853002505,-0.338475709616934,0.0433213930415012,0.0302003368492532,0.00876311196405102,0.0103574601611033,0.00425092423509216,0.0103411334895657,0.00169583427735449,0.0143859926239015
ENSMFAG00000045129,RCBTB1,-0.325547173614881,-0.330453669519317,-0.369379687640015,-0.364368108495154,-0.389307116850394,-0.349731544446936,-0.395398664199301,-0.365221660383001,0.0286031016701764,0.0275299969045015,0.00784544684999877,0.00971167453804275,0.00367096476000309,0.0126112201471375,0.0023524463728027,0.00899107222853287
ENSMFAG00000038464,ENSMFAG00000038464,-0.324735801192307,-0.31655367100667,-0.346862364800467,-0.33108773751556,-0.346155383416776,-0.350225015007457,-0.364911810100988,-0.344069898036353,0.0288349117827934,0.032914848085117,0.0113462866417175,0.0170512634545315,0.00909450261511166,0.0124323618432131,0.0044725248056901,0.0128258252299602
ENSMFAG00000002072,PCDH8,0.360343560064939,0.339095512855343,0.381036977159602,0.363766827667941,0.390811798829829,0.365481314475477,0.373103411165924,0.382804944326045,0.0170619033457601,0.0246283037769442,0.00657337153764715,0.00979473740998046,0.00362910640705976,0.00967078100578387,0.00375886630511797,0.00681980417226744
ENSMFAG00000008703,LMO7,0.385914068314508,0.382663942276736,0.405213081150725,0.393678210758242,0.399252226066855,0.404688068617248,0.437873105299422,0.425724332597642,0.0121473416009404,0.0143876404493387,0.00464161409316462,0.00620788685974128,0.00306959932131744,0.0055420236717896,0.00113406659720671,0.00407677128083624
ENSMFAG00000044623,ENSMFAG00000044623,-0.335959163342928,-0.34239446359481,-0.346509576087888,-0.350659164581936,-0.362956223462663,-0.35544732069868,-0.355097935281702,-0.326828191708601,0.0242507175028086,0.0237895776082706,0.0114310616860301,0.0122012704534058,0.00609548450606694,0.0113318494119626,0.00560691918276239,0.0181530270370109
ENSMFAG00000002894,SLAIN1,-0.383365666441552,-0.373575600564231,-0.41142358851694,-0.396736773738051,-0.431138970555402,-0.402119460855981,-0.427449516162151,-0.405629633002695,0.0124310405671405,0.0158105052845365,0.00436710958928809,0.00594596400800248,0.00180091321081704,0.00580717356524768,0.00133478072056176,0.00468904280675455
ENSMFAG00000047144,ENSMFAG00000047144,-0.335595811015106,-0.362135889980027,-0.396366206689256,-0.377251530668931,-0.392897036431894,-0.398680940446188,-0.459921181121937,-0.380234778926075,0.0242859912838234,0.0188794746751781,0.0052432640970447,0.00763640491769139,0.00347967052622808,0.00594808139629322,0.000992754458251896,0.00711840334469718
ENSMFAG00000047098,ENSMFAG00000047098,0.348744839331085,0.350459914294099,0.370175034866317,0.37405382714352,0.386136175527652,0.375415496052937,0.36991624976926,0.384486668053755,0.0202959663362833,0.0214889719013142,0.00773307522117291,0.00800256723950312,0.00389286954893822,0.00806055480003438,0.00400309870194095,0.00662142612371951
ENSMFAG00000034043,EFNB2,0.374130429090026,0.378404254457125,0.407277055836838,0.400068122836305,0.420633255097376,0.396196831006315,0.431610075974456,0.41960636037544,0.0139680943369061,0.0146158534807338,0.00464161409316462,0.00578497246348166,0.00215427275939704,0.00610929962654093,0.00126140810220442,0.00416508628863503
ENSMFAG00000032565,TNFSF13B,0.374981517022089,0.355661160642801,0.388680331514337,0.38077542426859,0.398772331839227,0.366413817776119,0.384315436008108,0.40494930699257,0.0137856776156041,0.0199834793612846,0.00570613888405207,0.00749325055713321,0.00310293669759899,0.00942761258128619,0.00291005588041895,0.00472752408415461
ENSMFAG00000042382,IRS2,0.304908154524171,0.306851006476807,0.343823165569827,0.335808633690141,0.34128305367401,0.358137782293306,0.365757666667108,0.330578446154545,0.0406286602829187,0.0386930571757346,0.0120732319576068,0.0154141615770624,0.0102525649687357,0.0108634987823105,0.00438874345916342,0.0167564952347404
ENSMFAG00000031161,TEX29,0.396300071229312,0.383269470387797,0.391675399134119,0.39026868376007,0.402339246172833,0.386963284767182,0.369206448856448,0.413277300196799,0.0102083654980867,0.0143876404493387,0.00547908690148833,0.00651196656280408,0.0029035061749192,0.00672240605502025,0.00406983653542563,0.00435002102653989
ENSMFAG00000000503,RASA3,0.371685009807712,0.383925195736072,0.406099461214034,0.415329129751999,0.435520588510356,0.408766544693184,0.439913270489937,0.401586881263046,0.0145386989364818,0.0143876404493387,0.00464161409316462,0.00484959952602194,0.00171001381504247,0.00533869860211975,0.00113406659720671,0.0049435426789833
ENSMFAG00000001692,MAPK8IP2,0.300264688758335,0.318547159542541,0.336098819920278,0.340830858021174,0.346439559872027,0.352411435676816,0.380498206644918,0.302137312478403,0.0437961264882404,0.0324258672343055,0.0140711605025437,0.0140819246733407,0.00905979057183095,0.0119382537098888,0.00317928403127332,0.0307802547864519
ENSMFAG00000023471,CPT1B,-0.303980418375021,-0.304772112601852,-0.339745765451286,-0.337761972459872,-0.352213629676993,-0.331301329572948,-0.363067636773294,-0.33572722310688,0.0413019375792699,0.0399300838199108,0.0130824400088749,0.0148349728846305,0.00780210247633227,0.0173015557503992,0.00467873525441867,0.0151606675268324
ENSMFAG00000033956,DENND6B,0.333474644668071,0.338188891676208,0.359361819064462,0.352783788856112,0.367758594976597,0.366614540974618,0.383856463149191,0.342107438884633,0.0254932141436447,0.0249992084063373,0.00916065991344027,0.0117980372496874,0.00555925441807601,0.00940528840361061,0.00293595232213819,0.013194588149785
ENSMFAG00000036361,ENSMFAG00000036361,-0.344889723227227,-0.329145236352868,-0.35478598905679,-0.346397454454769,-0.365343264278504,-0.337750079349578,-0.352521607837336,-0.376289102303979,0.0214034734878043,0.0282091385350778,0.0100284965012593,0.0132048875030753,0.00582671475461984,0.0152309982760467,0.00593490895982431,0.00760947286554532
ENSMFAG00000041410,SHISAL1,0.302818701715061,0.302145858453551,0.334207911844388,0.32495902945144,0.350481088201912,0.307687082186779,0.352451522906737,0.339269110606772,0.0421666407587508,0.0418928390960762,0.0145801155227271,0.0191851158212016,0.00817005950543453,0.0276327657800093,0.00594061798374821,0.014106412104001
ENSMFAG00000004104,RF00026,-0.341846024824358,-0.338536768642669,-0.328305484815107,-0.326337968589481,-0.326027386380528,-0.325014494712121,-0.303303774966173,-0.337814813186993,0.0223149253998366,0.024779828007957,0.0164246201453845,0.018687075355857,0.0143377370289071,0.0193016412271833,0.0189037162258708,0.0145571459009875
ENSMFAG00000039306,ENSMFAG00000039306,0.340684661034194,0.353463866840371,0.386042726512861,0.380894144912072,0.398015488836502,0.386442564485793,0.437166821795753,0.38568420178379,0.0225787597830768,0.0207988220264589,0.00605475553218437,0.00749325055713321,0.00314458560623963,0.00674706334000396,0.00113406659720671,0.00658466928770666
ENSMFAG00000045345,MCHR1,0.403053799056452,0.387180550504923,0.389074857099293,0.377329989248476,0.378297513789199,0.389839594765444,0.373653971963345,0.389655218823356,0.00970277396239592,0.0139736147847816,0.00567222647558875,0.00763640491769139,0.00455772560163285,0.00653374676847562,0.00372297793079142,0.00613730133966121
ENSMFAG00000036952,NACC1,0.342578530756875,0.349463032982004,0.388026227257509,0.396458467926674,0.417119816425618,0.3902793582353,0.417254830824323,0.35390765630034,0.0221188009470901,0.0218467399881274,0.00576745174649431,0.00594703735902379,0.00228084643313854,0.00653374676847562,0.00150977439093755,0.0109029089744589
ENSMFAG00000034609,SYNGR1,0.340126000969143,0.35113220389777,0.372787523640686,0.356765502411668,0.377050430838002,0.377349114078214,0.417187019713329,0.359493536911282,0.02276663182472,0.0214889719013142,0.00731404832024802,0.0109315596175366,0.0046049910466961,0.00785240097865445,0.00150977439093755,0.00977041559800002
ENSMFAG00000002979,CBX6,0.442450012267868,0.438177559674092,0.468977703952888,0.467879483297985,0.491745470364689,0.465946927712183,0.490212270804224,0.446609010455718,0.00584922726323227,0.00763957381952836,0.00271618020051077,0.0029394129748456,0.000874910526216398,0.00255041052396858,0.00062700957908818,0.00331094179346129
ENSMFAG00000003224,KCNJ4,0.317280426072653,0.316947995443697,0.345021686523248,0.344141097023782,0.370460322013452,0.338480297090791,0.346752749939065,0.334419207961998,0.0329605900775627,0.032812199152298,0.0117913492793764,0.0135421341822054,0.00524296006116639,0.0151170767182111,0.00685778397813441,0.0155440630965632
ENSMFAG00000003147,BAIAP2L2,0.369562302874515,0.347381120535734,0.354270724029655,0.353407263610144,0.365973644242416,0.346729833801012,0.324499286560562,0.358711904337895,0.0149519169839253,0.0222238948413968,0.0101071597780096,0.0116544140118745,0.00572041168614397,0.0133384042543572,0.0117685224891134,0.00997293584052458
ENSMFAG00000030971,SOX10,-0.349735789342336,-0.324280686597555,-0.356441314829497,-0.337252436219954,-0.372632918940458,-0.336001361174043,-0.354256267570226,-0.367321363536845,0.020215471735853,0.030158196984128,0.00969217477698234,0.0149257658268977,0.00497812635972778,0.0157467598509915,0.00572791635285158,0.00877133217185586
ENSMFAG00000032789,PDXP,0.310384620121768,0.327682569758478,0.361479931129028,0.356873266715692,0.378812264051366,0.353298031704822,0.397747633161333,0.333256952757862,0.0372617111141271,0.0287321368722675,0.00886196661076328,0.0109247080663691,0.0045298578766114,0.0118285058441375,0.0022330412671684,0.0158992178300846
ENSMFAG00000037992,MCM5,-0.47544957720866,-0.449642093509529,-0.452095564625708,-0.444495708658943,-0.457444300493843,-0.442455457683209,-0.415928266176013,-0.467531259489534,0.00350848937027084,0.00763957381952836,0.00281818541043335,0.00308114845768266,0.00128745208691343,0.00389785553487244,0.0015383951504042,0.00189511599659711
ENSMFAG00000037085,FBXO7,-0.399572796997528,-0.373659508900587,-0.377263249794368,-0.365693537921483,-0.385151539112918,-0.368847346572688,-0.359572154621491,-0.391763857778777,0.00991060119903743,0.0158105052845365,0.00691452963489165,0.0094398333621599,0.00398049195585689,0.0091151031800302,0.00508399827323779,0.00590457015523795
ENSMFAG00000030355,GAL3ST1,-0.359377737841738,-0.336281138790672,-0.367464233863683,-0.353891344319474,-0.38613590893067,-0.353102317642518,-0.36336427301903,-0.3742441323884,0.0172467078374972,0.025423936292649,0.00806008519536925,0.0115903205120912,0.00389286954893822,0.0118419458974514,0.00465644520212053,0.00794666420646821
ENSMFAG00000036853,RNF215,0.325394326010762,0.340042905745594,0.374424899828873,0.365679502033117,0.39107639670918,0.371543873049559,0.41680410825849,0.344457978480469,0.0286426682209027,0.0243963718470887,0.00715313402636332,0.0094398333621599,0.00361099299526574,0.00860990343375144,0.00150977439093755,0.0127188609860111
ENSMFAG00000036387,RASL10A,0.314149612202961,0.320455208688513,0.338639015505252,0.344927162434578,0.354882276835339,0.323233063524028,0.35454564523435,0.326531777481252,0.0348663052868341,0.0317423124043715,0.0133974693931208,0.0134304100107981,0.00731737449383403,0.0199605997667308,0.00569766685071883,0.0183292756614935
ENSMFAG00000001730,PITPNB,0.338027943863503,0.334767302512754,0.337716633452531,0.356180118415619,0.34802010285206,0.358237071479246,0.339420495788004,0.358702724943873,0.0234757146528408,0.0259927914547417,0.0136768671050603,0.0110302027673705,0.00869465453098872,0.0108375252737153,0.00820467639469859,0.00997293584052458
ENSMFAG00000032164,MN1,0.411189675412357,0.397242263748954,0.428029406115756,0.420135308989268,0.438022454320236,0.417334094310803,0.425380817578024,0.441084376500749,0.00883787184096524,0.013075043767625,0.00359425061993855,0.00442833667223906,0.00165611772809593,0.00482863426350878,0.00135781755062547,0.00336301435624351
ENSMFAG00000044501,BCR,0.328464472949253,0.319501240692085,0.356321766238684,0.34972586385812,0.371744509259648,0.344179425747198,0.368394292484394,0.351428601205279,0.02721558006608,0.0321799460339258,0.00969313699022673,0.0124219715917021,0.00510365722699153,0.0137647973673732,0.00414011035560876,0.0113429435519613
ENSMFAG00000000642,PPM1F,0.411739115125368,0.389688330951882,0.401662037284976,0.398632867632965,0.41886577926528,0.383728608719239,0.367749275900594,0.388876776222347,0.00883787184096524,0.0139354657844546,0.00491553410612588,0.00593309027190292,0.00225152724489699,0.00708997140028748,0.00417050918761089,0.00625850276680097
ENSMFAG00000041506,YDJC,0.324925117051789,0.330432655035659,0.368838767211503,0.356344181364056,0.380050524206574,0.358332478276501,0.394179912081767,0.343529544514363,0.0288349117827934,0.0275299969045015,0.00791083663756295,0.0110025820110635,0.00442072377116413,0.0108375252737153,0.00240293006274358,0.0129725176390043
ENSMFAG00000001389,PI4KA,0.348277076440818,0.35254566900648,0.382015091525807,0.380769837885577,0.394037859431731,0.395548373413282,0.420734925734351,0.378776419020349,0.0203672350471452,0.0209375065977759,0.00648451350269598,0.00749325055713321,0.00341441657163185,0.00614540671858716,0.00144352650627553,0.00736551810513372
ENSMFAG00000045250,ZDHHC8,0.314457087624797,0.310534080985471,0.328552848606441,0.336796287518955,0.355677650519504,0.328736258825047,0.323129282372014,0.302358913544056,0.0348199988452093,0.035866420265906,0.0163425242710817,0.0150999891039736,0.00714934606086088,0.0181563328882,0.0121536814017891,0.030666963267173
ENSMFAG00000045528,GNB1L,0.300801160222959,0.315727518941581,0.351882545679359,0.340834781673653,0.359237148756887,0.346425112856228,0.395565613634547,0.324237585413589,0.0433871042118385,0.0333786853790036,0.0105332832842296,0.0140819246733407,0.00657139450546221,0.0133553068848775,0.0023524463728027,0.01922680594008
ENSMFAG00000003657,GP1BB,0.304831457550758,0.328319116444119,0.36721212135219,0.366095114573096,0.389602234906111,0.367652857053632,0.431235686174515,0.337938988138571,0.0406286602829187,0.0284828146285622,0.00811075040911963,0.00938850063593679,0.00366821711166488,0.00933282319660507,0.00126386728587056,0.0145506561376336
ENSMFAG00000038117,SEPT5,0.399340395013316,0.402921321299739,0.436222957690271,0.435823496680334,0.456676828089779,0.427547744664427,0.463380025384017,0.415087168430757,0.00991060119903743,0.0120523458016359,0.00359425061993855,0.00340852719111331,0.00128745208691343,0.00435320229060621,0.000931925003402093,0.00435002102653989
ENSMFAG00000036748,ENSMFAG00000036748,-0.391568651982665,-0.401113761224295,-0.410642057026061,-0.430166952633227,-0.429330980899355,-0.43019872207766,-0.442920934496481,-0.410132773504224,0.0110621464694737,0.0123873360222438,0.00437775677177702,0.00369342722108385,0.00190148186966993,0.00415118252953157,0.00113406659720671,0.00448858209483161
ENSMFAG00000017458,SSTR4,0.334160422069715,0.337340916279565,0.382484897670159,0.371329398316107,0.396427637797013,0.374477106147334,0.412188146299005,0.369530653405522,0.0250279162029068,0.0251099040105115,0.0064451964159469,0.00864494564064344,0.00328342535598989,0.00818989909834324,0.00167330759415799,0.00858746565730806
ENSMFAG00000036845,PCNA,-0.343017413964874,-0.34309565894438,-0.373761669588064,-0.377784414453075,-0.394493928625214,-0.380510907708832,-0.388203675936198,-0.357976765175899,0.0218775100514145,0.0235974534110451,0.00724517834194762,0.00763640491769139,0.00341284985479361,0.00750053352413568,0.00264966333982494,0.0101667408272789
ENSMFAG00000042354,RASSF2,-0.332894543422815,-0.314489205343166,-0.343789628192966,-0.327143233489224,-0.359461167520982,-0.320694475217026,-0.35174940765845,-0.345842624562866,0.0256925465731666,0.0341404282998092,0.0120732319576068,0.018436499490092,0.00655265227458029,0.0210082535354545,0.00603660088818866,0.0124647012915566
ENSMFAG00000037803,DDRGK1,0.393387346188726,0.373773798930871,0.376778813195147,0.380653503160501,0.395452963437458,0.346256321639517,0.331026804264926,0.372502409767499,0.010714142530563,0.0158105052845365,0.00693179129783044,0.00751227795846452,0.00338041508678125,0.0133591818408996,0.0100174007476704,0.00827646528027025
ENSMFAG00000028501,TGM6,0.394754718507871,0.378507670903652,0.402716137989712,0.400253588794272,0.415810840165389,0.391373818951868,0.40063163445572,0.402908042399349,0.0104776850170731,0.0146158534807338,0.00484384964674201,0.00578497246348166,0.00233993438548434,0.00645061513389063,0.00211212836508236,0.00485947759688039
ENSMFAG00000042179,SIRPA,0.340025596220666,0.342850810663085,0.376387279973229,0.374377387899392,0.39125766017343,0.36759059140076,0.406277039464633,0.379145016278471,0.02276663182472,0.0235974534110451,0.00698330261994887,0.00799358920613536,0.00361099299526574,0.00933282319660507,0.00186590204073899,0.00731376080181461
ENSMFAG00000042021,FKBP1A,0.303365607995365,0.314588086337282,0.355256282037134,0.344032849536994,0.365125890079988,0.33948715133781,0.399872585665691,0.34341267829681,0.0417746540620842,0.0341263211116273,0.00994071603216716,0.0135432476460027,0.00585584394491261,0.0148825798103196,0.00214944647831631,0.0129768412906874
ENSMFAG00000031687,SDCBP2,0.323325845968083,0.322409435112546,0.355542465000198,0.34941574625568,0.378592744648159,0.335422434655927,0.370100265507346,0.354929573051844,0.029336715997481,0.0306249291659222,0.00987560974960321,0.0124549901554649,0.00454338334957864,0.0159149267948875,0.00398200980471822,0.010724662724148
ENSMFAG00000044282,TCF15,0.335776379545845,0.323956625820226,0.363156112616575,0.344854260076231,0.36972234886574,0.349924992734838,0.375275511532857,0.360711498052916,0.0242507175028086,0.0302003368492532,0.00866817922057256,0.0134410501268454,0.00532650875375279,0.0125688086675142,0.00360363014664825,0.00964244240420623
ENSMFAG00000042416,E2F1,0.324065660243957,0.33367336509695,0.339123244933977,0.360681200566357,0.355668708613691,0.36053001645587,0.354462110679924,0.32729254359591,0.0290475427962065,0.0262008461990614,0.0132488510798345,0.0103436707203954,0.00714934606086088,0.0103932517117591,0.0057038969727326,0.0179457897885913
ENSMFAG00000041734,ITCH,-0.314622998835912,-0.314352171239565,-0.354482806328479,-0.339887732984122,-0.366756887310885,-0.341495724767874,-0.37167658093582,-0.341697778647934,0.0347033050784063,0.0341837100230797,0.0100699747872013,0.0143042751804254,0.00563287501033509,0.0144992006818723,0.00384206529337687,0.0133471081910216
ENSMFAG00000042795,PIGU,-0.355469275032256,-0.340908391913873,-0.376693099942123,-0.367073822736188,-0.394702057328483,-0.394039666866349,-0.388404704187756,-0.35528623119486,0.0182335144786826,0.0241534620417747,0.00693179129783044,0.00921533998117672,0.00341284985479361,0.00629569414076861,0.0026323416906181,0.0106371513900796
ENSMFAG00000031475,VSTM2L,0.416861282873029,0.418868466101607,0.454872161866777,0.451340005137724,0.472888316248941,0.441848750976843,0.479712117594682,0.450855075869674,0.00847617198139287,0.0105023800390729,0.00281818541043335,0.00295507918739082,0.000989888136387945,0.00389785553487244,0.00062700957908818,0.00314583698721734
ENSMFAG00000032486,SGK2,-0.319203344504454,-0.307753292648542,-0.342622862263424,-0.325741774813609,-0.361018592367827,-0.331211741240738,-0.370821833711735,-0.340882182558342,0.0316831936301558,0.0379954775350883,0.0123112050508988,0.0188859977539424,0.00639422557222263,0.0173015557503992,0.00391583283985754,0.0135786659237833
ENSMFAG00000037734,SYS1,-0.377918402190997,-0.364958724833512,-0.383961939207894,-0.382633483379177,-0.394017079875219,-0.376116907195248,-0.37203898030652,-0.388339296973772,0.0131174467252699,0.0181675085145476,0.00629250436097713,0.00740545648276643,0.00341441657163185,0.0079823403951323,0.00382731440824545,0.00627364853802542
ENSMFAG00000043460,PIGT,-0.329376590335418,-0.316039805353869,-0.348148765062794,-0.340517856706743,-0.372837113304625,-0.339216998145994,-0.365754221833345,-0.34896470747374,0.0269282168736573,0.0332382619606828,0.0112086087658529,0.0141546407836709,0.00497230424933072,0.0149630688055261,0.00438874345916342,0.0117617418079769
ENSMFAG00000042174,TP53RK,-0.34774427453288,-0.331129631429593,-0.34609888084737,-0.329373187826324,-0.340885267333141,-0.32478100977527,-0.330586710110267,-0.346830354594977,0.0205781712244744,0.0272164930118453,0.0115100755138021,0.0175620538800691,0.0103275003925947,0.0193780070767252,0.0101291449273127,0.0123140389314953
ENSMFAG00000034385,SLC2A10,-0.383119291255763,-0.360258136472774,-0.380691777414575,-0.368548776163242,-0.382642943382718,-0.34440422113569,-0.371937400984987,-0.393417837461327,0.0124310405671405,0.019301689256513,0.0065897179961248,0.00900352022368951,0.00419904192888919,0.0137554508032339,0.00383036598250801,0.00571879174289046
ENSMFAG00000001669,RNF114,-0.398144194903824,-0.396742964080049,-0.411530800071662,-0.422799656773055,-0.441985545110175,-0.420559063190723,-0.426356661484043,-0.411395231268989,0.0100301109757747,0.013075043767625,0.00436710958928809,0.00427961834962833,0.00154951809363773,0.0047457504117466,0.00135216291251401,0.00435002102653989
ENSMFAG00000041086,CEBPB,0.362653009157971,0.339839756741103,0.349577312761773,0.336464706128432,0.35219584383434,0.334221774972695,0.328041686635594,0.3527239353621,0.016701803178982,0.0243963718470887,0.010976422350592,0.0152030996001321,0.00780210247633227,0.0162141738023456,0.010804147795094,0.0110439382279312
ENSMFAG00000001634,ATP9A,0.326275664881318,0.340384490803776,0.378163724653366,0.373987105142881,0.393330912460211,0.384939683832305,0.436634272624568,0.363362915207813,0.0282576935438506,0.0243394969721069,0.00687552713367965,0.00800256723950312,0.00344542261320149,0.00695240343770644,0.00113406659720671,0.0092702395906875
ENSMFAG00000033646,BCAS1,-0.310409076777393,-0.300239526556446,-0.340846846318133,-0.319114524712118,-0.358335805473819,-0.32236831412832,-0.363144231739275,-0.337126814356585,0.0372617111141271,0.0433750860664379,0.0128374302210914,0.0215473185324326,0.006741489336494,0.0202855832227401,0.00467806849615692,0.0148062333652455
ENSMFAG00000045759,CASS4,0.341114842308448,0.328830848091395,0.356051630875053,0.358293843159205,0.377038299940663,0.328183856783729,0.334103781320144,0.359925674057957,0.0225681336753869,0.0282130542404183,0.00977809500279416,0.0107933878911437,0.0046049910466961,0.0182763416710887,0.00933368006163808,0.00968991020705631
ENSMFAG00000042158,CDH4,0.320132739658153,0.347936810165055,0.396739845266957,0.403150673656712,0.422316482322763,0.411830147297943,0.467058931891102,0.375898704169851,0.0313725652946753,0.0222238948413968,0.0052432640970447,0.00555562113581086,0.00210444929684845,0.00524561267388051,0.000880333225178341,0.00762547355418882
ENSMFAG00000000312,CHRNA4,0.349057625253207,0.348715407490539,0.350017384325762,0.364567299992773,0.363441066970128,0.366514678673111,0.361948720442867,0.345415361161104,0.0202959663362833,0.0222238948413968,0.0108847119269166,0.00967760937928368,0.00603848303804645,0.00942087993718041,0.00480433076442398,0.0125765789113648
ENSMFAG00000042590,KCNQ2,0.380703138356837,0.390493542307451,0.430989254700502,0.432279859893954,0.456187555831027,0.438323906406133,0.475434571617231,0.41272982003803,0.0127269313471705,0.0139354657844546,0.00359425061993855,0.00361529279307707,0.00128745208691343,0.00389785553487244,0.000706849300735959,0.00435002102653989
ENSMFAG00000042680,ZBTB46,0.391931163870652,0.37912228341017,0.394583339283688,0.385332630016746,0.403098220162801,0.392598994213325,0.405513153573845,0.401181843186175,0.0110160991327518,0.014612967581957,0.00531837133109845,0.00708277694243515,0.00288196604836385,0.00644647398137181,0.0019056863920416,0.00496297249001785
ENSMFAG00000001665,DNAJC5,0.357608742780819,0.373110763427615,0.393877479678585,0.393091577930453,0.410289756416979,0.408667977619066,0.435177285287138,0.359990469911535,0.0176660296092178,0.0158105052845365,0.00537228219028971,0.00627982303850932,0.00260428766464258,0.00533869860211975,0.00118172075605747,0.00967728233167786
ENSMFAG00000003486,ZNF512B,0.323349215310024,0.339086726647822,0.362605738015254,0.365822680040657,0.377598308437242,0.360566977033451,0.4060356901768,0.356873621356296,0.029336715997481,0.0246283037769442,0.00872155459946333,0.00942277303069148,0.00460206560413644,0.0103931943160632,0.00187722744301943,0.0103611925117022
ENSMFAG00000039288,TCEA2,0.362184628865992,0.356946137490779,0.360725092732791,0.361705342922463,0.375029624952668,0.352845341775298,0.355452755804086,0.345288813885889,0.0168078772778927,0.0197697116964416,0.00899027209878341,0.0101597287061612,0.00481514731593715,0.0118730474244531,0.00557522011444126,0.0126029738742026
ENSMFAG00000003632,LKAAEAR1,0.346922310352151,0.339080775738918,0.347472799188221,0.324654825512411,0.346315095802391,0.327200444136645,0.351983538443598,0.334975880396454,0.0207827851722653,0.0246283037769442,0.0112837813826353,0.0192809458970395,0.00908434820575974,0.0185727827138143,0.00599810567717135,0.0154021777280361
ENSMFAG00000046546,ENSMFAG00000046546,0.307969686798472,0.305023165931982,0.332438071425506,0.337079925669838,0.357419855909208,0.340097141016703,0.354229795327772,0.323248578706454,0.0385225337892807,0.0397796607771956,0.0150295295942639,0.0149868347114889,0.0068774087086347,0.014743029799092,0.0057303815221719,0.0197035393884676
ENSMFAG00000002507,VPS53,0.330255536666747,0.334335812427479,0.357442826646706,0.369705615297077,0.378028111883925,0.389052121744709,0.384242079352194,0.348896732753063,0.0267369928085461,0.0260412048139915,0.00943242307364228,0.00888255162114893,0.00460069087900085,0.00656618217221695,0.00291172175594575,0.0117617418079769
ENSMFAG00000000154,SGSM2,0.348991066766131,0.340911398680291,0.366053448602872,0.353857537524844,0.379433732296442,0.346709724453335,0.377734471015042,0.357716845528067,0.0202959663362833,0.0241534620417747,0.0082841169564169,0.0115912460866681,0.00447800435034681,0.0133384042543572,0.00339742563996865,0.0102077703143758
ENSMFAG00000046398,MNT,0.327112907103387,0.334799718912968,0.365370396271242,0.363227517909558,0.371075165327895,0.35216701912872,0.391730740566058,0.355932766076724,0.0279589984023904,0.0259927914547417,0.00841103443940852,0.00987266568116777,0.00519369552062203,0.0119518083421605,0.00248433335724004,0.010521623532036
ENSMFAG00000000304,ASPA,-0.332724701972201,-0.318311378130107,-0.359072276987471,-0.340478502564662,-0.374845633798755,-0.343887448797024,-0.368317269033621,-0.352250519887359,0.0256925465731666,0.0324258672343055,0.00919212810962539,0.0141571977514082,0.00481514731593715,0.013765527446929,0.00414194405754525,0.0111374759773743
ENSMFAG00000041055,CTNS,-0.356503548489887,-0.346416825870613,-0.36255042255456,-0.354300071687849,-0.363218402558603,-0.339429262424184,-0.372149245005016,-0.37795188584277,0.0179032187483185,0.0222238948413968,0.00872396159757515,0.0114878918384615,0.00606484224790177,0.0149021872645576,0.00381864171854778,0.0074784739679403
ENSMFAG00000038002,ENSMFAG00000038002,0.394556077021951,0.404988224264036,0.44385467741387,0.450779458470558,0.473031415980885,0.461574226219038,0.464185122857544,0.411544560034881,0.0105013272816048,0.0120523458016359,0.00325482292147009,0.00295507918739082,0.000989888136387945,0.00261036282397465,0.000931925003402093,0.00435002102653989
ENSMFAG00000045049,ALOX15,0.408634733713179,0.392460354940044,0.41307853067216,0.423809490651478,0.441178681130701,0.408161166683403,0.404416817502343,0.42076225660138,0.00924061333929195,0.013455417238104,0.00435681777039735,0.00421241295548932,0.00154951809363773,0.00533869860211975,0.00193602334331847,0.00416508628863503
ENSMFAG00000042883,PELP1,0.406642380497675,0.408629956719274,0.433223919525567,0.44008205355734,0.448561558199285,0.445033882950498,0.450374080158624,0.409706891196575,0.00937543396099807,0.0120523458016359,0.00359425061993855,0.00324226857569953,0.00137248984612157,0.00389785553487244,0.00111052079015429,0.00454878673259033
ENSMFAG00000001220,ARRB2,0.342190168425574,0.350803930087691,0.374418392445353,0.37445862375438,0.377675332465932,0.362762411665271,0.402764777856602,0.357885175028497,0.0222356117816245,0.0214889719013142,0.00715313402636332,0.00799358920613536,0.00460206560413644,0.0101153520005299,0.00200133531254718,0.0101873492119814
ENSMFAG00000044344,ZNF232,-0.324326950692179,-0.333941865943316,-0.370921819585871,-0.362268234297355,-0.375021058517859,-0.371564200747331,-0.413229111708344,-0.359334890208139,0.0290040295122509,0.0261298609794307,0.00757911642665204,0.0100172916371923,0.00481514731593715,0.00860990343375144,0.0016204390616098,0.00979449334307389
ENSMFAG00000039868,PITPNM3,0.324843300912754,0.321190394160421,0.353283621387381,0.347860788858274,0.372439921044935,0.326744339050102,0.362410714664575,0.350716595170349,0.0288349117827934,0.0312715153496766,0.0102541071774267,0.0128530716198227,0.00501387416151969,0.0187957263497528,0.00475803071821732,0.0114820810698254
ENSMFAG00000032206,DLG4,0.366804248935708,0.369600194514376,0.408820643935404,0.404100070816467,0.426546475219963,0.395391996511725,0.438466876914682,0.396633020858148,0.0156134915847035,0.0165981367432585,0.00450614822747283,0.00545861067289417,0.00200319506406815,0.00614540671858716,0.00113406659720671,0.00545037243905814
ENSMFAG00000028065,TMEM95,-0.344229304101847,-0.320697109868912,-0.35477321291535,-0.348192135987699,-0.377074931681542,-0.344093946030273,-0.352096219282801,-0.365833819260827,0.0215740720579627,0.0315608760061099,0.0100284965012593,0.0128263787404631,0.0046049910466961,0.0137647973673732,0.00598715517348038,0.00889914681507409
ENSMFAG00000044399,SLC25A35,-0.305680013846801,-0.302305044931308,-0.327448978700419,-0.317948189156474,-0.336991071436647,-0.314837874327932,-0.349861850892283,-0.334515341717796,0.0400545503308634,0.0417486092469035,0.0166885332496316,0.0219564617309979,0.0112788326803117,0.0238305071606248,0.00633371455639293,0.0155244980440592
ENSMFAG00000039316,MYH10,0.33579327409354,0.34957001959811,0.372532875556018,0.393178412541126,0.394727083170253,0.390091881855993,0.396498928929968,0.372360028136479,0.0242507175028086,0.0218467399881274,0.0073500146646732,0.00627907343378745,0.00341284985479361,0.00653374676847562,0.00230882696164571,0.00827889974141179
ENSMFAG00000038797,USP43,0.353562491876486,0.338532064301004,0.340322941324506,0.337299556815071,0.360404350467831,0.315604099682337,0.329998271715142,0.357862702704467,0.0189287829800352,0.024779828007957,0.0129094113854016,0.0149257658268977,0.00645287973139792,0.0235559045839515,0.010276695785475,0.0101873492119814
ENSMFAG00000033484,ARHGAP44,0.354912479661991,0.369902160478443,0.364649912201638,0.384332000507118,0.373422838793951,0.402434703684824,0.408852466015448,0.357765777753221,0.0184478575550176,0.0165630137772797,0.00844062692414025,0.00716733693402126,0.00491915109160702,0.00580717356524768,0.00177315614993392,0.0102008111662571
ENSMFAG00000045679,PMP22,-0.357698576794395,-0.356799935284307,-0.390669153321363,-0.380307147929429,-0.403252804103265,-0.387110897995105,-0.427891824787043,-0.387392840296397,0.0176660296092178,0.0197697116964416,0.00558367227743306,0.00751299062999087,0.00288196604836385,0.00672240605502025,0.00133051292084478,0.00637102228717056
ENSMFAG00000030978,TRPV2,0.323396414145523,0.319112709221148,0.33974661311432,0.325469406097719,0.347011223877981,0.312497458398723,0.35350951516879,0.342185382231644,0.0293252235665326,0.0322017307335285,0.0130824400088749,0.0189905427577533,0.00897022241460666,0.0250668458429407,0.00583924217511109,0.0131663598114112
ENSMFAG00000041730,RASD1,0.388551382388638,0.380725341740884,0.401419487747182,0.390134353343321,0.405021335116786,0.398893651446347,0.410899157742181,0.412225954292606,0.0114980567504156,0.0143876404493387,0.00491553410612588,0.00651196656280408,0.00285007200262508,0.0059457128862001,0.00170759450203304,0.00435002102653989
ENSMFAG00000042863,RNF112,0.410686458679948,0.414806911704524,0.416947118906307,0.422953643510743,0.438562557302275,0.413028227204463,0.424410468208935,0.417097767549674,0.00883787184096524,0.0110942021719301,0.00423470309501476,0.00427961834962833,0.00165510539950366,0.00510501973175375,0.00136543120434327,0.00427647954543618
ENSMFAG00000030169,ENSMFAG00000030169,0.329858371046053,0.331960281818968,0.375639065278785,0.359007291186411,0.389617043962552,0.373156919237528,0.417598141866485,0.36879944698011,0.0268149898240147,0.0268627469087774,0.00714208904476211,0.0106329193281252,0.00366821711166488,0.00845788210863967,0.00150977439093755,0.00865226943060681
ENSMFAG00000042968,WSB1,-0.33833430348762,-0.337062973692594,-0.349852178677479,-0.354053720349719,-0.363733826775576,-0.351382319573122,-0.373618827914997,-0.346708917823916,0.0233486286610831,0.0251343039402589,0.0109138593705465,0.0115587830132819,0.00600010361898411,0.0121862083863626,0.00372297793079142,0.0123355465756462
ENSMFAG00000032173,ENSMFAG00000032173,-0.31188625093493,-0.306653517881853,-0.308748492623112,-0.32279175496707,-0.327178772979712,-0.338577537780157,-0.311102520358336,-0.314588039026226,0.0364365832690474,0.0387350773594218,0.0250646501208904,0.0199822611642616,0.0140381413234471,0.0151077821827269,0.015856671323088,0.0238458833884157
ENSMFAG00000036809,TRAF4,-0.41643411222411,-0.396470778039972,-0.406919945345658,-0.403985469785892,-0.423629877721605,-0.38214683965643,-0.389636442849118,-0.437899004290404,0.00847617198139287,0.013075043767625,0.00464161409316462,0.00545861067289417,0.00207836329665903,0.0072380649893571,0.00257188699138969,0.00365344073138462
ENSMFAG00000020995,RF00015,-0.389819741713925,-0.370078446970028,-0.387275522395869,-0.380056332395376,-0.384915698052436,-0.365091531998491,-0.372135821275734,-0.406688575047856,0.0113560038032537,0.0164978272144892,0.00586958483080015,0.00751299062999087,0.00398389063118584,0.00972919764369099,0.00381864171854778,0.00468904280675455
ENSMFAG00000011839,ENSMFAG00000011839,0.326350155277754,0.329464568203699,0.353083954103002,0.339917395441469,0.352135006955131,0.34156246474756,0.361063316401632,0.328656866061563,0.0282474641395809,0.0281894147092131,0.0102657784041944,0.0143042751804254,0.00780864183291885,0.0144992006818723,0.00491558333542734,0.0174821069517287
ENSMFAG00000002123,ANKRD13B,0.339488306331081,0.355759545426962,0.38925077710956,0.392440093631888,0.408998051004441,0.392234138362449,0.441051036773193,0.368209852699262,0.0229121332128395,0.0199834793612846,0.00564546335041713,0.00639755203915738,0.00260581304610562,0.00644647398137181,0.00113406659720671,0.00870825265107414
ENSMFAG00000003552,ENSMFAG00000003552,-0.348661707246818,-0.335617313125201,-0.378278926881024,-0.358347787881695,-0.394213086311063,-0.363213358724649,-0.393055200314403,-0.370038985262015,0.0202959663362833,0.0257210835886035,0.00687552713367965,0.0107933878911437,0.00341284985479361,0.0100596695681952,0.00243184179764221,0.0085665137173689
ENSMFAG00000007806,CDK5R1,0.389909685501348,0.391691711388395,0.415379279540964,0.411073133095852,0.428345334151617,0.406679458962335,0.43808113337816,0.413133983140317,0.0113560038032537,0.0136140647664847,0.0042579444762936,0.00511570966344384,0.00195257568598686,0.00533869860211975,0.00113406659720671,0.00435002102653989
ENSMFAG00000033021,MYO1D,-0.35895041841257,-0.355988800892259,-0.391201413408175,-0.382882248862999,-0.408786268013378,-0.379381980489543,-0.416702187703373,-0.400438420883589,0.0173795652175368,0.0199834793612846,0.00547908690148833,0.00740545648276643,0.00260581304610562,0.00772452820002821,0.00150977439093755,0.00510443315599363
ENSMFAG00000006156,RF00019,-0.34856366155362,-0.344145170770756,-0.332454407493859,-0.335394134055909,-0.329982792816722,-0.319131959460564,-0.305135135562094,-0.355958407631035,0.0202959663362833,0.0232523506778482,0.0150295295942639,0.0155137065695176,0.0131518875402523,0.0217312324635115,0.0180910125792886,0.010521623532036
ENSMFAG00000000693,TMEM98,-0.329638496248424,-0.319959335897175,-0.353087647832266,-0.345039862022088,-0.373516060801757,-0.332617324467896,-0.368169331464288,-0.356070693029697,0.0268809743435055,0.0320157914769953,0.0102657784041944,0.0133986279586951,0.00491915109160702,0.0169160893166497,0.00415079479606945,0.010521623532036
ENSMFAG00000007668,ASIC2,0.332115162020832,0.349498862288238,0.380646278237443,0.369429890545557,0.382082136205809,0.383544787563419,0.437053670034813,0.366410675976977,0.0259045845168546,0.0218467399881274,0.0065897179961248,0.00888255162114893,0.00425092423509216,0.00709742929121529,0.00113406659720671,0.00887971791593918
ENSMFAG00000036080,RFFL,-0.317007291220347,-0.312173104814666,-0.355595972223716,-0.344540422450847,-0.377888228869902,-0.338976598015742,-0.379437561291355,-0.353281409880132,0.0331380446694729,0.0351837878569638,0.00986834693535201,0.0134855317247405,0.00460206560413644,0.015012046528356,0.00326822118636471,0.0110074058002863
ENSMFAG00000041494,PPP1R9B,0.336024726762917,0.333643567840686,0.345251699514145,0.345425036319275,0.3536614405887,0.329766546235942,0.326771319317536,0.329023712306168,0.0242315468934213,0.0262008461990614,0.0117384976553755,0.0133615770633753,0.0075600163731334,0.017810966476218,0.0111535534831212,0.0173436954694062
ENSMFAG00000033947,ENSMFAG00000033947,-0.33817503615037,-0.322276445519939,-0.359639374498998,-0.350432267660393,-0.388642645049302,-0.356519558738879,-0.380518667797434,-0.360653647568542,0.0234405424063457,0.0306249291659222,0.00911768404941832,0.012254802338643,0.00370997109056408,0.0111598391989216,0.00317928403127332,0.00964244240420623
ENSMFAG00000021148,CA10,0.376180373846559,0.350348489126782,0.36092457315816,0.355529717931602,0.370674656205974,0.345026015678278,0.331583934322538,0.370417529089426,0.0135366767010101,0.0215251254813284,0.00896765349447377,0.0111669262479613,0.00521935536206716,0.0135778723938399,0.00989160862744407,0.00853556497875497
ENSMFAG00000044267,TOM1L1,0.477392375243635,0.445989437715762,0.456210538629309,0.443470196955284,0.462212349505895,0.428351221690876,0.414053399826414,0.48522996606913,0.00350848937027084,0.00763957381952836,0.00281818541043335,0.00309959979627654,0.00123247680798367,0.00435320229060621,0.00158756805101688,0.00149377272495027
ENSMFAG00000027493,NOG,0.436406452799843,0.444427690470386,0.473502973342034,0.469579573737004,0.496282401218134,0.471515144023904,0.487447175826244,0.462666172344691,0.00641254856493191,0.00763957381952836,0.00271618020051077,0.0029394129748456,0.000874910526216398,0.00255041052396858,0.00062700957908818,0.00216095701967354
ENSMFAG00000002811,VEZF1,-0.351974314328957,-0.355069473633811,-0.396909309334842,-0.386329764434769,-0.416308192864368,-0.38614431729015,-0.421978256396244,-0.376575040384798,0.0194586413898264,0.0201250228782415,0.0052432640970447,0.00694085699355744,0.00233895984551307,0.00676412156976667,0.00142363498990087,0.00760947286554532
ENSMFAG00000032128,TSPOAP1,0.400678590986211,0.401168531698891,0.427285817856656,0.432702753541891,0.454048428864585,0.412886556940646,0.438412167532726,0.424206392558716,0.00991060119903743,0.0123873360222438,0.00360227395057319,0.00359290699993284,0.00130226710507543,0.00510501973175375,0.00113406659720671,0.0040919973824104
ENSMFAG00000038431,SEPT4,-0.307854373848663,-0.305892298711878,-0.352113299736332,-0.339560954736153,-0.374381999113977,-0.338986009397119,-0.386159148916065,-0.350305487662501,0.0385938665922122,0.0391856718395025,0.0105015513610462,0.0143354113329592,0.00485218853188899,0.015012046528356,0.00279088164410998,0.0115368023413944
ENSMFAG00000041526,DHX40,-0.301492927897308,-0.310547356645572,-0.349790210164369,-0.342937885528141,-0.366823530719255,-0.347978267910472,-0.37272390438306,-0.314612395692038,0.0431335390753228,0.035866420265906,0.0109164873884771,0.0136946488044364,0.00563287501033509,0.01309737758848,0.00378055219170111,0.0238392202203074
ENSMFAG00000045716,DHRS11,0.304765321574449,0.305852374427924,0.32690478010464,0.314837565983701,0.334859363882113,0.321062316879525,0.332817565448091,0.306027322516187,0.0406838832610163,0.0391999259575289,0.0167729351602327,0.0234798231590389,0.0118309757903338,0.0208084947997763,0.00961109455786385,0.0283318218566464
ENSMFAG00000044702,SOCS7,0.397393384992783,0.404126121999883,0.414864811266263,0.412015321261843,0.43869310730707,0.403748234903766,0.452144588360998,0.414688311595251,0.0100358009598466,0.0120523458016359,0.0042579444762936,0.00511570966344384,0.00165510539950366,0.00561695728870209,0.00111052079015429,0.00435002102653989
ENSMFAG00000021465,EPOP,0.44010742682577,0.421447919570281,0.429510156685721,0.434374998222386,0.448721832512011,0.434427043020711,0.408799407774008,0.432176989643545,0.00584922726323227,0.0102848375990455,0.00359425061993855,0.00345260890978111,0.00137248984612157,0.00389785553487244,0.00177315614993392,0.0038991411036869
ENSMFAG00000045774,ENSMFAG00000045774,0.306420771780257,0.301667250870572,0.348229197834641,0.341335288583508,0.366611671401786,0.33456704981854,0.364928343402932,0.33465316753849,0.0395093725109009,0.0423214162367015,0.0112086087658529,0.0139900737590997,0.00564808487148874,0.0162119687998585,0.0044725248056901,0.015479117821058
ENSMFAG00000035417,PIP4K2B,0.375340844667221,0.376198336346768,0.404079966403458,0.397163293090996,0.414287114415524,0.392731720355311,0.43216728465938,0.399579892832981,0.013732773367759,0.0151336659464427,0.00466516709067708,0.00594596400800248,0.00242937521159922,0.00644647398137181,0.00123804676841463,0.00526954337973126
ENSMFAG00000040277,LASP1,0.338040826409153,0.358253833429157,0.37940776359957,0.37126344483657,0.391430427283786,0.362608973545559,0.432814519159709,0.364819290091141,0.0234757146528408,0.0197673751555277,0.00672738131098299,0.00864494564064344,0.00359524729314729,0.0101153520005299,0.0012360237802248,0.0090233121966191
ENSMFAG00000002054,CACNB1,0.399368157926434,0.394442796755445,0.396647095871645,0.401655698047211,0.408236641565989,0.401335665931138,0.399447929361114,0.389143254680873,0.00991060119903743,0.0133195302930201,0.0052432640970447,0.00561256092414266,0.00263302337241454,0.00585917447550472,0.00215632314434754,0.00624991073749378
ENSMFAG00000029472,NEUROD2,0.312190875680354,0.339642996729296,0.366264133415248,0.363133532647884,0.37578637343775,0.383012377344822,0.437664173943073,0.345141042655747,0.036224043478134,0.0244696075605456,0.00826906557849697,0.00989567291759553,0.0047603758069277,0.00714819550154067,0.00113406659720671,0.0126029738742026
ENSMFAG00000001426,RAPGEFL1,0.348373222372624,0.353272214749341,0.395001449517274,0.378378434958194,0.403700946044177,0.392748819354933,0.444433646757976,0.380825040585634,0.0203630561503461,0.020883805619373,0.00531837133109845,0.00760484260374379,0.00285007200262508,0.00644647398137181,0.00113406659720671,0.007043928225925
ENSMFAG00000039043,WIPF2,0.385957224873388,0.383399156897523,0.393696346150835,0.385043806068007,0.393854503593399,0.389469373070521,0.405024568165188,0.397400355053456,0.0121473416009404,0.0143876404493387,0.00537228219028971,0.00708323988772464,0.00342517491725931,0.00653374676847562,0.00192960331665042,0.00543178444035054
ENSMFAG00000037096,KRT37,0.361958831146475,0.371794614157341,0.404926615750432,0.401136096210185,0.427811187093235,0.407566785429112,0.456901743011824,0.397441140108693,0.016833419947231,0.0160837123178173,0.00464161409316462,0.00564671293015361,0.00195257568598686,0.00533869860211975,0.00107330588674465,0.00543178444035054
ENSMFAG00000034238,JUP,-0.354426615740058,-0.331380891859377,-0.335884060439921,-0.325522337104132,-0.34584656997157,-0.31795852918332,-0.309547917081645,-0.34067953488151,0.0185438815023632,0.0271252337616742,0.0141281963512172,0.018978693525146,0.00913491133492311,0.0224350869023085,0.0163640907757366,0.0136398187943641
ENSMFAG00000000621,CNP,-0.321766633805676,-0.308375167924629,-0.350627299300686,-0.336409795216469,-0.371720601182353,-0.338467600783186,-0.368717180366906,-0.351768148676962,0.0304659064989516,0.0376002521086134,0.0107579296914737,0.0152149977022072,0.00510365722699153,0.0151170767182111,0.0041098000179667,0.0112452850288084
ENSMFAG00000031935,DNAJC7,0.309697174336113,0.317920250337699,0.322097930416064,0.341368871553311,0.334592337275452,0.34282906374292,0.341410247245797,0.33261177674537,0.0376151864786229,0.0324762689575899,0.0189710353039068,0.0139900737590997,0.0118933478554052,0.0141139260143865,0.00783096818115158,0.0161582433382531
ENSMFAG00000041241,UBTF,0.301855140942039,0.313191510972957,0.328969537547127,0.342738315834074,0.346486678789121,0.32215824517409,0.347602365195519,0.325127708908975,0.0429211787260792,0.0347475490612088,0.0162006731321583,0.0137251544215719,0.00905471458564141,0.0204020458851487,0.00673383830904153,0.0188849507138897
ENSMFAG00000039008,RUNDC3A,0.362322946523285,0.357852812879447,0.39134733521064,0.395747188870016,0.414997167215999,0.39473614041812,0.408503478881634,0.374262814851127,0.0168000274087601,0.0197697116964416,0.00547908690148833,0.00599306729313274,0.00238497998198016,0.00622259449660448,0.00177315614993392,0.00794666420646821
ENSMFAG00000034312,CCDC43,0.323259719964888,0.342903875811708,0.336659657136604,0.357937557732699,0.352323659486884,0.349403093470806,0.376529749739884,0.34559901670885,0.0293378948752714,0.0235974534110451,0.0139329294889931,0.0108749168871345,0.0077871448216477,0.0127208634001919,0.00350531690526759,0.0125480611942625
ENSMFAG00000035588,ADAM11,0.32414636523934,0.336738331646461,0.364605030109496,0.355697862015117,0.374423342012275,0.382216599441227,0.417003475789483,0.342633065393441,0.0290475427962065,0.0252548786737916,0.00844363361717998,0.0111249813895752,0.00485184767949712,0.0072380649893571,0.00150977439093755,0.0130938526820879
ENSMFAG00000002228,C1QL1,0.33330961394286,0.3458300756542,0.382480798140459,0.368516565764223,0.38349116714606,0.367997339349709,0.420222641426846,0.364426974171872,0.0255200861098038,0.0223687630403677,0.0064451964159469,0.00900352022368951,0.00412774337405479,0.0093190091080758,0.00146140305839985,0.00910172283195078
ENSMFAG00000043205,NMT1,0.348511586571661,0.35778956317696,0.375276613142622,0.376978808349321,0.390684789526913,0.37185026478571,0.41073690336358,0.384839046203113,0.0202959663362833,0.0197697116964416,0.00715313402636332,0.00764572936425019,0.00363121805638602,0.00856608848634509,0.00170851482731497,0.00659735488540501
ENSMFAG00000044892,SPATA32,0.302067391892492,0.3123460734557,0.325988464628052,0.329991706973924,0.343431375814445,0.314335305732408,0.334372771495993,0.331868417687076,0.0428143400090769,0.0351358419013193,0.0171545364135911,0.0174575644812531,0.00970452737954557,0.0240486863737996,0.00926596463679811,0.0162985689212864
ENSMFAG00000015112,RPRML,0.305963600887378,0.322179434068349,0.329770080017416,0.321140014800959,0.332346779744233,0.310065282378869,0.365799111781754,0.319034609065741,0.0398526024314979,0.0306574370748715,0.015893064208737,0.0206814742708407,0.012477821967537,0.026440553330157,0.00438747896810754,0.0217514628491837
ENSMFAG00000003384,ENSMFAG00000003384,0.300851110806394,0.332788148344897,0.367813466745432,0.372198822104339,0.387582580212283,0.37471377786027,0.439136922946869,0.348501275677198,0.0433871042118385,0.0264488951617593,0.00800682753086054,0.00845485572010988,0.00379763796370682,0.00818989909834324,0.00113406659720671,0.0118174928576924
ENSMFAG00000000684,KCNH6,0.417595204100398,0.428907508570379,0.444508594774095,0.457048334080978,0.472681776833723,0.441359724661384,0.452117969947684,0.434413380420463,0.00847617198139287,0.00951833399835003,0.00325482292147009,0.00295507918739082,0.000989888136387945,0.00389785553487244,0.00111052079015429,0.00382844231003148
ENSMFAG00000038469,SMARCD2,-0.307000672358052,-0.315813522870093,-0.353298500503108,-0.350965047536255,-0.37273849465886,-0.34262119056005,-0.396542391154809,-0.35270231619141,0.0390111452527967,0.0333069764073041,0.0102541071774267,0.012110027762657,0.00497230424933072,0.0141331459375701,0.00230882696164571,0.0110439382279312
ENSMFAG00000040147,ERN1,-0.383622947150631,-0.368364246476261,-0.339924954077066,-0.339451357896191,-0.332617629838727,-0.32595977350325,-0.315777968444576,-0.363111904944291,0.0123954242678269,0.0169526496426445,0.0130495907206932,0.0143754590861488,0.0124241857311072,0.0190713409491169,0.0143371214791782,0.00930478367795069
ENSMFAG00000002805,POLG2,-0.307446458900124,-0.317357560988183,-0.343116691336,-0.335522676215152,-0.350302633780701,-0.335340209231805,-0.382097728779172,-0.348963541641554,0.0387492168620727,0.0326191343364003,0.0122365397254908,0.015483982173323,0.00821608385878295,0.0159310331050648,0.00306933082427451,0.0117617418079769
ENSMFAG00000046401,ABCA8,-0.375015675140824,-0.364133390125367,-0.404225639168082,-0.388681985352623,-0.420999513508612,-0.389308424958223,-0.42521771671804,-0.39458066491261,0.0137856776156041,0.0182451266176339,0.0046552939317405,0.00662341315696237,0.00214748558456414,0.00653374676847562,0.0013622809414722,0.00569031067846312
ENSMFAG00000003737,ABCA6,-0.332303021382223,-0.353874556530636,-0.376764455620443,-0.379873568112623,-0.397857518687027,-0.38112935127867,-0.411050056098579,-0.363975576230482,0.0258656607646787,0.0207363225921383,0.00693179129783044,0.00751299062999087,0.00314486528373729,0.00737735782414365,0.00170676531612461,0.00916088165084031
ENSMFAG00000003350,ABCA10,-0.36371769347545,-0.38045704948365,-0.405294540352323,-0.410022923384536,-0.430687315239043,-0.414489096582227,-0.443288731687163,-0.398500250231232,0.0164684642800057,0.0143876404493387,0.00464161409316462,0.00511570966344384,0.00182278867587434,0.00499844109601146,0.00113406659720671,0.00540268186598122
ENSMFAG00000038894,TTYH2,-0.365532186553439,-0.346891432144059,-0.380780958877504,-0.362860055406632,-0.395085284129206,-0.36073804673212,-0.387903523840445,-0.393019497490705,0.015951877488417,0.0222238948413968,0.0065897179961248,0.00992925509587584,0.00340340281686861,0.010367026784482,0.00267219259180055,0.00576080237567116
ENSMFAG00000034483,SMIM5,-0.346004679691918,-0.331506757702605,-0.368708857746483,-0.359961821786201,-0.391159572597925,-0.352044520408086,-0.382632436715162,-0.370243905538297,0.0210749562371238,0.0270638942620711,0.00792899835433792,0.0104291620137967,0.00361099299526574,0.011996461717879,0.00302101585101119,0.0085665137173689
ENSMFAG00000030224,ENSMFAG00000030224,-0.356601843461999,-0.36699479398049,-0.394476034773707,-0.390930638670674,-0.408932623772948,-0.411109580389764,-0.436761081279291,-0.362245925722882,0.0179032187483185,0.0172582342945275,0.00532617661160363,0.00651196656280408,0.00260581304610562,0.00533869860211975,0.00113406659720671,0.00945250155199781
ENSMFAG00000035941,H3F3B,-0.35294241374873,-0.358756246989279,-0.373421611865728,-0.382409999991348,-0.394440463308318,-0.414646888724455,-0.40021519938326,-0.347857885638812,0.0191964687648129,0.0197673751555277,0.0072554488720438,0.00741655547999142,0.00341284985479361,0.00499844109601146,0.00213330670162543,0.0120319885886425
ENSMFAG00000000583,EXOC7,0.356607265550295,0.363623182928433,0.389757724990443,0.381952966422626,0.402083411456365,0.383451559566462,0.426187613253533,0.388003321269524,0.0179032187483185,0.0182968036536033,0.00563036723907288,0.00745600886310454,0.0029035061749192,0.00709742929121529,0.0013524038985933,0.00633299692912261
ENSMFAG00000030706,RF00213,-0.349329449960492,-0.366702516478801,-0.386123619991945,-0.387851011410115,-0.390493253160269,-0.387066994448389,-0.393029027003696,-0.369829464506552,0.0202959663362833,0.0172942518206523,0.00604903790590303,0.00674786471632661,0.0036433938455302,0.00672240605502025,0.00243184179764221,0.00858648912148499
ENSMFAG00000037184,SYNGR2,-0.374700628258827,-0.357176216454045,-0.385762540270311,-0.377883536416618,-0.404860864432814,-0.381640806957378,-0.395357509890979,-0.39043726309345,0.0138513666770413,0.0197697116964416,0.00607177512238947,0.00763640491769139,0.00285007200262508,0.00735937121675723,0.0023524463728027,0.00603850326578785
ENSMFAG00000029831,TMEM235,-0.332717850363616,-0.321815226645058,-0.360613469998029,-0.347785394125403,-0.380728653444177,-0.345887084143706,-0.38283379514547,-0.362108790863183,0.0256925465731666,0.030819992864278,0.00899027209878341,0.0128628517396938,0.00434922395672457,0.0134217366539522,0.0030155645449528,0.00945250155199781
ENSMFAG00000043088,BAIAP2,0.336562052453308,0.355082993099863,0.396193208402443,0.398745146051147,0.419828460022457,0.396111350157385,0.448158653290272,0.385697099864856,0.0239266618115915,0.0201250228782415,0.00524895086643039,0.00593005105776246,0.00218805680506167,0.00610929962654093,0.00113406659720671,0.00658466928770666
ENSMFAG00000004076,ENSMFAG00000004076,0.340017677811582,0.338086842319204,0.358175468585437,0.342333658956715,0.36171275587424,0.340969163359918,0.353521182814557,0.338486838232842,0.02276663182472,0.025016167091396,0.00926395594543902,0.0137251544215719,0.00630923256959263,0.014574515689522,0.00583924217511109,0.0143859926239015
ENSMFAG00000001442,MAFG,0.342237832704341,0.361999343933767,0.39222334812469,0.39020898419786,0.410259252064091,0.385980819971261,0.445199615130032,0.384909614673563,0.0222356117816245,0.0188794746751781,0.00547908690148833,0.00651196656280408,0.00260428766464258,0.00677309779816383,0.00113406659720671,0.00659735488540501
ENSMFAG00000034218,RGS11,0.413127092517923,0.386616400434823,0.397513698054823,0.384992935081076,0.406694496150234,0.373374234616478,0.359415827838977,0.405633813683029,0.0087209422969036,0.0140923644037309,0.0052432640970447,0.00708323988772464,0.00272243938406226,0.00842599814522814,0.00510044395550691,0.00468904280675455
ENSMFAG00000038549,ARHGDIG,0.352292495406298,0.347936074924945,0.363234043376527,0.360474428175825,0.372276769135754,0.348652516030725,0.361504351879029,0.357518956321809,0.0193652675724295,0.0222238948413968,0.00866456738470805,0.0103652241808197,0.00504331861244249,0.0129647794996969,0.00485446270424931,0.0102153921306146
ENSMFAG00000040962,DECR2,0.349707467437896,0.34351211215162,0.350675028291007,0.3428908340811,0.358027304505989,0.336753850956974,0.331255911315704,0.326796502401201,0.020215471735853,0.0235649440950824,0.0107579296914737,0.0137047030343468,0.00678798865150032,0.015498231003582,0.00995154166216826,0.0181616855713844
ENSMFAG00000003280,FBXL16,0.372491577454202,0.372096469080683,0.414445496818213,0.406279472753642,0.43219735048228,0.396788046766035,0.439093790010774,0.398059741324472,0.0143361626442283,0.0159663714206521,0.0042579444762936,0.00527624157429473,0.00176897889857384,0.00610929962654093,0.00113406659720671,0.00543178444035054
ENSMFAG00000001969,GNG13,0.35255439270401,0.342552945805565,0.375108700578092,0.360690889194414,0.384352649974492,0.353168447418239,0.382699578025701,0.38613147777233,0.0192384280287236,0.0237873014418639,0.00715313402636332,0.0103436707203954,0.00403778277265383,0.0118419458974514,0.00301895694041533,0.0065616431880295
ENSMFAG00000034526,CACNA1H,0.375922475672232,0.380775102546398,0.417600081452904,0.418627518112142,0.435763909805545,0.420114754472353,0.451352120390985,0.411425198088692,0.013588372955295,0.0143876404493387,0.00423470309501476,0.00449310750583743,0.00171001381504247,0.0047457504117466,0.00111052079015429,0.00435002102653989
ENSMFAG00000031460,PTX4,0.314218336857027,0.313601694278315,0.335674867451857,0.304986424916452,0.320364573211016,0.308545358038112,0.367964758284112,0.343268996190331,0.0348663052868341,0.0345599784973345,0.0141921787027854,0.0285889506247355,0.0163018015278162,0.0272381981463395,0.00416569198241811,0.0129935354921869
ENSMFAG00000033861,JPT2,-0.346254920392275,-0.323077346347998,-0.351299033926645,-0.337374218907241,-0.366176396332019,-0.334261359478974,-0.34985233875903,-0.352985223742708,0.020995974258991,0.0304392656999776,0.0106505143729753,0.0149257658268977,0.00571025265452521,0.0162141738023456,0.00633371455639293,0.0110439382279312
ENSMFAG00000045744,CASKIN1,0.374886563731901,0.382890423752063,0.391775302341115,0.399999467360065,0.407329890291785,0.415212587133202,0.421051614748906,0.369388430139783,0.0137909006159152,0.0143876404493387,0.00547908690148833,0.00578497246348166,0.00269733716588711,0.00499538390882817,0.00144195555235924,0.00862412853498878
ENSMFAG00000010740,ENSMFAG00000010740,0.333291755367555,0.323034304790287,0.331368963027953,0.320961795070322,0.33340626543227,0.309122432567123,0.315798171939132,0.313018755955373,0.0255200861098038,0.0304562104865952,0.0153393413103784,0.0207545994040917,0.0122103838753729,0.0268890617696481,0.0143371214791782,0.0247579516720279
ENSMFAG00000039462,CCNF,0.36385843660637,0.373238035690213,0.413463813588033,0.404204824679231,0.43458108884759,0.405149221769656,0.437961147845086,0.404276430214489,0.0164684642800057,0.0158105052845365,0.00432023811849664,0.00545861067289417,0.0017219099781206,0.0054728150782726,0.00113406659720671,0.00478465345490409
ENSMFAG00000041890,TBC1D24,0.339637874781796,0.34794651583434,0.375464539788796,0.367804137527796,0.386074064961538,0.371920798902163,0.415247336515848,0.372628199132471,0.0228381228137982,0.0222238948413968,0.00714208904476211,0.00910271072374853,0.00389286954893822,0.0085574926203186,0.00155049906547957,0.00826456955544452
ENSMFAG00000001468,ZSCAN32,-0.358071581035986,-0.348144755534676,-0.373815437475887,-0.366276715912219,-0.384705442238714,-0.355926962677358,-0.375596118389123,-0.379097644083564,0.017567471257996,0.0222238948413968,0.00724517834194762,0.00934904312306272,0.00399830245842177,0.0112634372513533,0.00357841596645598,0.00731376080181461
ENSMFAG00000032460,GLYR1,0.304676987596427,0.329753454594553,0.358965979538848,0.361902280973999,0.379647012149168,0.374762831563061,0.426612549950867,0.334976154760252,0.0406920371408194,0.0280733456197074,0.00919753320526292,0.0101238478331607,0.00446085726071518,0.00818989909834324,0.00135181519063061,0.0154021777280361
ENSMFAG00000003274,MRTFB,0.330714306984516,0.325927656820115,0.358526915198348,0.356509157258329,0.376054834161862,0.335254438240093,0.371595577967408,0.372901379056725,0.0265036924110893,0.0296079691239163,0.00922569821404963,0.0109812408819575,0.00472374628088265,0.0159696266422428,0.00384228659010793,0.00821135113663125
ENSMFAG00000000424,NDE1,-0.354549987427746,-0.337673988340703,-0.359578209120339,-0.342623764075332,-0.369747085187558,-0.340923706552519,-0.363492262748739,-0.365896811698316,0.0184897767921511,0.0250887309909008,0.00912908545418185,0.0137251544215719,0.00532650875375279,0.014574515689522,0.00465644520212053,0.00889914681507409
ENSMFAG00000045638,TMC7,-0.365274971341561,-0.351509752605516,-0.389298741867745,-0.377371290007108,-0.408956179893816,-0.376865505116408,-0.403675385269607,-0.393486829688223,0.0160802196787764,0.0214559438385436,0.00564546335041713,0.00763640491769139,0.00260581304610562,0.00789056268258178,0.00195811374131819,0.00571879174289046
ENSMFAG00000031347,SYT17,0.317122923932594,0.332837852206924,0.375521898658342,0.367779074915933,0.392464424288549,0.370325192584266,0.427827299422879,0.367694553888103,0.0330509884229994,0.0264488951617593,0.00714208904476211,0.00910271072374853,0.00352899483286862,0.00873768432881689,0.00133051292084478,0.00874522526516621
ENSMFAG00000037012,DCUN1D3,0.31716393930288,0.312165933741836,0.336335491947898,0.328862230505565,0.352525161044058,0.316577648013187,0.350821493176955,0.355455594895243,0.0330400605243008,0.0351837878569638,0.0140066809435963,0.017776007791141,0.00776179657628857,0.0231079040347236,0.00617586912092576,0.0106344443570473
ENSMFAG00000001040,ENSMFAG00000001040,-0.355720131932101,-0.34609134668043,-0.384625280967719,-0.377031765224706,-0.409150284852597,-0.375889234868352,-0.395886894124221,-0.382542358539036,0.0181256594970281,0.022228683088036,0.00620047767835111,0.00764542968971414,0.00260581304610562,0.0080030131549079,0.00233847534792537,0.00681980417226744
ENSMFAG00000042406,ASPHD1,0.383190714097131,0.388476366110267,0.408862713116726,0.402688593020851,0.422222476521394,0.399434580239754,0.417911428998052,0.375216977989082,0.0124310405671405,0.0139736147847816,0.00450614822747283,0.00556546264970992,0.00210444929684845,0.00592442764057737,0.00150977439093755,0.00776304487887132
ENSMFAG00000030440,TAOK2,0.300521183201035,0.313149340561158,0.330246056769514,0.336990795212017,0.350855612456666,0.3379238270257,0.348005010178641,0.309937494709357,0.0436601210979574,0.0347475490612088,0.0157185890716283,0.0150190033319834,0.00807298098575504,0.0152309982760467,0.00664534610248403,0.0263532282834436
ENSMFAG00000031217,DOC2A,0.33034551101488,0.332779214033048,0.371292765517118,0.359637249260886,0.384924265938273,0.354778567145184,0.403111780348541,0.368912820604951,0.0267013252969974,0.0264488951617593,0.00748874707008709,0.0105032400877055,0.00398389063118584,0.0114299751365176,0.0019878545845859,0.00865226943060681
ENSMFAG00000030805,CORO1A,0.321545092832902,0.329413965413394,0.36483285235719,0.356265905523628,0.381984026513228,0.348260448790501,0.39946938360789,0.355269217521637,0.0305643621866019,0.0281894147092131,0.00844062692414025,0.0110161936122902,0.00425343409300926,0.0130475462288378,0.00215632314434754,0.0106371513900796
ENSMFAG00000002731,FBRS,0.315977618154656,0.311448823117689,0.337644648904749,0.328456901259107,0.340684825465646,0.307027356929435,0.342435096623319,0.332397017484796,0.0336653741314589,0.0355128417901814,0.0136858394499578,0.0179600730972392,0.0103874066209263,0.0280579812275189,0.00762759846223422,0.0162047249234347
ENSMFAG00000032375,C16orf58,0.337169019632909,0.339751660904956,0.354635290201823,0.351525148214217,0.362356614703672,0.355279340586725,0.392380194718143,0.335661859476992,0.0237990065942378,0.0244421835874317,0.0100699747872013,0.0119970015971918,0.00617537407503647,0.0113398458606158,0.00246890288110081,0.0151749040108806
ENSMFAG00000037814,ADCY7,0.341208264506397,0.364113680012544,0.397995015985295,0.402837344556777,0.417644232473022,0.401787373420161,0.436975446546353,0.38443775293682,0.0225681336753869,0.0182451266176339,0.00519485956553721,0.00556546264970992,0.00225975081042415,0.00585917447550472,0.00113406659720671,0.00662142612371951
ENSMFAG00000042034,AMFR,0.324628567252363,0.31515762305012,0.347747168485948,0.334368268956546,0.348771408400265,0.341292770048984,0.35500637352204,0.341378180272119,0.0289065894885021,0.0338088286370012,0.0112743242148892,0.0158537655189976,0.00852821021854972,0.0145490451197249,0.0056234713888275,0.0134414254629517
ENSMFAG00000032545,PLLP,-0.334773872675106,-0.322401143710571,-0.362229533980215,-0.346100797471834,-0.379738894257023,-0.352650799108214,-0.387305856757238,-0.365900286343834,0.0246658954949442,0.0306249291659222,0.00876311196405102,0.0132212045390273,0.00444936238679416,0.0118913270995896,0.00270709591552665,0.00889914681507409
ENSMFAG00000002708,DOK4,0.343246818474771,0.353806100195764,0.388447165852763,0.384995598446142,0.409603955359855,0.376104790397336,0.426638132458635,0.386882253462602,0.0218101077842618,0.0207461008212936,0.00570613888405207,0.00708323988772464,0.00260581304610562,0.0079823403951323,0.00135181519063061,0.00645786756145395
ENSMFAG00000030602,CCDC113,0.31519215187921,0.331019087849267,0.363424370568299,0.35918691383836,0.373001058175894,0.360643396017012,0.392199171598744,0.350866790703485,0.0343280940423914,0.027260447543281,0.00863248468147815,0.0106164742170268,0.00496855139650594,0.0103920622453118,0.00247864369277844,0.0114514595641122
ENSMFAG00000040729,CDH11,0.330378347584314,0.3228533622864,0.331670278157278,0.316052998843979,0.320857268292588,0.324381651388437,0.349746273315948,0.358009400258601,0.0266999192366664,0.0305236751027651,0.0152813331184954,0.0228666270235717,0.0161151120190494,0.0195145178549179,0.00634517327179109,0.0101667408272789
ENSMFAG00000043754,CMTM4,0.345382628332058,0.346404217453063,0.392333245312497,0.379219678084646,0.413077948354827,0.379592676837675,0.423155511468501,0.384486232057384,0.0212058221405361,0.0222238948413968,0.00547908690148833,0.00751299062999087,0.00247710750280599,0.00768940751131122,0.00138567903567703,0.00662142612371951
ENSMFAG00000038855,SLC12A4,-0.357853784922442,-0.354513951721313,-0.382424081558077,-0.364804829113947,-0.38265805878495,-0.353692421369157,-0.403162036652159,-0.398251224437602,0.0176439625409314,0.020438695679715,0.0064451964159469,0.00967116433261363,0.00419904192888919,0.0117002382754763,0.00198701190050821,0.00542533639897165
ENSMFAG00000043795,NFATC3,-0.302890095119052,-0.317275043125227,-0.345435327974118,-0.347891680062058,-0.368094421262101,-0.350309981962376,-0.383285826723269,-0.314642150774791,0.0421111151149282,0.0326191343364003,0.0116966889142025,0.0128530716198227,0.00551767450790941,0.0124196639613643,0.00297870167961677,0.0238392202203074
ENSMFAG00000033155,ST3GAL2,0.346553872666235,0.348057466341219,0.363165300201489,0.362668441643618,0.372038353248665,0.384791003828065,0.395163193138262,0.339115490208301,0.0209750612164542,0.0222238948413968,0.00866817922057256,0.00997440168120431,0.00507496994174911,0.00696580415564347,0.00235816956434307,0.0141664977364122
ENSMFAG00000043003,RFWD3,-0.330072273095411,-0.326295243099776,-0.35979216825122,-0.359603809322899,-0.371501833801346,-0.367067150276598,-0.364382512030626,-0.347772670763941,0.0267886368557034,0.0295118633947169,0.00909961184317446,0.0105032400877055,0.00514601370779839,0.00933282319660507,0.00455020543300448,0.0120395686428533
ENSMFAG00000026134,FA2H,-0.338822002179192,-0.325279122807206,-0.365987988621574,-0.351104575674666,-0.388096237766025,-0.352631175643209,-0.384062780083433,-0.360682523248198,0.0231387508900992,0.0299079912032156,0.00829092576976464,0.0120702799495184,0.00375446797225004,0.0118913270995896,0.00292309833926502,0.00964244240420623
ENSMFAG00000039290,ZNRF1,0.319466705940386,0.337346021292501,0.379591538935633,0.371445594006871,0.394170181018922,0.367243253315121,0.432291619424386,0.3621895228959,0.0316163870431797,0.0251099040105115,0.00670276710220578,0.00862906416387059,0.00341284985479361,0.00933282319660507,0.00123804676841463,0.00945250155199781
ENSMFAG00000035344,BCAR1,0.307891942424888,0.328122457402954,0.36475144716076,0.359830714869897,0.381391310818514,0.357036291828596,0.41870577020868,0.350047366798903,0.0385829547961592,0.0285414062888883,0.00844062692414025,0.0104441206383445,0.00428773806603684,0.0110640205488991,0.00150212803683608,0.0115794140184879
ENSMFAG00000037127,WWOX,-0.340327906136609,-0.346995469158326,-0.375039391312547,-0.357844450266935,-0.378765313911638,-0.355470498727475,-0.407344029299984,-0.375283969604188,0.0227261248675954,0.0222238948413968,0.00715313402636332,0.010882260969816,0.0045298578766114,0.0113318494119626,0.00182793050360056,0.00775699098090004
ENSMFAG00000033724,GAN,-0.310400088927694,-0.305503746287873,-0.34982228896257,-0.339703453935564,-0.362593108074448,-0.332906249202791,-0.363375629133925,-0.347190913178325,0.0372617111141271,0.0394557365536751,0.0109138593705465,0.0143258345816655,0.00614440198605185,0.0168100473220814,0.00465644520212053,0.0121944817171109
ENSMFAG00000042597,WFDC1,0.461153181692138,0.452820401025062,0.483192688469849,0.465680567784097,0.487700049764655,0.471971696196478,0.50172823115771,0.491258304342552,0.00428788577825795,0.00763957381952836,0.00210943268993506,0.00295507918739082,0.000956048587295498,0.00255041052396858,0.000555678160747994,0.00140822715483028
ENSMFAG00000041363,ATP2C2,0.314546725974983,0.335594769375383,0.368119571821476,0.355454518583376,0.373524731283525,0.359519306657776,0.425476452710249,0.361903777839284,0.0347382381899124,0.0257210835886035,0.00793695642633685,0.0111669262479613,0.00491915109160702,0.0105609671193638,0.00135773904268038,0.00946255316101152
ENSMFAG00000040673,FAM92B,0.359845845067347,0.351587513040327,0.393341831742875,0.381219678729094,0.405693572775192,0.38152288619687,0.415496593717842,0.390689757217041,0.0171059509754554,0.0214559438385436,0.00540493651897334,0.00749325055713321,0.00280876677136284,0.00735937121675723,0.00154180597661318,0.0060287603359271
ENSMFAG00000042205,JPH3,0.393100631486555,0.412293903733476,0.444446851476411,0.458107995694556,0.475699986516809,0.46694688206456,0.491800373527096,0.402525788859941,0.0107849589644123,0.0114133764930467,0.00325482292147009,0.00295507918739082,0.000989888136387945,0.00255041052396858,0.00062700957908818,0.00485947759688039
ENSMFAG00000032064,SNAI3,-0.384707789738108,-0.374111747770406,-0.394829193342153,-0.39685505631222,-0.417955568094449,-0.38852848420771,-0.394960704122162,-0.41365297360413,0.0123441210686102,0.0158105052845365,0.00531837133109845,0.00594596400800248,0.00225975081042415,0.00657184606716834,0.00236910973286109,0.00435002102653989
ENSMFAG00000041824,GALNS,-0.310480939144673,-0.307793828106461,-0.328576645879173,-0.331207657941294,-0.338366596607049,-0.319137110653185,-0.325488965332778,-0.350146316814599,0.0372617111141271,0.0379954775350883,0.0163425242710817,0.0170102857451658,0.0109410855186687,0.0217312324635115,0.0114954093959097,0.0115766956555624
ENSMFAG00000040263,ANKRD11,0.327810736304453,0.338709924802754,0.35807946089797,0.37951643092282,0.380201809832028,0.376394882365977,0.373308572973698,0.354776143227793,0.0276353328970407,0.024779828007957,0.00927781560481305,0.00751299062999087,0.00440510491769118,0.00793597458044266,0.00373822102288882,0.0107456045103447
ENSMFAG00000000233,KCNG2,0.344326620191914,0.344929885944448,0.340432043546522,0.328380609418498,0.326988146023446,0.340157674010936,0.36303221653199,0.337864533153373,0.0215348842681315,0.0227918326091204,0.0128979661028576,0.0179798681327157,0.0140910746626797,0.0147338124663068,0.00468106839598169,0.0145506561376336
ENSMFAG00000041988,MBP,-0.330801296341125,-0.321133380224119,-0.365133125761406,-0.35008272875998,-0.386576037253979,-0.356849723708823,-0.391102736491843,-0.358036566320424,0.0265036924110893,0.0312750564079864,0.00844062692414025,0.0123404946459925,0.00388734089071919,0.0110871994207176,0.00249480164506409,0.0101667408272789
ENSMFAG00000043259,RTTN,-0.392331963803519,-0.402970912691728,-0.426318640585776,-0.42850363753333,-0.447918655736002,-0.430446505964401,-0.452449299043818,-0.412880084214287,0.0109558473597745,0.0120523458016359,0.00370921047422509,0.00380934502761608,0.00137803028004512,0.00415118252953157,0.00111052079015429,0.00435002102653989
ENSMFAG00000009175,CDH19,-0.387246532688547,-0.383130322198909,-0.420047472951075,-0.404463927831163,-0.441564020651658,-0.406020943363705,-0.444807576173632,-0.407015503155704,0.0117524043879859,0.0143876404493387,0.00406176755166096,0.00545861067289417,0.00154951809363773,0.00537568298587029,0.00113406659720671,0.00468904280675455
ENSMFAG00000010807,PHLPP1,-0.371225003543791,-0.357147127231274,-0.383745630857317,-0.356645174629356,-0.386542017501044,-0.363446031685684,-0.397955888588063,-0.398519926514956,0.0146845390106777,0.0197697116964416,0.00633012295641881,0.0109454949280391,0.00388734089071919,0.0100563846976497,0.0022330412671684,0.00540268186598122
ENSMFAG00000026367,ENSMFAG00000026367,-0.329983416442559,-0.356042457623687,-0.38347550629259,-0.385559152014587,-0.399919523343718,-0.413344564614372,-0.437778199900824,-0.341199008686468,0.0267886368557034,0.0199834793612846,0.00633012295641881,0.00705398683329348,0.0030541801654016,0.00510501973175375,0.00113406659720671,0.0135004216594533
ENSMFAG00000011966,RF00017,0.3547659566375,0.370567958495329,0.378810373235411,0.389684418707464,0.385404464816238,0.369689006677137,0.36912136546841,0.374142351675834,0.0184478575550176,0.0164175645567561,0.00684666644969214,0.00653342365214289,0.00395758068787993,0.008940193539567,0.00407411445967424,0.00796524932301799
ENSMFAG00000032229,SLC14A1,-0.342249988058399,-0.327501846476044,-0.322003223386973,-0.316837407535548,-0.316683808947723,-0.332611904234505,-0.338264603517675,-0.36002536586567,0.0222356117816245,0.0287615548974607,0.0190049770059123,0.0224945874161138,0.017695873115717,0.0169160893166497,0.00847426133639374,0.00967728233167786
ENSMFAG00000042983,CELF4,0.304646890585061,0.317421198242016,0.346275717985087,0.340720972326269,0.357640994995195,0.328807741901527,0.384363800504332,0.353847613109312,0.0407054310384229,0.0326191343364003,0.0114756073862757,0.0140890347454492,0.00683884759959171,0.0181383449357837,0.00290972391284163,0.0109138371678067
ENSMFAG00000001408,ELP2,-0.354657516885828,-0.352342306403276,-0.365106231506708,-0.367743213680695,-0.370064143702525,-0.355153732750879,-0.355145602455577,-0.377223311855584,0.0184478575550176,0.0210439251495569,0.00844062692414025,0.00910271072374853,0.00528953708992315,0.0113613377940455,0.00560691918276239,0.00758672303890067
ENSMFAG00000030811,ZNF24,-0.301872796350969,-0.309830688664216,-0.342734135767101,-0.320760708513942,-0.350137280212101,-0.32671284672763,-0.385103527775643,-0.328199319511123,0.0429211787260792,0.0363978949568478,0.0123022053490519,0.0208348691317003,0.00824154213610558,0.0188033264438372,0.00285912576341317,0.0176308598651948
ENSMFAG00000031845,NOL4,0.324222568031272,0.325374700889553,0.361225788059099,0.357206258309844,0.383382154891033,0.341578203695113,0.393252679158901,0.375406018964321,0.029026706412055,0.0299006255631304,0.00890330508826872,0.0109247080663691,0.00413550114504967,0.0144992006818723,0.00243184179764221,0.00773974081409349
ENSMFAG00000003541,RNF125,-0.378200366646102,-0.358540900029925,-0.395244324768457,-0.374867655662009,-0.405214050253451,-0.369526369686416,-0.399460838452054,-0.39822561771569,0.0131174467252699,0.0197673751555277,0.00531837133109845,0.00796866319509573,0.00285007200262508,0.00895596013739064,0.00215632314434754,0.00542533639897165
ENSMFAG00000006484,RF00026,-0.308436401168567,-0.315057572201739,-0.341932529484705,-0.346921085608495,-0.365694353502246,-0.357469081640024,-0.371610947305222,-0.314842945385446,0.0381710380598303,0.0338088286370012,0.0125430747349965,0.013076499945009,0.0057684842520353,0.0109937607275938,0.00384228659010793,0.023755757888844
ENSMFAG00000023934,TTC39C,-0.329462110006376,-0.335445424618236,-0.371992317454817,-0.37611623127393,-0.389982388507111,-0.37074570080761,-0.397426839078139,-0.361964441698508,0.0269037027521503,0.0257210835886035,0.00739047532957738,0.00779139210448343,0.00366755886367246,0.00867804840624493,0.00225877328923123,0.00945250155199781
ENSMFAG00000039623,NPC1,-0.403542537130759,-0.392960498381273,-0.428185552564812,-0.413773678868625,-0.445281034219951,-0.40951566582486,-0.441109173598793,-0.43083977679089,0.00970277396239592,0.0133847110622312,0.00359425061993855,0.00492241005559061,0.00144457868667197,0.00533869860211975,0.00113406659720671,0.0038991411036869
ENSMFAG00000040371,RMC1,-0.371906910311439,-0.363881764757927,-0.374320322134913,-0.386345816120721,-0.391731040904602,-0.36961244463442,-0.356083626336599,-0.378354887363408,0.0144494717661551,0.0182451266176339,0.00715313402636332,0.00694085699355744,0.00356719930444211,0.008940193539567,0.00548222573147101,0.00738082305948889
ENSMFAG00000032138,RBBP8,-0.337082421122673,-0.338687200520039,-0.378611841464105,-0.365934218907103,-0.378791304407466,-0.367310661285784,-0.390995966933824,-0.360397629587979,0.0237990065942378,0.024779828007957,0.00685979759162952,0.00940342799700557,0.0045298578766114,0.00933282319660507,0.00249480164506409,0.00965209089880923
ENSMFAG00000045155,ABHD3,-0.316651700399935,-0.308072647749383,-0.33547544452223,-0.331322557952813,-0.346771610116361,-0.301401651386418,-0.330033402583076,-0.337926069991604,0.0332670550857061,0.0379080881817517,0.0142339951837249,0.0169588978182768,0.00901523126784768,0.0312119946154016,0.010276695785475,0.0145506561376336
ENSMFAG00000039357,TYMS,-0.362889642579486,-0.34974713951168,-0.38835295609539,-0.369288472575148,-0.400891731736743,-0.374793878199506,-0.403805696184585,-0.387996611433005,0.016684538843772,0.0218467399881274,0.00571441122017401,0.00888255162114893,0.00300444372964835,0.00818989909834324,0.00195373811540971,0.00633299692912261
ENSMFAG00000044904,TMEM200C,0.383888147322451,0.376593856180149,0.392145874657244,0.376594383385207,0.402862785395644,0.357956196101531,0.402362769926304,0.411559528398614,0.0123441210686102,0.0150692092856719,0.00547908690148833,0.00775856605160564,0.00288956743402517,0.0109213412451591,0.00200835214496349,0.00435002102653989
ENSMFAG00000041605,PPP4R1,-0.350144003314573,-0.363983064268191,-0.38650358652768,-0.394440554000678,-0.404016508830493,-0.391855129208515,-0.422729111774535,-0.375384019628139,0.020215471735853,0.0182451266176339,0.00597949072033868,0.00608898145304985,0.00285007200262508,0.00644647398137181,0.00139835756778946,0.00773974081409349
ENSMFAG00000044337,PLPP2,-0.35300392082216,-0.341127022590904,-0.382833090070277,-0.369270696689482,-0.403670249903393,-0.367168171708709,-0.400061048660657,-0.382967565147573,0.0191964687648129,0.0241534620417747,0.00642016465891429,0.00888255162114893,0.00285007200262508,0.00933282319660507,0.00213783051772466,0.00681274729706292
ENSMFAG00000033092,PALM,0.337958619162754,0.346522832766187,0.380985830588511,0.377603246415101,0.400960269424544,0.373582321700573,0.414945550331198,0.356564292222089,0.0234926620093291,0.0222238948413968,0.00657337153764715,0.00763640491769139,0.00300444372964835,0.0084174628885656,0.00155654503381582,0.010443345022859
ENSMFAG00000040214,CBARP,0.37680335086398,0.383002532883159,0.406018543194052,0.402278273269594,0.42254701461882,0.398200406062491,0.417784261151302,0.3874971939951,0.0135366767010101,0.0143876404493387,0.00464161409316462,0.00557581897940922,0.00210444929684845,0.00602670864201354,0.00150977439093755,0.00636016309493203
ENSMFAG00000000498,REXO1,0.343241634966213,0.339706516273597,0.377318121583847,0.383459683364552,0.402155265606799,0.381118823195494,0.396240884999866,0.357561070441853,0.0218101077842618,0.0244470978637559,0.00691452963489165,0.00730228488205735,0.0029035061749192,0.00737735782414365,0.0023247314177576,0.0102153921306146
ENSMFAG00000033202,AP3D1,0.300358988941808,0.317352681771637,0.343401780203369,0.351558971823453,0.357095238922308,0.354910539322551,0.38215151034264,0.327267858011409,0.0437130607443177,0.0326191343364003,0.0121448547660631,0.0119952420571299,0.00693178576667951,0.0114292024632364,0.00306548270120077,0.0179457897885913
ENSMFAG00000015799,PEAK3,0.313438320903617,0.313728036395588,0.347466357138234,0.356868558782845,0.370784810117358,0.364675643828992,0.370775619925872,0.319424535369659,0.0354399591046498,0.0345271214177958,0.0112837813826353,0.0109247080663691,0.00520695220754601,0.0098406804212972,0.00391961300379567,0.0215837518646229
ENSMFAG00000041421,ZNF555,-0.360195756656939,-0.367506296575503,-0.390532637156791,-0.380413511396572,-0.394347666782192,-0.384655469638648,-0.410088537553081,-0.365749873557048,0.0170619033457601,0.0170505270090351,0.00558367227743306,0.00751299062999087,0.00341284985479361,0.00697401543769973,0.00173101429878341,0.00890912243421018
ENSMFAG00000041280,ENSMFAG00000041280,-0.310871374542429,-0.309865032917715,-0.333753865837283,-0.332878247482399,-0.347462534995545,-0.330663433403141,-0.34712383050441,-0.328545093031653,0.0370397888235298,0.0363816535656968,0.0146868384346892,0.0163819745798842,0.00883927270357744,0.0175254195218046,0.0067960785514305,0.0175173733428903
ENSMFAG00000044766,PIP5K1C,0.300515639659869,0.315185355048753,0.334331098566529,0.354450687544625,0.360459752557061,0.370574826274822,0.372143483203396,0.302263111190506,0.0436601210979574,0.0338045920768131,0.0145801155227271,0.0114473065203449,0.00644756673581331,0.00867804840624493,0.00381864171854778,0.0306930145995599
ENSMFAG00000031215,ZFR2,0.317188080483068,0.316851518053593,0.33266201797116,0.324034598195357,0.346562648553178,0.320014951027401,0.342741898832277,0.333152290919324,0.0330400605243008,0.0328516982168705,0.0149734561399637,0.0195312000332664,0.00905471458564141,0.021375246302522,0.00758523831464325,0.015939707903911
ENSMFAG00000000254,UBXN6,0.327153867499103,0.318392436193581,0.33719684389906,0.321919786862499,0.334509159784124,0.325045808534869,0.347172484846327,0.333821646113538,0.0279589984023904,0.0324258672343055,0.0137396673878244,0.0203865845419683,0.0119112422215947,0.0193016412271833,0.00678680842681996,0.015751259106752
ENSMFAG00000031298,SEMA6B,0.352872298627676,0.370608171598574,0.412748294822804,0.410235958707556,0.435328791006702,0.410541000688579,0.462567205177842,0.387745029825779,0.0191964687648129,0.0164175645567561,0.00435681777039735,0.00511570966344384,0.00171250667909282,0.00533869860211975,0.000935379952755783,0.00634181003681771
ENSMFAG00000038754,PLIN3,-0.316917295126892,-0.307738578656035,-0.345195931503172,-0.331561244486315,-0.362340337667206,-0.329246448560936,-0.365596627623177,-0.347680958756547,0.0331711695869869,0.0379954775350883,0.0117527298923546,0.016911910638563,0.00617537407503647,0.0180273183863358,0.00440189075052077,0.0120457096953734
ENSMFAG00000044973,HSD11B1L,0.373572965422979,0.377193374238953,0.418335171572056,0.406655827578605,0.434955176401046,0.396086015823381,0.438831232068582,0.407899429138817,0.0140842565678575,0.0149553459013828,0.00419657492896836,0.00521284988941853,0.00171777018068416,0.00610929962654093,0.00113406659720671,0.00468904280675455
ENSMFAG00000039503,SLC25A23,0.366951404915843,0.357490022046312,0.375801099128723,0.382444077524705,0.3917663967862,0.37444194057549,0.375055678416872,0.367553510400885,0.0156134915847035,0.0197697116964416,0.00710705572625609,0.00741655547999142,0.00356719930444211,0.00818989909834324,0.00360597557128402,0.00874522526516621
ENSMFAG00000039721,ZNF557,-0.31974396830407,-0.316269983418083,-0.353872699461544,-0.35337657195327,-0.362866030484001,-0.338735654811482,-0.372233644122237,-0.356918729947324,0.0314796457603475,0.0330929498115969,0.0101515090319573,0.0116544140118745,0.00611258350270951,0.0150732191412043,0.00381864171854778,0.0103611925117022
ENSMFAG00000013072,CTXN1,0.400142994967991,0.396576566499997,0.424676660066747,0.413058178109667,0.431056724559442,0.397196591861363,0.434270993877171,0.420224558642907,0.00991060119903743,0.013075043767625,0.00374742528908521,0.00500537280302822,0.00180091321081704,0.00610929962654093,0.00119712884541069,0.00416508628863503
ENSMFAG00000035810,PRR36,0.340764475380609,0.336688933547477,0.365719433794683,0.353012717917558,0.366539254355296,0.335434899209846,0.38075353679376,0.363930453621273,0.0225787597830768,0.0252548786737916,0.00835095568744045,0.0117383555876532,0.00565473109183742,0.0159149267948875,0.00316445600810064,0.00916400857428259
ENSMFAG00000032475,CDKN2D,0.353599708314602,0.372188500400613,0.411611266840576,0.409310203991663,0.432453137778483,0.408178751015729,0.457158894264679,0.382519871653402,0.0189287829800352,0.0159663714206521,0.00436710958928809,0.00511570966344384,0.00176897889857384,0.00533869860211975,0.00107330588674465,0.00681980417226744
ENSMFAG00000036898,CARM1,0.337184177806699,0.34802879431736,0.38363522349698,0.379085471994341,0.393492762913926,0.36792633171972,0.423814144421528,0.38574021388488,0.0237990065942378,0.0222238948413968,0.00633012295641881,0.00751299062999087,0.00344542261320149,0.0093190091080758,0.00136543120434327,0.00658466928770666
ENSMFAG00000022939,ZNF627,-0.370338135447117,-0.375142192163117,-0.368826692489439,-0.361981755927515,-0.358354220206774,-0.36716079497352,-0.374034417409684,-0.360767182300242,0.0148043748412809,0.0156445114466601,0.00791083663756295,0.0101063737095969,0.006741489336494,0.00933282319660507,0.0036862791103038,0.00964244240420623
ENSMFAG00000001870,ZNF20,-0.323839381275522,-0.337273217378537,-0.349098567735607,-0.359906143545811,-0.373393512121141,-0.354268750440786,-0.37993321639925,-0.332306566419897,0.0290768655811032,0.0251099040105115,0.0110700031424953,0.0104291620137967,0.00491923239569404,0.0115529411908604,0.00323306681131285,0.0162173260858806
ENSMFAG00000037531,TNPO2,0.315454496214862,0.33081135722762,0.366735956544423,0.362294281902129,0.378705262361459,0.357259594484263,0.410069822188198,0.352154347845642,0.0340652847222487,0.0274076919373608,0.008226418917827,0.0100172916371923,0.00453526797553355,0.0110251870442562,0.00173101429878341,0.0111607716813789
ENSMFAG00000043969,CC2D1A,0.33361605582848,0.350517012175796,0.380420776019627,0.381308456263702,0.39580282296551,0.384300229546602,0.429100918192179,0.368118847446687,0.0254214057789352,0.0214889719013142,0.00662426400065755,0.00749325055713321,0.00334117997388463,0.00698374293358834,0.00132504794224281,0.00870825265107414
ENSMFAG00000038013,IL27RA,0.347763458760775,0.361859696989016,0.407021118219045,0.397938825099878,0.424599556131096,0.401567872155854,0.455411364289135,0.387729598298721,0.0205781712244744,0.0188794746751781,0.00464161409316462,0.00594596400800248,0.00207761325572891,0.00585917447550472,0.00107330588674465,0.00634181003681771
ENSMFAG00000039935,PALM3,0.302598542420306,0.310529788123451,0.32690144729563,0.34126749565854,0.346207938733014,0.356171495297305,0.351803807040721,0.317465444085591,0.0423309940188833,0.035866420265906,0.0167729351602327,0.0140023916853148,0.00909450261511166,0.0112239979877686,0.00602702641030596,0.0224569980323176
ENSMFAG00000002180,ADGRL1,0.369467276487294,0.402415222463929,0.436291893900726,0.442619185208632,0.459224011885484,0.462266633587394,0.503169610192739,0.397815471632705,0.0149646135333295,0.0120523458016359,0.00359425061993855,0.00316759070269595,0.00128657508622616,0.00261036282397465,0.000555678160747994,0.00543178444035054
ENSMFAG00000035483,ZNF333,-0.314771059629056,-0.329256446553574,-0.366588010834817,-0.356426299944985,-0.376147227718656,-0.36322302577625,-0.396019727520947,-0.349066521307453,0.0345792730096928,0.0282091385350778,0.00825628677624948,0.0109970336554896,0.00471743065171146,0.0100596695681952,0.00233433827851761,0.0117617418079769
ENSMFAG00000003076,SLC1A6,0.330467741385898,0.345223463999066,0.390198159876594,0.3775401141377,0.404046842961401,0.385507649289916,0.445036046928455,0.370563158429068,0.0266732521353732,0.0226790550684383,0.00560804775409567,0.00763640491769139,0.00285007200262508,0.00687822542893513,0.00113406659720671,0.0085148084546877
ENSMFAG00000030806,BRD4,0.318040313284312,0.338580433775508,0.366499485769781,0.374059370349917,0.379178469984238,0.363549824932588,0.41056038714322,0.360331934776964,0.0325361374012957,0.024779828007957,0.00825628677624948,0.00800256723950312,0.00449742461398411,0.0100557522760877,0.00171138874407674,0.00965209089880923
ENSMFAG00000039188,CYP4F11,-0.355902529176674,-0.356022201261715,-0.369834891448234,-0.366650052737769,-0.383086908555778,-0.370673754219775,-0.368478748499516,-0.35138643881374,0.0180554075958403,0.0199834793612846,0.00778024025824075,0.00932477492667296,0.00417157856881922,0.00867804840624493,0.00413427997251634,0.0113429435519613
ENSMFAG00000034490,ENSMFAG00000034490,0.334001635972481,0.361668395550355,0.384710257260629,0.390295749741118,0.394453602702123,0.377346276186079,0.422926628827185,0.3614317560789,0.025113379637731,0.0188794746751781,0.00620047767835111,0.00651196656280408,0.00341284985479361,0.00785240097865445,0.00139676539222235,0.00955427784915996
ENSMFAG00000039324,DDA1,0.300987221878008,0.301521048185383,0.340457441855695,0.331446381359797,0.34220922694626,0.312619201791986,0.356092570609921,0.333380604505076,0.0433577268486539,0.0424314428577975,0.0128979661028576,0.0169450202288718,0.0100044577313995,0.0250668458429407,0.00548222573147101,0.0158704909125356
ENSMFAG00000039483,MAP1S,0.358665462186135,0.361025352989791,0.380188174954431,0.379439169433632,0.388136844662416,0.372837652339615,0.399387373452724,0.368104482715898,0.0174491869640912,0.0190145387911683,0.00664713780029393,0.00751299062999087,0.00375446797225004,0.00847336650365794,0.00215632314434754,0.00870825265107414
ENSMFAG00000034366,JAK3,0.376383623243701,0.35703785428419,0.371947424160053,0.354414356087091,0.36806505083852,0.33440297354615,0.36215278249406,0.403503312215633,0.0135366767010101,0.0197697116964416,0.00739170870934259,0.0114492769837684,0.00551767450790941,0.0162141738023456,0.00478861580950065,0.00485947759688039
ENSMFAG00000042756,CCDC124,0.341043012829038,0.343807051674205,0.350293671706592,0.354499371362438,0.355721729996418,0.347680125199207,0.355362059395204,0.339337991435277,0.0225681336753869,0.0234089360393931,0.0108082928176934,0.0114473065203449,0.00714612888981059,0.0131854214493038,0.00558713258366037,0.0140871919778517
ENSMFAG00000040625,MAST3,0.326598563324435,0.340518512318765,0.383526050108467,0.389924030001794,0.407532411725135,0.374641098285476,0.421435981427322,0.365331829371104,0.0281623232785259,0.024259145635989,0.00633012295641881,0.00651196656280408,0.00268865646569985,0.00818989909834324,0.00144128617938813,0.00898177040977446
ENSMFAG00000041433,SSBP4,0.330001950395708,0.329035050539209,0.361867229148495,0.353560082933307,0.38109700963278,0.334632125654859,0.378843509396294,0.349139720969958,0.0267886368557034,0.0282091385350778,0.00882259094985194,0.011651860928568,0.00430080043211812,0.0162024351901063,0.00331852731752841,0.0117617418079769
ENSMFAG00000045477,ENSMFAG00000045477,0.306776676359353,0.334709531132362,0.37631794739855,0.369816704497444,0.388554882688037,0.376954653580714,0.44294905146884,0.345501925050402,0.0392846683965551,0.0259927914547417,0.00698330261994887,0.00886188437929334,0.00371030306912003,0.00788910268591659,0.00113406659720671,0.0125712436981053
ENSMFAG00000045375,CRTC1,0.380184493214998,0.377616345477192,0.409262961880423,0.408951704400531,0.418660486542503,0.400853621646907,0.427778110289457,0.392471984171314,0.0127269313471705,0.0148671243905822,0.00450614822747283,0.00511570966344384,0.00225152724489699,0.00585917447550472,0.00133051292084478,0.00588796707231721
ENSMFAG00000021112,ENSMFAG00000021112,0.376219005118796,0.380936452102994,0.404288507743464,0.417664813682705,0.433065329143325,0.417127318316812,0.42184989845418,0.386633192584255,0.0135366767010101,0.0143876404493387,0.0046552939317405,0.00460068736716546,0.00176897889857384,0.00482863426350878,0.00142781320984675,0.00647682552133459
ENSMFAG00000039103,ENSMFAG00000039103,0.366174117709989,0.358531768205974,0.373255680185977,0.383530110407012,0.399143705261253,0.372448138513155,0.371783073678314,0.368967382929641,0.0157526728954724,0.0197673751555277,0.00726750535470054,0.00730050885070024,0.00306959932131744,0.00848601295488194,0.00383288325549587,0.00865226943060681
ENSMFAG00000046087,GMIP,0.446467750505546,0.40919675918484,0.412811607188838,0.40812359261086,0.420738874487018,0.386970598954165,0.378366329755109,0.440358457387042,0.00584922726323227,0.0120523458016359,0.00435681777039735,0.00511570966344384,0.00215427275939704,0.00672240605502025,0.00335766774514155,0.00336301435624351
ENSMFAG00000040852,ENSMFAG00000040852,0.346228913722353,0.333500347879378,0.325825420229048,0.337747252116167,0.338204635491314,0.322541940235005,0.306496976820716,0.361088494944203,0.020995974258991,0.0263099524334031,0.0172008395689361,0.0148349728846305,0.0109522320047642,0.0201968661543539,0.0175392603824983,0.0096203813039883
ENSMFAG00000042298,ENSMFAG00000042298,0.321246170937381,0.325169052557581,0.352064435109188,0.355443084429342,0.374262781304453,0.347244464074304,0.381504816919912,0.356313276929604,0.0307622905056357,0.0299646680982696,0.0105015513610462,0.0111669262479613,0.00485653611055572,0.0132176983496539,0.0031302166331137,0.0104642006103102
ENSMFAG00000046574,ENSMFAG00000046574,0.30851236836608,0.320062170951226,0.352381129187614,0.351951239946186,0.37531174816011,0.358725072088117,0.396010542915354,0.346849002642066,0.0381568126319816,0.0319266485496209,0.0104700160290949,0.0119353174626887,0.00480846378340167,0.0107109545841921,0.00233433827851761,0.0123140389314953
ENSMFAG00000007358,PLEKHF1,-0.380565512991702,-0.378957802219945,-0.398116817691839,-0.388752739924422,-0.406605150101988,-0.389618160649921,-0.427921352833408,-0.405446181903282,0.0127269313471705,0.014612967581957,0.00519211666773893,0.00662341315696237,0.00272243938406226,0.00653374676847562,0.00133051292084478,0.00468904280675455
ENSMFAG00000042864,ZNF536,-0.308117764692858,-0.311289985598746,-0.350469078231076,-0.335391077043333,-0.361381882887663,-0.334395686828443,-0.388695004885382,-0.352818838870265,0.0383922060179283,0.0355459433540563,0.0107730370618278,0.0155137065695176,0.00634139151848262,0.0162141738023456,0.00261408091274752,0.0110439382279312
ENSMFAG00000030329,ANKRD27,-0.364974244256175,-0.361430717166461,-0.374473329741337,-0.375391594058177,-0.387563303213953,-0.343014636575456,-0.368989523230392,-0.401914107306044,0.0161925924912873,0.0189116802351297,0.00715313402636332,0.00793055028860209,0.00379763796370682,0.0140720472730537,0.00409371252053058,0.00488933662046314
ENSMFAG00000030089,RGS9BP,-0.33050552169683,-0.329317181314702,-0.353720964931006,-0.351828831873408,-0.365073156902015,-0.337805302241858,-0.352647840022413,-0.357338242909576,0.026666956645086,0.0281946221089372,0.0101842215460353,0.0119353174626887,0.00585584394491261,0.0152309982760467,0.00591942148793253,0.0102587011692505
ENSMFAG00000002286,SLC7A9,-0.330793476565017,-0.317053642192159,-0.347607547241536,-0.334170314025285,-0.357931513061952,-0.329186065211955,-0.353333485005694,-0.353457545805735,0.0265036924110893,0.0327836905950248,0.0112837813826353,0.0159194793622571,0.0067943506452722,0.018036983239606,0.00585626239313728,0.0109815702397446
ENSMFAG00000041182,HPN,-0.307671115303745,-0.311325830414268,-0.352746554766325,-0.347254811873409,-0.377475247225975,-0.34632806527326,-0.397358277483818,-0.351848958469238,0.0386483322884461,0.0355459433540563,0.0103884149136316,0.0130360455892013,0.00460206560413644,0.0133553068848775,0.00225877328923123,0.0112214453820196
ENSMFAG00000035898,ENSMFAG00000035898,0.346007871211514,0.329591901195784,0.353266255691116,0.345113966923549,0.36667981274805,0.359511178570121,0.369163684494916,0.366894978475798,0.0210749562371238,0.0281659556763715,0.0102541071774267,0.0133819350502909,0.00564530115366297,0.0105609671193638,0.00407105286249725,0.00885429011603353
ENSMFAG00000003950,CD22,-0.35937757380181,-0.343888611248512,-0.38476254836664,-0.369081297302832,-0.402321912499665,-0.369638638682676,-0.396777249777048,-0.383538919222502,0.0172467078374972,0.0234070571256787,0.00620047767835111,0.00888746799197092,0.0029035061749192,0.008940193539567,0.00230161554894037,0.00674598201739516
ENSMFAG00000014904,FFAR1,-0.358409144452324,-0.347840925951152,-0.376292932359216,-0.366368827546193,-0.379430576609455,-0.355269589827907,-0.380707859723916,-0.384701598622998,0.0174720265333955,0.0222238948413968,0.00698330261994887,0.00932888301640586,0.00447800435034681,0.0113398458606158,0.00316445600810064,0.00661427496604062
ENSMFAG00000044096,CLIP3,0.314909292385816,0.326137147717529,0.356348853249395,0.353224855974908,0.359981101964208,0.34236260764458,0.393072668324438,0.350670473232573,0.0345278557818973,0.0295710349172985,0.00969313699022673,0.011711789991242,0.00653952807836992,0.0142490445244496,0.00243184179764221,0.0114904943924395
ENSMFAG00000043630,ZNF793,0.34768306079963,0.339910871110359,0.374607843468271,0.367793280724731,0.385300118895185,0.352707526121791,0.37539226511874,0.380937725688389,0.0205781712244744,0.0243963718470887,0.00715313402636332,0.00910271072374853,0.00396926028668186,0.0118913270995896,0.00359604328080674,0.00704388013324314
ENSMFAG00000032919,ZNF571,0.366487735577199,0.355310064915877,0.394688849771033,0.386426253048537,0.414807320287715,0.382629398930058,0.393821336324055,0.401366308242313,0.0156352973961922,0.020065619142241,0.00531837133109845,0.00694085699355744,0.00239372102866415,0.00720107007508745,0.00242106892762574,0.00495299955065031
ENSMFAG00000039415,ZNF540,0.399534470067277,0.38274746814918,0.405809092395657,0.397649594141472,0.418552033806989,0.392726112678915,0.396585104529715,0.427880678843911,0.00991060119903743,0.0143876404493387,0.00464161409316462,0.00594596400800248,0.00225152724489699,0.00644647398137181,0.00230882696164571,0.00407677128083624
ENSMFAG00000037792,SIPA1L3,0.375728481372297,0.381133997508002,0.412350045937203,0.414978991093944,0.423607796422974,0.43491599268292,0.439666528681221,0.399206908241625,0.0135988490118719,0.0143876404493387,0.00436710958928809,0.00484959952602194,0.00207836329665903,0.00389785553487244,0.00113406659720671,0.00533977567631512
ENSMFAG00000042304,DPF1,0.377807428728677,0.384375950781372,0.41731486021879,0.409235904524463,0.430090602797911,0.405316462808567,0.450916865267558,0.410817053322274,0.0131174467252699,0.0143876404493387,0.00423470309501476,0.00511570966344384,0.00185369640688262,0.0054728150782726,0.00111052079015429,0.00442106501535597
ENSMFAG00000040188,PPP1R14A,-0.341103901262776,-0.32265510759374,-0.355755648237825,-0.342869037525146,-0.376621455342165,-0.340807704281525,-0.363467464055308,-0.367665603863657,0.0225681336753869,0.030601053302609,0.00982712375079155,0.0137047030343468,0.00465549065081368,0.0145795833094921,0.00465644520212053,0.00874522526516621
ENSMFAG00000031637,SPRED3,0.354013873373434,0.351458353563568,0.377486217043345,0.363427291924578,0.389595090741046,0.346577860048948,0.381460090472789,0.385789716691199,0.0187798779507169,0.0214559438385436,0.00691452963489165,0.00987266568116777,0.00366821711166488,0.0133487544715591,0.00313133997327938,0.00658466928770666
ENSMFAG00000001335,LRFN1,0.325733919082617,0.346746864909784,0.38485084748166,0.381489093342716,0.40362348538323,0.387064783738317,0.440751134531152,0.353100214086348,0.0286031016701764,0.0222238948413968,0.00620047767835111,0.00749325055713321,0.00285007200262508,0.00672240605502025,0.00113406659720671,0.0110225434964241
ENSMFAG00000035753,SAMD4B,0.401964494646028,0.393681375135505,0.419873524275876,0.41505788513052,0.426343925382149,0.408818037268318,0.424054140034467,0.421863075734323,0.00970277396239592,0.0133847110622312,0.00406176755166096,0.00484959952602194,0.00200319506406815,0.00533869860211975,0.00136543120434327,0.00416508628863503
ENSMFAG00000044241,MED29,0.319721861190972,0.335043194568039,0.373570843525106,0.363357132370456,0.388194941316134,0.360373726874426,0.425907368072057,0.360728099477355,0.0314796457603475,0.0259651957156218,0.00725229561428914,0.00987266568116777,0.00375148688148958,0.0104452904414988,0.0013576993537440401,0.00964244240420623
ENSMFAG00000038707,SUPT5H,0.313251022561876,0.319423892737382,0.32484585211339,0.334982295648712,0.326374200117807,0.328459036507859,0.333071065873711,0.320631282528289,0.0355573435377962,0.0321799460339258,0.0176340799260724,0.0156545941307501,0.0142306539075572,0.0181938049893784,0.00955902033768307,0.0209883828612106
ENSMFAG00000031315,PLD3,0.325550470133899,0.342518231187019,0.389629327795707,0.388687205925134,0.403996259062241,0.387596616517102,0.441574970424284,0.365962269158825,0.0286031016701764,0.0237873014418639,0.00563036723907288,0.00662341315696237,0.00285007200262508,0.00668292898684881,0.00113406659720671,0.00889914681507409
ENSMFAG00000030784,LIPE,-0.31047729161236,-0.302505348522241,-0.342034994599696,-0.329339904974831,-0.362530310196367,-0.327691154035654,-0.371864983982757,-0.344077362291542,0.0372617111141271,0.0416306456855375,0.0125144876092767,0.0175641213524099,0.00614440198605185,0.0184252416954184,0.00383288325549587,0.0128258252299602
ENSMFAG00000032067,PPP1R37,0.317716440066458,0.327665050689032,0.340936107140995,0.354962508065942,0.373472268661519,0.35099942303019,0.363122402753494,0.321755770591426,0.0328001948068192,0.0287321368722675,0.0128346358100362,0.0112688972623839,0.00491915109160702,0.0122255571177927,0.00467873525441867,0.0204462956596744
ENSMFAG00000009032,QPCTL,0.300391018947027,0.319004043885341,0.355835244171961,0.340901984853783,0.35973971664274,0.332790888227749,0.402212679117716,0.334633900274953,0.0437130607443177,0.0322017307335285,0.00981841327539354,0.0140819246733407,0.00654361819847649,0.0168563813175173,0.00200835214496349,0.015479117821058
ENSMFAG00000033696,ENSMFAG00000033696,0.32884554196556,0.340244116365967,0.383003613557743,0.373638829758345,0.399946506087945,0.364211546805592,0.417620871687051,0.359239014560348,0.0271639870819248,0.0243963718470887,0.00640492098155745,0.00810807652320029,0.0030541801654016,0.00994729514920254,0.00150977439093755,0.00982012298530016
ENSMFAG00000029984,PNMA8C,0.345906192120975,0.346313132633971,0.329947747165355,0.329611028266655,0.330627345036061,0.337734101807373,0.321231698093491,0.330759613928174,0.0210851254849412,0.0222238948413968,0.0158416157854854,0.0175423830245176,0.0129863170725939,0.0152309982760467,0.0126601377996541,0.0167220052955506
ENSMFAG00000035539,ENSMFAG00000035539,0.318830389356959,0.336215183531685,0.363824392784348,0.369823070928729,0.382139275396312,0.374556129854681,0.405899336756834,0.346926695435159,0.0319365354420616,0.025423936292649,0.00859300580444826,0.00886188437929334,0.00425092423509216,0.00818989909834324,0.00187722744301943,0.0122983022854454
ENSMFAG00000036156,CALM3,0.322043430794441,0.3393909778921,0.365450327112191,0.362598833508763,0.376849702330166,0.361978591102729,0.402532030460378,0.338170971950145,0.0302766716890609,0.0245583473277733,0.00839534516431446,0.00997440168120431,0.00463074077460623,0.0101861179944051,0.00200835214496349,0.0144661281016344
ENSMFAG00000041192,ARHGAP35,0.385494999900246,0.406847032862582,0.436074040358747,0.450534790515662,0.466727209621337,0.463294922757564,0.501808924022281,0.426978109120613,0.0122389940070168,0.0120523458016359,0.00359425061993855,0.00295507918739082,0.000989888136387945,0.00261036282397465,0.000555678160747994,0.00407677128083624
ENSMFAG00000037527,SLC8A2,0.328787035377226,0.346706644629649,0.377046797510057,0.377353966806523,0.400755999719101,0.365192817837737,0.425534072945237,0.367406763858094,0.0271639870819248,0.0222238948413968,0.00693179129783044,0.00763640491769139,0.00300444372964835,0.00972919764369099,0.00135773904268038,0.00875620055565224
ENSMFAG00000008705,ZNF541,0.370631398813983,0.359127140865649,0.395105690892405,0.380827147803838,0.413563010196657,0.375980635495091,0.400055397249954,0.394089223547309,0.0147900784240596,0.0197673751555277,0.00531837133109845,0.00749325055713321,0.002456599030116,0.00798921251747845,0.00213783051772466,0.00571879174289046
ENSMFAG00000045265,ZSWIM9,0.323584750100085,0.341904967619206,0.360571414443262,0.365365398075925,0.376388040136739,0.367367396929188,0.388909080908357,0.338846831810235,0.0292331730711422,0.0238036325343797,0.00899027209878341,0.00950068462124415,0.00467409185814622,0.00933282319660507,0.00260315708494485,0.0142646097275547
ENSMFAG00000031618,GRIN2D,0.318475378399965,0.322834883987066,0.362207831800654,0.352006508054984,0.375358315920993,0.366448140190284,0.397838406643881,0.343134569864117,0.0322630024363001,0.0305236751027651,0.00876311196405102,0.0119353174626887,0.00480509321560414,0.00942761258128619,0.0022330412671684,0.0130003921749324
ENSMFAG00000031826,LMTK3,0.394395971003757,0.405799659816227,0.432174225828906,0.433211582765147,0.44983955874989,0.436745288925722,0.461255049490742,0.41052797465623,0.0105065781336148,0.0120523458016359,0.00359425061993855,0.00359290699993284,0.00137248984612157,0.00389785553487244,0.000937812032154637,0.00445277376674378
ENSMFAG00000003432,CA11,0.404002705585126,0.400476528699194,0.427907137529577,0.429623260701471,0.452789772190368,0.405787936178942,0.424361502267818,0.415670094272253,0.00970277396239592,0.0124349908190985,0.00359425061993855,0.00369342722108385,0.00130273996711491,0.00540327322979825,0.00136543120434327,0.00435002102653989
ENSMFAG00000036766,PRR12,0.309258953590251,0.323383479753309,0.362024974613681,0.356752694536932,0.370851864130481,0.357939604291824,0.408626788327237,0.340626710503637,0.0377467653567589,0.0303283438105209,0.00878861392183476,0.0109315596175366,0.00519807735094199,0.0109213412451591,0.00177315614993392,0.0136400433705939
ENSMFAG00000031020,SCAF1,0.351431278800671,0.368169883379844,0.394715848967588,0.402541870861843,0.413126018837009,0.416496177310916,0.441372168798898,0.366304552851277,0.0196739371785933,0.0170136512776368,0.00531837133109845,0.00556546264970992,0.00247710750280599,0.00482863426350878,0.00113406659720671,0.00887971791593918
ENSMFAG00000002877,ZNF473,-0.364447732526012,-0.359056788535228,-0.397691733699088,-0.379037242034482,-0.402671256887174,-0.375578910498639,-0.419766745897882,-0.393770084060626,0.0163823958471423,0.0197673751555277,0.00522718531214678,0.00751299062999087,0.00289054378562001,0.00803924927899115,0.00146569436471677,0.00571879174289046
ENSMFAG00000036984,LRRC4B,0.318911225213749,0.337802913164206,0.364285187110688,0.377436095689969,0.38270200030054,0.378039447506794,0.384447038556739,0.326213796051218,0.0318734360409775,0.0250575569399872,0.00849573251506391,0.00763640491769139,0.00419904192888919,0.00781563121972411,0.00290232783774503,0.0184351776340921
ENSMFAG00000031048,SHANK1,0.308268575991013,0.326090733202737,0.369958802361231,0.367437327386324,0.387110969525113,0.371196877729523,0.423811355042755,0.350427972314033,0.0383483620268187,0.0295710349172985,0.00777869365242435,0.00916674003762741,0.00382460577118796,0.00867804840624493,0.00136543120434327,0.0115253802702322
ENSMFAG00000004023,KLK6,-0.32399719052382,-0.3124397819849,-0.353970244756734,-0.339908982910014,-0.376012377293356,-0.336953965909262,-0.371620749756748,-0.350003028125426,0.0290475427962065,0.0351358419013193,0.0101385897064967,0.0143042751804254,0.00472614120366981,0.0154468824987493,0.00384228659010793,0.011581556832622
ENSMFAG00000002696,ZNF577,-0.313000896300006,-0.322448482787045,-0.343458383177478,-0.34205330491294,-0.348401892700535,-0.332193652117506,-0.328811292512572,-0.335925417117572,0.0357170525477197,0.0306249291659222,0.0121285863139836,0.0137704816493291,0.00863649332130836,0.0170200986986916,0.0106059200386249,0.0151358724028429
ENSMFAG00000045470,ZNF649,-0.303560259187095,-0.31315415883869,-0.318659682025894,-0.310320568055926,-0.321931544449957,-0.307692262678735,-0.321163265193797,-0.310197715722373,0.0416189506592301,0.0347475490612088,0.0203855011684053,0.0258693773360647,0.0156924465061825,0.0276327657800093,0.0126817809410899,0.0261995672583996
ENSMFAG00000007100,ZNF613,-0.307692224362709,-0.324696937323266,-0.347389359126208,-0.349424748428284,-0.363096743919494,-0.337639668908614,-0.378429647631418,-0.327526790827762,0.0386483322884461,0.0301383096160223,0.0112837813826353,0.0124549901554649,0.00607770709579997,0.0152309982760467,0.00335766774514155,0.0178871324368808
ENSMFAG00000030933,ENSMFAG00000030933,-0.381981701836894,-0.388102689069909,-0.40480192403924,-0.394763288553715,-0.418161237388749,-0.400845942108044,-0.417607020708085,-0.373691106734302,0.0124569360905761,0.0139736147847816,0.00464161409316462,0.00608898145304985,0.002256516365642,0.00585917447550472,0.00150977439093755,0.00808960580834129
ENSMFAG00000042553,PRKCG,0.321079304090131,0.328521818807152,0.372272400678789,0.366453780013784,0.388477036412663,0.368884299878392,0.411522795736362,0.364637817151321,0.0308794473450243,0.028400095391335,0.00738009322961657,0.00932888301640586,0.00371030306912003,0.0091151031800302,0.00169583427735449,0.00907844995282794
ENSMFAG00000033188,CACNG8,0.382223436887006,0.382865613798648,0.375009607057091,0.395802384298151,0.382865834843128,0.404176608350843,0.35855741802353,0.359427026755941,0.0124569360905761,0.0143876404493387,0.00715313402636332,0.00599306729313274,0.00418433173786169,0.00559954830701566,0.00519744109355092,0.00977549996151407
ENSMFAG00000007314,ENSMFAG00000007314,0.387775940079126,0.393059201261878,0.378567135319237,0.397306126419274,0.386215449752403,0.406700654316044,0.373626348634505,0.360088764443613,0.0117275963545515,0.0133847110622312,0.00685979759162952,0.00594596400800248,0.00389286954893822,0.00533869860211975,0.00372297793079142,0.00967728233167786
ENSMFAG00000033219,CACNG6,0.364356368093705,0.354811345675202,0.378748772905228,0.382199726699794,0.389527923804597,0.394767328553265,0.384734891373743,0.368255455628767,0.0163823958471423,0.020286637408629,0.00685014197669055,0.00745600886310454,0.00366821711166488,0.00622259449660448,0.0028823284730712,0.00870825265107414
ENSMFAG00000033459,ENSMFAG00000033459,0.307343131974552,0.318422325517352,0.365049426547229,0.351464756109285,0.374253512549192,0.353210884412328,0.406937153606155,0.349402049771865,0.0388023559279653,0.0324258672343055,0.00844062692414025,0.0120117216645081,0.00485653611055572,0.0118399053926551,0.00184454917477446,0.0117611454938415
ENSMFAG00000002989,SYT5,0.315628338537476,0.335557441908875,0.371300057148574,0.360292260290449,0.378381370138372,0.35425865057157,0.423251786167399,0.352643825416721,0.0339122024442655,0.0257210835886035,0.00748874707008709,0.01038220124864,0.00455628809967109,0.0115529411908604,0.00138404112566513,0.0110439382279312
ENSMFAG00000044603,HSPBP1,0.352956345597996,0.364775303523208,0.393799769921874,0.386041596009867,0.402841942991863,0.388150310844503,0.424857440060888,0.372115253016924,0.0191964687648129,0.0181675085145476,0.00537228219028971,0.00701012409823523,0.00288956743402517,0.00659693746278081,0.00136543120434327,0.00829798842031721
ENSMFAG00000035927,ZNF579,0.324857658561205,0.333230935080565,0.337859129783253,0.334444412382176,0.334704121057593,0.325203426416813,0.359617617771693,0.329641916100937,0.0288349117827934,0.0263822765395282,0.0136283207557388,0.0158362959871647,0.0118645910392488,0.0192828518538163,0.00508172350114173,0.0170565801572547
ENSMFAG00000046310,EPN1,0.333273732053963,0.346523691482917,0.371279877399338,0.381116795201781,0.389942367944753,0.37355352529859,0.405964917786895,0.344595231145622,0.0255200861098038,0.0222238948413968,0.00748874707008709,0.00749325055713321,0.00366755886367246,0.0084174628885656,0.00187722744301943,0.0127188609860111
ENSMFAG00000000918,ZNF71,0.318805918556951,0.326116681466905,0.36216015437059,0.353482812852293,0.385258000975097,0.361464601812187,0.395357506198296,0.33778153173145,0.0319365354420616,0.0295710349172985,0.00876311196405102,0.0116544140118745,0.00396998261562679,0.010259107971376,0.0023524463728027,0.0145598277576955
ENSMFAG00000003853,ZNF132,-0.309223977035982,-0.323332075706167,-0.348585402419162,-0.349235576829141,-0.35636844891135,-0.350494491182326,-0.385831412627541,-0.335901165473134,0.0377488635111187,0.0303283438105209,0.0111413323595381,0.0124873905674194,0.00704429884345364,0.0123617458235928,0.0027973939749493,0.0151358724028429
ENSMFAG00000034341,IQCG,-0.347545457666362,-0.323175427302527,-0.340500026300684,-0.33018219949647,-0.353596875832449,-0.32768546568974,-0.317976260046538,-0.347738331682567,0.0205781712244744,0.0303801561175806,0.0128979661028576,0.0173807359126904,0.00756724145572525,0.0184252416954184,0.0136698688408718,0.0120434225145769
ENSMFAG00000042086,ENSMFAG00000042086,0.335828629615651,0.340005834198511,0.336408910069812,0.345928598779744,0.335085099829125,0.32974035093582,0.328835793345906,0.350379232430309,0.0242507175028086,0.0243963718470887,0.0139889498515394,0.0132690388525185,0.0117891728803148,0.017810966476218,0.0106032086476685,0.0115351289975179
ENSMFAG00000042091,RTN4RL1,0.384791311689668,0.38881796312012,0.421182823339541,0.419252773936974,0.445898770759067,0.412872194786248,0.450197595976905,0.408749626054378,0.0123441210686102,0.0139736147847816,0.00395128240768182,0.00449310750583743,0.00144457868667197,0.00510501973175375,0.00111052079015429,0.00468904280675455
ENSMFAG00000030682,RTP5,0.32090812763499,0.338975897776987,0.381701554368683,0.377258020872531,0.391907783002413,0.388886278979295,0.447754155685534,0.371135281408032,0.0309708783087993,0.0246546918583077,0.00648783535401574,0.00763640491769139,0.00355696884444095,0.00657184606716834,0.00113406659720671,0.00843709623687382
ENSMFAG00000014834,ENSMFAG00000014834,0.419449409586441,0.390832002723652,0.405520544188556,0.404586765484221,0.424417803592596,0.395896131564135,0.366719801460499,0.407245421568959,0.00847617198139287,0.0139354657844546,0.00464161409316462,0.00545861067289417,0.00207836329665903,0.00611240475755148,0.00426721355086113,0.00468904280675455
ENSMFAG00000036850,GSTK1,-0.374226729112653,-0.37974240679937,-0.416675017549191,-0.408692401077407,-0.437159672230084,-0.403862762753805,-0.450263070293152,-0.415043026438124,0.0139680943369061,0.0143876404493387,0.00423470309501476,0.00511570966344384,0.00165922715504036,0.00561695728870209,0.00111052079015429,0.00435002102653989
ENSMFAG00000042061,TMEM139,-0.330022972969489,-0.328228000809541,-0.348668209697436,-0.350008319008273,-0.36968241237404,-0.363659625065719,-0.38280275390214,-0.335770042154019,0.0267886368557034,0.0285134799308156,0.0111413323595381,0.0123530770393612,0.0053272499251508,0.0100557522760877,0.0030155645449528,0.0151606675268324
ENSMFAG00000007238,GLTP,-0.34550557360547,-0.319343293458035,-0.343664620353183,-0.319307399479144,-0.345053242534781,-0.322561613530038,-0.338697994314118,-0.352016426128842,0.0211695473656764,0.0321872228722562,0.0120833087496808,0.0214694262744738,0.00934841571149838,0.0201957995416647,0.00839275080758278,0.0111712773974359
ENSMFAG00000035777,AGFG2,0.343688002413868,0.355616538013729,0.36882067034723,0.371104275100267,0.369564160807156,0.363540721173021,0.402925841788286,0.348314126510927,0.0218101077842618,0.0199834793612846,0.00791083663756295,0.00865199943624175,0.00534822543530562,0.0100557522760877,0.0019977251687582,0.0118812903713026
ENSMFAG00000042104,ENSMFAG00000042104,-0.326458557768656,-0.313984060284623,-0.355020104720392,-0.337571697700523,-0.373202202043769,-0.337847191531125,-0.375423949078976,-0.350537883774863,0.0282474641395809,0.0344050069618502,0.00998579294427998,0.0148840618741662,0.00494171688760461,0.0152309982760467,0.00359466434209495,0.011513149662977
ENSMFAG00000040716,TSSK6,-0.352577835915747,-0.35093651944668,-0.374772336493939,-0.366414556861752,-0.382129234667217,-0.363945372791471,-0.404247041709629,-0.382954614671674,0.0192384280287236,0.0214889719013142,0.00715313402636332,0.00932888301640586,0.00425092423509216,0.010020735855636,0.00194008651301848,0.00681274729706292
ENSMFAG00000002990,LAMB3,0.331943670035106,0.32396454523198,0.3538553502189,0.337902678239767,0.359877794011115,0.353080010398426,0.367449813378054,0.352249107141971,0.0259045845168546,0.0302003368492532,0.0101515090319573,0.0148238201838755,0.00654361819847649,0.0118419458974514,0.00418081965083254,0.0111374759773743
ENSMFAG00000004849,SLC33A1,-0.337064021902804,-0.339906169996644,-0.376742945133431,-0.368838603897315,-0.383462396140817,-0.370923627920715,-0.392792884942748,-0.35536574908458,0.0237990065942378,0.0243963718470887,0.00693179129783044,0.00894680286200058,0.00412774337405479,0.00867804840624493,0.00245124795794778,0.0106371513900796
ENSMFAG00000032367,DBNL,0.309910744268816,0.314659176327906,0.335297305269735,0.335095853588484,0.350081257581361,0.33502553138848,0.358981916004733,0.324489810074037,0.0376151864786229,0.0340683582426133,0.0142712032204305,0.0156254195489255,0.00825037583412708,0.0160149910159637,0.00515547416269328,0.0191275583087696
ENSMFAG00000042263,VSTM2B,0.360266244478901,0.381818052418372,0.426115955252585,0.421999788728829,0.441933751200547,0.425562701639956,0.48587687917423,0.405314897345341,0.0170619033457601,0.0143876404493387,0.00370921047422509,0.00430771363531475,0.00154951809363773,0.00446003746818047,0.00062700957908818,0.00468904280675455
