Unnamed: 0,age2,age3,age4,age5,age6,age7,age8,aggregate,Gene name
ENSMFAG00000039202_PNCK,7.727085,8.030376,9.656526,8.31416,8.868937,9.182417,11.227057,8.820466,PNCK
ENSMFAG00000002708_DOK4,7.691517,7.73497,9.426781,8.379931,8.885157,9.638383,10.367809,8.392459,DOK4
ENSMFAG00000040311_TMEM130,6.429127,7.222663,9.448429,7.98619,8.822409,9.578662,12.449113,7.891118,TMEM130
ENSMFAG00000030653_L1CAM,6.433319,7.32106,9.195159,7.74459,8.527919,9.285285,12.277067,7.805181,L1CAM
ENSMFAG00000035907_CRIP2,6.968338,7.330136,9.517329,7.645877,8.437298,8.744475,11.647402,7.945371,CRIP2
ENSMFAG00000044973_HSD11B1L,7.651819,7.837717,8.938597,8.358661,8.691638,9.050453,9.756274,8.356775,HSD11B1L
ENSMFAG00000006791_CHCHD6,7.627402,7.601658,8.982619,8.239929,8.56867,9.330996,9.347815,7.758554,CHCHD6
ENSMFAG00000038013_IL27RA,7.625363,7.439423,8.735488,8.097604,8.376376,9.112688,9.066637,7.952822,IL27RA
ENSMFAG00000030805_CORO1A,6.488213,6.929604,9.080851,7.596913,8.416471,8.653237,10.761848,7.617728,CORO1A
ENSMFAG00000002494_CEP170B,8.063478,7.878486,8.611884,7.849064,7.962978,8.702741,8.691429,7.948463,CEP170B
ENSMFAG00000003076_SLC1A6,6.690031,7.263728,8.718481,7.521054,8.053781,8.945788,10.142341,7.494582,SLC1A6
ENSMFAG00000045552_AMZ1,6.558355,7.182328,8.574343,7.667377,8.310212,8.703723,10.199166,7.591583,AMZ1
ENSMFAG00000035398_STUM,6.664423,7.159844,8.457238,7.359308,8.006711,8.270653,10.262026,7.766746,STUM
ENSMFAG00000031217_DOC2A,6.96953,7.272815,8.517042,7.191542,7.655998,8.147913,10.265508,7.236459,DOC2A
ENSMFAG00000044895_BEGAIN,7.221095,7.238551,7.972155,7.90102,8.227102,8.259069,8.734271,7.96865,BEGAIN
ENSMFAG00000031298_SEMA6B,7.784105,7.626005,8.224796,7.516405,7.634511,8.409047,8.342525,7.700165,SEMA6B
ENSMFAG00000000465_AGAP2,6.540317,6.878384,8.284115,7.67576,8.250008,8.382325,9.302529,7.542397,AGAP2
ENSMFAG00000031347_SYT17,6.446511,6.914721,8.162132,7.050514,7.53176,7.966471,9.551891,7.338114,SYT17
ENSMFAG00000043088_BAIAP2,6.713478,7.082687,7.979706,7.692662,8.042711,7.714483,8.279637,7.873381,BAIAP2
ENSMFAG00000000466_PRKCD,5.954105,6.495408,8.319399,7.211202,7.715627,8.235342,9.489462,7.079493,PRKCD
ENSMFAG00000042590_KCNQ2,7.727325,7.343281,7.826776,7.150133,7.237641,7.818797,7.84937,7.370667,KCNQ2
ENSMFAG00000037062_PFKL,6.984985,6.865761,7.811657,7.283967,7.588338,7.783492,8.392578,7.15928,PFKL
ENSMFAG00000042546_RBP4,5.999982,6.396217,7.992404,7.238802,7.96416,7.742943,9.272244,7.683256,RBP4
ENSMFAG00000043929_NUDT10,6.291995,6.755377,7.83196,6.792973,7.396255,7.659211,9.828068,7.34318,NUDT10
ENSMFAG00000002756_CYP46A1,6.089061,6.113793,7.725083,7.584696,8.29352,7.72488,8.874099,7.358902,CYP46A1
ENSMFAG00000033459_LOC107126380,5.769899,6.264934,8.105285,6.868097,7.481722,7.746066,9.918473,6.886377,LOC107126380
ENSMFAG00000042304_DPF1,7.002579,7.064885,7.774511,6.807828,6.956719,7.816182,8.536545,6.774184,DPF1
ENSMFAG00000000803_SP5,6.866705,6.885036,7.692776,6.761342,7.136862,7.550582,8.770262,7.200005,SP5
ENSMFAG00000044081_ANKRD63,5.997702,6.414072,7.821899,6.958184,7.680636,7.383915,9.301861,7.065387,ANKRD63
ENSMFAG00000025968_FIGNL2,6.923607,6.791862,7.626154,6.846912,7.308178,7.615504,8.423378,6.923723,FIGNL2
ENSMFAG00000042263_VSTM2B,6.645979,6.952256,7.613596,6.859786,7.162372,7.777146,7.854408,6.839019,VSTM2B
ENSMFAG00000037713_MTA3,5.656263,6.277147,7.497647,6.54701,7.263054,7.659018,9.928791,7.00974,MTA3
ENSMFAG00000034526_CACNA1H,6.760436,6.769454,7.88876,6.622902,6.951858,7.50812,7.913109,6.591817,CACNA1H
ENSMFAG00000031651_LARP1,5.553576,6.200575,7.666143,6.810129,7.353383,7.789228,8.879458,6.523192,LARP1
ENSMFAG00000044581_TMEM132A,6.138527,6.705576,7.430539,6.716706,7.08513,7.455995,8.678121,6.842156,TMEM132A
ENSMFAG00000002426_EXOC3L4,6.887098,6.684763,7.491857,6.939627,7.068798,7.356851,7.764678,6.837038,EXOC3L4
ENSMFAG00000043993_KIF17,7.032023,6.671557,7.162229,6.836153,7.030849,7.624171,7.772132,6.859276,KIF17
ENSMFAG00000044241_MED29,5.773844,6.165827,7.531301,6.825883,7.263567,7.901628,8.660431,6.819286,MED29
ENSMFAG00000036907_PTPRF,5.767109,6.009622,7.302497,6.887969,7.60805,7.544202,8.677617,7.154859,PTPRF
ENSMFAG00000042082_PID1,6.487071,6.539752,7.686069,6.877429,7.144084,6.962282,7.971408,6.90239,PID1
ENSMFAG00000043754_CMTM4,7.197405,6.599923,7.371932,6.683221,6.8854,7.279731,7.579679,6.976511,CMTM4
ENSMFAG00000001634_ATP9A,5.823693,6.156723,7.369576,6.455898,6.88191,8.021371,8.678705,6.151479,ATP9A
ENSMFAG00000032206_DLG4,6.636409,6.452889,7.065454,7.00485,7.185287,7.434319,7.555496,6.793279,DLG4
ENSMFAG00000042553_PRKCG,5.759104,6.058044,7.68685,6.646586,7.173315,7.508008,8.442183,6.598273,PRKCG
ENSMFAG00000034582_AGAP3,6.066799,5.965329,7.139463,6.739257,7.131095,7.386283,8.352169,6.404911,AGAP3
ENSMFAG00000017458_SSTR4,6.315906,6.122797,7.444104,6.582123,6.99488,7.171019,8.022935,6.794498,SSTR4
ENSMFAG00000040164_CNR1,6.944392,6.650724,7.358886,6.472947,6.69596,7.325324,7.187676,6.743693,CNR1
ENSMFAG00000037531_TNPO2,6.004021,6.391773,7.018596,6.374779,6.733586,7.444207,8.563259,6.253525,TNPO2
ENSMFAG00000040762_FADS3,5.99038,6.390279,7.30487,6.258846,6.746055,7.018883,8.709078,6.559046,FADS3
ENSMFAG00000030169_KCNJ12,6.149247,6.408757,7.209347,6.519682,6.832393,7.311809,7.650675,6.702645,KCNJ12
ENSMFAG00000037763_NBL1,6.203416,6.344116,7.212767,6.454025,6.577263,7.331732,7.841226,6.320504,NBL1
ENSMFAG00000031045_DNAJA4,6.635078,6.409994,7.28315,6.388226,6.639928,6.676411,7.879558,6.910969,DNAJA4
ENSMFAG00000040208_PRRG3,5.583525,6.229879,7.024649,6.320611,6.826636,7.166241,8.752128,6.4161,PRRG3
ENSMFAG00000040673_FAM92B,6.436843,6.32313,7.165452,6.378578,6.710517,7.063505,7.653528,6.544203,FAM92B
ENSMFAG00000034196_PKLR,5.89279,6.114949,7.270565,6.104037,6.69379,7.010721,8.635851,6.602039,PKLR
ENSMFAG00000036236_AMIGO2,6.626404,6.297061,7.116794,6.40642,6.572686,6.843949,7.85136,6.551724,AMIGO2
ENSMFAG00000030682_RTP5,6.093387,6.197569,6.942406,6.374099,6.722297,7.294376,7.678388,6.453585,RTP5
ENSMFAG00000044960_PDE2A,5.714726,6.069263,7.025612,6.614228,7.070731,6.949471,7.828986,6.224226,PDE2A
ENSMFAG00000042536_DTNBP1,5.776169,6.064606,6.9878,6.682946,7.090686,6.828028,7.735266,6.601461,DTNBP1
ENSMFAG00000045033_SLIT1,5.91902,6.220457,6.944154,6.390007,6.681508,6.911493,7.952175,6.245358,SLIT1
ENSMFAG00000039306_SEPTIN3,6.098548,6.262594,7.221045,6.243928,6.566838,6.702067,7.814424,6.302106,SEPTIN3
ENSMFAG00000003384_MAPT,5.609001,6.125334,7.002107,6.647233,6.934328,6.891458,7.69789,6.48973,MAPT
ENSMFAG00000035344_BCAR1,5.532138,6.146013,7.004315,6.51788,6.911498,6.616219,7.994442,6.428812,BCAR1
ENSMFAG00000031687_SDCBP2,5.89101,6.013484,7.262536,6.197804,6.897015,6.611119,7.816551,6.25239,SDCBP2
ENSMFAG00000039075_GRM1,5.850062,5.925654,6.79385,6.563339,7.030436,6.573531,7.861898,6.736283,GRM1
ENSMFAG00000042158_CDH4,5.773708,6.088489,7.092819,6.5234,6.8817,6.683594,7.548425,6.501578,CDH4
ENSMFAG00000034043_EFNB2,6.427029,5.979417,6.891099,6.410849,6.664595,6.799362,7.38555,6.685292,EFNB2
ENSMFAG00000031475_VSTM2L,6.546541,6.365792,6.670712,6.340986,6.485893,6.694871,7.316384,6.356567,VSTM2L
ENSMFAG00000037994_IQSEC2,6.426006,6.406031,6.764776,6.569774,6.644367,6.603618,6.812879,6.616251,IQSEC2
ENSMFAG00000001442_MAFG,5.82831,6.051797,6.843256,6.361466,6.649029,7.008536,7.258609,6.33421,MAFG
ENSMFAG00000028460_ADGRB2,6.383123,6.589797,6.786892,6.318516,6.390281,6.663688,6.755406,6.395893,ADGRB2
ENSMFAG00000034644_WNT1,5.399341,5.535176,6.760943,6.291627,6.856831,6.627506,8.303944,6.355968,WNT1
ENSMFAG00000038642_WDR13,6.122574,6.105136,6.613238,6.577169,6.603028,6.777655,6.948301,6.698778,WDR13
ENSMFAG00000038378_VPS37D,5.471266,5.842388,6.922326,6.228603,6.59139,6.76964,7.877665,6.128608,VPS37D
ENSMFAG00000030405_ENSMFAG00000030405,6.02568,6.007022,6.942823,6.089868,6.370166,6.828078,7.304988,6.34226,ENSMFAG00000030405
ENSMFAG00000039462_CCNF,5.935348,5.997141,6.623446,6.49464,6.633077,6.782086,6.998782,6.491107,CCNF
ENSMFAG00000023923_ENSMFAG00000023923,5.966276,6.039101,6.582902,6.45126,6.699327,6.614189,7.040543,6.6271,ENSMFAG00000023923
ENSMFAG00000043567_C11orf95,5.799792,5.885068,6.909803,6.001492,6.480619,6.626065,7.611457,6.079851,C11orf95
ENSMFAG00000003657_GP1BB,5.603736,6.133987,6.804182,6.336905,6.644138,6.485451,7.303802,6.259267,GP1BB
ENSMFAG00000038644_RTN4RL2,5.523542,6.02307,6.799409,6.052837,6.393301,6.902111,7.444113,5.812185,RTN4RL2
ENSMFAG00000038449_ADAMTS8,5.689192,5.900724,6.813391,5.888931,6.248609,6.672279,7.904144,5.977351,ADAMTS8
ENSMFAG00000034487_TPM3,5.922891,5.779348,6.845667,6.03638,6.38344,6.531444,7.602908,5.868612,TPM3
ENSMFAG00000036847_ARF3,5.117909,5.397383,6.853415,5.888562,6.503802,6.872747,8.458663,5.734373,ARF3
ENSMFAG00000034566_ACTR3B,5.460056,5.675704,6.777981,6.275098,6.622538,6.694467,7.511101,6.213734,ACTR3B
ENSMFAG00000039583_NPTX2,5.567955,5.933699,6.643873,6.310652,6.631316,6.79709,7.109673,5.9318,NPTX2
ENSMFAG00000001257_TMEM54,5.565018,5.705489,6.687971,5.977748,6.239253,6.923885,7.85039,5.654265,TMEM54
ENSMFAG00000038059_JPH4,6.058914,6.044823,6.662621,6.337019,6.537315,6.36364,6.845649,6.408744,JPH4
ENSMFAG00000043912_EHBP1L1,5.532825,5.560596,7.036252,6.064912,6.5899,6.608031,7.40537,5.999362,EHBP1L1
ENSMFAG00000007623_KCNA3,6.218458,5.975463,6.444665,6.008928,6.361577,6.309976,7.334176,6.226826,KCNA3
ENSMFAG00000031048_SHANK1,5.57707,5.869261,6.429348,6.504319,6.771031,6.511488,6.965453,6.318109,SHANK1
ENSMFAG00000001770_PSD3,6.418864,6.141973,6.642727,6.09698,6.22448,6.246363,6.621638,6.522396,PSD3
ENSMFAG00000014166_LOC102118953,5.191051,5.480466,6.500029,5.867547,6.234128,6.966626,7.941558,5.95102,LOC102118953
ENSMFAG00000041003_GAP43,5.774334,5.70582,6.665874,5.863414,6.136227,6.712818,7.249017,5.751708,GAP43
ENSMFAG00000042021_FKBP1A,5.183412,5.653855,6.676473,5.814026,6.261599,6.436527,8.026006,5.713356,FKBP1A
ENSMFAG00000036898_CARM1,5.857959,5.85732,6.743589,6.109358,6.345958,6.374892,6.746554,6.243554,CARM1
ENSMFAG00000039714_MAN1A1,5.381396,5.778096,6.60764,6.218215,6.493228,6.275985,7.262612,6.544879,MAN1A1
ENSMFAG00000040736_GPSM1,5.919743,5.814171,6.386122,6.031254,6.183888,6.68617,6.986304,6.165971,GPSM1
ENSMFAG00000013072_CTXN1,5.81593,5.84873,6.419629,6.046386,6.207511,6.492332,7.163793,5.706078,CTXN1
ENSMFAG00000037368_PLXNA1,6.258096,5.918489,6.596315,5.793029,5.943332,6.42264,7.018357,5.807616,PLXNA1
ENSMFAG00000031315_PLD3,5.457339,5.663488,6.495434,6.128292,6.472354,6.612349,7.046211,5.837204,PLD3
ENSMFAG00000039840_SLC6A7,5.896596,5.962268,6.747622,5.686151,5.900578,6.469806,7.111149,5.595012,SLC6A7
ENSMFAG00000039290_ZNRF1,5.16176,5.497329,6.708703,6.033839,6.407908,6.633247,7.288251,5.877317,ZNRF1
ENSMFAG00000032000_GPC1,6.034128,6.171607,6.691841,5.785064,5.978292,6.457712,6.594537,5.898252,GPC1
ENSMFAG00000040625_MAST3,5.471344,5.799421,6.316963,6.406928,6.620177,6.25939,6.772676,6.157841,MAST3
ENSMFAG00000045774_CISD3,5.869716,5.82611,6.230721,6.135012,6.261646,6.463219,6.852462,5.813274,CISD3
ENSMFAG00000035417_PIP4K2B,5.972789,5.960419,6.169887,5.698233,5.872202,6.511733,7.291856,5.644146,PIP4K2B
ENSMFAG00000042025_MTCH1,5.055466,5.326787,6.390027,5.72215,6.052273,6.559998,8.129716,5.52803,MTCH1
ENSMFAG00000023144_KIF26B,5.788672,5.757556,6.438218,6.069706,6.320188,6.375364,6.381399,6.17113,KIF26B
ENSMFAG00000030473_AP1S1,5.714926,5.380047,6.300838,6.119284,6.329722,6.365763,6.899854,5.632011,AP1S1
ENSMFAG00000042131_SUV39H1,5.656045,5.544876,6.231116,5.841704,6.089327,6.53781,7.175793,5.570819,SUV39H1
ENSMFAG00000032478_AZIN2,5.608006,5.6062,6.423063,6.019918,6.209473,6.3676,6.831902,5.949514,AZIN2
ENSMFAG00000001140_NEURL1,6.029308,5.67889,6.342898,6.005438,6.169568,6.292799,6.46492,5.857173,NEURL1
ENSMFAG00000041410_SHISAL1,5.525838,5.757624,6.537461,5.706268,6.226565,5.837228,7.293299,6.299373,SHISAL1
ENSMFAG00000000583_EXOC7,5.54412,5.59429,6.22828,5.656702,5.916596,6.500535,7.35141,5.509559,EXOC7
ENSMFAG00000034083_NUDT14,5.07471,5.40022,6.448445,5.764372,6.104767,6.494472,7.490883,5.523743,NUDT14
ENSMFAG00000043796_GOLM1,5.742541,5.585692,6.190134,5.904816,6.17899,6.333298,6.80631,6.346179,GOLM1
ENSMFAG00000035599_IQANK1,5.234671,5.401239,6.291776,6.171218,6.442146,6.479949,6.706515,5.878542,IQANK1
ENSMFAG00000002881_KIF3C,5.988373,5.619356,6.213553,5.888449,6.071431,6.24096,6.510702,5.754346,KIF3C
ENSMFAG00000036390_STX1A,5.668559,5.608182,6.448174,5.982606,6.34215,5.754596,6.589741,6.029048,STX1A
ENSMFAG00000032555_FKBP9,5.70731,5.693563,6.010395,5.67986,5.845074,6.423284,7.008786,5.903245,FKBP9
ENSMFAG00000005894_KISS1R,5.56741,5.42295,6.661792,5.785432,6.048023,6.001257,6.806276,5.85896,KISS1R
ENSMFAG00000002989_SYT5,5.135207,5.574513,6.364641,5.768448,6.03619,6.10076,7.307414,5.588135,SYT5
ENSMFAG00000002228_C1QL1,5.56333,5.681112,6.197277,5.9214,6.128527,6.351196,6.436039,5.767888,C1QL1
ENSMFAG00000015230_HTR1A,5.473783,5.594508,6.269519,5.624927,5.861153,6.375575,6.812349,5.726966,HTR1A
ENSMFAG00000031486_FAM110C,6.21732,5.766093,6.324699,5.659813,5.709692,6.127013,6.155177,5.92256,FAM110C
ENSMFAG00000043969_CC2D1A,5.779148,5.504653,6.003765,5.935031,6.100343,6.031014,6.433825,5.906997,CC2D1A
ENSMFAG00000010460_LZTS1,6.254966,5.848634,6.21689,5.479117,5.515155,6.227633,6.244658,5.568468,LZTS1
ENSMFAG00000000282_PSD,5.93105,5.438118,6.057694,5.895427,6.032851,5.956128,6.440023,5.641986,PSD
ENSMFAG00000039102_PDE6B,5.467177,5.613243,6.176301,5.793061,5.973597,6.095178,6.577682,5.817669,PDE6B
ENSMFAG00000036381_PACSIN1,5.936776,5.637901,6.013492,5.891541,5.874355,6.061316,6.126298,5.770178,PACSIN1
ENSMFAG00000037687_ENSMFAG00000037687,5.897854,5.62598,6.133799,5.693321,5.8037,5.912478,6.374315,6.048544,ENSMFAG00000037687
ENSMFAG00000031365_RTN1,5.228095,5.271709,6.066338,5.656098,5.871753,6.287875,6.921059,5.440265,RTN1
ENSMFAG00000003246_NPDC1,5.854122,5.713554,6.139694,5.63345,5.720428,6.063623,6.161888,5.492255,NPDC1
ENSMFAG00000031728_PIP5KL1,5.629406,5.569574,6.49424,5.366269,5.6254,6.12061,6.390344,5.443135,PIP5KL1
ENSMFAG00000041884_ST6GALNAC5,5.449711,5.052604,6.031904,5.984557,6.30772,5.913584,6.356055,6.114007,ST6GALNAC5
ENSMFAG00000033092_PALM,5.74626,5.352503,5.986948,5.778397,5.810853,5.955478,6.443559,5.734293,PALM
ENSMFAG00000040277_LASP1,5.404127,5.568735,6.021609,5.510093,5.739056,6.110217,6.706603,5.486404,LASP1
ENSMFAG00000000154_SGSM2,5.659343,5.31715,5.889682,5.454749,5.679452,6.172112,6.82873,5.406293,SGSM2
ENSMFAG00000032759_DYRK2,4.886535,5.138763,5.79453,5.686427,6.08624,6.449286,6.878379,5.481844,DYRK2
ENSMFAG00000034992_ENSMFAG00000034992,6.084202,5.45026,6.266693,5.412366,5.605756,5.900081,6.042095,5.89716,ENSMFAG00000034992
ENSMFAG00000042176_FFAR4,5.55744,5.428502,6.084832,5.592161,5.826125,5.895435,6.314249,6.211742,FFAR4
ENSMFAG00000044046_CREM,5.536528,5.327281,6.077829,5.53528,5.757595,6.011907,6.435648,5.843562,CREM
ENSMFAG00000009198_TTYH3,5.544372,5.817846,5.952956,5.729722,5.847127,5.679381,6.063153,5.788842,TTYH3
ENSMFAG00000033696_DMWD,5.189732,5.313606,6.117887,5.766044,5.999388,5.639609,6.15214,5.810533,DMWD
ENSMFAG00000032764_CMAS,4.610552,4.824311,5.907397,5.715033,6.004548,6.333658,6.716378,5.613341,CMAS
ENSMFAG00000030287_SMIM10,5.085968,5.294999,5.772274,5.653327,5.841705,6.256519,6.190826,5.456654,SMIM10
ENSMFAG00000003240_FKBP1B,5.340673,5.425788,6.083535,5.358246,5.581492,5.960514,6.275344,5.175131,FKBP1B
ENSMFAG00000042179_SIRPA,5.569524,5.561144,5.760306,5.527645,5.672621,5.676586,6.256579,5.330952,SIRPA
ENSMFAG00000031637_SPRED3,5.495874,5.36987,6.209487,5.58461,5.774263,5.609148,5.939953,5.690987,SPRED3
ENSMFAG00000001080_ARHGEF9,5.314816,5.297044,6.017717,5.522667,5.759031,5.927301,6.068088,5.466386,ARHGEF9
ENSMFAG00000035539_PNMA8B,5.322955,5.247321,5.869026,5.365533,5.527106,5.553026,6.59861,5.403869,PNMA8B
ENSMFAG00000030923_VXN,5.695871,5.46021,6.002175,5.295291,5.367715,5.673058,5.971021,5.303419,VXN
ENSMFAG00000003280_FBXL16,5.568319,5.331845,5.667981,5.584968,5.662867,5.604372,5.955166,5.547659,FBXL16
ENSMFAG00000042398_KCNG3,5.549498,5.183796,5.671076,5.418282,5.824056,5.784836,5.89239,5.882411,KCNG3
ENSMFAG00000041700_ACTN2,5.551897,5.238554,6.0254,5.21846,5.383651,5.725376,6.162197,5.224664,ACTN2
ENSMFAG00000028800_SH3GLB2,5.468959,5.185321,5.651437,5.489355,5.558428,5.772708,5.966437,5.236213,SH3GLB2
ENSMFAG00000041403_GRASP,5.468584,5.455851,5.674277,5.507938,5.560486,5.592673,5.727537,5.321819,GRASP
ENSMFAG00000038117_SEPT5,5.762139,5.430868,5.519104,5.4785,5.433492,5.561317,5.779955,5.516096,SEPT5
ENSMFAG00000032061_GUCY1A1,4.918953,5.136771,5.572409,5.513377,5.736374,5.661615,6.365786,5.60796,GUCY1A1
ENSMFAG00000032475_CDKN2D,5.256842,5.120175,5.771736,5.526735,5.572759,5.666189,5.974392,5.565278,CDKN2D
ENSMFAG00000001076_DNAH5,5.443356,5.224554,5.778434,5.268724,5.48113,5.485999,6.206213,5.472104,DNAH5
ENSMFAG00000003816_GABRA3,5.006725,5.161225,5.838607,5.184193,5.443383,5.722673,6.404283,5.532753,GABRA3
ENSMFAG00000032164_MN1,5.576127,5.391279,5.70076,5.168962,5.202954,5.825913,5.854333,5.32489,MN1
ENSMFAG00000002820_FAM184B,5.604307,5.299443,5.850847,5.196383,5.400029,5.680675,5.67701,5.369103,FAM184B
ENSMFAG00000004617_AHDC1,5.274983,5.360385,5.641574,5.434682,5.549954,5.457189,5.95096,5.463066,AHDC1
ENSMFAG00000001426_RAPGEFL1,5.180254,5.568011,5.772759,5.220571,5.383899,5.585758,5.915447,5.221658,RAPGEFL1
ENSMFAG00000003675_SNX32,4.547575,4.92378,5.562068,5.401706,5.870666,5.640206,6.623452,5.37124,SNX32
ENSMFAG00000001518_PIANP,5.249367,5.317386,5.995506,5.229388,5.409116,5.514537,5.813536,5.148425,PIANP
ENSMFAG00000033712_SVOP,5.599106,5.333414,5.595141,5.198501,5.199409,5.584133,6.006801,5.157508,SVOP
ENSMFAG00000043847_ANKRD33,5.179639,4.92079,5.735075,5.504443,5.649698,5.628613,5.795803,5.531011,ANKRD33
ENSMFAG00000034276_TSPYL2,5.263208,5.232387,5.519767,5.389464,5.711429,5.307312,5.838003,5.60655,TSPYL2
ENSMFAG00000042983_CELF4,4.908813,4.90369,5.500845,5.427309,5.710493,5.533895,6.267655,5.642663,CELF4
ENSMFAG00000009032_QPCTL,4.539606,4.799365,5.601387,5.276534,5.610449,5.666498,6.753074,5.118743,QPCTL
ENSMFAG00000042307_MYO1G,4.672044,5.074151,5.559638,5.384107,5.610399,5.430714,6.436581,5.642471,MYO1G
ENSMFAG00000022450_SMIM10L2B,5.737885,5.313754,5.601998,5.073761,5.159274,5.554265,5.688716,5.06958,SMIM10L2B
ENSMFAG00000042911_FBXO41,5.278676,5.238955,5.627609,5.253661,5.343828,5.480348,5.847015,5.178406,FBXO41
ENSMFAG00000025612_NEUROD6,5.399647,5.091869,6.017621,4.928473,5.075944,5.499651,5.987094,4.885512,NEUROD6
ENSMFAG00000030344_LOC102119359 ,4.930876,4.99491,5.563032,5.110705,5.333388,5.70535,6.347866,4.832573,LOC102119359 
ENSMFAG00000040533_ICOSLG,5.150972,5.117142,5.697721,5.379236,5.558548,5.431169,5.643165,5.181574,ICOSLG
ENSMFAG00000040804_CHL1,5.503794,4.993883,5.474284,5.140109,5.337536,5.303498,6.097936,5.943361,CHL1
ENSMFAG00000045888_GRM2,5.620331,5.449506,5.682725,4.929924,4.956684,5.503114,5.69036,4.961039,GRM2
ENSMFAG00000038734_TTC6,5.164033,4.924004,5.68003,5.097086,5.362434,5.530994,6.049675,5.631665,TTC6
ENSMFAG00000045996_NECTIN1,4.964774,4.964922,5.650648,5.218571,5.412453,5.360298,5.953549,5.318643,NECTIN1
ENSMFAG00000045477_TMEM59L,4.74248,4.987936,5.57014,5.13081,5.316452,5.549947,6.184965,4.963683,TMEM59L
ENSMFAG00000038009_ABO,5.491524,5.024767,5.679897,5.024054,5.111644,5.377252,5.700042,5.075264,ABO
ENSMFAG00000039537_LOC101866867,5.006486,4.874812,5.478666,5.150211,5.452663,5.450563,5.9487,5.278731,LOC101866867
ENSMFAG00000040536_TNFAIP2,4.893329,4.673823,5.340097,5.350928,5.588445,5.604399,5.895285,5.168823,TNFAIP2
ENSMFAG00000030866_HTR1E,5.025116,4.807325,5.497352,5.195692,5.458671,5.521654,5.69745,5.30268,HTR1E
ENSMFAG00000038207_FREM3,5.461926,4.878126,5.41778,5.137249,5.251845,5.226796,5.707299,5.334059,FREM3
ENSMFAG00000044282_TCF15,5.325628,5.067876,5.47553,4.960241,5.170298,5.528221,5.544538,5.099143,TCF15
ENSMFAG00000032789_PDXP,4.916882,4.782843,5.417195,5.294398,5.397458,5.294148,5.961335,5.248541,PDXP
ENSMFAG00000002160_SPINDOC,4.702552,4.765394,5.301652,5.180376,5.392154,5.466998,6.144287,4.997773,SPINDOC
ENSMFAG00000039619_MADD,4.790192,4.922433,5.305351,5.251165,5.413462,5.416366,5.685363,4.910518,MADD
ENSMFAG00000021979_RTP1,5.315731,4.957972,5.530153,4.810717,4.907834,5.457757,5.736142,4.7957,RTP1
ENSMFAG00000001244_PCGF3,4.988677,4.782129,5.272864,5.127494,5.263284,5.478086,5.641073,5.172753,PCGF3
ENSMFAG00000039580_NYAP1,5.066092,4.904595,5.305808,5.166779,5.224558,5.257217,5.593147,5.228467,NYAP1
ENSMFAG00000041475_SMIM1,4.876347,4.724926,5.527075,5.017835,5.210643,5.308715,5.789956,4.991474,SMIM1
ENSMFAG00000033138_AJM1,5.344988,5.130876,5.374862,4.940869,4.948199,5.217335,5.474446,4.939054,AJM1
ENSMFAG00000044023_TMED8,5.073793,4.953975,5.292626,4.974575,5.158616,5.312941,5.661593,4.834073,TMED8
ENSMFAG00000043768_DRC1,4.881074,4.840539,5.457026,4.814396,5.099016,5.086247,6.249716,4.922759,DRC1
ENSMFAG00000043879_BAG2,4.587528,4.702661,5.34079,5.151357,5.424857,5.361542,5.85036,5.419075,BAG2
ENSMFAG00000033993_CHD5,5.270482,4.908126,5.359425,4.912933,4.965409,5.327004,5.606333,4.95037,CHD5
ENSMFAG00000041506_YDJC,5.143328,4.901415,5.294976,5.089749,5.162294,5.133665,5.578044,5.066971,YDJC
ENSMFAG00000031618_GRIN2D,4.954048,5.116195,5.32065,5.165122,5.229747,5.147616,5.352061,5.334153,GRIN2D
ENSMFAG00000034060_LSS,4.338388,4.704882,5.427818,4.85708,5.134192,5.454525,6.277522,4.725156,LSS
ENSMFAG00000044289_NAV3,4.78073,4.819117,5.261895,5.034903,5.255981,5.08715,5.946559,5.400227,NAV3
ENSMFAG00000037527_SLC8A2,4.787848,5.013132,5.272667,5.074449,5.23672,5.01408,5.656113,5.115253,SLC8A2
ENSMFAG00000042972_FAM136A,4.614641,4.568191,5.300153,4.926902,5.083196,5.414872,5.972282,4.802399,FAM136A
ENSMFAG00000030547_PSRC1,4.695542,4.708428,5.232011,5.138665,5.29718,5.222296,5.530968,5.050773,PSRC1
ENSMFAG00000003274_MRTFB,4.843096,4.628369,5.155935,5.234302,5.460841,4.837063,5.63705,5.773001,MRTFB
ENSMFAG00000002392_SHISA2,5.032917,4.832905,5.140276,4.931222,5.141909,5.190044,5.487003,4.869395,SHISA2
ENSMFAG00000030817_KCNT2,5.361131,4.774288,5.386005,4.846654,4.962458,5.00722,5.401731,5.235064,KCNT2
ENSMFAG00000041363_ATP2C2,4.744887,4.774482,5.258018,5.00892,5.181396,5.149567,5.59013,5.004394,ATP2C2
ENSMFAG00000039268_CPNE5,4.299523,4.934823,5.138618,4.754202,4.963628,5.231553,6.346879,4.691878,CPNE5
ENSMFAG00000033407_GJA3,4.600223,4.588921,5.183716,5.232935,5.504067,4.793304,5.639486,5.509926,GJA3
ENSMFAG00000002072_PCDH8,5.1652,4.941355,5.128851,4.987197,5.140748,5.098808,5.004479,5.275892,PCDH8
ENSMFAG00000029744_SPRN,5.052689,4.888717,5.18711,4.861431,4.855127,5.223072,5.30284,4.792093,SPRN
ENSMFAG00000030978_TRPV2,4.788581,4.787719,5.336591,4.610769,4.93277,4.83853,6.007458,4.636621,TRPV2
ENSMFAG00000037016_ROBO1,4.864935,4.538966,5.257415,4.777016,5.034392,5.073801,5.68441,5.008498,ROBO1
ENSMFAG00000032128_TSPOAP1,4.672113,4.678407,5.0916,5.070897,5.224498,4.9649,5.466138,5.016419,TSPOAP1
ENSMFAG00000042363_VWA3B,4.501128,4.77948,5.391482,4.709652,4.967202,5.235667,5.569655,4.657922,VWA3B
ENSMFAG00000036853_RNF215,4.869479,4.803803,5.152769,4.933828,4.961908,4.996127,5.425817,5.090984,RNF215
ENSMFAG00000006394_ELFN1,5.043512,4.949566,5.076582,4.806156,4.907186,5.088162,5.244235,4.78986,ELFN1
ENSMFAG00000041353_ENSMFAG00000041353,4.643386,4.482696,5.176726,4.892598,5.161868,5.015154,5.733402,5.0438,ENSMFAG00000041353
ENSMFAG00000044454_LY6E,4.657598,4.387905,5.077823,5.035798,5.229976,5.097329,5.531506,4.619111,LY6E
ENSMFAG00000000328_SLC30A3,4.656082,4.773591,5.100936,4.794803,4.923616,5.187736,5.491339,4.603112,SLC30A3
ENSMFAG00000047041_ENSMFAG00000047041,4.397682,4.295367,4.874918,5.025447,5.417157,5.145206,5.709546,5.104726,ENSMFAG00000047041
ENSMFAG00000031845_NOL4,4.658552,4.542077,5.011778,4.918422,5.116829,4.777101,5.626285,5.487035,NOL4
ENSMFAG00000032211_DGKZ,4.736669,4.732314,5.040645,4.82063,4.865164,5.004929,5.450241,4.684905,DGKZ
ENSMFAG00000001850_USP20,4.303271,4.637319,5.017498,4.780559,4.894466,5.062818,5.935553,4.668638,USP20
ENSMFAG00000044501_BCR,4.651222,4.458496,4.906427,5.044003,5.2873,5.000818,5.176644,4.872357,BCR
ENSMFAG00000000918_ZNF71,4.59031,4.650445,5.089665,4.826638,4.968823,4.996039,5.36828,4.954084,ZNF71
ENSMFAG00000033621_SYNPO,4.822042,4.689376,4.983208,4.922703,4.989611,4.935029,5.106335,4.82294,SYNPO
ENSMFAG00000041433_SSBP4,4.74148,4.482694,5.093831,4.918329,5.093115,4.802084,5.194596,4.752166,SSBP4
ENSMFAG00000010454_LRRN2,4.638783,4.758099,5.189741,4.576526,4.751294,4.94025,5.4523,4.517345,LRRN2
ENSMFAG00000031909_SPRED1,4.462526,4.446079,4.874749,4.985743,5.134441,4.942554,5.371277,4.929638,SPRED1
ENSMFAG00000004536_GPR68,4.191535,4.430311,4.875071,5.039555,5.255777,5.042493,5.359504,4.832599,GPR68
ENSMFAG00000038312_DENR,4.634314,4.492333,4.898881,4.612216,4.802668,4.967999,5.70023,4.884929,DENR
ENSMFAG00000035813_EFR3B,4.990974,4.773506,4.900832,4.790408,4.827675,4.945347,4.812011,4.817488,EFR3B
ENSMFAG00000007668_ASIC2,4.388916,4.561721,5.033969,4.596461,4.819379,4.98163,5.600987,4.549031,ASIC2
ENSMFAG00000003892_C2orf80,4.945981,4.50025,4.973147,4.709755,4.904749,4.567692,5.36329,5.685479,C2orf80
ENSMFAG00000044603_HSPBP1,4.855954,4.613866,4.866709,4.68167,4.675055,4.967748,5.263446,4.60991,HSPBP1
ENSMFAG00000032171_ADGRB1,4.898713,4.908724,4.923435,4.78128,4.791987,4.672166,4.915286,4.866448,ADGRB1
ENSMFAG00000001510_B4GALNT3,4.311583,4.455083,5.108853,4.560336,4.85509,4.982507,5.518394,4.514427,B4GALNT3
ENSMFAG00000043205_NMT1,4.862485,4.783997,4.877077,4.491171,4.483193,4.892485,5.258081,4.525663,NMT1
ENSMFAG00000041192_ARHGAP35,4.794404,4.435632,4.87068,4.722899,4.814243,4.869477,5.119281,4.891352,ARHGAP35
ENSMFAG00000029472_NEUROD2,4.621463,4.659869,4.913249,4.542121,4.609034,4.953512,5.308997,4.61155,NEUROD2
ENSMFAG00000039601_WWC1,4.517941,4.445586,4.828292,4.727037,4.873872,4.944866,5.25138,4.83823,WWC1
ENSMFAG00000030979_MSANTD1,4.263476,4.338769,4.950659,4.908433,5.191878,4.739568,5.15581,4.766267,MSANTD1
ENSMFAG00000038350_ERN2,4.538654,4.353694,4.935577,4.790365,4.945573,4.601232,5.356801,4.967608,ERN2
ENSMFAG00000035525_ING5,4.553987,4.654442,4.974841,4.526586,4.615013,4.903569,5.189949,4.547127,ING5
ENSMFAG00000000513_JPH1,4.712447,4.447784,5.039545,4.459384,4.584901,4.831719,5.31144,4.471464,JPH1
ENSMFAG00000046305_KIAA1549,4.619799,4.540466,4.947439,4.69481,4.97584,4.527965,5.010019,5.104161,KIAA1549
ENSMFAG00000000875_FHL3,4.683027,4.519411,5.10332,4.365702,4.577779,4.741483,5.272925,4.68019,FHL3
ENSMFAG00000003486_ZNF512B,4.491767,4.455623,4.665884,4.839464,4.933585,4.668736,5.161672,4.708004,ZNF512B
ENSMFAG00000017685_CDK5R2,4.751948,4.684241,4.816706,4.543255,4.532719,4.819624,5.03019,4.561809,CDK5R2
ENSMFAG00000036805_SYN1,4.386147,4.549021,4.987197,4.479235,4.604027,4.686126,5.48014,4.495828,SYN1
ENSMFAG00000032592_CNNM4,4.159299,4.468946,4.770444,4.597984,4.8312,4.560011,5.726088,4.614491,CNNM4
ENSMFAG00000033992_CDK9,4.533372,4.461286,4.628752,4.684712,4.782549,4.6575,5.30066,4.632425,CDK9
ENSMFAG00000046579_ENSMFAG00000046579,4.502263,4.413886,4.7781,4.419493,4.57603,4.917386,5.425259,4.277799,ENSMFAG00000046579
ENSMFAG00000031898_IZUMO3,4.799489,4.461825,4.92955,4.357286,4.441395,4.800537,5.236733,4.454252,IZUMO3
ENSMFAG00000032149_RAB6B,4.262136,4.247178,4.903714,4.647874,4.779586,4.95856,5.154174,4.300513,RAB6B
ENSMFAG00000032215_HTR6,4.769234,4.504466,5.012197,4.322846,4.449901,4.89248,4.98874,4.260079,HTR6
ENSMFAG00000042091_RTN4RL1,4.680739,4.603599,4.682931,4.638232,4.692213,4.696484,4.881373,4.6042,RTN4RL1
ENSMFAG00000031001_BSCL2,4.535151,4.398064,4.674683,4.626869,4.720362,4.805548,5.088065,4.389185,BSCL2
ENSMFAG00000037993_JAG2,4.702841,4.577327,4.85657,4.533542,4.586752,4.693249,4.833916,4.722576,JAG2
ENSMFAG00000046574_ENSMFAG00000046574,4.038456,4.300019,4.89836,4.585387,4.842053,4.839206,5.260396,4.608116,ENSMFAG00000046574
ENSMFAG00000001576_NEXMIF,4.173483,4.164001,4.533126,4.703323,4.930868,4.836459,5.337085,5.001519,NEXMIF
ENSMFAG00000046518_ENSMFAG00000046518,4.684456,4.297618,4.899784,4.551845,4.747535,4.467484,4.940075,4.762964,ENSMFAG00000046518
ENSMFAG00000042066_SEPT11,4.57494,4.313969,4.669593,4.604517,4.811517,4.416145,5.180484,5.287186,SEPT11
ENSMFAG00000035810_PRR36,4.584217,4.481004,4.840986,4.566349,4.664976,4.376708,4.937948,4.520035,PRR36
ENSMFAG00000032045_PHF24,4.562088,4.389926,4.665633,4.568805,4.621001,4.723515,4.890703,4.37671,PHF24
ENSMFAG00000003432_CA11,4.536821,4.306119,4.624108,4.712072,4.702674,4.732278,4.794731,4.449988,CA11
ENSMFAG00000027007_MEA1,4.466661,4.149453,4.632452,4.543055,4.686851,4.695958,5.210369,4.265775,MEA1
ENSMFAG00000044809_WNT7A,4.214143,4.221638,4.717352,4.301211,4.478743,4.902433,5.495742,4.179932,WNT7A
ENSMFAG00000031280_SIDT1,4.109744,4.148996,4.658285,4.453703,4.741369,4.639628,5.532582,4.418603,SIDT1
ENSMFAG00000002979_CBX6,4.863287,4.486259,4.668538,4.441448,4.372938,4.626918,4.72486,4.537612,CBX6
ENSMFAG00000039324_DDA1,4.099144,3.98888,4.720314,4.63212,4.956941,4.570462,5.20208,4.31049,DDA1
ENSMFAG00000039868_PITPNM3,4.346868,4.206002,4.809008,4.505674,4.804643,4.414213,5.076514,4.560899,PITPNM3
ENSMFAG00000046807_ENSMFAG00000046807,4.423076,4.159636,4.69335,4.463205,4.662603,4.470896,5.217648,4.520322,ENSMFAG00000046807
ENSMFAG00000045790_MAFK,4.291004,4.14956,4.673156,4.270189,4.391954,4.880499,5.331808,4.267176,MAFK
ENSMFAG00000044096_CLIP3,4.294472,4.422087,4.735725,4.449868,4.541175,4.477893,5.047019,4.28587,CLIP3
ENSMFAG00000039347_OTUD5,4.309579,4.377876,4.619757,4.452681,4.567738,4.464103,5.047275,4.569823,OTUD5
ENSMFAG00000037329_ZMAT2,4.178966,4.000363,4.587109,4.444727,4.623273,4.755586,5.165184,4.225426,ZMAT2
ENSMFAG00000012357_SCN7A,4.414492,4.40539,4.755467,4.265085,4.321101,4.476066,5.08178,4.671623,SCN7A
ENSMFAG00000001810_CDH10,4.33808,4.284195,4.702141,4.344122,4.509353,4.210591,5.32518,5.076127,CDH10
ENSMFAG00000001386_TSPYL4,4.519947,4.3198,4.586176,4.443926,4.427717,4.388693,4.996245,4.538602,TSPYL4
ENSMFAG00000001335_LRFN1,4.491408,4.511656,4.673817,4.388014,4.411507,4.508474,4.686041,4.389174,LRFN1
ENSMFAG00000044389_CYP2E1,4.74608,4.507911,4.789947,4.330379,4.347051,4.181984,4.75914,4.457103,CYP2E1
ENSMFAG00000032494_MIR1915HG,4.581575,4.365096,4.567601,4.374554,4.405388,4.618122,4.659047,4.287544,MIR1915HG
ENSMFAG00000044066_CDC42BPB,4.404475,4.252259,4.454342,4.41844,4.530678,4.686123,4.818661,4.412468,CDC42BPB
ENSMFAG00000038574_YWHAG,4.40866,4.269821,4.683807,4.227768,4.304196,4.6584,4.96529,4.101664,YWHAG
ENSMFAG00000038002_P2RX5,4.418609,4.294454,4.614389,4.416506,4.47756,4.578832,4.667569,4.411986,P2RX5
ENSMFAG00000042298_LOC102139329,4.301816,4.175666,4.429609,4.43158,4.638699,4.397057,5.092434,4.752481,LOC102139329
ENSMFAG00000002722_COL11A1,4.566955,4.141661,4.599118,4.392883,4.522118,4.616297,4.62052,4.634772,COL11A1
ENSMFAG00000030248_RASGRP1,4.295542,4.192133,4.775176,4.180193,4.353788,4.574036,5.037882,4.207351,RASGRP1
ENSMFAG00000032757_BCORL1,3.962847,4.18244,4.964194,4.267365,4.460679,4.498352,5.030986,4.157824,BCORL1
ENSMFAG00000034877_NEUROD1,4.760035,4.206551,4.673333,4.23734,4.292036,4.446502,4.731097,4.481874,NEUROD1
ENSMFAG00000039008_RUNDC3A,4.646882,4.219931,4.490271,4.475197,4.52467,4.469949,4.49111,4.300432,RUNDC3A
ENSMFAG00000045048_RAB15,4.262895,4.169166,4.485353,4.382224,4.422624,4.634197,4.786105,4.265064,RAB15
ENSMFAG00000034246_HPCA,4.533836,4.423796,4.788931,4.017598,4.084071,4.354859,4.928479,4.096584,HPCA
ENSMFAG00000045957_BHMT2,4.30209,4.09717,4.744372,4.214279,4.409914,4.580894,4.777019,4.303438,BHMT2
ENSMFAG00000002123_ANKRD13B,3.935957,4.248829,4.544246,4.553463,4.649997,4.37807,4.786403,4.35467,ANKRD13B
ENSMFAG00000000498_REXO1,4.715741,4.311967,4.430439,4.366933,4.331805,4.50955,4.42011,4.35498,REXO1
ENSMFAG00000002990_LAMB3,4.500875,4.148706,4.568811,4.255143,4.457856,4.600055,4.503755,4.453041,LAMB3
ENSMFAG00000030166_BASP1,4.554362,4.272101,4.530247,4.131704,4.165227,4.506625,4.871392,4.052868,BASP1
ENSMFAG00000041890_TBC1D24,4.579653,4.432313,4.495473,4.13746,4.125685,4.363559,4.827383,4.271619,TBC1D24
ENSMFAG00000016453_ENSMFAG00000016453,4.365501,4.241662,4.508451,4.242141,4.282242,4.628516,4.604503,4.070063,ENSMFAG00000016453
ENSMFAG00000040833_NPSR1,4.764344,4.331122,4.758397,4.123084,4.220329,4.359675,4.298673,4.260524,NPSR1
ENSMFAG00000042863_RNF112,4.212053,4.221901,4.403617,4.203049,4.23775,4.518751,4.842425,4.212225,RNF112
ENSMFAG00000043056_CRIM1,4.011845,4.120877,4.561011,4.051993,4.262171,4.546779,5.02769,4.194269,CRIM1
ENSMFAG00000036766_PRR12,4.14042,4.2134,4.453003,4.391782,4.454091,4.257267,4.658318,4.235413,PRR12
ENSMFAG00000003378_GALNTL6,4.63225,4.31036,4.533426,4.09032,4.103944,4.314705,4.556031,4.390682,GALNTL6
ENSMFAG00000041482_DBH,4.268428,4.305902,4.467678,4.222939,4.37646,4.37424,4.514011,4.132137,DBH
ENSMFAG00000008661_THRB,4.625333,4.112609,4.442104,4.329467,4.480871,4.125199,4.413682,4.809219,THRB
ENSMFAG00000047060_ENSMFAG00000047060,3.982214,3.991094,4.546842,4.292383,4.450112,4.530395,4.728307,4.089328,ENSMFAG00000047060
ENSMFAG00000032367_DBNL,4.324697,3.969199,4.464163,4.301734,4.421765,4.158754,4.797521,4.250731,DBNL
ENSMFAG00000033009_C9orf129,3.76112,3.796243,4.385536,4.521877,4.792228,4.141444,5.004658,4.484194,C9orf129
ENSMFAG00000031826_LMTK3,4.474792,4.462976,4.411699,4.199554,4.177148,4.255373,4.416083,4.295932,LMTK3
ENSMFAG00000041514_PAX2,4.134201,3.970815,4.180342,4.605697,4.824244,4.144027,4.524926,4.606626,PAX2
ENSMFAG00000033330_ESYT2,4.389617,4.268886,4.533815,4.186726,4.268842,4.428279,4.228897,4.343636,ESYT2
ENSMFAG00000038442_DLGAP3,4.238547,4.019285,4.352619,4.333733,4.420734,4.322573,4.563735,4.321223,DLGAP3
ENSMFAG00000004076_ENSMFAG00000004076,4.2068,4.003975,4.390811,4.179037,4.336869,4.524736,4.570203,4.143188,ENSMFAG00000004076
ENSMFAG00000002297_WASF1,3.939747,3.977872,4.554019,4.281606,4.399352,4.44699,4.603349,4.142072,WASF1
ENSMFAG00000038698_DTNB,4.285383,4.102274,4.427199,4.293708,4.289635,4.312533,4.451891,4.285988,DTNB
ENSMFAG00000001969_GNG13,4.414619,4.16917,4.565927,4.064354,4.139988,4.183314,4.611289,4.113944,GNG13
ENSMFAG00000035965_NPPA,4.057598,4.181349,4.60951,4.203905,4.426631,3.981357,4.632459,4.63418,NPPA
ENSMFAG00000037814_ADCY7,4.039721,4.039333,4.331073,4.260284,4.377814,4.33045,4.701646,4.145776,ADCY7
ENSMFAG00000041999_KCNJ5,3.975078,4.035769,4.459822,4.243202,4.432551,4.203914,4.674106,4.138242,KCNJ5
ENSMFAG00000043807_TP73,4.158735,4.113668,4.586167,3.931963,4.128716,4.336888,4.724672,3.902425,TP73
ENSMFAG00000045990_ASIC4,4.248968,3.987056,4.369324,4.377813,4.470626,4.16487,4.321243,4.717299,ASIC4
ENSMFAG00000029353_DUSP13,3.918662,3.827192,4.306094,4.30805,4.408531,4.558664,4.555013,4.041697,DUSP13
ENSMFAG00000030806_BRD4,4.09785,4.096351,4.531011,4.250751,4.300667,4.074856,4.508849,4.128656,BRD4
ENSMFAG00000035588_ADAM11,4.082725,4.072047,4.4739,3.965679,4.057924,4.393446,4.684205,3.900034,ADAM11
ENSMFAG00000003628_E2F3,4.281855,4.160516,4.42322,4.087131,4.106676,4.264126,4.375593,4.266533,E2F3
ENSMFAG00000044702_SOCS7,4.2742,4.26023,4.325169,4.105981,4.114246,4.107893,4.454035,4.259375,SOCS7
ENSMFAG00000044152_SLC49A3,3.81053,3.745237,4.439076,4.271198,4.492982,4.203769,4.64283,4.187644,SLC49A3
ENSMFAG00000000544_FOXG1,4.39957,4.034818,4.426204,3.96689,4.018221,4.306559,4.374141,3.948737,FOXG1
ENSMFAG00000037552_SH3YL1,3.850401,3.887948,4.227042,4.18398,4.449476,4.132041,4.747617,4.228641,SH3YL1
ENSMFAG00000036387_RASL10A,4.070311,4.127683,4.372396,4.227894,4.243512,4.075555,4.357294,4.235782,RASL10A
ENSMFAG00000027493_NOG,4.075957,4.017812,4.268689,4.041351,4.076675,4.364838,4.525295,3.954204,NOG
ENSMFAG00000032460_GLYR1,3.786233,3.782986,4.145723,4.37283,4.454092,4.27292,4.55066,4.253494,GLYR1
ENSMFAG00000008705_ZNF541,4.065276,4.030323,4.407717,4.127132,4.213656,4.223086,4.288,4.137635,ZNF541
ENSMFAG00000046398_MNT,4.22976,4.080349,4.288814,4.094338,4.112754,4.153694,4.393092,3.962177,MNT
ENSMFAG00000042597_WFDC1,4.267332,3.903736,4.352191,3.91971,4.002339,4.291669,4.615286,3.979056,WFDC1
ENSMFAG00000042458_FAM163B,3.902864,3.934032,4.300196,3.993219,4.227939,4.109707,4.845765,3.892298,FAM163B
ENSMFAG00000044904_TMEM200C,4.419937,4.113589,4.302723,4.003905,4.039319,4.075317,4.356112,4.212806,TMEM200C
ENSMFAG00000038681_VPS26B,3.939326,3.935086,4.13846,4.123882,4.249613,4.181921,4.705127,3.835855,VPS26B
ENSMFAG00000032443_ANO3,4.267362,4.032828,4.456618,3.959878,4.016512,4.233761,4.303619,3.958212,ANO3
ENSMFAG00000009495_ADAMTS15,4.299163,4.015724,4.193315,4.076736,4.239152,4.058883,4.267871,4.432616,ADAMTS15
ENSMFAG00000045375_CRTC1,4.144251,4.001077,4.291481,4.100877,4.126576,4.119616,4.327993,3.977002,CRTC1
ENSMFAG00000003719_PTK2B,4.310249,4.20645,4.221189,3.951403,4.00744,4.081872,4.323748,3.948221,PTK2B
ENSMFAG00000046850_ENSMFAG00000046850,4.065728,4.058232,4.18782,4.031414,4.108589,4.310092,4.302433,4.052013,ENSMFAG00000046850
ENSMFAG00000043404_FAM219A,3.984713,3.913301,4.199467,4.069824,4.103076,4.245867,4.494238,3.887027,FAM219A
ENSMFAG00000047035_ENSMFAG00000047035,4.058461,3.744103,4.196982,3.982601,4.144433,4.286551,4.561315,4.027764,ENSMFAG00000047035
ENSMFAG00000032565_TNFSF13B,4.28357,3.910956,4.254255,4.004718,4.052161,3.993703,4.374534,4.267541,TNFSF13B
ENSMFAG00000000118_FAM234B,4.03136,3.743501,4.131788,4.073631,4.245865,4.240935,4.390458,3.823379,FAM234B
ENSMFAG00000031215_ZFR2,3.751633,3.900405,4.174694,4.217853,4.478936,4.088278,4.234201,4.142035,ZFR2
ENSMFAG00000045366_TYR,4.195413,3.888318,4.271514,3.829312,3.892806,4.031897,4.693139,4.099158,TYR
ENSMFAG00000042647_NUDT3,4.214555,3.865513,4.206549,3.866184,3.888684,4.153586,4.55467,3.952765,NUDT3
ENSMFAG00000042205_JPH3,4.190135,3.936664,4.099986,4.011807,3.994606,4.085151,4.348311,4.131712,JPH3
ENSMFAG00000038496_AGRN,4.045557,4.056113,4.163039,4.095461,4.131144,3.968984,4.201144,4.094062,AGRN
ENSMFAG00000037012_DCUN1D3,3.943671,3.934015,4.130297,3.932231,4.028406,4.118857,4.51032,4.124724,DCUN1D3
ENSMFAG00000003224_KCNJ4,4.242392,3.954727,4.097653,4.010767,4.140065,4.054528,4.04024,4.033797,KCNJ4
ENSMFAG00000042034_AMFR,4.206044,4.049943,3.995052,3.893592,3.927126,4.225518,4.238733,3.887909,AMFR
ENSMFAG00000003369_DTX1,3.88133,3.942363,4.092053,3.894567,3.920659,4.223506,4.558204,3.851346,DTX1
ENSMFAG00000014795_RF01966,3.929772,3.716099,4.230023,3.804506,3.996985,4.166197,4.63849,3.732817,RF01966
ENSMFAG00000000942_TAPBP,4.016798,3.63236,4.066115,4.082206,4.264178,4.096371,4.304126,3.774225,TAPBP
ENSMFAG00000033202_AP3D1,3.889827,3.815837,4.007884,4.098469,4.152522,4.065897,4.36427,3.934108,AP3D1
ENSMFAG00000005540_ARX,4.232745,4.041542,4.169452,3.833305,3.810611,4.08881,4.206463,3.809625,ARX
ENSMFAG00000043573_GRID2,3.993973,3.814416,4.363525,3.740085,3.8736,4.09635,4.47,3.938151,GRID2
ENSMFAG00000039379_CTPS1,3.811877,3.595368,4.131807,3.990236,4.155609,4.260295,4.317282,3.692479,CTPS1
ENSMFAG00000043073_STK17A,3.890519,3.697922,4.093328,3.982516,4.070844,4.175913,4.347614,3.957582,STK17A
ENSMFAG00000034607_KCNN2,4.15068,3.841563,4.474627,3.725139,3.864901,4.113759,4.056939,3.857541,KCNN2
ENSMFAG00000002180_ADGRL1,4.163314,4.182029,4.103837,3.820074,3.788851,4.026865,4.087077,3.88936,ADGRL1
ENSMFAG00000032152_PPEF1,4.217209,3.863064,4.329042,3.758841,3.921424,3.683324,4.342898,4.300123,PPEF1
ENSMFAG00000043630_ZNF793,3.79139,3.591003,4.012861,4.061475,4.196969,4.023953,4.365481,4.174382,ZNF793
ENSMFAG00000033293_PDE1B,4.351879,4.160477,4.030422,3.901308,3.854447,3.93238,3.793585,3.899647,PDE1B
ENSMFAG00000021112_ENSMFAG00000021112,4.06241,3.891408,4.032053,3.883669,3.87399,4.05872,4.170918,3.850172,ENSMFAG00000021112
ENSMFAG00000038154_RAPGEF1,4.234516,3.932278,4.16058,3.695876,3.72843,3.914699,4.298955,3.716611,RAPGEF1
ENSMFAG00000044609_RXRA,4.036538,3.933442,4.066767,3.914298,3.977881,3.942959,4.043094,4.025704,RXRA
ENSMFAG00000046675_ENSMFAG00000046675,4.075655,3.639612,4.091917,3.777034,3.857139,4.020543,4.434991,3.907067,ENSMFAG00000046675
ENSMFAG00000041241_UBTF,3.768026,3.785758,3.924366,3.980361,4.056779,3.991882,4.376987,3.89525,UBTF
ENSMFAG00000041730_RASD1,4.34298,4.015906,4.247314,3.55567,3.5832,3.982997,4.153259,3.643572,RASD1
ENSMFAG00000038757_SLC37A3,3.747682,3.834194,4.164534,3.686547,3.814932,4.175089,4.433994,3.632024,SLC37A3
ENSMFAG00000042297_CRB2,4.223256,3.8715,4.15919,3.649975,3.708216,3.974944,4.248844,3.685182,CRB2
ENSMFAG00000046546_ENSMFAG00000046546,3.824084,3.690237,3.922542,3.955199,4.121083,3.995882,4.239771,3.901192,ENSMFAG00000046546
ENSMFAG00000030440_TAOK2,3.836488,3.769257,3.993307,3.924536,4.027771,3.888883,4.281251,4.002879,TAOK2
ENSMFAG00000045528_GNB1L,3.804699,3.719476,4.111281,3.795702,3.899652,4.071662,4.267656,3.726578,GNB1L
ENSMFAG00000035753_SAMD4B,4.125857,3.872586,4.086782,3.686206,3.70521,3.917607,4.205063,3.667108,SAMD4B
ENSMFAG00000001073_ADGRG2,3.744165,3.505297,3.778264,4.116305,4.318172,3.962992,4.100314,4.089297,ADGRG2
ENSMFAG00000043125_SRF,3.72719,3.833719,4.112589,3.975516,4.094541,3.617108,4.11177,3.953074,SRF
ENSMFAG00000043716_AVPR2,3.705838,3.692648,3.897063,3.86364,3.995659,3.872374,4.413434,3.749445,AVPR2
ENSMFAG00000038549_ARHGDIG,3.941043,3.672979,3.915897,3.777845,3.815598,3.995003,4.283859,3.616106,ARHGDIG
ENSMFAG00000037883_ADD2,3.57702,3.603717,3.888923,4.055744,4.111905,3.972117,4.191967,3.797198,ADD2
ENSMFAG00000037976_GPR88,3.601527,3.659006,3.986209,3.881531,4.112207,3.773094,4.365127,4.464672,GPR88
ENSMFAG00000030074_ENSMFAG00000030074,3.632527,3.813004,4.025909,3.707156,3.755827,4.073816,4.367332,3.662471,ENSMFAG00000030074
ENSMFAG00000034366_JAK3,4.125544,3.967414,4.03853,3.565733,3.528243,3.888848,4.204863,3.782212,JAK3
ENSMFAG00000042883_PELP1,4.053237,3.868573,4.028676,3.753104,3.748937,3.814798,4.000522,3.706598,PELP1
ENSMFAG00000028501_TGM6,3.760156,3.70884,4.136788,3.755854,3.875387,3.927452,4.057792,3.682602,TGM6
ENSMFAG00000039316_MYH10,3.780001,3.619461,3.880828,3.794097,3.921252,4.022938,4.192057,3.839399,MYH10
ENSMFAG00000039103_EPHA10,3.903253,3.759924,3.888798,3.92995,3.980014,3.930993,3.814061,3.866284,EPHA10
ENSMFAG00000036156_CALM3,3.812076,3.673562,3.965229,3.789214,3.84245,3.844883,4.2387,3.587724,CALM3
ENSMFAG00000031071_TRHR,3.777269,3.528529,3.989539,3.663115,3.765577,3.98087,4.458309,3.932904,TRHR
ENSMFAG00000003078_ACTN1,3.650301,3.488613,3.857306,4.013228,4.123561,3.86281,4.16359,3.911749,ACTN1
ENSMFAG00000034609_SYNGR1,4.015352,3.810618,3.976453,3.560194,3.570251,3.928891,4.296032,3.592815,SYNGR1
ENSMFAG00000040584_TNKS1BP1,4.136712,3.882326,3.919255,3.858878,3.888301,3.696999,3.735862,4.00137,TNKS1BP1
ENSMFAG00000031558_INCENP,3.730781,3.644675,3.941248,3.658547,3.748164,3.898065,4.442914,3.484152,INCENP
ENSMFAG00000032919_ZNF571,3.945219,3.559609,3.976688,3.764656,3.860815,3.798843,4.129747,4.054418,ZNF571
ENSMFAG00000030533_ENSMFAG00000030533,3.885465,3.786931,4.007817,3.704828,3.808989,3.71691,4.017462,3.972005,ENSMFAG00000030533
ENSMFAG00000042933_KSR2,3.696045,3.611868,4.034591,3.806757,3.872556,3.747879,4.147809,3.712677,KSR2
ENSMFAG00000039935_PALM3,3.863502,3.73787,4.116813,3.537737,3.675255,3.890261,4.090298,3.524231,PALM3
ENSMFAG00000041636_SAMD4A,3.679886,3.447707,3.846646,3.862313,3.959342,3.779222,4.329987,3.942273,SAMD4A
ENSMFAG00000033625_DOCK3,3.727072,3.703086,3.913587,3.865973,3.975246,3.708478,3.996349,3.978924,DOCK3
ENSMFAG00000045049_ALOX15,3.940164,3.675643,3.893784,3.811752,3.842238,3.818914,3.72631,3.691754,ALOX15
ENSMFAG00000042680_ZBTB46,4.030379,3.666173,3.963359,3.430001,3.450948,3.959054,4.206723,3.536507,ZBTB46
ENSMFAG00000037191_MAP2,3.490784,3.339622,3.732022,3.856882,3.973613,3.969367,4.244053,3.913574,MAP2
ENSMFAG00000031020_SCAF1,3.841759,3.865293,3.817712,3.7368,3.685904,3.732891,3.92291,3.764934,SCAF1
ENSMFAG00000039483_MAP1S,4.008553,3.875802,3.911146,3.592896,3.55752,3.734875,3.883629,3.492468,MAP1S
ENSMFAG00000038150_PPP1R7,3.885155,3.623291,3.868771,3.620288,3.619369,3.794027,4.149992,3.582806,PPP1R7
ENSMFAG00000031345_MMP17,4.168954,3.917795,3.859749,3.443805,3.414375,3.790634,3.830157,3.540023,MMP17
ENSMFAG00000000254_UBXN6,3.928692,3.664427,3.824533,3.569487,3.587544,3.653508,4.02147,3.532318,UBXN6
ENSMFAG00000046310_EPN1,3.8522,3.663466,3.712615,3.706816,3.658555,3.691394,3.903007,3.578795,EPN1
ENSMFAG00000042885_TXK,3.536469,3.337915,3.731815,3.901148,3.952923,3.811598,3.834081,3.795399,TXK
ENSMFAG00000001389_PI4KA,3.82847,3.80366,3.842834,3.488575,3.516429,3.707468,3.877073,3.482232,PI4KA
ENSMFAG00000038796_SEC24D,3.649542,3.592792,3.987932,3.570946,3.69123,3.489318,3.949203,3.74742,SEC24D
ENSMFAG00000031150_BAHD1,3.512878,3.546113,3.692296,3.75865,3.808493,3.770151,3.789229,3.555908,BAHD1
ENSMFAG00000002394_NPAS4,3.5416,3.47491,3.747775,3.497388,3.59969,3.852727,4.133008,3.484182,NPAS4
ENSMFAG00000042320_PPP1R26,3.925853,3.619671,3.721566,3.491564,3.499782,3.640983,3.941588,3.676957,PPP1R26
ENSMFAG00000002731_FBRS,3.522383,3.447766,3.844997,3.69796,3.737185,3.743682,3.814331,3.533456,FBRS
ENSMFAG00000015112_RPRML,3.360564,3.62313,3.741398,3.578775,3.616913,3.571195,4.272636,3.564399,RPRML
ENSMFAG00000045265_ZSWIM9,3.648079,3.641393,3.78124,3.570089,3.560953,3.676611,3.866733,3.659646,ZSWIM9
ENSMFAG00000046087_GMIP,3.880247,3.656927,3.690762,3.457721,3.41826,3.745381,3.861456,3.543426,GMIP
ENSMFAG00000008703_LMO7,3.899884,3.386677,3.821477,3.507479,3.548925,3.628039,3.889461,3.82088,LMO7
ENSMFAG00000015187_RF01967,3.765278,3.456712,3.792446,3.347299,3.456033,3.735189,4.118733,3.355854,RF01967
ENSMFAG00000041494_PPP1R9B,3.857218,3.495786,3.611478,3.582116,3.586362,3.595732,3.908947,3.623996,PPP1R9B
ENSMFAG00000001665_DNAJC5,3.848028,3.626045,3.622937,3.533299,3.481775,3.653966,3.866389,3.567187,DNAJC5
ENSMFAG00000018615_RF01969,3.686524,3.411909,3.765306,3.385483,3.462941,3.80627,4.100385,3.301787,RF01969
ENSMFAG00000040214_CBARP,3.763182,3.783172,3.653482,3.515086,3.506722,3.637799,3.581414,3.516441,CBARP
ENSMFAG00000036952_NACC1,3.426383,3.347643,3.608366,3.761219,3.807036,3.664786,3.757285,3.529629,NACC1
ENSMFAG00000032375_C16orf58,3.468125,3.519273,3.563313,3.631091,3.666026,3.696739,3.824126,3.477239,C16orf58
ENSMFAG00000044689_HS6ST1,3.960972,3.680752,3.659966,3.330023,3.352457,3.807373,3.568856,3.490991,HS6ST1
ENSMFAG00000035898_ENSMFAG00000035898,3.803932,3.447834,3.930167,3.355699,3.475359,3.607266,3.733457,3.575956,ENSMFAG00000035898
ENSMFAG00000046678_ENSMFAG00000046678,3.909673,3.43469,3.748921,3.473209,3.693548,3.409179,3.655425,4.12605,ENSMFAG00000046678
ENSMFAG00000033219_CACNG6,3.842299,3.502842,3.804113,3.350747,3.411935,3.677927,3.710586,3.30766,CACNG6
ENSMFAG00000040598_PNPLA1,3.487511,3.464473,3.63316,3.634412,3.721801,3.602946,3.748245,3.686628,PNPLA1
ENSMFAG00000041787_LOC102121963,3.848327,3.568672,3.652475,3.561706,3.578648,3.59095,3.459008,3.565559,LOC102121963
ENSMFAG00000034594_KRT84,3.758815,3.274258,3.857345,3.473447,3.621678,3.549127,3.669031,3.56321,KRT84
ENSMFAG00000001220_ARRB2,3.440923,3.4958,3.682387,3.567299,3.562122,3.697248,3.722268,3.352004,ARRB2
ENSMFAG00000026776_SH3RF1,3.431235,3.357362,3.656489,3.739075,3.748545,3.589498,3.641437,3.71895,SH3RF1
ENSMFAG00000010407_RF01963,3.640101,3.29186,3.732484,3.342104,3.479688,3.614242,4.034171,3.325699,RF01963
ENSMFAG00000035777_AGFG2,3.236426,3.397391,3.547588,3.583478,3.600476,3.769884,3.996234,3.365108,AGFG2
ENSMFAG00000030336_HRH1,4.047861,3.620719,3.90588,3.282599,3.370113,3.381044,3.521539,3.661831,HRH1
ENSMFAG00000002479_APP,3.483092,3.465381,3.638369,3.410742,3.473816,3.627366,4.014526,3.343102,APP
ENSMFAG00000033956_DENND6B,3.667104,3.705212,3.755627,3.456792,3.465467,3.533907,3.528607,3.44402,DENND6B
ENSMFAG00000033335_PIGG,3.695216,3.496257,3.732954,3.388105,3.565537,3.685867,3.442482,3.523065,PIGG
ENSMFAG00000000684_KCNH6,3.335537,3.368618,3.576205,3.586398,3.680501,3.599701,3.847023,3.40431,KCNH6
ENSMFAG00000014621_RF01965,3.590125,3.348274,3.79316,3.328743,3.46448,3.592104,3.862874,3.32691,RF01965
ENSMFAG00000037096_KRT37,3.469852,3.247002,3.592201,3.444743,3.542888,3.617799,3.986212,3.451628,KRT37
ENSMFAG00000000503_RASA3,3.253191,3.441293,3.652501,3.580424,3.625973,3.56788,3.762638,3.494479,RASA3
ENSMFAG00000047098_ENSMFAG00000047098,3.675919,3.397182,3.711649,3.330251,3.40482,3.606654,3.714634,3.486094,ENSMFAG00000047098
ENSMFAG00000042406_ASPHD1,3.653,3.505479,3.606512,3.508924,3.469129,3.464046,3.616058,3.6397370000000002,ASPHD1
ENSMFAG00000043470_SYT7,3.609608,3.512508,3.668429,3.405054,3.396195,3.50578,3.683834,3.48381,SYT7
ENSMFAG00000032067_PPP1R37,3.47867,3.373962,3.581147,3.472601,3.486973,3.616721,3.767556,3.409048,PPP1R37
ENSMFAG00000041637_FBXL18,3.735686,3.547318,3.561129,3.411605,3.398637,3.460708,3.652408,3.39968,FBXL18
ENSMFAG00000043395_ROBO3,3.630824,3.33839,3.597878,3.607393,3.685848,3.414497,3.465858,3.442706,ROBO3
ENSMFAG00000032487_BCL11B,3.51829,3.261115,3.636199,3.363246,3.444923,3.600512,3.88382,3.482156,BCL11B
ENSMFAG00000046790_ENSMFAG00000046790,3.420654,3.32823,3.567276,3.396551,3.466653,3.696966,3.820467,3.287228,ENSMFAG00000046790
ENSMFAG00000046181_TRIM8,3.691129,3.447131,3.461071,3.465624,3.424826,3.524285,3.676086,3.442989,TRIM8
ENSMFAG00000031358_NRXN3,3.3012,3.425384,3.643543,3.479291,3.579529,3.570161,3.681011,3.477254,NRXN3
ENSMFAG00000036507_ARHGAP20,3.344498,3.237121,3.614823,3.57681,3.668552,3.49828,3.737071,3.915937,ARHGAP20
ENSMFAG00000003948_AWAT2,3.148745,3.234699,3.324148,3.621545,3.727068,3.614822,3.979849,3.440589,AWAT2
ENSMFAG00000042106_GABBR2,3.400064,3.462802,3.609627,3.503206,3.502959,3.555703,3.613647,3.39,GABBR2
ENSMFAG00000036457_ST3GAL1,3.418777,3.127719,3.671967,3.309205,3.442334,3.609075,4.057361,3.283362,ST3GAL1
ENSMFAG00000045738_TBC1D25,3.449288,3.402223,3.593336,3.386577,3.40823,3.54763,3.836664,3.347485,TBC1D25
ENSMFAG00000045225_SRPX2,3.406368,3.403346,3.706041,3.306581,3.418707,3.497173,3.867446,3.321298,SRPX2
ENSMFAG00000010630_RF01970,3.618678,3.328316,3.641369,3.212675,3.324969,3.524039,3.882657,3.177898,RF01970
ENSMFAG00000040121_PIP4K2C,3.394351,3.352343,3.639448,3.312072,3.468911,3.599614,3.713825,3.151568,PIP4K2C
ENSMFAG00000003839_UPK2,3.441088,3.137829,3.607163,3.394215,3.525906,3.393405,3.916944,3.493484,UPK2
ENSMFAG00000043547_CD27,3.308538,3.308074,3.47693,3.586564,3.63663,3.290559,3.799243,3.788256,CD27
ENSMFAG00000037615_FAM207A,3.378768,3.457759,3.507991,3.497482,3.517884,3.352201,3.639262,3.484518,FAM207A
ENSMFAG00000046322_PCDH10,3.456437,3.212744,3.531499,3.271447,3.359564,3.556157,3.936993,3.34073,PCDH10
ENSMFAG00000031460_PTX4,3.383101,3.270402,3.522131,3.192561,3.262639,3.450509,4.148184,3.371324,PTX4
ENSMFAG00000031919_CNTN4,3.413762,3.205417,3.556953,3.23519,3.335788,3.563594,3.857606,3.437633,CNTN4
ENSMFAG00000030914_GRIN1,3.462119,3.537209,3.525409,3.385614,3.350891,3.37331,3.512755,3.342233,GRIN1
ENSMFAG00000043462_GPR26,3.582648,3.322198,3.582964,3.142014,3.186398,3.589111,3.724819,3.324339,GPR26
ENSMFAG00000045077_ADRA1B,3.293196,3.142119,3.449859,3.23145,3.334164,3.597279,4.073363,3.204882,ADRA1B
ENSMFAG00000001692_MAPK8IP2,3.399204,3.433689,3.425016,3.366448,3.279676,3.411549,3.74526,3.378749,MAPK8IP2
ENSMFAG00000038559_SARDH,3.299614,3.223215,3.457219,3.33348,3.387899,3.61622,3.715812,3.137959,SARDH
ENSMFAG00000001889_PPP1R14C,3.364042,3.293095,3.495628,3.363716,3.420271,3.432016,3.661459,3.232873,PPP1R14C
ENSMFAG00000000642_PPM1F,3.472332,3.242495,3.482729,3.357358,3.397479,3.461339,3.58499,3.339185,PPM1F
ENSMFAG00000002264_KCNK4,3.660215,3.410682,3.69873,3.158599,3.160598,3.427766,3.409284,3.231831,KCNK4
ENSMFAG00000041572_DTX4,3.198023,3.234287,3.403419,3.412368,3.587824,3.376328,3.708409,3.223981,DTX4
ENSMFAG00000018750_RF01964,3.514712,3.174186,3.514259,3.168085,3.316065,3.39913,3.802273,3.288685,RF01964
ENSMFAG00000037792_SIPA1L3,3.640239,3.375372,3.614958,3.138997,3.158525,3.42418,3.524674,3.226753,SIPA1L3
ENSMFAG00000031172_BATF,3.30945,3.277062,3.452493,3.453127,3.53032,3.353169,3.462832,3.395693,BATF
ENSMFAG00000003054_RASGRF2,3.468991,3.243575,3.438027,3.258116,3.304396,3.481568,3.522858,3.312122,RASGRF2
ENSMFAG00000011839_ENSMFAG00000011839,3.331048,3.288615,3.459643,3.270166,3.31081,3.382135,3.601693,3.256041,ENSMFAG00000011839
ENSMFAG00000015799_PEAK3,3.206637,3.113532,3.434848,3.345653,3.37672,3.531444,3.5703,3.13212,PEAK3
ENSMFAG00000034218_RGS11,3.455767,3.234384,3.544573,3.145717,3.212225,3.409435,3.55109,3.13931,RGS11
ENSMFAG00000025645_CHRNA6,3.402833,3.151125,3.410601,3.193224,3.211357,3.428029,3.647365,3.274998,CHRNA6
ENSMFAG00000039614_ENSMFAG00000039614,3.331754,3.018388,3.417818,3.507165,3.597004,3.283433,3.282048,3.635712,ENSMFAG00000039614
ENSMFAG00000044342_LHX6,3.24915,3.217361,3.448961,3.182731,3.251213,3.280723,3.791621,3.201103,LHX6
ENSMFAG00000001094_KRT3,3.480234,3.202343,3.36582,3.214054,3.343149,3.366727,3.422466,3.357183,KRT3
ENSMFAG00000039026_COA1,3.161798,3.066472,3.335367,3.201926,3.330788,3.419228,3.788459,3.252588,COA1
ENSMFAG00000027809_ENSMFAG00000027809,3.230006,3.149508,3.426994,3.236404,3.296863,3.450324,3.476952,3.171032,ENSMFAG00000027809
ENSMFAG00000042148_DGKB,3.772874,3.232846,3.663981,3.19945,3.253175,3.067129,3.048258,3.593261,DGKB
ENSMFAG00000028497_AACS,3.376427,3.217394,3.465399,3.229914,3.321955,3.264105,3.352963,3.171337,AACS
ENSMFAG00000045716_DHRS11,3.090669,3.068932,3.349758,3.208667,3.356254,3.578052,3.558929,3.00327,DHRS11
ENSMFAG00000030948_CUBN,3.501946,3.228154,3.420309,3.115265,3.190577,3.378889,3.34658,3.241447,CUBN
ENSMFAG00000045759_CASS4,3.243088,3.0515,3.375785,3.400575,3.522449,3.17214,3.412352,3.393613,CASS4
ENSMFAG00000036621_IGSF8,3.088105,3.206491,3.305213,3.382596,3.387547,3.222463,3.511105,3.260383,IGSF8
ENSMFAG00000039604_ACTC1,3.039225,3.047006,3.159968,3.281064,3.319791,3.481365,3.65947,3.219841,ACTC1
ENSMFAG00000032745_GLI1,3.352879,3.115219,3.238941,3.080367,3.155422,3.365005,3.623309,3.226236,GLI1
ENSMFAG00000042818_IRAK1,3.282236,3.121083,3.248789,3.138127,3.187596,3.492342,3.433069,3.076212,IRAK1
ENSMFAG00000007806_CDK5R1,3.334023,3.21612,3.281606,3.1501,3.192062,3.285292,3.440413,3.15169,CDK5R1
ENSMFAG00000004055_PLEKHG5,3.541145,3.354577,3.350392,3.097259,3.11059,3.215391,3.224984,3.255411,PLEKHG5
ENSMFAG00000016945_KLHL25,3.264699,3.10203,3.271849,3.193427,3.251165,3.327519,3.434767,3.170564,KLHL25
ENSMFAG00000036984_LRRC4B,3.260479,3.119581,3.244318,3.243255,3.242543,3.125293,3.340911,3.187114,LRRC4B
ENSMFAG00000045110_KCNH3,3.153878,3.013247,3.226594,3.285034,3.301188,3.187246,3.344136,3.070499,KCNH3
ENSMFAG00000041328_SHC3,3.655154,3.220749,3.27801,3.041084,3.045593,3.212664,3.048601,3.281058,SHC3
ENSMFAG00000034490_SLC35E1,3.162397,3.09748,3.226879,3.200631,3.197702,3.227297,3.375385,3.055284,SLC35E1
ENSMFAG00000041435_KCNK1,3.165354,3.053613,3.268976,3.04461,3.076658,3.272708,3.578219,3.031938,KCNK1
ENSMFAG00000045320_INTS1,3.261829,3.279947,3.282752,3.16187,3.110819,3.090949,3.233917,3.186751,INTS1
ENSMFAG00000038797_USP43,3.16348,3.032107,3.281177,3.066945,3.188251,3.124304,3.533217,3.116321,USP43
ENSMFAG00000033155_ST3GAL2,3.388942,3.173192,3.166083,3.055389,3.032764,3.192703,3.248173,3.003722,ST3GAL2
ENSMFAG00000038392_EGR3,3.19942,3.074044,3.244609,3.121276,3.139395,3.147454,3.307513,3.053799,EGR3
ENSMFAG00000030581_DNM1,3.294739,3.222024,3.173205,3.062582,3.051403,3.153438,3.2455,2.942675,DNM1
ENSMFAG00000039503_SLC25A23,3.382119,3.157033,3.216198,3.093612,3.074754,3.143402,3.076619,3.024678,SLC25A23
ENSMFAG00000036724_ENSMFAG00000036724,3.318376,3.120774,3.195507,3.066992,3.107811,3.020609,3.275811,3.322203,ENSMFAG00000036724
ENSMFAG00000038649_COL9A3,3.155571,3.123534,3.186313,3.00017,3.043392,3.133209,3.266556,3.100802,COL9A3
ENSMFAG00000038546_DUSP6,3.220547,3.102463,3.128353,3.004457,3.046896,3.061429,3.085578,3.060484,DUSP6
ENSMFAG00000041061_PLEKHB1,-3.109556,-3.013822,-3.090156,-3.055666,-3.150771,-3.091974,-3.049614,-3.127422,PLEKHB1
ENSMFAG00000035936_LIPA,-3.264683,-3.094067,-3.089724,-3.018977,-3.106939,-3.080476,-3.091459,-3.126936,LIPA
ENSMFAG00000030958_ENSMFAG00000030958,-3.009924,-3.105152,-3.015866,-3.06456,-3.03797,-3.169164,-3.35251,-3.198855,ENSMFAG00000030958
ENSMFAG00000046214_SEMA6D,-6.042348,-6.300179,-7.126563,-6.88706,-7.170327,-7.207149,-7.961897,-6.868932,SEMA6D
ENSMFAG00000033253_LACTB2,-3.120497,-3.127676,-3.150352,-3.130364,-3.20265,-3.079961,-3.193509,-3.035621,LACTB2
ENSMFAG00000043449_CCDC175,-3.074802,-3.082941,-3.16923,-3.156244,-3.178454,-3.220376,-3.14496,-2.983535,CCDC175
ENSMFAG00000044399_SLC25A35,-3.150115,-3.009533,-3.189967,-3.05035,-3.21548,-3.138308,-3.546232,-3.229509,SLC25A35
ENSMFAG00000040017_TRAF6,-3.330192,-3.181736,-3.209202,-3.089926,-3.104665,-3.207388,-3.214252,-3.08131,TRAF6
ENSMFAG00000042928_SERPINA1,-3.444872,-3.192386,-3.305516,-3.028433,-3.106001,-3.091331,-3.195323,-3.179019,SERPINA1
ENSMFAG00000033976_LMCD1,-3.1937,-3.081645,-3.2673,-3.188443,-3.302939,-3.180934,-3.309502,-3.256683,LMCD1
ENSMFAG00000031323_PTPRD,-6.204062,-5.8856020000000004,-6.758353,-6.496461,-6.833889,-6.954922,-7.402787,-6.37905,PTPRD
ENSMFAG00000033539_BTD,-3.222203,-3.091345,-3.249712,-3.179494,-3.222015,-3.293845,-3.329655,-3.236071,BTD
ENSMFAG00000035456_EIF3E,-3.289715,-3.233356,-3.351331,-3.054636,-3.075511,-3.170879,-3.47365,-2.964379,EIF3E
ENSMFAG00000033716_ACSL1,-3.478326,-3.233913,-3.296115,-3.173372,-3.238777,-3.177877,-3.177818,-3.290689,ACSL1
ENSMFAG00000002420_CDC23,-3.053691,-3.004679,-3.245704,-3.275686,-3.364316,-3.424215,-3.519529,-3.251879,CDC23
ENSMFAG00000036757_C2orf40,-3.356975,-3.048621,-3.421935,-3.045162,-3.097354,-3.437766,-3.521326,-3.134425,C2orf40
ENSMFAG00000039184_SCARB2,-5.279989,-5.481793,-6.202593,-6.249825,-6.901024,-6.22602,-6.971244,-6.219061,SCARB2
ENSMFAG00000045545_C3orf38,-3.231915,-3.078157,-3.420088,-3.201672,-3.281905,-3.25174,-3.501168,-3.02899,C3orf38
ENSMFAG00000038282_ST6GALNAC3,-3.604029,-3.38748,-3.294454,-3.128254,-3.20803,-3.199772,-3.149268,-3.270548,ST6GALNAC3
ENSMFAG00000002207_PLS1,-5.412419,-5.658385,-6.391292,-5.684265,-5.927594,-5.859918,-6.990167,-5.931362,PLS1
ENSMFAG00000043168_HSPA2,-3.587528,-3.278827,-3.295876,-3.162828,-3.247798,-3.204869,-3.210391,-3.286626,HSPA2
ENSMFAG00000013431_CYP7B1,-3.487473,-3.277574,-3.291152,-3.235388,-3.311868,-3.225304,-3.20842,-3.255841,CYP7B1
ENSMFAG00000000702_SLC6A9,-3.197955,-3.110546,-3.296947,-3.216299,-3.353611,-3.380009,-3.49616,-3.172325,SLC6A9
ENSMFAG00000044752_ENSMFAG00000044752,-3.241455,-3.170231,-3.26389,-3.321433,-3.331681,-3.397205,-3.377869,-3.293953,ENSMFAG00000044752
ENSMFAG00000036809_TRAF4,-3.509295,-3.250766,-3.314882,-3.183005,-3.19119,-3.28658,-3.374505,-3.401759,TRAF4
ENSMFAG00000047144_ENSMFAG00000047144,-3.30144,-3.143972,-3.278393,-3.239551,-3.287599,-3.415153,-3.593842,-3.368235,ENSMFAG00000047144
ENSMFAG00000042061_TMEM139,-3.23508,-3.137217,-3.331695,-3.295129,-3.40093,-3.446898,-3.423233,-3.122566,TMEM139
ENSMFAG00000002286_SLC7A9,-3.243657,-3.15022,-3.36937,-3.300904,-3.417334,-3.434285,-3.555324,-3.28752,SLC7A9
ENSMFAG00000004105_NXT2,-3.555438,-3.44915,-3.378542,-3.279107,-3.269097,-3.310745,-3.243378,-3.285662,NXT2
ENSMFAG00000044622_FOLH1,-3.424686,-3.333298,-3.371719,-3.258887,-3.319099,-3.369621,-3.415631,-3.288378,FOLH1
ENSMFAG00000028065_TMEM95,-3.313172,-3.111452,-3.378164,-3.385757,-3.555113,-3.432101,-3.400948,-3.477303,TMEM95
ENSMFAG00000046645_ENSMFAG00000046645,-3.104723,-3.068105,-3.41577,-3.392647,-3.529438,-3.43842,-3.627716,-3.378358,ENSMFAG00000046645
ENSMFAG00000001093_HDAC1,-3.359631,-3.29243,-3.361165,-3.325754,-3.337024,-3.341954,-3.599576,-3.397319,HDAC1
ENSMFAG00000046396_PGGT1B,-3.405879,-3.250923,-3.335205,-3.228875,-3.2753,-3.467548,-3.688278,-3.103382,PGGT1B
ENSMFAG00000001669_RNF114,-3.463896,-3.335722,-3.41228,-3.353957,-3.411344,-3.35309,-3.452249,-3.416525,RNF114
ENSMFAG00000037734_SYS1,-3.513612,-3.173485,-3.523721,-3.253329,-3.307083,-3.492463,-3.524345,-3.489776,SYS1
ENSMFAG00000037287_EFS,-3.377948,-3.270074,-3.419314,-3.313764,-3.432227,-3.453112,-3.535208,-3.394465,EFS
ENSMFAG00000036983_SPPL2A,-3.271503,-3.199649,-3.394724,-3.378919,-3.438515,-3.383158,-3.738889,-3.247603,SPPL2A
ENSMFAG00000000581_GSTCD,-3.369932,-3.258535,-3.384534,-3.33239,-3.385986,-3.542989,-3.538385,-3.236984,GSTCD
ENSMFAG00000030706_RF00213,-3.318772,-3.196011,-3.573335,-3.417661,-3.443983,-3.505471,-3.426961,-3.431309,RF00213
ENSMFAG00000012407_H2AC11,-3.232088,-3.205195,-3.563043,-3.200792,-3.281078,-3.549536,-3.872097,-3.260612,H2AC11
ENSMFAG00000003493_JAK1,-3.143239,-3.094666,-3.409055,-3.34319,-3.54081,-3.372104,-4.026781,-3.33877,JAK1
ENSMFAG00000034341_IQCG,-3.486102,-3.238819,-3.432129,-3.28234,-3.427331,-3.592166,-3.485169,-3.286753,IQCG
ENSMFAG00000032486_SGK2,-3.313191,-3.232172,-3.442353,-3.320739,-3.491235,-3.501034,-3.670571,-3.35752,SGK2
ENSMFAG00000002658_SLC2A12,-3.441858,-3.31952,-3.415736,-3.317598,-3.324055,-3.507219,-3.681972,-3.224432,SLC2A12
ENSMFAG00000014904_FFAR1,-3.207596,-3.157922,-3.410027,-3.37379,-3.414218,-3.595718,-3.880315,-3.386646,FFAR1
ENSMFAG00000000424_NDE1,-3.474826,-3.369628,-3.476012,-3.365481,-3.491652,-3.410874,-3.483252,-3.506935,NDE1
ENSMFAG00000044728_PMP2,-3.706711,-3.546156,-3.53478,-3.263222,-3.29338,-3.256615,-3.473482,-3.449627,PMP2
ENSMFAG00000038147_ODC1,-3.298782,-3.182667,-3.559463,-3.451799,-3.534921,-3.456128,-3.612989,-3.502494,ODC1
ENSMFAG00000043312_ENSMFAG00000043312,-3.524112,-3.124613,-3.671792,-3.315225,-3.390041,-3.401599,-3.684899,-3.238648,ENSMFAG00000043312
ENSMFAG00000027151_CA2,-5.721594,-5.805635,-6.223324,-5.744275,-5.998814,-5.980958,-6.446322,-5.93821,CA2
ENSMFAG00000033880_CNKSR3,-3.590769,-3.448634,-3.568374,-3.297246,-3.430119,-3.413328,-3.42885,-3.546758,CNKSR3
ENSMFAG00000043795_NFATC3,-3.360713,-3.371846,-3.456839,-3.430829,-3.483749,-3.470964,-3.660114,-3.397634,NFATC3
ENSMFAG00000033861_JPT2,-3.497144,-3.336683,-3.490203,-3.425127,-3.55333,-3.439054,-3.538487,-3.448566,JPT2
ENSMFAG00000001468_ZSCAN32,-3.464348,-3.181892,-3.540715,-3.439775,-3.560369,-3.562624,-3.591071,-3.382608,ZSCAN32
ENSMFAG00000026331_MUTYH,-3.382783,-3.288624,-3.648384,-3.385938,-3.42733,-3.595176,-3.683011,-3.633712,MUTYH
ENSMFAG00000000690_MED14,-3.69443,-3.340451,-3.556018,-3.307876,-3.293815,-3.593441,-3.668363,-3.370945,MED14
ENSMFAG00000037136_SOAT1,-3.738335,-3.338837,-3.593721,-3.442636,-3.427586,-3.341385,-3.663762,-3.515631,SOAT1
ENSMFAG00000030971_SOX10,-3.544687,-3.373216,-3.505431,-3.433597,-3.593596,-3.492181,-3.611012,-3.597779,SOX10
ENSMFAG00000001391_CDCA7L,-3.475562,-3.320816,-3.621001,-3.426976,-3.541067,-3.52807,-3.697197,-3.386744,CDCA7L
ENSMFAG00000003162_H6PD,-3.675828,-3.364152,-3.515414,-3.382125,-3.380971,-3.600754,-3.725492,-3.490616,H6PD
ENSMFAG00000001130_TEP1,-3.713127,-3.481186,-3.539261,-3.353919,-3.360893,-3.461372,-3.750321,-3.446746,TEP1
ENSMFAG00000000422_VWA1,-3.623957,-3.432814,-3.566152,-3.448612,-3.56482,-3.367645,-3.6665,-3.802173,VWA1
ENSMFAG00000043003_RFWD3,-3.768246,-3.474673,-3.759652,-3.241294,-3.268277,-3.682515,-3.488126,-3.352056,RFWD3
ENSMFAG00000002821_SLC4A2,-3.457709,-3.341565,-3.650033,-3.419463,-3.546476,-3.485844,-3.805728,-3.691767,SLC4A2
ENSMFAG00000040808_OLIG2,-3.700514,-3.627139,-3.574623,-3.414016,-3.518052,-3.412118,-3.507416,-3.723288,OLIG2
ENSMFAG00000034385_SLC2A10,-3.626728,-3.388145,-3.553008,-3.521194,-3.575254,-3.488692,-3.604268,-3.498049,SLC2A10
ENSMFAG00000001102_RDH12,-3.496802,-3.15561,-3.683746,-3.604538,-3.739953,-3.30805,-3.819052,-3.844939,RDH12
ENSMFAG00000003818_SLC11A2,-5.392745,-5.271191,-5.961794,-5.956612,-6.21265,-5.771343,-6.369864,-6.380214,SLC11A2
ENSMFAG00000046287_ACP6,-3.353203,-3.358333,-3.618047,-3.523034,-3.608584,-3.516371,-3.835778,-3.634068,ACP6
ENSMFAG00000000755_AC004922.1,-3.537244,-3.324021,-3.426956,-3.581768,-3.60353,-3.687301,-3.719898,-3.445644,AC004922.1
ENSMFAG00000030156_P2RY2,-3.250228,-3.05397,-3.693697,-3.558625,-3.690563,-3.673538,-3.962507,-3.324494,P2RY2
ENSMFAG00000036102_CYP27A1,-3.440996,-3.330426,-3.602587,-3.489436,-3.682477,-3.5002,-3.84873,-3.576892,CYP27A1
ENSMFAG00000030355_GAL3ST1,-3.552784,-3.46267,-3.569735,-3.507231,-3.621381,-3.564835,-3.623202,-3.54846,GAL3ST1
ENSMFAG00000003951_ENSMFAG00000003951,-3.406184,-3.27913,-3.559355,-3.562949,-3.758681,-3.573473,-3.789985,-3.642302,ENSMFAG00000003951
ENSMFAG00000046219_KCNK17,-3.141482,-3.159396,-3.450763,-3.911177,-4.039006,-3.528193,-3.720441,-3.853338,KCNK17
ENSMFAG00000035347_ABCG1,-3.775331,-3.416533,-3.936793,-3.232715,-3.311861,-3.624305,-3.658306,-3.345449,ABCG1
ENSMFAG00000038411_AASS,-3.58304,-3.553319,-3.658338,-3.446051,-3.435585,-3.499815,-3.784995,-3.450041,AASS
ENSMFAG00000000805_ITPRID1,-3.53625,-3.412895,-3.492875,-3.643685,-3.764272,-3.526236,-3.615674,-3.682801,ITPRID1
ENSMFAG00000000064_MCMBP,-3.696988,-3.355989,-3.703146,-3.441596,-3.477878,-3.552466,-3.765144,-3.425954,MCMBP
ENSMFAG00000001376_SELENOS,-3.587654,-3.508687,-3.568455,-3.526645,-3.678381,-3.59203,-3.544932,-3.594104,SELENOS
ENSMFAG00000033874_LEPROT,-3.504983,-3.433081,-3.662155,-3.529482,-3.595,-3.592773,-3.751973,-3.348753,LEPROT
ENSMFAG00000031273_ABCD4,-3.22948,-3.233565,-3.597488,-3.633532,-3.795105,-3.728317,-3.872856,-3.536609,ABCD4
ENSMFAG00000039673_ALDH6A1,-3.740112,-3.754652,-3.598718,-3.504849,-3.542797,-3.590829,-3.445384,-3.628337,ALDH6A1
ENSMFAG00000039255_CTTNBP2,-4.937823,-4.874447,-5.956473,-5.663033,-6.239013,-5.890087,-6.769354,-5.379948,CTTNBP2
ENSMFAG00000001852_TMLHE,-3.69457,-3.510125,-3.602907,-3.560691,-3.55521,-3.540077,-3.803227,-3.567013,TMLHE
ENSMFAG00000042174_TP53RK,-3.925794,-3.436392,-3.743121,-3.376327,-3.587139,-3.719391,-3.579576,-3.519622,TP53RK
ENSMFAG00000007238_GLTP,-3.913492,-3.512433,-3.577266,-3.483881,-3.604753,-3.587732,-3.692797,-3.749158,GLTP
ENSMFAG00000022782_TMBIM1,-3.626312,-3.421169,-3.635521,-3.591737,-3.646179,-3.675042,-3.899052,-3.676145,TMBIM1
ENSMFAG00000030275_CMTM5,-3.616012,-3.467238,-3.639093,-3.597854,-3.700197,-3.709609,-3.79519,-3.689488,CMTM5
ENSMFAG00000038577_MTMR14,-3.558867,-3.230273,-3.733644,-3.658348,-3.77938,-3.57375,-4.004903,-3.950876,MTMR14
ENSMFAG00000042332_HAUS4,-3.383984,-3.492957,-3.777733,-3.729376,-3.768707,-3.627885,-3.830121,-3.597514,HAUS4
ENSMFAG00000019220_ALG5,-3.569353,-3.448266,-3.652062,-3.47579,-3.551163,-3.916323,-4.004715,-3.430201,ALG5
ENSMFAG00000039426_ISM2,-3.378952,-3.388059,-3.742084,-3.704218,-3.804208,-3.802033,-3.864097,-3.678823,ISM2
ENSMFAG00000002374_FBXO10,-3.731932,-3.4437,-3.864463,-3.452504,-3.562667,-3.79379,-3.876031,-3.398358,FBXO10
ENSMFAG00000017291_ZNF322,-3.681791,-3.481909,-3.730514,-3.483702,-3.570225,-3.7818,-4.009328,-3.392219,ZNF322
ENSMFAG00000031673_GALNT6,-3.38017,-3.516138,-3.806115,-3.561935,-3.66161,-3.92767,-3.888214,-3.283235,GALNT6
ENSMFAG00000046469_ENSMFAG00000046469,-3.733854,-3.602343,-3.668408,-3.617546,-3.71283,-3.580561,-3.839014,-3.735824,ENSMFAG00000046469
ENSMFAG00000033021_MYO1D,-5.162397,-5.109851,-5.693467,-5.375847,-5.566041,-5.765542,-6.051853,-5.646421,MYO1D
ENSMFAG00000042357_ANXA1,-3.216214,-3.454258,-3.690964,-3.623009,-3.732584,-3.87005,-4.220435,-3.497481,ANXA1
ENSMFAG00000045125_WDYHV1,-3.684431,-3.490689,-3.665743,-3.738917,-3.775639,-3.582862,-3.888154,-3.806727,WDYHV1
ENSMFAG00000032876_C12orf29,-3.400264,-3.425873,-3.805773,-3.512904,-3.693706,-3.770227,-4.267197,-3.426276,C12orf29
ENSMFAG00000040224_ANKIB1,-3.927427,-3.808005,-3.817859,-3.44219,-3.509193,-3.677774,-3.723818,-3.497505,ANKIB1
ENSMFAG00000030933_ZNF600,-3.698366,-3.597608,-3.66844,-3.574742,-3.561911,-3.822754,-4.047111,-3.572802,ZNF600
ENSMFAG00000041347_FOXN2,-4.01153,-3.867541,-3.751058,-3.447632,-3.499668,-3.626311,-3.793864,-3.460286,FOXN2
ENSMFAG00000015355_AIG1,-3.974812,-3.666222,-3.717675,-3.616171,-3.63379,-3.724642,-3.669857,-3.631338,AIG1
ENSMFAG00000043490_POC1B,-3.94627,-3.75203,-3.805606,-3.50984,-3.450272,-3.759386,-3.802703,-3.536509,POC1B
ENSMFAG00000004646_LRP12,-4.664573,-4.59544,-5.565303,-5.310699,-5.622295,-5.655419,-6.032516,-4.928384,LRP12
ENSMFAG00000007347_SRA1,-3.395652,-3.542764,-3.795204,-3.754912,-3.856478,-3.521922,-4.281854,-3.814874,SRA1
ENSMFAG00000035361_ADIPOR2,-3.976309,-3.815346,-3.760002,-3.608173,-3.679186,-3.644925,-3.720917,-3.796341,ADIPOR2
ENSMFAG00000001017_ABHD17B,-4.374828,-4.671845,-5.273663,-5.385014,-5.793674,-5.474464,-6.213474,-5.314737,ABHD17B
ENSMFAG00000001408_ELP2,-3.85312,-3.474766,-3.79696,-3.662357,-3.663322,-3.812523,-4.032183,-3.612392,ELP2
ENSMFAG00000029831_TMEM235,-3.511052,-3.423614,-3.754704,-3.732894,-3.92848,-3.893763,-4.054124,-3.725104,TMEM235
ENSMFAG00000033875_SLC22A5,-3.62911,-3.449266,-3.649987,-3.75929,-3.788505,-3.978551,-4.051711,-3.679706,SLC22A5
ENSMFAG00000033947_ENSMFAG00000033947,-3.599023,-3.537982,-3.799131,-3.684752,-3.901564,-3.873838,-3.917203,-3.737991,ENSMFAG00000033947
ENSMFAG00000007641_PHLDB1,-3.636523,-3.543018,-3.872939,-3.636713,-3.807792,-3.805568,-4.032738,-3.782481,PHLDB1
ENSMFAG00000012332_RF00019,-3.299418,-3.436066,-3.794533,-3.78253,-3.842587,-4.033741,-4.16297,-3.655088,RF00019
ENSMFAG00000000411_TMEM38B,-4.002041,-3.770579,-3.766579,-3.631556,-3.667119,-3.669385,-3.878847,-3.643002,TMEM38B
ENSMFAG00000037896_SLC25A13,-3.768521,-3.607818,-3.791883,-3.716202,-3.84669,-3.830983,-3.880505,-3.6319,SLC25A13
ENSMFAG00000002241_C21orf91,-4.002022,-3.729419,-3.862917,-3.600893,-3.704569,-3.827917,-3.798894,-3.500687,C21orf91
ENSMFAG00000038158_SPP1,-4.640634,-4.679884,-5.301316,-5.139632,-5.593098,-5.250704,-6.195978,-5.192827,SPP1
ENSMFAG00000002696_ZNF577,-3.657792,-3.550106,-4.020947,-3.658948,-3.83477,-3.920438,-3.913168,-3.696698,ZNF577
ENSMFAG00000031235_ATOH8,-3.721302,-3.522205,-3.909827,-3.678373,-3.741116,-3.876801,-4.11295,-3.66038,ATOH8
ENSMFAG00000032893_HMGN3,-3.851714,-3.62821,-3.798078,-3.727619,-3.7263,-3.680148,-4.163653,-3.92215,HMGN3
ENSMFAG00000000710_NUP37,-3.900998,-3.867805,-3.799218,-3.649097,-3.64151,-3.882458,-3.876814,-3.712496,NUP37
ENSMFAG00000034461_LPAR1,-5.127935,-5.064174,-5.258408,-5.126833,-5.248497,-5.336595,-5.467591,-5.149144,LPAR1
ENSMFAG00000044571_RIPK4,-3.705621,-3.513848,-3.84837,-3.78887,-3.876579,-3.797632,-4.206551,-3.644487,RIPK4
ENSMFAG00000043099_IPP,-3.451886,-3.466961,-3.726205,-3.997213,-4.102374,-4.164212,-3.854548,-3.675887,IPP
ENSMFAG00000032906_C2orf68,-3.884752,-3.649954,-3.851386,-3.76391,-3.789032,-3.867503,-3.978889,-3.807475,C2orf68
ENSMFAG00000031556_COL4A5,-3.841881,-3.641464,-3.895937,-3.699486,-3.818749,-3.89148,-4.016102,-3.704409,COL4A5
ENSMFAG00000039131_CD55,-3.8979,-3.804473,-3.772571,-3.778584,-3.758197,-3.838252,-3.956466,-3.802948,CD55
ENSMFAG00000003845_AOPEP,-3.397275,-3.314496,-3.902625,-3.784913,-3.972189,-4.186995,-4.256755,-3.816067,AOPEP
ENSMFAG00000038894_TTYH2,-3.793204,-3.639192,-3.835466,-3.781449,-3.927368,-3.865715,-4.008072,-3.936333,TTYH2
ENSMFAG00000037986_SLC35B2,-3.591729,-3.429648,-3.760282,-3.985096,-4.173306,-3.78642,-4.14081,-4.192223,SLC35B2
ENSMFAG00000029387_PRDX1,-3.752045,-3.698736,-3.829978,-3.841239,-3.950017,-3.830419,-3.984393,-3.850228,PRDX1
ENSMFAG00000042354_RASSF2,-3.825689,-3.723354,-3.842488,-3.786112,-4.014485,-3.757961,-4.055919,-3.856837,RASSF2
ENSMFAG00000038464_RNASEH2B,-3.826163,-3.832641,-4.024671,-3.638695,-3.704857,-3.929957,-4.080968,-3.619823,RNASEH2B
ENSMFAG00000036081_GSTZ1,-4.093983,-3.888062,-4.023858,-3.680448,-3.689148,-3.924887,-3.87095,-3.904627,GSTZ1
ENSMFAG00000035768_PDE3A,-3.830555,-3.800194,-4.073927,-3.780282,-3.786751,-3.859785,-4.059662,-3.684614,PDE3A
ENSMFAG00000045432_BVES,-4.091068,-3.909538,-3.908348,-3.612006,-3.600928,-3.996325,-4.083091,-3.746649,BVES
ENSMFAG00000029976_TNKS,-4.300243,-3.868365,-3.90585,-3.681965,-3.681476,-3.887127,-3.901345,-3.804321,TNKS
ENSMFAG00000041563_CLDND1,-3.751471,-3.673393,-3.868914,-3.891805,-4.061824,-3.93383,-4.057869,-3.854015,CLDND1
ENSMFAG00000027875_ASPRV1,-3.615077,-3.621318,-3.826156,-4.001998,-4.110473,-4.002881,-4.10072,-3.941771,ASPRV1
ENSMFAG00000041421_ZNF555,-4.031728,-3.736711,-3.982849,-3.759746,-3.78787,-3.984867,-4.012999,-3.753045,ZNF555
ENSMFAG00000034483_SMIM5,-3.687475,-3.585586,-3.951472,-3.850992,-4.052635,-3.926556,-4.255097,-3.860656,SMIM5
ENSMFAG00000003984_IFNGR1,-4.095475,-3.934127,-3.992613,-3.665866,-3.701948,-3.925193,-4.014302,-3.632813,IFNGR1
ENSMFAG00000046626_ENSMFAG00000046626,-3.859841,-3.74933,-3.980645,-3.801418,-3.883107,-4.032163,-4.047612,-3.897232,ENSMFAG00000046626
ENSMFAG00000040761_ARHGEF37,-3.94261,-3.803642,-3.912042,-3.728593,-3.853524,-3.896612,-4.22495,-3.705394,ARHGEF37
ENSMFAG00000018189_MIR219A2,-3.773009,-3.623139,-3.856584,-3.927574,-4.094314,-3.903969,-4.216208,-3.97845,MIR219A2
ENSMFAG00000000428_ZNF410,-3.970333,-3.712714,-3.925603,-3.859596,-3.879132,-4.033999,-4.108,-3.929987,ZNF410
ENSMFAG00000045877_AK2,-3.957174,-3.744484,-4.024435,-3.7106,-3.714144,-4.138969,-4.247209,-3.8175,AK2
ENSMFAG00000003587_CHI3L1,-3.880658,-3.560927,-4.065165,-3.831975,-3.998402,-4.070405,-4.191392,-3.889901,CHI3L1
ENSMFAG00000045740_NUDT5,-3.570127,-3.779712,-4.129977,-3.825057,-4.108683,-3.984084,-4.230331,-3.999258,NUDT5
ENSMFAG00000046340_MGST2,-3.833144,-3.822643,-3.985658,-3.894608,-3.960602,-3.951335,-4.187169,-3.897641,MGST2
ENSMFAG00000040590_CYP4V2,-3.538437,-3.540866,-3.869401,-4.09093,-4.236617,-4.16236,-4.254562,-3.754015,CYP4V2
ENSMFAG00000026367_ZNF532,-3.966224,-4.036476,-4.091231,-3.698223,-3.755109,-4.056412,-4.092517,-3.872866,ZNF532
ENSMFAG00000000469_PRIMPOL,-3.683614,-3.635175,-4.035627,-3.94858,-4.031622,-4.235599,-4.137709,-3.696026,PRIMPOL
ENSMFAG00000034687_FRYL,-4.730761,-4.618425,-5.331386,-5.105416,-5.426889,-5.174196,-5.637333,-4.966458,FRYL
ENSMFAG00000041822_B3GLCT,-4.20274,-3.894313,-4.064538,-3.842822,-3.823145,-3.998533,-4.038269,-3.904491,B3GLCT
ENSMFAG00000036413_LYSMD4,-4.416265,-3.842895,-4.209105,-3.641847,-3.711516,-4.066356,-4.011938,-3.81007,LYSMD4
ENSMFAG00000031190_POU1F1,-3.814178,-3.730262,-4.051489,-4.027603,-4.129256,-4.063232,-4.10916,-4.142247,POU1F1
ENSMFAG00000031879_PRRG1,-4.150148,-3.984171,-3.970904,-3.856849,-3.946816,-4.027631,-4.038718,-3.994555,PRRG1
ENSMFAG00000038268_NHLRC2,-3.638804,-3.786503,-4.198486,-3.796263,-3.917601,-4.177712,-4.474041,-3.613289,NHLRC2
ENSMFAG00000046148_FBXL4,-4.114071,-3.820625,-4.106181,-3.767936,-3.786351,-4.0796,-4.329514,-3.733713,FBXL4
ENSMFAG00000001870_ZNF20,-3.981404,-3.934105,-4.046361,-4.004748,-4.049211,-4.010191,-4.037383,-3.87621,ZNF20
ENSMFAG00000039090_PTAR1,-4.085548,-3.870855,-4.158352,-3.754782,-3.739803,-3.981452,-4.500294,-3.696182,PTAR1
ENSMFAG00000007100_ZNF613,-3.887123,-3.805701,-3.974937,-3.972768,-4.024481,-4.14373,-4.305093,-3.802435,ZNF613
ENSMFAG00000037990_TRPM3,-4.103571,-3.893658,-4.435822,-3.764776,-3.814655,-3.969862,-4.146595,-3.993515,TRPM3
ENSMFAG00000038396_CNTN2,-4.421617,-4.451082,-5.177503,-5.020854,-5.493024,-5.269186,-6.132512,-5.186297,CNTN2
ENSMFAG00000043747_HBEGF,-3.903506,-3.686186,-4.040881,-4.124626,-4.352478,-4.025024,-4.116539,-4.158659,HBEGF
ENSMFAG00000038768_ZNF487,-3.915233,-4.035702,-4.194515,-3.778146,-3.796385,-4.183279,-4.370996,-3.812598,ZNF487
ENSMFAG00000045464_RTKN,-3.974201,-3.860329,-4.053626,-3.96286,-4.082839,-4.135432,-4.285148,-4.136585,RTKN
ENSMFAG00000037746_MAPKAPK5,-3.861624,-3.780106,-4.367273,-3.912586,-4.046824,-4.234772,-4.156235,-3.789605,MAPKAPK5
ENSMFAG00000006033_RHOG,-4.009568,-3.880155,-4.041661,-3.983806,-4.169475,-4.046736,-4.265913,-4.106941,RHOG
ENSMFAG00000040025_TAGLN2,-3.924045,-3.859439,-4.427001,-3.805651,-4.033897,-4.056375,-4.307511,-3.878874,TAGLN2
ENSMFAG00000001867_CAPN7,-3.942743,-3.67918,-4.049054,-4.136732,-4.222485,-4.135252,-4.2692,-3.885105,CAPN7
ENSMFAG00000039246_NME6,-4.0742,-3.861619,-4.362044,-3.884585,-4.045862,-4.01667,-4.257525,-4.196601,NME6
ENSMFAG00000042672_SLC22A15,-3.778317,-3.706008,-4.161555,-4.241631,-4.460475,-3.930162,-4.236817,-4.231634,SLC22A15
ENSMFAG00000040268_ENSMFAG00000040268,-4.279582,-3.944414,-4.058243,-3.879633,-3.872689,-4.184186,-4.315344,-3.853257,ENSMFAG00000040268
ENSMFAG00000029978_NIPAL4,-4.061464,-3.911676,-4.068621,-4.010739,-4.260791,-4.043139,-4.180767,-4.076873,NIPAL4
ENSMFAG00000042992_CHRNA1,-4.872415,-4.89792,-5.338996,-4.759539,-4.998524,-5.086573,-5.972551,-4.892337,CHRNA1
ENSMFAG00000040188_PPP1R14A,-3.825034,-3.777498,-4.048737,-4.04549,-4.310468,-4.129351,-4.424057,-4.200158,PPP1R14A
ENSMFAG00000045155_ABHD3,-4.017399,-3.828691,-4.166716,-4.080837,-4.17903,-4.108553,-4.1962,-4.03435,ABHD3
ENSMFAG00000003547_RRP36,-3.759659,-3.830543,-4.046899,-4.097437,-4.263416,-3.879241,-4.738247,-4.322243,RRP36
ENSMFAG00000037572_NEK9,-3.67362,-3.667936,-4.131816,-4.140867,-4.266801,-4.373855,-4.51922,-3.846304,NEK9
ENSMFAG00000030224_ENSMFAG00000030224,-4.254326,-4.082232,-4.269937,-3.853633,-3.807986,-4.168621,-4.353867,-4.0806,ENSMFAG00000030224
ENSMFAG00000003438_CEP44,-3.681064,-3.706074,-4.143915,-4.075623,-4.276634,-4.423354,-4.48659,-3.808777,CEP44
ENSMFAG00000002654_BEND7,-4.156647,-3.949655,-4.209796,-3.873785,-3.879106,-4.145578,-4.590279,-3.977465,BEND7
ENSMFAG00000000142_TMCC3,-4.290044,-4.015031,-4.180663,-3.916813,-4.160191,-3.965748,-4.285812,-4.113236,TMCC3
ENSMFAG00000046118_PIGA,-4.001539,-3.938587,-4.081209,-4.166764,-4.236901,-4.175369,-4.258444,-4.035973,PIGA
ENSMFAG00000003427_ZDHHC9,-4.198741,-3.98288,-4.129634,-4.071264,-4.13491,-4.192128,-4.175347,-4.1572,ZDHHC9
ENSMFAG00000033925_EIF2D,-4.182571,-3.891684,-4.243124,-3.830975,-3.966052,-4.404934,-4.465031,-3.895372,EIF2D
ENSMFAG00000031115_TCF12,-4.406898,-4.129743,-4.16751,-3.898073,-3.888667,-4.136878,-4.359578,-3.940923,TCF12
ENSMFAG00000045638_TMC7,-3.880229,-3.834706,-4.127785,-4.133491,-4.298481,-4.268932,-4.454159,-4.133245,TMC7
ENSMFAG00000040171_ERBB3,-3.982012,-3.903199,-4.143886,-4.093839,-4.225274,-4.249188,-4.403624,-4.083069,ERBB3
ENSMFAG00000044982_RPS6KA1,-4.051379,-3.925386,-4.164466,-4.107173,-4.315879,-4.060815,-4.467361,-4.386127,RPS6KA1
ENSMFAG00000044069_QKI,-4.342586,-4.276576,-4.229302,-4.009632,-4.126195,-4.015008,-4.102696,-4.044371,QKI
ENSMFAG00000040783_RRM2,-4.190951,-3.893024,-4.247532,-4.055214,-4.084722,-4.336132,-4.347029,-3.986753,RRM2
ENSMFAG00000044411_DRAM2,-4.392893,-4.125308,-4.212228,-3.921354,-3.85483,-4.231755,-4.421685,-4.041877,DRAM2
ENSMFAG00000039592_ST3GAL4,-4.228092,-4.134471,-4.272348,-3.975228,-4.140475,-4.231164,-4.196499,-4.271113,ST3GAL4
ENSMFAG00000000236_DOCK11,-3.742732,-3.952593,-4.240312,-3.99768,-4.072636,-4.196658,-5.009583,-3.930752,DOCK11
ENSMFAG00000030822_MUSK,-3.968986,-4.020474,-4.217902,-4.11815,-4.184014,-4.398895,-4.322352,-3.996161,MUSK
ENSMFAG00000044106_PHKA2,-4.101283,-3.929683,-4.308581,-4.087629,-4.108465,-4.287395,-4.409552,-4.132638,PHKA2
ENSMFAG00000000375_ADAMTS4,-3.845031,-3.755822,-4.237665,-4.180207,-4.493572,-4.260072,-4.693328,-4.286987,ADAMTS4
ENSMFAG00000000304_ASPA,-4.275645,-4.057003,-4.266841,-4.071414,-4.276019,-4.235331,-4.290221,-4.12122,ASPA
ENSMFAG00000001996_CLCA2,-4.044012,-3.897353,-4.256628,-4.176559,-4.373168,-4.380293,-4.40387,-4.018109,CLCA2
ENSMFAG00000033900_KLHL20,-4.42999,-4.468845,-5.291678,-5.072023,-5.39689,-5.160154,-5.860553,-5.038287,KLHL20
ENSMFAG00000032618_ZNF32,-4.074842,-3.83435,-4.242997,-4.239723,-4.456793,-4.131404,-4.573409,-4.43704,ZNF32
ENSMFAG00000035714_UGT8,-4.68149,-4.583067,-4.92491,-4.850961,-5.057738,-4.979206,-5.210526,-4.811945,UGT8
ENSMFAG00000003445_TRPM1,-4.531558,-4.470315,-5.226728,-4.765139,-4.978408,-4.848012,-5.435363,-4.881492,TRPM1
ENSMFAG00000030989_TJAP1,-3.835021,-3.802359,-4.249701,-4.184588,-4.464411,-4.379353,-4.651383,-4.238805,TJAP1
ENSMFAG00000035705_ENSMFAG00000035705,-3.972704,-3.867527,-4.272076,-4.193511,-4.42233,-4.342895,-4.575762,-4.136944,ENSMFAG00000035705
ENSMFAG00000038469_SMARCD2,-3.690163,-3.708546,-4.265781,-4.280746,-4.558167,-4.319346,-4.849835,-4.45171,SMARCD2
ENSMFAG00000023471_CPT1B,-3.526769,-3.508094,-4.298276,-4.469634,-4.814874,-4.435191,-4.700985,-4.071501,CPT1B
ENSMFAG00000043988_MCM7,-4.036681,-3.876659,-4.306906,-4.3228,-4.430093,-4.354852,-4.47811,-4.310998,MCM7
ENSMFAG00000004332_MAS1,-4.353509,-3.94996,-4.317043,-4.232376,-4.270533,-4.277015,-4.431519,-4.200054,MAS1
ENSMFAG00000030811_ZNF24,-3.670683,-4.05536,-4.586411,-3.934355,-4.322337,-4.386851,-4.878541,-3.963351,ZNF24
ENSMFAG00000031779_TF,-4.091376,-3.971024,-4.302536,-4.183466,-4.505201,-4.159505,-4.683337,-4.391299,TF
ENSMFAG00000003950_CD22,-3.939128,-3.921297,-4.281173,-4.216287,-4.427338,-4.480959,-4.630514,-4.121246,CD22
ENSMFAG00000030089_RGS9BP,-3.917188,-4.00949,-4.512147,-4.250695,-4.423195,-4.36965,-4.423731,-4.083407,RGS9BP
ENSMFAG00000038754_PLIN3,-4.025,-3.891476,-4.280298,-4.238904,-4.498294,-4.298905,-4.693458,-4.348198,PLIN3
ENSMFAG00000039042_KANSL2,-4.209103,-4.061262,-4.400462,-4.131943,-4.222145,-4.283195,-4.635421,-4.072049,KANSL2
ENSMFAG00000041121_MOBP,-3.96273,-3.8517,-4.337356,-4.230612,-4.535147,-4.427602,-4.622189,-4.132772,MOBP
ENSMFAG00000031318_GCLC,-4.145546,-4.013556,-4.399049,-4.048246,-4.333844,-4.26776,-4.791422,-4.698599,GCLC
ENSMFAG00000036669_CTNNA3,-4.164272,-4.117772,-4.315775,-4.226212,-4.367901,-4.446039,-4.454542,-4.136894,CTNNA3
ENSMFAG00000045281_RASGRP3,-4.13662,-4.035302,-4.330329,-4.234041,-4.472684,-4.350041,-4.542638,-4.236398,RASGRP3
ENSMFAG00000041110_EFNA1,-4.999095,-4.701489,-4.999759,-4.684976,-4.714399,-5.023884,-5.088284,-4.684205,EFNA1
ENSMFAG00000046541_ENSMFAG00000046541,-4.260463,-4.220917,-4.526502,-4.134103,-4.24175,-4.338018,-4.38469,-4.07775,ENSMFAG00000046541
ENSMFAG00000045618_ANLN,-4.137597,-3.920376,-4.372859,-4.238443,-4.527351,-4.432965,-4.559789,-4.108808,ANLN
ENSMFAG00000031255_TRAF1,-4.043387,-4.189154,-4.522152,-4.148194,-4.213402,-4.535478,-4.593036,-4.01977,TRAF1
ENSMFAG00000035483_ZNF333,-3.776073,-3.772101,-4.267892,-4.426736,-4.695826,-4.579832,-4.733357,-4.319966,ZNF333
ENSMFAG00000032138_RBBP8,-4.23603,-4.09095,-4.53527,-4.117734,-4.225645,-4.325553,-4.772027,-4.102043,RBBP8
ENSMFAG00000035789_PLEKHG3,-4.028956,-3.97337,-4.360226,-4.298401,-4.507616,-4.405597,-4.730737,-4.394069,PLEKHG3
ENSMFAG00000045566_NKX6-2,-3.96347,-3.931514,-4.307514,-4.361886,-4.616507,-4.354761,-4.774918,-4.421616,NKX6-2
ENSMFAG00000040195_TFEB,-4.115365,-3.95707,-4.315714,-4.294063,-4.547563,-4.318125,-4.788877,-4.515893,TFEB
ENSMFAG00000043464_DCHS1,-4.180862,-3.988568,-4.494304,-4.231281,-4.428545,-4.222309,-4.803891,-4.488669,DCHS1
ENSMFAG00000002877_ZNF473,-4.277195,-4.202576,-4.394748,-4.156765,-4.243105,-4.363757,-4.733832,-4.236577,ZNF473
ENSMFAG00000008281_MED23,-4.337908,-4.130269,-4.261884,-4.32823,-4.313348,-4.319127,-4.691117,-4.277031,MED23
ENSMFAG00000036080_RFFL,-3.873718,-3.823685,-4.394476,-4.34117,-4.695735,-4.354823,-4.907183,-4.381175,RFFL
ENSMFAG00000039357_TYMS,-4.118064,-4.066586,-4.302898,-4.294414,-4.457786,-4.496743,-4.676501,-4.268311,TYMS
ENSMFAG00000040259_SPTLC2,-4.321114,-4.133213,-4.397498,-4.224829,-4.480792,-4.27437,-4.583461,-4.360205,SPTLC2
ENSMFAG00000032814_DHTKD1,-3.980974,-4.007952,-4.448859,-4.342238,-4.500358,-4.454246,-4.729907,-4.214287,DHTKD1
ENSMFAG00000045726_ZFPM2,-4.298202,-4.128222,-4.373016,-4.283925,-4.396908,-4.478175,-4.506769,-4.198288,ZFPM2
ENSMFAG00000003247_DTHD1,-4.027574,-4.122694,-4.41401,-4.385889,-4.427135,-4.578225,-4.538359,-4.070486,DTHD1
ENSMFAG00000040977_CA14,-4.18359,-4.105819,-4.37054,-4.279498,-4.455335,-4.423873,-4.679179,-4.228484,CA14
ENSMFAG00000036972_FAM107B,-4.063316,-3.952353,-4.407993,-4.250761,-4.565983,-4.520075,-4.804682,-4.182546,FAM107B
ENSMFAG00000043114_OPALIN,-3.978775,-3.951628,-4.365156,-4.389617,-4.610254,-4.535779,-4.742647,-4.335362,OPALIN
ENSMFAG00000044337_PLPP2,-4.198784,-4.048566,-4.376226,-4.31783,-4.536012,-4.322444,-4.79441,-4.465392,PLPP2
ENSMFAG00000045911_TRIM59,-4.297022,-4.027025,-4.421066,-4.363358,-4.694657,-4.425398,-4.371387,-4.256451,TRIM59
ENSMFAG00000043259_RTTN,-4.403593,-4.236685,-4.326629,-4.389013,-4.40851,-4.438536,-4.448238,-4.284923,RTTN
ENSMFAG00000027150_ENSMFAG00000027150,-4.550809,-4.402625,-4.583864,-4.145516,-4.117151,-4.452144,-4.432142,-4.116395,ENSMFAG00000027150
ENSMFAG00000044843_SLC4A5,-4.267633,-3.945902,-4.545159,-4.338177,-4.45588,-4.481594,-4.65542,-4.1377,SLC4A5
ENSMFAG00000025747_MAL,-4.163384,-4.042336,-4.376618,-4.363658,-4.572473,-4.481251,-4.694784,-4.411465,MAL
ENSMFAG00000001040_ENSMFAG00000001040,-4.036839,-4.087911,-4.364039,-4.412937,-4.626141,-4.474667,-4.696502,-4.320934,ENSMFAG00000001040
ENSMFAG00000045288_CEP85,-4.17187,-4.065602,-4.412002,-4.294641,-4.499533,-4.538086,-4.743947,-4.341198,CEP85
ENSMFAG00000042129_SHROOM4,-3.975713,-3.952054,-4.479492,-4.321529,-4.686159,-4.434576,-4.899437,-4.392237,SHROOM4
ENSMFAG00000007358_PLEKHF1,-4.020223,-4.082632,-4.511295,-4.266997,-4.409083,-4.631737,-4.832153,-4.210371,PLEKHF1
ENSMFAG00000041945_DPP4,-4.245515,-4.187149,-4.527046,-4.194122,-4.340518,-4.395642,-4.999384,-4.019149,DPP4
ENSMFAG00000038855_SLC12A4,-4.473092,-4.182979,-4.482038,-4.16056,-4.234186,-4.480979,-4.893066,-4.436604,SLC12A4
ENSMFAG00000001106_SH3TC2,-3.98369,-3.956325,-4.483163,-4.428173,-4.698222,-4.530534,-4.830767,-4.346522,SH3TC2
ENSMFAG00000032214_TINF2,-4.000819,-3.922467,-4.424604,-4.428712,-4.688022,-4.530086,-4.959781,-4.472762,TINF2
ENSMFAG00000002805_POLG2,-4.11975,-4.098994,-4.533086,-4.392798,-4.592519,-4.672224,-4.564844,-4.755076,POLG2
ENSMFAG00000002701_DLL1,-4.119971,-4.035026,-4.411202,-4.385871,-4.652754,-4.397883,-4.974108,-4.532092,DLL1
ENSMFAG00000039623_NPC1,-4.307205,-4.19156,-4.436789,-4.416435,-4.543281,-4.460065,-4.638888,-4.483365,NPC1
ENSMFAG00000042801_CLMN,-4.570447,-4.531543,-4.917922,-4.868615,-5.041798,-4.926101,-5.210711,-4.961162,CLMN
ENSMFAG00000033724_GAN,-4.021305,-4.086557,-4.590868,-4.341768,-4.602668,-4.450399,-4.96483,-4.424178,GAN
ENSMFAG00000030614_ZKSCAN1,-4.222789,-4.331234,-4.543716,-4.481611,-4.562784,-4.437145,-4.513694,-4.38159,ZKSCAN1
ENSMFAG00000026134_FA2H,-4.123198,-4.053648,-4.462306,-4.379417,-4.674047,-4.529325,-4.873409,-4.349052,FA2H
ENSMFAG00000040032_AP3B1,-4.839057,-4.567089,-4.785255,-4.486342,-4.652109,-4.802147,-4.780044,-4.41478,AP3B1
ENSMFAG00000032545_PLLP,-4.216542,-4.134394,-4.423875,-4.400291,-4.628228,-4.532808,-4.784091,-4.51942,PLLP
ENSMFAG00000042104_ENSMFAG00000042104,-4.135091,-4.014222,-4.491296,-4.341721,-4.707054,-4.448517,-4.99711,-4.417002,ENSMFAG00000042104
ENSMFAG00000042444_GANC,-4.317748,-4.233475,-4.446407,-4.486981,-4.558244,-4.525402,-4.567925,-4.43288,GANC
ENSMFAG00000044089_EEPD1,-4.334576,-4.192914,-4.580168,-4.330057,-4.437764,-4.344881,-4.939179,-4.397429,EEPD1
ENSMFAG00000032064_SNAI3,-4.310097,-4.163919,-4.684507,-4.440074,-4.580027,-4.393522,-4.633474,-4.505339,SNAI3
ENSMFAG00000036845_PCNA,-4.480488,-4.147531,-4.73854,-4.174943,-4.379961,-4.656232,-4.666291,-4.433805,PCNA
ENSMFAG00000045944_ERMN,-4.337055,-4.229227,-4.724937,-4.601134,-4.907187,-4.853901,-5.009969,-4.475828,ERMN
ENSMFAG00000040378_HHIP,-4.012789,-3.951342,-4.492798,-4.444139,-4.800303,-4.584964,-4.993475,-4.461281,HHIP
ENSMFAG00000003086_ZCCHC24,-4.366801,-4.382136,-4.576565,-4.362032,-4.653712,-4.368144,-4.573932,-4.521424,ZCCHC24
ENSMFAG00000037244_MOG,-4.099184,-4.048545,-4.478575,-4.471587,-4.716499,-4.615648,-4.901296,-4.446662,MOG
ENSMFAG00000036633_PLP1,-4.379254,-4.267628,-4.661509,-4.590901,-4.829515,-4.772887,-4.992063,-4.547872,PLP1
ENSMFAG00000031164_WASHC5,-4.504411,-4.538372,-4.585419,-4.603987,-4.644223,-4.558935,-4.630962,-4.585901,WASHC5
ENSMFAG00000038285_LRRC43,-4.199153,-4.17821,-4.52421,-4.338112,-4.524306,-4.517512,-5.084663,-4.455829,LRRC43
ENSMFAG00000039452_MYRF,-4.072306,-4.014673,-4.522933,-4.443387,-4.754238,-4.571131,-5.012974,-4.468662,MYRF
ENSMFAG00000000059_GEMIN8,-4.606118,-4.229556,-4.508498,-4.36518,-4.525266,-4.580283,-4.627879,-4.542205,GEMIN8
ENSMFAG00000003853_ZNF132,-4.335214,-4.19525,-4.599033,-4.415587,-4.464991,-4.793935,-4.665149,-4.440753,ZNF132
ENSMFAG00000042006_ELOVL1,-4.082412,-4.035716,-4.553407,-4.41253,-4.716513,-4.644681,-5.028124,-4.420878,ELOVL1
ENSMFAG00000041988_MBP,-4.167463,-4.115196,-4.593887,-4.523773,-4.850215,-4.685261,-5.057327,-4.508897,MBP
ENSMFAG00000021184_HNRNPF,-4.736217,-4.342816,-4.600095,-4.284985,-4.366009,-4.712615,-4.642146,-4.274161,HNRNPF
ENSMFAG00000003552_EVI2A,-4.456181,-4.366156,-4.539629,-4.419267,-4.557172,-4.713178,-4.707897,-4.345191,EVI2A
ENSMFAG00000032768_RIC1,-4.585611,-4.318141,-4.5338,-4.398967,-4.357046,-4.480218,-5.08761,-4.522103,RIC1
ENSMFAG00000026553_LAMP2,-4.719369,-4.390783,-4.581601,-4.443256,-4.518118,-4.452175,-4.675798,-4.332224,LAMP2
ENSMFAG00000004849_SLC33A1,-4.606882,-4.341738,-4.747982,-4.229101,-4.269635,-4.549136,-5.03944,-4.252273,SLC33A1
ENSMFAG00000032079_HMBS,-4.189991,-4.116134,-4.679908,-4.606283,-4.84446,-4.407567,-4.958655,-4.912913,HMBS
ENSMFAG00000003778_KDM4C,-4.423955,-4.200613,-4.498804,-4.500888,-4.592325,-4.685862,-4.903968,-4.384033,KDM4C
ENSMFAG00000044344_ZNF232,-4.227621,-3.878466,-4.646973,-4.460244,-4.668508,-4.777124,-5.200351,-4.458134,ZNF232
ENSMFAG00000000693_TMEM98,-4.169987,-4.158421,-4.63888,-4.532176,-4.874232,-4.449288,-5.138211,-4.658725,TMEM98
ENSMFAG00000036908_PEX2,-4.571807,-4.282622,-4.590389,-4.460819,-4.578463,-4.731635,-4.768643,-4.431962,PEX2
ENSMFAG00000004023_KLK6,-4.058144,-3.995245,-4.532993,-4.482947,-4.873232,-4.558287,-5.164519,-4.496553,KLK6
ENSMFAG00000038555_JAM3,-4.12039,-4.167906,-4.547671,-4.359669,-4.611064,-4.654531,-4.896554,-4.300903,JAM3
ENSMFAG00000044989_SEPT10,-4.788605,-4.621066,-4.778386,-4.384059,-4.331658,-4.566037,-4.686165,-4.427927,SEPT10
ENSMFAG00000003541_RNF125,-4.590001,-4.387386,-4.580362,-4.517429,-4.683813,-4.606367,-4.814941,-4.569506,RNF125
ENSMFAG00000044299_SLC44A1,-4.652222,-4.513865,-4.602438,-4.478867,-4.514682,-4.705245,-4.747314,-4.48113,SLC44A1
ENSMFAG00000038030_TMTC2,-4.691055,-4.635702,-4.639137,-4.456451,-4.468805,-4.711438,-4.624847,-4.436098,TMTC2
ENSMFAG00000041837_C10orf90,-4.567302,-4.409565,-4.59962,-4.476462,-4.553341,-4.685433,-4.945608,-4.515054,C10orf90
ENSMFAG00000033873_SLC4A9,-4.095208,-4.15704,-4.722419,-4.644384,-4.78985,-4.839297,-4.994882,-4.430721,SLC4A9
ENSMFAG00000031626_CYB5R2,-4.347422,-4.216274,-4.656376,-4.576647,-4.888538,-4.604305,-5.002399,-4.695952,CYB5R2
ENSMFAG00000030784_LIPE,-4.131096,-4.051325,-4.630173,-4.579447,-4.992132,-4.711129,-5.237273,-4.68355,LIPE
ENSMFAG00000042280_SLC38A9,-4.792544,-4.4285,-4.70822,-4.526504,-4.532027,-4.445424,-4.943367,-4.557328,SLC38A9
ENSMFAG00000036272_ENSMFAG00000036272,-4.375949,-4.347973,-4.658757,-4.584722,-4.777693,-4.777335,-4.890736,-4.496867,ENSMFAG00000036272
ENSMFAG00000038520_KIF13B,-4.203276,-4.133614,-4.575282,-4.337027,-4.598787,-4.583048,-4.919135,-4.364292,KIF13B
ENSMFAG00000000799_HFE,-4.29647,-4.28078,-4.829172,-4.415656,-4.595039,-4.662402,-5.456328,-4.392968,HFE
ENSMFAG00000010807_PHLPP1,-4.687431,-4.540615,-4.744133,-4.494358,-4.640787,-4.663919,-4.766832,-4.757169,PHLPP1
ENSMFAG00000038266_PLEKHH1,-4.127466,-4.103367,-4.750186,-4.577333,-4.929399,-4.793228,-5.32129,-4.57962,PLEKHH1
ENSMFAG00000031678_ITGA2,-4.248429,-4.166304,-4.486661,-4.438008,-4.589473,-4.625847,-4.703992,-4.329429,ITGA2
ENSMFAG00000003319_CYP2J2,-4.391593,-4.28033,-4.793393,-4.554578,-4.871511,-4.642136,-5.160425,-4.522762,CYP2J2
ENSMFAG00000034485_CD9,-4.565951,-4.429601,-4.796495,-4.607592,-4.659441,-4.797446,-4.878744,-4.619723,CD9
ENSMFAG00000042049_LAPTM4B,-4.266402,-4.18409,-4.689762,-4.716628,-5.011532,-4.726637,-5.2001,-4.931316,LAPTM4B
ENSMFAG00000031414_HEATR5A,-4.889978,-4.717578,-4.737374,-4.502096,-4.47681,-4.558232,-4.915597,-4.606464,HEATR5A
ENSMFAG00000002894_SLAIN1,-4.786123,-4.691976,-4.713534,-4.562134,-4.585224,-4.794096,-4.70422,-4.549689,SLAIN1
ENSMFAG00000043108_ENSMFAG00000043108,-4.671046,-4.523974,-4.687921,-4.613961,-4.747597,-4.725472,-4.875654,-4.581228,ENSMFAG00000043108
ENSMFAG00000030329_ANKRD27,-4.396314,-4.193495,-4.619984,-4.250913,-4.31048,-4.399602,-4.927372,-4.41953,ANKRD27
ENSMFAG00000039875_EDIL3,-4.87407,-4.66179,-4.822016,-4.478079,-4.620807,-4.800889,-4.741785,-4.681383,EDIL3
ENSMFAG00000018790_TMEM125,-4.197185,-4.205392,-4.680398,-4.699642,-5.065236,-4.801327,-5.389303,-4.791892,TMEM125
ENSMFAG00000002613_IFNLR1,-4.695822,-4.405273,-5.17605,-4.507802,-4.572622,-4.803212,-4.914204,-4.436968,IFNLR1
ENSMFAG00000037708_LZIC,-4.645369,-4.741956,-4.872936,-4.663815,-4.799748,-4.741406,-4.628088,-4.657356,LZIC
ENSMFAG00000036444_HAPLN2,-4.580371,-4.440924,-4.723416,-4.681329,-4.850413,-4.696563,-5.122234,-4.784731,HAPLN2
ENSMFAG00000042797_CLCA1,-4.301026,-4.326729,-4.849694,-4.671535,-4.95389,-4.993497,-5.025404,-4.549171,CLCA1
ENSMFAG00000036104_P3H2,-4.261985,-4.186174,-4.87002,-4.773455,-4.940298,-4.928395,-5.18267,-4.638981,P3H2
ENSMFAG00000040198_SYNE3,-4.320519,-4.40524,-4.898391,-4.668697,-4.830548,-4.972993,-5.050161,-4.591957,SYNE3
ENSMFAG00000033646_BCAS1,-4.394031,-4.334514,-4.865702,-4.547317,-5.00354,-4.713544,-5.296912,-4.684886,BCAS1
ENSMFAG00000002827_ENPP2,-4.617084,-4.484844,-4.758923,-4.627962,-4.717839,-4.948085,-5.005227,-4.589127,ENPP2
ENSMFAG00000001618_PTPDC1,-4.880469,-4.770474,-4.705956,-4.57068,-4.561857,-4.866698,-4.80506,-4.527133,PTPDC1
ENSMFAG00000042864_ZNF536,-4.045906,-4.109935,-4.960869,-4.644651,-5.038049,-4.853845,-5.567056,-4.824498,ZNF536
ENSMFAG00000039378_PYGM,-4.36891,-4.515392,-4.87276,-4.640118,-4.906339,-4.660881,-5.297921,-5.095568,PYGM
ENSMFAG00000023380_RAB9A,-4.548548,-4.549874,-4.735972,-4.62346,-4.712474,-5.019445,-5.075046,-4.398476,RAB9A
ENSMFAG00000043460_PIGT,-4.676696,-4.405014,-4.801246,-4.574033,-4.785417,-4.886534,-5.191336,-4.675917,PIGT
ENSMFAG00000046161_AKNA,-4.897967,-4.598994,-5.011193,-4.428119,-4.53233,-4.82669,-5.155231,-4.677707,AKNA
ENSMFAG00000041526_DHX40,-4.361272,-4.470747,-4.948858,-4.70949,-4.882592,-4.813029,-5.297998,-4.610906,DHX40
ENSMFAG00000035834_MRPS22,-4.661347,-4.53049,-4.795872,-4.936504,-5.016893,-4.620149,-4.982957,-4.678681,MRPS22
ENSMFAG00000040093_PHACTR4,-4.804689,-4.560035,-5.178194,-4.548907,-4.683506,-4.66993,-5.192431,-4.654578,PHACTR4
ENSMFAG00000001363_USP54,-4.36775,-4.220323,-4.971302,-4.776689,-5.107314,-4.802151,-5.41062,-4.687597,USP54
ENSMFAG00000042822_C2orf16,-4.198606,-4.363274,-4.796312,-4.826623,-5.036269,-4.994331,-5.441635,-4.558809,C2orf16
ENSMFAG00000039644_MINDY1,-4.289725,-4.223534,-4.897789,-4.796297,-5.180478,-4.878533,-5.412652,-4.728542,MINDY1
ENSMFAG00000001061_SLC31A2,-4.883585,-4.752266,-4.81776,-4.681901,-4.726183,-4.944524,-4.955678,-4.72173,SLC31A2
ENSMFAG00000037127_WWOX,-4.674586,-4.47828,-5.002481,-4.422952,-4.702683,-4.738698,-5.754315,-4.81431,WWOX
ENSMFAG00000000143_EIF4EBP2,-4.330439,-4.509577,-4.870014,-4.67639,-4.813322,-5.067534,-5.57344,-4.545977,EIF4EBP2
ENSMFAG00000035540_BTBD8,-4.020302,-4.24506,-4.794362,-4.812924,-5.068377,-5.431561,-5.49683,-4.482757,BTBD8
ENSMFAG00000033228_PTH1R,-4.719718,-4.493264,-5.036224,-4.70899,-4.851042,-4.727435,-5.360514,-4.979375,PTH1R
ENSMFAG00000036168_DAAM2,-4.828514,-4.709765,-5.043894,-4.653156,-4.773809,-4.911483,-4.991157,-4.796088,DAAM2
ENSMFAG00000036532_PHF8,-4.454477,-4.331957,-4.980255,-4.819699,-5.020239,-5.041011,-5.357408,-4.8537,PHF8
ENSMFAG00000035672_SF3B1,-4.973412,-4.753834,-4.872298,-4.657341,-4.621992,-4.913787,-5.262245,-4.959065,SF3B1
ENSMFAG00000001502_ADM,-4.082565,-4.173609,-4.608452,-4.401995,-4.560784,-4.39968,-4.808948,-4.464031,ADM
ENSMFAG00000042816_TESK2,-4.754727,-4.563653,-4.876904,-4.801346,-4.972161,-5.016327,-5.082349,-5.058074,TESK2
ENSMFAG00000040716_TSSK6,-4.448946,-4.243064,-4.920076,-4.832897,-5.028288,-5.075491,-5.529707,-4.937283,TSSK6
ENSMFAG00000045762_WDR76,-4.602802,-4.462816,-4.926037,-4.950853,-5.008417,-5.138493,-5.101904,-4.858363,WDR76
ENSMFAG00000038789_CLIC4,-4.908446,-4.773683,-4.994645,-4.771471,-4.893242,-4.867021,-5.000929,-4.78711,CLIC4
ENSMFAG00000045679_PMP22,-4.270574,-4.207238,-4.353445,-4.230279,-4.290323,-4.327641,-4.425165,-4.240899,PMP22
ENSMFAG00000040128_CLDN11,-4.078382,-3.945788,-4.197827,-4.174098,-4.336226,-4.316506,-4.517931,-4.178717,CLDN11
ENSMFAG00000039731_QDPR,-3.872756,-3.793419,-4.231123,-4.206204,-4.55399,-4.125009,-4.77569,-4.451297,QDPR
ENSMFAG00000030899_GTF3C3,-4.908846,-4.619669,-4.844798,-4.835956,-4.852473,-5.037122,-5.37572,-4.809304,GTF3C3
ENSMFAG00000036113_LRP5,-4.599315,-4.626885,-5.34991,-4.693921,-4.904413,-5.033842,-5.323913,-4.709868,LRP5
ENSMFAG00000043620_PDE8A,-4.52494,-4.627448,-4.899758,-4.847006,-4.945753,-5.373732,-5.319604,-4.58493,PDE8A
ENSMFAG00000036090_CYB5R4,-4.887797,-4.825144,-5.058576,-4.698128,-4.73426,-4.93892,-5.400477,-4.662711,CYB5R4
ENSMFAG00000044357_VPS8,-4.549571,-4.320714,-5.067352,-5.211942,-5.32014,-4.898477,-5.177636,-4.987711,VPS8
ENSMFAG00000046401_ABCA8,-4.857595,-4.664073,-4.998093,-4.83511,-4.99291,-5.045082,-5.185777,-4.761628,ABCA8
ENSMFAG00000044119_CLIP4,-4.963056,-4.681247,-4.870968,-5.075237,-5.149552,-4.862022,-5.175915,-4.956478,CLIP4
ENSMFAG00000039721_ZNF557,-4.473296,-4.544606,-5.001322,-4.810861,-4.970907,-5.344861,-5.682467,-4.821485,ZNF557
ENSMFAG00000041605_PPP4R1,-4.548997,-4.773709,-5.171938,-4.936652,-5.010135,-5.205056,-5.250444,-4.794815,PPP4R1
ENSMFAG00000033116_KCTD20,-4.557428,-4.568128,-4.983438,-5.164071,-5.509011,-4.803179,-5.537059,-5.28732,KCTD20
ENSMFAG00000000316_ST18,-4.660617,-4.667269,-5.071365,-4.942959,-5.1506,-5.27466,-5.419125,-4.803774,ST18
ENSMFAG00000036850_GSTK1,-4.717571,-4.685971,-5.044379,-5.076521,-5.282662,-5.014545,-5.3996,-5.200659,GSTK1
ENSMFAG00000038654_CCDC163,-4.321736,-4.660129,-5.093907,-4.959173,-5.280822,-5.180219,-5.810971,-5.018013,CCDC163
ENSMFAG00000035980_KAT2B,-4.835078,-4.944389,-5.459015,-4.753833,-4.973592,-4.934099,-5.465067,-4.908748,KAT2B
ENSMFAG00000002333_ZKSCAN8,-4.678694,-4.752918,-5.105343,-5.025389,-5.128027,-5.202507,-5.528252,-4.99172,ZKSCAN8
ENSMFAG00000041825_CHD7,-5.057017,-4.768829,-5.405016,-4.67899,-5.102857,-4.969603,-5.688636,-4.922109,CHD7
ENSMFAG00000001731_VAMP3,-4.347508,-4.248805,-4.31369,-4.063415,-4.061212,-4.211121,-4.289097,-4.043462,VAMP3
ENSMFAG00000044300_NDRG1,-4.457514,-4.464993,-5.089863,-5.159243,-5.542952,-5.278921,-5.802761,-4.999036,NDRG1
ENSMFAG00000034637_HS3ST1  ,-4.669321,-4.708058,-5.378061,-4.688801,-4.912668,-5.350795,-6.12548,-4.732995,HS3ST1  
ENSMFAG00000030574_PIK3R4,-4.635912,-4.65968,-5.117094,-5.099478,-5.291696,-5.20902,-5.822159,-5.139659,PIK3R4
ENSMFAG00000033659_PIK3C2A,-4.875606,-4.860576,-5.3452,-4.840694,-5.000722,-5.056272,-5.859031,-4.781172,PIK3C2A
ENSMFAG00000001564_SENP1,-4.785221,-4.80059,-5.322537,-4.983495,-5.114105,-5.295413,-5.616279,-4.945828,SENP1
ENSMFAG00000034612_ITGB1,-4.032612,-3.775624,-4.227928,-4.007677,-4.239836,-3.90885,-4.345136,-4.015192,ITGB1
ENSMFAG00000027132_PAIP2B,-4.901647,-5.010379,-5.172368,-5.062099,-5.075272,-5.404384,-5.302357,-4.916512,PAIP2B
ENSMFAG00000038431_SEPT4,-4.397594,-4.477899,-5.209109,-5.087239,-5.545602,-5.229282,-5.993512,-5.26438,SEPT4
ENSMFAG00000000621_CNP,-3.689601,-3.620752,-4.018352,-3.997809,-4.288533,-4.098033,-4.445638,-4.066735,CNP
ENSMFAG00000042642_KCNK10,-5.052222,-4.954481,-5.276372,-5.110312,-5.119004,-5.162336,-5.345811,-5.340593,KCNK10
ENSMFAG00000031797_DIP2B,-4.053866,-3.876104,-4.019552,-3.916495,-4.055759,-3.871181,-4.068799,-4.043063,DIP2B
ENSMFAG00000037120_PLEKHH2,-5.29117,-5.085372,-5.292203,-4.889861,-4.954603,-5.259435,-5.280188,-5.015222,PLEKHH2
ENSMFAG00000006848_RF01278,-4.565212,-4.710013,-5.298669,-5.172581,-5.407248,-5.437149,-5.473049,-4.946893,RF01278
ENSMFAG00000000427_ANKAR,-5.139057,-4.57275,-5.518294,-4.988901,-5.146167,-5.270372,-5.550216,-4.957477,ANKAR
ENSMFAG00000035416_DDX59,-5.192854,-4.83645,-5.234822,-5.147459,-5.174637,-5.320333,-5.359379,-5.183741,DDX59
ENSMFAG00000039094_STK26,-4.541789,-4.764911,-5.562255,-5.067571,-5.192711,-5.386021,-5.987499,-5.155958,STK26
ENSMFAG00000039905_URB2,-4.992957,-4.894215,-5.579512,-4.909543,-5.118448,-5.157397,-5.939327,-5.262133,URB2
ENSMFAG00000040290_DEPTOR,-5.182615,-4.891056,-5.653479,-4.739489,-4.978098,-5.387752,-5.778712,-4.82686,DEPTOR
ENSMFAG00000043339_PRLH,-5.118938,-5.01756,-5.513538,-4.965454,-5.054606,-5.194838,-5.760144,-4.975115,PRLH
ENSMFAG00000034115_CD38,-3.936915,-3.641509,-3.827671,-3.695603,-3.762285,-3.887122,-3.973426,-3.788051,CD38
ENSMFAG00000001732_DOCK5,-4.958059,-4.874846,-5.30348,-5.195548,-5.400201,-5.36881,-5.629322,-5.122228,DOCK5
ENSMFAG00000034344_FBXO8,-4.469649,-4.905262,-5.413963,-5.084028,-5.335499,-5.409343,-6.150014,-4.739354,FBXO8
ENSMFAG00000042078_DOK1,-3.799016,-3.454544,-3.926329,-3.791965,-3.859579,-3.731399,-3.991939,-4.028194,DOK1
ENSMFAG00000040109_FRMD4B,-5.007357,-4.834693,-5.408403,-5.001581,-5.431144,-5.300915,-5.874001,-5.14155,FRMD4B
ENSMFAG00000039710_MKLN1,-4.555521,-4.552982,-5.295932,-5.198747,-5.460873,-5.541032,-6.337955,-4.919626,MKLN1
ENSMFAG00000039177_ADAM17,-4.910579,-4.818448,-5.257564,-5.230937,-5.41975,-5.578415,-5.868628,-5.029653,ADAM17
ENSMFAG00000003737_ABCA6,-4.660466,-4.639167,-5.252756,-5.446921,-5.642267,-5.635812,-5.838589,-5.002366,ABCA6
ENSMFAG00000005982_P2RY1,-3.436454,-3.635937,-3.841653,-3.711437,-3.878243,-3.658977,-4.077436,-3.984409,P2RY1
ENSMFAG00000038576_VAX2,-3.50327,-3.484885,-3.839344,-3.803639,-3.885497,-3.697139,-3.901635,-3.792144,VAX2
ENSMFAG00000002027_MAT2A,-5.27994,-4.980474,-5.463849,-5.232083,-5.292595,-5.589503,-5.619683,-5.255427,MAT2A
ENSMFAG00000043608_RHOBTB3,-5.042763,-4.963031,-5.548236,-5.185197,-5.589273,-5.412874,-5.734964,-5.357546,RHOBTB3
ENSMFAG00000023934_TTC39C,-4.937808,-4.82634,-5.587951,-5.318047,-5.516681,-5.386161,-5.964084,-5.201141,TTC39C
ENSMFAG00000036074_AP5M1,-5.093409,-5.089263,-5.509467,-5.47812,-5.503313,-5.238337,-6.075176,-5.550106,AP5M1
ENSMFAG00000032651_GOLGA7,-5.199372,-5.276839,-5.466728,-5.369018,-5.506958,-5.60221,-5.606356,-5.317554,GOLGA7
ENSMFAG00000042033_TCP11L2,-5.823709,-5.363553,-5.489536,-5.188121,-5.234323,-5.527517,-5.575286,-5.253866,TCP11L2
ENSMFAG00000039847_ATP6V0A2,-5.057221,-4.960183,-5.780135,-5.247036,-5.599646,-5.489409,-6.155799,-5.328177,ATP6V0A2
ENSMFAG00000011647_RF00108,-4.748711,-4.841221,-5.506185,-5.474631,-5.728545,-6.025893,-6.010038,-5.065035,RF00108
ENSMFAG00000009175_CDH19,-5.122354,-5.138231,-5.557756,-5.460365,-5.593545,-5.712255,-5.868728,-5.335479,CDH19
ENSMFAG00000035903_KCNH8,-5.701743,-5.328744,-5.721119,-5.282709,-5.341497,-5.574173,-5.562807,-5.373516,KCNH8
ENSMFAG00000034267_CRYAB,-3.548647,-3.50165,-3.645644,-3.643715,-3.775349,-3.806096,-3.868745,-3.728089,CRYAB
ENSMFAG00000037733_NUP205,-5.451134,-5.26254,-5.69797,-5.456992,-5.512674,-5.540998,-5.841664,-5.882426,NUP205
ENSMFAG00000038584_MTMR10,-5.388811,-5.417746,-5.816677,-5.235988,-5.609103,-5.3587,-6.004502,-5.532985,MTMR10
ENSMFAG00000030436_REEP3,-5.025202,-4.856657,-5.70718,-5.490945,-5.931984,-5.831381,-6.183426,-5.511576,REEP3
ENSMFAG00000000598_DCLRE1C,-5.454626,-5.316994,-5.905796,-5.306291,-5.475037,-5.690776,-6.260802,-5.369054,DCLRE1C
ENSMFAG00000003418_PSME4,-5.763376,-5.343573,-5.519342,-5.568622,-5.55437,-5.814418,-6.187025,-5.590561,PSME4
ENSMFAG00000030414_XPO4,-5.350856,-5.02318,-5.79614,-5.831664,-5.896974,-5.860712,-6.180557,-5.610267,XPO4
ENSMFAG00000044093_ZDHHC13,-5.497539,-5.226369,-5.864298,-5.510014,-5.672032,-5.835153,-6.372963,-5.61831,ZDHHC13
ENSMFAG00000042613_CCDC13,-5.171169,-5.122609,-6.022631,-5.51711,-5.891834,-5.745607,-6.648222,-5.735968,CCDC13
ENSMFAG00000031803_RASSF4,-4.802468,-5.087005,-5.826716,-5.487402,-5.99365,-5.838109,-7.289471,-5.786888,RASSF4
ENSMFAG00000037782_DOCK10,-3.84954,-3.675454,-3.585104,-3.357803,-3.435156,-3.558996,-3.727693,-3.484319,DOCK10
ENSMFAG00000039143_BCL2L11,-5.509267,-5.464501,-6.173827,-5.368357,-5.508545,-6.05313,-6.364586,-5.374865,BCL2L11
ENSMFAG00000036003_TMEM144,-5.389931,-5.492574,-5.793309,-5.894594,-5.975166,-6.040806,-6.0114,-5.605543,TMEM144
ENSMFAG00000030543_HPSE,-5.057755,-5.294661,-6.0709,-5.604707,-5.927014,-5.900366,-6.76718,-5.669126,HPSE
ENSMFAG00000002735_RNF13,-5.759305,-5.593637,-5.955205,-5.791125,-5.943377,-5.722886,-5.917368,-5.685813,RNF13
ENSMFAG00000037310_SGK1,-3.506969,-3.373686,-3.636559,-3.525905,-3.671126,-3.528702,-3.568303,-3.578374,SGK1
ENSMFAG00000025111_NXPE3,-5.104566,-5.307706,-5.975633,-5.989669,-6.467399,-5.719339,-6.584014,-6.339079,NXPE3
ENSMFAG00000003641_NEK4,-5.624713,-5.536296,-6.039252,-5.757569,-5.909386,-6.166919,-6.143871,-5.537012,NEK4
ENSMFAG00000034097_CCDC50,-5.823295,-5.473706,-6.216798,-5.585873,-5.844898,-6.139058,-6.234162,-5.380246,CCDC50
ENSMFAG00000036525_CCNE2,-5.56259,-5.378313,-6.074386,-5.859507,-6.017509,-6.312489,-6.246522,-5.582966,CCNE2
ENSMFAG00000026468_ZBTB5,-5.652861,-5.423014,-6.226801,-5.483206,-5.895879,-6.320757,-6.580955,-5.697606,ZBTB5
ENSMFAG00000031622_MSRB3,-5.10232,-5.507799,-6.125875,-5.808206,-6.04592,-6.094958,-6.995144,-5.779874,MSRB3
ENSMFAG00000044849_BUB3,-5.6205,-5.607061,-6.236437,-5.965319,-6.240677,-5.856129,-6.27154,-5.984797,BUB3
ENSMFAG00000043092_MTUS1,-5.655306,-5.75068,-6.124724,-5.747182,-6.014811,-6.101664,-6.406707,-5.750594,MTUS1
ENSMFAG00000031095_MAP4,-5.350899,-5.183379,-6.031743,-5.831929,-6.498006,-6.036799,-6.949353,-6.266122,MAP4
ENSMFAG00000041392_SEMA6A,-3.760669,-3.459279,-3.52619,-3.226242,-3.207806,-3.458946,-3.494053,-3.331057,SEMA6A
ENSMFAG00000002769_EFHD1,-3.287105,-3.096641,-3.278507,-3.224627,-3.366057,-3.330983,-3.393026,-3.293272,EFHD1
ENSMFAG00000030375_HBP1,-5.44866,-5.307437,-6.206535,-6.049219,-6.354989,-6.161391,-6.559971,-5.735984,HBP1
ENSMFAG00000038110_TCAF2 ,-5.504716,-5.563039,-6.315366,-5.585816,-5.856725,-6.073668,-7.200118,-5.835621,TCAF2 
ENSMFAG00000041734_ITCH,-5.41871,-5.555307,-6.266389,-5.928608,-6.254649,-6.104822,-6.577747,-5.790503,ITCH
ENSMFAG00000003532_DHX15,-5.77847,-5.530228,-6.429215,-5.774591,-5.950224,-6.034537,-6.791145,-5.687885,DHX15
ENSMFAG00000000855_STK3,-5.657929,-5.685532,-6.201072,-5.888787,-6.032535,-6.126717,-6.714602,-6.002921,STK3
ENSMFAG00000040273_SNX1,-5.847737,-5.690854,-6.234378,-5.759213,-6.214163,-6.000586,-6.747145,-6.22942,SNX1
ENSMFAG00000045853_ANXA5,-5.275396,-5.457255,-6.182451,-6.107763,-6.486171,-6.429895,-7.068819,-5.924697,ANXA5
ENSMFAG00000036408_VWA8,-4.997362,-5.442442,-6.486192,-5.896653,-6.29679,-6.384813,-7.746867,-5.702523,VWA8
ENSMFAG00000038065_ANGPTL2,-5.398751,-5.749308,-6.155403,-5.591975,-5.929884,-6.650739,-7.812999,-5.580526,ANGPTL2
ENSMFAG00000038604_CERS2,-3.418157,-3.243625,-3.279613,-3.15997,-3.196548,-3.270238,-3.376623,-3.204511,CERS2
ENSMFAG00000003350_ABCA10,-5.463688,-5.582816,-6.238264,-6.162549,-6.372072,-6.388749,-7.106415,-5.77448,ABCA10
ENSMFAG00000042757_PTCD3,-5.468766,-5.686283,-6.487892,-5.899039,-6.165066,-6.663633,-7.215867,-5.662641,PTCD3
ENSMFAG00000043512_OSBPL9,-5.658337,-5.381085,-6.486338,-6.191251,-6.750413,-6.595901,-7.240009,-5.951949,OSBPL9
ENSMFAG00000038838_PLCL1,-5.715087,-5.712951,-6.755713,-6.208348,-6.84831,-6.528515,-7.639541,-6.785964,PLCL1
ENSMFAG00000045267_SP1,-6.177772,-5.998292,-6.699261,-6.38455,-6.504601,-6.735071,-6.98387,-6.555163,SP1
ENSMFAG00000016075_USP3,-6.028194,-5.958162,-6.616563,-6.11928,-6.320479,-7.012319,-7.845798,-5.958707,USP3
ENSMFAG00000036133_FSTL1,-5.748666,-6.088419,-6.910082,-6.008437,-6.301665,-6.88347,-8.047349,-6.116456,FSTL1
ENSMFAG00000040521_ELOVL5,-3.386704,-3.205819,-3.244402,-3.22433,-3.258332,-3.121991,-3.137901,-3.184661,ELOVL5
ENSMFAG00000036762_ANKRD13A,-6.111599,-5.979327,-6.904372,-6.516671,-6.869243,-6.939092,-7.690781,-6.498215,ANKRD13A
ENSMFAG00000041182_HPN,-5.557639,-5.640505,-6.782935,-6.557984,-7.044473,-7.329972,-8.157206,-6.635458,HPN
ENSMFAG00000035564_SFRP1,-3.141764,-3.007642,-3.161497,-3.008088,-3.091005,-3.178148,-3.193014,-3.121055,SFRP1
ENSMFAG00000040731_HELQ,-6.167148,-6.414343,-7.124118,-6.834177,-7.017194,-7.480287,-7.703572,-6.597883,HELQ
ENSMFAG00000002811_VEZF1,-6.733545,-6.383038,-7.195527,-6.80453,-6.993098,-7.111583,-7.730855,-6.747326,VEZF1
ENSMFAG00000000196_LIMS1,-6.270874,-6.368511,-7.487102,-6.73284,-7.355337,-7.122866,-7.908046,-6.928814,LIMS1 
ENSMFAG00000031346_STARD5,-6.522512,-6.475053,-7.539555,-6.737122,-7.013769,-7.836399,-7.943214,-6.754461,STARD5
ENSMFAG00000038478_MITF,-5.818858,-5.87978,-7.814724,-6.54573,-7.463363,-7.465213,-9.233048,-6.580284,MITF
ENSMFAG00000001464_IDE,-5.885017,-6.298812,-8.035089,-6.713246,-7.388537,-7.649084,-9.689207,-6.634036,IDE
ENSMFAG00000002176_SETD7,-6.474449,-6.904867,-8.135021,-6.867215,-7.553564,-7.636972,-9.48467,-7.318032,SETD7
ENSMFAG00000039992_MFAP3L,-6.695731,-7.009674,-8.12668,-7.156932,-7.688444,-8.045665,-9.089087,-7.586036,MFAP3L
ENSMFAG00000041203_ABCB7,-6.268747,-6.724213,-8.12301,-7.245342,-7.833383,-7.80542,-9.833526,-7.209129,ABCB7
ENSMFAG00000045129_RCBTB1,-6.698348,-6.832554,-8.042863,-7.659023,-8.260202,-8.030641,-9.126618,-7.777815,RCBTB1
