Num,Crab.eating.macaque.gene.stable.ID,Crab.eating.macaque.gene.name,Human.Gene.stable.ID,Human.Gene.name,Human.Entrez.Gene,pls1Neg,pls1Pos,GO.0099536.synaptic.signaling,GO.0007272.ensheathment.of.neurons,GO.0050808.synapse.organization,GO.0061564.axon.development,GO.0007612.learning,GO.0016198.axon.choice.point.recognition,GO.0034765.regulation.of.ion.transmembran,GO.1903305.regulation.of.regulated.secret,GO.0044057.regulation.of.system.process,GO.0019932.second.messenger.mediated.sign,GO.0022029.telencephalon.cell.migration,GO.0040008.regulation.of.growth,hsa04080.Neuroactive.ligand.receptor.in,GO.0090066.regulation.of.anatomical.struc,GO.0046328.regulation.of.JNK.cascade,GO.0046849.bone.remodeling,GO.0007422.peripheral.nervous.system.deve,GO.0035235.ionotropic.glutamate.receptor,GO.0015701.bicarbonate.transport,GO.0046467.membrane.lipid.biosynthetic.pr,TotalEvidenceCount
1.0,ENSMFAG00000000059,GEMIN8,ENSG00000046647,GEMIN8,54960.0,1,0,0.0,0.0,0.0,0.0,0.0,0.0,0.0,0.0,0.0,0.0,0.0,0.0,0.0,0.0,0.0,0.0,0.0,0.0,0.0,0.0,1.0
2.0,ENSMFAG00000000064,MCMBP,ENSG00000197771,MCMBP,79892.0,1,0,0.0,0.0,0.0,0.0,0.0,0.0,0.0,0.0,0.0,0.0,0.0,0.0,0.0,0.0,0.0,0.0,0.0,0.0,0.0,0.0,1.0
3.0,ENSMFAG00000000118,FAM234B,ENSG00000084444,FAM234B,57613.0,0,1,0.0,0.0,0.0,0.0,0.0,0.0,0.0,0.0,0.0,0.0,0.0,0.0,0.0,0.0,0.0,0.0,0.0,0.0,0.0,0.0,1.0
4.0,ENSMFAG00000000142,TMCC3,ENSG00000057704,TMCC3,57458.0,1,0,0.0,0.0,0.0,0.0,0.0,0.0,0.0,0.0,0.0,0.0,0.0,0.0,0.0,0.0,0.0,0.0,0.0,0.0,0.0,0.0,1.0
5.0,ENSMFAG00000000143,EIF4EBP2,ENSG00000148730,EIF4EBP2,1979.0,1,0,0.0,0.0,0.0,0.0,0.0,0.0,0.0,0.0,0.0,0.0,0.0,0.0,0.0,0.0,0.0,0.0,0.0,0.0,0.0,0.0,1.0
6.0,ENSMFAG00000000154,SGSM2,ENSG00000141258,SGSM2,9905.0,0,1,0.0,0.0,0.0,0.0,0.0,0.0,0.0,0.0,0.0,0.0,0.0,0.0,0.0,0.0,0.0,0.0,0.0,0.0,0.0,0.0,1.0
7.0,ENSMFAG00000000196,ENSMFAG00000000196,ENSG00000169756,LIMS1,3987.0,1,0,0.0,0.0,0.0,0.0,0.0,0.0,0.0,0.0,0.0,0.0,0.0,0.0,0.0,0.0,0.0,0.0,0.0,0.0,0.0,0.0,1.0
,,,ENSG00000256671,LIMS4,100288695.0,1,0,0.0,0.0,0.0,0.0,0.0,0.0,0.0,0.0,0.0,0.0,0.0,0.0,0.0,0.0,0.0,0.0,0.0,0.0,0.0,0.0,1.0
,,,ENSG00000256977,LIMS3,96626.0,1,0,0.0,0.0,0.0,0.0,0.0,0.0,0.0,0.0,0.0,0.0,0.0,0.0,0.0,0.0,0.0,0.0,0.0,0.0,0.0,0.0,1.0
,,,ENSG00000284337,AC013271.1,100271835.0,1,0,0.0,0.0,0.0,0.0,0.0,0.0,0.0,0.0,0.0,0.0,0.0,0.0,0.0,0.0,0.0,0.0,0.0,0.0,0.0,0.0,1.0
8.0,ENSMFAG00000000236,DOCK11,ENSG00000147251,DOCK11,139818.0,1,0,0.0,0.0,0.0,0.0,0.0,0.0,0.0,0.0,0.0,0.0,0.0,0.0,0.0,0.0,0.0,0.0,0.0,0.0,0.0,0.0,1.0
9.0,ENSMFAG00000000254,UBXN6,ENSG00000167671,UBXN6,80700.0,0,1,0.0,0.0,0.0,0.0,0.0,0.0,0.0,0.0,0.0,0.0,0.0,0.0,0.0,0.0,0.0,0.0,0.0,0.0,0.0,0.0,1.0
10.0,ENSMFAG00000000282,PSD,ENSG00000059915,PSD,5662.0,0,1,0.0,0.0,0.0,0.0,0.0,0.0,0.0,0.0,0.0,0.0,0.0,0.0,0.0,0.0,0.0,0.0,0.0,0.0,0.0,0.0,1.0
11.0,ENSMFAG00000000304,ASPA,ENSG00000108381,ASPA,443.0,1,0,0.0,1.0,1.0,0.0,0.0,0.0,0.0,0.0,0.0,0.0,0.0,0.0,0.0,0.0,0.0,0.0,0.0,0.0,0.0,0.0,1.0
12.0,ENSMFAG00000000316,ST18,ENSG00000147488,ST18,9705.0,1,0,0.0,0.0,0.0,0.0,0.0,0.0,0.0,0.0,0.0,0.0,0.0,0.0,0.0,0.0,0.0,0.0,0.0,0.0,0.0,0.0,1.0
13.0,ENSMFAG00000000328,SLC30A3,ENSG00000115194,SLC30A3,7781.0,0,1,0.0,0.0,0.0,0.0,0.0,0.0,1.0,0.0,0.0,0.0,0.0,0.0,0.0,0.0,0.0,0.0,0.0,0.0,0.0,0.0,1.0
14.0,ENSMFAG00000000375,ADAMTS4,ENSG00000158859,ADAMTS4,9507.0,1,0,0.0,0.0,0.0,0.0,0.0,0.0,0.0,0.0,0.0,0.0,0.0,0.0,0.0,0.0,0.0,0.0,0.0,0.0,0.0,0.0,1.0
15.0,ENSMFAG00000000411,TMEM38B,ENSG00000095209,TMEM38B,55151.0,1,0,0.0,0.0,0.0,0.0,0.0,0.0,1.0,0.0,1.0,0.0,0.0,1.0,0.0,0.0,0.0,0.0,0.0,0.0,0.0,0.0,1.0
16.0,ENSMFAG00000000422,VWA1,ENSG00000179403,VWA1,64856.0,1,0,0.0,0.0,0.0,0.0,0.0,0.0,0.0,0.0,0.0,0.0,0.0,0.0,0.0,0.0,0.0,0.0,0.0,0.0,0.0,0.0,1.0
17.0,ENSMFAG00000000424,NDE1,ENSG00000072864,NDE1,54820.0,1,0,0.0,0.0,0.0,0.0,0.0,0.0,0.0,0.0,0.0,0.0,0.0,0.0,0.0,0.0,0.0,0.0,0.0,0.0,0.0,0.0,1.0
18.0,ENSMFAG00000000427,ANKAR,ENSG00000151687,ANKAR,150709.0,1,0,0.0,0.0,0.0,0.0,0.0,0.0,0.0,0.0,0.0,0.0,0.0,0.0,0.0,0.0,0.0,0.0,0.0,0.0,0.0,0.0,1.0
19.0,ENSMFAG00000000428,ZNF410,ENSG00000119725,ZNF410,57862.0,1,0,0.0,0.0,0.0,0.0,0.0,0.0,0.0,0.0,0.0,0.0,0.0,0.0,0.0,0.0,0.0,0.0,0.0,0.0,0.0,0.0,1.0
20.0,ENSMFAG00000000465,AGAP2,ENSG00000135439,AGAP2,116986.0,0,1,0.0,0.0,0.0,0.0,0.0,0.0,0.0,0.0,0.0,0.0,0.0,0.0,0.0,1.0,0.0,0.0,0.0,0.0,0.0,0.0,1.0
21.0,ENSMFAG00000000466,PRKCD,ENSG00000163932,PRKCD,5580.0,0,1,1.0,0.0,0.0,1.0,0.0,0.0,1.0,0.0,0.0,0.0,0.0,0.0,0.0,1.0,0.0,0.0,0.0,0.0,0.0,1.0,1.0
22.0,ENSMFAG00000000469,PRIMPOL,ENSG00000164306,PRIMPOL,201973.0,1,0,0.0,0.0,0.0,0.0,0.0,0.0,0.0,0.0,0.0,0.0,0.0,0.0,0.0,0.0,0.0,0.0,0.0,0.0,0.0,0.0,1.0
23.0,ENSMFAG00000000498,REXO1,ENSG00000079313,REXO1,57455.0,0,1,0.0,0.0,0.0,0.0,0.0,0.0,0.0,0.0,0.0,0.0,0.0,0.0,0.0,0.0,0.0,0.0,0.0,0.0,0.0,0.0,1.0
24.0,ENSMFAG00000000503,RASA3,ENSG00000185989,RASA3,22821.0,0,1,0.0,0.0,0.0,0.0,0.0,0.0,1.0,0.0,0.0,0.0,0.0,0.0,0.0,0.0,0.0,0.0,0.0,0.0,0.0,0.0,1.0
25.0,ENSMFAG00000000513,JPH1,ENSG00000104369,JPH1,56704.0,0,1,0.0,0.0,0.0,0.0,0.0,0.0,1.0,0.0,0.0,0.0,0.0,0.0,0.0,0.0,0.0,0.0,0.0,0.0,0.0,0.0,1.0
26.0,ENSMFAG00000000544,FOXG1,ENSG00000176165,FOXG1,2290.0,0,1,0.0,1.0,1.0,1.0,0.0,1.0,0.0,0.0,0.0,0.0,1.0,0.0,0.0,0.0,0.0,0.0,0.0,0.0,0.0,0.0,1.0
27.0,ENSMFAG00000000581,GSTCD,ENSG00000138780,GSTCD,79807.0,1,0,0.0,0.0,0.0,0.0,0.0,0.0,0.0,0.0,0.0,0.0,0.0,0.0,0.0,0.0,0.0,0.0,0.0,0.0,0.0,0.0,1.0
28.0,ENSMFAG00000000583,EXOC7,ENSG00000182473,EXOC7,23265.0,0,1,0.0,0.0,0.0,0.0,0.0,0.0,0.0,0.0,0.0,0.0,0.0,0.0,0.0,0.0,0.0,0.0,0.0,0.0,0.0,0.0,1.0
29.0,ENSMFAG00000000598,DCLRE1C,ENSG00000152457,DCLRE1C,64421.0,1,0,0.0,0.0,0.0,0.0,0.0,0.0,0.0,0.0,0.0,0.0,0.0,0.0,0.0,0.0,0.0,1.0,0.0,0.0,0.0,0.0,1.0
30.0,ENSMFAG00000000621,CNP,ENSG00000173786,CNP,1267.0,1,0,0.0,1.0,0.0,0.0,0.0,0.0,0.0,0.0,0.0,0.0,0.0,0.0,0.0,0.0,0.0,0.0,0.0,0.0,0.0,0.0,1.0
31.0,ENSMFAG00000000642,PPM1F,ENSG00000100034,PPM1F,9647.0,0,1,0.0,0.0,1.0,1.0,0.0,0.0,0.0,0.0,0.0,0.0,0.0,1.0,0.0,1.0,0.0,0.0,0.0,0.0,0.0,0.0,1.0
32.0,ENSMFAG00000000684,KCNH6,ENSG00000173826,KCNH6,81033.0,0,1,1.0,0.0,0.0,0.0,0.0,0.0,1.0,0.0,1.0,0.0,0.0,0.0,0.0,0.0,0.0,0.0,0.0,0.0,0.0,0.0,1.0
33.0,ENSMFAG00000000690,MED14,ENSG00000180182,MED14,9282.0,1,0,0.0,0.0,0.0,0.0,0.0,0.0,0.0,0.0,0.0,0.0,0.0,0.0,0.0,0.0,0.0,0.0,0.0,0.0,0.0,0.0,1.0
34.0,ENSMFAG00000000693,TMEM98,ENSG00000006042,TMEM98,26022.0,1,0,0.0,1.0,1.0,0.0,0.0,0.0,0.0,0.0,0.0,0.0,0.0,0.0,0.0,0.0,0.0,0.0,0.0,0.0,0.0,0.0,1.0
35.0,ENSMFAG00000000702,SLC6A9,ENSG00000196517,SLC6A9,6536.0,1,0,1.0,0.0,0.0,0.0,0.0,0.0,1.0,0.0,0.0,0.0,0.0,0.0,0.0,0.0,0.0,0.0,0.0,0.0,1.0,0.0,1.0
36.0,ENSMFAG00000000710,NUP37,ENSG00000075188,NUP37,79023.0,1,0,0.0,0.0,0.0,0.0,0.0,0.0,0.0,0.0,0.0,0.0,0.0,0.0,0.0,0.0,0.0,0.0,0.0,0.0,0.0,0.0,1.0
37.0,ENSMFAG00000000755,ENSMFAG00000000755,ENSG00000284292,AC004922.1,,1,0,,,,,,,,,,,,,,,,,,,,,
38.0,ENSMFAG00000000799,HFE,ENSG00000010704,HFE,3077.0,1,0,1.0,0.0,0.0,0.0,0.0,0.0,1.0,1.0,0.0,0.0,0.0,0.0,0.0,0.0,0.0,0.0,0.0,0.0,0.0,0.0,1.0
39.0,ENSMFAG00000000803,SP5,ENSG00000204335,SP5,389058.0,0,1,0.0,0.0,0.0,0.0,0.0,0.0,0.0,0.0,0.0,0.0,0.0,0.0,0.0,0.0,0.0,0.0,0.0,0.0,0.0,0.0,1.0
40.0,ENSMFAG00000000805,ITPRID1,ENSG00000180347,ITPRID1,223075.0,1,0,0.0,0.0,0.0,0.0,0.0,0.0,0.0,0.0,0.0,0.0,0.0,0.0,0.0,0.0,0.0,0.0,0.0,0.0,0.0,0.0,1.0
41.0,ENSMFAG00000000855,STK3,ENSG00000104375,STK3,6788.0,1,0,0.0,0.0,0.0,0.0,0.0,0.0,0.0,0.0,0.0,0.0,0.0,1.0,0.0,0.0,1.0,0.0,0.0,0.0,0.0,0.0,1.0
42.0,ENSMFAG00000000875,FHL3,ENSG00000183386,FHL3,2275.0,0,1,0.0,0.0,0.0,0.0,0.0,0.0,0.0,0.0,0.0,0.0,0.0,0.0,0.0,1.0,0.0,0.0,0.0,0.0,0.0,0.0,1.0
43.0,ENSMFAG00000000918,ZNF71,ENSG00000197951,ZNF71,58491.0,0,1,0.0,0.0,0.0,0.0,0.0,0.0,0.0,0.0,0.0,0.0,0.0,0.0,0.0,0.0,0.0,0.0,0.0,0.0,0.0,0.0,1.0
44.0,ENSMFAG00000000942,TAPBP,ENSG00000231925,TAPBP,6892.0,0,1,0.0,0.0,0.0,0.0,0.0,0.0,0.0,0.0,0.0,0.0,0.0,0.0,0.0,0.0,0.0,0.0,0.0,0.0,0.0,0.0,1.0
45.0,ENSMFAG00000001017,ABHD17B,ENSG00000107362,ABHD17B,51104.0,1,0,0.0,0.0,0.0,0.0,0.0,0.0,0.0,0.0,0.0,0.0,0.0,0.0,0.0,0.0,0.0,0.0,0.0,0.0,0.0,0.0,1.0
46.0,ENSMFAG00000001040,ENSMFAG00000001040,,,,1,0,,,,,,,,,,,,,,,,,,,,,
47.0,ENSMFAG00000001061,SLC31A2,ENSG00000136867,SLC31A2,1318.0,1,0,0.0,0.0,0.0,0.0,0.0,0.0,1.0,0.0,0.0,0.0,0.0,0.0,0.0,0.0,0.0,0.0,0.0,0.0,0.0,0.0,1.0
48.0,ENSMFAG00000001073,ADGRG2,ENSG00000173698,ADGRG2,10149.0,0,1,0.0,0.0,0.0,0.0,0.0,0.0,0.0,0.0,0.0,0.0,0.0,0.0,0.0,0.0,0.0,0.0,0.0,0.0,0.0,0.0,1.0
49.0,ENSMFAG00000001076,DNAH5,ENSG00000039139,DNAH5,1767.0,0,1,0.0,0.0,0.0,0.0,0.0,0.0,0.0,0.0,0.0,0.0,1.0,0.0,0.0,0.0,0.0,0.0,0.0,0.0,0.0,0.0,1.0
50.0,ENSMFAG00000001080,ARHGEF9,ENSG00000131089,ARHGEF9,23229.0,0,1,0.0,0.0,0.0,0.0,0.0,0.0,0.0,0.0,0.0,0.0,0.0,0.0,0.0,0.0,0.0,0.0,0.0,0.0,0.0,0.0,1.0
51.0,ENSMFAG00000001093,HDAC1,ENSG00000116478,HDAC1,3065.0,1,0,1.0,1.0,1.0,0.0,0.0,0.0,0.0,0.0,0.0,0.0,0.0,0.0,0.0,0.0,0.0,0.0,0.0,0.0,0.0,0.0,1.0
52.0,ENSMFAG00000001094,KRT3,ENSG00000186442,KRT3,3850.0,0,1,0.0,0.0,0.0,0.0,0.0,0.0,0.0,0.0,0.0,0.0,0.0,0.0,0.0,0.0,0.0,0.0,0.0,0.0,0.0,0.0,1.0
53.0,ENSMFAG00000001102,RDH12,ENSG00000139988,RDH12,145226.0,1,0,0.0,0.0,0.0,0.0,0.0,0.0,0.0,0.0,0.0,0.0,0.0,0.0,0.0,0.0,0.0,1.0,0.0,0.0,0.0,0.0,1.0
54.0,ENSMFAG00000001106,SH3TC2,ENSG00000169247,SH3TC2,79628.0,1,0,0.0,1.0,0.0,0.0,0.0,0.0,0.0,0.0,0.0,0.0,0.0,0.0,0.0,0.0,0.0,0.0,1.0,0.0,0.0,0.0,1.0
55.0,ENSMFAG00000001130,TEP1,ENSG00000129566,TEP1,7011.0,1,0,0.0,0.0,0.0,0.0,0.0,0.0,0.0,0.0,0.0,0.0,0.0,0.0,0.0,0.0,0.0,1.0,0.0,0.0,0.0,0.0,1.0
56.0,ENSMFAG00000001140,NEURL1,ENSG00000107954,NEURL1,9148.0,0,1,1.0,0.0,1.0,0.0,0.0,0.0,0.0,0.0,0.0,0.0,0.0,0.0,0.0,0.0,0.0,0.0,0.0,0.0,0.0,0.0,1.0
57.0,ENSMFAG00000001220,ARRB2,ENSG00000141480,ARRB2,409.0,0,1,1.0,0.0,0.0,1.0,1.0,0.0,1.0,1.0,0.0,0.0,0.0,0.0,0.0,0.0,0.0,0.0,0.0,0.0,0.0,0.0,1.0
58.0,ENSMFAG00000001244,PCGF3,ENSG00000185619,PCGF3,10336.0,0,1,0.0,0.0,0.0,0.0,0.0,0.0,0.0,0.0,0.0,0.0,0.0,0.0,0.0,0.0,0.0,0.0,0.0,0.0,0.0,0.0,1.0
59.0,ENSMFAG00000001257,TMEM54,ENSG00000121900,TMEM54,113452.0,0,1,0.0,0.0,0.0,0.0,0.0,0.0,0.0,0.0,0.0,0.0,0.0,0.0,0.0,0.0,0.0,0.0,0.0,0.0,0.0,0.0,1.0
60.0,ENSMFAG00000001335,LRFN1,ENSG00000128011,LRFN1,57622.0,0,1,0.0,0.0,1.0,0.0,0.0,0.0,0.0,0.0,0.0,0.0,0.0,0.0,0.0,0.0,0.0,0.0,0.0,0.0,0.0,0.0,1.0
61.0,ENSMFAG00000001363,USP54,ENSG00000166348,USP54,159195.0,1,0,0.0,0.0,0.0,0.0,0.0,0.0,0.0,0.0,0.0,0.0,0.0,0.0,0.0,0.0,0.0,0.0,0.0,0.0,0.0,0.0,1.0
62.0,ENSMFAG00000001376,SELENOS,ENSG00000131871,SELENOS,55829.0,1,0,0.0,0.0,0.0,0.0,0.0,0.0,0.0,0.0,0.0,0.0,0.0,0.0,0.0,0.0,0.0,0.0,0.0,0.0,1.0,0.0,1.0
63.0,ENSMFAG00000001386,TSPYL4,ENSG00000187189,TSPYL4,23270.0,0,1,0.0,0.0,0.0,0.0,0.0,0.0,0.0,0.0,0.0,0.0,0.0,0.0,0.0,0.0,0.0,0.0,0.0,0.0,0.0,0.0,1.0
64.0,ENSMFAG00000001389,PI4KA,ENSG00000241973,PI4KA,5297.0,0,1,0.0,0.0,0.0,0.0,0.0,0.0,0.0,0.0,0.0,0.0,0.0,0.0,0.0,0.0,0.0,0.0,0.0,0.0,0.0,0.0,1.0
65.0,ENSMFAG00000001391,CDCA7L,ENSG00000164649,CDCA7L,55536.0,1,0,0.0,0.0,0.0,0.0,0.0,0.0,0.0,0.0,0.0,0.0,0.0,0.0,0.0,0.0,0.0,0.0,0.0,0.0,0.0,0.0,1.0
66.0,ENSMFAG00000001408,ELP2,ENSG00000134759,ELP2,55250.0,1,0,0.0,0.0,0.0,0.0,0.0,0.0,0.0,0.0,0.0,0.0,0.0,0.0,0.0,0.0,0.0,0.0,0.0,0.0,0.0,0.0,1.0
67.0,ENSMFAG00000001426,RAPGEFL1,ENSG00000108352,RAPGEFL1,51195.0,0,1,0.0,0.0,0.0,0.0,0.0,0.0,0.0,0.0,0.0,0.0,0.0,0.0,0.0,0.0,0.0,0.0,0.0,0.0,0.0,0.0,1.0
68.0,ENSMFAG00000001442,MAFG,ENSG00000197063,MAFG,4097.0,0,1,0.0,0.0,0.0,0.0,1.0,0.0,0.0,0.0,0.0,0.0,0.0,0.0,0.0,0.0,0.0,0.0,0.0,0.0,0.0,0.0,1.0
69.0,ENSMFAG00000001464,IDE,ENSG00000119912,IDE,3416.0,1,0,0.0,0.0,0.0,0.0,0.0,0.0,0.0,0.0,0.0,0.0,0.0,0.0,0.0,0.0,0.0,0.0,0.0,0.0,0.0,0.0,1.0
70.0,ENSMFAG00000001468,ZSCAN32,ENSG00000140987,ZSCAN32,54925.0,1,0,0.0,0.0,0.0,0.0,0.0,0.0,0.0,0.0,0.0,0.0,0.0,0.0,0.0,0.0,0.0,0.0,0.0,0.0,0.0,0.0,1.0
71.0,ENSMFAG00000001502,ADM,ENSG00000148926,ADM,133.0,1,0,0.0,0.0,0.0,0.0,0.0,0.0,1.0,0.0,1.0,0.0,0.0,1.0,0.0,0.0,0.0,0.0,0.0,0.0,0.0,0.0,1.0
72.0,ENSMFAG00000001510,B4GALNT3,ENSG00000139044,B4GALNT3,283358.0,0,1,0.0,0.0,0.0,0.0,0.0,0.0,0.0,0.0,0.0,0.0,0.0,0.0,0.0,0.0,0.0,0.0,0.0,0.0,0.0,0.0,1.0
73.0,ENSMFAG00000001518,PIANP,ENSG00000139200,PIANP,196500.0,0,1,0.0,0.0,0.0,0.0,0.0,0.0,0.0,0.0,0.0,0.0,0.0,0.0,0.0,0.0,0.0,0.0,0.0,0.0,0.0,0.0,1.0
74.0,ENSMFAG00000001564,ENSMFAG00000001564,ENSG00000079387,SENP1,29843.0,1,0,0.0,0.0,0.0,0.0,0.0,0.0,0.0,0.0,0.0,0.0,0.0,0.0,0.0,0.0,0.0,0.0,0.0,0.0,0.0,0.0,1.0
75.0,ENSMFAG00000001576,NEXMIF,ENSG00000050030,NEXMIF,340533.0,0,1,0.0,0.0,0.0,0.0,0.0,0.0,0.0,0.0,0.0,0.0,0.0,0.0,0.0,0.0,0.0,0.0,0.0,0.0,0.0,0.0,1.0
76.0,ENSMFAG00000001618,PTPDC1,ENSG00000158079,PTPDC1,138639.0,1,0,0.0,0.0,0.0,0.0,0.0,0.0,0.0,0.0,0.0,0.0,0.0,0.0,0.0,0.0,0.0,0.0,0.0,0.0,0.0,0.0,1.0
77.0,ENSMFAG00000001634,ATP9A,ENSG00000054793,ATP9A,10079.0,0,1,0.0,0.0,0.0,0.0,0.0,0.0,0.0,0.0,0.0,0.0,0.0,0.0,0.0,0.0,0.0,0.0,0.0,0.0,0.0,0.0,1.0
78.0,ENSMFAG00000001665,DNAJC5,ENSG00000101152,DNAJC5,80331.0,0,1,1.0,0.0,0.0,0.0,0.0,0.0,0.0,1.0,0.0,0.0,0.0,0.0,0.0,0.0,0.0,0.0,0.0,0.0,0.0,0.0,1.0
79.0,ENSMFAG00000001669,RNF114,ENSG00000124226,RNF114,55905.0,1,0,0.0,0.0,0.0,0.0,0.0,0.0,0.0,0.0,0.0,0.0,0.0,0.0,0.0,0.0,0.0,0.0,0.0,0.0,0.0,0.0,1.0
80.0,ENSMFAG00000001692,MAPK8IP2,ENSG00000008735,MAPK8IP2,23542.0,0,1,1.0,0.0,0.0,1.0,1.0,0.0,1.0,0.0,0.0,0.0,0.0,0.0,0.0,0.0,1.0,0.0,0.0,0.0,0.0,0.0,1.0
81.0,ENSMFAG00000001731,VAMP3,ENSG00000049245,VAMP3,9341.0,1,0,0.0,0.0,0.0,0.0,0.0,0.0,0.0,1.0,0.0,0.0,0.0,0.0,0.0,0.0,0.0,0.0,0.0,0.0,0.0,0.0,1.0
82.0,ENSMFAG00000001732,DOCK5,ENSG00000147459,DOCK5,80005.0,1,0,0.0,0.0,0.0,0.0,0.0,0.0,0.0,0.0,1.0,0.0,0.0,0.0,0.0,0.0,0.0,0.0,0.0,0.0,0.0,0.0,1.0
83.0,ENSMFAG00000001770,PSD3,ENSG00000156011,PSD3,23362.0,0,1,0.0,0.0,0.0,0.0,0.0,0.0,0.0,0.0,0.0,0.0,0.0,0.0,0.0,0.0,0.0,0.0,0.0,0.0,0.0,0.0,1.0
84.0,ENSMFAG00000001810,CDH10,ENSG00000040731,CDH10,1008.0,0,1,0.0,0.0,1.0,0.0,0.0,0.0,0.0,0.0,0.0,0.0,0.0,0.0,0.0,0.0,0.0,0.0,0.0,0.0,0.0,0.0,1.0
85.0,ENSMFAG00000001850,USP20,ENSG00000136878,USP20,10868.0,0,1,0.0,0.0,0.0,0.0,0.0,0.0,0.0,0.0,0.0,0.0,0.0,0.0,0.0,0.0,0.0,0.0,0.0,0.0,0.0,0.0,1.0
86.0,ENSMFAG00000001852,TMLHE,ENSG00000185973,TMLHE,55217.0,1,0,0.0,0.0,0.0,0.0,0.0,0.0,0.0,0.0,0.0,0.0,0.0,0.0,0.0,0.0,0.0,0.0,0.0,0.0,0.0,0.0,1.0
87.0,ENSMFAG00000001867,CAPN7,ENSG00000131375,CAPN7,23473.0,1,0,0.0,0.0,0.0,0.0,0.0,0.0,0.0,0.0,0.0,0.0,0.0,0.0,0.0,0.0,0.0,0.0,0.0,0.0,0.0,0.0,1.0
88.0,ENSMFAG00000001870,ZNF20,ENSG00000132010,ZNF20,7568.0,1,0,0.0,0.0,0.0,0.0,0.0,0.0,0.0,0.0,0.0,0.0,0.0,0.0,0.0,0.0,0.0,0.0,0.0,0.0,0.0,0.0,1.0
89.0,ENSMFAG00000001889,PPP1R14C,ENSG00000198729,PPP1R14C,81706.0,0,1,0.0,0.0,0.0,0.0,0.0,0.0,0.0,0.0,0.0,0.0,0.0,0.0,0.0,0.0,0.0,0.0,0.0,0.0,0.0,0.0,1.0
90.0,ENSMFAG00000001969,GNG13,ENSG00000127588,GNG13,51764.0,0,1,0.0,0.0,0.0,0.0,0.0,0.0,0.0,0.0,0.0,0.0,0.0,0.0,0.0,0.0,0.0,0.0,0.0,1.0,0.0,0.0,1.0
91.0,ENSMFAG00000001996,CLCA2,ENSG00000137975,CLCA2,9635.0,1,0,0.0,0.0,0.0,0.0,0.0,0.0,0.0,0.0,0.0,0.0,0.0,0.0,0.0,0.0,0.0,0.0,0.0,0.0,1.0,0.0,1.0
92.0,ENSMFAG00000002027,MAT2A,ENSG00000168906,MAT2A,4144.0,1,0,0.0,0.0,0.0,0.0,0.0,0.0,0.0,0.0,0.0,0.0,0.0,0.0,0.0,0.0,0.0,0.0,0.0,0.0,0.0,0.0,1.0
93.0,ENSMFAG00000002072,PCDH8,ENSG00000136099,PCDH8,5100.0,0,1,1.0,0.0,1.0,0.0,0.0,0.0,0.0,0.0,0.0,0.0,0.0,0.0,0.0,0.0,0.0,0.0,0.0,0.0,0.0,0.0,1.0
94.0,ENSMFAG00000002123,ANKRD13B,ENSG00000198720,ANKRD13B,124930.0,0,1,0.0,0.0,0.0,0.0,0.0,0.0,0.0,1.0,0.0,0.0,0.0,0.0,0.0,0.0,0.0,0.0,0.0,0.0,0.0,0.0,1.0
95.0,ENSMFAG00000002160,SPINDOC,ENSG00000168005,SPINDOC,144097.0,0,1,0.0,0.0,0.0,0.0,0.0,0.0,0.0,0.0,0.0,0.0,0.0,0.0,0.0,0.0,0.0,0.0,0.0,0.0,0.0,0.0,1.0
96.0,ENSMFAG00000002176,SETD7,ENSG00000145391,SETD7,80854.0,1,0,0.0,0.0,0.0,0.0,0.0,0.0,0.0,0.0,0.0,0.0,0.0,0.0,0.0,0.0,0.0,0.0,0.0,0.0,0.0,0.0,1.0
97.0,ENSMFAG00000002180,ADGRL1,ENSG00000072071,ADGRL1,22859.0,0,1,0.0,0.0,1.0,0.0,0.0,0.0,0.0,0.0,0.0,1.0,0.0,0.0,0.0,0.0,0.0,0.0,0.0,0.0,0.0,0.0,1.0
98.0,ENSMFAG00000002207,PLS1,ENSG00000120756,PLS1,5357.0,1,0,0.0,0.0,0.0,0.0,0.0,0.0,0.0,0.0,0.0,0.0,0.0,1.0,0.0,0.0,0.0,0.0,0.0,0.0,0.0,0.0,1.0
99.0,ENSMFAG00000002228,C1QL1,ENSG00000131094,C1QL1,10882.0,0,1,0.0,0.0,1.0,0.0,1.0,0.0,0.0,0.0,0.0,0.0,0.0,0.0,0.0,0.0,0.0,0.0,0.0,0.0,0.0,0.0,1.0
100.0,ENSMFAG00000002241,C21orf91,ENSG00000154642,C21orf91,54149.0,1,0,0.0,0.0,0.0,0.0,0.0,0.0,0.0,0.0,0.0,0.0,0.0,0.0,0.0,0.0,0.0,0.0,0.0,0.0,0.0,0.0,1.0
101.0,ENSMFAG00000002264,KCNK4,ENSG00000182450,KCNK4,50801.0,0,1,1.0,0.0,0.0,0.0,1.0,0.0,1.0,0.0,1.0,0.0,0.0,0.0,0.0,0.0,0.0,0.0,0.0,0.0,0.0,0.0,1.0
102.0,ENSMFAG00000002286,SLC7A9,ENSG00000021488,SLC7A9,11136.0,1,0,0.0,0.0,0.0,0.0,0.0,0.0,0.0,0.0,0.0,0.0,0.0,0.0,0.0,0.0,0.0,0.0,0.0,0.0,1.0,0.0,1.0
103.0,ENSMFAG00000002297,WASF1,ENSG00000112290,WASF1,8936.0,0,1,0.0,0.0,1.0,1.0,0.0,0.0,0.0,0.0,0.0,0.0,0.0,1.0,0.0,1.0,0.0,0.0,0.0,0.0,0.0,0.0,1.0
104.0,ENSMFAG00000002333,ZKSCAN8,ENSG00000198315,ZKSCAN8,7745.0,1,0,0.0,0.0,0.0,0.0,0.0,0.0,0.0,0.0,0.0,0.0,0.0,0.0,0.0,0.0,0.0,0.0,0.0,0.0,0.0,0.0,1.0
105.0,ENSMFAG00000002374,FBXO10,ENSG00000147912,FBXO10,26267.0,1,0,0.0,0.0,0.0,0.0,0.0,0.0,0.0,0.0,0.0,0.0,0.0,0.0,0.0,0.0,0.0,0.0,0.0,0.0,0.0,0.0,1.0
106.0,ENSMFAG00000002392,SHISA2,ENSG00000180730,SHISA2,387914.0,0,1,0.0,0.0,0.0,0.0,0.0,0.0,0.0,0.0,0.0,0.0,0.0,0.0,0.0,0.0,0.0,0.0,0.0,0.0,0.0,0.0,1.0
107.0,ENSMFAG00000002394,NPAS4,ENSG00000174576,NPAS4,266743.0,0,1,1.0,0.0,1.0,0.0,1.0,0.0,0.0,0.0,0.0,0.0,0.0,0.0,0.0,0.0,0.0,0.0,0.0,0.0,0.0,0.0,1.0
108.0,ENSMFAG00000002420,CDC23,ENSG00000094880,CDC23,8697.0,1,0,0.0,0.0,0.0,0.0,0.0,0.0,0.0,0.0,0.0,0.0,0.0,0.0,0.0,0.0,0.0,0.0,0.0,0.0,0.0,0.0,1.0
109.0,ENSMFAG00000002426,EXOC3L4,ENSG00000205436,EXOC3L4,91828.0,0,1,0.0,0.0,0.0,0.0,0.0,0.0,0.0,0.0,0.0,0.0,0.0,0.0,0.0,0.0,0.0,0.0,0.0,0.0,0.0,0.0,1.0
110.0,ENSMFAG00000002479,APP,ENSG00000142192,APP,351.0,0,1,1.0,1.0,1.0,1.0,1.0,1.0,1.0,1.0,1.0,0.0,0.0,1.0,0.0,1.0,1.0,0.0,0.0,1.0,0.0,0.0,1.0
111.0,ENSMFAG00000002494,CEP170B,ENSG00000099814,CEP170B,283638.0,0,1,0.0,0.0,0.0,0.0,0.0,0.0,0.0,0.0,0.0,0.0,0.0,0.0,0.0,0.0,0.0,0.0,0.0,0.0,0.0,0.0,1.0
112.0,ENSMFAG00000002613,IFNLR1,ENSG00000185436,IFNLR1,163702.0,1,0,0.0,0.0,0.0,0.0,0.0,0.0,0.0,0.0,0.0,0.0,0.0,0.0,0.0,0.0,0.0,0.0,0.0,0.0,0.0,0.0,1.0
113.0,ENSMFAG00000002654,BEND7,ENSG00000165626,BEND7,222389.0,1,0,0.0,0.0,0.0,0.0,0.0,0.0,0.0,0.0,0.0,0.0,0.0,0.0,0.0,0.0,0.0,0.0,0.0,0.0,0.0,0.0,1.0
114.0,ENSMFAG00000002658,SLC2A12,ENSG00000146411,SLC2A12,154091.0,1,0,0.0,0.0,0.0,0.0,0.0,0.0,0.0,0.0,0.0,0.0,0.0,0.0,0.0,0.0,0.0,0.0,0.0,0.0,1.0,0.0,1.0
115.0,ENSMFAG00000002696,ZNF577,ENSG00000161551,ZNF577,84765.0,1,0,0.0,0.0,0.0,0.0,0.0,0.0,0.0,0.0,0.0,0.0,0.0,0.0,0.0,0.0,0.0,0.0,0.0,0.0,0.0,0.0,1.0
116.0,ENSMFAG00000002701,DLL1,ENSG00000198719,DLL1,28514.0,1,0,0.0,1.0,1.0,0.0,0.0,0.0,0.0,0.0,1.0,0.0,0.0,1.0,0.0,0.0,0.0,1.0,0.0,0.0,0.0,0.0,1.0
117.0,ENSMFAG00000002708,DOK4,ENSG00000125170,DOK4,55715.0,0,1,0.0,0.0,0.0,1.0,0.0,0.0,0.0,0.0,0.0,0.0,0.0,0.0,0.0,0.0,0.0,0.0,0.0,0.0,0.0,0.0,1.0
118.0,ENSMFAG00000002722,COL11A1,ENSG00000060718,COL11A1,1301.0,0,1,0.0,0.0,0.0,0.0,0.0,0.0,0.0,0.0,0.0,0.0,0.0,0.0,0.0,1.0,0.0,0.0,0.0,0.0,0.0,0.0,1.0
119.0,ENSMFAG00000002731,FBRS,ENSG00000156860,FBRS,64319.0,0,1,0.0,0.0,0.0,0.0,0.0,0.0,0.0,0.0,0.0,0.0,0.0,0.0,0.0,0.0,0.0,0.0,0.0,0.0,0.0,0.0,1.0
120.0,ENSMFAG00000002735,RNF13,ENSG00000082996,RNF13,11342.0,1,0,0.0,0.0,0.0,0.0,0.0,0.0,0.0,0.0,0.0,0.0,0.0,0.0,0.0,0.0,0.0,0.0,0.0,0.0,0.0,0.0,1.0
121.0,ENSMFAG00000002756,CYP46A1,ENSG00000036530,CYP46A1,10858.0,0,1,1.0,0.0,0.0,0.0,0.0,0.0,0.0,0.0,0.0,0.0,0.0,0.0,0.0,0.0,0.0,0.0,0.0,0.0,0.0,0.0,1.0
122.0,ENSMFAG00000002769,EFHD1,ENSG00000115468,EFHD1,80303.0,1,0,0.0,0.0,0.0,0.0,0.0,0.0,0.0,0.0,0.0,0.0,0.0,0.0,0.0,0.0,0.0,0.0,0.0,0.0,0.0,0.0,1.0
123.0,ENSMFAG00000002805,POLG2,ENSG00000256525,POLG2,11232.0,1,0,0.0,0.0,0.0,0.0,0.0,0.0,0.0,0.0,0.0,0.0,0.0,0.0,0.0,0.0,0.0,0.0,0.0,0.0,0.0,0.0,1.0
124.0,ENSMFAG00000002811,VEZF1,ENSG00000136451,VEZF1,7716.0,1,0,0.0,0.0,0.0,0.0,0.0,0.0,0.0,0.0,0.0,0.0,0.0,0.0,0.0,0.0,0.0,0.0,0.0,0.0,0.0,0.0,1.0
125.0,ENSMFAG00000002820,FAM184B,ENSG00000047662,FAM184B,27146.0,0,1,0.0,0.0,0.0,0.0,0.0,0.0,0.0,0.0,0.0,0.0,0.0,0.0,0.0,0.0,0.0,0.0,0.0,0.0,0.0,0.0,1.0
126.0,ENSMFAG00000002821,SLC4A2,ENSG00000164889,SLC4A2,6522.0,1,0,0.0,0.0,0.0,0.0,0.0,0.0,0.0,0.0,0.0,0.0,0.0,0.0,0.0,0.0,0.0,0.0,0.0,0.0,1.0,0.0,1.0
127.0,ENSMFAG00000002827,ENPP2,ENSG00000136960,ENPP2,5168.0,1,0,0.0,0.0,0.0,0.0,0.0,0.0,0.0,0.0,0.0,0.0,0.0,0.0,0.0,0.0,0.0,0.0,0.0,0.0,0.0,1.0,1.0
128.0,ENSMFAG00000002877,ZNF473,ENSG00000142528,ZNF473,25888.0,1,0,0.0,0.0,0.0,0.0,0.0,0.0,0.0,0.0,0.0,0.0,0.0,0.0,0.0,0.0,0.0,0.0,0.0,0.0,0.0,0.0,1.0
129.0,ENSMFAG00000002881,KIF3C,ENSG00000084731,KIF3C,3797.0,0,1,0.0,0.0,0.0,0.0,0.0,0.0,0.0,0.0,0.0,0.0,0.0,0.0,0.0,0.0,0.0,0.0,0.0,0.0,0.0,0.0,1.0
130.0,ENSMFAG00000002894,SLAIN1,ENSG00000139737,SLAIN1,122060.0,1,0,0.0,0.0,0.0,0.0,0.0,0.0,0.0,0.0,0.0,0.0,0.0,0.0,0.0,0.0,0.0,0.0,0.0,0.0,0.0,0.0,1.0
131.0,ENSMFAG00000002979,CBX6,ENSG00000183741,CBX6,23466.0,0,1,0.0,0.0,0.0,0.0,0.0,0.0,0.0,0.0,0.0,0.0,0.0,0.0,0.0,0.0,0.0,0.0,0.0,0.0,0.0,0.0,1.0
132.0,ENSMFAG00000002989,SYT5,ENSG00000129990,SYT5,6861.0,0,1,1.0,0.0,0.0,0.0,0.0,0.0,0.0,1.0,0.0,0.0,0.0,0.0,0.0,0.0,0.0,0.0,0.0,0.0,0.0,0.0,1.0
133.0,ENSMFAG00000002990,LAMB3,ENSG00000196878,LAMB3,3914.0,0,1,0.0,0.0,1.0,1.0,0.0,0.0,0.0,0.0,0.0,0.0,0.0,0.0,0.0,0.0,0.0,0.0,0.0,0.0,0.0,0.0,1.0
134.0,ENSMFAG00000003054,RASGRF2,ENSG00000113319,RASGRF2,5924.0,0,1,1.0,0.0,0.0,0.0,0.0,0.0,1.0,0.0,0.0,0.0,0.0,0.0,0.0,0.0,0.0,0.0,0.0,0.0,0.0,0.0,1.0
135.0,ENSMFAG00000003076,SLC1A6,ENSG00000105143,SLC1A6,6511.0,0,1,1.0,0.0,0.0,0.0,0.0,0.0,0.0,1.0,0.0,0.0,0.0,0.0,0.0,0.0,0.0,0.0,0.0,1.0,0.0,0.0,1.0
136.0,ENSMFAG00000003078,ACTN1,ENSG00000072110,ACTN1,87.0,0,1,0.0,0.0,1.0,1.0,0.0,0.0,0.0,0.0,0.0,0.0,0.0,0.0,0.0,1.0,0.0,0.0,0.0,0.0,0.0,0.0,1.0
137.0,ENSMFAG00000003086,ZCCHC24,ENSG00000165424,ZCCHC24,219654.0,1,0,0.0,0.0,0.0,0.0,0.0,0.0,0.0,0.0,0.0,0.0,0.0,0.0,0.0,0.0,0.0,0.0,0.0,0.0,0.0,0.0,1.0
138.0,ENSMFAG00000003162,H6PD,ENSG00000049239,H6PD,9563.0,1,0,0.0,0.0,0.0,0.0,0.0,0.0,0.0,0.0,0.0,0.0,0.0,0.0,0.0,0.0,0.0,0.0,0.0,0.0,0.0,0.0,1.0
139.0,ENSMFAG00000003224,KCNJ4,ENSG00000168135,KCNJ4,3761.0,0,1,0.0,0.0,0.0,0.0,0.0,0.0,1.0,0.0,1.0,0.0,0.0,0.0,0.0,0.0,0.0,0.0,0.0,0.0,0.0,0.0,1.0
140.0,ENSMFAG00000003240,FKBP1B,ENSG00000119782,FKBP1B,2281.0,0,1,1.0,0.0,0.0,1.0,0.0,0.0,1.0,1.0,1.0,1.0,0.0,0.0,0.0,0.0,0.0,0.0,0.0,0.0,0.0,0.0,1.0
141.0,ENSMFAG00000003246,NPDC1,ENSG00000107281,NPDC1,56654.0,0,1,0.0,0.0,0.0,0.0,0.0,0.0,0.0,0.0,0.0,0.0,0.0,0.0,0.0,0.0,0.0,0.0,0.0,0.0,0.0,0.0,1.0
142.0,ENSMFAG00000003247,DTHD1,ENSG00000197057,DTHD1,401124.0,1,0,0.0,0.0,0.0,0.0,0.0,0.0,0.0,0.0,0.0,0.0,0.0,0.0,0.0,0.0,0.0,0.0,0.0,0.0,0.0,0.0,1.0
143.0,ENSMFAG00000003274,MRTFB,ENSG00000186260,MRTFB,57496.0,0,1,0.0,0.0,0.0,0.0,0.0,0.0,0.0,0.0,0.0,0.0,0.0,0.0,0.0,0.0,0.0,0.0,0.0,0.0,0.0,0.0,1.0
144.0,ENSMFAG00000003280,FBXL16,ENSG00000127585,FBXL16,146330.0,0,1,0.0,0.0,0.0,0.0,0.0,0.0,0.0,0.0,0.0,0.0,0.0,0.0,0.0,0.0,0.0,0.0,0.0,0.0,0.0,0.0,1.0
145.0,ENSMFAG00000003319,CYP2J2,ENSG00000134716,CYP2J2,1573.0,1,0,0.0,0.0,0.0,0.0,0.0,0.0,0.0,0.0,1.0,0.0,0.0,0.0,0.0,0.0,0.0,0.0,0.0,0.0,0.0,0.0,1.0
146.0,ENSMFAG00000003350,ABCA10,ENSG00000154263,ABCA10,10349.0,1,0,0.0,0.0,0.0,0.0,0.0,0.0,0.0,0.0,0.0,0.0,0.0,0.0,0.0,0.0,0.0,0.0,0.0,0.0,0.0,0.0,1.0
147.0,ENSMFAG00000003369,DTX1,ENSG00000135144,DTX1,1840.0,0,1,0.0,1.0,0.0,0.0,0.0,0.0,0.0,0.0,0.0,0.0,0.0,0.0,0.0,0.0,0.0,0.0,0.0,0.0,0.0,0.0,1.0
148.0,ENSMFAG00000003378,GALNTL6,ENSG00000174473,GALNTL6,442117.0,0,1,0.0,0.0,0.0,0.0,0.0,0.0,0.0,0.0,0.0,0.0,0.0,0.0,0.0,0.0,0.0,0.0,0.0,0.0,0.0,0.0,1.0
149.0,ENSMFAG00000003384,ENSMFAG00000003384,ENSG00000186868,MAPT,4137.0,0,1,1.0,1.0,1.0,1.0,1.0,0.0,0.0,0.0,0.0,1.0,1.0,1.0,0.0,1.0,0.0,0.0,0.0,0.0,0.0,0.0,1.0
150.0,ENSMFAG00000003418,PSME4,ENSG00000068878,PSME4,23198.0,1,0,0.0,0.0,0.0,0.0,0.0,0.0,0.0,0.0,0.0,0.0,0.0,0.0,0.0,0.0,0.0,0.0,0.0,0.0,0.0,0.0,1.0
151.0,ENSMFAG00000003427,ZDHHC9,ENSG00000188706,ZDHHC9,51114.0,1,0,0.0,0.0,0.0,0.0,0.0,0.0,0.0,0.0,0.0,0.0,0.0,0.0,0.0,0.0,0.0,0.0,0.0,0.0,0.0,0.0,1.0
152.0,ENSMFAG00000003432,CA11,ENSG00000063180,CA11,770.0,0,1,0.0,0.0,0.0,0.0,0.0,0.0,0.0,0.0,0.0,0.0,0.0,0.0,0.0,0.0,0.0,0.0,0.0,0.0,0.0,0.0,1.0
153.0,ENSMFAG00000003438,CEP44,ENSG00000164118,CEP44,80817.0,1,0,0.0,0.0,0.0,0.0,0.0,0.0,0.0,0.0,0.0,0.0,0.0,0.0,0.0,0.0,0.0,0.0,0.0,0.0,0.0,0.0,1.0
154.0,ENSMFAG00000003445,TRPM1,ENSG00000134160,TRPM1,4308.0,1,0,0.0,0.0,0.0,0.0,0.0,0.0,1.0,0.0,0.0,0.0,0.0,0.0,0.0,0.0,0.0,0.0,0.0,0.0,0.0,0.0,1.0
155.0,ENSMFAG00000003486,ZNF512B,ENSG00000196700,ZNF512B,57473.0,0,1,0.0,0.0,0.0,0.0,0.0,0.0,0.0,0.0,0.0,0.0,0.0,0.0,0.0,0.0,0.0,0.0,0.0,0.0,0.0,0.0,1.0
156.0,ENSMFAG00000003493,JAK1,ENSG00000162434,JAK1,3716.0,1,0,0.0,0.0,0.0,0.0,0.0,0.0,0.0,0.0,0.0,0.0,0.0,0.0,0.0,0.0,0.0,0.0,0.0,0.0,0.0,0.0,1.0
157.0,ENSMFAG00000003532,DHX15,ENSG00000109606,DHX15,1665.0,1,0,0.0,0.0,0.0,0.0,0.0,0.0,0.0,0.0,0.0,0.0,0.0,0.0,0.0,0.0,0.0,0.0,0.0,0.0,0.0,0.0,1.0
158.0,ENSMFAG00000003541,RNF125,ENSG00000101695,RNF125,54941.0,1,0,0.0,0.0,0.0,0.0,0.0,0.0,0.0,0.0,0.0,0.0,0.0,0.0,0.0,0.0,0.0,0.0,0.0,0.0,0.0,0.0,1.0
159.0,ENSMFAG00000003547,RRP36,ENSG00000124541,RRP36,88745.0,1,0,0.0,0.0,0.0,0.0,0.0,0.0,0.0,0.0,0.0,0.0,0.0,0.0,0.0,0.0,0.0,0.0,0.0,0.0,0.0,0.0,1.0
160.0,ENSMFAG00000003552,ENSMFAG00000003552,ENSG00000126860,EVI2A,2123.0,1,0,0.0,0.0,0.0,0.0,0.0,0.0,0.0,0.0,0.0,0.0,0.0,0.0,0.0,0.0,0.0,0.0,0.0,0.0,0.0,0.0,1.0
,,,ENSG00000265118,AC134669.1,,1,0,,,,,,,,,,,,,,,,,,,,,
161.0,ENSMFAG00000003587,CHI3L1,ENSG00000133048,CHI3L1,1116.0,1,0,0.0,0.0,0.0,0.0,0.0,0.0,0.0,0.0,0.0,0.0,0.0,0.0,0.0,0.0,0.0,0.0,0.0,0.0,0.0,0.0,1.0
162.0,ENSMFAG00000003628,E2F3,ENSG00000112242,E2F3,1871.0,0,1,0.0,0.0,0.0,0.0,0.0,0.0,0.0,0.0,0.0,0.0,0.0,0.0,0.0,0.0,0.0,0.0,0.0,0.0,0.0,0.0,1.0
163.0,ENSMFAG00000003641,NEK4,ENSG00000114904,NEK4,6787.0,1,0,0.0,0.0,0.0,0.0,0.0,0.0,0.0,0.0,0.0,0.0,0.0,0.0,0.0,0.0,0.0,0.0,0.0,0.0,0.0,0.0,1.0
164.0,ENSMFAG00000003657,GP1BB,ENSG00000203618,GP1BB,2812.0,0,1,0.0,0.0,0.0,0.0,0.0,0.0,0.0,0.0,0.0,0.0,0.0,0.0,0.0,0.0,0.0,0.0,0.0,0.0,0.0,0.0,1.0
165.0,ENSMFAG00000003675,SNX32,ENSG00000172803,SNX32,254122.0,0,1,0.0,0.0,0.0,0.0,0.0,0.0,0.0,0.0,0.0,0.0,0.0,0.0,0.0,0.0,0.0,0.0,0.0,0.0,0.0,0.0,1.0
166.0,ENSMFAG00000003719,PTK2B,ENSG00000120899,PTK2B,2185.0,0,1,1.0,1.0,1.0,1.0,0.0,0.0,1.0,0.0,1.0,1.0,0.0,1.0,1.0,1.0,1.0,0.0,0.0,1.0,0.0,0.0,1.0
167.0,ENSMFAG00000003737,ABCA6,ENSG00000154262,ABCA6,23460.0,1,0,0.0,0.0,0.0,0.0,0.0,0.0,0.0,0.0,0.0,0.0,0.0,0.0,0.0,0.0,0.0,0.0,0.0,0.0,0.0,0.0,1.0
168.0,ENSMFAG00000003778,KDM4C,ENSG00000107077,KDM4C,23081.0,1,0,0.0,0.0,0.0,0.0,0.0,0.0,0.0,0.0,0.0,0.0,0.0,0.0,0.0,0.0,0.0,0.0,0.0,0.0,0.0,0.0,1.0
169.0,ENSMFAG00000003816,GABRA3,ENSG00000011677,GABRA3,2556.0,0,1,1.0,0.0,0.0,0.0,0.0,0.0,0.0,0.0,0.0,0.0,0.0,0.0,1.0,0.0,0.0,0.0,0.0,0.0,0.0,0.0,1.0
170.0,ENSMFAG00000003818,SLC11A2,ENSG00000110911,SLC11A2,4891.0,1,0,0.0,0.0,0.0,0.0,0.0,0.0,1.0,0.0,0.0,0.0,0.0,0.0,0.0,0.0,0.0,1.0,0.0,0.0,0.0,0.0,1.0
171.0,ENSMFAG00000003839,UPK2,ENSG00000110375,UPK2,7379.0,0,1,0.0,0.0,0.0,0.0,0.0,0.0,0.0,0.0,0.0,0.0,0.0,0.0,0.0,0.0,0.0,0.0,0.0,0.0,0.0,0.0,1.0
172.0,ENSMFAG00000003845,AOPEP,ENSG00000148120,AOPEP,84909.0,1,0,0.0,0.0,0.0,0.0,0.0,0.0,0.0,0.0,1.0,0.0,0.0,0.0,0.0,0.0,0.0,0.0,0.0,0.0,0.0,0.0,1.0
173.0,ENSMFAG00000003853,ZNF132,ENSG00000131849,ZNF132,7691.0,1,0,0.0,0.0,0.0,0.0,0.0,0.0,0.0,0.0,0.0,0.0,0.0,0.0,0.0,0.0,0.0,0.0,0.0,0.0,0.0,0.0,1.0
174.0,ENSMFAG00000003892,C2orf80,ENSG00000188674,C2orf80,389073.0,0,1,0.0,0.0,0.0,0.0,0.0,0.0,0.0,0.0,0.0,0.0,0.0,0.0,0.0,0.0,0.0,0.0,0.0,0.0,0.0,0.0,1.0
175.0,ENSMFAG00000003948,AWAT2,ENSG00000147160,AWAT2,158835.0,0,1,0.0,0.0,0.0,0.0,0.0,0.0,0.0,0.0,0.0,0.0,0.0,0.0,0.0,0.0,0.0,0.0,0.0,0.0,0.0,0.0,1.0
176.0,ENSMFAG00000003950,CD22,ENSG00000012124,CD22,933.0,1,0,0.0,0.0,0.0,0.0,0.0,0.0,0.0,0.0,0.0,0.0,0.0,0.0,0.0,0.0,0.0,0.0,0.0,0.0,0.0,0.0,1.0
177.0,ENSMFAG00000003951,ENSMFAG00000003951,,,,1,0,,,,,,,,,,,,,,,,,,,,,
178.0,ENSMFAG00000003984,IFNGR1,ENSG00000027697,IFNGR1,3459.0,1,0,0.0,1.0,0.0,0.0,0.0,0.0,0.0,0.0,0.0,0.0,0.0,0.0,0.0,0.0,0.0,0.0,0.0,0.0,0.0,0.0,1.0
179.0,ENSMFAG00000004023,KLK6,ENSG00000167755,KLK6,5653.0,1,0,0.0,1.0,0.0,0.0,0.0,0.0,0.0,0.0,0.0,0.0,0.0,1.0,0.0,0.0,0.0,0.0,0.0,0.0,0.0,0.0,1.0
180.0,ENSMFAG00000004055,PLEKHG5,ENSG00000171680,PLEKHG5,57449.0,0,1,0.0,0.0,0.0,1.0,0.0,0.0,0.0,0.0,0.0,0.0,0.0,0.0,0.0,0.0,0.0,0.0,0.0,0.0,0.0,0.0,1.0
181.0,ENSMFAG00000004076,ENSMFAG00000004076,,,,0,1,,,,,,,,,,,,,,,,,,,,,
182.0,ENSMFAG00000004105,NXT2,ENSG00000101888,NXT2,55916.0,1,0,0.0,0.0,0.0,0.0,0.0,0.0,0.0,0.0,0.0,0.0,0.0,0.0,0.0,0.0,0.0,0.0,0.0,0.0,0.0,0.0,1.0
183.0,ENSMFAG00000004332,MAS1,ENSG00000130368,MAS1,4142.0,1,0,0.0,0.0,0.0,0.0,0.0,0.0,0.0,0.0,0.0,0.0,0.0,0.0,0.0,0.0,0.0,0.0,0.0,0.0,0.0,0.0,1.0
184.0,ENSMFAG00000004536,GPR68,ENSG00000119714,GPR68,8111.0,0,1,0.0,0.0,0.0,0.0,0.0,0.0,0.0,1.0,0.0,0.0,0.0,0.0,0.0,0.0,0.0,0.0,0.0,0.0,0.0,0.0,1.0
185.0,ENSMFAG00000004617,AHDC1,ENSG00000126705,AHDC1,27245.0,0,1,0.0,0.0,0.0,0.0,0.0,0.0,0.0,0.0,0.0,0.0,0.0,0.0,0.0,0.0,0.0,0.0,0.0,0.0,0.0,0.0,1.0
186.0,ENSMFAG00000004646,LRP12,ENSG00000147650,LRP12,29967.0,1,0,0.0,0.0,0.0,0.0,0.0,0.0,0.0,0.0,0.0,0.0,0.0,1.0,0.0,0.0,0.0,0.0,0.0,0.0,0.0,0.0,1.0
187.0,ENSMFAG00000004849,SLC33A1,ENSG00000169359,SLC33A1,9197.0,1,0,0.0,0.0,0.0,0.0,0.0,0.0,0.0,0.0,0.0,0.0,0.0,0.0,0.0,0.0,0.0,0.0,0.0,0.0,1.0,1.0,1.0
188.0,ENSMFAG00000005540,ARX,ENSG00000004848,ARX,170302.0,0,1,0.0,0.0,0.0,1.0,0.0,0.0,0.0,0.0,0.0,0.0,1.0,1.0,0.0,0.0,0.0,0.0,0.0,0.0,0.0,0.0,1.0
189.0,ENSMFAG00000005894,KISS1R,ENSG00000116014,KISS1R,84634.0,0,1,0.0,0.0,0.0,0.0,0.0,0.0,0.0,0.0,0.0,0.0,0.0,0.0,1.0,0.0,0.0,0.0,0.0,0.0,0.0,0.0,1.0
190.0,ENSMFAG00000005982,P2RY1,ENSG00000169860,P2RY1,5028.0,1,0,1.0,1.0,0.0,0.0,0.0,0.0,1.0,1.0,1.0,0.0,0.0,0.0,0.0,0.0,0.0,1.0,0.0,0.0,0.0,0.0,1.0
191.0,ENSMFAG00000006033,RHOG,ENSG00000177105,RHOG,391.0,1,0,0.0,0.0,0.0,0.0,0.0,0.0,0.0,0.0,0.0,0.0,0.0,0.0,0.0,0.0,0.0,0.0,0.0,0.0,0.0,0.0,1.0
192.0,ENSMFAG00000006394,ELFN1,ENSG00000225968,ELFN1,392617.0,0,1,0.0,0.0,1.0,0.0,0.0,0.0,0.0,0.0,0.0,0.0,0.0,0.0,0.0,0.0,0.0,0.0,0.0,0.0,0.0,0.0,1.0
193.0,ENSMFAG00000006791,CHCHD6,ENSG00000159685,CHCHD6,84303.0,0,1,0.0,0.0,0.0,0.0,0.0,0.0,0.0,0.0,0.0,0.0,0.0,0.0,0.0,0.0,0.0,0.0,0.0,0.0,0.0,0.0,1.0
194.0,ENSMFAG00000006848,RF01278,ENSG00000239169,SNORD109B,338429.0,1,0,0.0,0.0,0.0,0.0,0.0,0.0,0.0,0.0,0.0,0.0,0.0,0.0,0.0,0.0,0.0,0.0,0.0,0.0,0.0,0.0,1.0
,,,ENSG00000274640,SNORD109A,338428.0,1,0,0.0,0.0,0.0,0.0,0.0,0.0,0.0,0.0,0.0,0.0,0.0,0.0,0.0,0.0,0.0,0.0,0.0,0.0,0.0,0.0,1.0
195.0,ENSMFAG00000007100,ZNF613,ENSG00000176024,ZNF613,79898.0,1,0,0.0,0.0,0.0,0.0,0.0,0.0,0.0,0.0,0.0,0.0,0.0,0.0,0.0,0.0,0.0,0.0,0.0,0.0,0.0,0.0,1.0
196.0,ENSMFAG00000007238,GLTP,ENSG00000139433,GLTP,51228.0,1,0,0.0,0.0,0.0,0.0,0.0,0.0,0.0,0.0,0.0,0.0,0.0,0.0,0.0,0.0,0.0,0.0,0.0,0.0,1.0,1.0,1.0
197.0,ENSMFAG00000007347,SRA1,ENSG00000213523,SRA1,10011.0,1,0,0.0,0.0,0.0,0.0,0.0,0.0,0.0,0.0,0.0,0.0,0.0,0.0,0.0,0.0,0.0,0.0,0.0,0.0,0.0,0.0,1.0
198.0,ENSMFAG00000007358,PLEKHF1,ENSG00000166289,PLEKHF1,79156.0,1,0,0.0,0.0,0.0,0.0,0.0,0.0,0.0,0.0,0.0,0.0,0.0,0.0,0.0,0.0,0.0,0.0,0.0,0.0,0.0,0.0,1.0
199.0,ENSMFAG00000007623,KCNA3,ENSG00000177272,KCNA3,3738.0,0,1,0.0,0.0,0.0,0.0,0.0,0.0,1.0,0.0,1.0,0.0,0.0,0.0,0.0,0.0,0.0,0.0,0.0,0.0,0.0,0.0,1.0
200.0,ENSMFAG00000007641,PHLDB1,ENSG00000019144,PHLDB1,23187.0,1,0,0.0,0.0,0.0,0.0,0.0,0.0,0.0,0.0,0.0,0.0,0.0,0.0,0.0,0.0,0.0,0.0,0.0,0.0,0.0,0.0,1.0
201.0,ENSMFAG00000007668,ASIC2,ENSG00000108684,ASIC2,40.0,0,1,1.0,0.0,1.0,0.0,0.0,0.0,1.0,0.0,1.0,0.0,0.0,0.0,0.0,1.0,0.0,0.0,1.0,0.0,0.0,0.0,1.0
202.0,ENSMFAG00000007806,CDK5R1,ENSG00000176749,CDK5R1,8851.0,0,1,1.0,1.0,1.0,1.0,0.0,1.0,0.0,1.0,0.0,0.0,1.0,1.0,0.0,1.0,0.0,0.0,0.0,1.0,0.0,0.0,1.0
203.0,ENSMFAG00000008281,MED23,ENSG00000112282,MED23,9439.0,1,0,0.0,0.0,0.0,0.0,0.0,0.0,0.0,0.0,0.0,0.0,0.0,0.0,0.0,0.0,0.0,0.0,0.0,0.0,0.0,0.0,1.0
204.0,ENSMFAG00000008661,THRB,ENSG00000151090,THRB,7068.0,0,1,0.0,0.0,0.0,0.0,1.0,0.0,0.0,0.0,1.0,0.0,0.0,0.0,1.0,0.0,0.0,0.0,0.0,0.0,0.0,0.0,1.0
205.0,ENSMFAG00000008703,LMO7,ENSG00000136153,LMO7,4008.0,0,1,0.0,0.0,0.0,0.0,0.0,0.0,0.0,0.0,0.0,0.0,0.0,0.0,0.0,0.0,0.0,0.0,0.0,0.0,0.0,0.0,1.0
206.0,ENSMFAG00000008705,ZNF541,ENSG00000118156,ZNF541,84215.0,0,1,0.0,0.0,0.0,0.0,0.0,0.0,0.0,0.0,0.0,0.0,0.0,0.0,0.0,0.0,0.0,0.0,0.0,0.0,0.0,0.0,1.0
207.0,ENSMFAG00000009032,QPCTL,ENSG00000011478,QPCTL,54814.0,0,1,0.0,0.0,0.0,0.0,0.0,0.0,0.0,0.0,0.0,0.0,0.0,0.0,0.0,0.0,0.0,0.0,0.0,0.0,0.0,0.0,1.0
208.0,ENSMFAG00000009175,CDH19,ENSG00000071991,CDH19,28513.0,1,0,0.0,0.0,0.0,0.0,0.0,0.0,0.0,0.0,0.0,0.0,0.0,0.0,0.0,0.0,0.0,0.0,0.0,0.0,0.0,0.0,1.0
209.0,ENSMFAG00000009198,TTYH3,ENSG00000136295,TTYH3,80727.0,0,1,0.0,0.0,0.0,0.0,0.0,0.0,0.0,0.0,0.0,0.0,0.0,0.0,0.0,0.0,0.0,0.0,0.0,0.0,0.0,0.0,1.0
210.0,ENSMFAG00000009495,ADAMTS15,ENSG00000166106,ADAMTS15,170689.0,0,1,0.0,0.0,0.0,0.0,0.0,0.0,0.0,0.0,0.0,0.0,0.0,0.0,0.0,0.0,0.0,0.0,0.0,0.0,0.0,0.0,1.0
211.0,ENSMFAG00000010407,RF01963,,,,0,1,,,,,,,,,,,,,,,,,,,,,
212.0,ENSMFAG00000010454,LRRN2,ENSG00000170382,LRRN2,10446.0,0,1,0.0,0.0,0.0,0.0,0.0,0.0,0.0,0.0,0.0,0.0,0.0,0.0,0.0,0.0,0.0,0.0,0.0,0.0,0.0,0.0,1.0
213.0,ENSMFAG00000010460,LZTS1,ENSG00000061337,LZTS1,11178.0,0,1,1.0,0.0,0.0,1.0,0.0,0.0,0.0,0.0,0.0,0.0,0.0,0.0,0.0,0.0,0.0,0.0,0.0,0.0,0.0,0.0,1.0
214.0,ENSMFAG00000010630,RF01970,ENSG00000276398,AC018659.5,,0,1,,,,,,,,,,,,,,,,,,,,,
215.0,ENSMFAG00000010807,PHLPP1,ENSG00000081913,PHLPP1,23239.0,1,0,0.0,0.0,0.0,0.0,0.0,0.0,0.0,0.0,0.0,0.0,0.0,0.0,0.0,0.0,1.0,0.0,0.0,0.0,0.0,0.0,1.0
216.0,ENSMFAG00000011647,RF00108,ENSG00000278123,SNORD116-28,100033820.0,1,0,0.0,0.0,0.0,0.0,0.0,0.0,0.0,0.0,0.0,0.0,0.0,0.0,0.0,0.0,0.0,0.0,0.0,0.0,0.0,0.0,1.0
217.0,ENSMFAG00000011839,ENSMFAG00000011839,,,,0,1,,,,,,,,,,,,,,,,,,,,,
218.0,ENSMFAG00000012332,RF00019,ENSG00000200829,AC023137.1,,1,0,,,,,,,,,,,,,,,,,,,,,
219.0,ENSMFAG00000012357,SCN7A,ENSG00000136546,SCN7A,6332.0,0,1,1.0,0.0,0.0,0.0,0.0,0.0,1.0,0.0,1.0,0.0,0.0,0.0,0.0,0.0,0.0,0.0,0.0,0.0,0.0,0.0,1.0
220.0,ENSMFAG00000012407,ENSMFAG00000012407,ENSG00000196787,H2AC11,8969.0,1,0,0.0,0.0,0.0,0.0,0.0,0.0,0.0,0.0,0.0,0.0,0.0,0.0,0.0,0.0,0.0,0.0,0.0,0.0,0.0,0.0,1.0
221.0,ENSMFAG00000013072,CTXN1,ENSG00000178531,CTXN1,404217.0,0,1,0.0,0.0,0.0,0.0,0.0,0.0,0.0,0.0,0.0,0.0,0.0,0.0,0.0,0.0,0.0,0.0,0.0,0.0,0.0,0.0,1.0
222.0,ENSMFAG00000013431,CYP7B1,ENSG00000172817,CYP7B1,9420.0,1,0,0.0,0.0,0.0,0.0,0.0,0.0,0.0,0.0,0.0,0.0,0.0,0.0,0.0,0.0,0.0,0.0,0.0,0.0,0.0,0.0,1.0
223.0,ENSMFAG00000014166,ENSMFAG00000014166,,,,0,1,,,,,,,,,,,,,,,,,,,,,
224.0,ENSMFAG00000014621,RF01965,ENSG00000275231,AC007351.4,,0,1,,,,,,,,,,,,,,,,,,,,,
225.0,ENSMFAG00000014795,RF01966,,,,0,1,,,,,,,,,,,,,,,,,,,,,
226.0,ENSMFAG00000014904,FFAR1,ENSG00000126266,FFAR1,2864.0,1,0,0.0,0.0,0.0,0.0,0.0,0.0,1.0,1.0,0.0,0.0,0.0,0.0,0.0,0.0,0.0,0.0,0.0,0.0,0.0,0.0,1.0
227.0,ENSMFAG00000015112,RPRML,ENSG00000179673,RPRML,388394.0,0,1,0.0,0.0,0.0,0.0,0.0,0.0,0.0,0.0,0.0,0.0,0.0,0.0,0.0,0.0,0.0,0.0,0.0,0.0,0.0,0.0,1.0
228.0,ENSMFAG00000015187,RF01967,,,,0,1,,,,,,,,,,,,,,,,,,,,,
229.0,ENSMFAG00000015230,HTR1A,ENSG00000178394,HTR1A,3350.0,0,1,1.0,0.0,0.0,0.0,1.0,0.0,0.0,1.0,1.0,0.0,0.0,0.0,1.0,1.0,0.0,0.0,0.0,0.0,0.0,0.0,1.0
230.0,ENSMFAG00000015355,AIG1,ENSG00000146416,AIG1,51390.0,1,0,0.0,0.0,0.0,0.0,0.0,0.0,0.0,0.0,0.0,0.0,0.0,0.0,0.0,0.0,0.0,0.0,0.0,0.0,0.0,0.0,1.0
231.0,ENSMFAG00000015799,PEAK3,ENSG00000188305,PEAK3,374872.0,0,1,0.0,0.0,0.0,0.0,0.0,0.0,0.0,0.0,0.0,0.0,0.0,0.0,0.0,1.0,0.0,0.0,0.0,0.0,0.0,0.0,1.0
232.0,ENSMFAG00000016075,USP3,ENSG00000140455,USP3,9960.0,1,0,0.0,0.0,0.0,0.0,0.0,0.0,0.0,0.0,0.0,0.0,0.0,0.0,0.0,0.0,0.0,0.0,0.0,0.0,0.0,0.0,1.0
233.0,ENSMFAG00000016453,ENSMFAG00000016453,,,,0,1,,,,,,,,,,,,,,,,,,,,,
234.0,ENSMFAG00000016945,KLHL25,ENSG00000183655,KLHL25,64410.0,0,1,0.0,0.0,0.0,0.0,0.0,0.0,0.0,0.0,0.0,0.0,0.0,0.0,0.0,0.0,0.0,0.0,0.0,0.0,0.0,0.0,1.0
235.0,ENSMFAG00000017291,ZNF322,ENSG00000181315,ZNF322,79692.0,1,0,0.0,0.0,0.0,0.0,0.0,0.0,0.0,0.0,0.0,0.0,0.0,0.0,0.0,0.0,0.0,0.0,0.0,0.0,0.0,0.0,1.0
236.0,ENSMFAG00000017458,SSTR4,ENSG00000132671,SSTR4,6754.0,0,1,0.0,0.0,0.0,0.0,0.0,0.0,0.0,1.0,0.0,0.0,0.0,0.0,1.0,0.0,0.0,0.0,0.0,0.0,0.0,0.0,1.0
237.0,ENSMFAG00000017685,CDK5R2,ENSG00000171450,CDK5R2,8941.0,0,1,0.0,1.0,0.0,0.0,0.0,0.0,0.0,1.0,0.0,0.0,1.0,0.0,0.0,0.0,0.0,0.0,0.0,0.0,0.0,0.0,1.0
238.0,ENSMFAG00000018189,MIR219A2,ENSG00000284185,MIR219A2,407003.0,1,0,0.0,0.0,0.0,0.0,0.0,0.0,0.0,0.0,0.0,0.0,0.0,0.0,0.0,0.0,0.0,0.0,0.0,0.0,0.0,0.0,1.0
239.0,ENSMFAG00000018615,RF01969,,,,0,1,,,,,,,,,,,,,,,,,,,,,
240.0,ENSMFAG00000018750,RF01964,,,,0,1,,,,,,,,,,,,,,,,,,,,,
241.0,ENSMFAG00000018790,TMEM125,ENSG00000179178,TMEM125,128218.0,1,0,0.0,0.0,0.0,0.0,0.0,0.0,0.0,0.0,0.0,0.0,0.0,0.0,0.0,0.0,0.0,0.0,0.0,0.0,0.0,0.0,1.0
242.0,ENSMFAG00000019220,ALG5,ENSG00000120697,ALG5,29880.0,1,0,0.0,0.0,0.0,0.0,0.0,0.0,0.0,0.0,0.0,0.0,0.0,0.0,0.0,0.0,0.0,0.0,0.0,0.0,0.0,0.0,1.0
243.0,ENSMFAG00000021112,ENSMFAG00000021112,,,,0,1,,,,,,,,,,,,,,,,,,,,,
244.0,ENSMFAG00000021184,HNRNPF,ENSG00000169813,HNRNPF,3185.0,1,0,0.0,0.0,0.0,0.0,0.0,0.0,0.0,0.0,0.0,0.0,0.0,0.0,0.0,0.0,0.0,0.0,0.0,0.0,0.0,0.0,1.0
245.0,ENSMFAG00000021979,RTP1,ENSG00000175077,RTP1,132112.0,0,1,0.0,0.0,0.0,0.0,0.0,0.0,0.0,0.0,0.0,0.0,0.0,0.0,0.0,0.0,0.0,0.0,0.0,0.0,0.0,0.0,1.0
246.0,ENSMFAG00000022450,SMIM10L2B,ENSG00000196972,SMIM10L2B,644596.0,0,1,0.0,0.0,0.0,0.0,0.0,0.0,0.0,0.0,0.0,0.0,0.0,0.0,0.0,0.0,0.0,0.0,0.0,0.0,0.0,0.0,1.0
247.0,ENSMFAG00000022782,TMBIM1,ENSG00000135926,TMBIM1,64114.0,1,0,0.0,0.0,0.0,0.0,0.0,0.0,0.0,0.0,0.0,0.0,0.0,0.0,0.0,0.0,0.0,1.0,0.0,0.0,0.0,0.0,1.0
248.0,ENSMFAG00000023144,KIF26B,ENSG00000162849,KIF26B,55083.0,0,1,0.0,0.0,0.0,0.0,0.0,0.0,0.0,0.0,0.0,0.0,0.0,1.0,0.0,0.0,0.0,0.0,0.0,0.0,0.0,0.0,1.0
249.0,ENSMFAG00000023380,RAB9A,ENSG00000123595,RAB9A,9367.0,1,0,0.0,0.0,0.0,0.0,0.0,0.0,0.0,1.0,0.0,0.0,0.0,0.0,0.0,0.0,0.0,0.0,0.0,0.0,0.0,0.0,1.0
250.0,ENSMFAG00000023471,CPT1B,ENSG00000205560,CPT1B,1375.0,1,0,0.0,0.0,0.0,0.0,0.0,0.0,0.0,0.0,0.0,0.0,0.0,0.0,0.0,0.0,0.0,0.0,0.0,0.0,1.0,0.0,1.0
251.0,ENSMFAG00000023923,ENSMFAG00000023923,,,,0,1,,,,,,,,,,,,,,,,,,,,,
252.0,ENSMFAG00000023934,TTC39C,ENSG00000168234,TTC39C,125488.0,1,0,0.0,0.0,0.0,0.0,0.0,0.0,0.0,0.0,0.0,0.0,0.0,0.0,0.0,0.0,0.0,0.0,0.0,0.0,0.0,0.0,1.0
253.0,ENSMFAG00000025111,NXPE3,ENSG00000144815,NXPE3,91775.0,1,0,0.0,0.0,0.0,0.0,0.0,0.0,0.0,0.0,0.0,0.0,0.0,0.0,0.0,0.0,0.0,0.0,0.0,0.0,0.0,0.0,1.0
254.0,ENSMFAG00000025612,NEUROD6,ENSG00000164600,NEUROD6,63974.0,0,1,0.0,0.0,0.0,0.0,0.0,0.0,0.0,0.0,0.0,0.0,1.0,0.0,0.0,0.0,0.0,0.0,0.0,0.0,0.0,0.0,1.0
255.0,ENSMFAG00000025645,CHRNA6,ENSG00000147434,CHRNA6,8973.0,0,1,1.0,0.0,0.0,0.0,0.0,0.0,0.0,0.0,0.0,0.0,0.0,0.0,1.0,0.0,0.0,0.0,0.0,0.0,0.0,0.0,1.0
256.0,ENSMFAG00000025747,MAL,ENSG00000172005,MAL,4118.0,1,0,0.0,1.0,0.0,0.0,0.0,0.0,0.0,0.0,0.0,0.0,0.0,0.0,0.0,0.0,0.0,0.0,0.0,0.0,0.0,0.0,1.0
257.0,ENSMFAG00000025968,FIGNL2,ENSG00000261308,FIGNL2,401720.0,0,1,0.0,0.0,0.0,0.0,0.0,0.0,0.0,0.0,0.0,0.0,0.0,0.0,0.0,1.0,0.0,0.0,0.0,0.0,0.0,0.0,1.0
258.0,ENSMFAG00000026134,FA2H,ENSG00000103089,FA2H,79152.0,1,0,0.0,1.0,0.0,0.0,0.0,0.0,0.0,0.0,0.0,0.0,0.0,0.0,0.0,0.0,0.0,1.0,1.0,0.0,0.0,1.0,1.0
259.0,ENSMFAG00000026331,MUTYH,ENSG00000132781,MUTYH,4595.0,1,0,0.0,0.0,0.0,0.0,0.0,0.0,0.0,0.0,0.0,0.0,0.0,0.0,0.0,0.0,0.0,0.0,0.0,0.0,0.0,0.0,1.0
260.0,ENSMFAG00000026367,ENSMFAG00000026367,,,,1,0,,,,,,,,,,,,,,,,,,,,,
261.0,ENSMFAG00000026468,ZBTB5,ENSG00000168795,ZBTB5,9925.0,1,0,0.0,0.0,0.0,0.0,0.0,0.0,0.0,0.0,0.0,0.0,0.0,0.0,0.0,0.0,0.0,0.0,0.0,0.0,0.0,0.0,1.0
262.0,ENSMFAG00000026553,LAMP2,ENSG00000005893,LAMP2,3920.0,1,0,0.0,0.0,0.0,0.0,0.0,0.0,0.0,0.0,0.0,0.0,0.0,0.0,0.0,0.0,0.0,1.0,0.0,0.0,0.0,0.0,1.0
263.0,ENSMFAG00000026776,SH3RF1,ENSG00000154447,SH3RF1,57630.0,0,1,0.0,0.0,0.0,0.0,0.0,0.0,0.0,0.0,0.0,0.0,0.0,0.0,0.0,0.0,1.0,0.0,0.0,0.0,0.0,0.0,1.0
264.0,ENSMFAG00000027007,MEA1,ENSG00000124733,MEA1,4201.0,0,1,0.0,0.0,0.0,0.0,0.0,0.0,0.0,0.0,0.0,0.0,0.0,0.0,0.0,0.0,0.0,0.0,0.0,0.0,0.0,0.0,1.0
265.0,ENSMFAG00000027132,PAIP2B,ENSG00000124374,PAIP2B,400961.0,1,0,0.0,0.0,0.0,0.0,0.0,0.0,0.0,0.0,0.0,0.0,0.0,0.0,0.0,0.0,0.0,0.0,0.0,0.0,0.0,0.0,1.0
266.0,ENSMFAG00000027150,ENSMFAG00000027150,,,,1,0,,,,,,,,,,,,,,,,,,,,,
267.0,ENSMFAG00000027151,CA2,ENSG00000104267,CA2,760.0,1,0,0.0,0.0,0.0,0.0,0.0,0.0,0.0,0.0,0.0,0.0,0.0,0.0,0.0,0.0,0.0,1.0,0.0,0.0,1.0,0.0,1.0
268.0,ENSMFAG00000027493,NOG,ENSG00000183691,NOG,9241.0,0,1,1.0,1.0,1.0,1.0,0.0,0.0,0.0,0.0,0.0,0.0,0.0,1.0,0.0,0.0,0.0,0.0,0.0,0.0,0.0,0.0,1.0
269.0,ENSMFAG00000027809,ENSMFAG00000027809,,,,0,1,,,,,,,,,,,,,,,,,,,,,
270.0,ENSMFAG00000027875,ASPRV1,ENSG00000244617,ASPRV1,151516.0,1,0,0.0,0.0,0.0,0.0,0.0,0.0,0.0,0.0,0.0,0.0,0.0,0.0,0.0,0.0,0.0,0.0,0.0,0.0,0.0,0.0,1.0
271.0,ENSMFAG00000028065,TMEM95,ENSG00000182896,TMEM95,339168.0,1,0,0.0,0.0,0.0,0.0,0.0,0.0,0.0,0.0,0.0,0.0,0.0,0.0,0.0,0.0,0.0,0.0,0.0,0.0,0.0,0.0,1.0
272.0,ENSMFAG00000028460,ADGRB2,ENSG00000121753,ADGRB2,576.0,0,1,0.0,0.0,0.0,0.0,0.0,0.0,0.0,0.0,0.0,1.0,0.0,0.0,0.0,0.0,0.0,0.0,1.0,0.0,0.0,0.0,1.0
273.0,ENSMFAG00000028497,AACS,ENSG00000081760,AACS,65985.0,0,1,0.0,0.0,0.0,0.0,0.0,0.0,0.0,1.0,0.0,0.0,0.0,0.0,0.0,0.0,0.0,0.0,0.0,0.0,0.0,0.0,1.0
274.0,ENSMFAG00000028501,TGM6,ENSG00000166948,TGM6,343641.0,0,1,0.0,0.0,0.0,0.0,0.0,0.0,0.0,0.0,0.0,0.0,0.0,0.0,0.0,0.0,0.0,0.0,0.0,0.0,0.0,0.0,1.0
275.0,ENSMFAG00000028800,SH3GLB2,ENSG00000148341,SH3GLB2,56904.0,0,1,0.0,0.0,0.0,0.0,0.0,0.0,0.0,0.0,0.0,0.0,0.0,0.0,0.0,0.0,0.0,0.0,0.0,0.0,0.0,0.0,1.0
276.0,ENSMFAG00000029353,DUSP13,ENSG00000079393,DUSP13,51207.0,0,1,0.0,0.0,0.0,0.0,0.0,0.0,0.0,0.0,0.0,0.0,0.0,0.0,0.0,0.0,0.0,0.0,0.0,0.0,0.0,0.0,1.0
277.0,ENSMFAG00000029387,PRDX1,ENSG00000117450,PRDX1,5052.0,1,0,0.0,0.0,0.0,0.0,0.0,0.0,0.0,0.0,0.0,0.0,0.0,0.0,0.0,0.0,0.0,1.0,0.0,0.0,0.0,0.0,1.0
278.0,ENSMFAG00000029472,NEUROD2,ENSG00000171532,NEUROD2,4761.0,0,1,1.0,0.0,1.0,0.0,1.0,0.0,0.0,0.0,0.0,1.0,0.0,0.0,0.0,0.0,0.0,0.0,0.0,0.0,0.0,0.0,1.0
279.0,ENSMFAG00000029744,SPRN,ENSG00000203772,SPRN,503542.0,0,1,0.0,0.0,0.0,0.0,0.0,0.0,0.0,0.0,0.0,0.0,0.0,0.0,0.0,0.0,0.0,0.0,0.0,0.0,0.0,0.0,1.0
280.0,ENSMFAG00000029831,TMEM235,ENSG00000204278,TMEM235,283999.0,1,0,0.0,0.0,0.0,0.0,0.0,0.0,0.0,0.0,0.0,0.0,0.0,0.0,0.0,0.0,0.0,0.0,0.0,0.0,0.0,0.0,1.0
281.0,ENSMFAG00000029976,TNKS,ENSG00000173273,TNKS,8658.0,1,0,0.0,0.0,0.0,0.0,0.0,0.0,0.0,0.0,0.0,0.0,0.0,0.0,0.0,0.0,0.0,1.0,0.0,0.0,0.0,0.0,1.0
282.0,ENSMFAG00000029978,NIPAL4,ENSG00000172548,NIPAL4,348938.0,1,0,0.0,0.0,0.0,0.0,0.0,0.0,0.0,0.0,0.0,0.0,0.0,0.0,0.0,0.0,0.0,0.0,0.0,0.0,0.0,0.0,1.0
283.0,ENSMFAG00000030074,ENSMFAG00000030074,,,,0,1,,,,,,,,,,,,,,,,,,,,,
284.0,ENSMFAG00000030089,RGS9BP,ENSG00000186326,RGS9BP,388531.0,1,0,0.0,0.0,0.0,0.0,0.0,0.0,0.0,0.0,0.0,0.0,0.0,0.0,0.0,0.0,0.0,0.0,0.0,0.0,0.0,0.0,1.0
285.0,ENSMFAG00000030156,P2RY2,ENSG00000175591,P2RY2,5029.0,1,0,0.0,0.0,0.0,0.0,0.0,0.0,0.0,1.0,1.0,0.0,0.0,0.0,0.0,0.0,0.0,0.0,0.0,0.0,0.0,0.0,1.0
286.0,ENSMFAG00000030166,BASP1,ENSG00000176788,BASP1,10409.0,0,1,0.0,0.0,0.0,0.0,0.0,0.0,0.0,0.0,0.0,0.0,0.0,1.0,0.0,0.0,0.0,0.0,0.0,0.0,0.0,0.0,1.0
287.0,ENSMFAG00000030169,ENSMFAG00000030169,ENSG00000184185,KCNJ12,3768.0,0,1,0.0,0.0,0.0,0.0,0.0,0.0,1.0,0.0,1.0,0.0,0.0,0.0,0.0,0.0,0.0,0.0,0.0,0.0,0.0,0.0,1.0
,,,ENSG00000260458,KCNJ18,100134444.0,0,1,0.0,0.0,0.0,0.0,0.0,0.0,1.0,0.0,1.0,0.0,0.0,0.0,0.0,0.0,0.0,0.0,0.0,0.0,0.0,0.0,1.0
288.0,ENSMFAG00000030224,ENSMFAG00000030224,,,,1,0,,,,,,,,,,,,,,,,,,,,,
289.0,ENSMFAG00000030248,RASGRP1,ENSG00000172575,RASGRP1,10125.0,0,1,0.0,0.0,0.0,0.0,0.0,0.0,0.0,0.0,0.0,0.0,0.0,0.0,0.0,0.0,1.0,0.0,0.0,0.0,0.0,0.0,1.0
290.0,ENSMFAG00000030275,CMTM5,ENSG00000166091,CMTM5,116173.0,1,0,0.0,0.0,0.0,0.0,0.0,0.0,0.0,0.0,0.0,0.0,0.0,0.0,0.0,0.0,0.0,0.0,0.0,0.0,0.0,0.0,1.0
291.0,ENSMFAG00000030287,SMIM10,ENSG00000184785,SMIM10,644538.0,0,1,0.0,0.0,0.0,0.0,0.0,0.0,0.0,0.0,0.0,0.0,0.0,0.0,0.0,0.0,0.0,0.0,0.0,0.0,0.0,0.0,1.0
292.0,ENSMFAG00000030329,ANKRD27,ENSG00000105186,ANKRD27,84079.0,1,0,0.0,0.0,1.0,0.0,0.0,0.0,0.0,0.0,0.0,0.0,0.0,0.0,0.0,0.0,0.0,0.0,0.0,0.0,0.0,0.0,1.0
293.0,ENSMFAG00000030336,HRH1,ENSG00000196639,HRH1,3269.0,0,1,1.0,0.0,0.0,1.0,1.0,0.0,0.0,0.0,1.0,1.0,0.0,0.0,1.0,1.0,0.0,0.0,0.0,0.0,0.0,0.0,1.0
294.0,ENSMFAG00000030344,ENSMFAG00000030344,,,,0,1,,,,,,,,,,,,,,,,,,,,,
295.0,ENSMFAG00000030355,GAL3ST1,ENSG00000128242,GAL3ST1,9514.0,1,0,0.0,1.0,0.0,0.0,0.0,0.0,0.0,0.0,0.0,0.0,0.0,0.0,0.0,0.0,0.0,0.0,0.0,0.0,0.0,1.0,1.0
296.0,ENSMFAG00000030375,HBP1,ENSG00000105856,HBP1,26959.0,1,0,0.0,0.0,0.0,0.0,0.0,0.0,0.0,0.0,0.0,0.0,0.0,0.0,0.0,0.0,0.0,0.0,0.0,0.0,0.0,0.0,1.0
297.0,ENSMFAG00000030405,ENSMFAG00000030405,,,,0,1,,,,,,,,,,,,,,,,,,,,,
298.0,ENSMFAG00000030414,XPO4,ENSG00000132953,XPO4,64328.0,1,0,0.0,0.0,0.0,0.0,0.0,0.0,0.0,0.0,0.0,0.0,0.0,0.0,0.0,0.0,0.0,0.0,0.0,0.0,0.0,0.0,1.0
299.0,ENSMFAG00000030436,REEP3,ENSG00000165476,REEP3,221035.0,1,0,0.0,0.0,0.0,0.0,0.0,0.0,0.0,0.0,0.0,0.0,0.0,0.0,0.0,0.0,0.0,0.0,0.0,0.0,0.0,0.0,1.0
300.0,ENSMFAG00000030440,TAOK2,ENSG00000149930,TAOK2,9344.0,0,1,0.0,0.0,1.0,1.0,0.0,0.0,0.0,0.0,0.0,0.0,0.0,1.0,0.0,1.0,1.0,0.0,0.0,0.0,0.0,0.0,1.0
301.0,ENSMFAG00000030473,AP1S1,ENSG00000106367,AP1S1,1174.0,0,1,0.0,0.0,0.0,0.0,0.0,0.0,0.0,0.0,0.0,0.0,0.0,0.0,0.0,0.0,0.0,0.0,0.0,0.0,0.0,0.0,1.0
302.0,ENSMFAG00000030533,ENSMFAG00000030533,,,,0,1,,,,,,,,,,,,,,,,,,,,,
303.0,ENSMFAG00000030543,HPSE,ENSG00000173083,HPSE,10855.0,1,0,0.0,0.0,0.0,0.0,0.0,0.0,0.0,0.0,0.0,0.0,0.0,0.0,0.0,0.0,0.0,0.0,0.0,0.0,0.0,0.0,1.0
304.0,ENSMFAG00000030547,PSRC1,ENSG00000134222,PSRC1,84722.0,0,1,0.0,0.0,1.0,0.0,0.0,0.0,0.0,0.0,0.0,0.0,0.0,1.0,0.0,1.0,0.0,0.0,0.0,0.0,0.0,0.0,1.0
305.0,ENSMFAG00000030574,PIK3R4,ENSG00000196455,PIK3R4,30849.0,1,0,0.0,0.0,0.0,0.0,0.0,0.0,0.0,0.0,0.0,0.0,0.0,0.0,0.0,0.0,0.0,0.0,0.0,0.0,0.0,0.0,1.0
306.0,ENSMFAG00000030581,DNM1,ENSG00000106976,DNM1,1759.0,0,1,0.0,0.0,1.0,0.0,0.0,0.0,0.0,1.0,0.0,0.0,0.0,0.0,0.0,1.0,0.0,0.0,0.0,0.0,0.0,0.0,1.0
307.0,ENSMFAG00000030614,ZKSCAN1,ENSG00000106261,ZKSCAN1,7586.0,1,0,0.0,0.0,0.0,0.0,0.0,0.0,0.0,0.0,0.0,0.0,0.0,0.0,0.0,0.0,0.0,0.0,0.0,0.0,0.0,0.0,1.0
308.0,ENSMFAG00000030653,L1CAM,ENSG00000198910,L1CAM,3897.0,0,1,0.0,0.0,1.0,1.0,0.0,0.0,0.0,0.0,0.0,0.0,0.0,1.0,0.0,1.0,0.0,0.0,0.0,0.0,0.0,0.0,1.0
309.0,ENSMFAG00000030682,RTP5,ENSG00000188011,RTP5,285093.0,0,1,0.0,0.0,0.0,0.0,0.0,0.0,0.0,0.0,0.0,0.0,0.0,0.0,0.0,0.0,0.0,0.0,0.0,0.0,0.0,0.0,1.0
310.0,ENSMFAG00000030706,RF00213,ENSG00000274091,SNORD1C,677850.0,1,0,0.0,0.0,0.0,0.0,0.0,0.0,0.0,0.0,0.0,0.0,0.0,0.0,0.0,0.0,0.0,0.0,0.0,0.0,0.0,0.0,1.0
311.0,ENSMFAG00000030784,LIPE,ENSG00000079435,LIPE,3991.0,1,0,0.0,0.0,0.0,0.0,0.0,0.0,0.0,0.0,0.0,0.0,0.0,0.0,0.0,0.0,0.0,0.0,0.0,0.0,0.0,0.0,1.0
312.0,ENSMFAG00000030805,CORO1A,ENSG00000102879,CORO1A,11151.0,0,1,0.0,0.0,1.0,1.0,0.0,1.0,1.0,1.0,0.0,0.0,0.0,0.0,0.0,1.0,0.0,0.0,0.0,0.0,0.0,0.0,1.0
313.0,ENSMFAG00000030806,BRD4,ENSG00000141867,BRD4,23476.0,0,1,0.0,0.0,0.0,0.0,0.0,0.0,0.0,0.0,0.0,0.0,0.0,0.0,0.0,0.0,0.0,0.0,0.0,0.0,0.0,0.0,1.0
314.0,ENSMFAG00000030811,ZNF24,ENSG00000172466,ZNF24,7572.0,1,0,0.0,1.0,0.0,0.0,0.0,0.0,0.0,0.0,0.0,0.0,0.0,0.0,0.0,0.0,0.0,0.0,0.0,0.0,0.0,0.0,1.0
315.0,ENSMFAG00000030817,KCNT2,ENSG00000162687,KCNT2,343450.0,0,1,0.0,0.0,0.0,0.0,0.0,0.0,1.0,0.0,1.0,0.0,0.0,0.0,0.0,0.0,0.0,0.0,0.0,0.0,0.0,0.0,1.0
316.0,ENSMFAG00000030822,MUSK,ENSG00000030304,MUSK,4593.0,1,0,0.0,0.0,0.0,0.0,0.0,0.0,0.0,0.0,0.0,0.0,0.0,1.0,0.0,0.0,0.0,0.0,0.0,0.0,0.0,0.0,1.0
317.0,ENSMFAG00000030866,HTR1E,ENSG00000168830,HTR1E,3354.0,0,1,1.0,0.0,0.0,0.0,0.0,0.0,0.0,0.0,0.0,0.0,0.0,0.0,1.0,0.0,0.0,0.0,0.0,0.0,0.0,0.0,1.0
318.0,ENSMFAG00000030899,GTF3C3,ENSG00000119041,GTF3C3,9330.0,1,0,0.0,0.0,0.0,0.0,0.0,0.0,0.0,0.0,0.0,0.0,0.0,0.0,0.0,0.0,0.0,0.0,0.0,0.0,0.0,0.0,1.0
319.0,ENSMFAG00000030914,GRIN1,ENSG00000176884,GRIN1,2902.0,0,1,1.0,0.0,0.0,0.0,1.0,0.0,1.0,0.0,1.0,1.0,0.0,0.0,1.0,0.0,0.0,0.0,0.0,1.0,0.0,0.0,1.0
320.0,ENSMFAG00000030923,VXN,ENSG00000169085,VXN,254778.0,0,1,0.0,0.0,0.0,0.0,0.0,0.0,0.0,0.0,0.0,0.0,0.0,0.0,0.0,0.0,0.0,0.0,0.0,0.0,0.0,0.0,1.0
321.0,ENSMFAG00000030933,ENSMFAG00000030933,ENSG00000189190,ZNF600,162966.0,1,0,0.0,0.0,0.0,0.0,0.0,0.0,0.0,0.0,0.0,0.0,0.0,0.0,0.0,0.0,0.0,0.0,0.0,0.0,0.0,0.0,1.0
,,,ENSG00000213020,ZNF611,81856.0,1,0,0.0,0.0,0.0,0.0,0.0,0.0,0.0,0.0,0.0,0.0,0.0,0.0,0.0,0.0,0.0,0.0,0.0,0.0,0.0,0.0,1.0
322.0,ENSMFAG00000030948,CUBN,ENSG00000107611,CUBN,8029.0,0,1,0.0,0.0,0.0,0.0,0.0,0.0,0.0,0.0,0.0,0.0,0.0,0.0,0.0,0.0,0.0,0.0,0.0,0.0,0.0,0.0,1.0
323.0,ENSMFAG00000030958,ENSMFAG00000030958,,,,1,0,,,,,,,,,,,,,,,,,,,,,
324.0,ENSMFAG00000030971,SOX10,ENSG00000100146,SOX10,6663.0,1,0,0.0,1.0,1.0,0.0,0.0,0.0,0.0,0.0,0.0,0.0,0.0,1.0,0.0,0.0,0.0,0.0,1.0,0.0,0.0,0.0,1.0
325.0,ENSMFAG00000030978,TRPV2,ENSG00000187688,TRPV2,51393.0,0,1,0.0,0.0,1.0,1.0,0.0,0.0,1.0,0.0,0.0,0.0,0.0,1.0,0.0,1.0,0.0,0.0,0.0,0.0,0.0,0.0,1.0
326.0,ENSMFAG00000030979,MSANTD1,ENSG00000188981,MSANTD1,345222.0,0,1,0.0,0.0,0.0,0.0,0.0,0.0,0.0,0.0,0.0,0.0,0.0,0.0,0.0,0.0,0.0,0.0,0.0,0.0,0.0,0.0,1.0
327.0,ENSMFAG00000030989,TJAP1,ENSG00000137221,TJAP1,93643.0,1,0,0.0,0.0,0.0,0.0,0.0,0.0,0.0,0.0,0.0,0.0,0.0,0.0,0.0,0.0,0.0,0.0,0.0,0.0,0.0,0.0,1.0
328.0,ENSMFAG00000031001,BSCL2,ENSG00000168000,BSCL2,26580.0,0,1,0.0,0.0,0.0,0.0,0.0,0.0,0.0,0.0,0.0,0.0,0.0,0.0,0.0,0.0,0.0,0.0,0.0,0.0,0.0,0.0,1.0
329.0,ENSMFAG00000031020,SCAF1,ENSG00000126461,SCAF1,58506.0,0,1,0.0,0.0,0.0,0.0,0.0,0.0,0.0,0.0,0.0,0.0,0.0,0.0,0.0,0.0,0.0,0.0,0.0,0.0,0.0,0.0,1.0
330.0,ENSMFAG00000031045,DNAJA4,ENSG00000140403,DNAJA4,55466.0,0,1,0.0,0.0,0.0,0.0,0.0,0.0,0.0,0.0,0.0,0.0,0.0,0.0,0.0,0.0,0.0,0.0,0.0,0.0,0.0,0.0,1.0
331.0,ENSMFAG00000031048,SHANK1,ENSG00000161681,SHANK1,50944.0,0,1,1.0,0.0,1.0,1.0,1.0,0.0,1.0,0.0,1.0,0.0,0.0,1.0,0.0,1.0,0.0,0.0,0.0,1.0,0.0,0.0,1.0
332.0,ENSMFAG00000031071,TRHR,ENSG00000174417,TRHR,7201.0,0,1,0.0,0.0,0.0,0.0,0.0,0.0,0.0,0.0,0.0,0.0,0.0,0.0,1.0,0.0,0.0,0.0,0.0,0.0,0.0,0.0,1.0
333.0,ENSMFAG00000031095,ENSMFAG00000031095,,,,1,0,,,,,,,,,,,,,,,,,,,,,
334.0,ENSMFAG00000031115,TCF12,ENSG00000140262,TCF12,6938.0,1,0,0.0,0.0,0.0,0.0,0.0,0.0,0.0,0.0,0.0,0.0,0.0,0.0,0.0,0.0,0.0,0.0,0.0,0.0,0.0,0.0,1.0
335.0,ENSMFAG00000031150,BAHD1,ENSG00000140320,BAHD1,22893.0,0,1,0.0,0.0,0.0,0.0,0.0,0.0,0.0,0.0,0.0,0.0,0.0,0.0,0.0,0.0,0.0,0.0,0.0,0.0,0.0,0.0,1.0
336.0,ENSMFAG00000031164,WASHC5,ENSG00000164961,WASHC5,9897.0,1,0,0.0,0.0,0.0,0.0,0.0,0.0,0.0,0.0,0.0,0.0,0.0,0.0,0.0,0.0,0.0,0.0,0.0,0.0,0.0,0.0,1.0
337.0,ENSMFAG00000031172,BATF,ENSG00000156127,BATF,10538.0,0,1,0.0,0.0,0.0,0.0,0.0,0.0,0.0,0.0,0.0,0.0,0.0,0.0,0.0,0.0,0.0,0.0,0.0,0.0,0.0,0.0,1.0
338.0,ENSMFAG00000031190,POU1F1,ENSG00000064835,POU1F1,5449.0,1,0,0.0,0.0,0.0,0.0,0.0,0.0,0.0,0.0,0.0,0.0,0.0,0.0,0.0,0.0,0.0,0.0,0.0,0.0,0.0,0.0,1.0
339.0,ENSMFAG00000031215,ZFR2,ENSG00000105278,ZFR2,23217.0,0,1,0.0,0.0,0.0,0.0,0.0,0.0,0.0,0.0,0.0,0.0,0.0,0.0,0.0,0.0,0.0,0.0,0.0,0.0,0.0,0.0,1.0
340.0,ENSMFAG00000031217,DOC2A,ENSG00000149927,DOC2A,8448.0,0,1,1.0,0.0,0.0,0.0,0.0,0.0,0.0,1.0,0.0,0.0,0.0,0.0,0.0,0.0,0.0,0.0,0.0,0.0,0.0,0.0,1.0
341.0,ENSMFAG00000031235,ATOH8,ENSG00000168874,ATOH8,84913.0,1,0,0.0,0.0,0.0,0.0,0.0,0.0,0.0,0.0,0.0,0.0,0.0,0.0,0.0,0.0,0.0,0.0,0.0,0.0,0.0,0.0,1.0
342.0,ENSMFAG00000031255,TRAF1,ENSG00000056558,TRAF1,7185.0,1,0,0.0,0.0,0.0,0.0,0.0,0.0,0.0,0.0,0.0,0.0,0.0,0.0,0.0,0.0,1.0,0.0,0.0,0.0,0.0,0.0,1.0
343.0,ENSMFAG00000031273,ABCD4,ENSG00000119688,ABCD4,5826.0,1,0,0.0,0.0,0.0,0.0,0.0,0.0,0.0,0.0,0.0,0.0,0.0,0.0,0.0,0.0,0.0,0.0,0.0,0.0,1.0,0.0,1.0
344.0,ENSMFAG00000031280,SIDT1,ENSG00000072858,SIDT1,54847.0,0,1,0.0,0.0,0.0,0.0,0.0,0.0,0.0,0.0,0.0,0.0,0.0,0.0,0.0,0.0,0.0,0.0,0.0,0.0,0.0,0.0,1.0
345.0,ENSMFAG00000031298,SEMA6B,ENSG00000167680,SEMA6B,10501.0,0,1,0.0,0.0,1.0,1.0,0.0,0.0,0.0,0.0,0.0,0.0,0.0,1.0,0.0,1.0,0.0,0.0,0.0,0.0,0.0,0.0,1.0
346.0,ENSMFAG00000031315,PLD3,ENSG00000105223,PLD3,23646.0,0,1,0.0,0.0,0.0,0.0,0.0,0.0,0.0,0.0,0.0,0.0,0.0,0.0,0.0,0.0,0.0,0.0,0.0,0.0,0.0,0.0,1.0
347.0,ENSMFAG00000031318,GCLC,ENSG00000001084,GCLC,2729.0,1,0,0.0,0.0,0.0,0.0,0.0,0.0,0.0,0.0,1.0,0.0,0.0,0.0,0.0,0.0,0.0,0.0,0.0,0.0,0.0,0.0,1.0
348.0,ENSMFAG00000031323,PTPRD,ENSG00000153707,PTPRD,5789.0,1,0,0.0,0.0,1.0,0.0,0.0,0.0,0.0,0.0,0.0,0.0,0.0,0.0,0.0,0.0,0.0,0.0,0.0,0.0,0.0,0.0,1.0
349.0,ENSMFAG00000031345,MMP17,ENSG00000198598,MMP17,4326.0,0,1,0.0,0.0,0.0,0.0,0.0,0.0,0.0,0.0,0.0,0.0,0.0,0.0,0.0,0.0,0.0,0.0,0.0,0.0,0.0,0.0,1.0
350.0,ENSMFAG00000031346,STARD5,ENSG00000172345,STARD5,80765.0,1,0,0.0,0.0,0.0,0.0,0.0,0.0,0.0,0.0,0.0,0.0,0.0,0.0,0.0,0.0,0.0,0.0,0.0,0.0,1.0,0.0,1.0
351.0,ENSMFAG00000031347,SYT17,ENSG00000103528,SYT17,51760.0,0,1,0.0,0.0,0.0,1.0,0.0,0.0,0.0,1.0,0.0,0.0,0.0,1.0,0.0,0.0,0.0,0.0,0.0,0.0,0.0,0.0,1.0
352.0,ENSMFAG00000031358,NRXN3,ENSG00000021645,NRXN3,9369.0,0,1,0.0,0.0,0.0,1.0,1.0,0.0,0.0,0.0,0.0,0.0,0.0,0.0,0.0,0.0,0.0,0.0,0.0,0.0,0.0,0.0,1.0
353.0,ENSMFAG00000031365,RTN1,ENSG00000139970,RTN1,6252.0,0,1,0.0,0.0,0.0,0.0,0.0,0.0,0.0,0.0,0.0,0.0,0.0,0.0,0.0,0.0,0.0,0.0,0.0,0.0,0.0,0.0,1.0
354.0,ENSMFAG00000031414,HEATR5A,ENSG00000129493,HEATR5A,25938.0,1,0,0.0,0.0,0.0,0.0,0.0,0.0,0.0,0.0,0.0,0.0,0.0,0.0,0.0,0.0,0.0,0.0,0.0,0.0,0.0,0.0,1.0
355.0,ENSMFAG00000031460,PTX4,ENSG00000251692,PTX4,390667.0,0,1,0.0,0.0,0.0,0.0,0.0,0.0,0.0,0.0,0.0,0.0,0.0,0.0,0.0,0.0,0.0,0.0,0.0,0.0,0.0,0.0,1.0
356.0,ENSMFAG00000031475,VSTM2L,ENSG00000132821,VSTM2L,128434.0,0,1,0.0,0.0,0.0,1.0,0.0,1.0,0.0,0.0,0.0,0.0,0.0,0.0,0.0,0.0,0.0,0.0,0.0,0.0,0.0,0.0,1.0
357.0,ENSMFAG00000031486,FAM110C,ENSG00000184731,FAM110C,642273.0,0,1,0.0,0.0,0.0,0.0,0.0,0.0,0.0,0.0,0.0,0.0,0.0,0.0,0.0,0.0,0.0,0.0,0.0,0.0,0.0,0.0,1.0
358.0,ENSMFAG00000031556,COL4A5,ENSG00000188153,COL4A5,1287.0,1,0,0.0,0.0,0.0,0.0,0.0,0.0,0.0,0.0,0.0,0.0,0.0,0.0,0.0,0.0,0.0,0.0,0.0,0.0,0.0,0.0,1.0
359.0,ENSMFAG00000031558,INCENP,ENSG00000149503,INCENP,3619.0,0,1,0.0,0.0,0.0,0.0,0.0,0.0,0.0,0.0,0.0,0.0,0.0,0.0,0.0,0.0,0.0,0.0,0.0,0.0,0.0,0.0,1.0
360.0,ENSMFAG00000031618,GRIN2D,ENSG00000105464,GRIN2D,2906.0,0,1,1.0,0.0,0.0,0.0,1.0,0.0,1.0,0.0,1.0,1.0,0.0,0.0,1.0,0.0,0.0,0.0,0.0,1.0,0.0,0.0,1.0
361.0,ENSMFAG00000031622,MSRB3,ENSG00000174099,MSRB3,253827.0,1,0,0.0,0.0,0.0,0.0,0.0,0.0,0.0,0.0,0.0,0.0,0.0,0.0,0.0,0.0,0.0,0.0,0.0,0.0,0.0,0.0,1.0
362.0,ENSMFAG00000031626,CYB5R2,ENSG00000166394,CYB5R2,51700.0,1,0,0.0,0.0,0.0,0.0,0.0,0.0,0.0,0.0,0.0,0.0,0.0,0.0,0.0,0.0,0.0,0.0,0.0,0.0,1.0,0.0,1.0
363.0,ENSMFAG00000031637,SPRED3,ENSG00000188766,SPRED3,399473.0,0,1,0.0,0.0,0.0,0.0,0.0,0.0,0.0,0.0,0.0,0.0,0.0,0.0,0.0,0.0,0.0,0.0,0.0,0.0,0.0,0.0,1.0
364.0,ENSMFAG00000031651,LARP1,ENSG00000155506,LARP1,23367.0,0,1,0.0,0.0,0.0,0.0,0.0,0.0,0.0,0.0,0.0,0.0,0.0,0.0,0.0,0.0,0.0,0.0,0.0,0.0,0.0,0.0,1.0
365.0,ENSMFAG00000031673,GALNT6,ENSG00000139629,GALNT6,11226.0,1,0,0.0,0.0,0.0,0.0,0.0,0.0,0.0,0.0,0.0,0.0,0.0,0.0,0.0,0.0,0.0,0.0,0.0,0.0,0.0,0.0,1.0
366.0,ENSMFAG00000031678,ITGA2,ENSG00000164171,ITGA2,3673.0,1,0,0.0,0.0,0.0,0.0,0.0,0.0,0.0,0.0,0.0,0.0,0.0,0.0,0.0,0.0,0.0,0.0,0.0,0.0,0.0,0.0,1.0
367.0,ENSMFAG00000031687,SDCBP2,ENSG00000125775,SDCBP2,27111.0,0,1,0.0,0.0,0.0,0.0,0.0,0.0,0.0,0.0,0.0,0.0,0.0,0.0,0.0,0.0,0.0,0.0,0.0,0.0,0.0,0.0,1.0
368.0,ENSMFAG00000031728,PIP5KL1,ENSG00000167103,PIP5KL1,138429.0,0,1,1.0,0.0,0.0,0.0,0.0,0.0,0.0,0.0,0.0,0.0,0.0,0.0,0.0,0.0,0.0,0.0,0.0,0.0,0.0,0.0,1.0
369.0,ENSMFAG00000031779,TF,ENSG00000091513,TF,7018.0,1,0,0.0,0.0,0.0,0.0,0.0,0.0,1.0,0.0,0.0,0.0,0.0,0.0,0.0,0.0,1.0,1.0,0.0,0.0,0.0,0.0,1.0
370.0,ENSMFAG00000031797,DIP2B,ENSG00000066084,DIP2B,57609.0,1,0,0.0,0.0,1.0,0.0,0.0,0.0,0.0,0.0,0.0,0.0,0.0,1.0,0.0,0.0,0.0,0.0,0.0,0.0,0.0,0.0,1.0
371.0,ENSMFAG00000031803,RASSF4,ENSG00000107551,RASSF4,83937.0,1,0,0.0,0.0,0.0,0.0,0.0,0.0,0.0,0.0,0.0,0.0,0.0,0.0,0.0,0.0,0.0,0.0,0.0,0.0,0.0,0.0,1.0
372.0,ENSMFAG00000031826,LMTK3,ENSG00000142235,LMTK3,114783.0,0,1,0.0,0.0,0.0,0.0,0.0,0.0,0.0,0.0,0.0,0.0,0.0,0.0,0.0,0.0,0.0,0.0,0.0,0.0,0.0,0.0,1.0
373.0,ENSMFAG00000031845,NOL4,ENSG00000101746,NOL4,8715.0,0,1,0.0,0.0,0.0,0.0,0.0,0.0,0.0,0.0,0.0,0.0,0.0,0.0,0.0,0.0,0.0,0.0,0.0,0.0,0.0,0.0,1.0
374.0,ENSMFAG00000031879,PRRG1,ENSG00000130962,PRRG1,5638.0,1,0,0.0,0.0,0.0,0.0,0.0,0.0,0.0,0.0,0.0,0.0,0.0,0.0,0.0,0.0,0.0,0.0,0.0,0.0,0.0,0.0,1.0
375.0,ENSMFAG00000031898,IZUMO3,ENSG00000205442,IZUMO3,100129669.0,0,1,0.0,0.0,0.0,0.0,0.0,0.0,0.0,0.0,0.0,0.0,0.0,0.0,0.0,0.0,0.0,0.0,0.0,0.0,0.0,0.0,1.0
376.0,ENSMFAG00000031909,SPRED1,ENSG00000166068,SPRED1,161742.0,0,1,0.0,0.0,0.0,0.0,0.0,0.0,0.0,0.0,0.0,0.0,0.0,0.0,0.0,0.0,0.0,0.0,0.0,0.0,0.0,0.0,1.0
377.0,ENSMFAG00000031919,CNTN4,ENSG00000144619,CNTN4,152330.0,0,1,1.0,0.0,0.0,1.0,0.0,1.0,0.0,0.0,0.0,0.0,0.0,0.0,0.0,0.0,0.0,0.0,0.0,0.0,0.0,0.0,1.0
378.0,ENSMFAG00000032000,GPC1,ENSG00000063660,GPC1,2817.0,0,1,0.0,1.0,0.0,1.0,0.0,0.0,0.0,0.0,0.0,0.0,0.0,0.0,0.0,0.0,0.0,0.0,1.0,0.0,0.0,0.0,1.0
379.0,ENSMFAG00000032045,PHF24,ENSG00000122733,PHF24,23349.0,0,1,1.0,0.0,0.0,0.0,0.0,0.0,0.0,0.0,0.0,0.0,0.0,0.0,0.0,0.0,0.0,0.0,0.0,0.0,0.0,0.0,1.0
380.0,ENSMFAG00000032061,GUCY1A1,ENSG00000164116,GUCY1A1,2982.0,0,1,1.0,0.0,0.0,0.0,0.0,0.0,0.0,0.0,1.0,1.0,0.0,0.0,0.0,1.0,0.0,0.0,0.0,1.0,0.0,0.0,1.0
381.0,ENSMFAG00000032064,SNAI3,ENSG00000185669,SNAI3,333929.0,1,0,0.0,0.0,0.0,0.0,0.0,0.0,0.0,0.0,0.0,0.0,0.0,0.0,0.0,0.0,0.0,0.0,0.0,0.0,0.0,0.0,1.0
382.0,ENSMFAG00000032067,PPP1R37,ENSG00000104866,PPP1R37,284352.0,0,1,0.0,0.0,0.0,0.0,0.0,0.0,0.0,0.0,0.0,0.0,0.0,0.0,0.0,0.0,0.0,0.0,0.0,0.0,0.0,0.0,1.0
383.0,ENSMFAG00000032079,HMBS,ENSG00000256269,HMBS,3145.0,1,0,0.0,0.0,0.0,0.0,0.0,0.0,0.0,0.0,0.0,0.0,0.0,0.0,0.0,0.0,0.0,0.0,0.0,0.0,0.0,0.0,1.0
384.0,ENSMFAG00000032128,TSPOAP1,ENSG00000005379,TSPOAP1,9256.0,0,1,1.0,0.0,0.0,0.0,0.0,0.0,1.0,1.0,0.0,0.0,0.0,0.0,0.0,0.0,0.0,0.0,0.0,0.0,0.0,0.0,1.0
385.0,ENSMFAG00000032138,RBBP8,ENSG00000101773,RBBP8,5932.0,1,0,0.0,0.0,0.0,0.0,0.0,0.0,0.0,0.0,0.0,0.0,0.0,0.0,0.0,0.0,0.0,0.0,0.0,0.0,0.0,0.0,1.0
386.0,ENSMFAG00000032149,RAB6B,ENSG00000154917,RAB6B,51560.0,0,1,0.0,0.0,0.0,0.0,0.0,0.0,0.0,0.0,0.0,0.0,0.0,0.0,0.0,0.0,0.0,0.0,0.0,0.0,0.0,0.0,1.0
387.0,ENSMFAG00000032152,PPEF1,ENSG00000086717,PPEF1,5475.0,0,1,0.0,0.0,0.0,0.0,0.0,0.0,0.0,0.0,0.0,0.0,0.0,0.0,0.0,0.0,0.0,0.0,0.0,0.0,0.0,0.0,1.0
388.0,ENSMFAG00000032164,MN1,ENSG00000169184,MN1,4330.0,0,1,0.0,0.0,0.0,0.0,0.0,0.0,0.0,0.0,0.0,0.0,0.0,0.0,0.0,0.0,0.0,0.0,0.0,0.0,0.0,0.0,1.0
389.0,ENSMFAG00000032171,ADGRB1,ENSG00000181790,ADGRB1,575.0,0,1,1.0,0.0,1.0,1.0,0.0,1.0,0.0,0.0,0.0,0.0,0.0,0.0,0.0,0.0,0.0,0.0,1.0,0.0,0.0,0.0,1.0
390.0,ENSMFAG00000032206,DLG4,ENSG00000132535,DLG4,1742.0,0,1,1.0,0.0,1.0,1.0,1.0,0.0,1.0,1.0,1.0,0.0,0.0,0.0,0.0,0.0,0.0,0.0,0.0,1.0,0.0,0.0,1.0
391.0,ENSMFAG00000032211,DGKZ,ENSG00000149091,DGKZ,8525.0,0,1,1.0,0.0,0.0,0.0,0.0,0.0,0.0,0.0,0.0,0.0,0.0,0.0,0.0,0.0,0.0,0.0,0.0,0.0,0.0,0.0,1.0
392.0,ENSMFAG00000032214,ENSMFAG00000032214,ENSG00000092330,TINF2,26277.0,1,0,0.0,0.0,0.0,0.0,0.0,0.0,0.0,0.0,0.0,0.0,0.0,0.0,0.0,0.0,0.0,1.0,0.0,0.0,0.0,0.0,1.0
393.0,ENSMFAG00000032215,HTR6,ENSG00000158748,HTR6,3362.0,0,1,1.0,0.0,0.0,0.0,0.0,0.0,0.0,0.0,0.0,0.0,1.0,0.0,1.0,0.0,0.0,0.0,0.0,0.0,0.0,0.0,1.0
394.0,ENSMFAG00000032367,DBNL,ENSG00000136279,DBNL,28988.0,0,1,0.0,0.0,1.0,1.0,0.0,0.0,0.0,0.0,0.0,0.0,0.0,1.0,0.0,1.0,1.0,0.0,0.0,0.0,0.0,0.0,1.0
395.0,ENSMFAG00000032375,C16orf58,ENSG00000140688,C16orf58,64755.0,0,1,0.0,0.0,0.0,0.0,0.0,0.0,0.0,0.0,0.0,0.0,0.0,0.0,0.0,0.0,0.0,0.0,0.0,0.0,0.0,0.0,1.0
396.0,ENSMFAG00000032443,ANO3,ENSG00000134343,ANO3,63982.0,0,1,0.0,0.0,0.0,0.0,0.0,0.0,0.0,0.0,0.0,0.0,0.0,0.0,0.0,0.0,0.0,0.0,0.0,0.0,0.0,0.0,1.0
397.0,ENSMFAG00000032460,GLYR1,ENSG00000140632,GLYR1,84656.0,0,1,0.0,0.0,0.0,0.0,0.0,0.0,0.0,0.0,0.0,0.0,0.0,0.0,0.0,0.0,0.0,0.0,0.0,0.0,0.0,0.0,1.0
398.0,ENSMFAG00000032475,CDKN2D,ENSG00000129355,CDKN2D,1032.0,0,1,0.0,0.0,0.0,0.0,0.0,0.0,0.0,0.0,0.0,0.0,0.0,1.0,0.0,0.0,0.0,0.0,0.0,0.0,0.0,0.0,1.0
399.0,ENSMFAG00000032478,AZIN2,ENSG00000142920,AZIN2,113451.0,0,1,0.0,0.0,0.0,0.0,0.0,0.0,1.0,0.0,0.0,0.0,0.0,0.0,0.0,0.0,0.0,0.0,0.0,0.0,0.0,0.0,1.0
400.0,ENSMFAG00000032486,SGK2,ENSG00000101049,SGK2,10110.0,1,0,0.0,0.0,0.0,0.0,0.0,0.0,0.0,0.0,0.0,0.0,0.0,1.0,0.0,0.0,0.0,0.0,0.0,0.0,0.0,0.0,1.0
401.0,ENSMFAG00000032487,BCL11B,ENSG00000127152,BCL11B,64919.0,0,1,0.0,0.0,0.0,1.0,0.0,0.0,0.0,0.0,0.0,0.0,1.0,0.0,0.0,0.0,0.0,0.0,0.0,0.0,0.0,0.0,1.0
402.0,ENSMFAG00000032494,MIR1915HG,,,,0,1,,,,,,,,,,,,,,,,,,,,,
403.0,ENSMFAG00000032545,PLLP,ENSG00000102934,PLLP,51090.0,1,0,0.0,1.0,0.0,0.0,0.0,0.0,0.0,0.0,0.0,0.0,0.0,0.0,0.0,0.0,0.0,0.0,0.0,0.0,0.0,0.0,1.0
404.0,ENSMFAG00000032555,FKBP9,ENSG00000122642,FKBP9,11328.0,0,1,0.0,0.0,0.0,0.0,0.0,0.0,0.0,0.0,0.0,0.0,0.0,0.0,0.0,0.0,0.0,0.0,0.0,0.0,0.0,0.0,1.0
405.0,ENSMFAG00000032565,TNFSF13B,ENSG00000102524,TNFSF13B,10673.0,0,1,0.0,0.0,0.0,0.0,0.0,0.0,0.0,0.0,0.0,0.0,0.0,0.0,0.0,0.0,0.0,0.0,0.0,0.0,0.0,0.0,1.0
406.0,ENSMFAG00000032592,CNNM4,ENSG00000158158,CNNM4,26504.0,0,1,0.0,0.0,0.0,0.0,0.0,0.0,1.0,0.0,0.0,0.0,0.0,0.0,0.0,0.0,0.0,0.0,0.0,0.0,0.0,0.0,1.0
407.0,ENSMFAG00000032618,ZNF32,ENSG00000169740,ZNF32,7580.0,1,0,0.0,0.0,0.0,0.0,0.0,0.0,0.0,0.0,0.0,0.0,0.0,0.0,0.0,0.0,0.0,0.0,0.0,0.0,0.0,0.0,1.0
408.0,ENSMFAG00000032651,GOLGA7,ENSG00000147533,GOLGA7,51125.0,1,0,0.0,0.0,0.0,0.0,0.0,0.0,0.0,0.0,0.0,0.0,0.0,0.0,0.0,0.0,0.0,0.0,0.0,0.0,0.0,0.0,1.0
409.0,ENSMFAG00000032745,GLI1,ENSG00000111087,GLI1,2735.0,0,1,0.0,0.0,0.0,0.0,0.0,0.0,0.0,0.0,0.0,0.0,0.0,1.0,0.0,0.0,0.0,0.0,0.0,0.0,0.0,0.0,1.0
410.0,ENSMFAG00000032757,BCORL1,ENSG00000085185,BCORL1,63035.0,0,1,0.0,0.0,0.0,0.0,0.0,0.0,0.0,0.0,0.0,0.0,0.0,0.0,0.0,0.0,0.0,0.0,0.0,0.0,0.0,0.0,1.0
411.0,ENSMFAG00000032759,DYRK2,ENSG00000127334,DYRK2,8445.0,0,1,0.0,0.0,0.0,0.0,0.0,0.0,0.0,0.0,0.0,1.0,0.0,0.0,0.0,0.0,0.0,0.0,0.0,0.0,0.0,0.0,1.0
412.0,ENSMFAG00000032764,CMAS,ENSG00000111726,CMAS,55907.0,0,1,0.0,0.0,0.0,0.0,0.0,0.0,0.0,0.0,0.0,0.0,0.0,0.0,0.0,0.0,0.0,0.0,0.0,0.0,0.0,0.0,1.0
413.0,ENSMFAG00000032768,RIC1,ENSG00000107036,RIC1,57589.0,1,0,0.0,0.0,0.0,0.0,0.0,0.0,0.0,1.0,0.0,0.0,0.0,0.0,0.0,0.0,0.0,0.0,0.0,0.0,0.0,0.0,1.0
414.0,ENSMFAG00000032789,PDXP,ENSG00000241360,PDXP,57026.0,0,1,0.0,0.0,0.0,0.0,0.0,0.0,0.0,0.0,0.0,0.0,0.0,0.0,0.0,1.0,0.0,0.0,0.0,0.0,0.0,0.0,1.0
415.0,ENSMFAG00000032814,DHTKD1,ENSG00000181192,DHTKD1,55526.0,1,0,0.0,0.0,0.0,0.0,0.0,0.0,0.0,0.0,0.0,0.0,0.0,0.0,0.0,0.0,0.0,0.0,0.0,0.0,0.0,0.0,1.0
416.0,ENSMFAG00000032876,C12orf29,ENSG00000133641,C12orf29,91298.0,1,0,0.0,0.0,0.0,0.0,0.0,0.0,0.0,0.0,0.0,0.0,0.0,0.0,0.0,0.0,0.0,0.0,0.0,0.0,0.0,0.0,1.0
417.0,ENSMFAG00000032893,HMGN3,ENSG00000118418,HMGN3,9324.0,1,0,0.0,0.0,0.0,0.0,0.0,0.0,0.0,1.0,0.0,0.0,0.0,0.0,0.0,0.0,0.0,0.0,0.0,0.0,0.0,0.0,1.0
418.0,ENSMFAG00000032906,C2orf68,ENSG00000168887,C2orf68,388969.0,1,0,0.0,0.0,0.0,0.0,0.0,0.0,0.0,0.0,0.0,0.0,0.0,0.0,0.0,0.0,0.0,0.0,0.0,0.0,0.0,0.0,1.0
419.0,ENSMFAG00000032919,ZNF571,ENSG00000180479,ZNF571,51276.0,0,1,0.0,0.0,0.0,0.0,0.0,0.0,0.0,0.0,0.0,0.0,0.0,0.0,0.0,0.0,0.0,0.0,0.0,0.0,0.0,0.0,1.0
420.0,ENSMFAG00000033009,C9orf129,ENSG00000204352,C9orf129,,0,1,,,,,,,,,,,,,,,,,,,,,
421.0,ENSMFAG00000033021,MYO1D,ENSG00000176658,MYO1D,4642.0,1,0,0.0,0.0,0.0,0.0,0.0,0.0,0.0,0.0,0.0,0.0,0.0,0.0,0.0,0.0,0.0,0.0,0.0,0.0,0.0,0.0,1.0
422.0,ENSMFAG00000033092,PALM,ENSG00000099864,PALM,5064.0,0,1,0.0,0.0,1.0,0.0,0.0,0.0,0.0,0.0,0.0,0.0,0.0,0.0,0.0,0.0,0.0,0.0,0.0,0.0,0.0,0.0,1.0
423.0,ENSMFAG00000033116,KCTD20,ENSG00000112078,KCTD20,222658.0,1,0,0.0,0.0,0.0,0.0,0.0,0.0,0.0,0.0,0.0,0.0,0.0,0.0,0.0,0.0,0.0,0.0,0.0,0.0,0.0,0.0,1.0
424.0,ENSMFAG00000033138,AJM1,ENSG00000232434,AJM1,389813.0,0,1,0.0,0.0,1.0,0.0,0.0,0.0,0.0,0.0,0.0,0.0,0.0,0.0,0.0,0.0,0.0,0.0,0.0,0.0,0.0,0.0,1.0
425.0,ENSMFAG00000033155,ST3GAL2,ENSG00000157350,ST3GAL2,6483.0,0,1,0.0,0.0,0.0,0.0,0.0,0.0,0.0,0.0,0.0,0.0,0.0,0.0,0.0,0.0,0.0,0.0,0.0,0.0,0.0,1.0,1.0
426.0,ENSMFAG00000033202,AP3D1,ENSG00000065000,AP3D1,8943.0,0,1,0.0,0.0,0.0,0.0,0.0,0.0,1.0,1.0,0.0,0.0,0.0,0.0,0.0,0.0,0.0,0.0,0.0,0.0,0.0,0.0,1.0
427.0,ENSMFAG00000033219,CACNG6,ENSG00000130433,CACNG6,59285.0,0,1,0.0,0.0,0.0,0.0,0.0,0.0,1.0,0.0,1.0,0.0,0.0,0.0,0.0,0.0,0.0,0.0,0.0,0.0,0.0,0.0,1.0
428.0,ENSMFAG00000033228,PTH1R,ENSG00000160801,PTH1R,5745.0,1,0,0.0,0.0,0.0,0.0,0.0,0.0,1.0,0.0,0.0,0.0,0.0,0.0,0.0,0.0,0.0,1.0,0.0,0.0,0.0,0.0,1.0
429.0,ENSMFAG00000033253,LACTB2,ENSG00000147592,LACTB2,51110.0,1,0,0.0,0.0,0.0,0.0,0.0,0.0,0.0,0.0,0.0,0.0,0.0,0.0,0.0,0.0,0.0,0.0,0.0,0.0,0.0,0.0,1.0
430.0,ENSMFAG00000033293,PDE1B,ENSG00000123360,PDE1B,5153.0,0,1,0.0,0.0,0.0,0.0,1.0,0.0,0.0,1.0,0.0,0.0,0.0,0.0,1.0,0.0,0.0,0.0,0.0,0.0,0.0,0.0,1.0
431.0,ENSMFAG00000033330,ESYT2,ENSG00000117868,ESYT2,57488.0,0,1,0.0,0.0,0.0,0.0,0.0,0.0,0.0,0.0,0.0,0.0,0.0,0.0,0.0,0.0,0.0,0.0,0.0,0.0,0.0,1.0,1.0
432.0,ENSMFAG00000033335,PIGG,ENSG00000174227,PIGG,54872.0,0,1,0.0,0.0,0.0,0.0,0.0,0.0,0.0,0.0,0.0,0.0,0.0,0.0,0.0,0.0,0.0,0.0,0.0,0.0,0.0,1.0,1.0
433.0,ENSMFAG00000033407,GJA3,ENSG00000121743,GJA3,2700.0,0,1,0.0,0.0,0.0,0.0,0.0,0.0,0.0,0.0,0.0,0.0,0.0,0.0,0.0,0.0,0.0,0.0,0.0,0.0,0.0,0.0,1.0
434.0,ENSMFAG00000033459,ENSMFAG00000033459,,,,0,1,,,,,,,,,,,,,,,,,,,,,
435.0,ENSMFAG00000033539,BTD,ENSG00000169814,BTD,686.0,1,0,0.0,0.0,0.0,0.0,0.0,0.0,0.0,0.0,0.0,0.0,0.0,0.0,0.0,0.0,0.0,0.0,0.0,0.0,0.0,0.0,1.0
436.0,ENSMFAG00000033621,SYNPO,ENSG00000171992,SYNPO,11346.0,0,1,0.0,0.0,1.0,0.0,0.0,0.0,0.0,0.0,0.0,0.0,0.0,0.0,0.0,1.0,0.0,0.0,0.0,0.0,0.0,0.0,1.0
437.0,ENSMFAG00000033625,DOCK3,ENSG00000088538,DOCK3,1795.0,0,1,0.0,0.0,0.0,0.0,0.0,0.0,0.0,0.0,0.0,0.0,0.0,0.0,0.0,0.0,0.0,0.0,0.0,0.0,0.0,0.0,1.0
438.0,ENSMFAG00000033646,BCAS1,ENSG00000064787,BCAS1,8537.0,1,0,0.0,1.0,0.0,0.0,0.0,0.0,0.0,0.0,0.0,0.0,0.0,0.0,0.0,0.0,0.0,0.0,0.0,0.0,0.0,0.0,1.0
439.0,ENSMFAG00000033659,PIK3C2A,ENSG00000011405,PIK3C2A,5286.0,1,0,0.0,0.0,0.0,0.0,0.0,0.0,0.0,0.0,1.0,0.0,0.0,0.0,0.0,0.0,0.0,0.0,0.0,0.0,0.0,0.0,1.0
440.0,ENSMFAG00000033696,ENSMFAG00000033696,ENSG00000185800,DMWD,1762.0,0,1,0.0,0.0,0.0,0.0,0.0,0.0,0.0,0.0,0.0,0.0,0.0,0.0,0.0,0.0,0.0,0.0,0.0,0.0,0.0,0.0,1.0
441.0,ENSMFAG00000033712,SVOP,ENSG00000166111,SVOP,55530.0,0,1,0.0,0.0,0.0,0.0,0.0,0.0,0.0,0.0,0.0,0.0,0.0,0.0,0.0,0.0,0.0,0.0,0.0,0.0,0.0,0.0,1.0
442.0,ENSMFAG00000033716,ACSL1,ENSG00000151726,ACSL1,2180.0,1,0,0.0,0.0,0.0,0.0,0.0,0.0,0.0,0.0,0.0,0.0,0.0,0.0,0.0,0.0,0.0,1.0,0.0,0.0,1.0,0.0,1.0
443.0,ENSMFAG00000033724,GAN,ENSG00000261609,GAN,8139.0,1,0,0.0,0.0,0.0,0.0,0.0,0.0,0.0,0.0,0.0,0.0,0.0,0.0,0.0,0.0,0.0,0.0,0.0,0.0,0.0,0.0,1.0
444.0,ENSMFAG00000033861,JPT2,ENSG00000206053,JPT2,90861.0,1,0,0.0,0.0,0.0,0.0,0.0,0.0,0.0,0.0,0.0,0.0,0.0,0.0,0.0,0.0,0.0,0.0,0.0,0.0,0.0,0.0,1.0
445.0,ENSMFAG00000033873,SLC4A9,ENSG00000113073,SLC4A9,83697.0,1,0,0.0,0.0,0.0,0.0,0.0,0.0,0.0,0.0,0.0,0.0,0.0,0.0,0.0,0.0,0.0,0.0,0.0,0.0,1.0,0.0,1.0
446.0,ENSMFAG00000033874,LEPROT,ENSG00000213625,LEPROT,54741.0,1,0,0.0,0.0,0.0,0.0,0.0,0.0,0.0,0.0,0.0,0.0,0.0,0.0,0.0,0.0,0.0,0.0,0.0,0.0,0.0,0.0,1.0
447.0,ENSMFAG00000033875,SLC22A5,ENSG00000197375,SLC22A5,6584.0,1,0,0.0,0.0,0.0,0.0,0.0,0.0,0.0,0.0,0.0,0.0,0.0,0.0,0.0,0.0,0.0,1.0,0.0,0.0,1.0,0.0,1.0
448.0,ENSMFAG00000033880,CNKSR3,ENSG00000153721,CNKSR3,154043.0,1,0,0.0,0.0,0.0,0.0,0.0,0.0,0.0,0.0,0.0,0.0,0.0,0.0,0.0,0.0,0.0,0.0,0.0,0.0,0.0,0.0,1.0
449.0,ENSMFAG00000033900,KLHL20,ENSG00000076321,KLHL20,27252.0,1,0,0.0,0.0,0.0,0.0,0.0,0.0,0.0,0.0,0.0,0.0,0.0,0.0,0.0,0.0,0.0,0.0,0.0,0.0,0.0,0.0,1.0
450.0,ENSMFAG00000033925,EIF2D,ENSG00000143486,EIF2D,1939.0,1,0,0.0,0.0,0.0,0.0,0.0,0.0,0.0,0.0,0.0,0.0,0.0,0.0,0.0,0.0,0.0,0.0,0.0,0.0,0.0,0.0,1.0
451.0,ENSMFAG00000033947,ENSMFAG00000033947,,,,1,0,,,,,,,,,,,,,,,,,,,,,
452.0,ENSMFAG00000033956,DENND6B,ENSG00000205593,DENND6B,414918.0,0,1,0.0,0.0,0.0,0.0,0.0,0.0,0.0,0.0,0.0,0.0,0.0,0.0,0.0,0.0,0.0,0.0,0.0,0.0,0.0,0.0,1.0
453.0,ENSMFAG00000033976,LMCD1,ENSG00000071282,LMCD1,29995.0,1,0,0.0,0.0,0.0,0.0,0.0,0.0,0.0,0.0,0.0,0.0,0.0,0.0,0.0,0.0,0.0,0.0,0.0,0.0,0.0,0.0,1.0
454.0,ENSMFAG00000033992,CDK9,ENSG00000136807,CDK9,1025.0,0,1,0.0,0.0,0.0,0.0,0.0,0.0,0.0,0.0,1.0,0.0,0.0,0.0,0.0,0.0,0.0,0.0,0.0,0.0,0.0,0.0,1.0
455.0,ENSMFAG00000033993,CHD5,ENSG00000116254,CHD5,26038.0,0,1,0.0,0.0,0.0,0.0,0.0,0.0,0.0,0.0,0.0,0.0,1.0,0.0,0.0,0.0,0.0,0.0,0.0,0.0,0.0,0.0,1.0
456.0,ENSMFAG00000034043,EFNB2,ENSG00000125266,EFNB2,1948.0,0,1,0.0,0.0,1.0,1.0,0.0,0.0,0.0,0.0,0.0,0.0,0.0,0.0,0.0,0.0,0.0,0.0,0.0,0.0,0.0,0.0,1.0
457.0,ENSMFAG00000034060,LSS,ENSG00000160285,LSS,4047.0,0,1,0.0,0.0,0.0,0.0,0.0,0.0,0.0,0.0,0.0,0.0,0.0,0.0,0.0,0.0,0.0,0.0,0.0,0.0,0.0,0.0,1.0
458.0,ENSMFAG00000034083,NUDT14,ENSG00000183828,NUDT14,256281.0,0,1,0.0,0.0,0.0,0.0,0.0,0.0,0.0,0.0,0.0,0.0,0.0,0.0,0.0,0.0,0.0,0.0,0.0,0.0,0.0,0.0,1.0
459.0,ENSMFAG00000034097,CCDC50,ENSG00000152492,CCDC50,152137.0,1,0,0.0,0.0,0.0,0.0,0.0,0.0,0.0,0.0,0.0,0.0,0.0,0.0,0.0,0.0,0.0,0.0,0.0,0.0,0.0,0.0,1.0
460.0,ENSMFAG00000034115,CD38,ENSG00000004468,CD38,952.0,1,0,0.0,0.0,0.0,0.0,0.0,0.0,1.0,1.0,1.0,0.0,0.0,1.0,0.0,0.0,0.0,1.0,0.0,0.0,0.0,0.0,1.0
461.0,ENSMFAG00000034196,PKLR,ENSG00000143627,PKLR,5313.0,0,1,0.0,0.0,0.0,0.0,0.0,0.0,0.0,0.0,0.0,0.0,0.0,0.0,0.0,0.0,0.0,0.0,0.0,0.0,0.0,0.0,1.0
462.0,ENSMFAG00000034218,RGS11,ENSG00000076344,RGS11,8786.0,0,1,0.0,0.0,0.0,0.0,0.0,0.0,0.0,0.0,0.0,0.0,0.0,0.0,0.0,0.0,0.0,0.0,0.0,0.0,0.0,0.0,1.0
463.0,ENSMFAG00000034246,HPCA,ENSG00000121905,HPCA,3208.0,0,1,0.0,0.0,0.0,0.0,0.0,0.0,1.0,1.0,0.0,1.0,0.0,0.0,0.0,0.0,0.0,0.0,0.0,0.0,0.0,0.0,1.0
464.0,ENSMFAG00000034267,CRYAB,ENSG00000109846,CRYAB,1410.0,1,0,0.0,0.0,0.0,0.0,0.0,0.0,0.0,0.0,0.0,0.0,0.0,1.0,0.0,0.0,0.0,0.0,0.0,0.0,0.0,0.0,1.0
465.0,ENSMFAG00000034276,TSPYL2,ENSG00000184205,TSPYL2,64061.0,0,1,0.0,0.0,0.0,0.0,0.0,0.0,0.0,0.0,0.0,0.0,0.0,1.0,0.0,0.0,0.0,0.0,0.0,0.0,0.0,0.0,1.0
466.0,ENSMFAG00000034341,IQCG,ENSG00000114473,IQCG,84223.0,1,0,0.0,0.0,0.0,0.0,0.0,0.0,0.0,0.0,0.0,0.0,0.0,0.0,0.0,0.0,0.0,0.0,0.0,0.0,0.0,0.0,1.0
467.0,ENSMFAG00000034344,FBXO8,ENSG00000164117,FBXO8,26269.0,1,0,0.0,0.0,0.0,0.0,0.0,0.0,0.0,0.0,0.0,0.0,0.0,0.0,0.0,0.0,0.0,0.0,0.0,0.0,0.0,0.0,1.0
468.0,ENSMFAG00000034366,JAK3,ENSG00000105639,JAK3,3718.0,0,1,0.0,0.0,0.0,0.0,0.0,0.0,0.0,0.0,0.0,0.0,0.0,0.0,0.0,0.0,0.0,0.0,0.0,0.0,0.0,0.0,1.0
469.0,ENSMFAG00000034385,SLC2A10,ENSG00000197496,SLC2A10,81031.0,1,0,0.0,0.0,0.0,0.0,0.0,0.0,0.0,0.0,0.0,0.0,0.0,0.0,0.0,0.0,0.0,0.0,0.0,0.0,1.0,0.0,1.0
470.0,ENSMFAG00000034461,LPAR1,ENSG00000198121,LPAR1,1902.0,1,0,0.0,1.0,0.0,0.0,0.0,0.0,1.0,0.0,0.0,0.0,0.0,0.0,0.0,0.0,0.0,0.0,0.0,0.0,0.0,0.0,1.0
471.0,ENSMFAG00000034483,SMIM5,ENSG00000204323,SMIM5,643008.0,1,0,0.0,0.0,0.0,0.0,0.0,0.0,0.0,0.0,0.0,0.0,0.0,0.0,0.0,0.0,0.0,0.0,0.0,0.0,0.0,0.0,1.0
472.0,ENSMFAG00000034485,CD9,ENSG00000010278,CD9,928.0,1,0,0.0,1.0,0.0,0.0,0.0,0.0,0.0,0.0,0.0,0.0,0.0,1.0,0.0,0.0,0.0,0.0,0.0,0.0,0.0,0.0,1.0
473.0,ENSMFAG00000034487,TPM3,ENSG00000143549,TPM3,7170.0,0,1,0.0,0.0,0.0,0.0,0.0,0.0,0.0,0.0,0.0,0.0,0.0,0.0,0.0,1.0,0.0,0.0,0.0,0.0,0.0,0.0,1.0
474.0,ENSMFAG00000034490,ENSMFAG00000034490,ENSG00000105085,MED26,9441.0,0,1,0.0,0.0,0.0,0.0,0.0,0.0,0.0,0.0,0.0,0.0,0.0,0.0,0.0,0.0,0.0,0.0,0.0,0.0,0.0,0.0,1.0
,,,ENSG00000141979,AC008764.1,,0,1,,,,,,,,,,,,,,,,,,,,,
475.0,ENSMFAG00000034526,CACNA1H,ENSG00000196557,CACNA1H,8912.0,0,1,1.0,0.0,0.0,0.0,0.0,0.0,1.0,1.0,1.0,0.0,0.0,0.0,1.0,0.0,0.0,0.0,0.0,1.0,0.0,0.0,1.0
476.0,ENSMFAG00000034566,ACTR3B,ENSG00000133627,ACTR3B,57180.0,0,1,0.0,0.0,0.0,0.0,0.0,0.0,0.0,0.0,0.0,0.0,0.0,0.0,0.0,0.0,0.0,0.0,0.0,0.0,0.0,0.0,1.0
477.0,ENSMFAG00000034582,AGAP3,ENSG00000133612,AGAP3,116988.0,0,1,0.0,0.0,0.0,0.0,0.0,0.0,0.0,0.0,0.0,0.0,0.0,0.0,0.0,0.0,0.0,0.0,0.0,0.0,0.0,0.0,1.0
478.0,ENSMFAG00000034594,KRT84,ENSG00000161849,KRT84,3890.0,0,1,0.0,0.0,0.0,0.0,0.0,0.0,0.0,0.0,0.0,0.0,0.0,0.0,0.0,0.0,0.0,0.0,0.0,0.0,0.0,0.0,1.0
479.0,ENSMFAG00000034607,KCNN2,ENSG00000080709,KCNN2,3781.0,0,1,1.0,0.0,0.0,0.0,0.0,0.0,1.0,0.0,1.0,0.0,0.0,0.0,0.0,1.0,0.0,0.0,0.0,0.0,0.0,0.0,1.0
480.0,ENSMFAG00000034609,SYNGR1,ENSG00000100321,SYNGR1,9145.0,0,1,1.0,0.0,0.0,0.0,0.0,0.0,0.0,0.0,0.0,0.0,0.0,0.0,0.0,0.0,0.0,0.0,0.0,0.0,0.0,0.0,1.0
481.0,ENSMFAG00000034612,ITGB1,ENSG00000150093,ITGB1,3688.0,1,0,1.0,0.0,0.0,0.0,0.0,0.0,0.0,0.0,0.0,0.0,0.0,0.0,0.0,0.0,0.0,1.0,0.0,0.0,1.0,0.0,1.0
482.0,ENSMFAG00000034637,ENSMFAG00000034637,ENSG00000002587,HS3ST1,9957.0,1,0,0.0,0.0,0.0,0.0,0.0,0.0,0.0,0.0,0.0,0.0,0.0,0.0,0.0,0.0,0.0,0.0,0.0,0.0,0.0,0.0,1.0
483.0,ENSMFAG00000034644,WNT1,ENSG00000125084,WNT1,7471.0,0,1,0.0,0.0,1.0,0.0,0.0,0.0,0.0,0.0,0.0,0.0,1.0,0.0,0.0,0.0,0.0,0.0,0.0,0.0,0.0,0.0,1.0
484.0,ENSMFAG00000034687,FRYL,ENSG00000075539,FRYL,285527.0,1,0,0.0,0.0,0.0,0.0,0.0,0.0,0.0,0.0,0.0,0.0,0.0,0.0,0.0,0.0,0.0,0.0,0.0,0.0,0.0,0.0,1.0
485.0,ENSMFAG00000034877,NEUROD1,ENSG00000162992,NEUROD1,4760.0,0,1,0.0,0.0,0.0,0.0,0.0,0.0,0.0,1.0,1.0,1.0,1.0,0.0,0.0,0.0,0.0,0.0,0.0,0.0,0.0,0.0,1.0
486.0,ENSMFAG00000034992,ENSMFAG00000034992,,,,0,1,,,,,,,,,,,,,,,,,,,,,
487.0,ENSMFAG00000035344,BCAR1,ENSG00000050820,BCAR1,9564.0,0,1,0.0,0.0,0.0,1.0,0.0,0.0,0.0,0.0,0.0,0.0,0.0,1.0,0.0,1.0,0.0,0.0,0.0,0.0,0.0,0.0,1.0
488.0,ENSMFAG00000035347,ABCG1,ENSG00000160179,ABCG1,9619.0,1,0,0.0,0.0,0.0,0.0,0.0,0.0,0.0,1.0,0.0,0.0,0.0,0.0,0.0,0.0,0.0,0.0,0.0,0.0,0.0,0.0,1.0
489.0,ENSMFAG00000035361,ADIPOR2,ENSG00000006831,ADIPOR2,79602.0,1,0,0.0,0.0,0.0,0.0,0.0,0.0,0.0,0.0,0.0,0.0,0.0,1.0,0.0,0.0,0.0,1.0,0.0,0.0,1.0,0.0,1.0
490.0,ENSMFAG00000035398,STUM,ENSG00000203685,STUM,375057.0,0,1,0.0,0.0,0.0,0.0,0.0,0.0,0.0,0.0,0.0,0.0,0.0,0.0,0.0,0.0,0.0,0.0,0.0,0.0,0.0,0.0,1.0
491.0,ENSMFAG00000035416,DDX59,ENSG00000118197,DDX59,83479.0,1,0,0.0,0.0,0.0,0.0,0.0,0.0,0.0,0.0,0.0,0.0,0.0,0.0,0.0,0.0,0.0,0.0,0.0,0.0,0.0,0.0,1.0
492.0,ENSMFAG00000035417,PIP4K2B,ENSG00000276293,PIP4K2B,8396.0,0,1,0.0,0.0,1.0,0.0,0.0,0.0,0.0,0.0,0.0,0.0,0.0,0.0,0.0,0.0,0.0,0.0,0.0,0.0,0.0,0.0,1.0
493.0,ENSMFAG00000035456,EIF3E,ENSG00000104408,EIF3E,3646.0,1,0,0.0,0.0,0.0,0.0,0.0,0.0,0.0,0.0,0.0,0.0,0.0,0.0,0.0,0.0,0.0,0.0,0.0,0.0,0.0,0.0,1.0
494.0,ENSMFAG00000035483,ZNF333,ENSG00000160961,ZNF333,84449.0,1,0,0.0,0.0,0.0,0.0,0.0,0.0,0.0,0.0,0.0,0.0,0.0,0.0,0.0,0.0,0.0,0.0,0.0,0.0,0.0,0.0,1.0
495.0,ENSMFAG00000035525,ING5,ENSG00000168395,ING5,84289.0,0,1,0.0,0.0,0.0,0.0,0.0,0.0,0.0,0.0,0.0,0.0,0.0,1.0,0.0,0.0,0.0,0.0,0.0,0.0,0.0,0.0,1.0
496.0,ENSMFAG00000035539,ENSMFAG00000035539,ENSG00000204851,PNMA8B,57469.0,0,1,0.0,0.0,0.0,0.0,0.0,0.0,0.0,0.0,0.0,0.0,0.0,0.0,0.0,0.0,0.0,0.0,0.0,0.0,0.0,0.0,1.0
497.0,ENSMFAG00000035540,ENSMFAG00000035540,,,,1,0,,,,,,,,,,,,,,,,,,,,,
498.0,ENSMFAG00000035564,SFRP1,ENSG00000104332,SFRP1,6422.0,1,0,0.0,0.0,0.0,0.0,0.0,0.0,0.0,1.0,0.0,0.0,0.0,1.0,0.0,0.0,1.0,1.0,0.0,0.0,0.0,0.0,1.0
499.0,ENSMFAG00000035588,ADAM11,ENSG00000073670,ADAM11,4185.0,0,1,0.0,0.0,0.0,0.0,0.0,0.0,0.0,0.0,0.0,0.0,0.0,0.0,0.0,0.0,0.0,0.0,0.0,0.0,0.0,0.0,1.0
500.0,ENSMFAG00000035599,IQANK1,ENSG00000203499,IQANK1,642574.0,0,1,0.0,0.0,0.0,0.0,0.0,0.0,0.0,0.0,0.0,0.0,0.0,0.0,0.0,1.0,0.0,0.0,0.0,0.0,0.0,0.0,1.0
501.0,ENSMFAG00000035672,ENSMFAG00000035672,,,,1,0,,,,,,,,,,,,,,,,,,,,,
502.0,ENSMFAG00000035705,ENSMFAG00000035705,,,,1,0,,,,,,,,,,,,,,,,,,,,,
503.0,ENSMFAG00000035714,UGT8,ENSG00000174607,UGT8,7368.0,1,0,0.0,1.0,0.0,0.0,0.0,0.0,0.0,0.0,0.0,0.0,0.0,0.0,0.0,0.0,0.0,0.0,1.0,0.0,0.0,1.0,1.0
504.0,ENSMFAG00000035753,SAMD4B,ENSG00000179134,SAMD4B,55095.0,0,1,0.0,0.0,0.0,0.0,0.0,0.0,0.0,0.0,0.0,0.0,0.0,0.0,0.0,0.0,0.0,0.0,0.0,0.0,0.0,0.0,1.0
505.0,ENSMFAG00000035768,PDE3A,ENSG00000172572,PDE3A,5139.0,1,0,0.0,0.0,0.0,0.0,0.0,0.0,0.0,0.0,1.0,0.0,0.0,0.0,0.0,0.0,0.0,0.0,0.0,0.0,0.0,0.0,1.0
506.0,ENSMFAG00000035777,AGFG2,ENSG00000106351,AGFG2,3268.0,0,1,0.0,0.0,0.0,0.0,0.0,0.0,0.0,0.0,0.0,0.0,0.0,0.0,0.0,0.0,0.0,0.0,0.0,0.0,0.0,0.0,1.0
507.0,ENSMFAG00000035789,PLEKHG3,ENSG00000126822,PLEKHG3,26030.0,1,0,0.0,0.0,0.0,0.0,0.0,0.0,0.0,0.0,0.0,0.0,0.0,0.0,0.0,0.0,0.0,0.0,0.0,0.0,0.0,0.0,1.0
508.0,ENSMFAG00000035810,PRR36,ENSG00000183248,PRR36,80164.0,0,1,0.0,0.0,0.0,0.0,0.0,0.0,0.0,0.0,0.0,0.0,0.0,0.0,0.0,0.0,0.0,0.0,0.0,0.0,0.0,0.0,1.0
509.0,ENSMFAG00000035813,EFR3B,ENSG00000084710,EFR3B,22979.0,0,1,0.0,0.0,0.0,0.0,0.0,0.0,0.0,0.0,0.0,0.0,0.0,0.0,0.0,0.0,0.0,0.0,0.0,0.0,0.0,0.0,1.0
510.0,ENSMFAG00000035834,ENSMFAG00000035834,ENSG00000175110,MRPS22,56945.0,1,0,0.0,0.0,0.0,0.0,0.0,0.0,0.0,0.0,0.0,0.0,0.0,0.0,0.0,0.0,0.0,0.0,0.0,0.0,0.0,0.0,1.0
511.0,ENSMFAG00000035898,ENSMFAG00000035898,,,,0,1,,,,,,,,,,,,,,,,,,,,,
512.0,ENSMFAG00000035903,KCNH8,ENSG00000183960,KCNH8,131096.0,1,0,0.0,0.0,0.0,0.0,0.0,0.0,0.0,0.0,0.0,0.0,0.0,0.0,0.0,0.0,0.0,0.0,0.0,0.0,0.0,0.0,1.0
513.0,ENSMFAG00000035907,CRIP2,ENSG00000182809,CRIP2,1397.0,0,1,0.0,0.0,0.0,0.0,0.0,0.0,0.0,0.0,0.0,0.0,0.0,0.0,0.0,0.0,0.0,0.0,0.0,0.0,0.0,0.0,1.0
514.0,ENSMFAG00000035936,LIPA,ENSG00000107798,LIPA,3988.0,1,0,0.0,0.0,0.0,0.0,0.0,0.0,0.0,0.0,0.0,0.0,0.0,0.0,0.0,0.0,0.0,1.0,0.0,0.0,0.0,0.0,1.0
515.0,ENSMFAG00000035965,NPPA,ENSG00000175206,NPPA,4878.0,0,1,1.0,0.0,0.0,0.0,0.0,0.0,1.0,0.0,1.0,1.0,0.0,0.0,0.0,1.0,1.0,0.0,0.0,0.0,0.0,0.0,1.0
516.0,ENSMFAG00000035980,KAT2B,ENSG00000114166,KAT2B,8850.0,1,0,0.0,0.0,0.0,0.0,0.0,0.0,0.0,0.0,0.0,0.0,0.0,0.0,0.0,0.0,0.0,0.0,0.0,0.0,0.0,0.0,1.0
517.0,ENSMFAG00000036003,TMEM144,ENSG00000164124,TMEM144,55314.0,1,0,0.0,0.0,0.0,0.0,0.0,0.0,0.0,0.0,0.0,0.0,0.0,0.0,0.0,0.0,0.0,0.0,0.0,0.0,1.0,0.0,1.0
518.0,ENSMFAG00000036074,AP5M1,ENSG00000053770,AP5M1,55745.0,1,0,0.0,0.0,0.0,0.0,0.0,0.0,0.0,0.0,0.0,0.0,0.0,0.0,0.0,0.0,0.0,0.0,0.0,0.0,0.0,0.0,1.0
519.0,ENSMFAG00000036080,RFFL,ENSG00000092871,RFFL,117584.0,1,0,0.0,0.0,0.0,0.0,0.0,0.0,0.0,0.0,0.0,0.0,0.0,0.0,0.0,0.0,0.0,0.0,0.0,0.0,0.0,0.0,1.0
520.0,ENSMFAG00000036081,GSTZ1,ENSG00000100577,GSTZ1,2954.0,1,0,0.0,0.0,0.0,0.0,0.0,0.0,0.0,0.0,0.0,0.0,0.0,0.0,0.0,0.0,0.0,0.0,0.0,0.0,0.0,0.0,1.0
521.0,ENSMFAG00000036090,CYB5R4,ENSG00000065615,CYB5R4,51167.0,1,0,0.0,0.0,0.0,0.0,0.0,0.0,0.0,0.0,0.0,0.0,0.0,0.0,0.0,0.0,0.0,0.0,0.0,0.0,1.0,0.0,1.0
522.0,ENSMFAG00000036102,CYP27A1,ENSG00000135929,CYP27A1,1593.0,1,0,0.0,0.0,0.0,0.0,0.0,0.0,0.0,0.0,0.0,0.0,0.0,0.0,0.0,0.0,0.0,0.0,0.0,0.0,0.0,0.0,1.0
523.0,ENSMFAG00000036104,P3H2,ENSG00000090530,P3H2,55214.0,1,0,0.0,0.0,0.0,0.0,0.0,0.0,0.0,0.0,0.0,0.0,0.0,0.0,0.0,0.0,0.0,0.0,0.0,0.0,0.0,0.0,1.0
524.0,ENSMFAG00000036113,ENSMFAG00000036113,ENSG00000162337,LRP5,4041.0,1,0,0.0,0.0,0.0,0.0,0.0,0.0,0.0,1.0,1.0,0.0,0.0,0.0,0.0,0.0,0.0,1.0,0.0,0.0,0.0,0.0,1.0
525.0,ENSMFAG00000036133,FSTL1,ENSG00000163430,FSTL1,11167.0,1,0,0.0,0.0,0.0,0.0,0.0,0.0,0.0,0.0,0.0,0.0,0.0,0.0,0.0,0.0,0.0,0.0,0.0,0.0,0.0,0.0,1.0
526.0,ENSMFAG00000036156,CALM3,ENSG00000160014,CALM3,808.0,0,1,1.0,0.0,0.0,0.0,0.0,0.0,1.0,1.0,1.0,1.0,0.0,0.0,1.0,0.0,0.0,0.0,0.0,1.0,0.0,0.0,1.0
527.0,ENSMFAG00000036168,DAAM2,ENSG00000146122,DAAM2,23500.0,1,0,0.0,1.0,1.0,0.0,0.0,0.0,0.0,0.0,0.0,0.0,0.0,0.0,0.0,0.0,0.0,0.0,0.0,0.0,0.0,0.0,1.0
528.0,ENSMFAG00000036236,AMIGO2,ENSG00000139211,AMIGO2,347902.0,0,1,0.0,0.0,1.0,0.0,0.0,0.0,0.0,0.0,0.0,0.0,0.0,0.0,0.0,0.0,0.0,0.0,0.0,0.0,0.0,0.0,1.0
529.0,ENSMFAG00000036272,ENSMFAG00000036272,,,,1,0,,,,,,,,,,,,,,,,,,,,,
530.0,ENSMFAG00000036381,PACSIN1,ENSG00000124507,PACSIN1,29993.0,0,1,0.0,0.0,0.0,1.0,0.0,0.0,0.0,1.0,0.0,0.0,0.0,0.0,0.0,1.0,0.0,0.0,0.0,0.0,0.0,0.0,1.0
531.0,ENSMFAG00000036387,RASL10A,ENSG00000100276,RASL10A,10633.0,0,1,0.0,0.0,0.0,0.0,0.0,0.0,0.0,0.0,0.0,0.0,0.0,0.0,0.0,0.0,0.0,0.0,0.0,0.0,0.0,0.0,1.0
532.0,ENSMFAG00000036390,STX1A,ENSG00000106089,STX1A,6804.0,0,1,1.0,0.0,0.0,0.0,0.0,0.0,0.0,1.0,1.0,0.0,0.0,0.0,0.0,0.0,0.0,0.0,0.0,0.0,0.0,0.0,1.0
533.0,ENSMFAG00000036408,VWA8,ENSG00000102763,VWA8,23078.0,1,0,0.0,0.0,0.0,0.0,0.0,0.0,0.0,0.0,0.0,0.0,0.0,0.0,0.0,0.0,0.0,0.0,0.0,0.0,0.0,0.0,1.0
534.0,ENSMFAG00000036413,LYSMD4,ENSG00000183060,LYSMD4,145748.0,1,0,0.0,0.0,0.0,0.0,0.0,0.0,0.0,0.0,0.0,0.0,0.0,0.0,0.0,0.0,0.0,0.0,0.0,0.0,0.0,0.0,1.0
535.0,ENSMFAG00000036444,HAPLN2,ENSG00000132702,HAPLN2,60484.0,1,0,0.0,0.0,0.0,0.0,0.0,0.0,0.0,0.0,0.0,0.0,0.0,0.0,0.0,0.0,0.0,0.0,1.0,0.0,0.0,0.0,1.0
536.0,ENSMFAG00000036457,ST3GAL1,ENSG00000008513,ST3GAL1,6482.0,0,1,0.0,0.0,0.0,0.0,0.0,0.0,0.0,0.0,0.0,0.0,0.0,0.0,0.0,0.0,0.0,0.0,0.0,0.0,0.0,1.0,1.0
537.0,ENSMFAG00000036507,ARHGAP20,ENSG00000137727,ARHGAP20,57569.0,0,1,0.0,0.0,0.0,0.0,0.0,0.0,0.0,0.0,0.0,0.0,0.0,0.0,0.0,0.0,0.0,0.0,0.0,0.0,0.0,0.0,1.0
538.0,ENSMFAG00000036525,CCNE2,ENSG00000175305,CCNE2,9134.0,1,0,0.0,0.0,0.0,0.0,0.0,0.0,0.0,0.0,0.0,0.0,0.0,0.0,0.0,0.0,0.0,1.0,0.0,0.0,0.0,0.0,1.0
539.0,ENSMFAG00000036532,PHF8,ENSG00000172943,PHF8,23133.0,1,0,0.0,0.0,0.0,0.0,0.0,0.0,0.0,0.0,0.0,0.0,0.0,0.0,0.0,0.0,0.0,0.0,0.0,0.0,0.0,0.0,1.0
540.0,ENSMFAG00000036621,IGSF8,ENSG00000162729,IGSF8,93185.0,0,1,0.0,0.0,0.0,0.0,0.0,0.0,0.0,0.0,0.0,0.0,0.0,0.0,0.0,0.0,0.0,0.0,0.0,0.0,0.0,0.0,1.0
541.0,ENSMFAG00000036633,PLP1,ENSG00000123560,PLP1,5354.0,1,0,0.0,1.0,0.0,0.0,0.0,0.0,0.0,0.0,0.0,0.0,0.0,0.0,0.0,0.0,0.0,0.0,0.0,0.0,0.0,0.0,1.0
542.0,ENSMFAG00000036669,CTNNA3,ENSG00000183230,CTNNA3,29119.0,1,0,0.0,0.0,0.0,0.0,0.0,0.0,0.0,0.0,1.0,0.0,0.0,0.0,0.0,0.0,0.0,0.0,0.0,0.0,0.0,0.0,1.0
543.0,ENSMFAG00000036724,ENSMFAG00000036724,,,,0,1,,,,,,,,,,,,,,,,,,,,,
544.0,ENSMFAG00000036757,C2orf40,ENSG00000119147,ECRG4,84417.0,1,0,0.0,0.0,0.0,0.0,0.0,0.0,0.0,0.0,0.0,0.0,0.0,0.0,0.0,0.0,0.0,0.0,0.0,0.0,0.0,0.0,1.0
545.0,ENSMFAG00000036762,ANKRD13A,ENSG00000076513,ANKRD13A,88455.0,1,0,0.0,0.0,0.0,0.0,0.0,0.0,0.0,0.0,0.0,0.0,0.0,0.0,0.0,0.0,0.0,0.0,0.0,0.0,0.0,0.0,1.0
546.0,ENSMFAG00000036766,PRR12,ENSG00000126464,PRR12,57479.0,0,1,0.0,0.0,0.0,0.0,0.0,0.0,0.0,0.0,0.0,0.0,0.0,0.0,0.0,0.0,0.0,0.0,0.0,0.0,0.0,0.0,1.0
547.0,ENSMFAG00000036805,SYN1,ENSG00000008056,SYN1,6853.0,0,1,1.0,0.0,1.0,0.0,0.0,0.0,0.0,1.0,0.0,0.0,0.0,0.0,0.0,0.0,0.0,0.0,0.0,0.0,0.0,0.0,1.0
548.0,ENSMFAG00000036809,TRAF4,ENSG00000076604,TRAF4,9618.0,1,0,0.0,0.0,0.0,0.0,0.0,0.0,0.0,0.0,0.0,0.0,0.0,0.0,0.0,0.0,1.0,0.0,0.0,0.0,0.0,0.0,1.0
549.0,ENSMFAG00000036845,PCNA,ENSG00000132646,PCNA,5111.0,1,0,0.0,0.0,0.0,0.0,0.0,0.0,0.0,0.0,0.0,0.0,0.0,0.0,0.0,0.0,0.0,1.0,0.0,0.0,0.0,0.0,1.0
550.0,ENSMFAG00000036847,ARF3,ENSG00000134287,ARF3,377.0,0,1,0.0,0.0,0.0,0.0,0.0,0.0,0.0,0.0,0.0,0.0,0.0,0.0,0.0,0.0,0.0,0.0,0.0,0.0,0.0,0.0,1.0
,,,ENSG00000272822,AC073610.2,,0,1,,,,,,,,,,,,,,,,,,,,,
551.0,ENSMFAG00000036850,GSTK1,ENSG00000197448,GSTK1,373156.0,1,0,0.0,0.0,0.0,0.0,0.0,0.0,0.0,0.0,0.0,0.0,0.0,0.0,0.0,0.0,0.0,0.0,0.0,0.0,0.0,0.0,1.0
552.0,ENSMFAG00000036853,RNF215,ENSG00000099999,RNF215,200312.0,0,1,0.0,0.0,0.0,0.0,0.0,0.0,0.0,0.0,0.0,0.0,0.0,0.0,0.0,0.0,0.0,0.0,0.0,0.0,0.0,0.0,1.0
553.0,ENSMFAG00000036898,CARM1,ENSG00000142453,CARM1,10498.0,0,1,0.0,0.0,0.0,0.0,0.0,0.0,0.0,0.0,0.0,0.0,0.0,0.0,0.0,0.0,0.0,0.0,0.0,0.0,0.0,0.0,1.0
554.0,ENSMFAG00000036907,PTPRF,ENSG00000142949,PTPRF,5792.0,0,1,0.0,0.0,1.0,1.0,0.0,0.0,0.0,0.0,0.0,0.0,0.0,0.0,0.0,0.0,0.0,0.0,0.0,0.0,0.0,0.0,1.0
555.0,ENSMFAG00000036908,PEX2,ENSG00000164751,PEX2,5828.0,1,0,0.0,0.0,0.0,0.0,0.0,0.0,0.0,0.0,0.0,0.0,0.0,0.0,0.0,0.0,0.0,0.0,0.0,0.0,1.0,0.0,1.0
556.0,ENSMFAG00000036952,NACC1,ENSG00000160877,NACC1,112939.0,0,1,0.0,0.0,0.0,0.0,0.0,0.0,0.0,0.0,0.0,0.0,0.0,0.0,0.0,0.0,0.0,0.0,0.0,0.0,0.0,0.0,1.0
557.0,ENSMFAG00000036972,FAM107B,ENSG00000065809,FAM107B,83641.0,1,0,0.0,0.0,0.0,0.0,0.0,0.0,0.0,0.0,0.0,0.0,0.0,0.0,0.0,0.0,0.0,0.0,0.0,0.0,0.0,0.0,1.0
558.0,ENSMFAG00000036983,SPPL2A,ENSG00000138600,SPPL2A,84888.0,1,0,0.0,0.0,0.0,0.0,0.0,0.0,0.0,0.0,0.0,0.0,0.0,0.0,0.0,0.0,0.0,0.0,0.0,0.0,0.0,0.0,1.0
559.0,ENSMFAG00000036984,LRRC4B,ENSG00000131409,LRRC4B,94030.0,0,1,0.0,0.0,1.0,0.0,0.0,0.0,0.0,0.0,0.0,0.0,0.0,0.0,0.0,0.0,0.0,0.0,0.0,0.0,0.0,0.0,1.0
560.0,ENSMFAG00000037012,DCUN1D3,ENSG00000188215,DCUN1D3,123879.0,0,1,0.0,0.0,0.0,0.0,0.0,0.0,0.0,0.0,0.0,0.0,0.0,1.0,0.0,0.0,0.0,0.0,0.0,0.0,0.0,0.0,1.0
561.0,ENSMFAG00000037016,ROBO1,ENSG00000169855,ROBO1,6091.0,0,1,0.0,0.0,1.0,1.0,0.0,1.0,0.0,0.0,0.0,0.0,1.0,0.0,0.0,0.0,0.0,0.0,0.0,0.0,0.0,0.0,1.0
562.0,ENSMFAG00000037062,PFKL,ENSG00000141959,PFKL,5211.0,0,1,0.0,0.0,0.0,0.0,0.0,0.0,0.0,1.0,0.0,0.0,0.0,0.0,0.0,0.0,0.0,0.0,0.0,0.0,0.0,0.0,1.0
563.0,ENSMFAG00000037096,KRT37,ENSG00000108417,KRT37,8688.0,0,1,0.0,0.0,0.0,0.0,0.0,0.0,0.0,0.0,0.0,0.0,0.0,0.0,0.0,0.0,0.0,0.0,0.0,0.0,0.0,0.0,1.0
564.0,ENSMFAG00000037120,PLEKHH2,ENSG00000152527,PLEKHH2,130271.0,1,0,0.0,0.0,0.0,0.0,0.0,0.0,0.0,0.0,0.0,0.0,0.0,0.0,0.0,0.0,0.0,0.0,0.0,0.0,0.0,0.0,1.0
565.0,ENSMFAG00000037127,WWOX,ENSG00000186153,WWOX,51741.0,1,0,0.0,0.0,0.0,0.0,0.0,0.0,0.0,0.0,0.0,0.0,0.0,0.0,0.0,0.0,0.0,0.0,0.0,0.0,0.0,0.0,1.0
566.0,ENSMFAG00000037136,SOAT1,ENSG00000057252,SOAT1,6646.0,1,0,0.0,0.0,0.0,0.0,0.0,0.0,0.0,0.0,0.0,0.0,0.0,0.0,0.0,0.0,0.0,0.0,0.0,0.0,0.0,0.0,1.0
567.0,ENSMFAG00000037191,MAP2,ENSG00000078018,MAP2,4133.0,0,1,0.0,0.0,1.0,1.0,0.0,0.0,0.0,0.0,0.0,0.0,1.0,1.0,0.0,1.0,0.0,0.0,0.0,0.0,0.0,0.0,1.0
568.0,ENSMFAG00000037244,MOG,ENSG00000204655,MOG,4340.0,1,0,0.0,0.0,0.0,0.0,0.0,0.0,0.0,0.0,0.0,0.0,0.0,0.0,0.0,0.0,0.0,0.0,0.0,0.0,0.0,0.0,1.0
569.0,ENSMFAG00000037287,EFS,ENSG00000100842,EFS,10278.0,1,0,0.0,0.0,0.0,0.0,0.0,0.0,0.0,0.0,0.0,0.0,0.0,0.0,0.0,0.0,0.0,0.0,0.0,0.0,0.0,0.0,1.0
570.0,ENSMFAG00000037310,SGK1,ENSG00000118515,SGK1,6446.0,1,0,0.0,0.0,0.0,0.0,0.0,0.0,0.0,1.0,1.0,0.0,0.0,1.0,0.0,0.0,0.0,0.0,0.0,0.0,0.0,0.0,1.0
571.0,ENSMFAG00000037329,ZMAT2,ENSG00000146007,ZMAT2,153527.0,0,1,0.0,0.0,0.0,0.0,0.0,0.0,0.0,0.0,0.0,0.0,0.0,0.0,0.0,0.0,0.0,0.0,0.0,0.0,0.0,0.0,1.0
572.0,ENSMFAG00000037368,PLXNA1,ENSG00000114554,PLXNA1,5361.0,0,1,0.0,0.0,1.0,1.0,0.0,0.0,0.0,0.0,0.0,0.0,0.0,1.0,0.0,0.0,0.0,0.0,0.0,0.0,0.0,0.0,1.0
573.0,ENSMFAG00000037527,SLC8A2,ENSG00000118160,SLC8A2,6543.0,0,1,1.0,0.0,1.0,0.0,1.0,0.0,1.0,0.0,1.0,1.0,0.0,0.0,1.0,0.0,0.0,0.0,0.0,0.0,0.0,0.0,1.0
574.0,ENSMFAG00000037531,TNPO2,ENSG00000105576,TNPO2,30000.0,0,1,0.0,0.0,0.0,0.0,0.0,0.0,0.0,0.0,0.0,0.0,0.0,0.0,0.0,0.0,0.0,0.0,0.0,0.0,0.0,0.0,1.0
575.0,ENSMFAG00000037552,SH3YL1,ENSG00000035115,SH3YL1,26751.0,0,1,0.0,0.0,0.0,0.0,0.0,0.0,0.0,0.0,0.0,0.0,0.0,0.0,0.0,0.0,0.0,0.0,0.0,0.0,0.0,0.0,1.0
576.0,ENSMFAG00000037572,NEK9,ENSG00000119638,NEK9,91754.0,1,0,0.0,0.0,0.0,0.0,0.0,0.0,0.0,0.0,0.0,0.0,0.0,0.0,0.0,0.0,0.0,0.0,0.0,0.0,0.0,0.0,1.0
577.0,ENSMFAG00000037615,FAM207A,ENSG00000160256,FAM207A,85395.0,0,1,0.0,0.0,0.0,0.0,0.0,0.0,0.0,0.0,0.0,0.0,0.0,0.0,0.0,0.0,0.0,0.0,0.0,0.0,0.0,0.0,1.0
578.0,ENSMFAG00000037687,ENSMFAG00000037687,,,,0,1,,,,,,,,,,,,,,,,,,,,,
579.0,ENSMFAG00000037708,LZIC,ENSG00000162441,LZIC,84328.0,1,0,0.0,0.0,0.0,0.0,0.0,0.0,0.0,0.0,0.0,0.0,0.0,0.0,0.0,0.0,0.0,0.0,0.0,0.0,0.0,0.0,1.0
580.0,ENSMFAG00000037713,MTA3,ENSG00000057935,MTA3,57504.0,0,1,0.0,0.0,0.0,0.0,0.0,0.0,0.0,0.0,0.0,0.0,0.0,0.0,0.0,0.0,0.0,0.0,0.0,0.0,0.0,0.0,1.0
581.0,ENSMFAG00000037733,NUP205,ENSG00000155561,NUP205,23165.0,1,0,0.0,0.0,0.0,0.0,0.0,0.0,0.0,0.0,0.0,0.0,0.0,0.0,0.0,0.0,0.0,0.0,0.0,0.0,0.0,0.0,1.0
582.0,ENSMFAG00000037734,SYS1,ENSG00000204070,SYS1,90196.0,1,0,0.0,0.0,0.0,0.0,0.0,0.0,0.0,0.0,0.0,0.0,0.0,0.0,0.0,0.0,0.0,0.0,0.0,0.0,0.0,0.0,1.0
583.0,ENSMFAG00000037746,MAPKAPK5,ENSG00000089022,MAPKAPK5,8550.0,1,0,0.0,0.0,0.0,0.0,0.0,0.0,0.0,0.0,0.0,0.0,0.0,0.0,0.0,0.0,0.0,1.0,0.0,0.0,0.0,0.0,1.0
584.0,ENSMFAG00000037763,NBL1,ENSG00000158747,NBL1,4681.0,0,1,0.0,0.0,0.0,1.0,0.0,0.0,0.0,0.0,0.0,0.0,0.0,0.0,0.0,0.0,0.0,0.0,0.0,0.0,0.0,0.0,1.0
585.0,ENSMFAG00000037782,DOCK10,ENSG00000135905,DOCK10,55619.0,1,0,0.0,0.0,0.0,0.0,0.0,0.0,0.0,0.0,0.0,0.0,0.0,0.0,0.0,0.0,0.0,0.0,0.0,0.0,0.0,0.0,1.0
586.0,ENSMFAG00000037792,SIPA1L3,ENSG00000105738,SIPA1L3,23094.0,0,1,0.0,0.0,0.0,1.0,0.0,0.0,0.0,0.0,0.0,0.0,0.0,0.0,0.0,0.0,0.0,0.0,0.0,0.0,0.0,0.0,1.0
587.0,ENSMFAG00000037814,ADCY7,ENSG00000121281,ADCY7,113.0,0,1,0.0,0.0,0.0,0.0,0.0,0.0,0.0,0.0,0.0,0.0,0.0,0.0,1.0,0.0,0.0,0.0,0.0,1.0,0.0,0.0,1.0
588.0,ENSMFAG00000037883,ADD2,ENSG00000075340,ADD2,119.0,0,1,0.0,0.0,1.0,0.0,0.0,0.0,0.0,0.0,0.0,0.0,0.0,0.0,0.0,1.0,0.0,0.0,0.0,0.0,0.0,0.0,1.0
589.0,ENSMFAG00000037896,SLC25A13,ENSG00000004864,SLC25A13,10165.0,1,0,0.0,0.0,0.0,0.0,0.0,0.0,0.0,0.0,0.0,0.0,0.0,0.0,0.0,0.0,0.0,0.0,0.0,0.0,1.0,0.0,1.0
590.0,ENSMFAG00000037976,GPR88,ENSG00000181656,GPR88,54112.0,0,1,1.0,0.0,0.0,0.0,1.0,0.0,0.0,0.0,1.0,0.0,0.0,0.0,0.0,0.0,0.0,0.0,0.0,0.0,0.0,0.0,1.0
591.0,ENSMFAG00000037986,SLC35B2,ENSG00000157593,SLC35B2,347734.0,1,0,0.0,0.0,0.0,0.0,0.0,0.0,0.0,0.0,0.0,0.0,0.0,0.0,0.0,0.0,0.0,0.0,0.0,0.0,1.0,0.0,1.0
592.0,ENSMFAG00000037990,TRPM3,ENSG00000083067,TRPM3,80036.0,1,0,0.0,0.0,0.0,0.0,0.0,0.0,0.0,0.0,0.0,0.0,0.0,0.0,0.0,0.0,0.0,0.0,0.0,0.0,0.0,0.0,1.0
593.0,ENSMFAG00000037993,JAG2,ENSG00000184916,JAG2,3714.0,0,1,0.0,0.0,0.0,0.0,0.0,0.0,0.0,0.0,0.0,0.0,0.0,0.0,0.0,0.0,0.0,0.0,0.0,0.0,0.0,0.0,1.0
594.0,ENSMFAG00000037994,IQSEC2,ENSG00000124313,IQSEC2,23096.0,0,1,1.0,0.0,0.0,0.0,0.0,0.0,0.0,0.0,0.0,0.0,0.0,0.0,0.0,1.0,0.0,0.0,0.0,0.0,0.0,0.0,1.0
595.0,ENSMFAG00000038002,ENSMFAG00000038002,ENSG00000083454,P2RX5,5026.0,0,1,1.0,0.0,0.0,0.0,0.0,0.0,1.0,0.0,0.0,1.0,0.0,0.0,1.0,0.0,0.0,0.0,0.0,0.0,0.0,0.0,1.0
,,,ENSG00000257950,P2RXS-TAX1BP3,100533970.0,0,1,0.0,0.0,0.0,0.0,0.0,0.0,0.0,0.0,0.0,0.0,0.0,0.0,0.0,0.0,0.0,0.0,0.0,0.0,0.0,0.0,1.0
596.0,ENSMFAG00000038009,ABO,ENSG00000175164,ABO,28.0,0,1,0.0,0.0,0.0,0.0,0.0,0.0,0.0,0.0,0.0,0.0,0.0,0.0,0.0,0.0,0.0,0.0,0.0,0.0,0.0,0.0,1.0
597.0,ENSMFAG00000038013,IL27RA,ENSG00000104998,IL27RA,9466.0,0,1,0.0,0.0,0.0,0.0,0.0,0.0,0.0,0.0,0.0,0.0,0.0,0.0,0.0,0.0,0.0,0.0,0.0,0.0,0.0,0.0,1.0
598.0,ENSMFAG00000038030,TMTC2,ENSG00000179104,TMTC2,160335.0,1,0,0.0,0.0,0.0,0.0,0.0,0.0,0.0,0.0,0.0,0.0,0.0,0.0,0.0,0.0,0.0,0.0,0.0,0.0,0.0,0.0,1.0
599.0,ENSMFAG00000038059,JPH4,ENSG00000092051,JPH4,84502.0,0,1,1.0,0.0,0.0,0.0,0.0,0.0,1.0,0.0,0.0,0.0,0.0,0.0,0.0,0.0,0.0,0.0,0.0,0.0,0.0,0.0,1.0
600.0,ENSMFAG00000038065,ANGPTL2,ENSG00000136859,ANGPTL2,23452.0,1,0,0.0,0.0,0.0,0.0,0.0,0.0,0.0,0.0,0.0,0.0,0.0,0.0,0.0,0.0,0.0,0.0,0.0,0.0,0.0,0.0,1.0
601.0,ENSMFAG00000038110,ENSMFAG00000038110,ENSG00000170379,TCAF2,285966.0,1,0,0.0,0.0,0.0,0.0,0.0,0.0,0.0,0.0,0.0,0.0,0.0,0.0,0.0,0.0,0.0,0.0,0.0,0.0,1.0,0.0,1.0
602.0,ENSMFAG00000038117,SEPTIN5,ENSG00000184702,SEPTIN5,5413.0,0,1,1.0,0.0,0.0,0.0,1.0,0.0,0.0,1.0,0.0,0.0,0.0,0.0,0.0,0.0,0.0,0.0,0.0,0.0,0.0,0.0,1.0
,,,ENSG00000284874,AC000093.1,100526833.0,0,1,0.0,0.0,0.0,0.0,0.0,0.0,0.0,0.0,0.0,0.0,0.0,0.0,0.0,0.0,0.0,0.0,0.0,0.0,0.0,0.0,1.0
603.0,ENSMFAG00000038147,ENSMFAG00000038147,ENSG00000115758,ODC1,4953.0,1,0,0.0,0.0,0.0,0.0,0.0,0.0,0.0,0.0,0.0,0.0,0.0,0.0,0.0,0.0,0.0,0.0,0.0,0.0,0.0,0.0,1.0
604.0,ENSMFAG00000038150,PPP1R7,ENSG00000115685,PPP1R7,5510.0,0,1,0.0,0.0,0.0,0.0,0.0,0.0,0.0,0.0,0.0,0.0,0.0,0.0,0.0,0.0,0.0,0.0,0.0,0.0,0.0,0.0,1.0
605.0,ENSMFAG00000038154,RAPGEF1,ENSG00000107263,RAPGEF1,2889.0,0,1,0.0,0.0,1.0,0.0,0.0,0.0,0.0,1.0,0.0,0.0,0.0,0.0,0.0,0.0,1.0,0.0,0.0,0.0,0.0,0.0,1.0
606.0,ENSMFAG00000038158,SPP1,ENSG00000118785,SPP1,6696.0,1,0,0.0,0.0,1.0,0.0,0.0,0.0,0.0,1.0,0.0,0.0,0.0,1.0,0.0,0.0,0.0,1.0,0.0,0.0,0.0,0.0,1.0
607.0,ENSMFAG00000038207,FREM3,ENSG00000183090,FREM3,166752.0,0,1,0.0,0.0,0.0,0.0,0.0,0.0,0.0,0.0,0.0,0.0,0.0,0.0,0.0,0.0,0.0,0.0,0.0,0.0,0.0,0.0,1.0
608.0,ENSMFAG00000038266,PLEKHH1,ENSG00000054690,PLEKHH1,57475.0,1,0,0.0,0.0,0.0,0.0,0.0,0.0,0.0,0.0,0.0,0.0,0.0,0.0,0.0,0.0,0.0,0.0,0.0,0.0,0.0,0.0,1.0
609.0,ENSMFAG00000038268,NHLRC2,ENSG00000196865,NHLRC2,374354.0,1,0,0.0,0.0,0.0,0.0,0.0,0.0,0.0,0.0,0.0,0.0,0.0,0.0,0.0,0.0,0.0,0.0,0.0,0.0,0.0,0.0,1.0
610.0,ENSMFAG00000038282,ST6GALNAC3,ENSG00000184005,ST6GALNAC3,256435.0,1,0,0.0,0.0,0.0,0.0,0.0,0.0,0.0,0.0,0.0,0.0,0.0,0.0,0.0,0.0,0.0,0.0,0.0,0.0,0.0,1.0,1.0
611.0,ENSMFAG00000038285,LRRC43,ENSG00000158113,LRRC43,254050.0,1,0,0.0,0.0,0.0,0.0,0.0,0.0,0.0,0.0,0.0,0.0,0.0,0.0,0.0,0.0,0.0,0.0,0.0,0.0,0.0,0.0,1.0
612.0,ENSMFAG00000038312,DENR,ENSG00000139726,DENR,8562.0,0,1,0.0,0.0,0.0,0.0,0.0,0.0,0.0,0.0,0.0,0.0,0.0,0.0,0.0,0.0,0.0,0.0,0.0,0.0,0.0,0.0,1.0
613.0,ENSMFAG00000038350,ERN2,ENSG00000134398,ERN2,10595.0,0,1,0.0,0.0,0.0,0.0,0.0,0.0,0.0,0.0,0.0,0.0,0.0,0.0,0.0,0.0,1.0,0.0,0.0,0.0,0.0,0.0,1.0
614.0,ENSMFAG00000038378,VPS37D,ENSG00000176428,VPS37D,155382.0,0,1,0.0,0.0,0.0,0.0,0.0,0.0,0.0,0.0,0.0,0.0,0.0,0.0,0.0,0.0,0.0,0.0,0.0,0.0,0.0,0.0,1.0
615.0,ENSMFAG00000038392,EGR3,ENSG00000179388,EGR3,1960.0,0,1,1.0,0.0,0.0,1.0,0.0,0.0,0.0,0.0,0.0,0.0,0.0,0.0,0.0,0.0,0.0,0.0,1.0,0.0,0.0,0.0,1.0
616.0,ENSMFAG00000038396,CNTN2,ENSG00000184144,CNTN2,6900.0,1,0,0.0,0.0,0.0,0.0,0.0,0.0,0.0,0.0,0.0,0.0,0.0,0.0,0.0,0.0,0.0,0.0,0.0,0.0,0.0,0.0,1.0
617.0,ENSMFAG00000038411,AASS,ENSG00000008311,AASS,10157.0,1,0,0.0,0.0,0.0,0.0,0.0,0.0,0.0,0.0,0.0,0.0,0.0,0.0,0.0,0.0,0.0,0.0,0.0,0.0,0.0,0.0,1.0
618.0,ENSMFAG00000038431,SEPTIN4,ENSG00000108387,SEPTIN4,5414.0,1,0,0.0,0.0,0.0,0.0,0.0,0.0,0.0,1.0,0.0,0.0,0.0,0.0,0.0,0.0,0.0,0.0,0.0,0.0,0.0,0.0,1.0
619.0,ENSMFAG00000038442,DLGAP3,ENSG00000116544,DLGAP3,58512.0,0,1,1.0,0.0,1.0,0.0,0.0,0.0,0.0,0.0,1.0,0.0,0.0,0.0,0.0,0.0,0.0,0.0,0.0,0.0,0.0,0.0,1.0
620.0,ENSMFAG00000038449,ADAMTS8,ENSG00000134917,ADAMTS8,11095.0,0,1,0.0,0.0,0.0,0.0,0.0,0.0,0.0,0.0,0.0,0.0,0.0,0.0,0.0,0.0,0.0,0.0,0.0,0.0,0.0,0.0,1.0
621.0,ENSMFAG00000038464,ENSMFAG00000038464,,,,1,0,,,,,,,,,,,,,,,,,,,,,
622.0,ENSMFAG00000038469,SMARCD2,ENSG00000108604,SMARCD2,6603.0,1,0,0.0,0.0,0.0,0.0,0.0,0.0,0.0,0.0,0.0,0.0,0.0,0.0,0.0,0.0,0.0,0.0,0.0,0.0,0.0,0.0,1.0
623.0,ENSMFAG00000038478,MITF,ENSG00000187098,MITF,4286.0,1,0,0.0,0.0,0.0,0.0,0.0,0.0,0.0,0.0,0.0,0.0,0.0,0.0,0.0,0.0,0.0,1.0,0.0,0.0,0.0,0.0,1.0
624.0,ENSMFAG00000038496,AGRN,ENSG00000188157,AGRN,375790.0,0,1,1.0,0.0,1.0,0.0,0.0,0.0,0.0,0.0,0.0,0.0,0.0,1.0,0.0,0.0,0.0,0.0,0.0,0.0,0.0,0.0,1.0
625.0,ENSMFAG00000038520,KIF13B,ENSG00000197892,KIF13B,23303.0,1,0,0.0,0.0,0.0,0.0,0.0,0.0,0.0,0.0,0.0,0.0,0.0,0.0,0.0,0.0,0.0,0.0,0.0,0.0,0.0,0.0,1.0
626.0,ENSMFAG00000038546,DUSP6,ENSG00000139318,DUSP6,1848.0,0,1,0.0,0.0,0.0,0.0,0.0,0.0,0.0,0.0,0.0,0.0,0.0,1.0,0.0,0.0,0.0,0.0,0.0,0.0,0.0,0.0,1.0
627.0,ENSMFAG00000038549,ARHGDIG,ENSG00000242173,ARHGDIG,398.0,0,1,0.0,0.0,0.0,0.0,0.0,0.0,0.0,0.0,0.0,0.0,0.0,0.0,0.0,0.0,0.0,0.0,0.0,0.0,0.0,0.0,1.0
628.0,ENSMFAG00000038555,JAM3,ENSG00000166086,JAM3,83700.0,1,0,0.0,1.0,0.0,0.0,0.0,0.0,0.0,0.0,0.0,0.0,0.0,0.0,0.0,0.0,0.0,1.0,0.0,0.0,0.0,0.0,1.0
629.0,ENSMFAG00000038559,SARDH,ENSG00000123453,SARDH,1757.0,0,1,0.0,0.0,0.0,0.0,0.0,0.0,0.0,0.0,0.0,0.0,0.0,0.0,0.0,0.0,0.0,0.0,0.0,0.0,0.0,0.0,1.0
630.0,ENSMFAG00000038574,YWHAG,ENSG00000170027,YWHAG,7532.0,0,1,1.0,0.0,0.0,0.0,0.0,0.0,0.0,0.0,0.0,0.0,0.0,0.0,0.0,0.0,0.0,0.0,0.0,0.0,0.0,0.0,1.0
631.0,ENSMFAG00000038576,VAX2,ENSG00000116035,VAX2,25806.0,1,0,0.0,0.0,0.0,0.0,0.0,0.0,0.0,0.0,0.0,0.0,0.0,0.0,0.0,0.0,0.0,0.0,0.0,0.0,0.0,0.0,1.0
632.0,ENSMFAG00000038577,MTMR14,ENSG00000163719,MTMR14,64419.0,1,0,0.0,0.0,0.0,0.0,0.0,0.0,0.0,0.0,0.0,0.0,0.0,0.0,0.0,0.0,0.0,0.0,0.0,0.0,0.0,0.0,1.0
633.0,ENSMFAG00000038584,MTMR10,ENSG00000166912,MTMR10,54893.0,1,0,0.0,0.0,0.0,0.0,0.0,0.0,0.0,0.0,0.0,0.0,0.0,0.0,0.0,0.0,0.0,0.0,0.0,0.0,0.0,0.0,1.0
634.0,ENSMFAG00000038604,CERS2,ENSG00000143418,CERS2,29956.0,1,0,0.0,1.0,1.0,0.0,0.0,0.0,0.0,0.0,0.0,0.0,0.0,0.0,0.0,0.0,0.0,0.0,0.0,0.0,0.0,1.0,1.0
635.0,ENSMFAG00000038642,WDR13,ENSG00000101940,WDR13,64743.0,0,1,0.0,0.0,0.0,0.0,0.0,0.0,0.0,0.0,0.0,0.0,0.0,0.0,0.0,0.0,0.0,0.0,0.0,0.0,0.0,0.0,1.0
636.0,ENSMFAG00000038644,RTN4RL2,ENSG00000186907,RTN4RL2,349667.0,0,1,0.0,0.0,0.0,1.0,0.0,0.0,0.0,0.0,0.0,0.0,0.0,0.0,0.0,0.0,0.0,0.0,0.0,0.0,0.0,0.0,1.0
637.0,ENSMFAG00000038649,ENSMFAG00000038649,ENSG00000092758,COL9A3,1299.0,0,1,0.0,0.0,0.0,0.0,0.0,0.0,0.0,0.0,0.0,0.0,0.0,0.0,0.0,0.0,0.0,0.0,0.0,0.0,0.0,0.0,1.0
638.0,ENSMFAG00000038654,CCDC163,ENSG00000280670,CCDC163,126661.0,1,0,0.0,0.0,0.0,0.0,0.0,0.0,0.0,0.0,0.0,0.0,0.0,0.0,0.0,0.0,0.0,0.0,0.0,0.0,0.0,0.0,1.0
639.0,ENSMFAG00000038681,VPS26B,ENSG00000151502,VPS26B,112936.0,0,1,0.0,0.0,0.0,0.0,0.0,0.0,0.0,0.0,0.0,0.0,0.0,0.0,0.0,0.0,0.0,0.0,0.0,0.0,0.0,0.0,1.0
640.0,ENSMFAG00000038698,ENSMFAG00000038698,,,,0,1,,,,,,,,,,,,,,,,,,,,,
641.0,ENSMFAG00000038734,ENSMFAG00000038734,ENSG00000139865,TTC6,319089.0,0,1,0.0,0.0,0.0,0.0,0.0,0.0,0.0,0.0,0.0,0.0,0.0,0.0,0.0,0.0,0.0,0.0,0.0,0.0,0.0,0.0,1.0
642.0,ENSMFAG00000038754,PLIN3,ENSG00000105355,PLIN3,10226.0,1,0,0.0,0.0,0.0,0.0,0.0,0.0,0.0,0.0,0.0,0.0,0.0,0.0,0.0,0.0,0.0,0.0,0.0,0.0,0.0,0.0,1.0
643.0,ENSMFAG00000038757,SLC37A3,ENSG00000157800,SLC37A3,84255.0,0,1,0.0,0.0,0.0,0.0,0.0,0.0,0.0,0.0,0.0,0.0,0.0,0.0,0.0,0.0,0.0,0.0,0.0,0.0,0.0,0.0,1.0
644.0,ENSMFAG00000038768,ZNF487,ENSG00000243660,ZNF487,642819.0,1,0,0.0,0.0,0.0,0.0,0.0,0.0,0.0,0.0,0.0,0.0,0.0,0.0,0.0,0.0,0.0,0.0,0.0,0.0,0.0,0.0,1.0
645.0,ENSMFAG00000038789,CLIC4,ENSG00000169504,CLIC4,25932.0,1,0,0.0,0.0,0.0,0.0,0.0,0.0,0.0,0.0,0.0,0.0,0.0,1.0,0.0,0.0,0.0,0.0,0.0,0.0,1.0,0.0,1.0
646.0,ENSMFAG00000038796,SEC24D,ENSG00000150961,SEC24D,9871.0,0,1,0.0,0.0,0.0,0.0,0.0,0.0,0.0,0.0,0.0,0.0,0.0,0.0,0.0,0.0,0.0,0.0,0.0,0.0,0.0,0.0,1.0
647.0,ENSMFAG00000038797,USP43,ENSG00000154914,USP43,124739.0,0,1,0.0,0.0,0.0,0.0,0.0,0.0,0.0,0.0,0.0,0.0,0.0,0.0,0.0,0.0,0.0,0.0,0.0,0.0,0.0,0.0,1.0
648.0,ENSMFAG00000038838,PLCL1,ENSG00000115896,PLCL1,5334.0,1,0,0.0,0.0,0.0,0.0,0.0,0.0,0.0,0.0,0.0,0.0,0.0,0.0,0.0,0.0,0.0,1.0,0.0,0.0,0.0,0.0,1.0
649.0,ENSMFAG00000038855,SLC12A4,ENSG00000124067,SLC12A4,6560.0,1,0,0.0,0.0,0.0,0.0,0.0,0.0,0.0,0.0,0.0,0.0,0.0,0.0,0.0,0.0,0.0,0.0,0.0,0.0,1.0,0.0,1.0
650.0,ENSMFAG00000038894,TTYH2,ENSG00000141540,TTYH2,94015.0,1,0,0.0,0.0,0.0,0.0,0.0,0.0,0.0,0.0,0.0,0.0,0.0,0.0,0.0,0.0,0.0,0.0,0.0,0.0,1.0,0.0,1.0
651.0,ENSMFAG00000039008,RUNDC3A,ENSG00000108309,RUNDC3A,10900.0,0,1,0.0,0.0,0.0,0.0,0.0,0.0,0.0,0.0,0.0,1.0,0.0,0.0,0.0,0.0,0.0,0.0,0.0,0.0,0.0,0.0,1.0
652.0,ENSMFAG00000039026,COA1,ENSG00000106603,COA1,55744.0,0,1,0.0,0.0,0.0,0.0,0.0,0.0,0.0,0.0,0.0,0.0,0.0,0.0,0.0,0.0,0.0,0.0,0.0,0.0,0.0,0.0,1.0
653.0,ENSMFAG00000039042,KANSL2,ENSG00000139620,KANSL2,54934.0,1,0,0.0,0.0,0.0,0.0,0.0,0.0,0.0,0.0,0.0,0.0,0.0,0.0,0.0,0.0,0.0,0.0,0.0,0.0,0.0,0.0,1.0
654.0,ENSMFAG00000039075,GRM1,ENSG00000152822,GRM1,2911.0,0,1,1.0,0.0,0.0,0.0,1.0,0.0,1.0,0.0,1.0,0.0,0.0,0.0,1.0,0.0,0.0,0.0,0.0,1.0,0.0,0.0,1.0
655.0,ENSMFAG00000039090,PTAR1,ENSG00000188647,PTAR1,375743.0,1,0,0.0,0.0,0.0,0.0,0.0,0.0,0.0,0.0,0.0,0.0,0.0,0.0,0.0,0.0,0.0,0.0,0.0,0.0,0.0,0.0,1.0
656.0,ENSMFAG00000039094,STK26,ENSG00000134602,STK26,51765.0,1,0,0.0,0.0,0.0,0.0,0.0,0.0,0.0,0.0,0.0,0.0,0.0,0.0,0.0,0.0,0.0,0.0,0.0,0.0,0.0,0.0,1.0
657.0,ENSMFAG00000039102,PDE6B,ENSG00000133256,PDE6B,5158.0,0,1,0.0,0.0,0.0,0.0,0.0,0.0,0.0,0.0,0.0,0.0,0.0,0.0,0.0,0.0,0.0,0.0,0.0,0.0,0.0,0.0,1.0
658.0,ENSMFAG00000039103,ENSMFAG00000039103,ENSG00000183317,EPHA10,284656.0,0,1,0.0,0.0,0.0,1.0,0.0,0.0,0.0,0.0,0.0,0.0,0.0,0.0,0.0,0.0,0.0,0.0,0.0,0.0,0.0,0.0,1.0
659.0,ENSMFAG00000039131,CD55,ENSG00000196352,CD55,1604.0,1,0,0.0,0.0,0.0,0.0,0.0,0.0,1.0,0.0,0.0,0.0,0.0,0.0,0.0,0.0,0.0,0.0,0.0,0.0,0.0,0.0,1.0
660.0,ENSMFAG00000039143,BCL2L11,ENSG00000153094,BCL2L11,10018.0,1,0,0.0,0.0,0.0,0.0,0.0,0.0,0.0,0.0,0.0,0.0,0.0,1.0,0.0,0.0,0.0,0.0,0.0,0.0,0.0,0.0,1.0
661.0,ENSMFAG00000039177,ADAM17,ENSG00000151694,ADAM17,6868.0,1,0,1.0,0.0,0.0,0.0,0.0,0.0,0.0,0.0,0.0,0.0,0.0,1.0,0.0,0.0,0.0,1.0,0.0,0.0,0.0,0.0,1.0
662.0,ENSMFAG00000039184,SCARB2,ENSG00000138760,SCARB2,950.0,1,0,0.0,0.0,0.0,0.0,0.0,0.0,0.0,0.0,0.0,0.0,0.0,0.0,0.0,0.0,0.0,0.0,0.0,0.0,0.0,0.0,1.0
663.0,ENSMFAG00000039202,PNCK,ENSG00000130822,PNCK,139728.0,0,1,0.0,0.0,0.0,0.0,0.0,0.0,0.0,0.0,0.0,0.0,0.0,0.0,0.0,0.0,0.0,0.0,0.0,0.0,0.0,0.0,1.0
664.0,ENSMFAG00000039246,NME6,ENSG00000172113,NME6,10201.0,1,0,0.0,0.0,0.0,0.0,0.0,0.0,0.0,0.0,0.0,0.0,0.0,1.0,0.0,0.0,0.0,0.0,0.0,0.0,0.0,0.0,1.0
665.0,ENSMFAG00000039255,CTTNBP2,ENSG00000077063,CTTNBP2,83992.0,1,0,0.0,0.0,0.0,0.0,0.0,0.0,0.0,0.0,0.0,0.0,0.0,0.0,0.0,0.0,0.0,0.0,0.0,0.0,0.0,0.0,1.0
666.0,ENSMFAG00000039268,CPNE5,ENSG00000124772,CPNE5,57699.0,0,1,0.0,0.0,0.0,1.0,0.0,0.0,0.0,0.0,0.0,0.0,0.0,1.0,0.0,0.0,0.0,0.0,0.0,0.0,0.0,0.0,1.0
667.0,ENSMFAG00000039290,ZNRF1,ENSG00000186187,ZNRF1,84937.0,0,1,0.0,0.0,0.0,0.0,0.0,0.0,0.0,0.0,0.0,0.0,0.0,0.0,0.0,0.0,0.0,0.0,0.0,0.0,0.0,0.0,1.0
668.0,ENSMFAG00000039306,ENSMFAG00000039306,ENSG00000100167,SEPTIN3,55964.0,0,1,0.0,0.0,0.0,0.0,0.0,0.0,0.0,0.0,0.0,0.0,0.0,0.0,0.0,0.0,0.0,0.0,0.0,0.0,0.0,0.0,1.0
669.0,ENSMFAG00000039316,MYH10,ENSG00000133026,MYH10,4628.0,0,1,0.0,0.0,1.0,0.0,0.0,0.0,0.0,1.0,0.0,0.0,0.0,0.0,0.0,1.0,0.0,0.0,0.0,0.0,0.0,0.0,1.0
670.0,ENSMFAG00000039324,DDA1,ENSG00000130311,DDA1,79016.0,0,1,0.0,0.0,0.0,0.0,0.0,0.0,0.0,0.0,0.0,0.0,0.0,0.0,0.0,0.0,0.0,0.0,0.0,0.0,0.0,0.0,1.0
671.0,ENSMFAG00000039347,OTUD5,ENSG00000068308,OTUD5,55593.0,0,1,0.0,0.0,0.0,0.0,0.0,0.0,0.0,0.0,0.0,0.0,0.0,0.0,0.0,0.0,0.0,0.0,0.0,0.0,0.0,0.0,1.0
672.0,ENSMFAG00000039357,TYMS,ENSG00000176890,TYMS,7298.0,1,0,0.0,0.0,0.0,0.0,0.0,0.0,0.0,0.0,0.0,0.0,0.0,1.0,0.0,0.0,0.0,0.0,0.0,0.0,0.0,0.0,1.0
673.0,ENSMFAG00000039378,PYGM,ENSG00000068976,PYGM,5837.0,1,0,0.0,0.0,0.0,0.0,0.0,0.0,0.0,0.0,0.0,0.0,0.0,0.0,0.0,0.0,0.0,0.0,0.0,0.0,0.0,0.0,1.0
674.0,ENSMFAG00000039379,CTPS1,ENSG00000171793,CTPS1,1503.0,0,1,0.0,0.0,0.0,0.0,0.0,0.0,0.0,0.0,0.0,0.0,0.0,0.0,0.0,0.0,0.0,0.0,0.0,0.0,0.0,0.0,1.0
675.0,ENSMFAG00000039426,ISM2,ENSG00000100593,ISM2,145501.0,1,0,0.0,0.0,0.0,0.0,0.0,0.0,0.0,0.0,0.0,0.0,0.0,0.0,0.0,0.0,0.0,0.0,0.0,0.0,0.0,0.0,1.0
676.0,ENSMFAG00000039452,MYRF,ENSG00000124920,MYRF,745.0,1,0,0.0,1.0,1.0,0.0,0.0,0.0,0.0,0.0,0.0,0.0,0.0,0.0,0.0,0.0,0.0,0.0,1.0,0.0,0.0,0.0,1.0
677.0,ENSMFAG00000039462,CCNF,ENSG00000162063,CCNF,899.0,0,1,0.0,0.0,0.0,0.0,0.0,0.0,0.0,0.0,0.0,0.0,0.0,0.0,0.0,1.0,0.0,0.0,0.0,0.0,0.0,0.0,1.0
678.0,ENSMFAG00000039483,MAP1S,ENSG00000130479,MAP1S,55201.0,0,1,0.0,0.0,0.0,1.0,0.0,0.0,0.0,0.0,0.0,0.0,0.0,0.0,0.0,1.0,0.0,0.0,0.0,0.0,0.0,0.0,1.0
679.0,ENSMFAG00000039503,SLC25A23,ENSG00000125648,SLC25A23,79085.0,0,1,0.0,0.0,0.0,0.0,0.0,0.0,1.0,0.0,0.0,0.0,0.0,0.0,0.0,0.0,0.0,0.0,0.0,0.0,0.0,0.0,1.0
680.0,ENSMFAG00000039537,ENSMFAG00000039537,,,,0,1,,,,,,,,,,,,,,,,,,,,,
681.0,ENSMFAG00000039580,NYAP1,ENSG00000166924,NYAP1,222950.0,0,1,0.0,0.0,0.0,1.0,0.0,0.0,0.0,0.0,0.0,0.0,0.0,0.0,0.0,0.0,0.0,0.0,0.0,0.0,0.0,0.0,1.0
682.0,ENSMFAG00000039583,NPTX2,ENSG00000106236,NPTX2,4885.0,0,1,1.0,0.0,0.0,0.0,1.0,0.0,0.0,0.0,1.0,0.0,0.0,0.0,0.0,0.0,0.0,0.0,0.0,0.0,0.0,0.0,1.0
683.0,ENSMFAG00000039592,ST3GAL4,ENSG00000110080,ST3GAL4,6484.0,1,0,0.0,0.0,0.0,0.0,0.0,0.0,0.0,0.0,0.0,0.0,0.0,0.0,0.0,0.0,0.0,0.0,0.0,0.0,0.0,1.0,1.0
684.0,ENSMFAG00000039601,WWC1,ENSG00000113645,WWC1,23286.0,0,1,0.0,0.0,0.0,0.0,0.0,0.0,0.0,0.0,0.0,0.0,0.0,1.0,0.0,0.0,0.0,0.0,0.0,0.0,0.0,0.0,1.0
685.0,ENSMFAG00000039604,ACTC1,ENSG00000159251,ACTC1,70.0,0,1,0.0,0.0,0.0,1.0,0.0,0.0,0.0,0.0,1.0,0.0,0.0,0.0,0.0,1.0,0.0,0.0,0.0,0.0,0.0,0.0,1.0
686.0,ENSMFAG00000039614,ENSMFAG00000039614,ENSG00000196839,ADA,100.0,0,1,0.0,0.0,0.0,0.0,1.0,0.0,0.0,1.0,1.0,1.0,0.0,0.0,0.0,0.0,0.0,0.0,0.0,0.0,0.0,0.0,1.0
687.0,ENSMFAG00000039619,MADD,ENSG00000110514,MADD,8567.0,0,1,0.0,0.0,0.0,0.0,0.0,0.0,0.0,0.0,0.0,0.0,0.0,0.0,0.0,0.0,0.0,0.0,0.0,0.0,0.0,0.0,1.0
688.0,ENSMFAG00000039623,NPC1,ENSG00000141458,NPC1,4864.0,1,0,0.0,0.0,0.0,0.0,0.0,0.0,0.0,0.0,0.0,0.0,0.0,0.0,0.0,0.0,0.0,0.0,0.0,0.0,0.0,0.0,1.0
689.0,ENSMFAG00000039644,MINDY1,ENSG00000143409,MINDY1,55793.0,1,0,0.0,0.0,0.0,0.0,0.0,0.0,0.0,0.0,0.0,0.0,0.0,0.0,0.0,0.0,0.0,0.0,0.0,0.0,0.0,0.0,1.0
690.0,ENSMFAG00000039673,ALDH6A1,ENSG00000119711,ALDH6A1,4329.0,1,0,0.0,0.0,0.0,0.0,0.0,0.0,0.0,0.0,0.0,0.0,0.0,0.0,0.0,0.0,0.0,0.0,0.0,0.0,0.0,0.0,1.0
691.0,ENSMFAG00000039710,MKLN1,ENSG00000128585,MKLN1,4289.0,1,0,0.0,0.0,0.0,0.0,0.0,0.0,0.0,0.0,0.0,0.0,0.0,0.0,0.0,0.0,0.0,0.0,0.0,0.0,0.0,0.0,1.0
692.0,ENSMFAG00000039714,MAN1A1,ENSG00000111885,MAN1A1,4121.0,0,1,0.0,0.0,0.0,0.0,0.0,0.0,0.0,0.0,0.0,0.0,0.0,0.0,0.0,0.0,0.0,0.0,0.0,0.0,0.0,0.0,1.0
693.0,ENSMFAG00000039721,ZNF557,ENSG00000130544,ZNF557,79230.0,1,0,0.0,0.0,0.0,0.0,0.0,0.0,0.0,0.0,0.0,0.0,0.0,0.0,0.0,0.0,0.0,0.0,0.0,0.0,0.0,0.0,1.0
694.0,ENSMFAG00000039731,QDPR,ENSG00000151552,QDPR,5860.0,1,0,0.0,0.0,0.0,0.0,0.0,0.0,0.0,0.0,0.0,0.0,0.0,0.0,0.0,0.0,0.0,0.0,0.0,0.0,0.0,0.0,1.0
695.0,ENSMFAG00000039840,SLC6A7,ENSG00000011083,SLC6A7,6534.0,0,1,0.0,0.0,0.0,0.0,0.0,0.0,1.0,1.0,0.0,0.0,0.0,0.0,0.0,0.0,0.0,0.0,0.0,0.0,0.0,0.0,1.0
696.0,ENSMFAG00000039847,ATP6V0A2,ENSG00000185344,ATP6V0A2,23545.0,1,0,0.0,0.0,0.0,0.0,0.0,0.0,1.0,0.0,0.0,0.0,0.0,0.0,0.0,0.0,0.0,0.0,0.0,0.0,0.0,0.0,1.0
697.0,ENSMFAG00000039868,PITPNM3,ENSG00000091622,PITPNM3,83394.0,0,1,0.0,0.0,0.0,0.0,0.0,0.0,0.0,0.0,0.0,0.0,0.0,0.0,0.0,0.0,0.0,0.0,0.0,0.0,0.0,0.0,1.0
698.0,ENSMFAG00000039875,EDIL3,ENSG00000164176,EDIL3,10085.0,1,0,0.0,0.0,0.0,0.0,0.0,0.0,0.0,0.0,0.0,0.0,0.0,0.0,0.0,0.0,0.0,0.0,0.0,0.0,0.0,0.0,1.0
699.0,ENSMFAG00000039905,URB2,ENSG00000135763,URB2,9816.0,1,0,0.0,0.0,0.0,0.0,0.0,0.0,0.0,0.0,0.0,0.0,0.0,0.0,0.0,0.0,0.0,0.0,0.0,0.0,0.0,0.0,1.0
700.0,ENSMFAG00000039935,PALM3,ENSG00000187867,PALM3,342979.0,0,1,0.0,0.0,0.0,0.0,0.0,0.0,0.0,0.0,0.0,0.0,0.0,0.0,0.0,0.0,0.0,0.0,0.0,0.0,0.0,0.0,1.0
701.0,ENSMFAG00000039992,MFAP3L,ENSG00000198948,MFAP3L,9848.0,1,0,0.0,0.0,0.0,0.0,0.0,0.0,0.0,0.0,0.0,0.0,0.0,0.0,0.0,0.0,0.0,0.0,0.0,0.0,0.0,0.0,1.0
702.0,ENSMFAG00000040017,TRAF6,ENSG00000175104,TRAF6,7189.0,1,0,0.0,0.0,0.0,0.0,0.0,0.0,0.0,0.0,0.0,0.0,0.0,0.0,0.0,0.0,1.0,1.0,0.0,0.0,0.0,0.0,1.0
703.0,ENSMFAG00000040025,TAGLN2,ENSG00000158710,TAGLN2,8407.0,1,0,0.0,0.0,0.0,0.0,0.0,0.0,0.0,0.0,0.0,0.0,0.0,0.0,0.0,0.0,0.0,0.0,0.0,0.0,0.0,0.0,1.0
704.0,ENSMFAG00000040032,AP3B1,ENSG00000132842,AP3B1,8546.0,1,0,0.0,0.0,0.0,0.0,0.0,0.0,1.0,0.0,0.0,0.0,0.0,0.0,0.0,0.0,0.0,0.0,0.0,0.0,0.0,0.0,1.0
705.0,ENSMFAG00000040093,PHACTR4,ENSG00000204138,PHACTR4,65979.0,1,0,0.0,0.0,0.0,0.0,0.0,0.0,0.0,0.0,0.0,0.0,0.0,0.0,0.0,0.0,0.0,0.0,0.0,0.0,0.0,0.0,1.0
706.0,ENSMFAG00000040109,FRMD4B,ENSG00000114541,FRMD4B,23150.0,1,0,0.0,0.0,0.0,0.0,0.0,0.0,0.0,0.0,0.0,0.0,0.0,0.0,0.0,0.0,0.0,0.0,0.0,0.0,0.0,0.0,1.0
707.0,ENSMFAG00000040121,PIP4K2C,ENSG00000166908,PIP4K2C,79837.0,0,1,0.0,0.0,1.0,0.0,0.0,0.0,0.0,0.0,0.0,0.0,0.0,0.0,0.0,0.0,0.0,0.0,0.0,0.0,0.0,0.0,1.0
708.0,ENSMFAG00000040128,CLDN11,ENSG00000013297,CLDN11,5010.0,1,0,0.0,1.0,0.0,0.0,0.0,0.0,0.0,0.0,0.0,0.0,0.0,0.0,0.0,0.0,0.0,0.0,0.0,0.0,0.0,0.0,1.0
709.0,ENSMFAG00000040164,CNR1,ENSG00000118432,CNR1,1268.0,0,1,1.0,0.0,0.0,1.0,1.0,1.0,1.0,1.0,1.0,0.0,0.0,0.0,1.0,0.0,0.0,0.0,0.0,0.0,0.0,0.0,1.0
710.0,ENSMFAG00000040171,ERBB3,ENSG00000065361,ERBB3,2065.0,1,0,0.0,1.0,0.0,0.0,0.0,0.0,0.0,1.0,0.0,0.0,0.0,0.0,0.0,0.0,0.0,0.0,1.0,0.0,0.0,0.0,1.0
711.0,ENSMFAG00000040188,PPP1R14A,ENSG00000167641,PPP1R14A,94274.0,1,0,0.0,0.0,0.0,0.0,0.0,0.0,0.0,0.0,0.0,0.0,0.0,0.0,0.0,0.0,0.0,0.0,0.0,0.0,0.0,0.0,1.0
712.0,ENSMFAG00000040195,TFEB,ENSG00000112561,TFEB,7942.0,1,0,0.0,0.0,0.0,0.0,0.0,0.0,0.0,0.0,0.0,0.0,0.0,0.0,0.0,0.0,0.0,0.0,0.0,0.0,0.0,0.0,1.0
713.0,ENSMFAG00000040198,SYNE3,ENSG00000176438,SYNE3,161176.0,1,0,0.0,0.0,0.0,0.0,0.0,0.0,0.0,0.0,0.0,0.0,0.0,0.0,0.0,0.0,0.0,0.0,0.0,0.0,0.0,0.0,1.0
714.0,ENSMFAG00000040208,PRRG3,ENSG00000130032,PRRG3,79057.0,0,1,0.0,0.0,0.0,0.0,0.0,0.0,0.0,0.0,0.0,0.0,0.0,0.0,0.0,0.0,0.0,0.0,0.0,0.0,0.0,0.0,1.0
715.0,ENSMFAG00000040214,CBARP,ENSG00000099625,CBARP,255057.0,0,1,0.0,0.0,0.0,0.0,0.0,0.0,1.0,1.0,0.0,0.0,0.0,0.0,0.0,0.0,0.0,0.0,0.0,0.0,0.0,0.0,1.0
716.0,ENSMFAG00000040224,ANKIB1,ENSG00000001629,ANKIB1,54467.0,1,0,0.0,0.0,0.0,0.0,0.0,0.0,0.0,0.0,0.0,0.0,0.0,0.0,0.0,0.0,0.0,0.0,0.0,0.0,0.0,0.0,1.0
717.0,ENSMFAG00000040259,SPTLC2,ENSG00000100596,SPTLC2,9517.0,1,0,0.0,0.0,0.0,0.0,0.0,0.0,0.0,0.0,0.0,0.0,0.0,0.0,0.0,0.0,0.0,0.0,0.0,0.0,0.0,1.0,1.0
718.0,ENSMFAG00000040268,ENSMFAG00000040268,,,,1,0,,,,,,,,,,,,,,,,,,,,,
719.0,ENSMFAG00000040273,SNX1,ENSG00000028528,SNX1,6642.0,1,0,0.0,0.0,0.0,0.0,0.0,0.0,0.0,0.0,0.0,0.0,0.0,0.0,0.0,0.0,0.0,0.0,0.0,0.0,0.0,0.0,1.0
720.0,ENSMFAG00000040277,LASP1,ENSG00000002834,LASP1,3927.0,0,1,0.0,0.0,0.0,0.0,0.0,0.0,0.0,0.0,0.0,0.0,0.0,0.0,0.0,0.0,0.0,0.0,0.0,0.0,0.0,0.0,1.0
721.0,ENSMFAG00000040290,DEPTOR,ENSG00000155792,DEPTOR,64798.0,1,0,0.0,0.0,0.0,0.0,0.0,0.0,0.0,0.0,0.0,0.0,0.0,0.0,0.0,0.0,0.0,0.0,0.0,0.0,0.0,0.0,1.0
722.0,ENSMFAG00000040311,TMEM130,ENSG00000166448,TMEM130,222865.0,0,1,0.0,0.0,0.0,0.0,0.0,0.0,0.0,0.0,0.0,0.0,0.0,0.0,0.0,0.0,0.0,0.0,0.0,0.0,0.0,0.0,1.0
723.0,ENSMFAG00000040378,HHIP,ENSG00000164161,HHIP,64399.0,1,0,0.0,0.0,0.0,0.0,0.0,0.0,0.0,0.0,0.0,0.0,0.0,0.0,0.0,0.0,0.0,0.0,0.0,0.0,0.0,0.0,1.0
724.0,ENSMFAG00000040521,ELOVL5,ENSG00000012660,ELOVL5,60481.0,1,0,0.0,0.0,0.0,0.0,0.0,0.0,0.0,0.0,0.0,0.0,0.0,0.0,0.0,0.0,0.0,0.0,0.0,0.0,0.0,1.0,1.0
725.0,ENSMFAG00000040533,ENSMFAG00000040533,ENSG00000160223,ICOSLG,23308.0,0,1,0.0,0.0,0.0,0.0,0.0,0.0,0.0,0.0,0.0,0.0,0.0,0.0,0.0,0.0,0.0,0.0,0.0,0.0,0.0,0.0,1.0
,,,ENSG00000277117,FP565260.3,102723996.0,0,1,0.0,0.0,0.0,0.0,0.0,0.0,0.0,0.0,0.0,0.0,0.0,0.0,0.0,0.0,0.0,0.0,0.0,0.0,0.0,0.0,1.0
726.0,ENSMFAG00000040536,TNFAIP2,ENSG00000185215,TNFAIP2,7127.0,0,1,0.0,0.0,0.0,0.0,0.0,0.0,0.0,0.0,0.0,0.0,0.0,0.0,0.0,0.0,0.0,0.0,0.0,0.0,0.0,0.0,1.0
727.0,ENSMFAG00000040584,TNKS1BP1,ENSG00000149115,TNKS1BP1,85456.0,0,1,0.0,0.0,0.0,0.0,0.0,0.0,0.0,0.0,0.0,0.0,0.0,0.0,0.0,0.0,0.0,0.0,0.0,0.0,0.0,0.0,1.0
728.0,ENSMFAG00000040590,CYP4V2,ENSG00000145476,CYP4V2,285440.0,1,0,0.0,0.0,0.0,0.0,0.0,0.0,0.0,0.0,0.0,0.0,0.0,0.0,0.0,0.0,0.0,0.0,0.0,0.0,0.0,0.0,1.0
729.0,ENSMFAG00000040598,PNPLA1,ENSG00000180316,PNPLA1,285848.0,0,1,0.0,0.0,0.0,0.0,0.0,0.0,0.0,0.0,0.0,0.0,0.0,0.0,0.0,0.0,0.0,0.0,0.0,0.0,0.0,1.0,1.0
730.0,ENSMFAG00000040625,MAST3,ENSG00000099308,MAST3,23031.0,0,1,0.0,0.0,0.0,0.0,0.0,0.0,0.0,0.0,0.0,0.0,0.0,0.0,0.0,0.0,0.0,0.0,0.0,0.0,0.0,0.0,1.0
731.0,ENSMFAG00000040673,FAM92B,ENSG00000153789,FAM92B,339145.0,0,1,0.0,0.0,0.0,0.0,0.0,0.0,0.0,0.0,0.0,0.0,0.0,0.0,0.0,0.0,0.0,0.0,0.0,0.0,0.0,0.0,1.0
732.0,ENSMFAG00000040716,TSSK6,ENSG00000178093,TSSK6,83983.0,1,0,0.0,0.0,0.0,0.0,0.0,0.0,0.0,0.0,0.0,0.0,0.0,0.0,0.0,0.0,0.0,0.0,0.0,0.0,0.0,0.0,1.0
733.0,ENSMFAG00000040731,HELQ,ENSG00000163312,HELQ,113510.0,1,0,0.0,0.0,0.0,0.0,0.0,0.0,0.0,0.0,0.0,0.0,0.0,0.0,0.0,0.0,0.0,0.0,0.0,0.0,0.0,0.0,1.0
734.0,ENSMFAG00000040736,GPSM1,ENSG00000160360,GPSM1,26086.0,0,1,0.0,0.0,0.0,0.0,0.0,0.0,0.0,0.0,0.0,0.0,0.0,0.0,0.0,0.0,0.0,0.0,0.0,1.0,0.0,0.0,1.0
735.0,ENSMFAG00000040761,ARHGEF37,ENSG00000183111,ARHGEF37,389337.0,1,0,0.0,0.0,0.0,0.0,0.0,0.0,0.0,0.0,0.0,0.0,0.0,0.0,0.0,0.0,0.0,0.0,0.0,0.0,0.0,0.0,1.0
736.0,ENSMFAG00000040762,FADS3,ENSG00000221968,FADS3,3995.0,0,1,0.0,0.0,0.0,0.0,0.0,0.0,0.0,0.0,0.0,0.0,0.0,0.0,0.0,0.0,0.0,0.0,0.0,0.0,0.0,0.0,1.0
737.0,ENSMFAG00000040783,RRM2,ENSG00000171848,RRM2,6241.0,1,0,0.0,0.0,0.0,0.0,0.0,0.0,0.0,0.0,0.0,0.0,0.0,0.0,0.0,0.0,0.0,0.0,0.0,0.0,0.0,0.0,1.0
738.0,ENSMFAG00000040804,CHL1,ENSG00000134121,CHL1,10752.0,0,1,0.0,0.0,0.0,1.0,0.0,0.0,0.0,0.0,0.0,0.0,0.0,0.0,0.0,0.0,0.0,0.0,0.0,0.0,0.0,0.0,1.0
739.0,ENSMFAG00000040808,OLIG2,ENSG00000205927,OLIG2,10215.0,1,0,0.0,1.0,1.0,0.0,0.0,0.0,0.0,0.0,0.0,0.0,0.0,0.0,0.0,0.0,0.0,0.0,0.0,0.0,0.0,0.0,1.0
740.0,ENSMFAG00000040833,NPSR1,ENSG00000187258,NPSR1,387129.0,0,1,0.0,0.0,0.0,0.0,0.0,0.0,1.0,0.0,0.0,0.0,0.0,0.0,0.0,0.0,0.0,0.0,0.0,0.0,0.0,0.0,1.0
741.0,ENSMFAG00000040977,CA14,ENSG00000118298,CA14,23632.0,1,0,0.0,0.0,0.0,0.0,0.0,0.0,0.0,0.0,0.0,0.0,0.0,0.0,0.0,0.0,0.0,0.0,0.0,0.0,1.0,0.0,1.0
742.0,ENSMFAG00000041003,GAP43,ENSG00000172020,GAP43,2596.0,0,1,0.0,1.0,1.0,1.0,0.0,1.0,0.0,0.0,0.0,0.0,0.0,1.0,0.0,0.0,0.0,0.0,0.0,0.0,0.0,0.0,1.0
743.0,ENSMFAG00000041061,PLEKHB1,ENSG00000021300,PLEKHB1,58473.0,1,0,0.0,0.0,0.0,0.0,0.0,0.0,0.0,0.0,0.0,0.0,0.0,0.0,0.0,0.0,0.0,0.0,0.0,0.0,0.0,0.0,1.0
744.0,ENSMFAG00000041110,EFNA1,ENSG00000169242,EFNA1,1942.0,1,0,0.0,0.0,0.0,0.0,0.0,0.0,0.0,0.0,0.0,0.0,0.0,0.0,0.0,0.0,0.0,0.0,0.0,0.0,0.0,0.0,1.0
745.0,ENSMFAG00000041121,MOBP,ENSG00000168314,MOBP,4336.0,1,0,0.0,1.0,0.0,0.0,0.0,0.0,0.0,0.0,0.0,0.0,0.0,0.0,0.0,0.0,0.0,0.0,0.0,0.0,0.0,0.0,1.0
746.0,ENSMFAG00000041182,HPN,ENSG00000105707,HPN,3249.0,1,0,0.0,0.0,0.0,0.0,0.0,0.0,0.0,0.0,0.0,0.0,0.0,1.0,0.0,0.0,0.0,0.0,0.0,0.0,0.0,0.0,1.0
747.0,ENSMFAG00000041192,ARHGAP35,ENSG00000160007,ARHGAP35,2909.0,0,1,0.0,0.0,1.0,1.0,0.0,1.0,0.0,0.0,1.0,0.0,1.0,0.0,0.0,1.0,0.0,0.0,0.0,0.0,0.0,0.0,1.0
748.0,ENSMFAG00000041203,ABCB7,ENSG00000131269,ABCB7,22.0,1,0,0.0,0.0,0.0,0.0,0.0,0.0,1.0,0.0,0.0,0.0,0.0,0.0,0.0,0.0,0.0,0.0,0.0,0.0,0.0,0.0,1.0
749.0,ENSMFAG00000041241,UBTF,ENSG00000108312,UBTF,7343.0,0,1,0.0,0.0,0.0,0.0,0.0,0.0,0.0,0.0,0.0,0.0,0.0,0.0,0.0,0.0,0.0,0.0,0.0,0.0,0.0,0.0,1.0
750.0,ENSMFAG00000041328,SHC3,ENSG00000148082,SHC3,53358.0,0,1,0.0,0.0,0.0,1.0,0.0,0.0,0.0,0.0,0.0,0.0,0.0,0.0,0.0,0.0,0.0,0.0,0.0,0.0,0.0,0.0,1.0
751.0,ENSMFAG00000041347,FOXN2,ENSG00000170802,FOXN2,3344.0,1,0,0.0,0.0,0.0,0.0,0.0,0.0,0.0,0.0,0.0,0.0,0.0,0.0,0.0,0.0,0.0,0.0,0.0,0.0,0.0,0.0,1.0
752.0,ENSMFAG00000041353,ENSMFAG00000041353,,,,0,1,,,,,,,,,,,,,,,,,,,,,
753.0,ENSMFAG00000041363,ATP2C2,ENSG00000064270,ATP2C2,9914.0,0,1,0.0,0.0,0.0,0.0,0.0,0.0,1.0,0.0,0.0,0.0,0.0,0.0,0.0,0.0,0.0,0.0,0.0,0.0,0.0,0.0,1.0
754.0,ENSMFAG00000041392,SEMA6A,ENSG00000092421,SEMA6A,57556.0,1,0,0.0,0.0,1.0,0.0,0.0,0.0,0.0,0.0,0.0,0.0,0.0,1.0,0.0,0.0,0.0,0.0,0.0,0.0,0.0,0.0,1.0
755.0,ENSMFAG00000041403,GRASP,ENSG00000161835,GRASP,160622.0,0,1,0.0,0.0,0.0,0.0,0.0,0.0,0.0,1.0,0.0,0.0,0.0,0.0,0.0,0.0,0.0,0.0,0.0,0.0,0.0,0.0,1.0
756.0,ENSMFAG00000041410,SHISAL1,ENSG00000138944,SHISAL1,85352.0,0,1,0.0,0.0,0.0,0.0,0.0,0.0,0.0,0.0,0.0,0.0,0.0,0.0,0.0,0.0,0.0,0.0,0.0,0.0,0.0,0.0,1.0
757.0,ENSMFAG00000041421,ZNF555,ENSG00000186300,ZNF555,148254.0,1,0,0.0,0.0,0.0,0.0,0.0,0.0,0.0,0.0,0.0,0.0,0.0,0.0,0.0,0.0,0.0,0.0,0.0,0.0,0.0,0.0,1.0
758.0,ENSMFAG00000041433,SSBP4,ENSG00000130511,SSBP4,170463.0,0,1,0.0,0.0,0.0,0.0,0.0,0.0,0.0,0.0,0.0,0.0,0.0,0.0,0.0,0.0,0.0,0.0,0.0,0.0,0.0,0.0,1.0
759.0,ENSMFAG00000041435,KCNK1,ENSG00000135750,KCNK1,3775.0,0,1,1.0,0.0,0.0,0.0,0.0,0.0,1.0,0.0,1.0,0.0,0.0,0.0,0.0,0.0,0.0,0.0,0.0,0.0,0.0,0.0,1.0
760.0,ENSMFAG00000041475,SMIM1,ENSG00000235169,SMIM1,388588.0,0,1,0.0,0.0,0.0,0.0,0.0,0.0,0.0,0.0,0.0,0.0,0.0,0.0,0.0,0.0,0.0,0.0,0.0,0.0,0.0,0.0,1.0
761.0,ENSMFAG00000041482,DBH,ENSG00000123454,DBH,1621.0,0,1,1.0,0.0,0.0,0.0,1.0,0.0,0.0,1.0,1.0,0.0,0.0,0.0,0.0,1.0,0.0,0.0,0.0,0.0,0.0,0.0,1.0
762.0,ENSMFAG00000041494,PPP1R9B,ENSG00000108819,PPP1R9B,84687.0,0,1,1.0,0.0,0.0,0.0,1.0,0.0,0.0,0.0,0.0,1.0,1.0,1.0,0.0,1.0,0.0,0.0,0.0,0.0,0.0,0.0,1.0
763.0,ENSMFAG00000041506,YDJC,ENSG00000161179,YDJC,150223.0,0,1,0.0,0.0,0.0,0.0,0.0,0.0,0.0,0.0,0.0,0.0,0.0,0.0,0.0,0.0,0.0,0.0,0.0,0.0,0.0,0.0,1.0
764.0,ENSMFAG00000041514,PAX2,ENSG00000075891,PAX2,5076.0,0,1,0.0,1.0,0.0,1.0,0.0,0.0,0.0,0.0,0.0,0.0,0.0,0.0,0.0,1.0,0.0,0.0,0.0,0.0,0.0,0.0,1.0
765.0,ENSMFAG00000041526,DHX40,ENSG00000108406,DHX40,79665.0,1,0,0.0,0.0,0.0,0.0,0.0,0.0,0.0,0.0,0.0,0.0,0.0,0.0,0.0,0.0,0.0,0.0,0.0,0.0,0.0,0.0,1.0
766.0,ENSMFAG00000041563,CLDND1,ENSG00000080822,CLDND1,56650.0,1,0,0.0,0.0,0.0,0.0,0.0,0.0,0.0,0.0,0.0,0.0,0.0,0.0,0.0,0.0,0.0,0.0,0.0,0.0,0.0,0.0,1.0
767.0,ENSMFAG00000041572,DTX4,ENSG00000110042,DTX4,23220.0,0,1,0.0,0.0,0.0,0.0,0.0,0.0,0.0,0.0,0.0,0.0,0.0,0.0,0.0,0.0,0.0,0.0,0.0,0.0,0.0,0.0,1.0
768.0,ENSMFAG00000041605,PPP4R1,ENSG00000154845,PPP4R1,9989.0,1,0,0.0,0.0,0.0,0.0,0.0,0.0,0.0,0.0,0.0,0.0,0.0,0.0,0.0,0.0,0.0,0.0,0.0,0.0,0.0,0.0,1.0
769.0,ENSMFAG00000041636,SAMD4A,ENSG00000020577,SAMD4A,23034.0,0,1,0.0,0.0,0.0,0.0,0.0,0.0,0.0,0.0,0.0,0.0,0.0,0.0,0.0,0.0,0.0,0.0,0.0,0.0,0.0,0.0,1.0
770.0,ENSMFAG00000041637,FBXL18,ENSG00000155034,FBXL18,80028.0,0,1,0.0,0.0,0.0,0.0,0.0,0.0,0.0,0.0,0.0,0.0,0.0,0.0,0.0,0.0,0.0,0.0,0.0,0.0,0.0,0.0,1.0
771.0,ENSMFAG00000041700,ACTN2,ENSG00000077522,ACTN2,88.0,0,1,1.0,0.0,1.0,1.0,0.0,0.0,1.0,1.0,1.0,0.0,0.0,0.0,0.0,1.0,0.0,0.0,0.0,0.0,0.0,0.0,1.0
772.0,ENSMFAG00000041730,RASD1,ENSG00000108551,RASD1,51655.0,0,1,0.0,0.0,0.0,0.0,0.0,0.0,0.0,0.0,0.0,1.0,0.0,0.0,0.0,0.0,0.0,0.0,0.0,1.0,0.0,0.0,1.0
773.0,ENSMFAG00000041734,ITCH,ENSG00000078747,ITCH,83737.0,1,0,0.0,0.0,0.0,0.0,0.0,0.0,0.0,0.0,0.0,0.0,0.0,1.0,0.0,0.0,1.0,0.0,0.0,0.0,0.0,0.0,1.0
774.0,ENSMFAG00000041787,ENSMFAG00000041787,,,,0,1,,,,,,,,,,,,,,,,,,,,,
775.0,ENSMFAG00000041822,B3GLCT,ENSG00000187676,B3GLCT,145173.0,1,0,0.0,0.0,0.0,0.0,0.0,0.0,0.0,0.0,0.0,0.0,0.0,0.0,0.0,0.0,0.0,0.0,0.0,0.0,0.0,0.0,1.0
776.0,ENSMFAG00000041825,CHD7,ENSG00000171316,CHD7,55636.0,1,0,0.0,0.0,1.0,0.0,0.0,0.0,1.0,1.0,1.0,0.0,0.0,1.0,0.0,0.0,0.0,1.0,0.0,0.0,0.0,0.0,1.0
777.0,ENSMFAG00000041837,C10orf90,ENSG00000154493,C10orf90,118611.0,1,0,0.0,0.0,0.0,0.0,0.0,0.0,0.0,0.0,0.0,0.0,0.0,0.0,0.0,0.0,0.0,0.0,0.0,0.0,0.0,0.0,1.0
778.0,ENSMFAG00000041884,ST6GALNAC5,ENSG00000117069,ST6GALNAC5,81849.0,0,1,0.0,0.0,0.0,0.0,0.0,0.0,0.0,0.0,0.0,0.0,0.0,0.0,0.0,0.0,0.0,0.0,0.0,0.0,0.0,1.0,1.0
779.0,ENSMFAG00000041890,TBC1D24,ENSG00000162065,TBC1D24,57465.0,0,1,0.0,0.0,0.0,0.0,0.0,0.0,0.0,0.0,0.0,0.0,0.0,0.0,0.0,0.0,0.0,0.0,0.0,0.0,0.0,0.0,1.0
780.0,ENSMFAG00000041945,DPP4,ENSG00000197635,DPP4,1803.0,1,0,0.0,0.0,0.0,0.0,0.0,0.0,0.0,1.0,0.0,0.0,0.0,0.0,0.0,0.0,0.0,0.0,0.0,0.0,0.0,0.0,1.0
781.0,ENSMFAG00000041988,MBP,ENSG00000197971,MBP,4155.0,1,0,0.0,1.0,0.0,0.0,0.0,0.0,0.0,0.0,0.0,0.0,0.0,0.0,0.0,0.0,0.0,1.0,0.0,0.0,0.0,0.0,1.0
782.0,ENSMFAG00000041999,KCNJ5,ENSG00000120457,KCNJ5,3762.0,0,1,1.0,0.0,0.0,0.0,0.0,0.0,1.0,0.0,1.0,0.0,0.0,0.0,0.0,1.0,0.0,0.0,0.0,1.0,0.0,0.0,1.0
783.0,ENSMFAG00000042006,ELOVL1,ENSG00000066322,ELOVL1,64834.0,1,0,0.0,0.0,0.0,0.0,0.0,0.0,0.0,0.0,0.0,0.0,0.0,0.0,0.0,0.0,0.0,1.0,0.0,0.0,0.0,1.0,1.0
784.0,ENSMFAG00000042021,FKBP1A,,,,0,1,,,,,,,,,,,,,,,,,,,,,
785.0,ENSMFAG00000042025,MTCH1,ENSG00000137409,MTCH1,23787.0,0,1,0.0,0.0,0.0,0.0,0.0,0.0,0.0,0.0,0.0,0.0,0.0,0.0,0.0,0.0,0.0,0.0,0.0,0.0,0.0,0.0,1.0
786.0,ENSMFAG00000042033,TCP11L2,ENSG00000166046,TCP11L2,255394.0,1,0,0.0,0.0,0.0,0.0,0.0,0.0,0.0,0.0,0.0,0.0,0.0,0.0,0.0,0.0,0.0,0.0,0.0,0.0,0.0,0.0,1.0
787.0,ENSMFAG00000042034,AMFR,ENSG00000159461,AMFR,267.0,0,1,0.0,0.0,0.0,0.0,1.0,0.0,0.0,0.0,0.0,0.0,0.0,0.0,0.0,0.0,0.0,0.0,0.0,0.0,0.0,0.0,1.0
788.0,ENSMFAG00000042049,LAPTM4B,ENSG00000104341,LAPTM4B,55353.0,1,0,0.0,0.0,0.0,0.0,0.0,0.0,0.0,0.0,0.0,0.0,0.0,0.0,0.0,0.0,0.0,0.0,0.0,0.0,0.0,0.0,1.0
789.0,ENSMFAG00000042061,TMEM139,ENSG00000178826,TMEM139,135932.0,1,0,0.0,0.0,0.0,0.0,0.0,0.0,0.0,0.0,0.0,0.0,0.0,0.0,0.0,0.0,0.0,0.0,0.0,0.0,0.0,0.0,1.0
790.0,ENSMFAG00000042066,SEPTIN11,ENSG00000138758,SEPTIN11,55752.0,0,1,0.0,0.0,1.0,0.0,0.0,0.0,0.0,0.0,0.0,0.0,0.0,0.0,0.0,0.0,0.0,0.0,0.0,0.0,0.0,0.0,1.0
791.0,ENSMFAG00000042078,DOK1,ENSG00000115325,DOK1,1796.0,1,0,0.0,0.0,0.0,0.0,0.0,0.0,0.0,0.0,0.0,0.0,0.0,0.0,0.0,0.0,0.0,0.0,0.0,0.0,0.0,0.0,1.0
792.0,ENSMFAG00000042082,PID1,ENSG00000153823,PID1,55022.0,0,1,1.0,0.0,0.0,1.0,0.0,0.0,1.0,0.0,0.0,0.0,0.0,0.0,0.0,0.0,0.0,0.0,0.0,0.0,0.0,0.0,1.0
793.0,ENSMFAG00000042091,RTN4RL1,ENSG00000185924,RTN4RL1,146760.0,0,1,0.0,0.0,0.0,1.0,0.0,0.0,0.0,0.0,0.0,0.0,1.0,0.0,0.0,0.0,0.0,0.0,0.0,0.0,0.0,0.0,1.0
794.0,ENSMFAG00000042104,ENSMFAG00000042104,,,,1,0,,,,,,,,,,,,,,,,,,,,,
795.0,ENSMFAG00000042106,GABBR2,ENSG00000136928,GABBR2,9568.0,0,1,1.0,0.0,0.0,0.0,0.0,0.0,0.0,0.0,0.0,0.0,0.0,0.0,1.0,0.0,0.0,0.0,0.0,0.0,0.0,0.0,1.0
796.0,ENSMFAG00000042129,SHROOM4,ENSG00000158352,SHROOM4,57477.0,1,0,0.0,0.0,0.0,0.0,0.0,0.0,0.0,0.0,0.0,0.0,0.0,0.0,0.0,0.0,0.0,0.0,0.0,0.0,0.0,0.0,1.0
797.0,ENSMFAG00000042131,SUV39H1,ENSG00000101945,SUV39H1,6839.0,0,1,0.0,0.0,0.0,0.0,0.0,0.0,0.0,0.0,0.0,0.0,0.0,0.0,0.0,0.0,0.0,0.0,0.0,0.0,0.0,0.0,1.0
798.0,ENSMFAG00000042148,DGKB,ENSG00000136267,DGKB,1607.0,0,1,1.0,0.0,1.0,0.0,0.0,0.0,0.0,0.0,0.0,0.0,0.0,0.0,0.0,0.0,0.0,0.0,0.0,0.0,0.0,0.0,1.0
799.0,ENSMFAG00000042158,CDH4,ENSG00000179242,CDH4,1002.0,0,1,0.0,0.0,1.0,1.0,0.0,0.0,0.0,0.0,0.0,0.0,0.0,1.0,0.0,1.0,0.0,0.0,0.0,0.0,0.0,0.0,1.0
800.0,ENSMFAG00000042174,TP53RK,ENSG00000172315,TP53RK,112858.0,1,0,0.0,0.0,0.0,0.0,0.0,0.0,0.0,0.0,0.0,0.0,0.0,0.0,0.0,0.0,0.0,0.0,0.0,0.0,0.0,0.0,1.0
801.0,ENSMFAG00000042176,FFAR4,ENSG00000186188,FFAR4,338557.0,0,1,0.0,0.0,0.0,0.0,0.0,0.0,1.0,1.0,0.0,1.0,0.0,0.0,0.0,0.0,0.0,0.0,0.0,0.0,0.0,0.0,1.0
802.0,ENSMFAG00000042179,SIRPA,ENSG00000101307,SIRPB1,10326.0,0,1,0.0,0.0,0.0,0.0,0.0,0.0,0.0,1.0,0.0,0.0,0.0,0.0,0.0,0.0,0.0,0.0,0.0,0.0,0.0,0.0,1.0
,,,ENSG00000198053,SIRPA,140885.0,0,1,0.0,0.0,0.0,0.0,0.0,0.0,0.0,1.0,0.0,0.0,0.0,0.0,0.0,0.0,1.0,0.0,0.0,0.0,0.0,0.0,1.0
803.0,ENSMFAG00000042205,JPH3,ENSG00000154118,JPH3,57338.0,0,1,1.0,0.0,0.0,0.0,1.0,0.0,1.0,0.0,0.0,0.0,0.0,0.0,0.0,0.0,0.0,0.0,0.0,0.0,0.0,0.0,1.0
804.0,ENSMFAG00000042263,VSTM2B,ENSG00000187135,VSTM2B,342865.0,0,1,0.0,0.0,0.0,0.0,0.0,0.0,0.0,0.0,0.0,0.0,0.0,0.0,0.0,0.0,0.0,0.0,0.0,0.0,0.0,0.0,1.0
805.0,ENSMFAG00000042280,SLC38A9,ENSG00000177058,SLC38A9,153129.0,1,0,0.0,0.0,0.0,0.0,0.0,0.0,0.0,0.0,0.0,0.0,0.0,0.0,0.0,0.0,0.0,0.0,0.0,0.0,1.0,0.0,1.0
806.0,ENSMFAG00000042297,CRB2,ENSG00000148204,CRB2,286204.0,0,1,0.0,0.0,0.0,0.0,0.0,0.0,0.0,0.0,0.0,0.0,0.0,0.0,0.0,0.0,0.0,0.0,0.0,0.0,0.0,0.0,1.0
807.0,ENSMFAG00000042298,ENSMFAG00000042298,,,,0,1,,,,,,,,,,,,,,,,,,,,,
808.0,ENSMFAG00000042304,DPF1,ENSG00000011332,DPF1,8193.0,0,1,0.0,0.0,0.0,0.0,0.0,0.0,0.0,0.0,0.0,0.0,0.0,0.0,0.0,0.0,0.0,0.0,0.0,0.0,0.0,0.0,1.0
809.0,ENSMFAG00000042307,MYO1G,ENSG00000136286,MYO1G,64005.0,0,1,0.0,0.0,0.0,0.0,0.0,0.0,0.0,0.0,0.0,0.0,0.0,0.0,0.0,1.0,0.0,0.0,0.0,0.0,0.0,0.0,1.0
810.0,ENSMFAG00000042320,PPP1R26,ENSG00000196422,PPP1R26,9858.0,0,1,0.0,0.0,0.0,0.0,0.0,0.0,0.0,0.0,0.0,0.0,0.0,0.0,0.0,0.0,0.0,0.0,0.0,0.0,0.0,0.0,1.0
811.0,ENSMFAG00000042332,HAUS4,ENSG00000092036,HAUS4,54930.0,1,0,0.0,0.0,0.0,0.0,0.0,0.0,0.0,0.0,0.0,0.0,0.0,0.0,0.0,0.0,0.0,0.0,0.0,0.0,0.0,0.0,1.0
,,,ENSG00000259132,AL132780.3,,1,0,,,,,,,,,,,,,,,,,,,,,
812.0,ENSMFAG00000042354,RASSF2,ENSG00000101265,RASSF2,9770.0,1,0,0.0,0.0,0.0,0.0,0.0,0.0,0.0,0.0,0.0,0.0,0.0,0.0,0.0,0.0,1.0,1.0,0.0,0.0,0.0,0.0,1.0
813.0,ENSMFAG00000042357,ANXA1,ENSG00000135046,ANXA1,301.0,1,0,0.0,1.0,0.0,0.0,0.0,0.0,0.0,1.0,0.0,0.0,0.0,1.0,0.0,0.0,0.0,0.0,0.0,0.0,1.0,0.0,1.0
814.0,ENSMFAG00000042363,VWA3B,ENSG00000168658,VWA3B,200403.0,0,1,0.0,0.0,0.0,0.0,0.0,0.0,0.0,0.0,0.0,0.0,0.0,0.0,0.0,0.0,0.0,0.0,0.0,0.0,0.0,0.0,1.0
815.0,ENSMFAG00000042398,KCNG3,ENSG00000171126,KCNG3,170850.0,0,1,0.0,0.0,0.0,0.0,0.0,0.0,1.0,0.0,1.0,0.0,0.0,0.0,0.0,0.0,0.0,0.0,0.0,0.0,0.0,0.0,1.0
816.0,ENSMFAG00000042406,ASPHD1,ENSG00000174939,ASPHD1,253982.0,0,1,0.0,0.0,0.0,0.0,0.0,0.0,0.0,0.0,0.0,0.0,0.0,0.0,0.0,0.0,0.0,0.0,0.0,0.0,0.0,0.0,1.0
817.0,ENSMFAG00000042444,ENSMFAG00000042444,ENSG00000214013,GANC,2595.0,1,0,0.0,0.0,0.0,0.0,0.0,0.0,0.0,0.0,0.0,0.0,0.0,0.0,0.0,0.0,0.0,0.0,0.0,0.0,0.0,0.0,1.0
818.0,ENSMFAG00000042458,FAM163B,ENSG00000196990,FAM163B,642968.0,0,1,0.0,0.0,0.0,0.0,0.0,0.0,0.0,0.0,0.0,0.0,0.0,0.0,0.0,0.0,0.0,0.0,0.0,0.0,0.0,0.0,1.0
819.0,ENSMFAG00000042536,DTNBP1,ENSG00000047579,DTNBP1,84062.0,0,1,1.0,0.0,0.0,1.0,0.0,0.0,0.0,1.0,0.0,0.0,0.0,0.0,0.0,1.0,0.0,0.0,0.0,0.0,0.0,0.0,1.0
820.0,ENSMFAG00000042546,RBP4,ENSG00000138207,RBP4,5950.0,0,1,0.0,0.0,0.0,0.0,0.0,0.0,0.0,1.0,0.0,0.0,0.0,1.0,0.0,0.0,0.0,0.0,0.0,0.0,0.0,0.0,1.0
821.0,ENSMFAG00000042553,PRKCG,ENSG00000126583,PRKCG,5582.0,0,1,1.0,0.0,0.0,0.0,1.0,0.0,0.0,1.0,0.0,0.0,0.0,0.0,1.0,0.0,0.0,0.0,0.0,1.0,0.0,0.0,1.0
822.0,ENSMFAG00000042590,KCNQ2,ENSG00000075043,KCNQ2,3785.0,0,1,1.0,0.0,0.0,0.0,0.0,0.0,1.0,0.0,1.0,0.0,0.0,0.0,0.0,0.0,0.0,0.0,0.0,0.0,0.0,0.0,1.0
823.0,ENSMFAG00000042597,WFDC1,ENSG00000103175,WFDC1,58189.0,0,1,0.0,0.0,0.0,0.0,0.0,0.0,0.0,0.0,0.0,0.0,0.0,1.0,0.0,0.0,0.0,0.0,0.0,0.0,0.0,0.0,1.0
824.0,ENSMFAG00000042613,ENSMFAG00000042613,ENSG00000244607,CCDC13,152206.0,1,0,0.0,0.0,0.0,0.0,0.0,0.0,0.0,0.0,0.0,0.0,0.0,0.0,0.0,0.0,0.0,0.0,0.0,0.0,0.0,0.0,1.0
,,,ENSG00000280571,AC006059.2,,1,0,,,,,,,,,,,,,,,,,,,,,
825.0,ENSMFAG00000042642,KCNK10,ENSG00000100433,KCNK10,54207.0,1,0,0.0,0.0,0.0,0.0,0.0,0.0,0.0,0.0,0.0,0.0,0.0,0.0,0.0,0.0,0.0,0.0,0.0,0.0,0.0,0.0,1.0
826.0,ENSMFAG00000042647,NUDT3,ENSG00000272325,NUDT3,11165.0,0,1,0.0,0.0,0.0,0.0,0.0,0.0,0.0,0.0,0.0,0.0,0.0,0.0,0.0,0.0,0.0,0.0,0.0,0.0,0.0,0.0,1.0
827.0,ENSMFAG00000042672,SLC22A15,ENSG00000163393,SLC22A15,55356.0,1,0,0.0,0.0,0.0,0.0,0.0,0.0,0.0,0.0,0.0,0.0,0.0,0.0,0.0,0.0,0.0,0.0,0.0,0.0,0.0,0.0,1.0
828.0,ENSMFAG00000042680,ZBTB46,ENSG00000130584,ZBTB46,140685.0,0,1,0.0,0.0,0.0,0.0,0.0,0.0,0.0,0.0,0.0,0.0,0.0,0.0,0.0,0.0,0.0,0.0,0.0,0.0,0.0,0.0,1.0
829.0,ENSMFAG00000042757,PTCD3,ENSG00000132300,PTCD3,55037.0,1,0,0.0,0.0,0.0,0.0,0.0,0.0,0.0,0.0,0.0,0.0,0.0,0.0,0.0,0.0,0.0,0.0,0.0,0.0,0.0,0.0,1.0
830.0,ENSMFAG00000042797,CLCA1,ENSG00000016490,CLCA1,1179.0,1,0,0.0,0.0,0.0,0.0,0.0,0.0,0.0,0.0,0.0,0.0,0.0,0.0,0.0,0.0,0.0,0.0,0.0,0.0,1.0,0.0,1.0
831.0,ENSMFAG00000042801,CLMN,ENSG00000165959,CLMN,79789.0,1,0,0.0,0.0,0.0,0.0,0.0,0.0,0.0,0.0,0.0,0.0,0.0,0.0,0.0,0.0,0.0,0.0,0.0,0.0,0.0,0.0,1.0
832.0,ENSMFAG00000042816,TESK2,ENSG00000070759,TESK2,10420.0,1,0,0.0,0.0,0.0,0.0,0.0,0.0,0.0,0.0,0.0,0.0,0.0,0.0,0.0,0.0,0.0,0.0,0.0,0.0,0.0,0.0,1.0
833.0,ENSMFAG00000042818,IRAK1,ENSG00000184216,IRAK1,3654.0,0,1,0.0,0.0,0.0,0.0,0.0,0.0,0.0,0.0,0.0,0.0,0.0,0.0,0.0,0.0,1.0,0.0,0.0,0.0,0.0,0.0,1.0
834.0,ENSMFAG00000042822,ENSMFAG00000042822,ENSG00000221843,C2orf16,84226.0,1,0,0.0,0.0,0.0,0.0,0.0,0.0,0.0,0.0,0.0,0.0,0.0,0.0,0.0,0.0,0.0,0.0,0.0,0.0,0.0,0.0,1.0
835.0,ENSMFAG00000042863,RNF112,ENSG00000128482,RNF112,7732.0,0,1,0.0,1.0,1.0,0.0,0.0,0.0,0.0,0.0,0.0,0.0,0.0,0.0,0.0,0.0,0.0,0.0,0.0,0.0,0.0,0.0,1.0
836.0,ENSMFAG00000042864,ZNF536,ENSG00000198597,ZNF536,9745.0,1,0,0.0,0.0,0.0,0.0,0.0,0.0,0.0,0.0,0.0,0.0,0.0,0.0,0.0,0.0,0.0,0.0,0.0,0.0,0.0,0.0,1.0
837.0,ENSMFAG00000042883,PELP1,ENSG00000141456,PELP1,27043.0,0,1,0.0,0.0,0.0,0.0,0.0,0.0,0.0,0.0,0.0,0.0,0.0,0.0,0.0,0.0,0.0,0.0,0.0,0.0,0.0,0.0,1.0
838.0,ENSMFAG00000042885,TXK,ENSG00000074966,TXK,7294.0,0,1,0.0,0.0,0.0,0.0,0.0,0.0,0.0,0.0,0.0,0.0,0.0,1.0,0.0,0.0,0.0,0.0,0.0,0.0,0.0,0.0,1.0
839.0,ENSMFAG00000042911,FBXO41,ENSG00000163013,FBXO41,150726.0,0,1,0.0,0.0,0.0,0.0,0.0,0.0,0.0,0.0,0.0,0.0,0.0,0.0,0.0,0.0,0.0,0.0,0.0,0.0,0.0,0.0,1.0
840.0,ENSMFAG00000042928,SERPINA1,ENSG00000197249,SERPINA1,5265.0,1,0,0.0,0.0,0.0,0.0,0.0,0.0,0.0,0.0,0.0,0.0,0.0,0.0,0.0,0.0,0.0,0.0,0.0,0.0,0.0,0.0,1.0
841.0,ENSMFAG00000042933,KSR2,ENSG00000171435,KSR2,283455.0,0,1,0.0,0.0,0.0,0.0,0.0,0.0,0.0,0.0,0.0,1.0,0.0,0.0,0.0,0.0,0.0,0.0,0.0,0.0,0.0,0.0,1.0
842.0,ENSMFAG00000042972,FAM136A,ENSG00000035141,FAM136A,84908.0,0,1,0.0,0.0,0.0,0.0,0.0,0.0,0.0,0.0,0.0,0.0,0.0,0.0,0.0,0.0,0.0,0.0,0.0,0.0,0.0,0.0,1.0
843.0,ENSMFAG00000042983,CELF4,ENSG00000101489,CELF4,56853.0,0,1,1.0,0.0,0.0,0.0,0.0,0.0,0.0,0.0,1.0,0.0,0.0,0.0,0.0,0.0,0.0,0.0,0.0,0.0,0.0,0.0,1.0
844.0,ENSMFAG00000042992,CHRNA1,ENSG00000138435,CHRNA1,1134.0,1,0,0.0,0.0,0.0,0.0,0.0,0.0,0.0,0.0,0.0,0.0,0.0,1.0,0.0,0.0,0.0,1.0,0.0,0.0,0.0,0.0,1.0
845.0,ENSMFAG00000043003,RFWD3,ENSG00000168411,RFWD3,55159.0,1,0,0.0,0.0,0.0,0.0,0.0,0.0,0.0,0.0,0.0,0.0,0.0,0.0,0.0,0.0,0.0,0.0,0.0,0.0,0.0,0.0,1.0
846.0,ENSMFAG00000043056,CRIM1,ENSG00000150938,CRIM1,51232.0,0,1,0.0,0.0,0.0,0.0,0.0,0.0,0.0,0.0,0.0,0.0,0.0,0.0,0.0,0.0,0.0,0.0,0.0,0.0,0.0,0.0,1.0
847.0,ENSMFAG00000043073,STK17A,ENSG00000164543,STK17A,9263.0,0,1,0.0,0.0,0.0,0.0,0.0,0.0,0.0,0.0,0.0,0.0,0.0,0.0,0.0,0.0,0.0,0.0,0.0,0.0,0.0,0.0,1.0
848.0,ENSMFAG00000043088,BAIAP2,ENSG00000175866,BAIAP2,10458.0,0,1,0.0,0.0,1.0,1.0,0.0,0.0,0.0,0.0,0.0,0.0,0.0,0.0,0.0,1.0,0.0,0.0,0.0,0.0,0.0,0.0,1.0
849.0,ENSMFAG00000043092,MTUS1,ENSG00000129422,MTUS1,57509.0,1,0,0.0,0.0,0.0,0.0,0.0,0.0,0.0,0.0,0.0,0.0,0.0,0.0,0.0,0.0,0.0,0.0,0.0,0.0,0.0,0.0,1.0
850.0,ENSMFAG00000043099,IPP,ENSG00000197429,IPP,3652.0,1,0,0.0,0.0,0.0,0.0,0.0,0.0,0.0,0.0,0.0,0.0,0.0,0.0,0.0,0.0,0.0,0.0,0.0,0.0,0.0,0.0,1.0
851.0,ENSMFAG00000043108,ENSMFAG00000043108,,,,1,0,,,,,,,,,,,,,,,,,,,,,
852.0,ENSMFAG00000043114,OPALIN,ENSG00000197430,OPALIN,93377.0,1,0,0.0,1.0,0.0,0.0,0.0,0.0,0.0,0.0,0.0,0.0,0.0,0.0,0.0,0.0,0.0,0.0,0.0,0.0,0.0,0.0,1.0
853.0,ENSMFAG00000043125,SRF,ENSG00000112658,SRF,6722.0,0,1,1.0,0.0,1.0,1.0,1.0,0.0,0.0,0.0,1.0,0.0,1.0,1.0,0.0,1.0,0.0,0.0,0.0,0.0,0.0,0.0,1.0
854.0,ENSMFAG00000043168,HSPA2,ENSG00000126803,HSPA2,3306.0,1,0,0.0,0.0,0.0,0.0,0.0,0.0,0.0,0.0,0.0,0.0,0.0,0.0,0.0,0.0,0.0,0.0,0.0,0.0,0.0,0.0,1.0
855.0,ENSMFAG00000043205,NMT1,ENSG00000136448,NMT1,4836.0,0,1,0.0,0.0,0.0,0.0,0.0,0.0,0.0,0.0,0.0,0.0,0.0,0.0,0.0,0.0,0.0,0.0,0.0,0.0,0.0,0.0,1.0
856.0,ENSMFAG00000043259,RTTN,ENSG00000176225,RTTN,25914.0,1,0,0.0,0.0,0.0,0.0,0.0,0.0,0.0,0.0,0.0,0.0,0.0,0.0,0.0,0.0,0.0,0.0,0.0,0.0,0.0,0.0,1.0
857.0,ENSMFAG00000043312,ENSMFAG00000043312,,,,1,0,,,,,,,,,,,,,,,,,,,,,
858.0,ENSMFAG00000043339,PRLH,ENSG00000071677,PRLH,51052.0,1,0,0.0,0.0,0.0,0.0,0.0,0.0,0.0,0.0,0.0,0.0,0.0,1.0,0.0,0.0,0.0,1.0,0.0,0.0,0.0,0.0,1.0
859.0,ENSMFAG00000043395,ROBO3,ENSG00000154134,ROBO3,64221.0,0,1,0.0,0.0,0.0,1.0,0.0,1.0,0.0,0.0,0.0,0.0,0.0,0.0,0.0,0.0,0.0,0.0,0.0,0.0,0.0,0.0,1.0
860.0,ENSMFAG00000043404,FAM219A,ENSG00000164970,FAM219A,203259.0,0,1,0.0,0.0,0.0,0.0,0.0,0.0,0.0,0.0,0.0,0.0,0.0,0.0,0.0,0.0,0.0,0.0,0.0,0.0,0.0,0.0,1.0
861.0,ENSMFAG00000043449,CCDC175,ENSG00000151838,CCDC175,729665.0,1,0,0.0,0.0,0.0,0.0,0.0,0.0,0.0,0.0,0.0,0.0,0.0,0.0,0.0,0.0,0.0,0.0,0.0,0.0,0.0,0.0,1.0
862.0,ENSMFAG00000043460,PIGT,ENSG00000124155,PIGT,51604.0,1,0,0.0,0.0,0.0,0.0,0.0,0.0,0.0,0.0,0.0,0.0,0.0,0.0,0.0,0.0,0.0,0.0,0.0,0.0,0.0,1.0,1.0
863.0,ENSMFAG00000043462,GPR26,ENSG00000154478,GPR26,2849.0,0,1,0.0,0.0,0.0,0.0,0.0,0.0,0.0,0.0,0.0,0.0,0.0,0.0,0.0,0.0,0.0,0.0,0.0,0.0,0.0,0.0,1.0
864.0,ENSMFAG00000043464,DCHS1,ENSG00000166341,DCHS1,8642.0,1,0,0.0,0.0,0.0,0.0,0.0,0.0,0.0,0.0,0.0,0.0,0.0,0.0,0.0,0.0,0.0,0.0,0.0,0.0,0.0,0.0,1.0
865.0,ENSMFAG00000043470,SYT7,ENSG00000011347,SYT7,9066.0,0,1,1.0,0.0,0.0,0.0,0.0,0.0,0.0,1.0,0.0,0.0,0.0,0.0,0.0,0.0,0.0,0.0,0.0,0.0,0.0,0.0,1.0
866.0,ENSMFAG00000043490,POC1B,ENSG00000139323,POC1B,282809.0,1,0,0.0,0.0,0.0,0.0,0.0,0.0,0.0,0.0,0.0,0.0,0.0,0.0,0.0,0.0,0.0,1.0,0.0,0.0,0.0,0.0,1.0
867.0,ENSMFAG00000043512,OSBPL9,ENSG00000117859,OSBPL9,114883.0,1,0,0.0,0.0,0.0,0.0,0.0,0.0,0.0,0.0,0.0,0.0,0.0,0.0,0.0,0.0,0.0,0.0,0.0,0.0,0.0,0.0,1.0
868.0,ENSMFAG00000043547,CD27,ENSG00000139193,CD27,939.0,0,1,0.0,0.0,0.0,0.0,0.0,0.0,0.0,0.0,0.0,0.0,0.0,0.0,0.0,0.0,1.0,0.0,0.0,0.0,0.0,0.0,1.0
869.0,ENSMFAG00000043567,C11orf95,ENSG00000188070,C11orf95,65998.0,0,1,0.0,0.0,0.0,0.0,0.0,0.0,0.0,0.0,0.0,0.0,0.0,0.0,0.0,0.0,0.0,0.0,0.0,0.0,0.0,0.0,1.0
870.0,ENSMFAG00000043573,GRID2,ENSG00000152208,GRID2,2895.0,0,1,1.0,0.0,1.0,0.0,0.0,0.0,0.0,0.0,0.0,0.0,1.0,0.0,1.0,0.0,0.0,0.0,0.0,1.0,0.0,0.0,1.0
871.0,ENSMFAG00000043608,RHOBTB3,ENSG00000164292,RHOBTB3,22836.0,1,0,0.0,0.0,0.0,0.0,0.0,0.0,0.0,0.0,0.0,0.0,0.0,0.0,0.0,0.0,0.0,0.0,0.0,0.0,0.0,0.0,1.0
872.0,ENSMFAG00000043620,PDE8A,ENSG00000073417,PDE8A,5151.0,1,0,0.0,0.0,0.0,0.0,0.0,0.0,0.0,0.0,0.0,0.0,0.0,0.0,0.0,0.0,0.0,0.0,0.0,0.0,0.0,0.0,1.0
873.0,ENSMFAG00000043630,ZNF793,ENSG00000188227,ZNF793,390927.0,0,1,0.0,0.0,0.0,0.0,0.0,0.0,0.0,0.0,0.0,0.0,0.0,0.0,0.0,0.0,0.0,0.0,0.0,0.0,0.0,0.0,1.0
874.0,ENSMFAG00000043716,AVPR2,ENSG00000126895,AVPR2,554.0,0,1,0.0,0.0,0.0,0.0,0.0,0.0,0.0,0.0,1.0,0.0,0.0,0.0,1.0,1.0,0.0,0.0,0.0,0.0,0.0,0.0,1.0
875.0,ENSMFAG00000043747,HBEGF,ENSG00000113070,HBEGF,1839.0,1,0,1.0,0.0,0.0,0.0,0.0,0.0,0.0,0.0,1.0,0.0,0.0,1.0,0.0,0.0,0.0,0.0,0.0,0.0,0.0,0.0,1.0
876.0,ENSMFAG00000043754,CMTM4,ENSG00000183723,CMTM4,146223.0,0,1,0.0,0.0,0.0,0.0,0.0,0.0,0.0,0.0,0.0,0.0,0.0,0.0,0.0,0.0,0.0,0.0,0.0,0.0,0.0,0.0,1.0
877.0,ENSMFAG00000043768,DRC1,ENSG00000157856,DRC1,92749.0,0,1,0.0,0.0,0.0,0.0,0.0,0.0,0.0,0.0,0.0,0.0,0.0,0.0,0.0,0.0,0.0,0.0,0.0,0.0,0.0,0.0,1.0
878.0,ENSMFAG00000043795,NFATC3,ENSG00000072736,NFATC3,4775.0,1,0,0.0,0.0,0.0,0.0,0.0,0.0,0.0,0.0,0.0,0.0,0.0,0.0,0.0,0.0,0.0,0.0,0.0,0.0,0.0,0.0,1.0
879.0,ENSMFAG00000043796,GOLM1,ENSG00000135052,GOLM1,51280.0,0,1,0.0,0.0,0.0,0.0,0.0,0.0,0.0,0.0,0.0,0.0,0.0,0.0,0.0,0.0,0.0,0.0,0.0,0.0,0.0,0.0,1.0
880.0,ENSMFAG00000043807,TP73,ENSG00000078900,TP73,7161.0,0,1,0.0,1.0,1.0,0.0,0.0,0.0,0.0,0.0,0.0,0.0,0.0,1.0,0.0,0.0,0.0,0.0,0.0,0.0,0.0,0.0,1.0
881.0,ENSMFAG00000043847,ANKRD33,ENSG00000167612,ANKRD33,341405.0,0,1,0.0,0.0,0.0,0.0,0.0,0.0,0.0,0.0,0.0,0.0,0.0,0.0,0.0,0.0,0.0,0.0,0.0,0.0,0.0,0.0,1.0
882.0,ENSMFAG00000043879,BAG2,ENSG00000112208,BAG2,9532.0,0,1,0.0,0.0,0.0,0.0,0.0,0.0,0.0,0.0,0.0,0.0,0.0,0.0,0.0,0.0,0.0,0.0,0.0,0.0,0.0,0.0,1.0
883.0,ENSMFAG00000043912,EHBP1L1,ENSG00000173442,EHBP1L1,254102.0,0,1,0.0,0.0,0.0,0.0,0.0,0.0,0.0,0.0,0.0,0.0,0.0,0.0,0.0,1.0,0.0,0.0,0.0,0.0,0.0,0.0,1.0
884.0,ENSMFAG00000043929,NUDT10,ENSG00000122824,NUDT10,170685.0,0,1,0.0,0.0,0.0,0.0,0.0,0.0,0.0,0.0,0.0,0.0,0.0,0.0,0.0,0.0,0.0,0.0,0.0,0.0,0.0,0.0,1.0
885.0,ENSMFAG00000043969,CC2D1A,ENSG00000132024,CC2D1A,54862.0,0,1,0.0,0.0,0.0,0.0,0.0,0.0,0.0,0.0,0.0,0.0,0.0,0.0,0.0,0.0,0.0,0.0,0.0,0.0,0.0,0.0,1.0
886.0,ENSMFAG00000043988,MCM7,ENSG00000166508,MCM7,4176.0,1,0,0.0,0.0,0.0,0.0,0.0,0.0,0.0,0.0,0.0,0.0,0.0,0.0,0.0,0.0,0.0,0.0,0.0,0.0,0.0,0.0,1.0
887.0,ENSMFAG00000043993,KIF17,ENSG00000117245,KIF17,57576.0,0,1,0.0,0.0,0.0,0.0,0.0,0.0,0.0,0.0,0.0,0.0,0.0,0.0,0.0,0.0,0.0,0.0,0.0,0.0,0.0,0.0,1.0
888.0,ENSMFAG00000044023,TMED8,ENSG00000100580,TMED8,283578.0,0,1,0.0,0.0,0.0,0.0,0.0,0.0,0.0,0.0,0.0,0.0,0.0,0.0,0.0,0.0,0.0,0.0,0.0,0.0,0.0,0.0,1.0
889.0,ENSMFAG00000044046,CREM,ENSG00000095794,CREM,1390.0,0,1,0.0,0.0,0.0,0.0,0.0,0.0,0.0,0.0,0.0,0.0,0.0,0.0,0.0,0.0,0.0,0.0,0.0,0.0,0.0,0.0,1.0
890.0,ENSMFAG00000044066,CDC42BPB,ENSG00000198752,CDC42BPB,9578.0,0,1,0.0,0.0,0.0,0.0,0.0,0.0,0.0,0.0,0.0,0.0,0.0,0.0,0.0,1.0,0.0,0.0,0.0,0.0,0.0,0.0,1.0
891.0,ENSMFAG00000044069,ENSMFAG00000044069,ENSG00000112531,QKI,9444.0,1,0,0.0,1.0,0.0,0.0,0.0,0.0,0.0,0.0,0.0,0.0,0.0,0.0,0.0,0.0,0.0,0.0,0.0,0.0,0.0,0.0,1.0
892.0,ENSMFAG00000044081,ANKRD63,ENSG00000230778,ANKRD63,100131244.0,0,1,0.0,0.0,0.0,0.0,0.0,0.0,0.0,0.0,0.0,0.0,0.0,0.0,0.0,0.0,0.0,0.0,0.0,0.0,0.0,0.0,1.0
893.0,ENSMFAG00000044089,EEPD1,ENSG00000122547,EEPD1,80820.0,1,0,0.0,0.0,0.0,0.0,0.0,0.0,0.0,0.0,0.0,0.0,0.0,0.0,0.0,0.0,0.0,0.0,0.0,0.0,0.0,0.0,1.0
894.0,ENSMFAG00000044093,ZDHHC13,ENSG00000177054,ZDHHC13,54503.0,1,0,0.0,0.0,0.0,0.0,0.0,0.0,0.0,0.0,0.0,0.0,0.0,0.0,0.0,0.0,0.0,0.0,0.0,0.0,0.0,0.0,1.0
895.0,ENSMFAG00000044096,CLIP3,ENSG00000105270,CLIP3,25999.0,0,1,0.0,0.0,0.0,0.0,0.0,0.0,1.0,1.0,0.0,0.0,0.0,0.0,0.0,1.0,0.0,0.0,0.0,0.0,0.0,0.0,1.0
896.0,ENSMFAG00000044106,PHKA2,ENSG00000044446,PHKA2,5256.0,1,0,0.0,0.0,0.0,0.0,0.0,0.0,0.0,0.0,0.0,0.0,0.0,0.0,0.0,0.0,0.0,0.0,0.0,0.0,0.0,0.0,1.0
897.0,ENSMFAG00000044119,CLIP4,ENSG00000115295,CLIP4,79745.0,1,0,0.0,0.0,0.0,0.0,0.0,0.0,0.0,0.0,0.0,0.0,0.0,0.0,0.0,0.0,0.0,0.0,0.0,0.0,0.0,0.0,1.0
898.0,ENSMFAG00000044152,SLC49A3,ENSG00000169026,SLC49A3,84179.0,0,1,0.0,0.0,0.0,0.0,0.0,0.0,0.0,0.0,0.0,0.0,0.0,0.0,0.0,0.0,0.0,0.0,0.0,0.0,0.0,0.0,1.0
899.0,ENSMFAG00000044241,MED29,ENSG00000063322,MED29,55588.0,0,1,0.0,0.0,0.0,0.0,0.0,0.0,0.0,0.0,0.0,0.0,0.0,0.0,0.0,0.0,0.0,0.0,0.0,0.0,0.0,0.0,1.0
900.0,ENSMFAG00000044282,TCF15,ENSG00000125878,TCF15,6939.0,0,1,0.0,0.0,0.0,0.0,1.0,0.0,0.0,0.0,0.0,0.0,0.0,0.0,0.0,0.0,0.0,0.0,0.0,0.0,0.0,0.0,1.0
901.0,ENSMFAG00000044289,NAV3,ENSG00000067798,NAV3,89795.0,0,1,0.0,0.0,1.0,0.0,0.0,0.0,0.0,0.0,0.0,0.0,0.0,0.0,0.0,1.0,0.0,0.0,0.0,0.0,0.0,0.0,1.0
902.0,ENSMFAG00000044299,SLC44A1,ENSG00000070214,SLC44A1,23446.0,1,0,0.0,0.0,0.0,0.0,0.0,0.0,0.0,0.0,0.0,0.0,0.0,0.0,0.0,0.0,0.0,0.0,0.0,0.0,0.0,0.0,1.0
903.0,ENSMFAG00000044300,NDRG1,ENSG00000104419,NDRG1,10397.0,1,0,0.0,1.0,0.0,0.0,0.0,0.0,0.0,0.0,0.0,0.0,0.0,0.0,0.0,0.0,0.0,0.0,1.0,0.0,0.0,0.0,1.0
904.0,ENSMFAG00000044337,PLPP2,ENSG00000141934,PLPP2,8612.0,1,0,0.0,0.0,0.0,0.0,0.0,0.0,0.0,0.0,0.0,0.0,0.0,0.0,0.0,0.0,0.0,0.0,0.0,0.0,0.0,1.0,1.0
905.0,ENSMFAG00000044342,LHX6,ENSG00000106852,LHX6,26468.0,0,1,0.0,0.0,0.0,0.0,0.0,0.0,0.0,0.0,0.0,0.0,1.0,0.0,0.0,0.0,0.0,0.0,0.0,0.0,0.0,0.0,1.0
906.0,ENSMFAG00000044344,ZNF232,ENSG00000167840,ZNF232,7775.0,1,0,0.0,0.0,0.0,0.0,0.0,0.0,0.0,0.0,0.0,0.0,0.0,0.0,0.0,0.0,0.0,0.0,0.0,0.0,0.0,0.0,1.0
907.0,ENSMFAG00000044357,VPS8,ENSG00000156931,VPS8,23355.0,1,0,0.0,0.0,0.0,0.0,0.0,0.0,0.0,0.0,0.0,0.0,0.0,0.0,0.0,0.0,0.0,0.0,0.0,0.0,0.0,0.0,1.0
908.0,ENSMFAG00000044389,CYP2E1,ENSG00000130649,CYP2E1,1571.0,0,1,0.0,0.0,0.0,0.0,0.0,0.0,0.0,0.0,0.0,0.0,0.0,0.0,0.0,0.0,0.0,0.0,0.0,0.0,0.0,0.0,1.0
909.0,ENSMFAG00000044399,SLC25A35,ENSG00000125434,SLC25A35,399512.0,1,0,0.0,0.0,0.0,0.0,0.0,0.0,0.0,0.0,0.0,0.0,0.0,0.0,0.0,0.0,0.0,0.0,0.0,0.0,0.0,0.0,1.0
910.0,ENSMFAG00000044411,DRAM2,ENSG00000156171,DRAM2,128338.0,1,0,0.0,0.0,0.0,0.0,0.0,0.0,0.0,0.0,0.0,0.0,0.0,0.0,0.0,0.0,0.0,1.0,0.0,0.0,0.0,0.0,1.0
911.0,ENSMFAG00000044454,LY6E,,,,0,1,,,,,,,,,,,,,,,,,,,,,
912.0,ENSMFAG00000044501,BCR,ENSG00000186716,BCR,613.0,0,1,1.0,0.0,1.0,0.0,0.0,0.0,0.0,0.0,0.0,0.0,0.0,0.0,0.0,0.0,0.0,0.0,0.0,0.0,0.0,0.0,1.0
913.0,ENSMFAG00000044571,RIPK4,ENSG00000183421,RIPK4,54101.0,1,0,0.0,0.0,0.0,0.0,0.0,0.0,0.0,0.0,0.0,0.0,0.0,0.0,0.0,0.0,0.0,0.0,0.0,0.0,0.0,0.0,1.0
914.0,ENSMFAG00000044581,TMEM132A,ENSG00000006118,TMEM132A,54972.0,0,1,0.0,0.0,0.0,0.0,0.0,0.0,0.0,0.0,0.0,0.0,0.0,0.0,0.0,0.0,0.0,0.0,0.0,0.0,0.0,0.0,1.0
915.0,ENSMFAG00000044603,HSPBP1,ENSG00000133265,HSPBP1,23640.0,0,1,0.0,0.0,0.0,0.0,0.0,0.0,0.0,0.0,0.0,0.0,0.0,0.0,0.0,0.0,0.0,0.0,0.0,0.0,0.0,0.0,1.0
916.0,ENSMFAG00000044609,RXRA,ENSG00000186350,RXRA,6256.0,0,1,0.0,0.0,0.0,0.0,0.0,0.0,0.0,0.0,0.0,0.0,0.0,0.0,0.0,0.0,0.0,0.0,0.0,0.0,0.0,0.0,1.0
917.0,ENSMFAG00000044622,FOLH1,ENSG00000086205,FOLH1,2346.0,1,0,0.0,0.0,0.0,0.0,0.0,0.0,0.0,0.0,0.0,0.0,0.0,0.0,0.0,0.0,0.0,0.0,0.0,0.0,0.0,0.0,1.0
918.0,ENSMFAG00000044689,HS6ST1,ENSG00000136720,HS6ST1,9394.0,0,1,0.0,0.0,0.0,0.0,0.0,0.0,0.0,0.0,0.0,0.0,0.0,0.0,0.0,0.0,0.0,0.0,0.0,0.0,0.0,0.0,1.0
919.0,ENSMFAG00000044702,SOCS7,ENSG00000274211,SOCS7,30837.0,0,1,0.0,0.0,0.0,0.0,0.0,0.0,0.0,0.0,0.0,0.0,0.0,1.0,0.0,0.0,0.0,0.0,0.0,0.0,0.0,0.0,1.0
920.0,ENSMFAG00000044728,PMP2,ENSG00000147588,PMP2,5375.0,1,0,0.0,0.0,0.0,0.0,0.0,0.0,0.0,0.0,0.0,0.0,0.0,0.0,0.0,0.0,0.0,0.0,0.0,0.0,0.0,0.0,1.0
921.0,ENSMFAG00000044752,ENSMFAG00000044752,,,,1,0,,,,,,,,,,,,,,,,,,,,,
922.0,ENSMFAG00000044809,WNT7A,ENSG00000154764,WNT7A,7476.0,0,1,1.0,0.0,1.0,1.0,0.0,0.0,0.0,1.0,1.0,0.0,1.0,1.0,0.0,1.0,1.0,0.0,0.0,0.0,0.0,0.0,1.0
923.0,ENSMFAG00000044843,SLC4A5,ENSG00000188687,SLC4A5,57835.0,1,0,0.0,0.0,0.0,0.0,0.0,0.0,0.0,0.0,1.0,0.0,0.0,0.0,0.0,0.0,0.0,0.0,0.0,0.0,1.0,0.0,1.0
924.0,ENSMFAG00000044849,BUB3,ENSG00000154473,BUB3,9184.0,1,0,0.0,0.0,0.0,0.0,0.0,0.0,0.0,0.0,0.0,0.0,0.0,0.0,0.0,0.0,0.0,0.0,0.0,0.0,0.0,0.0,1.0
925.0,ENSMFAG00000044895,BEGAIN,ENSG00000183092,BEGAIN,57596.0,0,1,1.0,0.0,0.0,0.0,0.0,0.0,0.0,0.0,1.0,0.0,0.0,0.0,0.0,0.0,0.0,0.0,0.0,0.0,0.0,0.0,1.0
926.0,ENSMFAG00000044904,TMEM200C,ENSG00000206432,TMEM200C,645369.0,0,1,0.0,0.0,0.0,0.0,0.0,0.0,0.0,0.0,0.0,0.0,0.0,0.0,0.0,0.0,0.0,0.0,0.0,0.0,0.0,0.0,1.0
927.0,ENSMFAG00000044960,PDE2A,ENSG00000186642,PDE2A,5138.0,0,1,0.0,0.0,0.0,0.0,0.0,0.0,0.0,0.0,1.0,1.0,0.0,0.0,0.0,0.0,0.0,0.0,0.0,0.0,0.0,0.0,1.0
928.0,ENSMFAG00000044973,HSD11B1L,ENSG00000167733,HSD11B1L,374875.0,0,1,0.0,0.0,0.0,0.0,0.0,0.0,0.0,0.0,0.0,0.0,0.0,0.0,0.0,0.0,0.0,0.0,0.0,0.0,0.0,0.0,1.0
929.0,ENSMFAG00000044982,RPS6KA1,ENSG00000117676,RPS6KA1,6195.0,1,0,0.0,0.0,0.0,0.0,0.0,0.0,0.0,0.0,0.0,0.0,0.0,1.0,0.0,0.0,0.0,0.0,0.0,0.0,0.0,0.0,1.0
930.0,ENSMFAG00000044989,SEPTIN10,ENSG00000186522,SEPTIN10,151011.0,1,0,0.0,0.0,0.0,0.0,0.0,0.0,0.0,0.0,0.0,0.0,0.0,0.0,0.0,0.0,0.0,0.0,0.0,0.0,0.0,0.0,1.0
931.0,ENSMFAG00000045033,SLIT1,ENSG00000187122,SLIT1,6585.0,0,1,0.0,0.0,1.0,1.0,0.0,0.0,0.0,0.0,0.0,0.0,1.0,1.0,0.0,0.0,0.0,0.0,0.0,0.0,0.0,0.0,1.0
932.0,ENSMFAG00000045048,RAB15,ENSG00000139998,RAB15,376267.0,0,1,0.0,0.0,0.0,0.0,0.0,0.0,0.0,1.0,0.0,0.0,0.0,0.0,0.0,0.0,0.0,0.0,0.0,0.0,0.0,0.0,1.0
933.0,ENSMFAG00000045049,ALOX15,ENSG00000161905,ALOX15,246.0,0,1,0.0,0.0,1.0,0.0,0.0,0.0,0.0,1.0,0.0,0.0,0.0,0.0,0.0,1.0,0.0,0.0,0.0,0.0,0.0,0.0,1.0
934.0,ENSMFAG00000045077,ADRA1B,ENSG00000170214,ADRA1B,147.0,0,1,0.0,0.0,0.0,0.0,0.0,0.0,1.0,0.0,1.0,0.0,0.0,0.0,1.0,1.0,0.0,0.0,0.0,0.0,0.0,0.0,1.0
935.0,ENSMFAG00000045110,KCNH3,ENSG00000135519,KCNH3,23416.0,0,1,1.0,0.0,0.0,0.0,0.0,0.0,1.0,0.0,1.0,0.0,0.0,0.0,0.0,0.0,0.0,0.0,0.0,0.0,0.0,0.0,1.0
936.0,ENSMFAG00000045125,WDYHV1,ENSG00000156795,WDYHV1,55093.0,1,0,0.0,0.0,0.0,0.0,0.0,0.0,0.0,0.0,0.0,0.0,0.0,0.0,0.0,0.0,0.0,0.0,0.0,0.0,0.0,0.0,1.0
937.0,ENSMFAG00000045129,RCBTB1,ENSG00000136144,RCBTB1,55213.0,1,0,0.0,0.0,0.0,0.0,0.0,0.0,0.0,0.0,0.0,0.0,0.0,0.0,0.0,0.0,0.0,0.0,0.0,0.0,0.0,0.0,1.0
938.0,ENSMFAG00000045155,ABHD3,ENSG00000158201,ABHD3,171586.0,1,0,0.0,0.0,0.0,0.0,0.0,0.0,0.0,0.0,0.0,0.0,0.0,0.0,0.0,0.0,0.0,0.0,0.0,0.0,0.0,0.0,1.0
939.0,ENSMFAG00000045225,SRPX2,ENSG00000102359,SRPX2,27286.0,0,1,0.0,0.0,1.0,0.0,1.0,0.0,0.0,0.0,0.0,0.0,0.0,0.0,0.0,0.0,0.0,0.0,0.0,0.0,0.0,0.0,1.0
940.0,ENSMFAG00000045265,ZSWIM9,ENSG00000185453,ZSWIM9,374920.0,0,1,0.0,0.0,0.0,0.0,0.0,0.0,0.0,0.0,0.0,0.0,0.0,0.0,0.0,0.0,0.0,0.0,0.0,0.0,0.0,0.0,1.0
941.0,ENSMFAG00000045267,SP1,ENSG00000185591,SP1,6667.0,1,0,0.0,0.0,0.0,0.0,0.0,0.0,0.0,0.0,0.0,0.0,0.0,0.0,0.0,0.0,0.0,0.0,0.0,0.0,0.0,0.0,1.0
942.0,ENSMFAG00000045281,RASGRP3,ENSG00000152689,RASGRP3,25780.0,1,0,0.0,0.0,0.0,0.0,0.0,0.0,0.0,0.0,0.0,0.0,0.0,0.0,0.0,0.0,0.0,0.0,0.0,0.0,0.0,0.0,1.0
943.0,ENSMFAG00000045288,CEP85,ENSG00000130695,CEP85,64793.0,1,0,0.0,0.0,0.0,0.0,0.0,0.0,0.0,0.0,0.0,0.0,0.0,0.0,0.0,0.0,0.0,0.0,0.0,0.0,0.0,0.0,1.0
944.0,ENSMFAG00000045320,INTS1,ENSG00000164880,INTS1,26173.0,0,1,0.0,0.0,0.0,0.0,0.0,0.0,0.0,0.0,0.0,0.0,0.0,0.0,0.0,0.0,0.0,0.0,0.0,0.0,0.0,0.0,1.0
945.0,ENSMFAG00000045366,TYR,ENSG00000077498,TYR,7299.0,0,1,0.0,0.0,0.0,0.0,0.0,0.0,0.0,0.0,0.0,0.0,0.0,0.0,0.0,0.0,0.0,0.0,0.0,0.0,0.0,0.0,1.0
946.0,ENSMFAG00000045375,CRTC1,ENSG00000105662,CRTC1,23373.0,0,1,1.0,0.0,0.0,0.0,1.0,0.0,0.0,0.0,0.0,0.0,0.0,0.0,0.0,0.0,0.0,0.0,0.0,0.0,0.0,0.0,1.0
947.0,ENSMFAG00000045432,BVES,ENSG00000112276,BVES,11149.0,1,0,0.0,0.0,0.0,0.0,0.0,0.0,0.0,0.0,1.0,0.0,0.0,0.0,0.0,0.0,0.0,0.0,0.0,0.0,0.0,0.0,1.0
948.0,ENSMFAG00000045464,RTKN,ENSG00000114993,RTKN,6242.0,1,0,0.0,0.0,0.0,0.0,0.0,0.0,0.0,0.0,0.0,0.0,0.0,0.0,0.0,0.0,0.0,0.0,0.0,0.0,0.0,0.0,1.0
949.0,ENSMFAG00000045477,TMEM59L,ENSG00000105696,TMEM59L,25789.0,0,1,0.0,0.0,0.0,0.0,0.0,0.0,0.0,0.0,0.0,0.0,0.0,0.0,0.0,0.0,0.0,0.0,0.0,0.0,0.0,0.0,1.0
950.0,ENSMFAG00000045528,GNB1L,ENSG00000185838,GNB1L,54584.0,0,1,0.0,0.0,0.0,0.0,0.0,0.0,0.0,0.0,0.0,0.0,0.0,0.0,0.0,0.0,0.0,0.0,0.0,0.0,0.0,0.0,1.0
951.0,ENSMFAG00000045545,C3orf38,ENSG00000179021,C3orf38,285237.0,1,0,0.0,0.0,0.0,0.0,0.0,0.0,0.0,0.0,0.0,0.0,0.0,0.0,0.0,0.0,0.0,0.0,0.0,0.0,0.0,0.0,1.0
952.0,ENSMFAG00000045552,AMZ1,ENSG00000174945,AMZ1,155185.0,0,1,0.0,0.0,0.0,0.0,0.0,0.0,0.0,0.0,0.0,0.0,0.0,0.0,0.0,0.0,0.0,0.0,0.0,0.0,0.0,0.0,1.0
953.0,ENSMFAG00000045566,NKX6-2,ENSG00000148826,NKX6-2,84504.0,1,0,0.0,1.0,1.0,0.0,0.0,0.0,0.0,0.0,0.0,0.0,0.0,0.0,0.0,0.0,0.0,0.0,0.0,0.0,0.0,0.0,1.0
954.0,ENSMFAG00000045618,ANLN,ENSG00000011426,ANLN,54443.0,1,0,0.0,0.0,0.0,0.0,0.0,0.0,0.0,0.0,0.0,0.0,0.0,0.0,0.0,0.0,0.0,0.0,0.0,0.0,0.0,0.0,1.0
955.0,ENSMFAG00000045638,TMC7,ENSG00000170537,TMC7,79905.0,1,0,0.0,0.0,0.0,0.0,0.0,0.0,0.0,0.0,0.0,0.0,0.0,0.0,0.0,0.0,0.0,0.0,0.0,0.0,0.0,0.0,1.0
956.0,ENSMFAG00000045679,PMP22,ENSG00000109099,PMP22,5376.0,1,0,0.0,1.0,0.0,0.0,0.0,0.0,0.0,0.0,0.0,0.0,0.0,0.0,0.0,0.0,0.0,0.0,1.0,0.0,0.0,0.0,1.0
957.0,ENSMFAG00000045716,DHRS11,ENSG00000278535,DHRS11,79154.0,0,1,0.0,0.0,0.0,0.0,0.0,0.0,0.0,0.0,0.0,0.0,0.0,0.0,0.0,0.0,0.0,0.0,0.0,0.0,0.0,0.0,1.0
958.0,ENSMFAG00000045726,ZFPM2,ENSG00000169946,ZFPM2,23414.0,1,0,0.0,0.0,0.0,0.0,0.0,0.0,0.0,0.0,0.0,0.0,0.0,1.0,0.0,0.0,0.0,0.0,0.0,0.0,0.0,0.0,1.0
959.0,ENSMFAG00000045738,TBC1D25,ENSG00000068354,TBC1D25,4943.0,0,1,0.0,0.0,0.0,0.0,0.0,0.0,0.0,0.0,0.0,0.0,0.0,0.0,0.0,0.0,0.0,0.0,0.0,0.0,0.0,0.0,1.0
960.0,ENSMFAG00000045740,NUDT5,ENSG00000165609,NUDT5,11164.0,1,0,0.0,0.0,0.0,0.0,0.0,0.0,0.0,0.0,0.0,0.0,0.0,0.0,0.0,0.0,0.0,0.0,0.0,0.0,0.0,0.0,1.0
961.0,ENSMFAG00000045759,CASS4,ENSG00000087589,CASS4,57091.0,0,1,0.0,0.0,0.0,1.0,0.0,0.0,0.0,0.0,0.0,0.0,0.0,0.0,0.0,1.0,0.0,0.0,0.0,0.0,0.0,0.0,1.0
962.0,ENSMFAG00000045762,WDR76,ENSG00000092470,WDR76,79968.0,1,0,0.0,0.0,0.0,0.0,0.0,0.0,0.0,0.0,0.0,0.0,0.0,0.0,0.0,0.0,0.0,0.0,0.0,0.0,0.0,0.0,1.0
963.0,ENSMFAG00000045774,ENSMFAG00000045774,ENSG00000277972,CISD3,284106.0,0,1,0.0,0.0,0.0,0.0,0.0,0.0,0.0,0.0,0.0,0.0,0.0,0.0,0.0,0.0,0.0,0.0,0.0,0.0,0.0,0.0,1.0
964.0,ENSMFAG00000045790,MAFK,ENSG00000198517,MAFK,7975.0,0,1,0.0,0.0,0.0,0.0,0.0,0.0,0.0,0.0,0.0,0.0,0.0,0.0,0.0,0.0,0.0,0.0,0.0,0.0,0.0,0.0,1.0
965.0,ENSMFAG00000045853,ANXA5,ENSG00000164111,ANXA5,308.0,1,0,0.0,0.0,0.0,0.0,0.0,0.0,0.0,0.0,0.0,0.0,0.0,0.0,0.0,0.0,0.0,0.0,0.0,0.0,0.0,0.0,1.0
966.0,ENSMFAG00000045877,ENSMFAG00000045877,ENSG00000004455,AK2,204.0,1,0,0.0,0.0,0.0,0.0,0.0,0.0,0.0,0.0,0.0,0.0,0.0,0.0,0.0,0.0,0.0,0.0,0.0,0.0,0.0,0.0,1.0
967.0,ENSMFAG00000045888,GRM2,ENSG00000164082,GRM2,2912.0,0,1,1.0,0.0,0.0,0.0,0.0,0.0,0.0,0.0,0.0,0.0,0.0,0.0,1.0,0.0,0.0,0.0,0.0,1.0,0.0,0.0,1.0
968.0,ENSMFAG00000045911,TRIM59,ENSG00000213186,TRIM59,286827.0,1,0,0.0,0.0,0.0,0.0,0.0,0.0,0.0,0.0,0.0,0.0,0.0,0.0,0.0,0.0,0.0,0.0,0.0,0.0,0.0,0.0,1.0
,,,ENSG00000248710,AC079594.2,100174949.0,1,0,0.0,0.0,0.0,0.0,0.0,0.0,0.0,0.0,0.0,0.0,0.0,0.0,0.0,0.0,0.0,0.0,0.0,0.0,0.0,0.0,1.0
969.0,ENSMFAG00000045944,ERMN,ENSG00000136541,ERMN,57471.0,1,0,0.0,0.0,0.0,0.0,0.0,0.0,0.0,0.0,0.0,0.0,0.0,0.0,0.0,0.0,0.0,0.0,0.0,0.0,0.0,0.0,1.0
970.0,ENSMFAG00000045957,BHMT2,ENSG00000132840,BHMT2,23743.0,0,1,0.0,0.0,0.0,0.0,0.0,0.0,0.0,0.0,0.0,0.0,0.0,0.0,0.0,0.0,0.0,0.0,0.0,0.0,0.0,0.0,1.0
971.0,ENSMFAG00000045990,ASIC4,ENSG00000072182,ASIC4,55515.0,0,1,0.0,0.0,0.0,0.0,1.0,0.0,1.0,0.0,0.0,0.0,0.0,0.0,0.0,0.0,0.0,0.0,0.0,0.0,0.0,0.0,1.0
972.0,ENSMFAG00000045996,NECTIN1,ENSG00000110400,NECTIN1,5818.0,0,1,0.0,0.0,1.0,1.0,0.0,0.0,0.0,0.0,0.0,0.0,0.0,0.0,0.0,0.0,0.0,0.0,0.0,0.0,0.0,0.0,1.0
973.0,ENSMFAG00000046087,GMIP,ENSG00000089639,GMIP,51291.0,0,1,0.0,0.0,0.0,0.0,0.0,0.0,0.0,0.0,0.0,0.0,0.0,0.0,0.0,0.0,0.0,0.0,0.0,0.0,0.0,0.0,1.0
974.0,ENSMFAG00000046118,PIGA,ENSG00000165195,PIGA,5277.0,1,0,0.0,0.0,0.0,0.0,0.0,0.0,0.0,0.0,0.0,0.0,0.0,0.0,0.0,0.0,0.0,0.0,0.0,0.0,0.0,1.0,1.0
975.0,ENSMFAG00000046148,FBXL4,ENSG00000112234,FBXL4,26235.0,1,0,0.0,0.0,0.0,0.0,0.0,0.0,0.0,0.0,0.0,0.0,0.0,0.0,0.0,0.0,0.0,0.0,0.0,0.0,0.0,0.0,1.0
976.0,ENSMFAG00000046161,AKNA,ENSG00000106948,AKNA,80709.0,1,0,0.0,0.0,0.0,0.0,0.0,0.0,0.0,0.0,0.0,0.0,0.0,0.0,0.0,0.0,0.0,0.0,0.0,0.0,0.0,0.0,1.0
977.0,ENSMFAG00000046181,TRIM8,ENSG00000171206,TRIM8,81603.0,0,1,0.0,0.0,0.0,0.0,0.0,0.0,0.0,0.0,0.0,0.0,0.0,0.0,0.0,0.0,0.0,0.0,0.0,0.0,0.0,0.0,1.0
978.0,ENSMFAG00000046214,SEMA6D,ENSG00000137872,SEMA6D,80031.0,1,0,0.0,0.0,1.0,0.0,0.0,0.0,0.0,0.0,0.0,0.0,0.0,1.0,0.0,0.0,0.0,0.0,0.0,0.0,0.0,0.0,1.0
979.0,ENSMFAG00000046219,KCNK17,ENSG00000124780,KCNK17,89822.0,1,0,0.0,0.0,0.0,0.0,0.0,0.0,0.0,0.0,0.0,0.0,0.0,0.0,0.0,0.0,0.0,0.0,0.0,0.0,0.0,0.0,1.0
980.0,ENSMFAG00000046287,ACP6,ENSG00000162836,ACP6,51205.0,1,0,0.0,0.0,0.0,0.0,0.0,0.0,0.0,0.0,0.0,0.0,0.0,0.0,0.0,0.0,0.0,0.0,0.0,0.0,0.0,0.0,1.0
981.0,ENSMFAG00000046305,KIAA1549,ENSG00000122778,KIAA1549,57670.0,0,1,0.0,0.0,0.0,0.0,0.0,0.0,0.0,0.0,0.0,0.0,0.0,0.0,0.0,0.0,0.0,0.0,0.0,0.0,0.0,0.0,1.0
982.0,ENSMFAG00000046310,EPN1,ENSG00000063245,EPN1,29924.0,0,1,0.0,0.0,0.0,0.0,0.0,0.0,0.0,0.0,0.0,0.0,0.0,0.0,0.0,0.0,0.0,0.0,0.0,0.0,0.0,0.0,1.0
983.0,ENSMFAG00000046322,PCDH10,ENSG00000138650,PCDH10,57575.0,0,1,0.0,0.0,0.0,0.0,0.0,0.0,0.0,0.0,0.0,0.0,0.0,0.0,0.0,0.0,0.0,0.0,0.0,0.0,0.0,0.0,1.0
984.0,ENSMFAG00000046340,MGST2,ENSG00000085871,MGST2,4258.0,1,0,0.0,0.0,0.0,0.0,0.0,0.0,0.0,0.0,0.0,0.0,0.0,0.0,0.0,0.0,0.0,0.0,0.0,0.0,0.0,1.0,1.0
985.0,ENSMFAG00000046396,PGGT1B,ENSG00000164219,PGGT1B,5229.0,1,0,0.0,0.0,0.0,0.0,0.0,0.0,0.0,0.0,0.0,0.0,0.0,0.0,0.0,0.0,0.0,0.0,0.0,0.0,0.0,0.0,1.0
986.0,ENSMFAG00000046398,MNT,ENSG00000070444,MNT,4335.0,0,1,0.0,0.0,0.0,0.0,0.0,0.0,0.0,0.0,0.0,0.0,0.0,0.0,0.0,0.0,0.0,0.0,0.0,0.0,0.0,0.0,1.0
987.0,ENSMFAG00000046401,ABCA8,ENSG00000141338,ABCA8,10351.0,1,0,0.0,0.0,0.0,0.0,0.0,0.0,0.0,0.0,0.0,0.0,0.0,0.0,0.0,0.0,0.0,0.0,0.0,0.0,0.0,1.0,1.0
988.0,ENSMFAG00000046469,ENSMFAG00000046469,,,,1,0,,,,,,,,,,,,,,,,,,,,,
989.0,ENSMFAG00000046518,ENSMFAG00000046518,,,,0,1,,,,,,,,,,,,,,,,,,,,,
990.0,ENSMFAG00000046541,ENSMFAG00000046541,,,,1,0,,,,,,,,,,,,,,,,,,,,,
991.0,ENSMFAG00000046546,ENSMFAG00000046546,,,,0,1,,,,,,,,,,,,,,,,,,,,,
992.0,ENSMFAG00000046574,ENSMFAG00000046574,,,,0,1,,,,,,,,,,,,,,,,,,,,,
993.0,ENSMFAG00000046579,ENSMFAG00000046579,,,,0,1,,,,,,,,,,,,,,,,,,,,,
994.0,ENSMFAG00000046626,ENSMFAG00000046626,,,,1,0,,,,,,,,,,,,,,,,,,,,,
995.0,ENSMFAG00000046645,ENSMFAG00000046645,,,,1,0,,,,,,,,,,,,,,,,,,,,,
996.0,ENSMFAG00000046675,ENSMFAG00000046675,,,,0,1,,,,,,,,,,,,,,,,,,,,,
997.0,ENSMFAG00000046678,ENSMFAG00000046678,,,,0,1,,,,,,,,,,,,,,,,,,,,,
998.0,ENSMFAG00000046790,ENSMFAG00000046790,,,,0,1,,,,,,,,,,,,,,,,,,,,,
999.0,ENSMFAG00000046807,ENSMFAG00000046807,,,,0,1,,,,,,,,,,,,,,,,,,,,,
1000.0,ENSMFAG00000046850,ENSMFAG00000046850,,,,0,1,,,,,,,,,,,,,,,,,,,,,
1001.0,ENSMFAG00000047035,ENSMFAG00000047035,,,,0,1,,,,,,,,,,,,,,,,,,,,,
1002.0,ENSMFAG00000047041,ENSMFAG00000047041,,,,0,1,,,,,,,,,,,,,,,,,,,,,
1003.0,ENSMFAG00000047060,ENSMFAG00000047060,,,,0,1,,,,,,,,,,,,,,,,,,,,,
1004.0,ENSMFAG00000047098,ENSMFAG00000047098,,,,0,1,,,,,,,,,,,,,,,,,,,,,
1005.0,ENSMFAG00000047144,ENSMFAG00000047144,,,,1,0,,,,,,,,,,,,,,,,,,,,,
